Method,D,V,M,L,HT
Nmcs,-0.2126458368456906,0.02872049710727459,-0.41966797488351304,0.27830443158718193,38.66723411354468
Nmcs,0.06815595247404818,0.1354245301582054,-0.34396696156719286,0.2544398667054035,59.36680900467267
Nmcs,0.14516773136378106,0.1135062239652949,-0.03720204926898638,0.47068877574366075,30.719771493897674
Nmcs,-0.0795036355727918,0.148323606739335,-0.3274830616202575,0.39815834409762974,49.3213024906171
Nmcs,-0.5673179141783041,0.06360461183883429,-0.31314758747817084,0.4754171901582706,33.61035149757748
Nmcs,-0.3785817350878177,0.05062526683851963,-0.15425743354192942,0.4337763903296337,36.06438940855135
Nmcs,-0.22829281386516942,0.32952852034293434,-0.2681220449866245,1.595549490667232,110.02711039814054
Nmcs,0.31551667241595793,0.37565942922414053,-0.09435190109963223,1.7724998286206761,99.36784029629106
Nmcs,0.05089377126577114,0.12957360792718686,-0.30329093242487454,2.0916769978534457,83.13657748741417
Nmcs,-0.20671745656677024,0.14513044531585959,-0.1610262063094285,0.24173443310084147,52.34982897704322
Nmcs,0.18838793681810623,0.09134634958167852,-0.025767011323529772,0.44409723936986206,32.602869400667714
Nmcs,0.1716503579098597,0.04533800323043273,-0.03781178860396209,0.41527511964793146,34.35405692218141
Nmcs,-0.23226517896083093,0.13436167555227696,-0.06988738214374061,0.5238689256954696,40.80199613010632
Nmcs,-0.26184425390330773,0.24907062698780366,-0.3545024088085581,0.5384789567638436,69.40202493594293
Nmcs,-0.25606652191388474,0.06977576753069145,-0.2556026598309007,0.20140438708193562,47.86473989294237
Nmcs,-0.07998081606673607,0.22861206833594405,0.02928460859046395,0.6171092669999232,67.61755859172959
Nmcs,-0.14433320857438325,0.21505981123039,0.014492333873446098,0.47827565988840587,50.33940866256165
Nmcs,-0.5673179141783041,0.06360461183883429,-0.31314758747817084,0.4754171901582706,33.61035149757748
Nmcs,-0.6203778742103009,0.19151097683750826,-0.1510551083381828,0.5262098234366716,44.79669800327833
Nmcs,-0.0795036355727918,0.148323606739335,-0.3274830616202575,0.39815834409762974,49.3213024906171
Nmcs,-0.45201053293323645,0.0666228398644609,-0.09734455186236236,0.2632740477608424,53.32061676481096
Nmcs,-0.4909652265119492,0.08639491774882313,-0.21799218353362784,0.48610186854076215,37.57633707888624
Nmcs,0.1970029669794103,0.08987105546472222,-0.032616121074738234,0.42692891085850715,33.70522071914134
Nmcs,0.48126301730337107,0.5227549946497769,-0.16979603033643095,3.9845879209895783,169.8546051232922
Nmcs,0.11283769711572018,0.01998716806331684,-0.08535369701955949,0.34626112160017053,37.49623622297527
Nmcs,-0.3878608732726786,0.08866904368240998,-0.36139595148521547,0.4929080826056856,30.897294646692547
Nmcs,-0.25606652191388474,0.06977576753069145,-0.2556026598309007,0.20140438708193562,47.86473989294237
Nmcs,-0.15720520380578548,0.30963620217601695,0.004123166619826261,1.081241052320009,92.46437329952622
Nmcs,-0.5673179141783041,0.06360461183883429,-0.31314758747817084,0.4754171901582706,33.61035149757748
Nmcs,-0.046977521168011425,0.0431724961287768,-0.38241715101468854,0.2656588175802211,40.97586250561429
Nmcs,-0.4075737272201585,0.06304576061381659,-0.17526014045691557,0.4350987811932418,34.41669878347848
Nmcs,0.0577959106620536,0.1229173958743098,-0.2086834278979853,0.2766148864274257,52.12432863833637
Nmcs,-0.11516069732281047,0.059627987384706926,-0.18946418830951708,0.4239031681012726,32.21260759447294
Nmcs,-0.3878608732726786,0.08866904368240998,-0.36139595148521547,0.4929080826056856,30.897294646692547
Nmcs,-0.327963979338823,0.05676677878481615,-0.1426990237416066,0.3803177271590669,38.66291084551821
Nmcs,-0.25606652191388474,0.06977576753069145,-0.2556026598309007,0.20140438708193562,47.86473989294237
Nmcs,-0.13562454921349362,0.0915576426650511,-0.3969743323440293,0.28790966221409464,38.79194907269016
Nmcs,-0.2126458368456906,0.02872049710727459,-0.41966797488351304,0.27830443158718193,38.66723411354468
Nmcs,-0.6203778742103009,0.19151097683750826,-0.1510551083381828,0.5262098234366716,44.79669800327833
Nmcs,0.05089377126577114,0.12957360792718686,-0.30329093242487454,2.0916769978534457,83.13657748741417
Nmcs,-0.3108549219046657,0.26576782268882093,-0.2676879005472344,0.7773371236079157,76.05014207570036
Nmcs,-0.22681905188425255,0.05021540117606492,-0.3896944377737401,0.3154535385254052,35.83398138727203
Nmcs,0.5014185140587264,0.49254729303525185,-0.17262782539639251,2.748384534286566,124.63473735133586
Nmcs,-0.14433320857438325,0.21505981123039,0.014492333873446098,0.47827565988840587,50.33940866256165
Nmcs,-0.25606652191388474,0.06977576753069145,-0.2556026598309007,0.20140438708193562,47.86473989294237
Nmcs,-0.3919967922111547,0.04448448647177714,-0.24866620019756241,0.3681325979640823,41.822181861026245
Nmcs,-0.21806504929036663,0.21633284032730246,0.012814309901631783,0.4671067487603053,56.11051597789884
Nmcs,-0.08108386737876977,0.18021021662168527,-0.17436028957169847,0.30518336245556127,51.316456256303056
Nmcs,-0.21806504929036663,0.21633284032730246,0.012814309901631783,0.4671067487603053,56.11051597789884
Nmcs,-0.27457574708363475,0.07290770974109036,-0.2246250675683533,0.20917558588700985,48.56808237574444
Nmcs,-0.13562454921349362,0.0915576426650511,-0.3969743323440293,0.28790966221409464,38.79194907269016
Nmcs,-0.3878608732726786,0.08866904368240998,-0.36139595148521547,0.4929080826056856,30.897294646692547
Nmcs,-0.449235613314651,0.07015993150347868,-0.09220558534697053,0.24313506607110527,52.75246882025704
Nmcs,-0.22681905188425255,0.05021540117606492,-0.3896944377737401,0.3154535385254052,35.83398138727203
Nmcs,-0.08108386737876977,0.18021021662168527,-0.17436028957169847,0.30518336245556127,51.316456256303056
Nmcs,-0.4909652265119492,0.08639491774882313,-0.21799218353362784,0.48610186854076215,37.57633707888624
Nmcs,-0.4809430371005197,0.06034890955091121,-0.2363668068198365,0.47674290658624074,40.357399690478914
Nmcs,0.12662148262610146,0.04099643599256726,-0.1999333713334501,0.40904946997315517,35.11841009134368
Nmcs,-0.08198689105270571,0.2669383492302736,-0.008723588520468532,0.6309419275193399,68.30169412335854
Nmcs,-0.4909652265119492,0.08639491774882313,-0.21799218353362784,0.48610186854076215,37.57633707888624
Nmcs,-0.3878608732726786,0.08866904368240998,-0.36139595148521547,0.4929080826056856,30.897294646692547
Nmcs,-0.5081481047741429,0.10274839390005763,-0.18322037795187843,0.4833864485400778,30.716527443510394
Nmcs,0.48126301730337107,0.5227549946497769,-0.16979603033643095,3.9845879209895783,169.8546051232922
Nmcs,-0.07998081606673607,0.22861206833594405,0.02928460859046395,0.6171092669999232,67.61755859172959
Nmcs,0.25542531569780613,0.2021203986248971,-0.1954537878650708,8.50040155963359,25.74735524915115
Nmcs,0.11283769711572018,0.01998716806331684,-0.08535369701955949,0.34626112160017053,37.49623622297527
Nmcs,-0.449235613314651,0.07015993150347868,-0.09220558534697053,0.24313506607110527,52.75246882025704
Nmcs,-0.5673179141783041,0.06360461183883429,-0.31314758747817084,0.4754171901582706,33.61035149757748
Nmcs,-0.6203778742103009,0.19151097683750826,-0.1510551083381828,0.5262098234366716,44.79669800327833
Nmcs,-0.2505579121223366,0.08070731787838775,-0.39764972019074535,0.21936403355186757,49.14745366882508
Nmcs,-0.1519488549651196,0.13048253776073387,-0.3933686670455718,0.4938240692424824,66.75159183313342
Nmcs,-0.3878608732726786,0.08866904368240998,-0.36139595148521547,0.4929080826056856,30.897294646692547
Nmcs,-0.27457574708363475,0.07290770974109036,-0.2246250675683533,0.20917558588700985,48.56808237574444
Nmcs,0.1614170169271194,0.1269451914883625,-0.03519312188716158,0.47125618367220234,32.47119753241413
Nmcs,-0.3785817350878177,0.05062526683851963,-0.15425743354192942,0.4337763903296337,36.06438940855135
Nmcs,-0.046977521168011425,0.0431724961287768,-0.38241715101468854,0.2656588175802211,40.97586250561429
Nmcs,-0.3785817350878177,0.05062526683851963,-0.15425743354192942,0.4337763903296337,36.06438940855135
Nmcs,-0.3785817350878177,0.05062526683851963,-0.15425743354192942,0.4337763903296337,36.06438940855135
Nmcs,0.14516773136378106,0.1135062239652949,-0.03720204926898638,0.47068877574366075,30.719771493897674
Nmcs,-0.4909652265119492,0.08639491774882313,-0.21799218353362784,0.48610186854076215,37.57633707888624
Nmcs,0.18838793681810623,0.09134634958167852,-0.025767011323529772,0.44409723936986206,32.602869400667714
Nmcs,-0.046977521168011425,0.0431724961287768,-0.38241715101468854,0.2656588175802211,40.97586250561429
Nmcs,-0.0795036355727918,0.148323606739335,-0.3274830616202575,0.39815834409762974,49.3213024906171
Nmcs,-0.08108386737876977,0.18021021662168527,-0.17436028957169847,0.30518336245556127,51.316456256303056
Nmcs,-0.6203778742103009,0.19151097683750826,-0.1510551083381828,0.5262098234366716,44.79669800327833
Nmcs,-0.20962770258044813,0.3683155766187486,-0.26119782426647464,4.151001891037394,175.85028985099407
Nmcs,-0.43876225900084187,0.21725917158723224,-0.07564067843760444,0.5499655712583392,43.38307033710393
Nmcs,-0.44501869574985226,0.04753954866218334,-0.3481528032554951,0.2822898621055931,42.07108506793972
Nmcs,-0.22829281386516942,0.32952852034293434,-0.2681220449866245,1.595549490667232,110.02711039814054
Nmcs,-0.046977521168011425,0.0431724961287768,-0.38241715101468854,0.2656588175802211,40.97586250561429
Nmcs,0.3432176936778789,0.37565942922414053,-0.09446200489018276,1.6627479828673737,94.62872810245423
Nmcs,-0.14504060684279318,0.15140123193188462,-0.2670725228465392,0.2392846458199763,56.31996708674093
Nmcs,0.32094419739951574,0.42225029741171777,-0.2688240347816112,1.7962088378688548,103.66450155116328
Nmcs,-0.06431182349625714,0.2827698112176368,-0.11770422434041503,1.071101139258415,89.41680871134484
Nmcs,-0.6203778742103009,0.19151097683750826,-0.1510551083381828,0.5262098234366716,44.79669800327833
Nmcs,-0.3878608732726786,0.08866904368240998,-0.36139595148521547,0.4929080826056856,30.897294646692547
Nmcs,-0.3785817350878177,0.05062526683851963,-0.15425743354192942,0.4337763903296337,36.06438940855135
Nmcs,-0.44501869574985226,0.04753954866218334,-0.3481528032554951,0.2822898621055931,42.07108506793972
Nmcs,-0.08108386737876977,0.18021021662168527,-0.17436028957169847,0.30518336245556127,51.316456256303056
Nmcs,-0.32205162779766805,0.2806215642211598,-0.2765436948502283,1.5215779018331828,104.34473595745445
Nmcs,0.0577959106620536,0.1229173958743098,-0.2086834278979853,0.2766148864274257,52.12432863833637
Nmcs,0.3432176936778789,0.37565942922414053,-0.09446200489018276,1.6627479828673737,94.62872810245423
Nmcs,0.11283769711572018,0.01998716806331684,-0.08535369701955949,0.34626112160017053,37.49623622297527
Nmcs,-0.14433320857438325,0.21505981123039,0.014492333873446098,0.47827565988840587,50.33940866256165
Nmcs,-0.23226517896083093,0.13436167555227696,-0.06988738214374061,0.5238689256954696,40.80199613010632
Nmcs,-0.3108549219046657,0.26576782268882093,-0.2676879005472344,0.7773371236079157,76.05014207570036
Nmcs,-0.4909652265119492,0.08639491774882313,-0.21799218353362784,0.48610186854076215,37.57633707888624
Nmcs,-0.3878608732726786,0.08866904368240998,-0.36139595148521547,0.4929080826056856,30.897294646692547
Nmcs,-0.4809430371005197,0.06034890955091121,-0.2363668068198365,0.47674290658624074,40.357399690478914
Nmcs,-0.3919967922111547,0.04448448647177714,-0.24866620019756241,0.3681325979640823,41.822181861026245
Nmcs,-0.5673179141783041,0.06360461183883429,-0.31314758747817084,0.4754171901582706,33.61035149757748
Nmcs,-0.26184425390330773,0.24907062698780366,-0.3545024088085581,0.5384789567638436,69.40202493594293
Nmcs,-0.08198689105270571,0.2669383492302736,-0.008723588520468532,0.6309419275193399,68.30169412335854
Nmcs,0.14516773136378106,0.1135062239652949,-0.03720204926898638,0.47068877574366075,30.719771493897674
Nmcs,-0.3785817350878177,0.05062526683851963,-0.15425743354192942,0.4337763903296337,36.06438940855135
Nmcs,-0.5673179141783041,0.06360461183883429,-0.31314758747817084,0.4754171901582706,33.61035149757748
Nmcs,-0.11516069732281047,0.059627987384706926,-0.18946418830951708,0.4239031681012726,32.21260759447294
Nmcs,-0.6203778742103009,0.19151097683750826,-0.1510551083381828,0.5262098234366716,44.79669800327833
Nmcs,0.11283769711572018,0.01998716806331684,-0.08535369701955949,0.34626112160017053,37.49623622297527
Nmcs,-0.19332195137884045,0.05429035819725343,-0.11436712381873647,0.4177373859589805,33.32534199474601
Nmcs,0.11283769711572018,0.01998716806331684,-0.08535369701955949,0.34626112160017053,37.49623622297527
Nmcs,-0.21806504929036663,0.21633284032730246,0.012814309901631783,0.4671067487603053,56.11051597789884
Nmcs,-0.20962770258044813,0.3683155766187486,-0.26119782426647464,4.151001891037394,175.85028985099407
Nmcs,0.05475737950178613,0.1616746903213797,-0.1420419131850791,0.4527742587330489,48.0867330600926
Nmcs,-0.22681905188425255,0.05021540117606492,-0.3896944377737401,0.3154535385254052,35.83398138727203
Nmcs,0.11283769711572018,0.01998716806331684,-0.08535369701955949,0.34626112160017053,37.49623622297527
Nmcs,-0.4909652265119492,0.08639491774882313,-0.21799218353362784,0.48610186854076215,37.57633707888624
Nmcs,-0.51301730317601,0.08639491774882313,-0.2792734067429159,0.48560908752238735,37.942111933736044
Nmcs,-0.1519488549651196,0.13048253776073387,-0.3933686670455718,0.4938240692424824,66.75159183313342
Nmcs,-0.2126458368456906,0.02872049710727459,-0.41966797488351304,0.27830443158718193,38.66723411354468
Nmcs,-0.13149575202774363,0.07245565247533918,-0.13568615343057744,0.3745077320907932,45.67713958658716
Nmcs,-0.14433320857438325,0.21505981123039,0.014492333873446098,0.47827565988840587,50.33940866256165
Nmcs,-0.0795036355727918,0.148323606739335,-0.3274830616202575,0.39815834409762974,49.3213024906171
Nmcs,-0.44501869574985226,0.04753954866218334,-0.3481528032554951,0.2822898621055931,42.07108506793972
Nmcs,-0.0795036355727918,0.148323606739335,-0.3274830616202575,0.39815834409762974,49.3213024906171
Nmcs,-0.327963979338823,0.05676677878481615,-0.1426990237416066,0.3803177271590669,38.66291084551821
Nmcs,-0.27457574708363475,0.07290770974109036,-0.2246250675683533,0.20917558588700985,48.56808237574444
Nmcs,-0.046977521168011425,0.0431724961287768,-0.38241715101468854,0.2656588175802211,40.97586250561429
Nmcs,0.05475737950178613,0.1616746903213797,-0.1420419131850791,0.4527742587330489,48.0867330600926
Nmcs,-0.44501869574985226,0.04753954866218334,-0.3481528032554951,0.2822898621055931,42.07108506793972
Nmcs,-0.45201053293323645,0.0666228398644609,-0.09734455186236236,0.2632740477608424,53.32061676481096
Nmcs,0.6225489430907869,0.3142445374477704,-0.19980711041759755,78.73742576673736,3013.0859875221463
Nmcs,-0.45201053293323645,0.0666228398644609,-0.09734455186236236,0.2632740477608424,53.32061676481096
Nmcs,-0.25606652191388474,0.06977576753069145,-0.2556026598309007,0.20140438708193562,47.86473989294237
Nmcs,-0.37363217821769334,0.20219755088040223,-0.2767069167923471,0.30190307109392095,61.245651478158365
Nmcs,-0.3878608732726786,0.08866904368240998,-0.36139595148521547,0.4929080826056856,30.897294646692547
Nmcs,-0.25606652191388474,0.06977576753069145,-0.2556026598309007,0.20140438708193562,47.86473989294237
Nmcs,-0.13149575202774363,0.07245565247533918,-0.13568615343057744,0.3745077320907932,45.67713958658716
Nmcs,-0.07998081606673607,0.22861206833594405,0.02928460859046395,0.6171092669999232,67.61755859172959
Nmcs,-0.37363217821769334,0.20219755088040223,-0.2767069167923471,0.30190307109392095,61.245651478158365
Nmcs,-0.08035612781760705,0.17227979041778416,-0.35965956146063377,1.4680802952221046,89.97116364710014
Nmcs,-0.6203778742103009,0.19151097683750826,-0.1510551083381828,0.5262098234366716,44.79669800327833
Nmcs,-0.3785817350878177,0.05062526683851963,-0.15425743354192942,0.4337763903296337,36.06438940855135
Nmcs,-0.6203778742103009,0.19151097683750826,-0.1510551083381828,0.5262098234366716,44.79669800327833
Nmcs,0.32094419739951574,0.42225029741171777,-0.2688240347816112,1.7962088378688548,103.66450155116328
Nmcs,-0.6203778742103009,0.19151097683750826,-0.1510551083381828,0.5262098234366716,44.79669800327833
Nmcs,0.1716503579098597,0.04533800323043273,-0.03781178860396209,0.41527511964793146,34.35405692218141
Nmcs,-0.046977521168011425,0.0431724961287768,-0.38241715101468854,0.2656588175802211,40.97586250561429
Nmcs,-0.3785817350878177,0.05062526683851963,-0.15425743354192942,0.4337763903296337,36.06438940855135
Nmcs,-0.449235613314651,0.07015993150347868,-0.09220558534697053,0.24313506607110527,52.75246882025704
Nmcs,-0.45201053293323645,0.0666228398644609,-0.09734455186236236,0.2632740477608424,53.32061676481096
Nmcs,-0.37363217821769334,0.20219755088040223,-0.2767069167923471,0.30190307109392095,61.245651478158365
Nmcs,-0.0850958708455487,0.06800880322516008,-0.2615640762680841,0.4251250849355911,31.932370120941094
Nmcs,-0.28210626235311065,0.03421628372230619,-0.39528998607002425,0.3079078863764628,36.680000175657966
Nmcs,-0.046977521168011425,0.0431724961287768,-0.38241715101468854,0.2656588175802211,40.97586250561429
Nmcs,-0.2126458368456906,0.02872049710727459,-0.41966797488351304,0.27830443158718193,38.66723411354468
Nmcs,-0.43876225900084187,0.21725917158723224,-0.07564067843760444,0.5499655712583392,43.38307033710393
Nmcs,0.1716503579098597,0.04533800323043273,-0.03781178860396209,0.41527511964793146,34.35405692218141
Nmcs,0.1970029669794103,0.08987105546472222,-0.032616121074738234,0.42692891085850715,33.70522071914134
Nmcs,-0.3919967922111547,0.04448448647177714,-0.24866620019756241,0.3681325979640823,41.822181861026245
Nmcs,-0.19332195137884045,0.05429035819725343,-0.11436712381873647,0.4177373859589805,33.32534199474601
Nmcs,-0.0850958708455487,0.06800880322516008,-0.2615640762680841,0.4251250849355911,31.932370120941094
Nmcs,-0.3108549219046657,0.26576782268882093,-0.2676879005472344,0.7773371236079157,76.05014207570036
Nmcs,0.09500380307274506,0.13834945405898177,-0.35501532667158436,1.446105477665666,70.48704835510843
Nmcs,-0.21979473642070535,0.04344365663833182,-0.12287205647412744,0.38609460210111307,37.50995958432797
Nmcs,-0.6203778742103009,0.19151097683750826,-0.1510551083381828,0.5262098234366716,44.79669800327833
Nmcs,-0.2126458368456906,0.02872049710727459,-0.41966797488351304,0.27830443158718193,38.66723411354468
Nmcs,0.18838793681810623,0.09134634958167852,-0.025767011323529772,0.44409723936986206,32.602869400667714
Nmcs,-0.37363217821769334,0.20219755088040223,-0.2767069167923471,0.30190307109392095,61.245651478158365
Nmcs,0.1716503579098597,0.04533800323043273,-0.03781178860396209,0.41527511964793146,34.35405692218141
Nmcs,-0.13562454921349362,0.0915576426650511,-0.3969743323440293,0.28790966221409464,38.79194907269016
Nmcs,-0.45201053293323645,0.0666228398644609,-0.09734455186236236,0.2632740477608424,53.32061676481096
Nmcs,-0.3785817350878177,0.05062526683851963,-0.15425743354192942,0.4337763903296337,36.06438940855135
Nmcs,0.11283769711572018,0.01998716806331684,-0.08535369701955949,0.34626112160017053,37.49623622297527
Nmcs,-0.43876225900084187,0.21725917158723224,-0.07564067843760444,0.5499655712583392,43.38307033710393
Nmcs,-0.3539127374050642,0.03283471616882881,-0.3582136947676472,0.27185600140297667,43.99843899582504
Nmcs,-0.09574368365607072,0.058976125345212904,-0.09056554206183566,0.42072441657414866,31.483285606525676
Nmcs,0.11624329370475305,0.04405508140017452,-0.2221276444789801,0.38024376353762035,35.28205293502728
Nmcs,-0.11516069732281047,0.059627987384706926,-0.18946418830951708,0.4239031681012726,32.21260759447294
Nmcs,-0.3878608732726786,0.08866904368240998,-0.36139595148521547,0.4929080826056856,30.897294646692547
Nmcs,-0.11516069732281047,0.059627987384706926,-0.18946418830951708,0.4239031681012726,32.21260759447294
Nmcs,0.3994846816150053,0.4473681188843992,-0.2587166538724672,2.5986397853982677,137.56378345863524
Nmcs,0.05475737950178613,0.1616746903213797,-0.1420419131850791,0.4527742587330489,48.0867330600926
Nmcs,-0.4909652265119492,0.08639491774882313,-0.21799218353362784,0.48610186854076215,37.57633707888624
Nmcs,-0.07461641697668019,0.06512347635702824,-0.13110250093014003,0.40627405160562574,41.93537642678184
Nmcs,-0.38132892931416834,0.09487579875200614,-0.17607804497827007,0.45906925221488704,33.19782854496545
Nmcs,-0.07998081606673607,0.22861206833594405,0.02928460859046395,0.6171092669999232,67.61755859172959
Nmcs,-0.3311848430191039,0.22993475923809575,-0.08142791845141628,0.5416835546380403,44.95394345920907
Nmcs,0.10797960032284852,0.02922060764636497,-0.0642391399726148,0.3741761627878478,36.48480933050539
Nmcs,0.1716503579098597,0.04533800323043273,-0.03781178860396209,0.41527511964793146,34.35405692218141
Nmcs,-0.07461641697668019,0.06512347635702824,-0.13110250093014003,0.40627405160562574,41.93537642678184
Nmcs,0.05475737950178613,0.1616746903213797,-0.1420419131850791,0.4527742587330489,48.0867330600926
Nmcs,-0.07998081606673607,0.22861206833594405,0.02928460859046395,0.6171092669999232,67.61755859172959
Nmcs,-0.27457574708363475,0.07290770974109036,-0.2246250675683533,0.20917558588700985,48.56808237574444
Nmcs,-0.3919967922111547,0.04448448647177714,-0.24866620019756241,0.3681325979640823,41.822181861026245
Nmcs,0.09500380307274506,0.13834945405898177,-0.35501532667158436,1.446105477665666,70.48704835510843
Nmcs,-0.046977521168011425,0.0431724961287768,-0.38241715101468854,0.2656588175802211,40.97586250561429
Nmcs,-0.3878608732726786,0.08866904368240998,-0.36139595148521547,0.4929080826056856,30.897294646692547
Nmcs,-0.6203778742103009,0.19151097683750826,-0.1510551083381828,0.5262098234366716,44.79669800327833
Nmcs,-0.4809430371005197,0.06034890955091121,-0.2363668068198365,0.47674290658624074,40.357399690478914
Nmcs,-0.25606652191388474,0.06977576753069145,-0.2556026598309007,0.20140438708193562,47.86473989294237
Nmcs,-0.25606652191388474,0.06977576753069145,-0.2556026598309007,0.20140438708193562,47.86473989294237
Nmcs,-0.44501869574985226,0.04753954866218334,-0.3481528032554951,0.2822898621055931,42.07108506793972
Nmcs,0.12662148262610146,0.04099643599256726,-0.1999333713334501,0.40904946997315517,35.11841009134368
Nmcs,0.1716503579098597,0.04533800323043273,-0.03781178860396209,0.41527511964793146,34.35405692218141
Nmcs,-0.22681905188425255,0.05021540117606492,-0.3896944377737401,0.3154535385254052,35.83398138727203
Nmcs,0.1716503579098597,0.04533800323043273,-0.03781178860396209,0.41527511964793146,34.35405692218141
Nmcs,0.11283769711572018,0.01998716806331684,-0.08535369701955949,0.34626112160017053,37.49623622297527
Nmcs,-0.14433320857438325,0.21505981123039,0.014492333873446098,0.47827565988840587,50.33940866256165
Nmcs,0.11283769711572018,0.01998716806331684,-0.08535369701955949,0.34626112160017053,37.49623622297527
Nmcs,-0.3878608732726786,0.08866904368240998,-0.36139595148521547,0.4929080826056856,30.897294646692547
Nmcs,-0.38132892931416834,0.09487579875200614,-0.17607804497827007,0.45906925221488704,33.19782854496545
Nmcs,0.1716503579098597,0.04533800323043273,-0.03781178860396209,0.41527511964793146,34.35405692218141
Nmcs,-0.0850958708455487,0.06800880322516008,-0.2615640762680841,0.4251250849355911,31.932370120941094
Nmcs,-0.3108549219046657,0.26576782268882093,-0.2676879005472344,0.7773371236079157,76.05014207570036
Nmcs,-0.25606652191388474,0.06977576753069145,-0.2556026598309007,0.20140438708193562,47.86473989294237
Nmcs,-0.22681905188425255,0.05021540117606492,-0.3896944377737401,0.3154535385254052,35.83398138727203
Nmcs,-0.0795036355727918,0.148323606739335,-0.3274830616202575,0.39815834409762974,49.3213024906171
Nmcs,-0.3919967922111547,0.04448448647177714,-0.24866620019756241,0.3681325979640823,41.822181861026245
Nmcs,0.14516773136378106,0.1135062239652949,-0.03720204926898638,0.47068877574366075,30.719771493897674
Nmcs,-0.37363217821769334,0.20219755088040223,-0.2767069167923471,0.30190307109392095,61.245651478158365
Nmcs,-0.13562454921349362,0.0915576426650511,-0.3969743323440293,0.28790966221409464,38.79194907269016
Nmcs,-0.6203778742103009,0.19151097683750826,-0.1510551083381828,0.5262098234366716,44.79669800327833
Nmcs,-0.4909652265119492,0.08639491774882313,-0.21799218353362784,0.48610186854076215,37.57633707888624
Nmcs,-0.4075737272201585,0.06304576061381659,-0.17526014045691557,0.4350987811932418,34.41669878347848
Nmcs,-0.19332195137884045,0.05429035819725343,-0.11436712381873647,0.4177373859589805,33.32534199474601
Nmcs,-0.13477567266945883,0.21583276432902432,-0.34417326183927366,0.46297529802020826,63.40864652546777
Nmcs,-0.22681905188425255,0.05021540117606492,-0.3896944377737401,0.3154535385254052,35.83398138727203
Nmcs,-0.0850958708455487,0.06800880322516008,-0.2615640762680841,0.4251250849355911,31.932370120941094
Nmcs,0.14516773136378106,0.1135062239652949,-0.03720204926898638,0.47068877574366075,30.719771493897674
Nmcs,0.12662148262610146,0.04099643599256726,-0.1999333713334501,0.40904946997315517,35.11841009134368
Nmcs,-0.22681905188425255,0.05021540117606492,-0.3896944377737401,0.3154535385254052,35.83398138727203
Nmcs,0.05089377126577114,0.12957360792718686,-0.30329093242487454,2.0916769978534457,83.13657748741417
Nmcs,0.1927092036635343,0.12866583926421682,-0.25828692011837817,3.3672085178061963,77.16130820192048
Nmcs,-0.27457574708363475,0.07290770974109036,-0.2246250675683533,0.20917558588700985,48.56808237574444
Nmcs,-0.44501869574985226,0.04753954866218334,-0.3481528032554951,0.2822898621055931,42.07108506793972
Nmcs,-0.22681905188425255,0.05021540117606492,-0.3896944377737401,0.3154535385254052,35.83398138727203
Nmcs,0.5014185140587264,0.49254729303525185,-0.17262782539639251,2.748384534286566,124.63473735133586
Nmcs,-0.19332195137884045,0.05429035819725343,-0.11436712381873647,0.4177373859589805,33.32534199474601
Nmcs,-0.08198689105270571,0.2669383492302736,-0.008723588520468532,0.6309419275193399,68.30169412335854
Nmcs,-0.3878608732726786,0.08866904368240998,-0.36139595148521547,0.4929080826056856,30.897294646692547
Nmcs,-0.13149575202774363,0.07245565247533918,-0.13568615343057744,0.3745077320907932,45.67713958658716
Nmcs,0.1614170169271194,0.1269451914883625,-0.03519312188716158,0.47125618367220234,32.47119753241413
Nmcs,0.14516773136378106,0.1135062239652949,-0.03720204926898638,0.47068877574366075,30.719771493897674
Nmcs,-0.14433320857438325,0.21505981123039,0.014492333873446098,0.47827565988840587,50.33940866256165
Nmcs,-0.25606652191388474,0.06977576753069145,-0.2556026598309007,0.20140438708193562,47.86473989294237
Nmcs,-0.19332195137884045,0.05429035819725343,-0.11436712381873647,0.4177373859589805,33.32534199474601
Nmcs,-0.22681905188425255,0.05021540117606492,-0.3896944377737401,0.3154535385254052,35.83398138727203
Nmcs,0.05475737950178613,0.1616746903213797,-0.1420419131850791,0.4527742587330489,48.0867330600926
Nmcs,-0.11516069732281047,0.059627987384706926,-0.18946418830951708,0.4239031681012726,32.21260759447294
Nmcs,-0.44501869574985226,0.04753954866218334,-0.3481528032554951,0.2822898621055931,42.07108506793972
Nmcs,-0.51301730317601,0.08639491774882313,-0.2792734067429159,0.48560908752238735,37.942111933736044
Nmcs,0.12662148262610146,0.04099643599256726,-0.1999333713334501,0.40904946997315517,35.11841009134368
Nmcs,-0.10653085360842958,0.045847198492641496,-0.11725630278242112,0.20576214018075456,56.442738570831914
Nmcs,-0.3108549219046657,0.26576782268882093,-0.2676879005472344,0.7773371236079157,76.05014207570036
Nmcs,0.12662148262610146,0.04099643599256726,-0.1999333713334501,0.40904946997315517,35.11841009134368
Nmcs,-0.15720520380578548,0.30963620217601695,0.004123166619826261,1.081241052320009,92.46437329952622
Nmcs,0.4923917376962669,0.5124280367457352,-0.23662421560109698,5.737470009026365,243.90876153478393
Nmcs,-0.3785817350878177,0.05062526683851963,-0.15425743354192942,0.4337763903296337,36.06438940855135
Nmcs,-0.4075737272201585,0.06304576061381659,-0.17526014045691557,0.4350987811932418,34.41669878347848
Nmcs,-0.43876225900084187,0.21725917158723224,-0.07564067843760444,0.5499655712583392,43.38307033710393
Nmcs,-0.4809430371005197,0.06034890955091121,-0.2363668068198365,0.47674290658624074,40.357399690478914
Nmcs,-0.6203778742103009,0.19151097683750826,-0.1510551083381828,0.5262098234366716,44.79669800327833
Nmcs,-0.07998081606673607,0.22861206833594405,0.02928460859046395,0.6171092669999232,67.61755859172959
Nmcs,-0.45201053293323645,0.0666228398644609,-0.09734455186236236,0.2632740477608424,53.32061676481096
Nmcs,-0.08035612781760705,0.17227979041778416,-0.35965956146063377,1.4680802952221046,89.97116364710014
Nmcs,0.14516773136378106,0.1135062239652949,-0.03720204926898638,0.47068877574366075,30.719771493897674
Nmcs,-0.3397496899249419,0.02967585766654477,-0.10086770266447809,0.21095156591730152,48.494957595088586
Nmcs,-0.28210626235311065,0.03421628372230619,-0.39528998607002425,0.3079078863764628,36.680000175657966
Nmcs,0.11283769711572018,0.01998716806331684,-0.08535369701955949,0.34626112160017053,37.49623622297527
Nmcs,-0.3878608732726786,0.08866904368240998,-0.36139595148521547,0.4929080826056856,30.897294646692547
Nmcs,-0.6203778742103009,0.19151097683750826,-0.1510551083381828,0.5262098234366716,44.79669800327833
Nmcs,-0.08108386737876977,0.18021021662168527,-0.17436028957169847,0.30518336245556127,51.316456256303056
Nmcs,0.11283769711572018,0.01998716806331684,-0.08535369701955949,0.34626112160017053,37.49623622297527
Nmcs,-0.3108549219046657,0.26576782268882093,-0.2676879005472344,0.7773371236079157,76.05014207570036
Nmcs,-0.4909652265119492,0.08639491774882313,-0.21799218353362784,0.48610186854076215,37.57633707888624
Nmcs,-0.11516069732281047,0.059627987384706926,-0.18946418830951708,0.4239031681012726,32.21260759447294
Nmcs,-0.13149575202774363,0.07245565247533918,-0.13568615343057744,0.3745077320907932,45.67713958658716
Nmcs,-0.25606652191388474,0.06977576753069145,-0.2556026598309007,0.20140438708193562,47.86473989294237
Nmcs,0.11283769711572018,0.01998716806331684,-0.08535369701955949,0.34626112160017053,37.49623622297527
Nmcs,-0.0850958708455487,0.06800880322516008,-0.2615640762680841,0.4251250849355911,31.932370120941094
Nmcs,-0.4809430371005197,0.06034890955091121,-0.2363668068198365,0.47674290658624074,40.357399690478914
Nmcs,-0.3785817350878177,0.05062526683851963,-0.15425743354192942,0.4337763903296337,36.06438940855135
Nmcs,-0.3919967922111547,0.04448448647177714,-0.24866620019756241,0.3681325979640823,41.822181861026245
Nmcs,0.09500380307274506,0.13834945405898177,-0.35501532667158436,1.446105477665666,70.48704835510843
Nmcs,0.06815595247404818,0.1354245301582054,-0.34396696156719286,0.2544398667054035,59.36680900467267
Nmcs,-0.28210626235311065,0.03421628372230619,-0.39528998607002425,0.3079078863764628,36.680000175657966
Nmcs,0.11283769711572018,0.01998716806331684,-0.08535369701955949,0.34626112160017053,37.49623622297527
Nmcs,0.11283769711572018,0.01998716806331684,-0.08535369701955949,0.34626112160017053,37.49623622297527
Nmcs,0.1614170169271194,0.1269451914883625,-0.03519312188716158,0.47125618367220234,32.47119753241413
Nmcs,-0.28210626235311065,0.03421628372230619,-0.39528998607002425,0.3079078863764628,36.680000175657966
Nmcs,-0.07461641697668019,0.06512347635702824,-0.13110250093014003,0.40627405160562574,41.93537642678184
Nmcs,-0.4909652265119492,0.08639491774882313,-0.21799218353362784,0.48610186854076215,37.57633707888624
Nmcs,-0.12902155759841036,0.11205736708645975,-0.23531001034754384,0.31165777237357617,52.70224984813444
Nmcs,-0.12902155759841036,0.11205736708645975,-0.23531001034754384,0.31165777237357617,52.70224984813444
Nmcs,0.0601339299748618,0.0776251466961306,-0.3461841733067636,0.2477008500274324,43.062633604367804
Nmcs,-0.07461641697668019,0.06512347635702824,-0.13110250093014003,0.40627405160562574,41.93537642678184
Nmcs,-0.09574368365607072,0.058976125345212904,-0.09056554206183566,0.42072441657414866,31.483285606525676
Nmcs,-0.046977521168011425,0.0431724961287768,-0.38241715101468854,0.2656588175802211,40.97586250561429
Nmcs,-0.6203778742103009,0.19151097683750826,-0.1510551083381828,0.5262098234366716,44.79669800327833
Nmcs,-0.08108386737876977,0.18021021662168527,-0.17436028957169847,0.30518336245556127,51.316456256303056
Nmcs,-0.14433320857438325,0.21505981123039,0.014492333873446098,0.47827565988840587,50.33940866256165
Nmcs,0.32094419739951574,0.42225029741171777,-0.2688240347816112,1.7962088378688548,103.66450155116328
Nmcs,-0.3397496899249419,0.02967585766654477,-0.10086770266447809,0.21095156591730152,48.494957595088586
Nmcs,-0.51301730317601,0.08639491774882313,-0.2792734067429159,0.48560908752238735,37.942111933736044
Nmcs,0.1614170169271194,0.1269451914883625,-0.03519312188716158,0.47125618367220234,32.47119753241413
Nmcs,-0.44501869574985226,0.04753954866218334,-0.3481528032554951,0.2822898621055931,42.07108506793972
Nmcs,-0.14433320857438325,0.21505981123039,0.014492333873446098,0.47827565988840587,50.33940866256165
Nmcs,0.2299618607297519,0.36829242944829393,-0.0958674061787256,1.798207696205812,107.53754208421911
Nmcs,0.5195873421332973,0.5229017128216166,-0.16594073654793667,5.50370332700261,228.4386784982243
Nmcs,0.3432176936778789,0.37565942922414053,-0.09446200489018276,1.6627479828673737,94.62872810245423
Nmcs,0.05089377126577114,0.12957360792718686,-0.30329093242487454,2.0916769978534457,83.13657748741417
Nmcs,0.1614170169271194,0.1269451914883625,-0.03519312188716158,0.47125618367220234,32.47119753241413
Nmcs,-0.27016165847487816,0.1821079096799541,-0.3122582263405579,0.2962341389343338,60.539711692559166
Nmcs,0.11283769711572018,0.01998716806331684,-0.08535369701955949,0.34626112160017053,37.49623622297527
Nmcs,-0.08108386737876977,0.18021021662168527,-0.17436028957169847,0.30518336245556127,51.316456256303056
Nmcs,-0.22829281386516942,0.32952852034293434,-0.2681220449866245,1.595549490667232,110.02711039814054
Nmcs,-0.13149575202774363,0.07245565247533918,-0.13568615343057744,0.3745077320907932,45.67713958658716
Nmcs,-0.26184425390330773,0.24907062698780366,-0.3545024088085581,0.5384789567638436,69.40202493594293
Nmcs,-0.2126458368456906,0.02872049710727459,-0.41966797488351304,0.27830443158718193,38.66723411354468
Nmcs,-0.046977521168011425,0.0431724961287768,-0.38241715101468854,0.2656588175802211,40.97586250561429
Nmcs,-0.046977521168011425,0.0431724961287768,-0.38241715101468854,0.2656588175802211,40.97586250561429
Nmcs,0.17213750452448912,0.14355590852654596,-0.2601210934477877,2.11594481100665,43.6540807244851
Nmcs,-0.4909652265119492,0.08639491774882313,-0.21799218353362784,0.48610186854076215,37.57633707888624
Nmcs,0.0577959106620536,0.1229173958743098,-0.2086834278979853,0.2766148864274257,52.12432863833637
Nmcs,0.11283769711572018,0.01998716806331684,-0.08535369701955949,0.34626112160017053,37.49623622297527
Nmcs,-0.3311848430191039,0.22993475923809575,-0.08142791845141628,0.5416835546380403,44.95394345920907
Nmcs,-0.45201053293323645,0.0666228398644609,-0.09734455186236236,0.2632740477608424,53.32061676481096
Nmcs,-0.4075737272201585,0.06304576061381659,-0.17526014045691557,0.4350987811932418,34.41669878347848
Nmcs,0.1927092036635343,0.12866583926421682,-0.25828692011837817,3.3672085178061963,77.16130820192048
Nmcs,0.05475737950178613,0.1616746903213797,-0.1420419131850791,0.4527742587330489,48.0867330600926
Nmcs,0.07098926303662634,0.00899568291950693,-0.10101070577056476,0.34234193583982286,38.41884816780863
Nmcs,-0.4809430371005197,0.06034890955091121,-0.2363668068198365,0.47674290658624074,40.357399690478914
Nmcs,0.06815595247404818,0.1354245301582054,-0.34396696156719286,0.2544398667054035,59.36680900467267
Nmcs,-0.13149575202774363,0.07245565247533918,-0.13568615343057744,0.3745077320907932,45.67713958658716
Nmcs,-0.10696663471198006,0.2849798761740643,-0.004153368420229613,0.7399430549373616,76.20268859196815
Nmcs,-0.44501869574985226,0.04753954866218334,-0.3481528032554951,0.2822898621055931,42.07108506793972
Nmcs,-0.08035612781760705,0.17227979041778416,-0.35965956146063377,1.4680802952221046,89.97116364710014
Nmcs,-0.45201053293323645,0.0666228398644609,-0.09734455186236236,0.2632740477608424,53.32061676481096
Nmcs,-0.3311848430191039,0.22993475923809575,-0.08142791845141628,0.5416835546380403,44.95394345920907
Nmcs,0.12662148262610146,0.04099643599256726,-0.1999333713334501,0.40904946997315517,35.11841009134368
Nmcs,-0.12902155759841036,0.11205736708645975,-0.23531001034754384,0.31165777237357617,52.70224984813444
Nmcs,-0.3878608732726786,0.08866904368240998,-0.36139595148521547,0.4929080826056856,30.897294646692547
Nmcs,-0.6203778742103009,0.19151097683750826,-0.1510551083381828,0.5262098234366716,44.79669800327833
Nmcs,-0.08108386737876977,0.18021021662168527,-0.17436028957169847,0.30518336245556127,51.316456256303056
Nmcs,0.0577959106620536,0.1229173958743098,-0.2086834278979853,0.2766148864274257,52.12432863833637
Nmcs,0.11624329370475305,0.04405508140017452,-0.2221276444789801,0.38024376353762035,35.28205293502728
Nmcs,-0.4809430371005197,0.06034890955091121,-0.2363668068198365,0.47674290658624074,40.357399690478914
Nmcs,-0.22681905188425255,0.05021540117606492,-0.3896944377737401,0.3154535385254052,35.83398138727203
Nmcs,-0.3785817350878177,0.05062526683851963,-0.15425743354192942,0.4337763903296337,36.06438940855135
Nmcs,0.12662148262610146,0.04099643599256726,-0.1999333713334501,0.40904946997315517,35.11841009134368
Nmcs,-0.06431182349625714,0.2827698112176368,-0.11770422434041503,1.071101139258415,89.41680871134484
Nmcs,-0.0795036355727918,0.148323606739335,-0.3274830616202575,0.39815834409762974,49.3213024906171
Nmcs,-0.32205162779766805,0.2806215642211598,-0.2765436948502283,1.5215779018331828,104.34473595745445
Nmcs,0.06815595247404818,0.1354245301582054,-0.34396696156719286,0.2544398667054035,59.36680900467267
Nmcs,-0.15720520380578548,0.30963620217601695,0.004123166619826261,1.081241052320009,92.46437329952622
Nmcs,-0.11516069732281047,0.059627987384706926,-0.18946418830951708,0.4239031681012726,32.21260759447294
Nmcs,-0.656950972329368,0.048891309351725074,-0.16959173759519838,0.4945203269770529,35.03613627668557
Nmcs,-0.21979473642070535,0.04344365663833182,-0.12287205647412744,0.38609460210111307,37.50995958432797
Nmcs,0.1716503579098597,0.04533800323043273,-0.03781178860396209,0.41527511964793146,34.35405692218141
Nmcs,-0.27457574708363475,0.07290770974109036,-0.2246250675683533,0.20917558588700985,48.56808237574444
Nmcs,-0.07461641697668019,0.06512347635702824,-0.13110250093014003,0.40627405160562574,41.93537642678184
Nmcs,0.1970029669794103,0.08987105546472222,-0.032616121074738234,0.42692891085850715,33.70522071914134
Nmcs,-0.45201053293323645,0.0666228398644609,-0.09734455186236236,0.2632740477608424,53.32061676481096
Nmcs,-0.3539127374050642,0.03283471616882881,-0.3582136947676472,0.27185600140297667,43.99843899582504
Nmcs,0.18838793681810623,0.09134634958167852,-0.025767011323529772,0.44409723936986206,32.602869400667714
Nmcs,-0.45201053293323645,0.0666228398644609,-0.09734455186236236,0.2632740477608424,53.32061676481096
Nmcs,-0.0795036355727918,0.148323606739335,-0.3274830616202575,0.39815834409762974,49.3213024906171
Nmcs,0.3432176936778789,0.37565942922414053,-0.09446200489018276,1.6627479828673737,94.62872810245423
Nmcs,-0.44501869574985226,0.04753954866218334,-0.3481528032554951,0.2822898621055931,42.07108506793972
Nmcs,0.14516773136378106,0.1135062239652949,-0.03720204926898638,0.47068877574366075,30.719771493897674
Nmcs,0.05089377126577114,0.12957360792718686,-0.30329093242487454,2.0916769978534457,83.13657748741417
Nmcs,-0.3397496899249419,0.02967585766654477,-0.10086770266447809,0.21095156591730152,48.494957595088586
Nmcs,-0.43185015383616077,0.04178239740014178,-0.12097094561664387,0.2722601082935047,43.40646206192963
Nmcs,-0.0795036355727918,0.148323606739335,-0.3274830616202575,0.39815834409762974,49.3213024906171
Nmcs,-0.15720520380578548,0.30963620217601695,0.004123166619826261,1.081241052320009,92.46437329952622
Nmcs,-0.6203778742103009,0.19151097683750826,-0.1510551083381828,0.5262098234366716,44.79669800327833
Nmcs,0.06815595247404818,0.1354245301582054,-0.34396696156719286,0.2544398667054035,59.36680900467267
Nmcs,-0.046977521168011425,0.0431724961287768,-0.38241715101468854,0.2656588175802211,40.97586250561429
Nmcs,-0.5081481047741429,0.10274839390005763,-0.18322037795187843,0.4833864485400778,30.716527443510394
Nmcs,-0.25606652191388474,0.06977576753069145,-0.2556026598309007,0.20140438708193562,47.86473989294237
Nmcs,0.1716503579098597,0.04533800323043273,-0.03781178860396209,0.41527511964793146,34.35405692218141
Nmcs,0.3432176936778789,0.37565942922414053,-0.09446200489018276,1.6627479828673737,94.62872810245423
Nmcs,-0.15720520380578548,0.30963620217601695,0.004123166619826261,1.081241052320009,92.46437329952622
Nmcs,-0.12902155759841036,0.11205736708645975,-0.23531001034754384,0.31165777237357617,52.70224984813444
Nmcs,-0.22681905188425255,0.05021540117606492,-0.3896944377737401,0.3154535385254052,35.83398138727203
Nmcs,0.06815595247404818,0.1354245301582054,-0.34396696156719286,0.2544398667054035,59.36680900467267
Nmcs,-0.4075737272201585,0.06304576061381659,-0.17526014045691557,0.4350987811932418,34.41669878347848
Nmcs,-0.0850958708455487,0.06800880322516008,-0.2615640762680841,0.4251250849355911,31.932370120941094
Nmcs,-0.07461641697668019,0.06512347635702824,-0.13110250093014003,0.40627405160562574,41.93537642678184
Nmcs,-0.4909652265119492,0.08639491774882313,-0.21799218353362784,0.48610186854076215,37.57633707888624
Nmcs,0.1716503579098597,0.04533800323043273,-0.03781178860396209,0.41527511964793146,34.35405692218141
Nmcs,-0.06889229434326197,0.1138441066507447,-0.2772165671375011,1.4214857288875087,90.28463746824089
Nmcs,-0.28210626235311065,0.03421628372230619,-0.39528998607002425,0.3079078863764628,36.680000175657966
Nmcs,-0.07461641697668019,0.06512347635702824,-0.13110250093014003,0.40627405160562574,41.93537642678184
Nmcs,0.05475737950178613,0.1616746903213797,-0.1420419131850791,0.4527742587330489,48.0867330600926
Nmcs,-0.14504060684279318,0.15140123193188462,-0.2670725228465392,0.2392846458199763,56.31996708674093
Nmcs,-0.08108386737876977,0.18021021662168527,-0.17436028957169847,0.30518336245556127,51.316456256303056
Nmcs,-0.3539127374050642,0.03283471616882881,-0.3582136947676472,0.27185600140297667,43.99843899582504
Nmcs,-0.37363217821769334,0.20219755088040223,-0.2767069167923471,0.30190307109392095,61.245651478158365
Nmcs,0.1927092036635343,0.12866583926421682,-0.25828692011837817,3.3672085178061963,77.16130820192048
Nmcs,0.18838793681810623,0.09134634958167852,-0.025767011323529772,0.44409723936986206,32.602869400667714
Nmcs,-0.10696663471198006,0.2849798761740643,-0.004153368420229613,0.7399430549373616,76.20268859196815
Nmcs,0.0601339299748618,0.0776251466961306,-0.3461841733067636,0.2477008500274324,43.062633604367804
Nmcs,-0.07461641697668019,0.06512347635702824,-0.13110250093014003,0.40627405160562574,41.93537642678184
Nmcs,0.1614170169271194,0.1269451914883625,-0.03519312188716158,0.47125618367220234,32.47119753241413
Nmcs,-0.19332195137884045,0.05429035819725343,-0.11436712381873647,0.4177373859589805,33.32534199474601
Nmcs,-0.6203778742103009,0.19151097683750826,-0.1510551083381828,0.5262098234366716,44.79669800327833
Nmcs,-0.3311848430191039,0.22993475923809575,-0.08142791845141628,0.5416835546380403,44.95394345920907
Nmcs,0.1614170169271194,0.1269451914883625,-0.03519312188716158,0.47125618367220234,32.47119753241413
Nmcs,-0.3878608732726786,0.08866904368240998,-0.36139595148521547,0.4929080826056856,30.897294646692547
Nmcs,-0.0795036355727918,0.148323606739335,-0.3274830616202575,0.39815834409762974,49.3213024906171
Nmcs,-0.12902155759841036,0.11205736708645975,-0.23531001034754384,0.31165777237357617,52.70224984813444
Nmcs,-0.22829281386516942,0.32952852034293434,-0.2681220449866245,1.595549490667232,110.02711039814054
Nmcs,0.11283769711572018,0.01998716806331684,-0.08535369701955949,0.34626112160017053,37.49623622297527
Nmcs,-0.3539127374050642,0.03283471616882881,-0.3582136947676472,0.27185600140297667,43.99843899582504
Nmcs,-0.2126458368456906,0.02872049710727459,-0.41966797488351304,0.27830443158718193,38.66723411354468
Nmcs,-0.22681905188425255,0.05021540117606492,-0.3896944377737401,0.3154535385254052,35.83398138727203
Nmcs,0.06815595247404818,0.1354245301582054,-0.34396696156719286,0.2544398667054035,59.36680900467267
Nmcs,-0.13149575202774363,0.07245565247533918,-0.13568615343057744,0.3745077320907932,45.67713958658716
Nmcs,-0.13477567266945883,0.21583276432902432,-0.34417326183927366,0.46297529802020826,63.40864652546777
Nmcs,0.05089377126577114,0.12957360792718686,-0.30329093242487454,2.0916769978534457,83.13657748741417
Nmcs,-0.0850958708455487,0.06800880322516008,-0.2615640762680841,0.4251250849355911,31.932370120941094
Nmcs,-0.44501869574985226,0.04753954866218334,-0.3481528032554951,0.2822898621055931,42.07108506793972
Nmcs,0.11283769711572018,0.01998716806331684,-0.08535369701955949,0.34626112160017053,37.49623622297527
Nmcs,-0.45201053293323645,0.0666228398644609,-0.09734455186236236,0.2632740477608424,53.32061676481096
Nmcs,0.1716503579098597,0.04533800323043273,-0.03781178860396209,0.41527511964793146,34.35405692218141
Nmcs,-0.45201053293323645,0.0666228398644609,-0.09734455186236236,0.2632740477608424,53.32061676481096
Nmcs,-0.6203778742103009,0.19151097683750826,-0.1510551083381828,0.5262098234366716,44.79669800327833
Nmcs,-0.3108549219046657,0.26576782268882093,-0.2676879005472344,0.7773371236079157,76.05014207570036
Nmcs,0.14516773136378106,0.1135062239652949,-0.03720204926898638,0.47068877574366075,30.719771493897674
Nmcs,-0.2126458368456906,0.02872049710727459,-0.41966797488351304,0.27830443158718193,38.66723411354468
Nmcs,0.06815595247404818,0.1354245301582054,-0.34396696156719286,0.2544398667054035,59.36680900467267
Nmcs,-0.4909652265119492,0.08639491774882313,-0.21799218353362784,0.48610186854076215,37.57633707888624
Nmcs,-0.22681905188425255,0.05021540117606492,-0.3896944377737401,0.3154535385254052,35.83398138727203
Nmcs,-0.44501869574985226,0.04753954866218334,-0.3481528032554951,0.2822898621055931,42.07108506793972
Nmcs,0.14516773136378106,0.1135062239652949,-0.03720204926898638,0.47068877574366075,30.719771493897674
Nmcs,0.1614170169271194,0.1269451914883625,-0.03519312188716158,0.47125618367220234,32.47119753241413
Nmcs,-0.09574368365607072,0.058976125345212904,-0.09056554206183566,0.42072441657414866,31.483285606525676
Nmcs,-0.43876225900084187,0.21725917158723224,-0.07564067843760444,0.5499655712583392,43.38307033710393
Nmcs,-0.0850958708455487,0.06800880322516008,-0.2615640762680841,0.4251250849355911,31.932370120941094
Nmcs,0.25542531569780613,0.2021203986248971,-0.1954537878650708,8.50040155963359,25.74735524915115
Nmcs,-0.07998081606673607,0.22861206833594405,0.02928460859046395,0.6171092669999232,67.61755859172959
Nmcs,0.17213750452448912,0.14355590852654596,-0.2601210934477877,2.11594481100665,43.6540807244851
Nmcs,-0.51301730317601,0.08639491774882313,-0.2792734067429159,0.48560908752238735,37.942111933736044
Nmcs,-0.11516069732281047,0.059627987384706926,-0.18946418830951708,0.4239031681012726,32.21260759447294
Nmcs,-0.25606652191388474,0.06977576753069145,-0.2556026598309007,0.20140438708193562,47.86473989294237
Nmcs,-0.449235613314651,0.07015993150347868,-0.09220558534697053,0.24313506607110527,52.75246882025704
Nmcs,0.1970029669794103,0.08987105546472222,-0.032616121074738234,0.42692891085850715,33.70522071914134
Nmcs,-0.13149575202774363,0.07245565247533918,-0.13568615343057744,0.3745077320907932,45.67713958658716
Nmcs,-0.5673179141783041,0.06360461183883429,-0.31314758747817084,0.4754171901582706,33.61035149757748
Nmcs,-0.13149575202774363,0.07245565247533918,-0.13568615343057744,0.3745077320907932,45.67713958658716
Nmcs,-0.10653085360842958,0.045847198492641496,-0.11725630278242112,0.20576214018075456,56.442738570831914
Nmcs,-0.3785817350878177,0.05062526683851963,-0.15425743354192942,0.4337763903296337,36.06438940855135
Nmcs,-0.6203778742103009,0.19151097683750826,-0.1510551083381828,0.5262098234366716,44.79669800327833
Nmcs,0.06815595247404818,0.1354245301582054,-0.34396696156719286,0.2544398667054035,59.36680900467267
Nmcs,-0.26184425390330773,0.24907062698780366,-0.3545024088085581,0.5384789567638436,69.40202493594293
Nmcs,0.06815595247404818,0.1354245301582054,-0.34396696156719286,0.2544398667054035,59.36680900467267
Nmcs,-0.4909652265119492,0.08639491774882313,-0.21799218353362784,0.48610186854076215,37.57633707888624
Nmcs,-0.37363217821769334,0.20219755088040223,-0.2767069167923471,0.30190307109392095,61.245651478158365
Nmcs,-0.08108386737876977,0.18021021662168527,-0.17436028957169847,0.30518336245556127,51.316456256303056
Nmcs,-0.4909652265119492,0.08639491774882313,-0.21799218353362784,0.48610186854076215,37.57633707888624
Nmcs,0.09500380307274506,0.13834945405898177,-0.35501532667158436,1.446105477665666,70.48704835510843
Nmcs,-0.0795036355727918,0.148323606739335,-0.3274830616202575,0.39815834409762974,49.3213024906171
Nmcs,-0.11516069732281047,0.059627987384706926,-0.18946418830951708,0.4239031681012726,32.21260759447294
Nmcs,-0.09453524220753243,0.13654063174489497,-0.15551614214666792,0.2901815228783602,53.31296383953618
Nmcs,0.5014185140587264,0.49254729303525185,-0.17262782539639251,2.748384534286566,124.63473735133586
Nmcs,0.05089377126577114,0.12957360792718686,-0.30329093242487454,2.0916769978534457,83.13657748741417
Nmcs,-0.08035612781760705,0.17227979041778416,-0.35965956146063377,1.4680802952221046,89.97116364710014
Nmcs,-0.45201053293323645,0.0666228398644609,-0.09734455186236236,0.2632740477608424,53.32061676481096
Nmcs,-0.20962770258044813,0.3683155766187486,-0.26119782426647464,4.151001891037394,175.85028985099407
Nmcs,-0.4909652265119492,0.08639491774882313,-0.21799218353362784,0.48610186854076215,37.57633707888624
Nmcs,0.14516773136378106,0.1135062239652949,-0.03720204926898638,0.47068877574366075,30.719771493897674
Nmcs,-0.5975200553043643,0.05065082571074273,-0.2006892340871647,0.4996326487791408,38.024024089058145
Nmcs,0.05475737950178613,0.1616746903213797,-0.1420419131850791,0.4527742587330489,48.0867330600926
Nmcs,-0.4809430371005197,0.06034890955091121,-0.2363668068198365,0.47674290658624074,40.357399690478914
Nmcs,-0.3878608732726786,0.08866904368240998,-0.36139595148521547,0.4929080826056856,30.897294646692547
Nmcs,-0.07461641697668019,0.06512347635702824,-0.13110250093014003,0.40627405160562574,41.93537642678184
Nmcs,-0.3785817350878177,0.05062526683851963,-0.15425743354192942,0.4337763903296337,36.06438940855135
Nmcs,-0.23226517896083093,0.13436167555227696,-0.06988738214374061,0.5238689256954696,40.80199613010632
Nmcs,-0.15720520380578548,0.30963620217601695,0.004123166619826261,1.081241052320009,92.46437329952622
Nmcs,-0.13562454921349362,0.0915576426650511,-0.3969743323440293,0.28790966221409464,38.79194907269016
Nmcs,0.1970029669794103,0.08987105546472222,-0.032616121074738234,0.42692891085850715,33.70522071914134
Nmcs,-0.6203778742103009,0.19151097683750826,-0.1510551083381828,0.5262098234366716,44.79669800327833
Nmcs,0.06815595247404818,0.1354245301582054,-0.34396696156719286,0.2544398667054035,59.36680900467267
Nmcs,-0.3785817350878177,0.05062526683851963,-0.15425743354192942,0.4337763903296337,36.06438940855135
Nmcs,-0.046977521168011425,0.0431724961287768,-0.38241715101468854,0.2656588175802211,40.97586250561429
Nmcs,-0.0795036355727918,0.148323606739335,-0.3274830616202575,0.39815834409762974,49.3213024906171
Nmcs,0.12662148262610146,0.04099643599256726,-0.1999333713334501,0.40904946997315517,35.11841009134368
Nmcs,0.05475737950178613,0.1616746903213797,-0.1420419131850791,0.4527742587330489,48.0867330600926
Nmcs,-0.15720520380578548,0.30963620217601695,0.004123166619826261,1.081241052320009,92.46437329952622
Nmcs,-0.046977521168011425,0.0431724961287768,-0.38241715101468854,0.2656588175802211,40.97586250561429
Nmcs,0.1970029669794103,0.08987105546472222,-0.032616121074738234,0.42692891085850715,33.70522071914134
Nmcs,-0.27016165847487816,0.1821079096799541,-0.3122582263405579,0.2962341389343338,60.539711692559166
Nmcs,0.11283769711572018,0.01998716806331684,-0.08535369701955949,0.34626112160017053,37.49623622297527
Nmcs,-0.19332195137884045,0.05429035819725343,-0.11436712381873647,0.4177373859589805,33.32534199474601
Nmcs,-0.08108386737876977,0.18021021662168527,-0.17436028957169847,0.30518336245556127,51.316456256303056
Nmcs,-0.14433320857438325,0.21505981123039,0.014492333873446098,0.47827565988840587,50.33940866256165
Nmcs,-0.046977521168011425,0.0431724961287768,-0.38241715101468854,0.2656588175802211,40.97586250561429
Nmcs,-0.3878608732726786,0.08866904368240998,-0.36139595148521547,0.4929080826056856,30.897294646692547
Nmcs,-0.07998081606673607,0.22861206833594405,0.02928460859046395,0.6171092669999232,67.61755859172959
Nmcs,-0.07998081606673607,0.22861206833594405,0.02928460859046395,0.6171092669999232,67.61755859172959
Nmcs,-0.22681905188425255,0.05021540117606492,-0.3896944377737401,0.3154535385254052,35.83398138727203
Nmcs,-0.6203778742103009,0.19151097683750826,-0.1510551083381828,0.5262098234366716,44.79669800327833
Nmcs,0.05089377126577114,0.12957360792718686,-0.30329093242487454,2.0916769978534457,83.13657748741417
Nmcs,0.1927092036635343,0.12866583926421682,-0.25828692011837817,3.3672085178061963,77.16130820192048
Nmcs,-0.11516069732281047,0.059627987384706926,-0.18946418830951708,0.4239031681012726,32.21260759447294
Nmcs,-0.046977521168011425,0.0431724961287768,-0.38241715101468854,0.2656588175802211,40.97586250561429
Nmcs,0.11283769711572018,0.01998716806331684,-0.08535369701955949,0.34626112160017053,37.49623622297527
Nmcs,0.11283769711572018,0.01998716806331684,-0.08535369701955949,0.34626112160017053,37.49623622297527
Nmcs,-0.13562454921349362,0.0915576426650511,-0.3969743323440293,0.28790966221409464,38.79194907269016
Nmcs,-0.15720520380578548,0.30963620217601695,0.004123166619826261,1.081241052320009,92.46437329952622
Nmcs,0.1927092036635343,0.12866583926421682,-0.25828692011837817,3.3672085178061963,77.16130820192048
Nmcs,-0.44501869574985226,0.04753954866218334,-0.3481528032554951,0.2822898621055931,42.07108506793972
Nmcs,0.14516773136378106,0.1135062239652949,-0.03720204926898638,0.47068877574366075,30.719771493897674
Nmcs,-0.5975200553043643,0.05065082571074273,-0.2006892340871647,0.4996326487791408,38.024024089058145
Nmcs,-0.22829281386516942,0.32952852034293434,-0.2681220449866245,1.595549490667232,110.02711039814054
Nmcs,0.14835620687308343,0.13064520625341078,-0.27169911627873133,2.0822787302530483,84.63320408323149
Nmcs,-0.44501869574985226,0.04753954866218334,-0.3481528032554951,0.2822898621055931,42.07108506793972
Nmcs,-0.2126458368456906,0.02872049710727459,-0.41966797488351304,0.27830443158718193,38.66723411354468
Nmcs,-0.5673179141783041,0.06360461183883429,-0.31314758747817084,0.4754171901582706,33.61035149757748
Nmcs,0.0577959106620536,0.1229173958743098,-0.2086834278979853,0.2766148864274257,52.12432863833637
Nmcs,0.31551667241595793,0.37565942922414053,-0.09435190109963223,1.7724998286206761,99.36784029629106
Nmcs,-0.6203778742103009,0.19151097683750826,-0.1510551083381828,0.5262098234366716,44.79669800327833
Nmcs,-0.22829281386516942,0.32952852034293434,-0.2681220449866245,1.595549490667232,110.02711039814054
Nmcs,0.06815595247404818,0.1354245301582054,-0.34396696156719286,0.2544398667054035,59.36680900467267
Nmcs,-0.3878608732726786,0.08866904368240998,-0.36139595148521547,0.4929080826056856,30.897294646692547
Nmcs,-0.15720520380578548,0.30963620217601695,0.004123166619826261,1.081241052320009,92.46437329952622
Nmcs,-0.22681905188425255,0.05021540117606492,-0.3896944377737401,0.3154535385254052,35.83398138727203
Nmcs,-0.44501869574985226,0.04753954866218334,-0.3481528032554951,0.2822898621055931,42.07108506793972
Nmcs,-0.07998081606673607,0.22861206833594405,0.02928460859046395,0.6171092669999232,67.61755859172959
Nmcs,0.14516773136378106,0.1135062239652949,-0.03720204926898638,0.47068877574366075,30.719771493897674
Nmcs,0.3432176936778789,0.37565942922414053,-0.09446200489018276,1.6627479828673737,94.62872810245423
Nmcs,-0.08108386737876977,0.18021021662168527,-0.17436028957169847,0.30518336245556127,51.316456256303056
Nmcs,0.32094419739951574,0.42225029741171777,-0.2688240347816112,1.7962088378688548,103.66450155116328
Nmcs,-0.25606652191388474,0.06977576753069145,-0.2556026598309007,0.20140438708193562,47.86473989294237
Nmcs,-0.45201053293323645,0.0666228398644609,-0.09734455186236236,0.2632740477608424,53.32061676481096
Nmcs,0.07098926303662634,0.00899568291950693,-0.10101070577056476,0.34234193583982286,38.41884816780863
Nmcs,-0.15720520380578548,0.30963620217601695,0.004123166619826261,1.081241052320009,92.46437329952622
Nmcs,0.05475737950178613,0.1616746903213797,-0.1420419131850791,0.4527742587330489,48.0867330600926
Nmcs,-0.3878608732726786,0.08866904368240998,-0.36139595148521547,0.4929080826056856,30.897294646692547
Nmcs,-0.13149575202774363,0.07245565247533918,-0.13568615343057744,0.3745077320907932,45.67713958658716
Nmcs,-0.15720520380578548,0.30963620217601695,0.004123166619826261,1.081241052320009,92.46437329952622
Nmcs,0.11283769711572018,0.01998716806331684,-0.08535369701955949,0.34626112160017053,37.49623622297527
Nmcs,-0.0850958708455487,0.06800880322516008,-0.2615640762680841,0.4251250849355911,31.932370120941094
Nmcs,-0.0850958708455487,0.06800880322516008,-0.2615640762680841,0.4251250849355911,31.932370120941094
Nmcs,-0.3878608732726786,0.08866904368240998,-0.36139595148521547,0.4929080826056856,30.897294646692547
Nmcs,-0.3878608732726786,0.08866904368240998,-0.36139595148521547,0.4929080826056856,30.897294646692547
Nmcs,-0.26184425390330773,0.24907062698780366,-0.3545024088085581,0.5384789567638436,69.40202493594293
Nmcs,-0.26184425390330773,0.24907062698780366,-0.3545024088085581,0.5384789567638436,69.40202493594293
Nmcs,0.5014185140587264,0.49254729303525185,-0.17262782539639251,2.748384534286566,124.63473735133586
Nmcs,-0.3108549219046657,0.26576782268882093,-0.2676879005472344,0.7773371236079157,76.05014207570036
Nmcs,-0.44501869574985226,0.04753954866218334,-0.3481528032554951,0.2822898621055931,42.07108506793972
Nmcs,-0.15720520380578548,0.30963620217601695,0.004123166619826261,1.081241052320009,92.46437329952622
Nmcs,0.09500380307274506,0.13834945405898177,-0.35501532667158436,1.446105477665666,70.48704835510843
Nmcs,-0.6203778742103009,0.19151097683750826,-0.1510551083381828,0.5262098234366716,44.79669800327833
Nmcs,0.05089377126577114,0.12957360792718686,-0.30329093242487454,2.0916769978534457,83.13657748741417
Nmcs,0.10797960032284852,0.02922060764636497,-0.0642391399726148,0.3741761627878478,36.48480933050539
Nmcs,-0.08108386737876977,0.18021021662168527,-0.17436028957169847,0.30518336245556127,51.316456256303056
Nmcs,-0.22681905188425255,0.05021540117606492,-0.3896944377737401,0.3154535385254052,35.83398138727203
Nmcs,-0.6203778742103009,0.19151097683750826,-0.1510551083381828,0.5262098234366716,44.79669800327833
Nmcs,0.0577959106620536,0.1229173958743098,-0.2086834278979853,0.2766148864274257,52.12432863833637
Nmcs,-0.08198689105270571,0.2669383492302736,-0.008723588520468532,0.6309419275193399,68.30169412335854
Nmcs,-0.45201053293323645,0.0666228398644609,-0.09734455186236236,0.2632740477608424,53.32061676481096
Nmcs,-0.26184425390330773,0.24907062698780366,-0.3545024088085581,0.5384789567638436,69.40202493594293
Nmcs,-0.0850958708455487,0.06800880322516008,-0.2615640762680841,0.4251250849355911,31.932370120941094
Nmcs,-0.327963979338823,0.05676677878481615,-0.1426990237416066,0.3803177271590669,38.66291084551821
Nmcs,0.11283769711572018,0.01998716806331684,-0.08535369701955949,0.34626112160017053,37.49623622297527
Nmcs,-0.4075737272201585,0.06304576061381659,-0.17526014045691557,0.4350987811932418,34.41669878347848
Nmcs,-0.37363217821769334,0.20219755088040223,-0.2767069167923471,0.30190307109392095,61.245651478158365
Nmcs,0.1614170169271194,0.1269451914883625,-0.03519312188716158,0.47125618367220234,32.47119753241413
Nmcs,-0.0850958708455487,0.06800880322516008,-0.2615640762680841,0.4251250849355911,31.932370120941094
Nmcs,-0.06431182349625714,0.2827698112176368,-0.11770422434041503,1.071101139258415,89.41680871134484
Nmcs,-0.0850958708455487,0.06800880322516008,-0.2615640762680841,0.4251250849355911,31.932370120941094
Nmcs,0.14516773136378106,0.1135062239652949,-0.03720204926898638,0.47068877574366075,30.719771493897674
Nmcs,-0.14504060684279318,0.15140123193188462,-0.2670725228465392,0.2392846458199763,56.31996708674093
Nmcs,-0.26184425390330773,0.24907062698780366,-0.3545024088085581,0.5384789567638436,69.40202493594293
Nmcs,0.17213750452448912,0.14355590852654596,-0.2601210934477877,2.11594481100665,43.6540807244851
Nmcs,0.12662148262610146,0.04099643599256726,-0.1999333713334501,0.40904946997315517,35.11841009134368
Nmcs,-0.13562454921349362,0.0915576426650511,-0.3969743323440293,0.28790966221409464,38.79194907269016
Nmcs,0.32094419739951574,0.42225029741171777,-0.2688240347816112,1.7962088378688548,103.66450155116328
Nmcs,0.11624329370475305,0.04405508140017452,-0.2221276444789801,0.38024376353762035,35.28205293502728
Nmcs,0.05089377126577114,0.12957360792718686,-0.30329093242487454,2.0916769978534457,83.13657748741417
Nmcs,-0.07998081606673607,0.22861206833594405,0.02928460859046395,0.6171092669999232,67.61755859172959
Nmcs,-0.25606652191388474,0.06977576753069145,-0.2556026598309007,0.20140438708193562,47.86473989294237
Nmcs,-0.3878608732726786,0.08866904368240998,-0.36139595148521547,0.4929080826056856,30.897294646692547
Nmcs,-0.3785817350878177,0.05062526683851963,-0.15425743354192942,0.4337763903296337,36.06438940855135
Nmcs,-0.26184425390330773,0.24907062698780366,-0.3545024088085581,0.5384789567638436,69.40202493594293
Nmcs,-0.3878608732726786,0.08866904368240998,-0.36139595148521547,0.4929080826056856,30.897294646692547
Nmcs,-0.3785817350878177,0.05062526683851963,-0.15425743354192942,0.4337763903296337,36.06438940855135
Nmcs,-0.27457574708363475,0.07290770974109036,-0.2246250675683533,0.20917558588700985,48.56808237574444
Nmcs,-0.07998081606673607,0.22861206833594405,0.02928460859046395,0.6171092669999232,67.61755859172959
Nmcs,0.05475737950178613,0.1616746903213797,-0.1420419131850791,0.4527742587330489,48.0867330600926
Nmcs,0.11283769711572018,0.01998716806331684,-0.08535369701955949,0.34626112160017053,37.49623622297527
Nmcs,-0.327963979338823,0.05676677878481615,-0.1426990237416066,0.3803177271590669,38.66291084551821
Nmcs,0.48126301730337107,0.5227549946497769,-0.16979603033643095,3.9845879209895783,169.8546051232922
Nmcs,-0.43185015383616077,0.04178239740014178,-0.12097094561664387,0.2722601082935047,43.40646206192963
Nmcs,0.1614170169271194,0.1269451914883625,-0.03519312188716158,0.47125618367220234,32.47119753241413
Nmcs,-0.4909652265119492,0.08639491774882313,-0.21799218353362784,0.48610186854076215,37.57633707888624
Nmcs,-0.0850958708455487,0.06800880322516008,-0.2615640762680841,0.4251250849355911,31.932370120941094
Nmcs,-0.44501869574985226,0.04753954866218334,-0.3481528032554951,0.2822898621055931,42.07108506793972
Nmcs,0.05475737950178613,0.1616746903213797,-0.1420419131850791,0.4527742587330489,48.0867330600926
Nmcs,-0.07998081606673607,0.22861206833594405,0.02928460859046395,0.6171092669999232,67.61755859172959
Nmcs,-0.3785817350878177,0.05062526683851963,-0.15425743354192942,0.4337763903296337,36.06438940855135
Nmcs,-0.11516069732281047,0.059627987384706926,-0.18946418830951708,0.4239031681012726,32.21260759447294
Nmcs,0.1716503579098597,0.04533800323043273,-0.03781178860396209,0.41527511964793146,34.35405692218141
Nmcs,-0.3108549219046657,0.26576782268882093,-0.2676879005472344,0.7773371236079157,76.05014207570036
Nmcs,-0.0795036355727918,0.148323606739335,-0.3274830616202575,0.39815834409762974,49.3213024906171
Nmcs,0.18838793681810623,0.09134634958167852,-0.025767011323529772,0.44409723936986206,32.602869400667714
Nmcs,0.14516773136378106,0.1135062239652949,-0.03720204926898638,0.47068877574366075,30.719771493897674
Nmcs,-0.3878608732726786,0.08866904368240998,-0.36139595148521547,0.4929080826056856,30.897294646692547
Nmcs,0.1614170169271194,0.1269451914883625,-0.03519312188716158,0.47125618367220234,32.47119753241413
Nmcs,0.1614170169271194,0.1269451914883625,-0.03519312188716158,0.47125618367220234,32.47119753241413
Nmcs,-0.0795036355727918,0.148323606739335,-0.3274830616202575,0.39815834409762974,49.3213024906171
Nmcs,-0.08035612781760705,0.17227979041778416,-0.35965956146063377,1.4680802952221046,89.97116364710014
Nmcs,-0.0795036355727918,0.148323606739335,-0.3274830616202575,0.39815834409762974,49.3213024906171
Nmcs,0.14516773136378106,0.1135062239652949,-0.03720204926898638,0.47068877574366075,30.719771493897674
Nmcs,-0.08198689105270571,0.2669383492302736,-0.008723588520468532,0.6309419275193399,68.30169412335854
Nmcs,-0.22681905188425255,0.05021540117606492,-0.3896944377737401,0.3154535385254052,35.83398138727203
Nmcs,0.12662148262610146,0.04099643599256726,-0.1999333713334501,0.40904946997315517,35.11841009134368
Nmcs,0.05475737950178613,0.1616746903213797,-0.1420419131850791,0.4527742587330489,48.0867330600926
Nmcs,-0.4909652265119492,0.08639491774882313,-0.21799218353362784,0.48610186854076215,37.57633707888624
Nmcs,-0.5673179141783041,0.06360461183883429,-0.31314758747817084,0.4754171901582706,33.61035149757748
Nmcs,-0.43876225900084187,0.21725917158723224,-0.07564067843760444,0.5499655712583392,43.38307033710393
Nmcs,-0.08108386737876977,0.18021021662168527,-0.17436028957169847,0.30518336245556127,51.316456256303056
Nmcs,-0.26184425390330773,0.24907062698780366,-0.3545024088085581,0.5384789567638436,69.40202493594293
Nmcs,-0.27457574708363475,0.07290770974109036,-0.2246250675683533,0.20917558588700985,48.56808237574444
Nmcs,-0.0795036355727918,0.148323606739335,-0.3274830616202575,0.39815834409762974,49.3213024906171
Nmcs,-0.3878608732726786,0.08866904368240998,-0.36139595148521547,0.4929080826056856,30.897294646692547
Nmcs,-0.1519488549651196,0.13048253776073387,-0.3933686670455718,0.4938240692424824,66.75159183313342
Nmcs,-0.20962770258044813,0.3683155766187486,-0.26119782426647464,4.151001891037394,175.85028985099407
Nmcs,-0.22681905188425255,0.05021540117606492,-0.3896944377737401,0.3154535385254052,35.83398138727203
Nmcs,-0.3785817350878177,0.05062526683851963,-0.15425743354192942,0.4337763903296337,36.06438940855135
Nmcs,-0.3919967922111547,0.04448448647177714,-0.24866620019756241,0.3681325979640823,41.822181861026245
Nmcs,0.1970029669794103,0.08987105546472222,-0.032616121074738234,0.42692891085850715,33.70522071914134
Nmcs,-0.5673179141783041,0.06360461183883429,-0.31314758747817084,0.4754171901582706,33.61035149757748
Nmcs,-0.23226517896083093,0.13436167555227696,-0.06988738214374061,0.5238689256954696,40.80199613010632
Nmcs,-0.25606652191388474,0.06977576753069145,-0.2556026598309007,0.20140438708193562,47.86473989294237
Nmcs,-0.5081481047741429,0.10274839390005763,-0.18322037795187843,0.4833864485400778,30.716527443510394
Nmcs,-0.4809430371005197,0.06034890955091121,-0.2363668068198365,0.47674290658624074,40.357399690478914
Nmcs,-0.20962770258044813,0.3683155766187486,-0.26119782426647464,4.151001891037394,175.85028985099407
Nmcs,0.14516773136378106,0.1135062239652949,-0.03720204926898638,0.47068877574366075,30.719771493897674
Nmcs,-0.0850958708455487,0.06800880322516008,-0.2615640762680841,0.4251250849355911,31.932370120941094
Nmcs,0.17213750452448912,0.14355590852654596,-0.2601210934477877,2.11594481100665,43.6540807244851
Nmcs,-0.13149575202774363,0.07245565247533918,-0.13568615343057744,0.3745077320907932,45.67713958658716
Nmcs,-0.4075737272201585,0.06304576061381659,-0.17526014045691557,0.4350987811932418,34.41669878347848
Nmcs,-0.3785817350878177,0.05062526683851963,-0.15425743354192942,0.4337763903296337,36.06438940855135
Nmcs,-0.13562454921349362,0.0915576426650511,-0.3969743323440293,0.28790966221409464,38.79194907269016
Nmcs,-0.3785817350878177,0.05062526683851963,-0.15425743354192942,0.4337763903296337,36.06438940855135
Nmcs,-0.656950972329368,0.048891309351725074,-0.16959173759519838,0.4945203269770529,35.03613627668557
Nmcs,-0.38132892931416834,0.09487579875200614,-0.17607804497827007,0.45906925221488704,33.19782854496545
Nmcs,-0.4075737272201585,0.06304576061381659,-0.17526014045691557,0.4350987811932418,34.41669878347848
Nmcs,-0.08108386737876977,0.18021021662168527,-0.17436028957169847,0.30518336245556127,51.316456256303056
Nmcs,-0.44501869574985226,0.04753954866218334,-0.3481528032554951,0.2822898621055931,42.07108506793972
Nmcs,0.17213750452448912,0.14355590852654596,-0.2601210934477877,2.11594481100665,43.6540807244851
Nmcs,0.07098926303662634,0.00899568291950693,-0.10101070577056476,0.34234193583982286,38.41884816780863
Nmcs,-0.07461641697668019,0.06512347635702824,-0.13110250093014003,0.40627405160562574,41.93537642678184
Nmcs,-0.4909652265119492,0.08639491774882313,-0.21799218353362784,0.48610186854076215,37.57633707888624
Nmcs,-0.45201053293323645,0.0666228398644609,-0.09734455186236236,0.2632740477608424,53.32061676481096
Nmcs,0.05089377126577114,0.12957360792718686,-0.30329093242487454,2.0916769978534457,83.13657748741417
Nmcs,-0.4909652265119492,0.08639491774882313,-0.21799218353362784,0.48610186854076215,37.57633707888624
Nmcs,-0.0795036355727918,0.148323606739335,-0.3274830616202575,0.39815834409762974,49.3213024906171
Nmcs,0.06815595247404818,0.1354245301582054,-0.34396696156719286,0.2544398667054035,59.36680900467267
Nmcs,-0.4075737272201585,0.06304576061381659,-0.17526014045691557,0.4350987811932418,34.41669878347848
Nmcs,0.06815595247404818,0.1354245301582054,-0.34396696156719286,0.2544398667054035,59.36680900467267
Nmcs,-0.3481290196798864,0.07517924099593687,-0.07628207597697677,0.29910421244918733,61.23011331758372
Nmcs,-0.26184425390330773,0.24907062698780366,-0.3545024088085581,0.5384789567638436,69.40202493594293
Nmcs,-0.44501869574985226,0.04753954866218334,-0.3481528032554951,0.2822898621055931,42.07108506793972
Nmcs,-0.3878608732726786,0.08866904368240998,-0.36139595148521547,0.4929080826056856,30.897294646692547
Nmcs,-0.4809430371005197,0.06034890955091121,-0.2363668068198365,0.47674290658624074,40.357399690478914
Nmcs,-0.3878608732726786,0.08866904368240998,-0.36139595148521547,0.4929080826056856,30.897294646692547
Nmcs,0.3432176936778789,0.37565942922414053,-0.09446200489018276,1.6627479828673737,94.62872810245423
Nmcs,-0.27457574708363475,0.07290770974109036,-0.2246250675683533,0.20917558588700985,48.56808237574444
Nmcs,-0.10653085360842958,0.045847198492641496,-0.11725630278242112,0.20576214018075456,56.442738570831914
Nmcs,-0.1665657309568768,0.05681877664288656,-0.3220764750835497,0.32561423877438317,36.43417195007569
Nmcs,-0.26184425390330773,0.24907062698780366,-0.3545024088085581,0.5384789567638436,69.40202493594293
Nmcs,0.1614170169271194,0.1269451914883625,-0.03519312188716158,0.47125618367220234,32.47119753241413
Nmcs,0.12662148262610146,0.04099643599256726,-0.1999333713334501,0.40904946997315517,35.11841009134368
Nmcs,0.1614170169271194,0.1269451914883625,-0.03519312188716158,0.47125618367220234,32.47119753241413
Nmcs,0.1614170169271194,0.1269451914883625,-0.03519312188716158,0.47125618367220234,32.47119753241413
Nmcs,-0.08108386737876977,0.18021021662168527,-0.17436028957169847,0.30518336245556127,51.316456256303056
Nmcs,-0.12902155759841036,0.11205736708645975,-0.23531001034754384,0.31165777237357617,52.70224984813444
Nmcs,0.05475737950178613,0.1616746903213797,-0.1420419131850791,0.4527742587330489,48.0867330600926
Nmcs,-0.20962770258044813,0.3683155766187486,-0.26119782426647464,4.151001891037394,175.85028985099407
Nmcs,0.05089377126577114,0.12957360792718686,-0.30329093242487454,2.0916769978534457,83.13657748741417
Nmcs,-0.22829281386516942,0.32952852034293434,-0.2681220449866245,1.595549490667232,110.02711039814054
Nmcs,-0.15720520380578548,0.30963620217601695,0.004123166619826261,1.081241052320009,92.46437329952622
Nmcs,-0.44501869574985226,0.04753954866218334,-0.3481528032554951,0.2822898621055931,42.07108506793972
Nmcs,0.14516773136378106,0.1135062239652949,-0.03720204926898638,0.47068877574366075,30.719771493897674
Nmcs,-0.14433320857438325,0.21505981123039,0.014492333873446098,0.47827565988840587,50.33940866256165
Nmcs,-0.4909652265119492,0.08639491774882313,-0.21799218353362784,0.48610186854076215,37.57633707888624
Nmcs,0.32094419739951574,0.42225029741171777,-0.2688240347816112,1.7962088378688548,103.66450155116328
Nmcs,0.14516773136378106,0.1135062239652949,-0.03720204926898638,0.47068877574366075,30.719771493897674
Nmcs,0.11283769711572018,0.01998716806331684,-0.08535369701955949,0.34626112160017053,37.49623622297527
Nmcs,-0.25606652191388474,0.06977576753069145,-0.2556026598309007,0.20140438708193562,47.86473989294237
Nmcs,0.11283769711572018,0.01998716806331684,-0.08535369701955949,0.34626112160017053,37.49623622297527
Nmcs,-0.20671745656677024,0.14513044531585959,-0.1610262063094285,0.24173443310084147,52.34982897704322
Nmcs,0.11283769711572018,0.01998716806331684,-0.08535369701955949,0.34626112160017053,37.49623622297527
Nmcs,0.14516773136378106,0.1135062239652949,-0.03720204926898638,0.47068877574366075,30.719771493897674
Nmcs,0.5195873421332973,0.5229017128216166,-0.16594073654793667,5.50370332700261,228.4386784982243
Nmcs,-0.44501869574985226,0.04753954866218334,-0.3481528032554951,0.2822898621055931,42.07108506793972
Nmcs,-0.43876225900084187,0.21725917158723224,-0.07564067843760444,0.5499655712583392,43.38307033710393
Nmcs,-0.27457574708363475,0.07290770974109036,-0.2246250675683533,0.20917558588700985,48.56808237574444
Nmcs,-0.1519488549651196,0.13048253776073387,-0.3933686670455718,0.4938240692424824,66.75159183313342
Nmcs,0.3432176936778789,0.37565942922414053,-0.09446200489018276,1.6627479828673737,94.62872810245423
Nmcs,-0.13562454921349362,0.0915576426650511,-0.3969743323440293,0.28790966221409464,38.79194907269016
Nmcs,-0.3785817350878177,0.05062526683851963,-0.15425743354192942,0.4337763903296337,36.06438940855135
Nmcs,-0.44501869574985226,0.04753954866218334,-0.3481528032554951,0.2822898621055931,42.07108506793972
Nmcs,-0.43185015383616077,0.04178239740014178,-0.12097094561664387,0.2722601082935047,43.40646206192963
Nmcs,-0.3878608732726786,0.08866904368240998,-0.36139595148521547,0.4929080826056856,30.897294646692547
Nmcs,0.05475737950178613,0.1616746903213797,-0.1420419131850791,0.4527742587330489,48.0867330600926
Nmcs,-0.44501869574985226,0.04753954866218334,-0.3481528032554951,0.2822898621055931,42.07108506793972
Nmcs,-0.10653085360842958,0.045847198492641496,-0.11725630278242112,0.20576214018075456,56.442738570831914
Nmcs,0.06815595247404818,0.1354245301582054,-0.34396696156719286,0.2544398667054035,59.36680900467267
Nmcs,0.3994846816150053,0.4473681188843992,-0.2587166538724672,2.5986397853982677,137.56378345863524
Nmcs,-0.3878608732726786,0.08866904368240998,-0.36139595148521547,0.4929080826056856,30.897294646692547
Nmcs,-0.3785817350878177,0.05062526683851963,-0.15425743354192942,0.4337763903296337,36.06438940855135
Nmcs,-0.3539127374050642,0.03283471616882881,-0.3582136947676472,0.27185600140297667,43.99843899582504
Nmcs,-0.6203778742103009,0.19151097683750826,-0.1510551083381828,0.5262098234366716,44.79669800327833
Nmcs,0.11283769711572018,0.01998716806331684,-0.08535369701955949,0.34626112160017053,37.49623622297527
Nmcs,-0.3878608732726786,0.08866904368240998,-0.36139595148521547,0.4929080826056856,30.897294646692547
Nmcs,0.11283769711572018,0.01998716806331684,-0.08535369701955949,0.34626112160017053,37.49623622297527
Nmcs,-0.15720520380578548,0.30963620217601695,0.004123166619826261,1.081241052320009,92.46437329952622
Nmcs,0.14516773136378106,0.1135062239652949,-0.03720204926898638,0.47068877574366075,30.719771493897674
Nmcs,-0.32205162779766805,0.2806215642211598,-0.2765436948502283,1.5215779018331828,104.34473595745445
Nmcs,-0.08108386737876977,0.18021021662168527,-0.17436028957169847,0.30518336245556127,51.316456256303056
Nmcs,-0.08035612781760705,0.17227979041778416,-0.35965956146063377,1.4680802952221046,89.97116364710014
Nmcs,-0.4809430371005197,0.06034890955091121,-0.2363668068198365,0.47674290658624074,40.357399690478914
Nmcs,-0.046977521168011425,0.0431724961287768,-0.38241715101468854,0.2656588175802211,40.97586250561429
Nmcs,-0.4909652265119492,0.08639491774882313,-0.21799218353362784,0.48610186854076215,37.57633707888624
Nmcs,-0.07461641697668019,0.06512347635702824,-0.13110250093014003,0.40627405160562574,41.93537642678184
Nmcs,-0.27457574708363475,0.07290770974109036,-0.2246250675683533,0.20917558588700985,48.56808237574444
Nmcs,-0.12902155759841036,0.11205736708645975,-0.23531001034754384,0.31165777237357617,52.70224984813444
Nmcs,-0.44501869574985226,0.04753954866218334,-0.3481528032554951,0.2822898621055931,42.07108506793972
Nmcs,-0.45201053293323645,0.0666228398644609,-0.09734455186236236,0.2632740477608424,53.32061676481096
Nmcs,0.1614170169271194,0.1269451914883625,-0.03519312188716158,0.47125618367220234,32.47119753241413
Nmcs,-0.3878608732726786,0.08866904368240998,-0.36139595148521547,0.4929080826056856,30.897294646692547
Nmcs,-0.22681905188425255,0.05021540117606492,-0.3896944377737401,0.3154535385254052,35.83398138727203
Nmcs,-0.08035612781760705,0.17227979041778416,-0.35965956146063377,1.4680802952221046,89.97116364710014
Nmcs,0.1614170169271194,0.1269451914883625,-0.03519312188716158,0.47125618367220234,32.47119753241413
Nmcs,-0.12902155759841036,0.11205736708645975,-0.23531001034754384,0.31165777237357617,52.70224984813444
Nmcs,-0.4075737272201585,0.06304576061381659,-0.17526014045691557,0.4350987811932418,34.41669878347848
Nmcs,-0.046977521168011425,0.0431724961287768,-0.38241715101468854,0.2656588175802211,40.97586250561429
Nmcs,-0.3878608732726786,0.08866904368240998,-0.36139595148521547,0.4929080826056856,30.897294646692547
Nmcs,0.18838793681810623,0.09134634958167852,-0.025767011323529772,0.44409723936986206,32.602869400667714
Nmcs,-0.15720520380578548,0.30963620217601695,0.004123166619826261,1.081241052320009,92.46437329952622
Nmcs,-0.2126458368456906,0.02872049710727459,-0.41966797488351304,0.27830443158718193,38.66723411354468
Nmcs,-0.22829281386516942,0.32952852034293434,-0.2681220449866245,1.595549490667232,110.02711039814054
Nmcs,-0.3785817350878177,0.05062526683851963,-0.15425743354192942,0.4337763903296337,36.06438940855135
Nmcs,-0.43185015383616077,0.04178239740014178,-0.12097094561664387,0.2722601082935047,43.40646206192963
Nmcs,-0.22681905188425255,0.05021540117606492,-0.3896944377737401,0.3154535385254052,35.83398138727203
Nmcs,-0.28210626235311065,0.03421628372230619,-0.39528998607002425,0.3079078863764628,36.680000175657966
Nmcs,-0.37363217821769334,0.20219755088040223,-0.2767069167923471,0.30190307109392095,61.245651478158365
Nmcs,0.05089377126577114,0.12957360792718686,-0.30329093242487454,2.0916769978534457,83.13657748741417
Nmcs,-0.13149575202774363,0.07245565247533918,-0.13568615343057744,0.3745077320907932,45.67713958658716
Nmcs,0.1716503579098597,0.04533800323043273,-0.03781178860396209,0.41527511964793146,34.35405692218141
Nmcs,-0.51301730317601,0.08639491774882313,-0.2792734067429159,0.48560908752238735,37.942111933736044
Nmcs,-0.11516069732281047,0.059627987384706926,-0.18946418830951708,0.4239031681012726,32.21260759447294
Nmcs,-0.38132892931416834,0.09487579875200614,-0.17607804497827007,0.45906925221488704,33.19782854496545
Nmcs,-0.5081481047741429,0.10274839390005763,-0.18322037795187843,0.4833864485400778,30.716527443510394
Nmcs,-0.44501869574985226,0.04753954866218334,-0.3481528032554951,0.2822898621055931,42.07108506793972
Nmcs,-0.4075737272201585,0.06304576061381659,-0.17526014045691557,0.4350987811932418,34.41669878347848
Nmcs,-0.12902155759841036,0.11205736708645975,-0.23531001034754384,0.31165777237357617,52.70224984813444
Nmcs,-0.44501869574985226,0.04753954866218334,-0.3481528032554951,0.2822898621055931,42.07108506793972
Nmcs,0.14516773136378106,0.1135062239652949,-0.03720204926898638,0.47068877574366075,30.719771493897674
Nmcs,-0.08108386737876977,0.18021021662168527,-0.17436028957169847,0.30518336245556127,51.316456256303056
Nmcs,-0.3481290196798864,0.07517924099593687,-0.07628207597697677,0.29910421244918733,61.23011331758372
Nmcs,0.11283769711572018,0.01998716806331684,-0.08535369701955949,0.34626112160017053,37.49623622297527
Nmcs,-0.45201053293323645,0.0666228398644609,-0.09734455186236236,0.2632740477608424,53.32061676481096
Nmcs,-0.13149575202774363,0.07245565247533918,-0.13568615343057744,0.3745077320907932,45.67713958658716
Nmcs,0.18838793681810623,0.09134634958167852,-0.025767011323529772,0.44409723936986206,32.602869400667714
Nmcs,-0.4809430371005197,0.06034890955091121,-0.2363668068198365,0.47674290658624074,40.357399690478914
Nmcs,-0.0795036355727918,0.148323606739335,-0.3274830616202575,0.39815834409762974,49.3213024906171
Nmcs,-0.45201053293323645,0.0666228398644609,-0.09734455186236236,0.2632740477608424,53.32061676481096
Nmcs,0.1614170169271194,0.1269451914883625,-0.03519312188716158,0.47125618367220234,32.47119753241413
Nmcs,-0.0795036355727918,0.148323606739335,-0.3274830616202575,0.39815834409762974,49.3213024906171
Nmcs,-0.37363217821769334,0.20219755088040223,-0.2767069167923471,0.30190307109392095,61.245651478158365
Nmcs,0.25542531569780613,0.2021203986248971,-0.1954537878650708,8.50040155963359,25.74735524915115
Nmcs,-0.45201053293323645,0.0666228398644609,-0.09734455186236236,0.2632740477608424,53.32061676481096
Nmcs,-0.13562454921349362,0.0915576426650511,-0.3969743323440293,0.28790966221409464,38.79194907269016
Nmcs,0.06815595247404818,0.1354245301582054,-0.34396696156719286,0.2544398667054035,59.36680900467267
Nmcs,0.09500380307274506,0.13834945405898177,-0.35501532667158436,1.446105477665666,70.48704835510843
Nmcs,0.1614170169271194,0.1269451914883625,-0.03519312188716158,0.47125618367220234,32.47119753241413
Nmcs,0.1716503579098597,0.04533800323043273,-0.03781178860396209,0.41527511964793146,34.35405692218141
Nmcs,0.1614170169271194,0.1269451914883625,-0.03519312188716158,0.47125618367220234,32.47119753241413
Nmcs,0.11624329370475305,0.04405508140017452,-0.2221276444789801,0.38024376353762035,35.28205293502728
Nmcs,-0.3878608732726786,0.08866904368240998,-0.36139595148521547,0.4929080826056856,30.897294646692547
Nmcs,-0.3539127374050642,0.03283471616882881,-0.3582136947676472,0.27185600140297667,43.99843899582504
Nmcs,0.48126301730337107,0.5227549946497769,-0.16979603033643095,3.9845879209895783,169.8546051232922
Nmcs,-0.046977521168011425,0.0431724961287768,-0.38241715101468854,0.2656588175802211,40.97586250561429
Nmcs,-0.13149575202774363,0.07245565247533918,-0.13568615343057744,0.3745077320907932,45.67713958658716
Nmcs,0.05475737950178613,0.1616746903213797,-0.1420419131850791,0.4527742587330489,48.0867330600926
Nmcs,-0.3481290196798864,0.07517924099593687,-0.07628207597697677,0.29910421244918733,61.23011331758372
Nmcs,0.11283769711572018,0.01998716806331684,-0.08535369701955949,0.34626112160017053,37.49623622297527
Nmcs,-0.25606652191388474,0.06977576753069145,-0.2556026598309007,0.20140438708193562,47.86473989294237
Nmcs,-0.45201053293323645,0.0666228398644609,-0.09734455186236236,0.2632740477608424,53.32061676481096
Nmcs,0.1716503579098597,0.04533800323043273,-0.03781178860396209,0.41527511964793146,34.35405692218141
Nmcs,-0.07461641697668019,0.06512347635702824,-0.13110250093014003,0.40627405160562574,41.93537642678184
Nmcs,-0.3878608732726786,0.08866904368240998,-0.36139595148521547,0.4929080826056856,30.897294646692547
Nmcs,-0.3311848430191039,0.22993475923809575,-0.08142791845141628,0.5416835546380403,44.95394345920907
Nmcs,-0.4809430371005197,0.06034890955091121,-0.2363668068198365,0.47674290658624074,40.357399690478914
Nmcs,-0.44501869574985226,0.04753954866218334,-0.3481528032554951,0.2822898621055931,42.07108506793972
Nmcs,-0.19332195137884045,0.05429035819725343,-0.11436712381873647,0.4177373859589805,33.32534199474601
Nmcs,-0.14433320857438325,0.21505981123039,0.014492333873446098,0.47827565988840587,50.33940866256165
Nmcs,-0.4909652265119492,0.08639491774882313,-0.21799218353362784,0.48610186854076215,37.57633707888624
Nmcs,-0.22681905188425255,0.05021540117606492,-0.3896944377737401,0.3154535385254052,35.83398138727203
Nmcs,0.32094419739951574,0.42225029741171777,-0.2688240347816112,1.7962088378688548,103.66450155116328
Nmcs,-0.51301730317601,0.08639491774882313,-0.2792734067429159,0.48560908752238735,37.942111933736044
Nmcs,-0.22681905188425255,0.05021540117606492,-0.3896944377737401,0.3154535385254052,35.83398138727203
Nmcs,-0.26184425390330773,0.24907062698780366,-0.3545024088085581,0.5384789567638436,69.40202493594293
Nmcs,-0.3878608732726786,0.08866904368240998,-0.36139595148521547,0.4929080826056856,30.897294646692547
Nmcs,0.17213750452448912,0.14355590852654596,-0.2601210934477877,2.11594481100665,43.6540807244851
Nmcs,-0.08108386737876977,0.18021021662168527,-0.17436028957169847,0.30518336245556127,51.316456256303056
Nmcs,-0.26184425390330773,0.24907062698780366,-0.3545024088085581,0.5384789567638436,69.40202493594293
Nmcs,-0.09574368365607072,0.058976125345212904,-0.09056554206183566,0.42072441657414866,31.483285606525676
Nmcs,0.1970029669794103,0.08987105546472222,-0.032616121074738234,0.42692891085850715,33.70522071914134
Nmcs,0.11283769711572018,0.01998716806331684,-0.08535369701955949,0.34626112160017053,37.49623622297527
Nmcs,-0.51301730317601,0.08639491774882313,-0.2792734067429159,0.48560908752238735,37.942111933736044
Nmcs,-0.44501869574985226,0.04753954866218334,-0.3481528032554951,0.2822898621055931,42.07108506793972
Nmcs,0.1970029669794103,0.08987105546472222,-0.032616121074738234,0.42692891085850715,33.70522071914134
Nmcs,-0.6203778742103009,0.19151097683750826,-0.1510551083381828,0.5262098234366716,44.79669800327833
Nmcs,-0.14504060684279318,0.15140123193188462,-0.2670725228465392,0.2392846458199763,56.31996708674093
Nmcs,0.25542531569780613,0.2021203986248971,-0.1954537878650708,8.50040155963359,25.74735524915115
Nmcs,-0.22681905188425255,0.05021540117606492,-0.3896944377737401,0.3154535385254052,35.83398138727203
Nmcs,-0.5673179141783041,0.06360461183883429,-0.31314758747817084,0.4754171901582706,33.61035149757748
Nmcs,-0.44501869574985226,0.04753954866218334,-0.3481528032554951,0.2822898621055931,42.07108506793972
Nmcs,-0.4909652265119492,0.08639491774882313,-0.21799218353362784,0.48610186854076215,37.57633707888624
Nmcs,-0.0850958708455487,0.06800880322516008,-0.2615640762680841,0.4251250849355911,31.932370120941094
Nmcs,0.11283769711572018,0.01998716806331684,-0.08535369701955949,0.34626112160017053,37.49623622297527
Nmcs,0.11283769711572018,0.01998716806331684,-0.08535369701955949,0.34626112160017053,37.49623622297527
Nmcs,-0.0795036355727918,0.148323606739335,-0.3274830616202575,0.39815834409762974,49.3213024906171
Nmcs,-0.22681905188425255,0.05021540117606492,-0.3896944377737401,0.3154535385254052,35.83398138727203
Nmcs,0.11283769711572018,0.01998716806331684,-0.08535369701955949,0.34626112160017053,37.49623622297527
Nmcs,-0.0850958708455487,0.06800880322516008,-0.2615640762680841,0.4251250849355911,31.932370120941094
Nmcs,-0.3397496899249419,0.02967585766654477,-0.10086770266447809,0.21095156591730152,48.494957595088586
Nmcs,-0.07461641697668019,0.06512347635702824,-0.13110250093014003,0.40627405160562574,41.93537642678184
Nmcs,-0.3785817350878177,0.05062526683851963,-0.15425743354192942,0.4337763903296337,36.06438940855135
Nmcs,0.1716503579098597,0.04533800323043273,-0.03781178860396209,0.41527511964793146,34.35405692218141
Nmcs,0.1970029669794103,0.08987105546472222,-0.032616121074738234,0.42692891085850715,33.70522071914134
Nmcs,0.1716503579098597,0.04533800323043273,-0.03781178860396209,0.41527511964793146,34.35405692218141
Nmcs,-0.5673179141783041,0.06360461183883429,-0.31314758747817084,0.4754171901582706,33.61035149757748
Nmcs,-0.15720520380578548,0.30963620217601695,0.004123166619826261,1.081241052320009,92.46437329952622
Nmcs,-0.14504060684279318,0.15140123193188462,-0.2670725228465392,0.2392846458199763,56.31996708674093
Nmcs,-0.4809430371005197,0.06034890955091121,-0.2363668068198365,0.47674290658624074,40.357399690478914
Nmcs,-0.13149575202774363,0.07245565247533918,-0.13568615343057744,0.3745077320907932,45.67713958658716
Nmcs,-0.3108549219046657,0.26576782268882093,-0.2676879005472344,0.7773371236079157,76.05014207570036
Nmcs,-0.3397496899249419,0.02967585766654477,-0.10086770266447809,0.21095156591730152,48.494957595088586
Nmcs,0.18838793681810623,0.09134634958167852,-0.025767011323529772,0.44409723936986206,32.602869400667714
Nmcs,-0.4180326941025356,0.28872451615770617,-0.2752150081624072,0.7857850670166013,78.20436631712322
Nmcs,-0.5673179141783041,0.06360461183883429,-0.31314758747817084,0.4754171901582706,33.61035149757748
Nmcs,-0.51301730317601,0.08639491774882313,-0.2792734067429159,0.48560908752238735,37.942111933736044
Nmcs,-0.22681905188425255,0.05021540117606492,-0.3896944377737401,0.3154535385254052,35.83398138727203
Nmcs,-0.5673179141783041,0.06360461183883429,-0.31314758747817084,0.4754171901582706,33.61035149757748
Nmcs,-0.5673179141783041,0.06360461183883429,-0.31314758747817084,0.4754171901582706,33.61035149757748
Nmcs,-0.3108549219046657,0.26576782268882093,-0.2676879005472344,0.7773371236079157,76.05014207570036
Nmcs,-0.23226517896083093,0.13436167555227696,-0.06988738214374061,0.5238689256954696,40.80199613010632
Nmcs,-0.3785817350878177,0.05062526683851963,-0.15425743354192942,0.4337763903296337,36.06438940855135
Nmcs,-0.45201053293323645,0.0666228398644609,-0.09734455186236236,0.2632740477608424,53.32061676481096
Nmcs,-0.22681905188425255,0.05021540117606492,-0.3896944377737401,0.3154535385254052,35.83398138727203
Nmcs,-0.10696663471198006,0.2849798761740643,-0.004153368420229613,0.7399430549373616,76.20268859196815
Nmcs,0.09500380307274506,0.13834945405898177,-0.35501532667158436,1.446105477665666,70.48704835510843
Nmcs,-0.22681905188425255,0.05021540117606492,-0.3896944377737401,0.3154535385254052,35.83398138727203
Nmcs,-0.08108386737876977,0.18021021662168527,-0.17436028957169847,0.30518336245556127,51.316456256303056
Nmcs,0.14516773136378106,0.1135062239652949,-0.03720204926898638,0.47068877574366075,30.719771493897674
Nmcs,-0.10653085360842958,0.045847198492641496,-0.11725630278242112,0.20576214018075456,56.442738570831914
Nmcs,0.14516773136378106,0.1135062239652949,-0.03720204926898638,0.47068877574366075,30.719771493897674
Nmcs,0.11283769711572018,0.01998716806331684,-0.08535369701955949,0.34626112160017053,37.49623622297527
Nmcs,0.1614170169271194,0.1269451914883625,-0.03519312188716158,0.47125618367220234,32.47119753241413
Nmcs,-0.38132892931416834,0.09487579875200614,-0.17607804497827007,0.45906925221488704,33.19782854496545
Nmcs,-0.6203778742103009,0.19151097683750826,-0.1510551083381828,0.5262098234366716,44.79669800327833
Nmcs,-0.0795036355727918,0.148323606739335,-0.3274830616202575,0.39815834409762974,49.3213024906171
Nmcs,-0.14433320857438325,0.21505981123039,0.014492333873446098,0.47827565988840587,50.33940866256165
Nmcs,-0.27457574708363475,0.07290770974109036,-0.2246250675683533,0.20917558588700985,48.56808237574444
Nmcs,-0.21806504929036663,0.21633284032730246,0.012814309901631783,0.4671067487603053,56.11051597789884
Nmcs,0.12662148262610146,0.04099643599256726,-0.1999333713334501,0.40904946997315517,35.11841009134368
Nmcs,0.3432176936778789,0.37565942922414053,-0.09446200489018276,1.6627479828673737,94.62872810245423
Nmcs,0.11283769711572018,0.01998716806331684,-0.08535369701955949,0.34626112160017053,37.49623622297527
Nmcs,-0.3785817350878177,0.05062526683851963,-0.15425743354192942,0.4337763903296337,36.06438940855135
Nmcs,-0.3785817350878177,0.05062526683851963,-0.15425743354192942,0.4337763903296337,36.06438940855135
Nmcs,-0.3878608732726786,0.08866904368240998,-0.36139595148521547,0.4929080826056856,30.897294646692547
Nmcs,-0.13562454921349362,0.0915576426650511,-0.3969743323440293,0.28790966221409464,38.79194907269016
Nmcs,-0.26184425390330773,0.24907062698780366,-0.3545024088085581,0.5384789567638436,69.40202493594293
Nmcs,0.05475737950178613,0.1616746903213797,-0.1420419131850791,0.4527742587330489,48.0867330600926
Nmcs,-0.11516069732281047,0.059627987384706926,-0.18946418830951708,0.4239031681012726,32.21260759447294
Nmcs,0.32094419739951574,0.42225029741171777,-0.2688240347816112,1.7962088378688548,103.66450155116328
Nmcs,-0.43876225900084187,0.21725917158723224,-0.07564067843760444,0.5499655712583392,43.38307033710393
Nmcs,-0.0795036355727918,0.148323606739335,-0.3274830616202575,0.39815834409762974,49.3213024906171
Nmcs,-0.13562454921349362,0.0915576426650511,-0.3969743323440293,0.28790966221409464,38.79194907269016
Nmcs,-0.327963979338823,0.05676677878481615,-0.1426990237416066,0.3803177271590669,38.66291084551821
Nmcs,-0.14433320857438325,0.21505981123039,0.014492333873446098,0.47827565988840587,50.33940866256165
Nmcs,-0.14504060684279318,0.15140123193188462,-0.2670725228465392,0.2392846458199763,56.31996708674093
Nmcs,-0.0795036355727918,0.148323606739335,-0.3274830616202575,0.39815834409762974,49.3213024906171
Nmcs,-0.6203778742103009,0.19151097683750826,-0.1510551083381828,0.5262098234366716,44.79669800327833
Nmcs,-0.28210626235311065,0.03421628372230619,-0.39528998607002425,0.3079078863764628,36.680000175657966
Nmcs,-0.11516069732281047,0.059627987384706926,-0.18946418830951708,0.4239031681012726,32.21260759447294
Nmcs,0.1716503579098597,0.04533800323043273,-0.03781178860396209,0.41527511964793146,34.35405692218141
Nmcs,0.18838793681810623,0.09134634958167852,-0.025767011323529772,0.44409723936986206,32.602869400667714
Nmcs,0.17213750452448912,0.14355590852654596,-0.2601210934477877,2.11594481100665,43.6540807244851
Nmcs,-0.44501869574985226,0.04753954866218334,-0.3481528032554951,0.2822898621055931,42.07108506793972
Nmcs,0.3432176936778789,0.37565942922414053,-0.09446200489018276,1.6627479828673737,94.62872810245423
Nmcs,0.12662148262610146,0.04099643599256726,-0.1999333713334501,0.40904946997315517,35.11841009134368
Nmcs,-0.06431182349625714,0.2827698112176368,-0.11770422434041503,1.071101139258415,89.41680871134484
Nmcs,-0.4075737272201585,0.06304576061381659,-0.17526014045691557,0.4350987811932418,34.41669878347848
Nmcs,-0.327963979338823,0.05676677878481615,-0.1426990237416066,0.3803177271590669,38.66291084551821
Nmcs,-0.449235613314651,0.07015993150347868,-0.09220558534697053,0.24313506607110527,52.75246882025704
Nmcs,-0.08108386737876977,0.18021021662168527,-0.17436028957169847,0.30518336245556127,51.316456256303056
Nmcs,-0.08108386737876977,0.18021021662168527,-0.17436028957169847,0.30518336245556127,51.316456256303056
Nmcs,0.09500380307274506,0.13834945405898177,-0.35501532667158436,1.446105477665666,70.48704835510843
Nmcs,0.17213750452448912,0.14355590852654596,-0.2601210934477877,2.11594481100665,43.6540807244851
Nmcs,-0.21979473642070535,0.04344365663833182,-0.12287205647412744,0.38609460210111307,37.50995958432797
Nmcs,-0.4909652265119492,0.08639491774882313,-0.21799218353362784,0.48610186854076215,37.57633707888624
Nmcs,-0.0850958708455487,0.06800880322516008,-0.2615640762680841,0.4251250849355911,31.932370120941094
Nmcs,-0.27457574708363475,0.07290770974109036,-0.2246250675683533,0.20917558588700985,48.56808237574444
Nmcs,0.11283769711572018,0.01998716806331684,-0.08535369701955949,0.34626112160017053,37.49623622297527
Nmcs,0.1970029669794103,0.08987105546472222,-0.032616121074738234,0.42692891085850715,33.70522071914134
Nmcs,0.11624329370475305,0.04405508140017452,-0.2221276444789801,0.38024376353762035,35.28205293502728
Nmcs,-0.22681905188425255,0.05021540117606492,-0.3896944377737401,0.3154535385254052,35.83398138727203
Nmcs,-0.0850958708455487,0.06800880322516008,-0.2615640762680841,0.4251250849355911,31.932370120941094
Nmcs,-0.26184425390330773,0.24907062698780366,-0.3545024088085581,0.5384789567638436,69.40202493594293
Nmcs,-0.4075737272201585,0.06304576061381659,-0.17526014045691557,0.4350987811932418,34.41669878347848
Nmcs,-0.3311848430191039,0.22993475923809575,-0.08142791845141628,0.5416835546380403,44.95394345920907
Nmcs,-0.3878608732726786,0.08866904368240998,-0.36139595148521547,0.4929080826056856,30.897294646692547
Nmcs,-0.22829281386516942,0.32952852034293434,-0.2681220449866245,1.595549490667232,110.02711039814054
Nmcs,-0.11516069732281047,0.059627987384706926,-0.18946418830951708,0.4239031681012726,32.21260759447294
Nmcs,-0.08035612781760705,0.17227979041778416,-0.35965956146063377,1.4680802952221046,89.97116364710014
Nmcs,-0.28210626235311065,0.03421628372230619,-0.39528998607002425,0.3079078863764628,36.680000175657966
Nmcs,-0.06431182349625714,0.2827698112176368,-0.11770422434041503,1.071101139258415,89.41680871134484
Nmcs,-0.11516069732281047,0.059627987384706926,-0.18946418830951708,0.4239031681012726,32.21260759447294
Nmcs,0.11283769711572018,0.01998716806331684,-0.08535369701955949,0.34626112160017053,37.49623622297527
Nmcs,-0.3108549219046657,0.26576782268882093,-0.2676879005472344,0.7773371236079157,76.05014207570036
Nmcs,0.05089377126577114,0.12957360792718686,-0.30329093242487454,2.0916769978534457,83.13657748741417
Nmcs,0.1614170169271194,0.1269451914883625,-0.03519312188716158,0.47125618367220234,32.47119753241413
Nmcs,-0.08035612781760705,0.17227979041778416,-0.35965956146063377,1.4680802952221046,89.97116364710014
Nmcs,-0.22681905188425255,0.05021540117606492,-0.3896944377737401,0.3154535385254052,35.83398138727203
Nmcs,-0.4909652265119492,0.08639491774882313,-0.21799218353362784,0.48610186854076215,37.57633707888624
Nmcs,-0.51301730317601,0.08639491774882313,-0.2792734067429159,0.48560908752238735,37.942111933736044
Nmcs,-0.21979473642070535,0.04344365663833182,-0.12287205647412744,0.38609460210111307,37.50995958432797
Nmcs,0.1614170169271194,0.1269451914883625,-0.03519312188716158,0.47125618367220234,32.47119753241413
Nmcs,0.48126301730337107,0.5227549946497769,-0.16979603033643095,3.9845879209895783,169.8546051232922
Nmcs,0.07098926303662634,0.00899568291950693,-0.10101070577056476,0.34234193583982286,38.41884816780863
Nmcs,-0.13562454921349362,0.0915576426650511,-0.3969743323440293,0.28790966221409464,38.79194907269016
Nmcs,0.3432176936778789,0.37565942922414053,-0.09446200489018276,1.6627479828673737,94.62872810245423
Nmcs,-0.0795036355727918,0.148323606739335,-0.3274830616202575,0.39815834409762974,49.3213024906171
Nmcs,-0.14433320857438325,0.21505981123039,0.014492333873446098,0.47827565988840587,50.33940866256165
Nmcs,0.12662148262610146,0.04099643599256726,-0.1999333713334501,0.40904946997315517,35.11841009134368
Nmcs,-0.327963979338823,0.05676677878481615,-0.1426990237416066,0.3803177271590669,38.66291084551821
Nmcs,-0.13477567266945883,0.21583276432902432,-0.34417326183927366,0.46297529802020826,63.40864652546777
Nmcs,-0.22681905188425255,0.05021540117606492,-0.3896944377737401,0.3154535385254052,35.83398138727203
Nmcs,-0.3785817350878177,0.05062526683851963,-0.15425743354192942,0.4337763903296337,36.06438940855135
Nmcs,-0.44501869574985226,0.04753954866218334,-0.3481528032554951,0.2822898621055931,42.07108506793972
Nmcs,-0.26184425390330773,0.24907062698780366,-0.3545024088085581,0.5384789567638436,69.40202493594293
Nmcs,0.11283769711572018,0.01998716806331684,-0.08535369701955949,0.34626112160017053,37.49623622297527
Nmcs,-0.43185015383616077,0.04178239740014178,-0.12097094561664387,0.2722601082935047,43.40646206192963
Nmcs,0.32094419739951574,0.42225029741171777,-0.2688240347816112,1.7962088378688548,103.66450155116328
Nmcs,-0.44501869574985226,0.04753954866218334,-0.3481528032554951,0.2822898621055931,42.07108506793972
Nmcs,-0.14433320857438325,0.21505981123039,0.014492333873446098,0.47827565988840587,50.33940866256165
Nmcs,0.0577959106620536,0.1229173958743098,-0.2086834278979853,0.2766148864274257,52.12432863833637
Nmcs,-0.4909652265119492,0.08639491774882313,-0.21799218353362784,0.48610186854076215,37.57633707888624
Nmcs,-0.15720520380578548,0.30963620217601695,0.004123166619826261,1.081241052320009,92.46437329952622
Nmcs,-0.09574368365607072,0.058976125345212904,-0.09056554206183566,0.42072441657414866,31.483285606525676
Nmcs,-0.4909652265119492,0.08639491774882313,-0.21799218353362784,0.48610186854076215,37.57633707888624
Nmcs,0.11283769711572018,0.01998716806331684,-0.08535369701955949,0.34626112160017053,37.49623622297527
Nmcs,-0.046977521168011425,0.0431724961287768,-0.38241715101468854,0.2656588175802211,40.97586250561429
Nmcs,0.18838793681810623,0.09134634958167852,-0.025767011323529772,0.44409723936986206,32.602869400667714
Nmcs,-0.14433320857438325,0.21505981123039,0.014492333873446098,0.47827565988840587,50.33940866256165
Nmcs,0.25542531569780613,0.2021203986248971,-0.1954537878650708,8.50040155963359,25.74735524915115
Nmcs,-0.0795036355727918,0.148323606739335,-0.3274830616202575,0.39815834409762974,49.3213024906171
Nmcs,-0.13149575202774363,0.07245565247533918,-0.13568615343057744,0.3745077320907932,45.67713958658716
Nmcs,0.1970029669794103,0.08987105546472222,-0.032616121074738234,0.42692891085850715,33.70522071914134
Nmcs,-0.2505579121223366,0.08070731787838775,-0.39764972019074535,0.21936403355186757,49.14745366882508
Nmcs,0.06815595247404818,0.1354245301582054,-0.34396696156719286,0.2544398667054035,59.36680900467267
Nmcs,-0.44501869574985226,0.04753954866218334,-0.3481528032554951,0.2822898621055931,42.07108506793972
Nmcs,0.17213750452448912,0.14355590852654596,-0.2601210934477877,2.11594481100665,43.6540807244851
Nmcs,-0.44501869574985226,0.04753954866218334,-0.3481528032554951,0.2822898621055931,42.07108506793972
Nmcs,0.1614170169271194,0.1269451914883625,-0.03519312188716158,0.47125618367220234,32.47119753241413
Nmcs,-0.37363217821769334,0.20219755088040223,-0.2767069167923471,0.30190307109392095,61.245651478158365
Nmcs,-0.44501869574985226,0.04753954866218334,-0.3481528032554951,0.2822898621055931,42.07108506793972
Nmcs,-0.0850958708455487,0.06800880322516008,-0.2615640762680841,0.4251250849355911,31.932370120941094
Nmcs,0.1716503579098597,0.04533800323043273,-0.03781178860396209,0.41527511964793146,34.35405692218141
Nmcs,0.18838793681810623,0.09134634958167852,-0.025767011323529772,0.44409723936986206,32.602869400667714
Nmcs,-0.6203778742103009,0.19151097683750826,-0.1510551083381828,0.5262098234366716,44.79669800327833
Nmcs,-0.3785817350878177,0.05062526683851963,-0.15425743354192942,0.4337763903296337,36.06438940855135
Nmcs,-0.07461641697668019,0.06512347635702824,-0.13110250093014003,0.40627405160562574,41.93537642678184
Nmcs,-0.327963979338823,0.05676677878481615,-0.1426990237416066,0.3803177271590669,38.66291084551821
Nmcs,-0.45201053293323645,0.0666228398644609,-0.09734455186236236,0.2632740477608424,53.32061676481096
Nmcs,0.11283769711572018,0.01998716806331684,-0.08535369701955949,0.34626112160017053,37.49623622297527
Nmcs,0.06815595247404818,0.1354245301582054,-0.34396696156719286,0.2544398667054035,59.36680900467267
Nmcs,-0.28210626235311065,0.03421628372230619,-0.39528998607002425,0.3079078863764628,36.680000175657966
Nmcs,-0.0850958708455487,0.06800880322516008,-0.2615640762680841,0.4251250849355911,31.932370120941094
Nmcs,0.14516773136378106,0.1135062239652949,-0.03720204926898638,0.47068877574366075,30.719771493897674
Wave,-0.14849507440617285,0.06643984657970603,-0.3662611783568285,0.25293941583948615,44.245777530478264
Wave,0.25678331078257965,0.1692056276109338,-0.12412092909947134,5.326444927653009,239.84566053659998
Wave,-0.33936948062349837,0.012497706190032258,-0.3601653011473875,0.3970989723361602,40.5729039791562
Wave,0.08840197447436132,0.26972572232057934,-0.1542319724643681,0.3647345172333522,41.053203593150855
Wave,0.11676577296260998,0.18226715022564965,-0.4259931150451415,1.4490692442346973,41.92623338057068
Wave,-0.37113474852123923,0.014265278033930656,-0.17908308019350094,0.3356278865686895,42.3478561274641
Wave,-0.1719713652097889,0.09435158619274019,-0.3263064095081398,0.21492404085913958,49.63838274470852
Wave,-0.05116413802940507,0.04071395631494039,-0.41772583369460264,0.27735376382561017,41.33994085611273
Wave,-0.17482896105745852,0.12735343800467758,-0.2471432647877917,0.5689936769355992,61.928025837514056
Wave,0.06481468742116794,0.07464568961541185,-0.4069509273342641,0.5257047196685916,65.3779705860458
Wave,-0.21113238083279323,0.06769195245499318,-0.2954555300404376,0.28353884992307204,41.33715516255815
Wave,0.37324599155655575,0.22091014475097165,-0.24638305594971327,1.096528938416871,64.29221195936805
Wave,0.1819006897236179,0.08719170088231136,-0.2848663017489994,0.33959717807884804,54.31802877247199
Wave,-0.12606839757967211,0.05982901995906289,-0.39817700228746733,0.303662071793287,42.21860794419799
Wave,0.12749542059544638,0.04398493915438552,-0.3037912108931636,0.3317969419784219,32.92243454088514
Wave,-0.23239654155139217,0.12843748458975363,-0.06690635325821369,0.438463962700377,45.632390062425515
Wave,-0.4960257546762929,0.047110522241265315,-0.32187268782290723,0.4617608161848444,38.18692660809235
Wave,-0.09143199997701312,0.011904440052493793,-0.37706541561793744,0.28731908594770394,40.2876875989635
Wave,-0.07609925466920225,0.15868214708023634,-0.3397577967429713,0.5420037932791211,53.859088641678824
Wave,-0.35226080503927565,0.1087659942609787,-0.1735982227963372,0.4615549228887177,37.883739746744304
Wave,-0.4273555508479307,0.02647586398259922,-0.3961923520974111,0.43680957903018847,41.680266822479766
Wave,0.2892742844743702,0.08812253586918235,-0.30629230912884614,0.19178551872857888,47.20754179806421
Wave,-0.1166489302205238,0.06813610955373908,-0.310573399725016,0.21083071548429436,50.60575004409003
Wave,-0.14001446034723503,0.0913267262128667,-0.2657740818034071,0.46419295809741035,28.269146035264836
Wave,-0.08803525062440865,0.10185295540805621,-0.32129256076057905,0.323521656319387,51.39430705247129
Wave,0.12345513604592974,0.04808171492521634,-0.35152287586445935,0.21802241734403546,41.232380149721145
Wave,0.14035780736868742,0.13938940178346798,-0.3505824590170691,0.6455702534692177,67.4615405629506
Wave,0.1817874323786455,0.15376295613081184,-0.4608876583184546,0.29354871857286846,43.74758755110659
Wave,-0.25921105806911193,0.10685143259158177,-0.27808084663310995,0.3694063754514053,50.5975412691874
Wave,-0.6543245184904218,0.01931319635200162,-0.1769008975507538,0.4020315971106315,39.450182530496406
Wave,-0.3475640066515203,0.07596094608596687,-0.40851498888837734,0.3720617891508844,32.02733110992768
Wave,-0.24261160706052864,0.10071625036155729,-0.36476422957043086,0.35630473648965894,29.657785750391497
Wave,-0.38294177630290893,0.0437850924034372,-0.40444366917559627,0.4498920765682478,38.81923804199808
Wave,-0.09286098960263789,0.06683092202607552,-0.5089544343932169,0.315901619201953,37.69118714015608
Wave,-0.049213190980287494,0.0608107211039741,-0.37312848819179945,0.24161009981710052,40.86035627662324
Wave,-0.12752087150958188,0.15830237282183673,-0.3877897014968577,0.2844399338545366,40.988914460915055
Wave,-0.20728654064467145,0.05449577319814897,-0.3038865350836246,0.20781316912273984,52.37752952314737
Wave,0.16535932088040306,0.04051127897534002,-0.3168009907945591,0.3015029905792939,33.795276352299446
Wave,0.11552488447119785,0.08311196287148914,-0.3160915732329271,0.3443800329937271,44.772835490966166
Wave,-0.14323212672976082,0.21183121438464264,-0.251115219939765,0.5640210345271937,60.590092439956265
Wave,0.10039569847359459,0.07627404577338366,-0.331112580754108,0.3296714714198186,38.91506167422436
Wave,0.14167301051240155,0.17075194137710784,-0.38030705669782394,0.3312007945603712,40.45677978390037
Wave,-0.41281083881605457,0.03913992527985687,-0.3444482055729387,0.4295398137172039,40.373422641528485
Wave,-0.5194128360101181,0.07912534187334855,-0.2572987468585265,0.27430179011503164,51.74631393443128
Wave,-0.16479299233634975,0.20362142094904084,-0.25405244731711113,0.4731596592645375,24.240449711444057
Wave,0.14505785220462597,0.15488998973655424,-0.3052487926614297,1.4077461925767578,89.7659382474268
Wave,-0.5682982059507456,0.06304576734874642,-0.1771310089698374,0.4626214338150099,36.84283141563121
Wave,0.03727358217121983,0.08123014518499465,-0.3706962446513727,0.46642421151384794,38.07983243605425
Wave,-0.1783002501704649,0.1365225023924146,-0.42053289290412466,0.2504865099392867,49.86365556483683
Wave,-0.4367356284082158,0.019139247328969485,-0.24591158224916623,0.3557702978850926,38.005425404919
Wave,-0.18210793765718022,0.058916745935084044,-0.2785812554762136,0.33686979708288317,35.00179017986931
Wave,0.13882814404416427,0.1560652646818176,-0.30117840631870973,1.4273703227227454,103.02409867775695
Wave,-0.04169364089644309,0.04734909717423561,-0.3194429566461557,0.3399751832472369,41.778624188667266
Wave,-0.37748977586970167,0.04232552013485253,-0.19366718296773544,0.3553243281509748,31.8613461031602
Wave,0.1588273808374976,0.1661244447084846,-0.3383472777637645,2.087286744978293,74.39798140443355
Wave,0.18294495996664756,0.15303542048009097,-0.2722989399817424,0.39025245990344765,49.16862728318363
Wave,-0.15029184305140458,0.03750564266569545,-0.12639868160825948,0.2740235156960931,42.66682529711515
Wave,0.30092554341821426,0.07219809272986122,-0.38003620423521095,0.2592638055740563,42.08600580944711
Wave,-0.3726536799800304,0.14046854049455026,-0.3097036888014483,0.4876649797879805,49.10778542640962
Wave,-0.29606271051246436,0.05308531225410653,-0.32257523269883537,0.38461134403963526,38.626578177961214
Wave,-0.23412516575258463,0.05464381017840507,-0.453517668845196,0.292705288147334,45.06411057835368
Wave,-0.14337064149227935,0.12681621018309688,-0.18425316642014927,0.4167793112700002,35.82967272583003
Wave,-0.29642871934712545,0.2317097215295627,-0.27596346469010347,0.5377504908182824,32.604116548070294
Wave,0.08180881833155895,0.05589560753609039,-0.32857497852773054,0.13437648280038708,48.749196013752055
Wave,-0.12308916942618728,0.042362512458149856,-0.43612577904279354,0.27794136586506796,44.999214753818656
Wave,-0.11644769616776647,0.07331771895377762,-0.3425243463689248,0.4230915247585156,53.49548490295123
Wave,-0.3492344111487577,0.10529710437222037,-0.3103231440944432,0.35595884930162675,31.244428998981867
Wave,-0.26298535510477367,0.15313896295437687,-0.3706824689839182,0.37700501610104764,44.30100467098939
Wave,0.07573658991611093,0.0796514094888368,-0.3521769903177102,0.3320213573604778,52.35742531212368
Wave,-0.25279832956448695,0.024529015893096417,-0.3729687385022848,0.32953863704778347,42.34084212493253
Wave,-0.12270954708517305,0.14449028839887093,-0.30411695496475055,0.5087124144175329,59.57647466288908
Wave,-0.17336130007637296,0.03771151984871461,-0.4178597241008122,0.2412434482949869,40.795759621277945
Wave,-0.2956293210104573,0.09954135986125459,-0.3792023374732507,0.2855526630485806,43.653951167587614
Wave,-0.2528716457304686,0.3455744366553803,-0.2677822683414975,2.0270795837841726,64.53938165266197
Wave,-0.1092744967539237,0.06066883076095664,-0.4089716822618234,0.4157021370078519,41.26944862176134
Wave,0.3580068095735234,0.29193427681336126,-0.28622363897522873,0.5048335464987959,59.2981457693626
Wave,-0.2159194368793556,0.021951654213719703,-0.27839500337926487,0.2555027066717932,47.614584608489324
Wave,0.508592421244038,0.17344189379697958,-0.19865276573292553,1.237052218181274,86.20890000772823
Wave,-0.27104946254593715,0.12303332287064213,-0.20411262163719976,0.2846170701888376,46.563860814337765
Wave,-0.16140753473011,0.026607918307865797,-0.33306042978644146,0.24592537214150398,42.656484504228416
Wave,-0.1844906599523773,0.05077232693073556,-0.4126415653554528,0.41392324121848895,32.79029121646251
Wave,-0.26294083856970074,0.06928232024463331,-0.3977450143826491,0.3431074230592087,51.35826428607922
Wave,-0.2476125375802942,0.10431396993897542,-0.3277692025958771,0.27879181624047994,50.675675088492724
Wave,-0.2095288139426403,0.014115503983485184,-0.5218594561048202,0.33220679243148166,41.045232948717434
Wave,-0.2811278494549012,0.019643464445035057,-0.3002286420161903,0.4319189779213874,40.723833818963655
Wave,-0.13551505008235507,0.15006596671764066,-0.3736561164899813,0.2663788944292527,44.056568735658445
Wave,-0.48639361437087353,0.02527730577917896,-0.4042501588548114,0.3902715546175133,40.52351196174429
Wave,-0.2938185221716056,0.14828341763923295,-0.07461511218605699,0.478358298884931,28.97733842982421
Wave,-0.5272590580428929,0.20050725623804752,-0.21979644812510213,0.6661497454522564,69.12778185294185
Wave,-0.08749091462334196,0.06153704347537544,-0.4296874161175578,0.28225423774126385,55.98891886739317
Wave,0.27864323134581914,0.21683974762765876,-0.1680531185537695,3.6697361620065987,175.7895127950116
Wave,-0.1444388268364413,0.030408075563842684,-0.1950109033338065,0.2850964962786841,41.3142266135803
Wave,0.10962682369815113,0.0340648388113316,-0.3281520122106328,0.24589784516209848,49.732320807391865
Wave,-0.22917401615879743,0.05625619770086486,-0.308550757624263,0.3372414777795673,37.14619856896456
Wave,0.38552682846715947,0.2174019307976967,-0.29533875223749434,1.2999532174361663,92.90060404898895
Wave,-0.18447873402850562,0.12755970553883167,-0.26115303919125427,0.3444014450656343,32.00011159606131
Wave,-0.167620016833602,0.03328642649723518,-0.37878498015980966,0.24329347968176182,40.69183654923909
Wave,-0.09297873840457453,0.32969915846981945,-0.2585133512123927,0.6818995524231168,58.29019052641047
Wave,-0.3342608390608003,0.04738983902268401,-0.42064277227825997,0.4682380350332989,34.75947969020976
Wave,-0.10334088246549655,0.03482985893661385,-0.37509754806888346,0.3222581781537887,38.1402166434756
Wave,-0.4873596603160239,0.028560364896057254,-0.2613484287114188,0.358260898141853,40.907995588020015
Wave,-0.5359817718743166,0.14928780183122078,-0.41392947258247453,0.33767486276479636,36.64530680846664
Wave,-0.29677967573847025,0.15690800184500323,-0.20423669408918374,0.27792439513839395,51.89059088258881
Wave,-0.05706649360145729,0.072495072796914,-0.3277869637534263,0.3825681476433398,34.31607724335513
Wave,0.26022255877315686,0.24664150279674818,-0.3869821061251969,78.79755230862747,3006.7241665430483
Wave,-0.6610359031293885,0.07811054189024433,-0.28082012568001746,0.47450848192340356,49.1947366745151
Wave,-0.2395683283621442,0.1593146082852423,-0.24575000054508023,0.8759853768458413,85.33122392043589
Wave,-0.13449831646740512,0.15001405259573905,-0.24176824165517036,0.5393800825697324,28.49545953506417
Wave,-0.3902217521902459,0.08875697159305226,-0.2680192168361731,0.40046380445285185,39.672235834624644
Wave,-0.07784353902630384,0.132828119443602,-0.41273680779796956,1.0965190770163822,40.627729959136815
Wave,-0.08680570339091018,0.1086550414381153,-0.3951933475545853,0.29666110339241014,55.846849387486
Wave,0.09649074099222837,0.1175971981248796,-0.32197246464400847,0.5253806333959243,31.36307802447547
Wave,-0.06747513504223294,0.12513699725422772,-0.3399252199529933,0.23954486048294615,48.10060787563161
Wave,-0.21464178108932366,0.03655211649927935,-0.3792123554367388,0.3030781817956399,43.354897642510146
Wave,-0.17734218205895574,0.10310931318094303,-0.45746707840765716,0.26117590936757346,40.84158425332097
Wave,-0.1076514241168868,0.04301674026050871,-0.32962198482420685,0.33003584977904743,44.90913696926981
Wave,0.23698307028940924,0.09975900026297783,-0.339613253854615,0.23201206944267594,39.845135701272646
Wave,0.4260718865444104,0.12821409591852398,-0.25824778014035693,0.6583476059309739,71.47792475838745
Wave,-0.2878617697152466,0.16295429308584075,-0.17583964984138784,0.4106393773377034,34.22168174087247
Wave,-0.35581561476793755,0.02886694508665421,-0.3439414708289877,0.4440102305625593,37.73649442734389
Wave,-0.20553152346099052,0.0414376894779592,-0.12116156597004249,0.33166463028388454,38.19386761039435
Wave,0.10764701584496536,0.17509297156296877,-0.40121576788234237,0.3414446907749172,50.44775934192573
Wave,0.30515713685040197,0.23957291821452703,-0.3284257323405061,2.360507750335135,138.0271995464074
Wave,-0.4141911414098006,0.030108480297491996,-0.4430826082976474,0.26570587565999515,45.04559148272798
Wave,-0.23243306914708003,0.05045566744143974,-0.35844813250294383,0.38613176943577604,41.08134726469661
Wave,-0.29166691575326964,0.10416935952301357,-0.3381320521026428,0.4936060541343295,31.109552402407786
Wave,-0.4975928004509887,0.257276152379876,-0.30259787753796036,0.31965828838757737,39.99305812504141
Wave,-0.19218686584012745,0.04655608485031443,-0.2940562791718305,0.41073466943833653,32.85550473433395
Wave,-0.26493706448935633,0.05811358302055282,-0.2633286326228667,0.20208475511197851,53.15159273129599
Wave,0.2862905823648339,0.25818072624215815,-0.42461098814166115,1.2984548076602695,93.22962092658958
Wave,-0.3912696319256478,0.12002807889371536,-0.3012988513345705,0.3423453796383691,33.48817808920871
Wave,-0.37082478786448847,0.04690139350896594,-0.12223377689435605,0.4705690725926566,34.888379490321455
Wave,0.14862514849756508,0.06748969121803162,-0.12491329798521218,0.42872973319671276,37.66256697250897
Wave,-0.2816549705359226,0.06259633818834066,-0.2282910097772153,0.3593325150820531,39.075974572263114
Wave,-0.33040791781077294,0.05890710950859006,-0.1523877835508402,0.35777589512132796,37.75826804055793
Wave,-0.37405531183567164,0.07870173260755972,-0.4898396306508806,0.3128553330178183,47.34805993868261
Wave,0.23457055888313566,0.274783113826104,-0.23295874523351384,0.506638672812596,69.34307594783131
Wave,0.23518297803938693,0.21045319395996548,-0.28416821098487777,3.70043231574643,173.91984979635413
Wave,-0.06744636234526281,0.08357714642833582,-0.4085661355740448,0.5421008178025626,65.76496473216427
Wave,-0.43663170163066733,0.0857997183538262,-0.18014333461457263,0.3732957669902553,29.46898650751401
Wave,0.12954522019084075,0.0917378585909806,-0.33749440084678456,0.4622822194666994,63.72025705663657
Wave,0.10282247857281819,0.3750341487309054,-0.36424080209398,2.394317148536961,131.82117232418847
Wave,-0.19970037026609685,0.06093989958928352,-0.40227060536307385,0.2190847074965094,40.81166821339115
Wave,-0.1555537074947667,0.05059732737953311,-0.4676839087002022,0.30553827532298816,32.87634949756951
Wave,-0.32453602177731794,0.1097593708801982,-0.30809843623162,0.3177067937728345,34.280868392395945
Wave,0.1622859098353993,0.03683419393721632,-0.3285906352978794,0.12313643174048397,47.77123150934063
Wave,0.16165841160033306,0.12644937815858054,-0.3187472135836681,0.25637063934078025,56.394345758269196
Wave,-0.42966213369394873,0.018170175972149104,-0.41868852207648094,0.34712900786829654,41.7723568823411
Wave,-0.18570946201408897,0.18863842099970968,-0.6345309538461543,0.3665283499541006,53.26174631892921
Wave,-0.10029630554705285,0.0767208857636127,-0.27771312565651984,0.28366552193541833,53.84070721018834
Wave,-0.23696379514986057,0.11832847611974821,-0.364881776831538,0.28034464761049427,56.08961946004325
Wave,0.18043993704851713,0.18571588544963974,-0.30190204765691603,1.0961553440749845,47.33615235252168
Wave,0.1799789180182405,0.1335085598005727,-0.33636438776665645,1.4325762436340992,37.05289169712056
Wave,0.07725947669554517,0.14562378899230524,-0.4071523273124955,0.2999672174298764,43.41452877857556
Wave,-0.37160757410757567,0.14791323870490153,-0.2069220001860672,0.4511088177928661,42.608232881352535
Wave,0.2780959943700622,0.09429463674699141,-0.2919876736885764,1.414779357341999,59.45049944020356
Wave,-0.39606099603577316,0.17376925088220613,-0.19258051379915603,0.4859457523746161,28.33824318556668
Wave,-0.22002933179397846,0.034541619128915395,-0.34280528234190233,0.36347629637894696,36.20386495440279
Wave,0.15084352224162953,0.1677742223174495,-0.32754119544081883,2.047599938315994,70.41718312775905
Wave,-0.21423508991383716,0.03126015619583694,-0.22506434776499332,0.3625939980538133,38.267954605331035
Wave,-0.6084879740766722,0.06475270143489557,-0.16466814218820333,0.3789983615517764,46.51631947818572
Wave,0.059442198679033324,0.14833773426438485,-0.42217023673593385,0.25926966100070636,45.81199520527436
Wave,-0.08792054018705726,0.0595996522295172,-0.2733899354824989,0.27409200226265673,44.830811103916616
Wave,0.29321094204524656,0.06667811995209903,-0.16820308720677565,0.34188042833598264,54.85514610710169
Wave,-0.026524909574632445,0.02280737840738092,-0.43276036681216645,0.2452994547675952,41.5057490171005
Wave,-0.22353754113247343,0.0713745485082513,-0.2688004670858407,0.3263850968572523,47.95343759362484
Wave,0.14618399369622834,0.21847100658749655,-0.152688924284735,1.3794620474505102,90.36833678710123
Wave,-0.19978452778082761,0.07441130228304418,-0.2491008982803227,0.426282997444042,34.61985362239292
Wave,-0.16346471857034173,0.05843335808942699,-0.2768841183885948,0.28749330733896994,42.95391617436843
Wave,-0.23949625568789834,0.03246738051274299,-0.3436980245846818,0.15071024608945666,50.29311601918741
Wave,-0.18408079403292474,0.05546280223356235,-0.3714066219858964,0.3638473000698396,41.08911891287583
Wave,0.1442063619753534,0.20029779254643665,-0.2796802678417433,0.6220581174201675,66.89869912408292
Wave,-0.0973848052274141,0.1983448668394685,-0.37367310047464875,2.0864105521030463,69.47928233529213
Wave,-0.4632469904614036,0.09898980341852295,-0.15749302644222254,0.5206054515593389,31.496427839166664
Wave,-0.1607301515017301,0.13505920794004875,-0.28010435437606285,0.3635449249452134,54.95124403003122
Wave,-0.07767544236599049,0.14146770882671894,-0.33490828728974276,0.26312514218361915,48.1267289405046
Wave,-0.2694869212991702,0.08623344760848657,-0.39113594360347015,0.2833785296700462,43.746271385288885
Wave,-0.36397920991331123,0.07082269552241684,-0.14957215715388966,0.45852810991907794,36.45419286256524
Wave,0.23721331800061124,0.025210189857906674,-0.2460213313602442,0.20884096793769488,45.24394729834765
Wave,-0.45881538758713686,0.039704933463120956,-0.4943286896054944,0.34616212157591514,39.62286138066741
Wave,0.2290951726600006,0.06837995290796026,-0.273547426727648,0.16035050912805723,45.39942630043618
Wave,0.1538347774640254,0.07491794866445498,-0.41859206050919384,0.27944188992137237,51.3571915409766
Wave,0.26644384042681213,0.2020409541168562,-0.2856659481116954,0.4373918144357971,64.41230280733821
Wave,-0.056410400971124056,0.1874817159910614,-0.2832413550799633,0.47095162345066344,55.821553012284085
Wave,-0.044990438979228865,0.03358179013528699,-0.3536830685887836,0.2752613227476824,42.75267173222695
Wave,-0.3407418802027588,0.1009262748177282,-0.26695924565534407,0.3003885787071511,50.66706934218672
Wave,0.1332579059643447,0.15213575891463202,-0.332939425070974,0.6423739332402213,67.55310150353449
Wave,-0.12015979456386927,0.04440950576820906,-0.42376551540552954,0.3010836918231432,38.21904050347869
Wave,-0.27417986749972745,0.24129402228166436,-0.32930716073412525,0.3238075256720835,48.21903356092628
Wave,0.34381345923291895,0.30837375016322327,-0.31132917760475337,8.547767973462095,39.64960052388449
Wave,-0.33526396281401005,0.1840422284627823,-0.2859088251004281,0.3663779482354142,54.48288891910834
Wave,-0.427060755482142,0.1591397632820173,-0.17529539546417094,0.49788144081763136,30.034344006358943
Wave,0.1611839475353108,0.12670077589036843,-0.2747300131453952,0.23274342270037796,52.316469770093434
Wave,-0.2588421891665292,0.032293200125763394,-0.40318979559477136,0.351196319593926,35.961688555221215
Wave,-0.05873324637971469,0.01214776955131341,-0.14262364697616473,0.2456036151963595,41.43153135411628
Wave,-0.4306745798817668,0.19697507794650085,-0.12721584158065022,0.33812199669265014,36.31544111439031
Wave,-0.26042100444422633,0.05605702047167007,-0.41460496766536176,0.3770071467582899,48.7222650741141
Wave,0.07052416478629646,0.07909748257340636,-0.37214186992325893,0.3865153123148057,29.799792499372593
Wave,-0.11859118839501112,0.13975863381317727,-0.4382795607360891,0.32789694935697766,36.22395936740476
Wave,-0.37115225854559136,0.10913071332620958,-0.2603873481150188,0.522835998028414,35.19463012761465
Wave,-0.2035028260043757,0.04557569242735824,-0.48851104124884526,0.42816454290552747,36.44401908859046
Wave,0.09730485819055434,0.029995832791079757,-0.35368967674339824,0.2919996557588097,40.08347779954743
Wave,0.3808933263802795,0.25629185902809304,-0.3092018339460341,1.4226171198536857,102.87423843433876
Wave,-0.5164637421164439,0.1255187130024041,-0.17394907395782008,0.3778507729865011,29.088780627720084
Wave,-0.16609280914402513,0.2812640548268455,-0.21801141356497605,1.3973480570823615,93.40131605791223
Wave,0.3838351343787784,0.23856174128374885,-0.3068170219456005,0.4198334035783056,42.15359601485498
Wave,0.2698402617008875,0.2653742467938809,-0.4592793625966942,1.4404184011497803,97.09589130901207
Wave,0.10394487972599112,0.14718835147448922,-0.45884807555245527,0.3113138297109947,34.75676418886368
Wave,-0.1407230959995663,0.20987882294158916,-0.32513158370723416,1.10727948083578,32.110980554240996
Wave,-0.49751256962374896,0.1116093874489904,-0.25189439163040905,0.5316632999951286,36.47158898529469
Wave,0.46501480426596237,0.34130707622059925,-0.25081684983602803,4.0114629605863055,152.60446857035498
Wave,-0.2308316343411681,0.10564164013128656,-0.4261046542687031,0.29713598314829937,47.990157511633285
Wave,-0.22478249400108652,0.042623394987086685,-0.2866778084146281,0.4261962999460111,31.98426023671763
Wave,-0.11251565428648475,0.009411382735100829,-0.38086756012244544,0.2637803205146036,41.235844659820316
Wave,-0.07199842001282172,0.07807062043423574,-0.4309220451215881,0.24649047915131242,45.79159247694703
Wave,-0.41429486582066055,0.1899866902997238,-0.37555828407510994,0.28572049121890364,52.48427693986372
Wave,-0.1371525889039687,0.21152350866951125,-0.325187023090891,0.9194421332277867,76.97572545356871
Wave,0.1986393413400092,0.08856596884441828,-0.3290707980059691,0.28929908635552704,42.58431253441961
Wave,-0.24368116227516973,0.09560999683316372,-0.3872871075750069,0.3968035630380233,35.275058742734714
Wave,-0.14550161343611145,0.12142402571113786,-0.30063356434814653,0.38163758171057927,53.2816833513353
Wave,-0.09920645809785272,0.09922352441965827,-0.34096072329624305,1.3726385259849907,75.9145396306007
Wave,-0.23897870519244074,0.01324168862132082,-0.21527288948803525,0.28965944677123556,39.132632284747935
Wave,-0.16534429274126797,0.1085665824493128,-0.24996517330675394,1.0993607202052686,43.607358788435924
Wave,0.37477024266441816,0.19151426277258762,-0.24767929956213594,2.1682243835393598,66.72868886672947
Wave,-0.37853468420756003,0.11815008492897898,-0.3033673508669168,0.3934578887831313,35.57144070587896
Wave,-0.15353167649538058,0.12203733896876981,-0.27003970018149587,1.3721909796534966,97.90730843503202
Wave,-0.22484765880961272,0.08754942850638554,-0.21591328006437793,0.2710024254549301,56.6946932661615
Wave,-0.24383999803541784,0.14334862004599822,-0.3584133246447464,0.34202105430260593,33.442052693408954
Wave,0.06939521262587692,0.05871547661314068,-0.2600670140455457,0.27004184164968575,42.796329197555885
Wave,-0.36826285815027143,0.036679423417228116,-0.3344455958377173,0.2726357422067471,44.51064026748672
Wave,-0.27010861354943666,0.12625794299737852,-0.6057519122804758,0.31842037259968253,51.68949082857043
Wave,-0.3378826382580248,0.02838184556249566,-0.41240823063735627,0.3492783951138622,41.82610566961739
Wave,-0.510324797138553,0.16409059491030412,-0.19875995145086206,0.44474274502651984,50.87750945544994
Wave,0.11976571781866982,0.03736873427926515,-0.3806939238921669,0.22811284468830775,40.506133376325884
Wave,-0.446794631856355,0.06297568409482494,-0.3175638252998829,0.4279521171117409,39.31287162325964
Wave,-0.38122274408127715,0.04382855198074121,-0.37221311058589857,0.4664991425199945,37.382223623558055
Wave,-0.34048972900839725,0.11540317051402509,-0.2530816984168704,0.40514470098364064,30.35732411632796
Wave,-0.08116677362380911,0.03115974156037884,-0.42070735034603374,0.28097310018920474,37.29404586438933
Wave,0.04700851447735273,0.0857199817572309,-0.3893718736295501,0.2417755645446533,37.72625482196055
Wave,-0.13261945163233277,0.06277275904230267,-0.3109669084182861,0.2996035326593866,37.0177097157391
Wave,0.04512847570122702,0.07682022349557432,-0.3064509834526587,0.1547012296562838,55.03456672590524
Wave,-0.38468670042312203,0.15513368915454648,-0.21130909335302375,0.47465990700754523,33.40611296410182
Wave,-0.27814840345546554,0.04746854898811527,-0.4549941486865381,0.3298858532395876,33.70697899331996
Wave,0.4000424722989698,0.29338211259283825,-0.3809965459463944,1.4355592992962063,53.13451695374553
Wave,0.5033698163309301,0.23538142432568798,-0.040001225435888764,1.3623464718966545,33.950834636514635
Wave,0.17402867913718184,0.11083793140542453,-0.31194484696947544,0.2504960031604038,42.320101760873435
Wave,-0.6615663300121797,0.04712827417880893,-0.21024706046223085,0.3553476422901221,45.68842536331128
Wave,0.10965511937294817,0.16376284313891945,-0.4095207154138818,3.451876388959884,81.04266054594478
Wave,-0.2294020928172875,0.021073274180299653,-0.174429608539361,0.3319293698891186,42.29912470499069
Wave,-0.355224885530807,0.19124632544432693,-0.3837026472813505,0.27900023947714675,48.93942611379353
Wave,-0.19236328443710196,0.11326741512928964,-0.305105597899245,0.43373376719919327,57.58350176109179
Wave,-0.4535615065408927,0.009440071293624697,-0.4546291361048545,0.33301398659402726,41.22368723930276
Wave,-0.09504525438777464,0.02066422559618346,-0.3218220135632724,0.23344066074046116,54.52214449656792
Wave,-0.424699571781798,0.1663218086805846,-0.20613049289762522,0.3062837381193073,48.73487069923176
Wave,-0.09773395575954259,0.1677509148189146,-0.3773264883051276,0.3162756480784749,54.37857992202963
Wave,-0.34071649146408844,0.14299048367243566,-0.21070450895192222,0.4622384199733878,49.70216738116295
Wave,-0.24571744635635592,0.1271438589961554,-0.11806971906899794,0.4635524618839076,35.27356711103501
Wave,0.09895312284205199,0.4043519210775005,-0.22161152762117686,3.4063020148506107,98.40294410883995
Wave,-0.0869082504490069,0.027440752300892456,-0.48413065776161024,0.26549733564127603,42.63362337754317
Wave,-0.08405750705692677,0.05799686185665605,-0.4120889385717335,0.26756716502859934,50.024200233481665
Wave,0.05100279287245167,0.18445564075110665,-0.24159267721330074,0.46339356626121464,28.796684987131243
Wave,-0.3303739018322054,0.04444940337223229,-0.30415079747475404,0.3957822322686992,35.442718982113874
Wave,-0.17300249906544546,0.15565231266406765,-0.2271403034454398,0.23149437806969436,43.071645919478065
Wave,0.2973798652096124,0.3275369085016874,-0.33502701463072565,5.342945914115872,234.42024022399576
Wave,-0.1431209441393646,0.04870961575789505,-0.28211127167023986,0.3353658324690858,50.26741881954628
Wave,0.13407175987818543,0.21318041846814406,-0.17902024450422202,0.261923990562388,40.1819307500092
Wave,-0.0507625204562486,0.12078796880512885,-0.45230034831774774,0.2487424844537031,40.2636630435229
Wave,-0.2068080736414898,0.13130020891531768,-0.30644319853144314,0.8897499740553653,84.85988771283027
Wave,-0.6878205381562207,0.09096372617053786,-0.07745729877760922,0.5268333524839172,37.15386578609666
Wave,-0.06777900233959769,0.19024584812796536,-0.3365543334022924,1.4933759842687335,35.77306496455627
Wave,0.29284659787384304,0.23931503522656167,-0.3024516102810605,3.4628733615918823,85.80150288684207
Wave,0.11417419981325175,0.21858696648795153,-0.3911806417134231,1.4559694666834408,42.82147823658839
Wave,0.12331265838984082,0.08480985839067157,-0.3453962441251829,0.3034043471677924,37.66192312679968
Wave,0.24305067076398357,0.2649741222292994,-0.3292882186864944,1.408373739245983,105.14641593673079
Wave,-0.0810572857611512,0.07011145733168872,-0.34686153382722973,0.45284695563955357,39.954392858809435
Wave,-0.1817641450040965,0.26601660108861575,-0.4817365459692554,0.46878364936673533,53.071681596445984
Wave,-0.09214060043624625,0.032885412092096604,-0.3250200006243953,0.21369659659156898,40.44743598159626
Wave,-0.41454732573640635,0.019015209850398528,-0.3779418950969691,0.4097268776899501,40.56723753162043
Wave,0.09095677454733904,0.1334736517356256,-0.3444612172842294,0.21795021182256588,49.250446980977586
Wave,0.248489478909106,0.1315719892105615,-0.21882743536898006,1.0503785126591414,45.427826744818425
Wave,-0.19728603516088866,0.18338884189305948,-0.21774965951590342,0.39290913691856877,65.44303444888136
Wave,0.584412202874553,0.1954311185496829,-0.2074696671922076,1.9988832029384873,87.1954747692501
Wave,-0.048063256712634284,0.18228762823480188,-0.27829562817944975,0.24340616327152237,43.630076391054175
Wave,0.0633907742031767,0.16520895042656608,-0.4055443365267963,2.153630025333813,46.445435315249185
Wave,-0.11388145669383888,0.23005118897782087,-0.40489157149213434,0.5238126250582477,34.256988785003145
Wave,-0.17229240298074727,0.29964345393424374,-0.22123117623957686,5.312180761798208,235.4834914254525
Wave,-0.3349369218459022,0.02521856445159998,-0.3663192784062243,0.34943412383877187,38.12728931250931
Wave,-0.08707627481037135,0.10727598733688937,-0.35564978128691505,0.4572695520654205,43.56395984000482
Wave,0.46381079254180085,0.2771234038422615,-0.24392077282565813,2.3366301475115185,132.20033348300518
Wave,-0.2779273003674093,0.14337506090483598,-0.112107721125399,0.4179950133286268,37.4310772519819
Wave,-0.08841578916062062,0.18832711696434626,-0.3587570760616343,0.4039351210662713,29.69606157317922
Wave,-0.029548138023568003,0.006707462818444095,-0.3390035688141355,0.22595607025183678,44.139988717113106
Wave,0.1000574213194814,0.24914051241893875,-0.0967773252256028,0.47377898068117863,33.86177577730603
Wave,-0.4347605909732233,0.04941717277532161,-0.3551397605782289,0.30173434143132905,47.21337388756719
Wave,-0.42242733692527057,0.058603092179308425,-0.2916308723311433,0.4119605863240752,38.94316954877057
Wave,-0.2617924591767717,0.16111489875134616,-0.3255418343783378,0.33835980253512077,52.66072755530598
Wave,0.1247940260624188,0.05225693589026649,-0.3857728412206512,0.30450952220798916,35.15822694081775
Wave,-0.23003716937761678,0.1269273946798603,-0.2883294878717975,0.3993992663359134,40.64252154520133
Wave,-0.25333873253664857,0.18427197497269537,-0.37161974700493183,1.4315143069537062,67.0728411006181
Wave,-0.1385465505385673,0.1396083929689091,-0.34235550977942314,0.2298547539038924,45.07988702257286
Wave,-0.1723071699806648,0.12318587355576822,-0.21962059627599678,0.2114397660726453,45.423292108862526
Wave,-0.08418047387890687,0.11947001620004276,-0.2806352701379574,0.8990133109014361,81.01857943686414
Wave,-0.16844762184515188,0.06709359678314396,-0.3451930747220587,0.4381852567782615,35.784551974827615
Wave,-0.3827332375026702,0.1273407205711021,-0.31588408684397595,0.3997271215032871,51.60904079718656
Wave,-0.1394448399672536,0.18776831881017508,-0.4106982328676583,0.3972073040204988,45.29294890472856
Wave,-0.2676746839671348,0.04731798527341725,-0.29021144328394743,0.27531345923638556,34.05008408422185
Wave,0.05217736614693556,0.18931097712308165,-0.3209987051506686,1.4515376957761361,99.70781409806341
Wave,-0.20893390064036965,0.08792288301149351,-0.35868440815125513,0.19669702529355226,54.13491540039417
Wave,-0.23026951577255175,0.12038678918805357,-0.31010157393824656,0.4021916917412552,57.34109434536307
Wave,-0.274964137213572,0.11508128136070059,-0.3885361980477028,0.3572354680977931,45.25190738617885
Wave,0.15196849925833225,0.08750169340691558,-0.2851364294701775,0.4770071494255828,35.025855203407424
Wave,-0.2742804595844414,0.02821156908133914,-0.22453196318106275,0.4070071953140112,35.61488146353099
Wave,0.10747698268429613,0.07205895766038625,-0.39508064816333555,0.4464830987264261,40.07944976449183
Wave,0.2371913149387892,0.14917329087591413,-0.2917262528131557,1.4265956027443276,64.08779519041411
Wave,-0.23049413334428115,0.03660343547519036,-0.277449362310038,0.37564595495481967,33.95346590776049
Wave,0.1842347823869689,0.16460876786285725,-0.3821895838060523,0.308460415168583,36.684118116749005
Wave,-0.17170723271836844,0.0617150797197996,-0.3257785193946516,0.3454908119015032,33.07751007245169
Wave,-0.22322059804458871,0.08861041285093459,-0.2586651407348421,0.31722314608095087,34.54441285774953
Wave,0.5141518395891759,0.2837474481010199,-0.26685369939794285,1.4344325706590029,95.7156160010975
Wave,-0.3954565892597246,0.024967554695074123,-0.38590566519978614,0.3645249065261762,36.407358819140995
Wave,-0.41828541388695173,0.10131387054351708,-0.26061767949957737,0.5018223647656409,37.156636411935395
Wave,-0.05794236090783652,0.039457483079584695,-0.4489437008843092,0.2800949296210139,39.15249653114865
Wave,0.0440423489198369,0.07825598359085348,-0.3498147576428271,0.33718073016831007,46.16881024678007
Wave,-0.2993890747726294,0.07897259210073046,-0.3294377364912355,0.328111979340127,46.96956558519035
Wave,-0.4546131014675233,0.01003291593125041,-0.1909034015730134,0.3857163741100407,38.721833476541114
Wave,-0.2331864922802403,0.2330732980118154,-0.09446481051629231,0.5055562709652588,46.38733144138946
Wave,0.09993968785677154,0.07239913053126748,-0.3259300824818509,0.4514592502880607,43.15611126876877
Wave,0.0913456867437368,0.07443618509645591,-0.4400076323229145,0.4963569251201796,33.058507570575145
Wave,-0.15395951221361925,0.03957584026005244,-0.40138690847773606,0.4082346980458375,34.437981841535375
Wave,-0.2568756463000909,0.08935372819466436,-0.24211670050916392,0.38780648736954104,30.911368207089502
Wave,0.190415088667436,0.11841533260815192,-0.33705565973509494,1.4247790357795884,34.35283152835291
Wave,-0.23132146013519844,0.039406930966127914,-0.2677806388560301,0.2908241917041229,49.71966330228752
Wave,-0.10240577715777596,0.22855426859878464,-0.26419806758328995,0.587784033964965,53.71785707393089
Wave,-0.4528277228090385,0.03479024027608404,-0.16469824791720405,0.4300594412356087,38.2003770079062
Wave,-0.11010366142407846,0.03485858646901062,-0.3991352499303786,0.31549795690945476,35.72366339735323
Wave,-0.16871759724099575,0.007694524226053294,-0.47531922195310694,0.3297896967897694,41.19930983088517
Wave,0.3567468994881736,0.3206173425275156,-0.2573075791464226,3.723605918016385,176.25785418936536
Wave,-0.3417999402403857,0.11972363714682752,-0.16188968199991582,0.46407256084425197,32.218257439283065
Wave,-0.3718674746440478,0.08586946779590796,-0.248168844733031,0.3457986288542347,40.94236377784313
Wave,-0.319670489818802,0.21214913183385198,-0.4053534094082607,0.433384212104524,29.037437732778024
Wave,0.39323113697405304,0.32968240403732346,-0.30145768799435957,2.193111468564602,76.27637471436329
Wave,-0.0907144268812157,0.05881163850635053,-0.2740718352906737,0.415294940226243,28.54251765853659
Wave,-0.3644038628355134,0.07201956851174511,-0.37347633425657734,0.2963503656938698,58.54129328350775
Wave,0.057264838657371434,0.0372876795064498,-0.42132664431418193,0.2832060412478246,38.03559718702184
Wave,-0.19738396136232236,0.02128121589905955,-0.3637877922875567,0.32497846953378656,39.34628198252413
Wave,-0.26138876925177434,0.09649167442107945,-0.38147035734214896,0.3762426476035844,51.857744935004746
Wave,-0.21098822310912735,0.12984999342905984,-0.32178409431550714,1.0755592041691042,45.54179132585497
Wave,0.06976308244914091,0.05192490425380094,-0.3205731629526551,0.26178851296102273,43.25128563698388
Wave,-0.36864224399371043,0.2322858927105531,-0.12378632464260819,0.5013218295252048,32.74734935310542
Wave,-0.13035380503567434,0.037640526134792594,-0.39773735984649505,0.2687259272117888,45.36971795400978
Wave,-0.3542932011694264,0.1154832910318079,-0.1408843423535491,0.3739647516777493,37.92514374835179
Wave,-0.23524906728630504,0.09814725338746891,-0.32916580998767997,0.408497620178867,31.71779615747125
Wave,-0.22347023763778948,0.07896146062319491,-0.2901113576661218,0.3443837581157636,47.41375453895397
Wave,-0.2703554879666172,0.12461164481238093,-0.2812371464769476,0.4752047439566986,30.807325687120333
Wave,0.07221026074406123,0.22223079886518787,-0.09813881836267464,0.4574447102556289,49.24815318156314
Wave,0.09588077970606759,0.16840207033452043,-0.2693001770854897,0.23122850257412905,50.38883503139199
Wave,-0.13569326733243653,0.09333033979773275,-0.4882181383238004,0.3254513859752186,39.76491712856621
Wave,-0.3296962557076907,0.09369637530409679,-0.34442902409051956,0.36946276425329155,38.043349149221605
Wave,-0.11936915225658314,0.06975160848152621,-0.2537392814680774,0.3165489108901595,40.03900590378371
Wave,0.20402260929182178,0.12459807341407134,-0.10488759942993933,0.28191360558567174,35.81193587205386
Wave,-0.18015209923137548,0.14900040471994624,-0.33969021025581075,0.28487073185174894,41.251462992400846
Wave,-0.26302313190259646,0.08089768050188088,-0.45322819600600817,0.3810788229272925,40.36842125512115
Wave,0.0788999799118747,0.045674718755072514,-0.3969594783203824,0.4304487182777802,42.449894731248676
Wave,-0.1985438507676619,0.11907076498780085,-0.31896485405323555,0.4319542300978661,50.500784385672276
Wave,-0.1819125597066047,0.06428921332349735,-0.31474206030720614,0.23586841948739087,46.05896715539465
Wave,0.21723466243147915,0.13609815842076628,-0.2482372143390161,1.0588762957334774,43.35876588469199
Wave,-0.3806912242288161,0.10067746926203898,-0.39420431698473607,0.4585350355506519,53.451176099645636
Wave,-0.23459919444972896,0.029869219973543547,-0.3562145334099347,0.407739842280481,38.87122539550672
Wave,-0.3296656040467406,0.30254814298762345,-0.041279685267028056,0.5745586226365491,37.1122574154989
Wave,-0.07013156808618401,0.09650785485165198,-0.25871031235107494,0.3743789851345829,36.87730791485349
Wave,-0.19791685757486915,0.036375942371981135,-0.4110860735068655,0.25616172162778966,44.44290215493896
Wave,0.20335880630749403,0.0899548630276775,-0.235602081236278,1.324348436736131,78.68978407383554
Wave,-0.2369545975816609,0.07699648592559609,-0.2903430057259651,0.2695870944746091,44.85936220632917
Wave,0.43944004632587647,0.1994266366732454,-0.2775395402651156,1.2727550513497485,93.80175372959485
Wave,0.07590391687479034,0.09676698027489129,-0.3640976244088638,0.3425375747654265,47.80062210996528
Wave,-0.2108880297832264,0.2162708536838866,-0.24802978506047185,0.3736000484797799,30.710295394263163
Wave,-0.2812293509927451,0.17390124382543495,-0.26188578302847565,0.3847041480547839,59.72069514478783
Wave,-0.3074934871196317,0.031966164529259565,-0.3667028069726676,0.38923448450871945,37.5147167846373
Wave,0.15507459841175036,0.10044609107927216,-0.3620505478574599,0.4828972233707426,40.38541742220883
Wave,-0.10491012113673101,0.09664835906044586,-0.2315057069904775,0.4209242817768136,35.110479796338126
Wave,0.11965274489285592,0.05576328639544782,-0.3677676691617039,0.2589018562664218,46.441550659789264
Wave,-0.23104922161308888,0.2782877410740774,-0.2891417349757521,1.4186590887384432,88.09353028868213
Wave,-0.2299406047362724,0.142517133109751,-0.3000723647452415,0.36350707138253663,34.242745512056885
Wave,0.23982921752714692,0.18515040520792375,-0.2184054888971705,2.3110050595751215,135.19134239651828
Wave,-0.09531500149018109,0.012671542718054953,-0.35269971472766526,0.20248811004112194,42.61197172270778
Wave,0.12739717813309634,0.0980507449238257,-0.28460742889560003,1.3314684512065444,75.44452872225068
Wave,0.1508978092590191,0.06687697599616454,-0.34235618309958266,0.30152718956443464,41.55262232628603
Wave,0.1947029171250633,0.15996508313709745,-0.2610990247855478,1.34848518819776,74.90411332810089
Wave,-0.3060889419532895,0.29303872082576643,-0.043473672659812355,0.5371292096383407,44.346756202653395
Wave,-0.10457498892354268,0.10541746980232389,-0.32127425013484945,0.32872209688284526,49.711707174165234
Wave,0.19910054032703015,0.1570351081990217,-0.28218872504156955,0.24087706484770807,50.325744182573516
Wave,-0.20679196022198187,0.16192499214234288,-0.24511110277560455,0.4974734793967066,27.11214940618595
Wave,-0.09906185693232501,0.10787045886269883,-0.3672913431676478,0.3284377082826342,47.853910910338556
Wave,-0.21689695777369905,0.22171623070149407,-0.2574629657107199,0.526391685510942,37.47691813994164
Wave,0.11790503659197503,0.1546413126676881,-0.2421022768480645,0.5411914447358042,48.15057441829889
Wave,-0.4534644756536896,0.041205838469847544,-0.15808780729948976,0.4153018271734327,35.111802612141275
Wave,-0.2430851616746862,0.06684058369841775,-0.29866326757149886,0.2715397128451481,60.64158030004387
Wave,-0.13418104909644085,0.27482424984181436,-0.35061607702267933,2.4146853677801268,139.7977368743424
Wave,-0.2045570837254802,0.10681056192547567,-0.26064237421938613,0.3697999132396261,44.43002204773958
Wave,0.07775129328048241,0.2716322407422338,-0.25456297710366255,1.4526398436577916,25.275189625069267
Wave,0.03900141582994944,0.053580651994448544,-0.34720275552854385,0.33646457766395554,34.88588219925307
Wave,0.36057472738069424,0.19227391427954169,-0.3348019133708557,2.3815702881729934,134.4870531080057
Wave,-0.2779333489040367,0.0598018875767384,-0.30666949942597715,0.45297637087761766,37.805066929039256
Wave,0.2981214997930582,0.17137743298571032,-0.30423392524426185,1.2864744032760367,96.77143489461497
Wave,-0.24308415405193437,0.057970791434020064,-0.2648132414206851,0.3640852474158997,38.55762741226653
Wave,-0.10778414928017402,0.003069325976272772,-0.39104625285440847,0.3445931389858359,37.2290230706176
Wave,-0.25958304207675487,0.06497678593032416,-0.22391733555181895,0.41824864440167114,38.8133760880892
Wave,-0.11790297266962282,0.112006372131258,-0.49833098355331185,0.3650888671510663,38.9406225286548
Wave,-0.03412505551755865,0.02751547752088755,-0.39140564687241164,0.14299280824454458,49.636958003323834
Wave,-0.035930353821641864,0.005783960121629781,-0.3851475365147142,0.17809744496906305,42.84810339588575
Wave,-0.22376044919390425,0.2541601306425492,-0.3398070341147733,0.2983859453537562,57.7913875470976
Wave,0.11949432369435423,0.36916643439902386,-0.19886846647404932,0.5823306224305319,64.25535106194978
Wave,-0.1836974011397902,0.0952016164339972,-0.2998873921027068,0.32624076706799027,47.69917962523819
Wave,-0.42456131432529653,0.32537745949070995,-0.22888415151750938,0.5158678902772247,55.92810926309164
Wave,-0.6058870000376346,0.1352140691423829,-0.2863266527325745,0.3224895247831711,40.26562759544803
Wave,0.11077990248825549,0.16119189625082003,-0.3132982510249329,1.0846434994830338,45.9217916642672
Wave,-0.17766046253743972,0.12592922451513333,-0.25047775402486566,0.3098564228110332,49.964659470534585
Wave,0.21654863820633663,0.09400102122407704,-0.2636396914083246,0.23136843351707725,51.35391164319736
Wave,0.26247590002653176,0.09167515642790877,-0.24534226372875434,0.5438059022387102,42.638031575870286
Wave,-0.29449721841623333,0.07867534470637816,-0.4194842072515948,0.3843852850309553,40.832220656209145
Wave,-0.2310990690955957,0.1484939775823318,-0.4464661151606696,0.2652515005866458,52.703251712741064
Wave,-0.28333406258656485,0.14368054311246653,-0.3709839846645747,0.3976523524482688,55.34029011924352
Wave,-0.3096032671690488,0.11876758816936091,-0.3733443984325019,0.4202508133265548,58.271852878922715
Wave,0.10963042685576055,0.15762112297098274,-0.3280026464065939,1.3834674091842225,95.34792747463788
Wave,-0.07913319282533435,0.10433621329301586,-0.3968112050071964,0.2999605343301787,51.5516424671183
Wave,-0.33370646973747403,0.07307243512711904,-0.3126423152253219,0.41992742943433137,41.07366085003442
Wave,-0.5425887089930803,0.07649833655303373,-0.22618229106115692,0.41566506588493335,49.47000187565943
Wave,0.3118883932996233,0.16293968100476852,-0.1447411604102785,1.0949689695592428,44.381291423847124
Wave,-0.10006178076650118,0.10198885282713402,-0.35254718846350197,0.26172176498284244,41.64837695544548
Wave,-0.1298695832801186,0.15424703721333763,-0.40502553423759713,0.3473811291525939,33.59255714037519
Wave,-0.5352533550940987,0.10148735780774568,-0.28792470749013477,0.3977852782101211,45.401061885676114
Wave,0.18901690277723956,0.30982724850115606,-0.29434145427233316,3.7387329018489694,186.38686238268372
Wave,-0.26607093351416344,0.030934779949549417,-0.4598969824055759,0.267574911076644,36.60150379255987
Wave,-0.047419774596420605,0.12691672996630438,-0.41381269208607185,0.3096669803758042,37.66628636679594
Wave,-0.18302678635831,0.025090521483503502,-0.2007452643031626,0.2883020119207973,40.86559930057456
Wave,-0.19302449302035174,0.033564548118694304,-0.4028261704316716,0.2841595071633467,40.24359656612488
Wave,0.13343344621613293,0.21589630418799963,-0.21812007110405612,1.44735031941826,70.81405684816824
Wave,0.10407185215684943,0.15536531786920332,-0.2991995879849982,2.016665098346168,74.23076095302736
Wave,0.07567423036992993,0.17989486193739085,-0.1694536669884344,0.6757386932864109,59.94252246964251
Wave,0.06534168215737239,0.0868547266167082,-0.24736617600009767,0.3071555576619827,60.53584779765936
Wave,-0.11163794750330214,0.1627555948339386,-0.39188538725789257,0.23797837506274852,54.68414612375308
Wave,-0.07164157651238995,0.07234229055529316,-0.3069785000665471,0.20550847117256954,50.27321291473917
Wave,-0.17734218205895574,0.10310931318094303,-0.45746707840765716,0.26117590936757346,40.84158425332097
Wave,-0.1442407723552859,0.14115793367162505,-0.26291264389311025,0.3458581309854727,36.036450483062346
Wave,0.4911430996964336,0.17601574933365965,-0.19710129079681482,5.336644657811024,244.82668341132253
Wave,-0.3051120094090367,0.13316547320328762,-0.1155198973058033,0.38039804537676647,36.38509065358882
Wave,-0.42664061325426006,0.16739213511406487,-0.10083018306862977,0.38701444571922167,31.816638341521582
Wave,-0.3452335007562649,0.07586626612902654,-0.35559387894330063,0.30581015832059394,41.96231739183951
Wave,-0.3007302954205426,0.08058477093442122,-0.20183771241157364,0.486708875089731,44.08692486202433
Wave,-0.1641088917235119,0.20201699767308834,-0.46422359021200754,0.31010549403211135,56.25278736135528
Wave,-0.40499363840190317,0.029692049173671065,-0.3801791513772638,0.36846886950126373,40.7696131279033
Wave,0.2740200510614122,0.14211091417952007,-0.20730493841888017,3.323188899400747,81.88881038942124
Wave,-0.15986974268995263,0.08251699252107256,-0.4091022325203725,0.3134034244223171,43.997499220878666
Wave,-0.43999849469616015,0.0991228735190582,-0.27922196185517584,0.38521591993376086,45.10701132756742
Wave,0.19246671580855373,0.0785500800121601,-0.3124486396755644,0.3894337589678983,54.72303011149746
Wave,-0.4529316910474519,0.02777943438790399,-0.3530736502596283,0.3603909560339683,46.66636079476811
Wave,-0.26346460728459503,0.21005323000128842,-0.08962379963676154,0.5066530773111957,37.735877570302065
Wave,-0.4041918791855724,0.3317661354327163,-0.1913075779035535,0.5340820617820354,30.324314762034877
Wave,0.0826375280158998,0.1292766693425618,-0.34376063693735737,0.2739250115848351,43.20346786957912
Wave,-0.2823531782463102,0.05411949590558488,-0.44519281607537053,0.2641314917518567,36.732167958330386
Wave,0.16934562236081596,0.03078146818381461,-0.25670329259126523,0.1454060122044446,51.73373281474768
Wave,-0.22664045882829192,0.018282556303521914,-0.44935584811678947,0.3676770817255963,40.40581218874556
Wave,0.058155554941628995,0.14081104990219,-0.3153149804168095,0.4273938360337185,29.68048243805874
Wave,0.03833167277737357,0.07041943897385214,-0.304623982313802,0.4381806856051377,41.88498200920544
Wave,-0.2152984946967965,0.03293871232782415,-0.469641515263959,0.31334994741529976,44.67192932828151
Wave,-0.19070819923082583,0.027908671236880612,-0.3783952424490874,0.24706779070738744,41.815892639302206
Wave,0.108100796637116,0.07763836387944537,-0.3322736986134264,0.27424169746886456,40.96249501320584
Wave,-0.4068692870146947,0.18886706949835252,-0.4086983033058511,0.31795740109330517,42.21424348093507
Wave,0.18092574068174067,0.11830395276859136,-0.2581264510246182,0.27574432252198555,38.84999080988577
Wave,0.1899236716494423,0.26807206804307376,-0.22773428030766707,1.3853121470364977,102.96033217559979
Wave,-0.13663869787426836,0.05907733426954438,-0.31705719206075894,0.4386156867607044,39.694125549017635
Wave,-0.2246052330686405,0.09593868779295253,-0.4530986582111771,0.34072800346142146,40.864041026770984
Wave,-0.5799794051299075,0.0521373155893103,-0.17234028853124447,0.43705880702650673,38.79999514651356
Wave,-0.057651539042459635,0.14484578068668869,-0.4026033312177069,0.26132922296875294,39.58533186567073
Wave,-0.11072515717886874,0.07291102914098788,-0.28141044778578844,0.2959558462941936,38.90073183705961
Wave,0.06275853276364098,0.09596704231143505,-0.29925934672776805,0.42547588900155314,33.22199382376743
Wave,-0.43862098242720904,0.07523655798246134,-0.28617158769686313,0.5146714626112895,35.80163021045887
Wave,-0.4157282838341877,0.016002086443341713,-0.42367301213956743,0.3472277191724486,39.5818433175815
Wave,0.140543401123017,0.18451092051826837,-0.3685642005602554,1.508086409026453,57.8914608423745
Wave,0.13755003726503012,0.29171150158910203,-0.1901453495210879,1.4166893194314962,47.48557428707316
Wave,-0.3698383846513382,0.009222428928302936,-0.4176698850251918,0.3201927748844403,39.110991768889065
Wave,-0.09757439538522514,0.11348019057366306,-0.21628838279552362,0.43907774723292914,43.537907305934965
Wave,0.10998684138011303,0.08496696117058769,-0.21094378717501136,0.32621322248470513,35.98197581068734
Wave,0.18660610818732648,0.09742309131994459,-0.23597546005871065,0.23314571192830874,42.6066197142194
Wave,0.15582309959786392,0.42783039387091043,-0.15141874917491524,8.464768087739486,19.208330016298895
Wave,-0.5274089268011563,0.20176144662967915,-0.11794836779741151,0.5297854295478962,36.8648576295294
Wave,-0.12252268711770345,0.03395176577435504,-0.33739366773923224,0.24234689429879155,41.13394966333993
Wave,0.08686883205658591,0.23823724110167896,-0.2109524407050701,0.4417246361137381,44.407369406519614
Wave,0.19543119694106498,0.09080578356319155,-0.3235268173520802,0.42584951815224714,40.21507859829935
Wave,-0.15445763538963525,0.22853403029037606,-0.25960686175464665,1.3860858859616472,102.55355721274782
Wave,0.31265846728958147,0.2399417547555663,-0.3055988388438548,1.0927712369157936,52.87062243516397
Wave,-0.0325121354589398,0.053098147185297574,-0.4040534623218879,0.23363767917044997,47.10788429259274
Wave,0.226790699285868,0.14850024609791213,-0.3713577566747224,1.4358116184010823,34.01986685031416
Wave,-0.23313252544331176,0.022145271075244964,-0.15113366258044553,0.278467580520647,46.275364482110994
Wave,-0.34413130954121784,0.09642806125707261,-0.5050335228332739,0.40013805191519014,36.86199645840888
Wave,-0.05026013473479658,0.0811120430673017,-0.413426635289357,0.5237540853574157,33.51515322520132
Wave,0.14248556436571408,0.13167864548620734,-0.33109918855780435,0.3510026016831049,33.20322642794866
Wave,-0.06421443101351884,0.06488550613070912,-0.4175402583266809,0.20618295771639233,53.37869567344826
Wave,-0.28837720668548716,0.008220043101238738,-0.41644452134757987,0.33932924471724685,42.28725270850474
Wave,-0.4401305759792251,0.03070538130382495,-0.2744468199862774,0.41029937016365253,36.27784021765201
Wave,-0.14750286978162802,0.12208150286985804,-0.37926589080759426,0.3052833404166286,39.493153202455154
Wave,-0.43810182718255897,0.1038061622823786,-0.25532181062458376,0.5135646718393186,34.41667556241733
Wave,-0.49561563839907546,0.06675286107929691,-0.15546422438658086,0.44021634623530403,35.357149525396586
Wave,-0.051910450323056356,0.0801247358212355,-0.3059012066280917,0.39598053872756617,32.87920404732615
Wave,0.1921411203555993,0.14738602367180348,-0.4684821301689548,0.3151953637889112,48.440540423246404
Wave,0.11143126844773428,0.13289315417087919,0.0036504881876312503,0.3219710132898168,47.31313228913237
Wave,-0.5412419191841434,0.051646140781680526,-0.3864143749522631,0.31305701800434066,43.599605600661306
Wave,-0.1146801922806411,0.03858670989941633,-0.4176314114108193,0.3671501615497528,44.21236568774693
Wave,-0.18935410910234307,0.051145490018465155,-0.234373260581888,0.1962124039365886,44.150966505975404
Wave,-0.266939741706163,0.08471746274624872,-0.2482340219897963,0.4936407203419635,33.54249471857483
Wave,-0.36030359870630646,0.12238685602769721,-0.43790974422334517,0.3992365249984521,31.106293636986088
Wave,-0.10183308067027946,0.09483189361034136,-0.32092826083665815,0.29074378407963075,37.767481816314145
Wave,-0.15644246648163918,0.13974466492945842,-0.3014952469851796,0.30951193619079687,36.321783712080176
Wave,0.3305418862020636,0.16633168686442246,-0.30774807264554876,0.4837520182796782,60.99772154542317
Wave,-0.2921987335452535,0.1610611693546567,-0.2354231784583609,0.47589505086050066,41.62374447052555
Wave,-0.052400945972181485,0.0683583195010458,-0.39629828382556664,0.409995880454598,30.340225605077308
Wave,-0.26174181964647514,0.005285697716418977,-0.34193061112221357,0.3003046054854596,37.48811437564879
Wave,-0.21756776978456732,0.22463077153541278,-0.6410937245321018,0.35524651345356334,54.36409763740284
Wave,-0.2078871585246136,0.05736299195702985,-0.3676356153119107,0.27575655445275543,40.79507992565535
Wave,-0.23586185969025386,0.04248415341226901,-0.35393029830063577,0.3746905148220094,40.56313343951005
Wave,-0.09745486313717441,0.056422319927749855,-0.23668660094529628,0.4264027109381701,36.42752257290077
Wave,0.07595055163305298,0.07589885763849993,-0.3200220284872085,0.2899482740142105,40.783174949759925
Wave,-0.1776744328022546,0.02550158732088509,-0.32297876467906955,0.2332725393918473,50.85607159237773
Wave,0.16301230720033574,0.11656782117388646,-0.29754729319966855,0.5034220258801588,31.16779598224082
Wave,-0.41984053151563194,0.1078682644412388,-0.12579292282444096,0.5009838318547211,40.60406445548381
Wave,-0.221756687028217,0.049707263752329346,-0.4437468147024034,0.4462126917338208,37.47893008720598
Wave,-0.508571288657814,0.17634039244291394,-0.1654861348906086,0.43934107530822747,30.84887519105085
Wave,-0.06117066455749506,0.06871228781506936,-0.441685562994834,0.34507314988847415,32.4909230448904
Wave,-0.16133548979818196,0.10714241105764497,-0.32586201439547796,0.5634599285131986,69.63857401719874
Wave,-0.11310159950680425,0.13134891627873418,-0.29556080207643315,0.540632588242924,59.16370422145587
Wave,-0.3318243240558167,0.059163836845753034,-0.3517371578201618,0.3306372448904157,50.268237591516964
Wave,-0.38325196885963486,0.13456976820496372,-0.26189125023935167,0.357155660575646,59.820437089802596
Wave,-0.2661767719677732,0.1019659949982928,-0.3163125384422564,0.4273120866246355,34.45276900265663
Wave,0.22196806391822407,0.0465776811061035,-0.25431830015316625,0.15135279851428224,45.37218168597899
Wave,-0.1369630759109578,0.13184385736586737,-0.4007248072898515,1.387790149904217,77.67167627997883
Wave,-0.12221145444533985,0.08046267421219296,-0.4109456134786861,0.33930184857341084,44.11236049976416
Wave,0.16791187535298627,0.04769640767040696,-0.37183070910695987,0.2173525222127951,50.315925752488376
Wave,0.21535121753934683,0.09158524278879529,-0.29528895425017576,0.31774689859802513,48.943412483850665
Wave,0.47150613282146503,0.15469504585274726,-0.22386844950841434,2.3388948777282113,133.32686025113523
Wave,-0.15203684021630698,0.15218357456650713,-0.3163289878251339,0.5915854536399988,72.59984094524245
Wave,-0.4837583824013649,0.04647819501315836,-0.32825522074932395,0.405207350926105,40.44799776629466
Wave,-0.09043050663749337,0.08958567251689628,-0.2634643248697041,0.44524330157421826,45.28565796472438
Wave,-0.12398892764528718,0.01623304638753815,-0.2995115857117848,0.2740127921726555,41.74935472079958
Wave,-0.07938586141078022,0.07313952428158832,-0.3502020068753858,0.25023116722287475,38.54008355561997
Wave,0.32537049212916636,0.1754479976748155,-0.25743108370528756,5.319331124471098,237.6564487696722
Wave,0.18069944532767374,0.14109034672151866,-0.16061915418133624,0.446333055139347,44.394399345110266
Wave,-0.17760942878443753,0.24400214393579361,-0.44962728095916565,0.30354626900384996,40.58732300433147
Wave,-0.13845465551794098,0.1512660071440058,-0.2623107509159351,1.3492412576228947,79.60818456792848
Wave,-0.19874604819939784,0.13302299965929124,-0.277770873186866,0.47332743285036893,58.378636441751034
Wave,-0.40056742176178556,0.24850203035548207,-0.6115662877938988,0.2736904216289515,54.412389667379756
Wave,-0.6170927136964957,0.1637984804112779,0.02319834825683122,0.5452600498519063,37.41317318947908
Wave,0.10261085357324265,0.07268082756368086,-0.3773538572548086,0.3068814621818196,43.70318412266778
Wave,-0.23758498226591301,0.055335293828112364,-0.31555114065801765,0.3549837770619349,41.54183111992478
Wave,-0.30749815272092357,0.05641874551624619,-0.2759051740945866,0.29109679838184493,42.83661584620809
Wave,-0.09325825273094265,0.23560482188730347,-0.2661512742732775,0.3568041036234244,42.908027383713375
Wave,-0.24622527658264565,0.059549569897946276,-0.2853153220280225,0.4480895231364154,33.898924000738745
Wave,-0.23920587313117114,0.03625752787367766,-0.37848926594863375,0.27983092099118384,46.27844897607802
Wave,-0.3440663476952261,0.02016865694475476,-0.2929470995149841,0.3707236952586881,39.837803612422924
Wave,-0.13814984663739519,0.09172327902450331,-0.37078306244605996,0.2456591005893015,41.324728160726764
Wave,-0.23630114188206763,0.1240242841835093,-0.34347487528296927,0.5170955371521695,32.3137343111917
Wave,-0.27249784737588545,0.08246918992960028,-0.16107865573283114,0.4182522173294097,32.63054153540232
Wave,-0.12247405034882389,0.07971308153974285,-0.5165680673845378,0.31410384693320714,39.67345539643213
Wave,-0.21287509460446818,0.17995336958017738,-0.41372942079371694,0.8802398207019662,76.89377509185087
Wave,0.2689146712997133,0.08417728754652497,-0.31402479479236844,0.38524869510070664,42.574619712791126
Wave,-0.2711654005988019,0.018262516531443868,-0.40624516095445334,0.398359975730825,38.99369144072871
Wave,-0.21045967458148007,0.04412364646539608,-0.3798010238610196,0.36930103620532817,35.74979809365424
Wave,-0.34646232749907047,0.1412300015948313,-0.36905414523536395,0.38462883493681194,34.87915295648692
Wave,-0.2638350425035885,0.040533244812406694,-0.4796125049924997,0.36651134483226966,46.43054598794315
Wave,-0.2017643793835877,0.07303270249672658,-0.4796676728956868,0.4443140368525089,36.88059120901536
Wave,0.18186854206088332,0.35053274160798364,-0.2994582790261348,3.77323316298722,184.78470695999675
Wave,-0.1492740778252072,0.04083934409624394,-0.11930498547895248,0.5509740478411161,71.38154761791739
Wave,-0.23357975753883695,0.05361645848960446,-0.32855095162842174,0.31282584878548964,42.74655107077993
Wave,-0.4227797140144256,0.06213824280770268,-0.4856982309099451,0.37298096965512734,36.21126171812238
Wave,-0.27610192579850446,0.03741393843054769,-0.38454702663507184,0.44605411878688783,36.63210069323323
Wave,-0.2605478327916006,0.15581724291086196,-0.40585967754923336,0.4443203372471036,58.14460195645309
Wave,-0.12558117232794302,0.07165739306065826,-0.4468304651947821,0.223450657158771,46.82242654608997
Wave,-0.2027389118122787,0.2538145483961,-0.14064853935458974,0.6643681918343827,59.54467862201992
Wave,-0.5506735222718702,0.06399307152210834,-0.19949175450677512,0.4092628348351629,44.77596817667755
Wave,-0.3375744103410418,0.026888504245062627,-0.1798756325700629,0.2726083411055824,42.32121274813671
Wave,-0.328155457853234,0.07512984458879149,-0.2100918499064139,0.3899691044672348,45.43389052490352
Wave,-0.20512962600285214,0.02743643400037816,-0.33739257593831506,0.30600281546629615,38.425455149803426
Wave,-0.38426193728253955,0.057231988052515524,-0.5029997997204348,0.3905019052624591,43.494812831509364
Wave,0.2390018213089968,0.24603990993695404,-0.3441433251324945,2.370356558137506,132.3623386911207
Wave,-0.27768228773427045,0.047255696072732285,-0.3018912465336546,0.21420798757321693,55.26025404984028
Wave,-0.06866049534349025,0.092900897017258,-0.3784665443851785,0.2257385848566489,50.493383421133295
Wave,0.11383567949068135,0.19552317052187715,-0.13362242063545993,0.2958126350103847,39.18374254243574
Wave,-0.37218967937703873,0.07523655798246134,-0.3041701308421048,0.5150271681950878,34.10529394514959
Wave,0.26429373393518013,0.21082845794652974,-0.2577692168865687,3.4137329866864063,81.3085365897074
Wave,-0.2866914810947764,0.16126007111776813,-0.17901313658506823,0.43510708847302476,31.470094633823493
Wave,-0.6234540026238302,0.11452367867261812,-0.12116802448895977,0.5189720167010076,47.182805267967446
Wave,-0.21076248858485352,0.08100163229503116,-0.23637195092142974,0.3834481970359921,32.737636651075505
Wave,0.03949811350676957,0.10612825991564215,-0.3556778191086555,0.23622322092029954,40.25574474581075
Wave,-0.2927861248829714,0.05468558357259325,-0.24546264336081752,0.45843338445741,35.45058481233839
Wave,0.1452378338595032,0.07759767889821703,-0.31000477414375677,0.38637434596153897,54.69895918700783
Wave,0.1349617832988136,0.18942040512531894,-0.33705466311606225,2.1554041484848416,55.39038408305216
Wave,-0.20624301074585186,0.048329467054941594,-0.29589127185883446,0.4209765574832216,31.124975489959958
Wave,-0.2736457375724359,0.13092396704432602,-0.3072948827091789,0.49472842772948644,30.84668997200842
Wave,-0.09869839270632433,0.09711796218867405,-0.31032834699846845,0.4171249912419332,61.12560085597039
Wave,-0.702835080108058,0.15835000220133882,-0.35220246251659293,0.43718694411050113,39.67872325439752
Wave,-0.08031120517710975,0.0266001430121739,-0.46373061186622183,0.23293824526992368,40.724852583006225
Wave,-0.12134023887647981,0.14025736971036767,-0.27035604027648275,0.33660583855259246,38.561370303248495
Wave,-0.28127313358135764,0.08666839736135344,-0.35183241502788026,0.3759960889247401,38.142847978238756
Wave,0.10511527294290104,0.16298447511673683,-0.3695689524318756,2.3687747933020398,133.28005956145256
Wave,-0.1105782426185615,0.24409821973274357,-0.27583804405606777,1.4127776720248915,102.34671553965899
Wave,-0.11455278376451955,0.2564001348278399,-0.4012691893877333,1.1637582939007263,44.85888534352049
Wave,0.07511792875911857,0.059095244005004176,-0.3294286966156485,0.2957388650289536,53.81434611790866
Wave,0.35953060435551043,0.1423642412574289,-0.30674289398497695,1.4146730907460665,90.53174529563749
Wave,-0.16089334939188682,0.09838030133187992,-0.3033756873163748,0.22684089538727906,60.792261730154266
Wave,-0.331095845506635,0.11505563557892291,-0.30767780457598903,0.3756184302894278,42.619833954858365
Wave,-0.13756011425397377,0.12600750844964612,-0.3494110406740327,0.3588753882899226,41.67737384833232
Wave,-0.25498089070613666,0.09988975330983693,-0.2866957116625493,0.4932657199979541,35.185772735221526
Wave,-0.23185479349062296,0.13200702554836585,-0.3886541291651446,0.2983893103966871,48.645476567496246
Wave,0.12242173540890353,0.045139245621380754,-0.3554640084756088,0.28929107284860556,35.109275288816285
Wave,-0.4714143691814074,0.12777888704134566,-0.3585714977635557,0.25346062931109076,41.870478333243256
Wave,0.4286294193854655,0.4625514313233866,-0.3019682453365899,2.140070801177224,83.34004550280139
Wave,-0.17128114005217535,0.04550829411467276,-0.4061658140000967,0.20990573556121322,49.69380023336254
Wave,-0.2730995371671096,0.12131195850377083,-0.14599317250144764,0.44103304526063497,32.96242819734718
Wave,-0.16194662548712785,0.08463355105497862,-0.3770632578857815,0.28268596838960225,41.11915190344514
Wave,0.15447399382575724,0.262742086704432,-0.24171370431972689,0.5130254285036578,57.48369853827937
Wave,-0.13265529604653037,0.15962561096671546,-0.2484388885729675,1.3855070548304427,89.5202702710498
Wave,0.20402768802857502,0.09543961675746471,-0.33115278176525414,0.46380158302168556,38.508001616618415
Wave,-0.2069201439313745,0.039874407310709764,-0.34171786290772715,0.3520258608224242,38.26273911503482
Wave,-0.22467922630703213,0.12072263663802116,-0.3460872850964123,0.5855299300137742,43.74594592328597
Wave,-0.41133916465505554,0.14417405335216643,-0.5160929023394849,0.2668325423631172,46.39112148396886
Wave,0.24251151430836004,0.15016676012809982,-0.266230654605407,3.9987271422769144,153.5984100940503
Wave,0.41859486172987415,0.4106384505498258,-0.31900108805040783,2.3332702795737688,88.62705972378782
Wave,-0.1356386692739206,0.031995299449786706,-0.34629545673171275,0.3096780517900648,35.92034182169329
Wave,-0.13742739818744154,0.12433244532436416,-0.3815972635821274,0.5548232754589693,61.41136450183968
Wave,-0.4202396604789289,0.09138756805893491,-0.4207985556572152,0.2357383024324743,48.62350632665513
Wave,0.22828795637582866,0.21314809696050144,-0.18584227898698163,0.8972203905955718,73.78990664403801
Wave,-0.3597324627407139,0.19430001284832113,-0.30583829140695257,0.42926574177666066,60.32470238172901
Wave,0.04869495976585447,0.039826692089173686,-0.35083231451786584,0.19972790294888743,54.328146846342676
Wave,-0.12745457355580653,0.24601702498034062,-0.22172326406086582,0.37178144405951064,47.11874341556732
Wave,-0.2837051365204939,0.04126120059445458,-0.35511222243685947,0.37495081845463074,40.40905655734231
Wave,-0.14464272951650123,0.07385968731517313,-0.3010576773104645,0.3752029758006669,54.059637481204035
Wave,-0.32077942147875105,0.059515340350033086,-0.37289215660921016,0.3210790197832662,39.3872218265161
Wave,-0.24707222297069226,0.06819454151960909,-0.460641669078395,0.3372578948037595,44.06607172257402
Wave,0.10422697555616912,0.24180347770603997,-0.3116164423328885,5.357187230575431,238.58386750679804
Wave,-0.2526153803066451,0.13414252257276166,-0.23378833590747772,0.5059001936079113,31.60385396605773
Wave,0.11135476919159891,0.26006791864429435,-0.2751567224480154,1.125190606459859,59.717635163731906
Wave,-0.4698437667957496,0.12710215814170517,-0.46443062947982017,0.474064721779831,31.618477050389796
Wave,-0.24180940860095135,0.06268787666427567,-0.44886475086539795,0.2661617369923136,44.36552409658049
Wave,0.5885566856362496,0.26558888213322807,-0.172966777416833,8.539830638063227,56.32833245944022
Wave,-0.15734860090358505,0.16833321226440934,-0.23235222556337856,0.46043148802028877,67.0952661991146
Wave,-0.09624989126199852,0.11848144913213043,-0.35033178817691507,0.5503351315729949,46.98595069288285
Wave,-0.1405567222297741,0.07255623715438002,-0.32169349853125073,0.3616981573564521,54.68781448031725
Wave,-0.11847962992762574,0.0911970465770279,-0.29388624720401607,0.35987226198752365,50.84539321804945
Wave,-0.05794236090783652,0.039457483079584695,-0.4489437008843092,0.2800949296210139,39.15249653114865
Wave,-0.2893106393890715,0.05468108864173893,-0.38242765608652,0.38052057883734186,34.08762154385628
Wave,0.23241032945929083,0.12076705802001615,-0.3440119558511233,0.43910652718485316,42.91083569893707
Wave,0.03316553807300067,0.11631456849178907,-0.30062554104767586,0.4562070623573983,29.154977736219614
Wave,-0.26980849943190144,0.01265394220500211,-0.23005251650980926,0.4166138720332202,41.34430293130219
Wave,0.15050386565499685,0.08662060285873568,-0.24513052045225836,0.2722574586057504,46.66619004709267
Wave,-0.09260613313067773,0.08634574650058774,-0.248711055705653,0.4397778713763369,29.14581662998694
Wave,0.1274019018528144,0.23156428984950111,-0.3194083869229328,2.1268928100752316,82.9405501742466
Wave,-0.1439137055840714,0.061062702922681365,-0.3582885483463562,0.38489227229424594,55.194304753100134
Wave,-0.23917550872803056,0.09624615582987193,-0.4646976731859314,0.3727192639443804,39.761617632356604
Wave,0.38753405349439596,0.1615477512407623,-0.22193562316577228,1.0246159735510458,49.03421587087064
Wave,-0.09667972248474913,0.12165479290770993,-0.34790503243470494,0.43175641980288776,32.070045971227465
Wave,-0.15123798787532067,0.09473390512388116,-0.34295764552666874,0.41187794726922605,38.02944507897604
Wave,-0.24712273019822178,0.11868080403516394,-0.19728885064936785,0.4893047075656897,32.88405926268078
Wave,0.18883278262869102,0.11163673407515899,-0.2910415565418937,2.0969830944930328,54.118439894977044
Wave,0.1819139089364435,0.3149269933671612,-0.21276121800331385,3.9648308235683842,150.15236428920082
Wave,-0.3866313751698288,0.10842336360618647,-0.3084508855878372,0.3851775714781894,51.2913868392839
Wave,0.1655473436793204,0.20520376194265405,-0.2975393688676479,1.1328039520842328,33.83853644755547
Wave,0.22996409792278605,0.2620349796813198,-0.373959667272923,1.1032913079926319,53.82279354164806
Wave,-0.3493468445573769,0.19888689817800498,-0.2609632767884951,0.551466311477267,30.407352411323515
Wave,0.18141817834723495,0.1632343386111063,-0.292085115325727,0.32763582992474094,43.07450495631455
Wave,-0.08031120517710975,0.0266001430121739,-0.46373061186622183,0.23293824526992368,40.724852583006225
Wave,0.09360657843144321,0.14192134935867795,-0.31266269240208533,0.5591584456150123,67.11686367739999
Wave,-0.4301812163089167,0.09058936946057282,-0.10891282706923075,0.5121316468936977,35.51014019805459
Wave,-0.3994510202367886,0.33604838387178076,-0.0032982297522446595,2.414185979830061,146.75541541260088
Wave,0.11131337508358233,0.1811918851612672,-0.36269688179072546,0.3249134604919197,62.477675948812035
Wave,-0.14054009131389678,0.16285493078896768,-0.32790294226338784,0.29919168009848907,56.70304025762873
Wave,0.23769645869179618,0.15210100501385412,-0.20622922229289486,1.4306206181104335,63.10819577678953
Wave,0.16123631883771689,0.11503481203694269,-0.2887471439056342,3.9509818847174727,158.54012723027967
Wave,0.3881676419952673,0.2559091236371106,-0.23678597303488266,1.0832045684224456,51.1853627145777
Wave,-0.34343828125401216,0.0356837108857776,-0.252861634928079,0.3687268605002881,47.76578602722023
Wave,-0.316569020108913,0.043254927275544384,-0.36490187633587357,0.29276959194761065,38.88942997862269
Wave,0.19817687750537538,0.1946012708466951,-0.3359261916327331,0.6683852607150208,72.46294790306824
Wave,-0.42334337463911076,0.028385427092587217,-0.3991886426139999,0.33808464275655253,47.35778666191685
Wave,-0.2324788801995115,0.15626288573860753,-0.18280442551468742,0.5050676653664014,40.03524783514953
Wave,-0.13026138809307683,0.029604780594851738,-0.39726417348913046,0.39262201299645355,40.77559780810573
Wave,0.1301125187710801,0.09793458401125424,-0.3568720156108824,0.4362371635143219,38.53163015348998
Wave,-0.4457354846233067,0.0669839438967478,-0.1274546021729691,0.30198341668439826,42.75708257734941
Wave,-0.1187814704642937,0.10216536180747664,-0.33620264826139656,0.5364249216852505,47.542787782866405
Wave,-0.14444109199087565,0.10578027859981198,-0.3713296357354176,1.3733389958343907,80.11072217282918
Wave,0.416239893372288,0.19262395765369497,-0.253528003522863,0.5649732227032873,62.326534460780586
Wave,0.10860619014328596,0.08716792792923102,-0.30094138712879115,0.226310258506543,59.071101209583816
Wave,-0.17995460749650902,0.10394659285742777,-0.13720510140812955,0.34135151813492737,36.18603176532986
Wave,-0.2343116989200742,0.13278951437361383,-0.2388570208349731,0.4723007773997726,30.353796478637356
Wave,-0.35035560788588643,0.04523735115754095,-0.4732685503227492,0.37373222944909146,44.847071568455384
Wave,0.3424626545521016,0.17656498792251257,-0.29368691641562344,1.082330368952637,49.88648467214298
Wave,-0.2597978207026004,0.08915486647011489,-0.28575313911593647,0.3552904389182491,39.11425988810767
Wave,0.24292773937451637,0.09483352371552568,-0.34061158371174877,0.4813127859174087,33.60499808676328
Wave,0.15897152811441603,0.06049949967578452,-0.3877069589731605,0.2975998761453888,41.76467679893419
Wave,0.5198841639724991,0.15473710098089777,-0.25501594619636136,1.2249216638569727,90.72266340854435
Wave,-0.4965255671648251,0.07853773721624416,-0.30554924609386674,0.24252344347586105,42.23369391233664
Wave,0.19295519316159634,0.15842448453654862,-0.3149147859416208,2.3701014642390703,132.6613798857432
Wave,-0.33975257305634765,0.132346002266758,-0.2284162818525854,0.42502614532518457,47.54621283818101
Wave,0.10651016440000913,0.28493300449194814,-0.29414704065746067,0.47123947762224994,69.7879532051064
Wave,-0.15385651795129413,0.1743247444638468,-0.3023008409441752,0.44020814416406245,56.911432819583396
Wave,-0.07698174553588286,0.24563543420910858,-0.23004221925563714,0.6064323818631163,40.49343190091553
Wave,-0.2825565884264819,0.197745162623195,-0.16786398878156564,0.5315997334970899,30.018969844371668
Wave,-0.0737418573068915,0.04676264091113807,-0.37762526871996965,0.233689264423433,40.92557092816002
Wave,0.06463214788722069,0.07903398243466093,-0.39269002409313164,0.3635986978956245,33.253843799093445
Wave,-0.2536859360804611,0.01933098200365615,-0.35657051231656944,0.4001838172860553,43.716647395649176
Wave,-0.2508479225962126,0.21203640438113389,-0.029980610979232044,0.39511692711064555,58.20063098249414
Wave,-0.20580670601226947,0.07793666075254038,-0.3971815816037451,0.39028149464512785,32.98408924504579
Wave,-0.344407611200591,0.1613757925457227,-0.23306672441495538,0.5462794091624602,32.685682439405895
Wave,-0.22778984314290834,0.14414797890643322,-0.2202757746972101,0.471522054646632,30.565898084944905
Wave,-0.06042574057246267,0.13044076009552327,-0.3049329220686411,0.5061506049017112,34.61167907829068
Wave,0.22014731926110365,0.12142392039970282,-0.3187535837523246,0.3594477403116964,55.39108958368372
Wave,-0.3829844040824061,0.04654842807346141,-0.20381253862349155,0.4299392738906177,44.565298465268896
Wave,-0.1758292518299852,0.06491786399903415,-0.41168086037924073,0.35208909516831705,32.018665918012275
Wave,0.2498927642293833,0.07187090655546713,-0.40313424940646336,0.4516248067250735,62.834395258789
Wave,-0.1582329367147438,0.03986490378863894,-0.3553106455091178,0.1687186169139147,50.9195868976441
Wave,-0.16921476170631758,0.06811437184522542,-0.35959932009660595,0.2835290060159727,52.94755669188933
Wave,-0.17498746318222883,0.18712426343568572,-0.19821397198623186,0.3185788288123937,42.34609203980245
Wave,-0.0845049924836469,0.0858864916835527,-0.33514749109056935,0.34941848554032273,49.07289611683872
Wave,-0.27810725359126864,0.008929415265267028,-0.4377033560764403,0.34747350607019817,44.471258919200764
Wave,-0.5329193302244087,0.09435008082854815,-0.2594246252320388,0.38128858072562066,49.41667458917737
Wave,-0.07605904499119469,0.12958691831065677,-0.39761012499078496,0.5054585917846736,35.23770868891683
Wave,0.15262402387665475,0.08796675024822935,-0.3033507989267496,0.33306005354753787,49.051413263231964
Wave,-0.13520118697320774,0.18942882787395654,-0.5604536573605484,0.7432953660143915,70.4352226784921
Wave,-0.5619969045207849,0.009501583850540053,-0.2021241805429171,0.4147841409614697,39.32067799784889
Wave,-0.4185055156905837,0.0972327674574071,-0.22089648508556825,0.48847129825880187,38.149856952319944
Wave,-0.5101256060438679,0.13909727079672704,-0.3129867663783637,0.45595416840578473,30.32397396279105
Wave,-0.18668087315096502,0.018071482513634433,-0.4684195214334,0.3016351423384094,42.85295854314573
Wave,-0.18599062219757537,0.09564561309153977,-0.24115756749409692,0.33102591393971337,43.25856402227416
Wave,0.25548941643134715,0.29572711188560513,-0.19785726664333458,3.681075149044543,181.2798416315123
Wave,-0.249659166547266,0.020964530695113497,-0.15076267792662681,0.34134783000724545,41.450320364746986
Wave,0.29771406233357134,0.16479443570191044,-0.27978639646805115,2.384063921304135,134.23110034990228
Wave,0.12529033141435983,0.08658547358232702,-0.30733724304294724,0.34144985498970376,33.787866452370636
Wave,-0.21782002778133283,0.013503181064624382,-0.4163985523137975,0.35345816274680736,35.27762862313138
Wave,-0.43521118202095577,0.16749142515175303,-0.11221024796711987,0.33024992399125447,45.87355485777615
Wave,0.20399899386807757,0.07285949614469132,-0.26191399107296653,0.3128929002465481,50.47721896870918
Wave,-0.2059504981235506,0.09419285995422307,-0.2712292178538566,0.4763300526142382,28.848338968908003
Wave,-0.1551078337295671,0.17875173434642516,-0.37261079468270586,0.25320344245606013,54.09320736380759
Wave,-0.40022264257406115,0.07523655798246134,-0.31420013376947253,0.5144567893497778,34.75413014818965
Wave,-0.410714770295331,0.1256313893787327,-0.36440861231492977,0.27252488224839233,55.695029638988416
Wave,-0.10259306513390223,0.08036190275229861,-0.3663159218474477,0.42079023848106867,57.875001659224196
Wave,-0.14930157125788107,0.07419467104307909,-0.19633075142330902,0.3608863776854942,33.07041807222224
Wave,0.0646618480793035,0.11385439415734684,-0.4675516704714812,0.3012560971529335,43.16253222200618
Wave,-0.49161769523846116,0.10694287922615417,-0.49988783653987867,0.32785803493570087,35.322613388141264
Wave,-0.2834506933923566,0.08929879470811944,-0.3308084573489371,0.34064957928024897,46.84272199492663
Wave,-0.21673219149277462,0.0910539241837883,-0.5204655048722929,0.3256546787857099,37.13677978319996
Wave,-0.04590117846830331,0.019101934545269917,-0.37877861826043374,0.28123036660634,35.643450051392236
Wave,-0.46008283870910016,0.04446574301194998,-0.1040428912890974,0.4383969229764889,44.05076573706653
Wave,-0.10237239695949824,0.0634453637493225,-0.3725765329241194,0.22731381900366324,50.34689718703024
Wave,-0.25953932643184474,0.04144385786650462,-0.2525667099058288,0.3495536288059144,46.15048508973061
Wave,-0.23244507556475952,0.06780853853041233,-0.1919720751294675,0.39893524320493406,40.094363191475104
Wave,-0.29226620088252053,0.06252184792512364,-0.13284579155924905,0.43144342006653136,42.820881970640585
Wave,-0.09184232510983073,0.03435785727095818,-0.3975935058616368,0.3504371173739681,39.50445271883781
Wave,-0.16368326905682767,0.1661761445908615,-0.3713886175400673,1.4815872232390797,105.83245431412784
Wave,-0.23365919056997697,0.2518191538270874,-0.36776004096350995,0.9701400642243835,79.91635859508617
Wave,-0.1572567375161099,0.06400578460929146,-0.2049459900009391,0.2807296917280973,39.30436741329012
Wave,0.11284934362119584,0.039057953341461484,-0.3097765747651361,0.29690805704845774,39.88801670660551
Wave,0.2646563694382196,0.16808521678654414,-0.25887088073678133,0.3033776637947574,42.69988150361158
Wave,0.1169385905215504,0.19735057154175778,-0.42830128279898316,1.2796210052388035,97.23843714698184
Wave,-0.4962611426602255,0.02008256638349875,-0.16136240267063698,0.41439485819555805,34.83288825064519
Wave,-0.11391014586593748,0.08857160501304681,-0.3060835351328502,0.22574877927471135,52.69464079297964
Wave,-0.6329445846950674,0.1415465548687926,-0.2290355059974628,0.46197748963856416,35.52900338624349
Wave,-0.17431917488071585,0.023923852234711152,-0.483006054386003,0.30675416809692196,39.73041774094672
Wave,-0.2135662144284555,0.07670398191911072,-0.29902087754272566,0.42713809797683194,43.05742810683459
Wave,-0.0787835341165457,0.13263257538781437,-0.2959931397857152,0.5775392583823351,61.37031408980791
Wave,0.10505067416805905,0.12297148685019717,-0.40667131660732625,0.3009140617136616,43.004403063088056
Wave,-0.18436793080065203,0.017034295392896266,-0.3906646236149235,0.36469766528387276,37.34523635382833
Wave,-0.391444889715324,0.05512216884915213,-0.2972024389584018,0.3829998024790975,35.703358811114654
Wave,-0.39653805002507575,0.1299327865829774,-0.2794345408106759,0.3499118944605238,45.17074702963617
Wave,0.052933687573053695,0.015662780104021074,-0.35009980158324355,0.3057996123984887,37.84540770525093
Wave,-0.23731017832416557,0.026688537880914888,-0.289546706047055,0.2745806463232051,40.34015103118528
Wave,0.058062040583910485,0.1581190621917135,-0.4322309610881185,0.26106206148991506,43.0733559671324
Wave,-0.15870347107452532,0.08843049205561435,-0.36402516608439445,0.3996439928280706,31.70821143707963
Wave,-0.35756855478375127,0.006537447881788584,-0.2475413936414969,0.2870431441199405,40.262515763485865
Wave,0.23696498623092535,0.17643152170001514,-0.2780016357101007,2.0158166493600573,72.9759528247626
Wave,-0.20694262332063154,0.16467472805939373,-0.12849305561762425,0.5550063779619163,25.022510301617622
Wave,-0.26672449728471564,0.023496088332990335,-0.40416746076276683,0.3319294063904834,42.55442310615032
Wave,-0.3937016689749595,0.03961016126824548,-0.2962590580979503,0.4646989001654995,40.71775685763739
Wave,-0.5852350934481564,0.041182643304266076,-0.2435905968144176,0.40755784521531585,43.47326949749806
Wave,0.32371464068186945,0.191815687668979,-0.2779427597223815,1.3801345220211234,93.88437009059643
Wave,-0.49683553821905796,0.15916924670340765,-0.2329080125524543,0.41537785721913634,33.59877545791637
Wave,-0.338921005735159,0.06864169270871891,-0.26203343474646157,0.4597584126246884,37.02544888398748
Wave,0.13492230538134647,0.1654218547967003,-0.27322378533604985,0.39976193577991026,29.292009544731435
Wave,-0.38609781604305304,0.029280620716450267,-0.29115573207247925,0.26591381279245807,42.972556613448546
Wave,-0.4020004842908462,0.04750798294140261,-0.2093749638483101,0.28492545863286917,40.32156528194353
Wave,-0.3953966423870384,0.0571366463400693,-0.39816276449521176,0.19700825313751924,56.248857277691656
Wave,0.03396411506794429,0.018530161514800393,-0.25957771074567065,0.21116934487406785,46.07702118564782
Wave,-0.12384177886572298,0.12332252583514995,-0.30879883037237793,0.3471532661937794,60.808234151879404
Wave,0.2210404454041131,0.21208537714421044,-0.2697145538468862,3.9413047077129546,166.83208107487778
Wave,0.1845434410230401,0.07536487841788603,-0.43209569900274153,0.3120642426040669,52.29048750745122
Wave,0.2319213628472804,0.08623756354013865,-0.2524476265561388,0.31976087316731217,35.757374231002466
Wave,-0.07101016961233267,0.04406349032697075,-0.29187870704064595,0.31055357838359277,49.082688694151706
Wave,-0.046122387059926565,0.12692552097565848,-0.3619369808854815,0.42748584017517083,47.18138383338085
Wave,-0.2328343469708381,0.28291258439426514,-0.36686223535650625,0.30392349130158774,51.46831342202977
Wave,-0.23238472733325832,0.11174238228027059,-0.35064954675835136,0.4093398937310485,29.674472741343745
Wave,-0.5201323445899797,0.19350431165681142,-0.28233940770055616,0.41235344329679197,53.98774092591908
Wave,-0.5008725470218462,0.0437248306699695,-0.26528998548578714,0.34786302405865516,49.21693617269825
Wave,-0.19839187714643255,0.09636511310843025,-0.3301879577781412,0.4219337879762315,40.67513564634953
Wave,-0.4634777937757445,0.076391930671732,-0.1576398414638243,0.3483781827985968,43.68533422541975
Wave,-0.2782782199781804,0.21065383191140663,-0.19493167745336543,0.34301812692044203,34.4685510450969
Wave,-0.21963436092695054,0.06060490849462885,-0.3415179658236199,0.3049891897071389,49.35292956326383
Wave,-0.20316344372871126,0.07209195039278737,-0.481307381474624,0.3359619957797609,41.46402041188523
Wave,0.45954777222099386,0.3858746338518449,-0.2388743505151456,1.9957175060882526,94.22132799747233
Wave,-0.23954645151127946,0.09984426640387492,-0.16502921007741275,0.3965486560576471,37.08460497806349
Wave,-0.5977765565793531,0.09180842949295573,-0.1421335288246583,0.27762906360557754,44.22270748396696
Wave,-0.3342608390608003,0.04738983902268401,-0.42064277227825997,0.4682380350332989,34.75947969020976
Wave,-0.19551079374372743,0.1061105470596044,-0.37186210895702376,0.19510672295725726,55.155888527519565
Wave,-0.5029012172725773,0.09594444055616592,-0.260177265653985,0.49743686134455856,34.11593355895928
Wave,-0.1428599291532535,0.09695851541169549,-0.15129504592282722,0.24476323829761223,47.087569215471945
Wave,0.2927078903648994,0.14212859696148844,-0.3360675467757025,1.4225435183090305,38.2789997055055
Wave,0.1664328880124687,0.11558899624604191,-0.2387584846920155,2.0127427731901055,70.45387782433879
Wave,0.13171177825522726,0.07992841328523853,-0.38472628307583046,0.2074209625966927,54.529745121302284
Wave,-0.4965072096840503,0.070839330206763,-0.17859155052790077,0.4270886748192284,40.20608028145536
Wave,-0.3733259715581577,0.05116604550158517,-0.3492502298367306,0.448102364381713,38.078526303408644
Wave,0.13937560786242414,0.2839437431196132,-0.25318088583082016,3.7017178011878458,184.0384919319556
Wave,0.3245374259490964,0.20254571537408114,-0.3299146671036407,2.1181502055241066,51.51532166601347
Wave,0.14250643998119428,0.053739960130863684,-0.3393691372225948,0.3969185247961547,53.56980300301532
Wave,-0.3338324335537215,0.08405134903333408,-0.11205521368179622,0.42648332126386995,38.73192839120017
Wave,-0.3000375417693792,0.05634205985329956,-0.18806782268286606,0.34542312884573395,30.00428082064339
Wave,-0.09073236707837899,0.1370213082582304,-0.33677315425040505,0.3280838795017711,53.92276829713023
Wave,-0.1247501153284925,0.12727995376465576,-0.29123901623070725,0.5785948730982348,67.55855854316269
Wave,-0.27094178173072553,0.05258004025167664,-0.44507337202835057,0.2127003457394628,40.85412540282596
Wave,-0.24297397167075574,0.1457952809829949,-0.3355049341935673,0.6672745029128375,63.92139605243635
Wave,-0.1514077524636642,0.14680066477417428,-0.22563834332255156,0.26160322734760155,56.69282284697074
Wave,-0.07013549019557039,0.12351487211178289,-0.4269080794929518,0.46137273102588366,45.94635191801744
Wave,0.48548283100984235,0.47670906523364104,-0.24681469304787076,5.329210858931791,228.62720153588288
Wave,-0.30799876502344103,0.0739198882409112,-0.35806237671538277,0.3553920006803971,43.28496541914653
Wave,-0.13395459068861643,0.09491439808819796,-0.1479161015853526,0.23812729146794345,52.08790951535609
Wave,-0.06774229206314608,0.09831677452486791,-0.4138438417414349,0.4856145043911434,38.432213822337005
Wave,-0.29974452693685544,0.011161453084837786,-0.43865996866083895,0.31763654794899393,39.59588966776712
Wave,-0.3910478422296464,0.09651985421021092,-0.05854275688953442,0.4506192177495225,31.750691125715818
Wave,-0.09937288477783288,0.08831414155959333,-0.4236898878973948,0.300185609227824,58.4861349152463
Wave,-0.0648326559729743,0.13009689736340802,-0.3524822258515901,0.24222716492449872,46.65373771146545
Wave,-0.12233996581185747,0.014135737754970268,-0.3438979140452594,0.28189603204033176,42.461673593233925
Wave,0.11325097224852024,0.28138863619068255,-0.12943926938672917,0.6598731981295792,74.90854341497312
Wave,0.2885154143159596,0.1435783527883744,-0.3079772213663293,1.257854128178224,97.802615671044
Wave,-0.10382662243884608,0.026531707717120722,-0.4421758754589107,0.25407165118697556,39.6516118552499
Wave,-0.2112203362298532,0.2653409664117369,-0.3456335520223752,0.523215503793915,43.68031089687106
Wave,-0.08854178747757359,0.24824744014827022,-0.09052219583670414,0.2963884375497027,41.76010394634624
Wave,0.3281351022372153,0.2686166192791171,-0.2353986426353805,1.4301426532860984,31.540070522415135
Wave,-0.21536317949779682,0.04886459651986682,-0.3541582152985746,0.36678519852825514,53.87551858214082
Wave,-0.1754575907836327,0.1686877115190994,-0.42325492337496107,0.34687305950996206,34.03098474655437
Wave,0.3664087120309695,0.21265619726078605,-0.2563336450216929,1.412260552258602,100.23702554056192
Wave,-0.31932551075030613,0.0978396213770294,-0.16393660272482388,0.23485848491228048,43.919704582203735
Wave,-0.15490446257792,0.04877255801946456,-0.2473180934138158,0.3185305278973963,52.73852679968731
Wave,-0.12372233776870917,0.04618333132313087,-0.3862223518162442,0.40514859327124336,45.059349336461324
Wave,-0.40587804804313377,0.03046018948720609,-0.20297845094650183,0.3702850044865932,38.375837851134406
Wave,0.14255477870992636,0.01944348774413773,-0.36798136432968,0.2009990073365957,45.70690189567017
Wave,0.32835132557691127,0.13776549811404218,-0.3528379524979182,1.2592694248124057,92.62741567611202
Wave,-0.28306139451396495,0.08791867122560501,-0.41032720765539243,0.25444879056560815,54.57304032301404
Wave,0.06732096916768096,0.06577275835171409,-0.38549847983782604,0.2537212882638857,46.18505602868645
Wave,-0.3570568555450327,0.0547441948160093,-0.4207541792492656,0.44960736020403397,38.13925117769081
Wave,-0.3661932184066062,0.052533465190665915,-0.11604850819766405,0.46788690841708147,35.17844223098102
Wave,0.12692948583136204,0.04139843203819958,-0.2990850241940846,0.31379088460908516,37.3918797428619
Wave,-0.3759981393507302,0.2395613460951807,-0.21876162489660164,0.5973716185166683,30.29750151021262
Wave,0.1185854986521703,0.05739378872294972,-0.23897585078923772,0.3598936569221883,31.595167387270713
Wave,-0.1948249976866807,0.11807666541008273,-0.26794433124219,0.264935051132483,56.866467338143075
Wave,-0.06718590763807603,0.15582618890990058,-0.14977716921370435,0.2914247409119823,50.30914398383939
Wave,-0.13363205853600485,0.14281105596684052,-0.3248133085149539,2.0880366260510588,74.43259846680539
Wave,0.45983479446101044,0.20137401089388507,-0.2429212456679748,0.45770577445115,60.05528752228205
Wave,-0.2966468506633343,0.019904911871293403,-0.35707486879595424,0.2135498900572078,41.521661375083006
Wave,-0.13616751670240776,0.01888223491778734,-0.469996952742398,0.3455503252982143,35.28452975340728
Wave,-0.3677563688901529,0.1021561412138271,-0.39998577034275107,0.2951087246675108,41.70623277091638
Wave,-0.24859103535843086,0.14839494899354136,-0.38805119327272525,0.46658265515514546,57.02693333338833
Wave,-0.4444222983232376,0.12990391578305682,-0.38471011319464987,0.38463678972541243,33.31705970742145
Wave,0.1319232186540875,0.23185811322806088,-0.31822646409408034,2.3591053670960545,129.68809755258005
Wave,0.3339255391338962,0.13469258933293063,-0.3057276336879307,0.3617369874901837,48.586062546057875
Wave,0.10969382316034347,0.019698517769048997,-0.15488514192315397,0.3039970762062032,40.05078513379797
Wave,-0.17886154810292132,0.0608195762819523,-0.31550127724861715,0.31766273166529885,36.31634279309466
Wave,0.14087611075690787,0.31004132983690896,-0.3059172376409694,0.5817912126956223,56.45176594675835
Wave,0.3452171429465995,0.08016411859027157,-0.29259595095319285,1.3376826079342092,78.88273788800048
Wave,-0.5925432009572693,0.09680949630307355,-0.3056174622658179,0.3282138679940864,46.778817273452304
Wave,0.30545927432472986,0.17819411298394505,-0.2781928283333113,0.29233216536774176,37.828179599883796
Wave,-0.42143428893114643,0.07013882818040881,-0.10030057103351023,0.4410170981051271,28.950394672194474
Wave,-0.5708043750669387,0.06473749331561582,-0.254703476700797,0.42841984871711475,38.707973977074
Wave,-0.32302910824785136,0.04312369050055857,-0.32552554635890496,0.4398332841799468,36.154477087517826
Wave,0.05360306631768327,0.05682682150201871,-0.41834826529451735,0.2859465865904899,49.51032568752919
Wave,0.07272465526709923,0.12616523680072683,-0.34909839585620994,0.3910897124906375,54.679119438495576
Wave,-0.26694282989206464,0.021416426346276524,-0.4260876907449737,0.3447882260771051,38.94734892520546
Wave,-0.44070533882076923,0.09635287028204613,-0.3109014628355739,0.37461053936906447,31.971409115151907
Wave,-0.1761505683162431,0.16456162258293316,-0.3094672285954437,2.078211192470597,75.88265549158427
Wave,0.15118988894753826,0.10636898888214738,-0.33894624593649053,0.38697927528542286,47.675120511539404
Wave,-0.3057128032463428,0.13429582714150007,-0.3883073887282021,0.259315053137698,43.63400822595261
Wave,0.25741505084744415,0.1727723324419906,-0.2980447380840793,1.4639992097356715,47.294351497990235
Wave,-0.22730554150855575,0.050040748450049855,-0.24239455153462697,0.45126404797569997,38.907044768734224
Wave,-0.574818186056747,0.13723763318501286,-0.1734001478753022,0.5095478435714645,46.203522613257235
Wave,-0.2893909695080263,0.09056727539855233,-0.4335222316089943,0.30876517428525324,43.12455764945629
Wave,0.07099707231305177,0.16810002694543305,-0.4115309753758933,0.2897012968088319,36.49619184008557
Wave,-0.11475165626287241,0.18334689159321818,-0.2914885726843956,2.1612142771873564,47.61695976934183
Wave,0.13424806445650594,0.23188315117374167,-0.359574552160328,0.544051723575917,68.54558122719112
Wave,0.12556729844184816,0.10723075619739035,-0.31205449265850566,1.093815446920428,50.35310720590512
Wave,-0.07459193668389065,0.16174090683164427,-0.3453111351275771,0.38890584641141007,33.82990749530084
Wave,-0.5463753376420593,0.22358377300028157,-0.1787635198170312,0.4966682190634537,25.110733688797716
Wave,-0.2951864971342715,0.08905338925731239,-0.3668254526894604,0.3302580879078362,47.18687957439377
Wave,-0.18378696543529793,0.08160929462782662,-0.2527637051755361,0.46318895798930176,43.939333884754156
Wave,-0.4459559405198884,0.10533266756757056,-0.2489855655892542,0.5220508565440874,35.455603093371224
Wave,-0.1174203789953557,0.15784119010558004,-0.5068567343984576,0.3500778706657675,42.54636887992423
Wave,-0.49710292271805234,0.07250107431737868,-0.39662495673179365,0.4155317840489995,38.56632713697619
Wave,0.23130811755842606,0.13879419040070312,-0.4085478786166099,1.4304296236779448,36.748983545470125
Wave,-0.04344856467824597,0.11751013620726147,-0.40952057412928927,0.5384516793224277,29.075271841320493
Wave,-0.4130495379609644,0.02508905202930454,-0.3654072774918449,0.43589878132297505,40.9414238637576
Wave,0.09871748881930886,0.03528288886692756,-0.29996337987969174,0.29436063462742845,37.635232805785265
Wave,-0.40785610288365476,0.07040675782798714,-0.31600346433625487,0.42064687879056556,36.02463460478462
Wave,-0.47566499892712977,0.1266576983492581,-0.1447150708156356,0.4325471412105859,30.953018429030546
Wave,-0.28768842186183563,0.0684964444430817,-0.3373682236596714,0.33997339051948705,42.137954779028604
Wave,-0.39316964653142805,0.009223050764469151,-0.4687200173208124,0.37591538271586833,39.873684665283385
Wave,-0.07013549019557039,0.12351487211178289,-0.4269080794929518,0.46137273102588366,45.94635191801744
Wave,0.2908584859644533,0.13436977871099173,-0.28307810297745656,1.0379360189768094,43.000918440260314
Wave,-0.15374160216164184,0.09561551737369187,-0.43145681917723633,0.31451671000401404,45.4569167882801
Wave,-0.1911870049215818,0.07238060479303751,-0.31033741806814785,0.3362091078135173,40.615544248893855
Wave,0.27709072981782906,0.15098932003753374,-0.3442526034796018,0.49560368425179857,32.60291024707622
Wave,-0.11841134228000053,0.08535968144165557,-0.40149999333920416,0.39666656498020963,48.5710202468605
Wave,0.16874758376883717,0.4302669725840582,-0.2649566612158241,8.552575153344465,38.853408036751965
Wave,0.10006186116747068,0.0492786801346647,-0.2218425903635264,0.5950203991291627,68.39854742846461
Wave,-0.2183382867277196,0.11286525087848472,-0.2997912921848591,0.26304196168329447,57.52417291129354
Wave,-0.16898768345884982,0.0892279043487158,-0.3676356764170427,0.39028053531816875,38.59437013587882
Wave,-0.302103157177967,0.022736378117912962,-0.3968971349998857,0.31136891010703904,40.68152418540243
Wave,0.21764263767814074,0.10778030783937198,-0.3205105753005328,1.0622904131998425,48.47223454759937
Wave,-0.32142406035163645,0.13955463354852213,-0.31972477283576684,0.2547894619348121,46.15396336079083
Wave,-0.293180519023652,0.0752863742150645,-0.3981077786249293,0.35643956447591596,39.77130370469035
Wave,-0.37258280935836885,0.12405803789470031,-0.3992781555052511,0.22745809877832573,40.845602250818175
Wave,-0.20594360537896914,0.04359437108067128,-0.38059605754421133,0.16580431162913642,47.40818022446513
Wave,-0.6155787149872186,0.12395277013839848,-0.25707328142502406,0.3556730400581614,49.764702570355794
Wave,-0.2632408163349415,0.16805177576518276,-0.40406603018489184,0.3806283860404485,53.98509069254466
Wave,-0.16115408622206517,0.0783430465660528,-0.21984780689574518,0.40572911289407276,31.16556340098562
Wave,0.4903808857920723,0.21456279053520083,-0.2961666165815292,2.1128725432711826,59.06856889497115
Wave,-0.37438266693001276,0.07043381698761107,-0.3688762463850181,0.27664314267232376,43.86156718039854
Wave,0.4188717716633755,0.3817428340032266,-0.28355007741052496,1.6616298553460433,94.64181444677473
Wave,-0.5007721602795521,0.07326009706152445,-0.032208941830243455,0.47389532791772526,33.334716808454694
Wave,0.21524748000773514,0.1528894354574685,-0.18166550832607387,1.0006213979519567,49.490039200728475
Wave,-0.21053415547427257,0.15579692171510007,-0.3167215878314562,0.24461969134379838,55.074185028773364
Wave,-0.10181731269199187,0.1991084681635781,-0.39226944388875873,1.3170647689942487,92.73035112072922
Wave,-0.07916959212455865,0.06894162868552564,-0.4286706187281576,0.2162147669662276,50.71879103827321
Wave,-0.1426493548494187,0.0960716643515518,-0.32606502123698006,0.40262660839082937,35.340337380086524
Wave,-0.06554102148713654,0.1076484361884038,-0.4385046443335975,0.35228577918846277,56.414122391074486
Wave,-0.4590385059599725,0.2885617230156208,-0.5084027069069716,0.3473165010879513,40.001939315748686
Wave,-0.23445649339461155,0.0488651496847214,-0.46723007916753495,0.3449873829597192,38.550668840862585
Wave,-0.08367206983161167,0.0650632020418911,-0.3987173180781806,0.2620904189959523,38.73183154107378
Wave,-0.2812861228562908,0.06297356528537708,-0.2835439501565349,0.2752395175930326,56.6468137215048
Wave,-0.0426848564636154,0.20545573774440057,-0.33923447830110615,0.287810877839144,45.60223859362024
Wave,0.14022381038004872,0.17212736514637522,-0.36932563188368495,1.4087623495761423,41.77939713665949
Wave,-0.14436922976303163,0.10880398754698897,-0.33444004885625034,0.3581123474544644,41.049617534378456
Wave,0.1475709053983544,0.07692886783710468,-0.34275580453885246,0.29950093052718935,37.38168565326784
Wave,-0.4617488196782733,0.07661908681555579,-0.2230439662831343,0.49440734168451006,38.436943989880845
Wave,-0.34472951499650273,0.2970379809419327,-0.2885102760085862,0.5010372798492035,63.566366335331494
Wave,0.31501766412186266,0.10837986221627058,-0.31921015005212633,1.3743093653907852,96.1332310572918
Wave,-0.18284534487819526,0.09741786197241105,-0.32776271394072426,0.3253679280443847,47.98253415212602
Wave,-0.087412272427895,0.01623366788748487,-0.30183698474083515,0.26917835339505136,51.293496249898965
Wave,0.15842574387895736,0.20129670676903788,-0.25392826640042543,1.1369647818877315,44.265549987253834
Wave,-0.08306885407846701,0.06283271148180276,-0.3968617460819124,0.29057114676879037,51.40987580553886
Wave,0.1807155425529529,0.05639980281588608,-0.3820506305906659,0.44377737940341183,63.985477817460826
Wave,-0.3956818467995544,0.016255968093277152,-0.33770468705388296,0.290672980535653,39.42484408516815
Wave,0.3635620718256397,0.10838067141456872,-0.23273560503599566,0.8302438289777366,76.51530278083156
Wave,-0.09937288477783288,0.08831414155959333,-0.4236898878973948,0.300185609227824,58.4861349152463
Wave,-0.19332247300813965,0.01879323456902344,-0.3822042470730557,0.3462783501268077,43.7521863310494
Wave,-0.23649287780325273,0.00656751156040644,-0.46958624591496306,0.3254836772910779,43.662548746626996
Wave,0.2687231928205096,0.16278511920531386,-0.2571834386480657,3.6662265537426957,182.59949722187125
Wave,-0.2017917356849726,0.07249958421631997,-0.26619126224078843,0.36655395752413983,27.670343418148327
Wave,0.2876667850452921,0.08652194604428858,-0.2797403498988105,2.053403424677847,75.98576773645021
Wave,0.08699554618579736,0.1407651544303408,-0.33085140345701264,0.31887815144334863,31.442741354425237
Wave,-0.18143066564902172,0.11827502537411119,-0.317251913119045,0.3422060306539099,43.197348155003226
Wave,-0.1343617782624752,0.047277227445248746,-0.41305829533107136,0.24429977379639356,41.28938348548039
Wave,-0.18631220873375848,0.0711733796600846,-0.3856983830123887,0.35685294287366276,55.076308682182756
Wave,0.20168183561377406,0.03849624014823655,-0.35513733667823927,0.28752540670294435,45.28500862762037
Wave,0.21790034920963106,0.22954912217998605,-0.2875255511637971,1.118699790820404,38.77175764874953
Wave,0.12612883019079787,0.08920305159801703,-0.25323517965382314,0.20906858353664418,41.96711782128405
Wave,0.03368772718129596,0.08048760696288257,-0.3658036440994298,0.16674108491674042,56.72705856031702
Wave,-0.05693891845116801,0.053759355814917545,-0.16492083219375622,0.3085964841154016,38.94805087615215
Wave,0.30810510420817244,0.16530685634245096,-0.26505846076619866,0.671556288948564,66.69238639939587
Wave,-0.16514378458994294,0.02724693767347654,-0.4087764720751178,0.2691451748500622,43.534151798775866
Wave,-0.2873052380325208,0.01865025765567773,-0.3501802240316549,0.34922169768630335,39.98837098660176
Wave,-0.14358907796165968,0.035064208916194294,-0.3504646098802774,0.26713063529505854,51.999436035498164
Wave,0.07618489666135855,0.047297888751145066,-0.4111056525394155,0.28839601292330475,37.8680940037139
Wave,0.15752782466340376,0.039282896962402045,-0.3843389491603601,0.26477627662503017,39.047852380601114
Wave,-0.32239828756650835,0.108644185498876,-0.3299382329814623,0.5144790891921308,33.117892905090315
Wave,-0.6347529517672096,0.060587022304893455,-0.2087993857178637,0.3998146363015531,42.34960522251497
Wave,-0.3729436985034168,0.004073102292461408,-0.5526611674030164,0.3536239013541185,38.28510237707558
Wave,0.19753112856750366,0.27301211987912477,-0.26495579328473845,0.9323672358024135,82.81148193384267
Wave,0.039093663209236074,0.076623470037874,-0.4001654192021231,0.27784946889829065,35.81504705986478
Wave,0.08392835980673419,0.05424156214202512,-0.354842539550796,0.31290810521946905,44.106643277016396
Wave,-0.45171992205256856,0.12429982133473474,-0.3467031598831616,0.32483279514069285,41.497331495443795
Wave,-0.3170533904124598,0.055851068225288195,-0.3453151903588772,0.27851239279746626,45.115216079726686
Wave,0.18731668860519793,0.06325714390113313,-0.2717863096004785,0.3076244399429784,44.9280479996979
Wave,-0.18891748367929417,0.19634686278211078,-0.24964591588643265,0.5137449396204241,27.2372998794973
Wave,-0.3655596927987115,0.1312529253637074,-0.40201552059702705,0.450253338150256,57.32516373209035
Wave,0.16917527290489937,0.14250587751682584,-0.30025082558063637,1.2842966985033235,94.59564960750492
Wave,0.1661687347959763,0.13927882286891827,-0.30794258984565465,0.2474658326894612,43.393786502944096
Wave,-0.24575696800833427,0.0503062995867843,-0.4586857893057082,0.3121100434017526,35.59007690008999
Wave,-0.3522160886701904,0.1139298545787804,-0.406890943678952,0.36405635701676925,43.235170065772174
Wave,-0.5081531127245293,0.060631134513165486,-0.2660201468158292,0.4192050650548595,35.428380071962586
Wave,-0.3347182338070535,0.1059567395698074,-0.24562637523958902,0.3969558642788928,47.2555130015106
Wave,0.2455241266559604,0.4357665605944997,-0.3461039385322492,1.593178126270151,92.41173607356026
Wave,-0.20533199469710148,0.1323849870870703,-0.24130113830867486,0.47372723350844026,30.9024661216757
Wave,0.2752108091322119,0.25210170083455397,-0.23820545494732856,1.5214791188646424,107.213409981161
Wave,-0.16981136509000902,0.28406875324992464,-0.1693745118154615,1.080072144085467,31.694968617200647
Wave,-0.10977436711448786,0.08063968400417396,-0.3668623598055281,0.3843959936597784,55.29380120251375
Wave,0.232267559518899,0.05660232909688162,-0.11495341361290007,0.33576226041676366,47.42754624037846
Wave,-0.20403498496050432,0.045549850546971526,-0.2743417664950682,0.40782377970460976,34.49736670786376
Wave,0.16260708740018834,0.19045301000116427,-0.24692801450224994,1.3267350668401525,100.12965085622878
Lopi,0.13183093003604535,0.0496221824353996,-0.21204630351084644,0.41423143735781354,39.758441710747405
Lopi,-0.40971392410358676,0.14066537636269905,-0.1704657366493312,0.41567900714078115,43.713767760820474
Lopi,-0.5453496156400157,0.11458301033576394,0.013819746189021669,0.42048369075326725,40.52353848309326
Lopi,-0.5594001975203517,0.08130189315186802,-0.08763916774793154,0.5033850243241005,29.95642653448632
Lopi,-0.10508587803128407,0.1819314178692675,-0.29654576537942273,0.4645289097193907,25.170096551528566
Lopi,-0.15091388696121366,0.04686691456144395,-0.24904248358419198,0.3882714796144359,37.10667700267332
Lopi,-0.14591224099329958,0.4063198130102868,-0.13472007782905188,0.9315017451092776,72.92824998039221
Lopi,-0.517144868659541,0.0358592423036269,-0.16377079738426933,0.41833203325998364,44.19925380192985
Lopi,0.26081692484721214,0.11367934365243522,-0.177653546647617,0.3662140129585617,53.01249808260056
Lopi,-0.3302994607677519,0.15862263813384198,-0.1462404730675572,0.3024919185507804,65.29269329623114
Lopi,-0.24139364323015317,0.049133624923368396,-0.39552720419180415,0.3216752573755462,45.1750175160023
Lopi,0.10014002477679948,0.24940192757720162,-0.318704410985799,1.3426576651972948,97.41326054431664
Lopi,0.21420586432589295,0.3030339453221721,-0.24363497411117552,3.4754844979253323,95.54178831745354
Lopi,-0.3249059614367576,0.03418303129621563,-0.2136187841387315,0.2456587929578481,54.317428001339465
Lopi,-0.43475909830340487,0.04973368856912111,-0.29460553991659444,0.28471098467270745,48.172171169813836
Lopi,-0.6046379825946612,0.08209818290339106,-0.21619320140309553,0.5225575435715574,44.23263161408167
Lopi,0.2434696468711399,0.12878338758836572,-0.3135056917075267,0.5435013311098825,46.549353850856775
Lopi,-0.3583496617301891,0.008460986970793626,-0.0977306269952315,0.24976287710200057,43.8952185447063
Lopi,0.19178959327029937,0.0594849974326037,-0.055088293480964466,0.30270094791142976,41.458968437015976
Lopi,0.15075495138845416,0.10965743917532778,-0.34484027555690194,0.41835785835771755,49.774802820508995
Lopi,-0.34169005838149236,0.1626870595131841,-0.17173863469523834,0.22088042654929121,49.25807623628123
Lopi,-0.5432098663546183,0.052408587396128484,-0.057165327630566865,0.373168490923834,40.83024351210342
Lopi,-0.06756241493045775,0.07981780746557708,-0.3987707428740638,0.22749063263904204,43.42050624598207
Lopi,0.24785000892651232,0.043495153504362075,-0.29357131786444335,0.18877095338614763,44.217396373181415
Lopi,-0.05453010109506534,0.19373594143289283,-0.23614644097560514,0.5991641614344786,67.80557276695973
Lopi,-0.18944262374289433,0.10916452012973654,-0.09743572886348323,0.3593531345395694,46.293753533353915
Lopi,-0.2056111052316339,0.20013895721683223,-0.14325568292075572,0.47632416910678615,59.843940407201075
Lopi,-0.18922240368287574,0.03357251956574804,-0.08300995797269099,0.2823187791491854,33.532505041009955
Lopi,0.16452547551397173,0.1693245363379825,-0.05558228194396596,2.102408602975711,43.754198889493686
Lopi,-0.1135274938027679,0.09799873456065697,-0.1380590771181056,0.2929423099747257,48.76730196310663
Lopi,0.13833782405589418,0.07182906499620224,-0.2048618487838438,0.21423376786946255,44.278930879194796
Lopi,0.23512344607377286,0.050830316785544435,-0.15067934330590974,0.22085127068530713,50.090306263638844
Lopi,0.1523229078796126,0.22458266920158346,-0.05957960570396375,5.374997691180266,238.6435503037766
Lopi,-0.33044939395172024,0.05988438954751235,-0.2956917357702246,0.2959256907730725,43.667208764218444
Lopi,0.1748619448182941,0.10818310622755634,-0.222925787997923,0.4802614846131383,55.157908754507204
Lopi,-0.4403662310325561,0.041764192056052675,-0.29381180279806446,0.45896864907043533,38.37150776038839
Lopi,-0.21739492567717333,0.05311537437721945,-0.4452408701017197,0.3215589288792223,47.56197901335872
Lopi,0.20462459295916643,0.018167899074232198,-0.3275410400417051,0.2890607180201669,39.31443925980203
Lopi,0.10525211582827715,0.1681631498101438,-0.092787633297396,0.38479833661171065,49.863218919294226
Lopi,-0.138968207622596,0.10001259593663932,-0.2648953183527435,0.21193573061301504,57.01501010870918
Lopi,-0.4491037611458845,0.13125181970669011,0.03631613446471233,0.5282797872694494,35.987590847548255
Lopi,-0.3364174066580269,0.11883189158205505,-0.22185027096628118,0.4029583435835527,41.899223711388515
Lopi,-0.36850111356126125,0.10402646079377542,-0.31175914398448723,0.2520229969941443,40.93306350879149
Lopi,-0.45130646164036015,0.13628730216566148,-0.0038929362386522478,0.435829252578485,41.16261858363647
Lopi,-0.38116754384978035,0.13988110092525877,-0.08249555236447606,1.3976701303051118,58.31971834777853
Lopi,-0.08715354693634864,0.10614857473519365,-0.32398780098562524,0.3138506563394695,51.51732633848701
Lopi,-0.408490825904289,0.03603592517094533,-0.41481924789311975,0.3228260827376401,35.925159293516174
Lopi,-0.4542283756876648,0.13282966846599026,-0.10923953670930019,0.5389857437362351,35.98163268166706
Lopi,-0.3768096220046261,0.23388691002914483,-0.25742122648871274,2.0945277909933306,73.94005490756138
Lopi,-0.29781140968127845,0.07365440335428873,-0.13875578230010427,0.4444533668963178,54.16156608352492
Lopi,-0.1127686286322226,0.1060265279925465,-0.19319905487591882,0.3771747917170159,39.825332684047964
Lopi,-0.42134247759292476,0.056723638619648284,-0.10159482112542446,0.28897922302412543,53.39849115380134
Lopi,-0.23430060207780307,0.18281892889723556,-0.16197928235686226,0.4809299167557379,22.238409328901465
Lopi,-0.06244704507294809,0.0457405410335196,-0.22197208317268158,0.4010612426975837,43.46095791426589
Lopi,0.06738689621405919,0.18428396235942235,0.10006461562322395,1.3969947351947007,108.71604235700498
Lopi,-0.06787278190390855,0.0244215662075217,-0.2241183246155001,0.26657047328405375,37.053998654019345
Lopi,-0.34336784074543014,0.12436367536405146,-0.1373952306947963,0.3944063775093682,33.4649633235173
Lopi,0.09800422759469406,0.1688295207668466,-0.23823038435872024,0.4513487609511593,58.96946037612751
Lopi,0.17446980973452098,0.14000786071027063,-0.17765007947562725,0.519896128961511,61.740032884016664
Lopi,0.20241785185739253,0.1192544915017895,-0.2945941335883664,3.4035162702190496,83.48670807547921
Lopi,-0.246250426618067,0.053670400109468955,-0.35007617922408396,0.20158046555128553,44.60865249943933
Lopi,-0.37877435856191977,0.2124732144571125,-0.24628410889593086,0.40931577217144416,28.481087205862217
Lopi,-0.367310601282543,0.06499463487430586,-0.07259725925390897,0.37179608873652414,44.61276459768029
Lopi,-0.366685047642114,0.04503023149293597,-0.09628743184182441,0.4386827928405493,36.11032565919848
Lopi,-0.5713147417659021,0.18318649468599396,-0.28754498001808826,0.34114424942350374,47.46417991482852
Lopi,0.22871239744255517,0.26971872408047864,-0.2518319032931275,1.105631105768015,62.50714095527561
Lopi,-0.6733089263690979,0.17929506523916533,0.17819388810775158,0.5641106220571594,31.81436192212974
Lopi,0.19457008332339096,0.15455276547833036,-0.1698564480045833,0.5000473025245566,40.241056334215976
Lopi,-0.0884381974494339,0.05070025266038188,-0.1821257333419502,0.51157100668369,43.734741164660996
Lopi,0.08984753431581931,0.11226292951233134,-0.38254629529104434,0.22487338293424963,55.70389188334033
Lopi,-0.27274680932822937,0.04243834981329926,-0.17122756698836072,0.19379155135844786,53.12115073644438
Lopi,0.18618204405144947,0.06798042176265878,-0.000154099372144961,0.33974334502794384,36.310473912509956
Lopi,-0.6226685885180293,0.1816902585113972,-0.08810779240101684,0.4839681468815822,27.39028135391648
Lopi,-0.4465096742955445,0.024776951647948835,-0.27043065185044546,0.42364921498112706,39.009411463939635
Lopi,-0.24040733809835413,0.20485056001023177,-0.06481010733455846,0.42828492898477727,26.11466338815336
Lopi,-0.24004359659532343,0.06167272650267279,-0.3281495542632467,0.17819317471463955,45.68910881513944
Lopi,0.17616921144225872,0.22256664859606645,-0.2779047090124487,1.2927215314414593,99.03939189465073
Lopi,-0.4741143788802603,0.0250198327760913,-0.09598963867418164,0.3543451428121502,42.01237851488152
Lopi,-0.12518387445888565,0.15970180443404355,-0.26791443387731145,0.33181448225513627,54.11153135015853
Lopi,-0.08061023992450621,0.04572655908807384,-0.33573026267503997,0.23496249202783492,46.312595311418725
Lopi,-0.3077217984736085,0.08288313665092276,-0.29852975736170445,0.2955954626728874,36.257792538636785
Lopi,-0.17036939039077292,0.055129971347885255,-0.31646938571393435,0.4537400322473952,37.605392328992636
Lopi,-0.3704389535997509,0.05209797312913276,-0.2241694841157544,0.1703006811108782,52.168683965024876
Lopi,0.2591999576979528,0.10205845367619423,-0.2524669402887324,1.4157496847108406,65.45493593042808
Lopi,-0.6013488456011871,0.09303846619243003,-0.05711548346098622,0.4233464681028045,35.16516644979224
Lopi,-0.23674894078157904,0.06315272977346562,-0.11580931391178066,0.49344691379242167,34.83973467095102
Lopi,0.213527139226324,0.41843020623545424,-0.13068847987425286,1.4059667882814169,43.789693091424084
Lopi,-0.13198045426878519,0.306749506950071,-0.2699948399197522,2.2347753397083894,56.09102814415191
Lopi,-0.43482476205232645,0.0451009645831084,-0.34729456140666454,0.33150654064782986,47.76763647384061
Lopi,0.23729815142320299,0.2959495649773817,-0.12443462841502367,1.0734597009561162,42.93171090680307
Lopi,-0.5794711908850718,0.09175311705053821,-0.3840338451849304,0.34583339199846386,41.462599383951016
Lopi,-0.3039081030951372,0.05437860667170528,-0.13149096151566783,0.2992919520092276,39.19117132038967
Lopi,0.11396034080076137,0.2184626941840421,-0.27006835575058835,1.1050381492793069,38.71248045603371
Lopi,0.04291683314599837,0.033770243266130304,-0.2895072310918832,0.24639187311884378,49.629019863027345
Lopi,-0.38214020037751106,0.04057373902931001,-0.11113930146582106,0.22357017250037794,57.708850613358656
Lopi,0.22149511049425913,0.13120902891516134,0.0026842622135990796,0.34315594713414316,53.56876286981985
Lopi,-0.1456317319571582,0.11928597350509944,-0.3317345950876187,0.3178544625527592,36.714117289903804
Lopi,-0.610854491728784,0.14798492344305403,-0.19594248205426013,0.255390392060835,50.282389278587495
Lopi,0.47710999329162923,0.06319914848199856,-0.2129700786717641,0.5161103029366388,63.67407319980417
Lopi,0.2790782903179896,0.11520863417797025,-0.2708833927589012,1.3486290653573387,82.82362392530023
Lopi,0.1353956826096389,0.1078750216582608,-0.26817351961885316,0.2692611694576015,57.716375338295045
Lopi,-0.27090194560777076,0.27735499677071046,-0.19693633416903888,0.41949819400868715,40.099123782813635
Lopi,-0.458563507442465,0.028208955047450007,-0.25071216014182013,0.36972444241296376,34.29754896583446
Lopi,-0.3665800121788071,0.07538213741348387,-0.34360262079291176,0.2631775950760104,42.026806319689825
Lopi,0.3750647809174293,0.24749563971948224,-0.19021888334681494,5.340535382380518,248.12685907606078
Lopi,-0.3293961635589438,0.10537337772638058,-0.1669936573476749,0.37777419190233696,52.36296694175242
Lopi,-0.17809815615337743,0.09771143296805654,-0.26007405416359813,0.32472266694241897,49.91956007102428
Lopi,0.102079376456172,0.30674417755528405,-0.11147060711248556,0.3721597170130534,35.71710102249949
Lopi,0.09345117188932282,0.08747953558325028,-0.22497392886005535,0.3301899430901901,52.062156828991284
Lopi,-0.056359502321505134,0.04412461245339373,-0.22230096245628278,0.3087375761952916,41.07784300002479
Lopi,0.0749210120773165,0.2485052812042988,-0.0993499108974591,1.480799560487082,74.17343662642108
Lopi,0.200473144183303,0.3157225335659738,-0.16168082280103993,8.422359967088326,28.179213886429636
Lopi,0.2531313852157513,0.11895934299204865,-0.05800313899068134,1.3437354413609248,97.62246703660978
Lopi,-0.46949405008639195,0.18077600941191602,-0.1789178319553316,0.2638336607406023,58.4719001599861
Lopi,0.3543515778002485,0.14098405509388426,-0.10744951900012172,0.5766718504825287,67.1375615890144
Lopi,-0.6126310087337875,0.05888263211907487,-0.010795344776602446,0.5109553616336876,37.2875822157371
Lopi,-0.2745902928980887,0.13684298777368026,-0.3970730883365507,0.3290221511875047,38.6934422629073
Lopi,-0.3556367172483846,0.027260122614430497,-0.31985115538749126,0.3004058779798795,44.62540129342617
Lopi,0.5494606672170391,0.2070142809480376,-0.24858272410733218,1.4740343579307296,46.33100260777769
Lopi,-0.5217185251608834,0.2272726143772811,-0.21013615720650117,0.4598891305649391,28.547517738127418
Lopi,0.268618295265052,0.08696717981724064,-0.25305995591695474,0.2634111667014157,42.6351947053161
Lopi,-0.22886049581867818,0.06591554245733582,-0.1376884049939812,0.18281181085796788,47.57614473188325
Lopi,-0.10757981857700244,0.06320070377635853,-0.15028170558853185,1.3245826070785005,78.78614969033251
Lopi,-0.4639271069802444,0.21987533286555622,-0.11136752865196828,0.41699632452557756,60.19661105791333
Lopi,0.2407624814539992,0.10429483095921595,-0.2659131961268251,1.025405591118156,36.514022046644214
Lopi,-0.3770535311581892,0.059580343673587596,-0.13419945828913799,0.21517195827881297,44.297129249112345
Lopi,0.08073358002345365,0.0668771097147818,-0.06727061630972413,0.3846902299717438,30.597724077766102
Lopi,0.08909818120636025,0.17847131569544686,-0.19160878479779864,0.2944760221266666,39.811226148150325
Lopi,-0.2964794337334039,0.29520869435321256,-0.22427780408266004,0.5452639323719914,29.97062126214597
Lopi,0.21995628068468173,0.17752302907741185,-0.16532418525667933,1.570393025604407,46.158221137442325
Lopi,-0.3326243957191883,0.1246473199116969,-0.30206358933617933,0.29008465904743536,51.43409188686357
Lopi,-0.4239949581063091,0.03352375984371168,-0.17584427459625476,0.41136932073268173,43.18230977116237
Lopi,-0.30988334300998144,0.1166122206179939,-0.2909259523381577,0.2764350847148403,37.69681873958126
Lopi,-0.1481902996000148,0.0667866954136666,-0.24617775094058586,0.41331345198964453,47.6160019673424
Lopi,-0.5814698686234547,0.019906916509999418,-0.13173284779708902,0.4648356549691293,37.81707616891495
Lopi,-0.14849273952425154,0.0787154332688465,0.024800637449883717,0.5401905877616351,51.83294449293388
Lopi,0.09101546816392068,0.16279076462807884,-0.205506279645649,1.2877680357538472,96.7519599247249
Lopi,-0.13871942277756633,0.0626123860920237,-0.2017627741839994,0.30304832770307444,35.113740921028494
Lopi,-0.4161143332971221,0.012255942152149531,-0.20427876374752998,0.44548306799207815,38.56712134080813
Lopi,-0.6084496878314284,0.051390532802387576,-0.009143412785707785,0.45695448428069946,36.403468841853076
Lopi,0.0578825094085766,0.08043786815965939,-0.19853093489926055,1.088493187968326,52.64490072649905
Lopi,-0.21990668583508693,0.09378206144017796,-0.24546281386598098,1.078645020933843,48.30577742283889
Lopi,0.1789172520670172,0.18073042687749627,-0.20643307240323414,1.077102290202716,39.99539591851094
Lopi,-0.582244839896156,0.2676733405760968,-0.29126236276350387,0.42212567246265553,32.65616497574086
Lopi,-0.3400091898066505,0.15738791246927425,-0.09708730522790412,0.3081365414295954,61.787189093461805
Lopi,-0.3587396929123066,0.0794165642023047,-0.3172467825185645,0.40902664392721755,38.105799116188514
Lopi,0.20046748835368527,0.1603724432494963,-0.3832831953512644,0.46803857419068323,39.00958308302291
Lopi,-0.1093794518694168,0.1384223779351364,-0.14995755186063697,0.30066721955179254,39.53017262621224
Lopi,-0.36028970947278305,0.10893494505386588,-0.24110809268575975,0.3140238428179194,43.30602976366516
Lopi,0.17723262721618954,0.14004724951082073,-0.23794826667198407,1.0817074205643198,53.33273659989484
Lopi,-0.6042589282553835,0.15920095083119898,-0.30896562486654633,0.4210075282870065,37.525263683949895
Lopi,-0.41588239845622094,0.03122293637752509,-0.31546987810651556,0.24925277609378216,44.35884653797843
Lopi,-0.346862922063078,0.008391180548114168,-0.4827327346474495,0.33117620185913627,37.38503284750852
Lopi,-0.42298288689551505,0.11293398143254821,-0.06821492821888797,0.377980052346992,30.84222494369316
Lopi,-0.1692520607570926,0.22926156050578322,-0.25777772424832657,1.5297542867399256,29.218028805194425
Lopi,0.19189465216299745,0.26207097349052244,-0.19115243074203045,1.2754025132482647,97.66701877362432
Lopi,-0.23891192145326162,0.0826103389511575,0.0006197259587312563,0.3607365642475167,45.41619932217637
Lopi,-0.35049507013550935,0.0651083278779401,-0.193344735548127,0.26655420245810313,45.615444185961074
Lopi,-0.18152328892481348,0.07953693205244956,-0.11124836369756864,0.43816977410380825,35.809409096631526
Lopi,-0.24146944829168146,0.10407904562523232,-0.3668888909872867,0.34256522923753596,56.02612874737403
Lopi,-0.38238115851275234,0.06454570663011125,-0.22746389654581942,0.20178463920352116,54.48892384181434
Lopi,-0.4521423780043362,0.13886435452195323,0.01711392355697809,0.5091073112426191,34.50828187550144
Lopi,-0.39815564886469124,0.17517529209486354,-0.2752606790611311,0.3046342859538464,54.937545211881144
Lopi,-0.06666394360713758,0.05096542870381173,-0.3655546514027019,0.3190006236470773,54.631278224548026
Lopi,0.15296579971709778,0.3565486029765362,-0.2221453099219533,0.6059226700516658,64.41521000700531
Lopi,-0.571415413555864,0.09645586245797218,0.005410213801928304,0.5521118329158891,33.92452731255586
Lopi,-0.15282080065190054,0.20642886952838713,-0.0651377900791182,2.15296969677554,41.021415819961916
Lopi,0.22322743622173008,0.1451783989846909,-0.18266840080282493,1.3668904054172715,86.68513900271647
Lopi,-0.5576841176442247,0.07890947226876381,-0.07835384547046789,0.32452545892446844,44.384168425671675
Lopi,0.24432402202015546,0.2096362958960385,-0.18232132617414654,0.4520416708313543,43.06936742671881
Lopi,-0.5166468140938505,0.15995539017547972,-0.2891423755740171,0.39114445491221667,34.41927415400242
Lopi,0.2867216245845592,0.14336191170561058,-0.10533801393883381,1.3689267395005016,97.7845519868573
Lopi,-0.2002392922536374,0.07117475175536166,-0.15762521075864205,0.29630327866886946,40.84745622000806
Lopi,-0.2073097123780155,0.056193813879421795,-0.3183436634350223,0.2663926949251347,38.85079980381333
Lopi,-0.3891828474555376,0.009519869535332627,-0.2524296196053839,0.20148190369466043,49.23107179687493
Lopi,-0.071798496238191,0.046842099411146886,-0.39963467180374546,0.35620921490268737,32.619221622293004
Lopi,-0.12026433074571914,0.05494446526460826,-0.2558110973275134,0.20715739693950974,46.55717108837459
Lopi,-0.12223922247225741,0.279034851993395,-0.1368309442889592,1.4418972647125583,92.80418307175438
Lopi,-0.29055710406053825,0.04923736754193332,-0.12369079002969506,0.41678016954162395,40.01230823223624
Lopi,-0.26904435161231094,0.02790059008817175,-0.21022318380518426,0.3223572068227653,46.90571853319048
Lopi,-0.022948322601642576,0.049922784394189575,-0.345108461651097,0.22307663539368278,55.18834870397198
Lopi,-0.2542508948879797,0.042792487654956066,-0.05450684161188867,0.4399411679717089,43.28933079638569
Lopi,0.04630460991748474,0.06362583988418806,-0.25395186745437,0.371619137033757,31.898386715860536
Lopi,-0.5696934792021323,0.21749758296786198,-0.27115563704124573,0.6480408494760685,50.406264567004804
Lopi,0.13351117941146404,0.2236057278531975,-0.15309670055772243,2.0533080019371854,83.17788585124455
Lopi,-0.05010926876646456,0.09945342305716529,-0.11459823565418678,0.46209284882446067,34.54398092010185
Lopi,-0.3383904688211812,0.06303126378506903,-0.28489151425707937,0.30666696882302014,45.5248617360195
Lopi,-0.5628055837599094,0.08696046924240068,-0.15019558140768433,0.3465098695101634,42.866892837364055
Lopi,0.09004940058292402,0.11740394688868047,-0.24314671993404988,0.4895872643782193,45.9491408975451
Lopi,-0.16898653927292273,0.06259648527694908,-0.1333468302983971,0.37595717869038514,44.2070222855227
Lopi,0.13696091017749504,0.1370412808612242,-0.2887481419400443,0.4705230008024267,64.66934834178436
Lopi,-0.294966665092396,0.06892370816008213,-0.13273218923741031,0.4741657943480418,32.87684795268291
Lopi,-0.38806605879603373,0.1602469619456469,-0.23464196310054322,0.34182699570102704,49.37421967513559
Lopi,-0.24202211994984518,0.083506119981715,-0.20564712447369057,0.375260655649888,40.35048790539637
Lopi,-0.11714032426792756,0.02856846828522363,-0.3434496727076604,0.21744356588911404,42.98796486090914
Lopi,-0.38929508849835703,0.18448122283535015,-0.16521026905741032,0.38290783334397543,58.26978773891922
Lopi,0.2534326135407665,0.20218367953279284,0.051989286848012385,1.349877973273501,53.35032419783683
Lopi,-0.07274710115451904,0.01804867254862556,-0.3069274322439288,0.23118658001361878,47.325070769540154
Lopi,0.15379186057926014,0.22452412834432578,-0.11986283395823755,0.489119387610327,61.91802764309167
Lopi,-0.09392278554417322,0.09198741738265932,-0.09256007964169032,0.4180682824818514,43.24438874278591
Lopi,-0.2476833842185276,0.12480025646832256,-0.25365976844213317,0.43085870666364956,46.11954493646801
Lopi,-0.42105563425212916,0.08294230715195579,-0.10373060771005575,0.36764547441670775,40.20974825614415
Lopi,0.2057903916906903,0.10565790357843788,-0.07272002285636185,0.6109252837488498,63.88279220731439
Lopi,0.14072673143449418,0.17871333021869604,-0.22907400554613255,0.5439965026801978,46.37648139205096
Lopi,-0.25034749509095905,0.13246624241174518,-0.12273256374437397,0.5402183870097903,22.056118848263893
Lopi,-0.43280423189347833,0.12121727938859309,-0.1745736904692448,0.4686967466201973,41.31473895889687
Lopi,-0.4803293503232842,0.284867541160288,-0.2732929121812982,0.4014854877150257,58.46684687916051
Lopi,-0.1290944612088324,0.10122939450027435,-0.29643371466101337,1.0668469283922395,40.879977345574616
Lopi,0.12499250064891945,0.15496458654571826,-0.2589524846265421,0.7325817303924713,67.28841104156032
Lopi,0.2583910229097739,0.24085742866683332,-0.31543254287785505,2.4022066256833425,134.7790904936326
Lopi,0.1529154713245725,0.06192557306626867,-0.255441155767021,0.22476826517902357,47.709600732798776
Lopi,-0.133444165301912,0.05655794375609402,-0.15069082168240167,0.21507532811181929,43.57923697103013
Lopi,-0.39580831960066987,0.20858694096424352,-0.2229124513936401,0.30905634949068306,61.663459545986086
Lopi,0.0988411455714404,0.021688813253200646,-0.18555968635051887,0.2857840455481478,35.46860338600742
Lopi,-0.2911225937307192,0.039429041443718185,-0.4071218748717846,0.4307355478711184,36.865773256011046
Lopi,0.3912823298224024,0.07694528816276511,-0.2504507522734178,0.40568014094431865,38.96293991765669
Lopi,-0.28273329127226804,0.14655187528684274,-0.19779854366946698,0.3093676476217114,51.734463392489964
Lopi,-0.09929196725504259,0.02483708267158819,-0.16280401680221704,0.23667818198456136,45.197668518153385
Lopi,0.2510904588261366,0.31787994111773493,-0.23998086474551597,5.368419365485814,241.05304261075702
Lopi,-0.18026786607647843,0.026885915254956188,-0.21244775514596706,0.2743372145079956,47.79440741634005
Lopi,0.07546750117788922,0.05890184029372978,-0.4121179283524574,0.3122560530145261,38.03714712143041
Lopi,-0.4868479390212849,0.06909776884196035,-0.2899207666871816,0.36012013445677243,46.08924811945728
Lopi,-0.14887055567493587,0.1294477393790389,-0.152774307964489,0.4226063940827266,31.834198569486745
Lopi,0.21839682229896826,0.022597008511732228,-0.16652666640034788,0.23608344015417523,51.73086874232253
Lopi,-0.1334702773377639,0.10290492992748976,-0.34623597171370374,0.406205468243036,49.51064596117842
Lopi,-0.24742682187487622,0.10879618167815219,-0.12324166275498906,0.2598258172250396,57.81225078330985
Lopi,-0.28997531470651794,0.06699160598501788,-0.22453409928587653,0.4026218998819577,29.98588870198053
Lopi,-0.17217103668207895,0.09853813815827092,-0.4719599635095573,0.4686618963165926,35.66172097050234
Lopi,-0.178336254203796,0.231859223241529,-0.18906151438951033,4.012147745485223,170.22082819548325
Lopi,-0.30491587395402675,0.13255074836106123,-0.2378561574625668,0.37148252039915264,50.56391964367833
Lopi,0.25707134834969325,0.19499294688067276,-0.16345724995761265,0.4957100473215662,60.87287202654015
Lopi,-0.6408997585291467,0.05491240305517851,-0.11753600905487502,0.5281352859998126,34.33788917953212
Lopi,-0.1640967385295426,0.1273170444151917,-0.07971907859213309,0.45006280658282855,35.86415205625804
Lopi,0.1523089708977695,0.04497100464933799,-0.30435381878227213,0.28797929846449616,50.18868476946786
Lopi,-0.4843722762973889,0.05078512860946662,-0.1685517068445857,0.5087524459706225,33.38247768115174
Lopi,0.15663453763160057,0.3022457891308926,-0.19624964050397162,2.432108080156896,136.11374836965373
Lopi,0.3343240572731695,0.18281980488309074,-0.0533344358432196,1.3465133427954006,39.4345438887744
Lopi,-0.2358779484513,0.0678450447466179,-0.2128547065127854,0.3984359136584177,30.838218969823743
Lopi,0.124248741783869,0.14863551075538142,-0.2731638382821437,0.3112745543466618,46.42916430621222
Lopi,-0.13380523593250776,0.10115200354098515,-0.24861775665073862,0.1841040415468254,50.8990756216379
Lopi,-0.24028190891966955,0.055620344046078865,-0.12291586119503776,0.32933095696155473,49.60007169089446
Lopi,0.21645790825287817,0.07693575112980364,-0.04696692053144335,0.8013855975370171,78.44626620876807
Lopi,0.11907159021129393,0.24834923189221092,-0.15140630250783196,1.3492606833818648,88.31322676490896
Lopi,-0.18451470049899216,0.08565721017745352,-0.12963299767304978,0.5601029005082472,48.14568610992444
Lopi,-0.12172889114697602,0.1069851127110506,-0.2984967918143097,0.3045051511232694,52.46093877796825
Lopi,-0.558762596645951,0.29450929503046963,-0.0138933375484172,0.5961789242728348,37.47860778368602
Lopi,0.15651330488290585,0.1733010802307453,-0.30220739404275415,1.1150117566719646,39.03354475495907
Lopi,-0.266535657078224,0.042524780073472435,-0.06324657657315864,0.3546483780182281,36.93071644389463
Lopi,-0.0832171343768138,0.05289431224700567,-0.17237162907317594,0.1984534279499429,39.97031503350382
Lopi,-0.09118759539841356,0.09037068236896648,-0.2749163981847011,0.3306106242710058,36.62152159131365
Lopi,-0.2174481000623319,0.061414991734237846,-0.16335461451475825,0.3375726016821504,53.337455983819005
Lopi,0.19974492275744926,0.09093558698361305,-0.3417761718202384,0.2700527892014181,58.54185655606328
Lopi,-0.09461486688485612,0.18213459516536326,-0.31292482891752743,0.2784870403352938,44.980945286014254
Lopi,-0.11091385465612347,0.24244460618074726,-0.06084575691227266,0.4251900185078254,43.102102103050186
Lopi,-0.39565503343253683,0.08075725109618118,-0.14479691109336232,0.466883908854591,34.20559594375065
Lopi,0.3173698575167535,0.20671817977962997,-0.07119866885341276,1.4523850429903373,61.92849717366762
Lopi,-0.19354497246244518,0.059663706420305926,-0.0912110376763797,0.3364463562946498,56.94474137316868
Lopi,-0.18175774995754335,0.06366262697133748,-0.170680375685614,0.40930211019270774,40.60660521616831
Lopi,-0.3008850925494471,0.18695595207382634,-0.17800560818766178,0.5355869031924666,29.872919553800543
Lopi,0.16785872946549102,0.23677085472371445,-0.0001284849331072762,2.0415952915619786,47.44314928508248
Lopi,-0.2523880716218855,0.018499720820108874,-0.2697794054197902,0.2844935888911503,46.72262816811312
Lopi,-0.1311580612048133,0.1630639463161694,-0.0432287209119868,1.3479792374706232,94.17761901635383
Lopi,-0.16121985756236049,0.06023831833944615,-0.05505424717227603,1.2988146875537996,74.82065688472686
Lopi,-0.6375874487490577,0.014941588880551082,-0.08791177247670887,0.43287321838095705,37.96778814514016
Lopi,0.23026206290811974,0.49627342386676654,-0.15918357965960267,1.4403743985278552,107.6111705641923
Lopi,-0.20686790224887036,0.15475540011902528,-0.1816242040478829,0.46512670486287466,32.116669675355205
Lopi,-0.3069063202499819,0.0854234917610699,-0.07927670836693987,0.20471416413000168,43.21660100121088
Lopi,-0.5162156798113509,0.049118724643260205,-0.14348464700929228,0.3937377289203376,37.67490611735412
Lopi,-0.3782075341396617,0.0644457412744222,-0.29660435884076647,0.3725086352078061,41.914266607520425
Lopi,-0.12420219395646721,0.02062031582516124,-0.29855933222357567,0.2736879171985946,42.47646025676301
Lopi,-0.15006667731414924,0.21820992147435647,-0.07109492389754384,1.0587718650355322,46.08114665188657
Lopi,0.05962522996938603,0.18956578522956954,-0.12079950890473574,0.4252469406350887,26.198980625781054
Lopi,0.09250346674821874,0.021791696482136153,-0.3559583149807944,0.27729875537988863,43.17216913955768
Lopi,-0.35604397824005074,0.12325364648826007,-0.10620992591536843,0.507523871582186,38.7549383514046
Lopi,0.1975840366313888,0.32250323638570455,-0.20430700289598153,1.5327586065869852,91.19862457576157
Lopi,0.19380413289906234,0.04951098970284242,-0.25026300056638123,1.2924548824893864,78.17366413106855
Lopi,-0.30889739913299386,0.08987851686235968,-0.34091722130311464,0.3735247592442077,36.38233978083854
Lopi,0.2548080382883867,0.2727238500368344,-0.03557794764092789,0.8934763968491064,72.30613942278084
Lopi,-0.36606303233497206,0.15971940190808961,-0.26729385507217124,0.26685799507964225,47.62292330126505
Lopi,-0.40177512872580057,0.00985669597017989,-0.15600487424917184,0.26706569584782325,45.55691844168935
Lopi,-0.26419571662061997,0.04073121094229065,-0.1490949874986802,0.34049198885304693,44.243618022201005
Lopi,-0.5003144085307352,0.07603016813382853,-0.3123830233204257,0.43547846109578336,32.768752430350396
Lopi,-0.2546793783736199,0.07278673641276377,-0.22384752079693176,0.4555540990080628,26.634855013560824
Lopi,-0.4759776515119344,0.043930552389276914,-0.27034124500232126,0.3450735575803776,44.325151383942135
Lopi,0.18067880573547226,0.08897369536381958,-0.13705875376489804,0.25900671823856986,48.159428484328046
Lopi,-0.12239091023391008,0.10865606306921657,-0.28686342933842796,0.2638739109810826,43.229870735347475
Lopi,-0.6146599688719085,0.08600398964292646,-0.22041316290628032,0.5343451364822008,38.71924068258037
Lopi,-0.5455846267757078,0.03186087918195101,-0.2518771815612229,0.4787561003330141,36.3597844513583
Lopi,-0.42753368090700306,0.04261541506050334,-0.23517439390857584,0.45090107173989896,30.607106227652082
Lopi,-0.5798596715823063,0.040210607809547924,-0.29013432927078214,0.4256948038528318,40.20324575408373
Lopi,-0.18330908798992335,0.13409734131892767,-0.32278472071629455,0.32778717087899595,38.07233299508305
Lopi,-0.439444355686217,0.003600736952775639,-0.24489579034793296,0.3881048875698278,39.99880483983886
Lopi,-0.47944936367236957,0.08579281615291974,-0.19400172891905934,0.3703154221429778,51.28679900842789
Lopi,-0.441243202690206,0.037079041344228694,-0.33180229158878427,0.39621801718461946,44.44659932864364
Lopi,-0.5513604806521479,0.019220330023007073,-0.38042066071748815,0.3787366141009563,44.620468837169255
Lopi,-0.26006950457456723,0.21013141826173518,-0.09198268270864318,2.3996451376836325,135.24851459768416
Lopi,0.12051393071462765,0.07170175444839515,-0.3367193060888923,0.2862392060472166,35.519057870546774
Lopi,0.1375519691107327,0.07434769908548705,-0.3000522552887505,0.18101252234580714,50.35471457657338
Lopi,-0.41922604706920796,0.3663157052247969,-0.24890524766232594,0.4811259986236714,58.53854465290058
Lopi,-0.43797874080739874,0.09815804342651539,-0.20219798170238534,0.36148808447140657,34.595711430103684
Lopi,-0.23585562871463683,0.07893257965967382,-0.2949405980776102,0.4201336447820328,40.04019777662173
Lopi,0.32802021233950535,0.41991107843769343,-0.18340815089882942,1.1013191015048656,71.92610994608248
Lopi,-0.24886028812464844,0.2684938282590566,-0.1403899762742284,0.3620089678805699,47.81956387828897
Lopi,0.1988984478979312,0.13899981466789707,-0.0383789327253794,0.30195799623845515,42.62230545732977
Lopi,-0.09612412934013093,0.1428680796213756,-0.07970665119555921,0.31310856823327976,41.05314492768592
Lopi,-0.40557829386767663,0.06786466639379754,-0.22052029505055315,0.39732688943496774,30.039132024060855
Lopi,-0.5036154439580665,0.22563595055669552,-0.048207454879668855,0.47083670068450323,28.796072365342248
Lopi,-0.09808012491192095,0.3193953781060187,-0.07442573807052232,2.179917390571888,46.917080747654765
Lopi,-0.18973713069438064,0.0792390646460753,-0.19822100985550317,0.33685888841657224,55.23932784586352
Lopi,-0.254915194673644,0.07043100920047106,-0.33176780294908953,0.3821506975981547,45.988896383278046
Lopi,-0.3048552103380632,0.014510921480423624,-0.29339156560680935,0.3874411256601324,38.35338456212659
Lopi,0.36225652732760294,0.21303081827272222,-0.28248185717417157,0.4392024112733521,53.44792301111582
Lopi,-0.1602997785624506,0.09041329524869338,-0.35747309453472015,0.1844461591056247,55.079295371072135
Lopi,-0.49923892844596107,0.049889619509451845,-0.07563167045463713,0.4460386167082362,43.67849663025585
Lopi,-0.39486165714457766,0.04742527354759362,-0.3397075644603486,0.28281352243637675,42.2682620934396
Lopi,-0.45982827425670314,0.2708723831866444,0.03960470177404675,0.4626311142628858,28.237404538834397
Lopi,-0.32130139807745906,0.029555251949046724,-0.10368581529276896,0.28668065191530545,51.02933669050351
Lopi,-0.7304149798846358,0.21123992825165877,-0.13851859427475843,0.4650221101799888,32.3528151254029
Lopi,-0.34614316974080006,0.2318597705711821,-0.02658371235866989,1.9682549506812748,69.02427196347506
Lopi,-0.20016682094278376,0.1681883684503623,-0.0502288930616199,0.4772549774964801,36.02969230996013
Lopi,0.341042497456662,0.21087869905019624,-0.13265174364179147,2.0490082260794935,79.69630646157376
Lopi,0.14877188216677256,0.05378022363247827,-0.21911469681134468,0.2891404501805712,36.642579023665455
Lopi,-0.1930714143649343,0.13899249175003053,-0.025846261406551486,0.3560014587541238,38.54382165632625
Lopi,-0.2839382019848253,0.02711837545621144,-0.3149290598805262,0.36035579890704306,35.49745617231352
Lopi,0.14881517166888067,0.06863466733124829,-0.15935095653160727,1.0379589130877838,48.302513423618336
Lopi,-0.37367702151818216,0.10793767196065343,-0.029304807693560177,0.48680652994964446,34.57418024408873
Lopi,-0.6628245855124882,0.029661089524781147,-0.17451356638633694,0.4698883833081394,36.92282735184285
Lopi,-0.16757067841676748,0.18378033454369072,0.016529872969857334,0.5003396746207952,32.94956209587242
Lopi,-0.37120342215155633,0.02848466274109282,-0.2286719998867699,0.3417557080755618,38.321721806277885
Lopi,-0.0662961772620142,0.31843914687824515,-0.16885905209304233,0.6435558161861901,77.4833362959743
Lopi,-0.23383850312877738,0.04709358609491389,-0.23028480164922638,0.27582974520350867,53.08886431929676
Lopi,-0.2478940903308302,0.10940724222101819,-0.438419903509588,0.2667079839107994,53.823368854866075
Lopi,-0.1705810973993999,0.07846699022962231,-0.25502829102519764,0.3259114964145436,45.069927485299246
Lopi,-0.36499071287861484,0.09512629453250848,-0.391306056515226,0.4111092521470201,36.8769636210608
Lopi,-0.18781040317902054,0.17716268505866395,-0.2420182420279036,0.40656304452950215,29.119891586046844
Lopi,-0.42766680506048543,0.26432874541734447,-0.22981493918289977,0.46622978904298945,24.84017797778685
Lopi,0.12584825664066676,0.0896799077730027,-0.3879677429996847,0.2957926275289684,43.201124874227105
Lopi,-0.20382348843250767,0.2122838496552176,-0.18335639743471827,0.5316074396937402,70.1008248054527
Lopi,0.4210901205470374,0.22002080720045672,-0.1590645826114117,5.255027191542628,229.33561986467063
Lopi,-0.48276633924987633,0.15754427123713385,-0.05232010386891879,0.3637990160732121,38.39946533926166
Lopi,-0.21674951065794168,0.18870174217779495,-0.07701137430516515,1.228977508029243,89.51566845589372
Lopi,0.35560463730001246,0.11994176094853022,-0.14676586629025834,1.1880531630353552,90.45415952513547
Lopi,-0.1678212167430622,0.18858639789721082,-0.0778329924309159,2.3060542317411916,131.1847604960945
Lopi,0.12868914289580882,0.08888833186626784,-0.0726562295999679,0.2680871257526719,34.95541935966562
Lopi,-0.169987132139875,0.05386211316368901,-0.2783541998891284,0.2247157615265182,51.49019233727286
Lopi,-0.35418866619681216,0.04425959756548993,-0.34936617751516486,0.4208329410138753,40.841724013120576
Lopi,-0.5504499244706134,0.057698580876446526,-0.17976855255957302,0.5004961600185668,31.03143373777573
Lopi,-0.4087596135883239,0.00984823304901674,-0.09356297817316986,0.27903469259810854,45.657875478506995
Lopi,-0.26168328952819375,0.06671014333386234,-0.35809313593698483,0.3105730736976622,42.639949517578884
Lopi,0.24382517216952848,0.14346350487336718,-0.24472187681053278,0.3016100162312648,46.703281677285375
Lopi,-0.5038733771927851,0.020161007189512317,-0.06683112214927622,0.32997636312547224,48.15801402302439
Lopi,-0.0978333301172449,0.28124896713031683,-0.28381452610682606,0.5788351291249769,63.78948960904373
Lopi,-0.27382073331145573,0.06860894294268291,-0.17803870916315656,0.42484464815455525,50.13242177094527
Lopi,-0.14542702758454285,0.24172097544246213,-0.22463394201138773,1.4652730186700564,39.35862460662455
Lopi,-0.407157933510238,0.08791819118954705,-0.1421304083243867,0.28563214061751246,59.993118044592784
Lopi,-0.25835790616752047,0.09432482548003454,-0.2841578004179673,0.3929139344592927,32.652974097397
Lopi,-0.40810587332894943,0.08876284622234694,-0.046792310567173506,0.3022431529867178,53.278492711708054
Lopi,0.061640223334301296,0.06548279862399195,-0.163344980480528,0.3615039996111483,41.93596695852888
Lopi,0.22506130099732097,0.17149512475692563,-0.2615108242494819,1.46568044860374,34.45341956208401
Lopi,-0.327667224499417,0.06765165006754956,-0.3657149818342995,0.44868143632635127,34.06439703418505
Lopi,-0.4347083662119369,0.07121025162287734,-0.032123601097128196,0.4421377238385566,40.88890982444052
Lopi,-0.16568734616571937,0.1451231870322225,-0.21585870927067433,0.9357075990282804,82.22454260080207
Lopi,-0.4459552760780693,0.06358908368384852,-0.15865118610390347,0.425851530999693,34.7020157815312
Lopi,-0.08456183012030771,0.027138703143123426,-0.38612842322585117,0.32775714967596564,39.52247887403119
Lopi,-0.24574044388227587,0.1948741084905734,-0.08684497457467101,3.661594373891093,187.0682600378505
Lopi,0.36469256182344906,0.14207666584815878,-0.2947481678377981,1.0423697545688824,63.75682702283935
Lopi,-0.3744944494818546,0.0643401524443736,-0.21767938285343458,0.4616876755565636,35.55169417532832
Lopi,0.17006409182961887,0.1648010695817637,-0.05745892543923384,0.472406106364722,47.23704990043687
Lopi,-0.19970905948412424,0.0855712309545012,-0.20587095667549515,0.2253480237441111,51.42103776119268
Lopi,0.1453208693049063,0.1169528774670248,-0.3575764778016567,0.2601295189113249,50.28199274048607
Lopi,-0.19912881774883437,0.04934074015677413,-0.2924483452657195,0.21658491925663012,46.708843869564575
Lopi,-0.31261865325806026,0.210675125113104,-0.014413543468660216,0.4356323481533229,24.341412218362056
Lopi,-0.5263807883655365,0.33704185632406,0.10125252252700614,0.6311978637038209,72.0095628396127
Lopi,-0.451184575154812,0.18003207536773422,-0.13549774035518916,0.35547920117054066,33.92336975231305
Lopi,-0.44629715729309605,0.06297726401176583,-0.14738789165266034,0.3395145001919906,46.37606213882118
Lopi,-0.10047628182781602,0.048630032648914204,-0.2782597308437317,0.20361709699373892,50.99282440617043
Lopi,-0.2998045474951693,0.10665614211863764,-0.19109914461382793,0.3751282396782113,35.097288888029
Lopi,-0.26991919270803777,0.15637833302547932,-0.20896105453211294,0.2904267930434824,43.069879461952496
Lopi,0.09310612482640795,0.22697410444861896,-0.2478628503838095,1.3864234847226267,114.05269747439317
Lopi,-0.46041028460934924,0.10799751373726234,0.034582640573131936,0.3272935256820872,49.28957077575665
Lopi,-0.5369558613125676,0.08687917921657043,-0.22575590417688052,0.5400123341040005,32.43833906152244
Lopi,0.06739638230675725,0.053913671949748374,-0.33724568082717443,0.3779305075192071,32.62395704358838
Lopi,-0.6547316610127464,0.04789742431465324,-0.14605412687963765,0.41397752340732796,43.40992645416581
Lopi,0.12878303574382416,0.0928227921475226,-0.2890777999696155,0.48093924675552435,38.07505240331097
Lopi,-0.4396546618495112,0.10771341511175422,-0.10806833203285901,0.39677942543100503,53.931406528271665
Lopi,0.16260283884023838,0.24489495002020423,-0.08216786253636092,3.4785577165084476,87.12813202848928
Lopi,-0.5832772464255725,0.047247484580233486,-0.16196920012671687,0.47874409472673507,37.789901997223154
Lopi,0.17385484957888947,0.07678840890298326,-0.18541344687170924,0.6020815643563088,68.89992656664116
Lopi,-0.589395286075176,0.19236214356829184,-0.07294385352266762,0.46114582968739787,27.193879947999868
Lopi,0.32410543126986496,0.23165727040515943,-0.10409780928259908,0.7944555627741,56.03369167776852
Lopi,0.08398756864696721,0.08154357056650029,-0.25635643332884117,0.43111650670040225,34.0456425437757
Lopi,-0.15980159614491057,0.0736284302501759,-0.2990045344018738,0.3811373022673387,52.53666789854961
Lopi,-0.12849298381946261,0.04125105494812146,-0.12092271857520927,0.4065766621374368,34.72957279062475
Lopi,0.25841112594855015,0.16486648681906074,-0.1495249346952969,0.25844160607401195,46.42093668273896
Lopi,-0.19089446153415224,0.08539558365180282,-0.3163649402198489,0.3352089749293675,45.87983137527917
Lopi,-0.35844696982127366,0.04575035674375979,-0.13005997746335027,0.4546828320516956,38.655429695227134
Lopi,-0.06425486614508127,0.04076322424881663,-0.1736781114190618,0.25101411150441844,57.3250342804833
Lopi,-0.3029086890907481,0.07850343384841972,-0.24282597740907455,0.49127638274813884,31.670206159970448
Lopi,-0.2154680691194823,0.09014697633816086,-0.30965027404037326,0.2966116640543147,44.03534207869983
Lopi,-0.31224877685448055,0.01369133998838914,-0.24712068730328504,0.3725851819853434,35.26902086205973
Lopi,0.2460380419858823,0.16574486192276544,-0.21948068774054882,1.4046602317807253,38.30915378054051
Lopi,-0.11451703489447343,0.164417068808046,-0.3103211592109016,0.4082586979977218,28.69617948235304
Lopi,-0.28795340873331765,0.05326169354408052,-0.2197598379601784,0.44087458316262207,33.65378808319904
Lopi,0.15874278121709376,0.01575601696350834,-0.28368973396165276,0.31155020453761556,37.09228005836188
Lopi,-0.297066014213079,0.1673778908947368,-0.14495887494240328,0.44542271134964706,35.62227121828411
Lopi,-0.2449092018317784,0.15032665288736063,-0.18528989470503768,0.5335656057665827,53.33499068987774
Lopi,-0.3574915055514281,0.08094912188151501,-0.43109611213681126,0.2389788140888774,46.35243242763555
Lopi,-0.5387688583947231,0.03656551613902571,-0.15547842726353114,0.4848578546513264,36.025453157507215
Lopi,-0.3981378278730176,0.1208404381039079,-0.3776440240877696,0.451269941772972,46.03062079400918
Lopi,0.1757746756330846,0.08635211232744022,-0.059482945709423446,0.30930853610396486,43.257645315737555
Lopi,0.13399342676666023,0.17821425204685803,-0.2793353088711137,2.027383660388187,73.90526907444061
Lopi,0.14565613894857946,0.19632990566512357,-0.3038808868912874,1.1405932213115104,54.85127969051845
Lopi,-0.3448082217549145,0.23252853520139602,-0.3338869002325764,0.2740024684374022,55.98023653362803
Lopi,-0.600724052226358,0.102642577296211,-0.0570834045702777,0.543411132085146,32.18681705378005
Lopi,-0.0758729031824283,0.20341331388544273,-0.24830676094181578,0.39892913154021986,33.55797350239459
Lopi,-0.43070264103834816,0.14412401339032538,-0.18932022359224432,0.5174552812905645,33.705842779603415
Lopi,-0.2803412325011516,0.0768173217966106,-0.35618211652990533,0.3402944708387889,31.379180134734064
Lopi,0.17383953049101197,0.09636233747453883,-0.3049547707097438,0.1974135626365464,50.636527933779604
Lopi,-0.11115553183568838,0.009540574067310308,-0.11597035511766715,0.29729612312667975,37.88261678591076
Lopi,-0.3828103495982029,0.056549052813911274,-0.3412992056282203,0.21914843091454514,42.147010839241425
Lopi,-0.3265030172044211,0.06832068836046397,-0.12979637064304062,0.3426640854270207,32.521919296719965
Lopi,0.3095552381539678,0.24730939078228942,-0.05450268122577323,1.023625878610031,48.98827194690792
Lopi,0.36775346548374493,0.08707340013352141,-0.177868825684876,0.4840118021785972,31.221763759889107
Lopi,-0.20793270343333126,0.02137858894572892,-0.3369902523653826,0.2564096761005841,42.490202767518504
Lopi,-0.3831231829940359,0.17974667267756034,-0.09527015068136585,0.4255334056026043,55.2318477365865
Lopi,-0.5848221965460848,0.18714454029050578,0.03079017436818256,0.4279700658467458,33.93392604044811
Lopi,-0.5018046937001241,0.07769867192297872,-0.3009676194402195,0.36179967014776043,44.82582516481871
Lopi,0.18953213801737645,0.09557958114383688,-0.15285404705026662,0.6415795197911314,72.28908429562136
Lopi,-0.3785436512530017,0.12018493072571737,-0.15987798590148578,0.3911006152527995,45.18638022880306
Lopi,0.23670005286733742,0.1083349158796992,-0.3354973648863311,0.43380994503150944,65.6158146176815
Lopi,-0.3592363793469451,0.04161417372935192,-0.007621764902241777,0.41853200402622187,33.61753319985185
Lopi,-0.18719772154265563,0.12831771808100387,-0.2725489394841162,1.389886639913138,77.26657856676037
Lopi,-0.4513551425607467,0.011912551013217344,-0.2955178070023452,0.3756365484840067,40.44501207973625
Lopi,-0.3253075795878248,0.08805103194316567,-0.23375883177364426,0.31089495720177396,34.75908542835584
Lopi,-0.06443753339899849,0.127758387020026,-0.24858939186560244,0.414188440244553,42.61454604299009
Lopi,0.11639682491458891,0.13075348534090225,-0.15893547798599406,0.4601162761227519,56.997365076550366
Lopi,-0.08342643830970316,0.10442508552829817,-0.27815018799909147,0.4501651988263449,38.94207812489097
Lopi,-0.37092844285217086,0.06646002325207086,-0.2788508210678304,0.4638494258381927,40.24330162905483
Lopi,-0.33627863113833034,0.23159430732929778,-0.13855583909413247,0.2659254713829403,45.25204703301354
Lopi,-0.17334213280366628,0.04345912088426665,-0.11451910527738185,0.23752595733466245,55.07850467828413
Lopi,0.0912473880886344,0.05324296546278273,-0.16574764264720634,0.35768984586459407,38.04937699625487
Lopi,-0.48783169541538596,0.022638157812041686,-0.28687003916261455,0.32180067308021587,45.17184139197233
Lopi,0.4454342902144333,0.3129324345415768,-0.292892734670723,78.8290583297046,3005.365641808239
Lopi,-0.4952830031227243,0.04122047573018025,-0.3379340238438787,0.4007720404752542,36.4404951243126
Lopi,0.3582502282248097,0.1974557365776286,-0.09381838742115017,3.637766512970743,175.62674251434228
Lopi,-0.2686367588699744,0.09932736415057417,-0.1473573966587101,0.25469805897178416,47.25711836528244
Lopi,-0.1421145023765617,0.10123046990455327,-0.07704650337969181,0.3179255001210577,38.80797579268152
Lopi,-0.09031829222027062,0.02088306712271935,-0.17771953379241281,0.28582606046734266,42.801417005600186
Lopi,0.08066577549394151,0.14987824329787236,-0.2745354083624591,0.2954155835407211,51.87814979224987
Lopi,-0.30389363365387184,0.04802569149339703,-0.17495984903039485,0.23952357448406209,41.583651240009196
Lopi,-0.3289184815461618,0.10484848221597134,-0.18266570312113434,0.42720713096785784,34.370656212598725
Lopi,-0.339090673949435,0.14934352511469257,-0.19543656457653721,0.5283198273089902,30.982759969055742
Lopi,-0.22894519971335645,0.16713300800148373,-0.2459429426014738,1.2844924392852184,96.2927439860097
Lopi,0.24207538644259674,0.19924193365493004,-0.15733772381710828,1.082098868755791,52.39489703831427
Lopi,-0.09623627442525225,0.04049414272849008,-0.00976821405653419,0.2841563673710748,47.08156784629482
Lopi,-0.39062042344599235,0.04235442678077445,-0.3097415342285938,0.4287192155002114,40.69700173712554
Lopi,0.11367832113466678,0.018644672281157168,-0.33005079314432195,0.2872978888991898,37.709618250030985
Lopi,-0.26580971699782324,0.05747515712385348,-0.3999434121467783,0.2595044068921201,48.50251616474144
Lopi,-0.2093192171494398,0.21481793859498038,0.025800988548697668,0.47956583588227764,31.712091232293897
Lopi,-0.492070295999369,0.029835928368575383,-0.08701969575226352,0.2581234266208423,48.056909835687804
Lopi,0.38546894938001275,0.2623527748904123,-0.28140139355981947,5.359923329426083,241.2212958729194
Lopi,0.15510681892126976,0.07898234608473904,-0.14762842595033343,1.3299742139178155,73.21164574613951
Lopi,0.08334322038380616,0.0851957199586292,-0.2881185731484257,0.28819433297618524,55.94616965512661
Lopi,-0.1466124081582123,0.19952205631622738,-0.20506189121955407,0.3856099867278531,30.765138163726434
Lopi,0.3453050964255061,0.029329203091590577,-0.19192421604894155,1.2938736170388352,74.600744387644
Lopi,0.1647895502719221,0.12045862464269512,-0.20886444376545407,0.5097752208767854,60.69264936751941
Lopi,0.1312889333939637,0.11909885151156749,-0.2817740311974741,0.2769787079884171,45.2362824808308
Lopi,-0.19809025172593067,0.10728911404288932,-0.11989208110360089,0.3787952677029216,35.30418940288978
Lopi,0.2287422371240368,0.2354173852258926,-0.29880518681852175,2.1691733565798508,77.14654493255149
Lopi,-0.33172567193845703,0.08108693846000128,-0.14542426617309603,0.8445997778849146,82.81245284947451
Lopi,-0.2608269999073384,0.12644129124233394,-0.25647182673886737,0.5114007687163681,39.58487874511166
Lopi,0.19938939333887015,0.20038861461644641,-0.09167451738598027,1.4567641122018575,88.53699613004538
Lopi,-0.13762221074584424,0.2100845449893077,-0.18731094970438786,3.7267738898027294,186.88469132968459
Lopi,0.18433142360269467,0.16645712203068233,-0.26088397094356525,2.347622477618357,130.88761611251456
Lopi,-0.3556780259443458,0.02777681314002427,-0.27289575988392784,0.3404719167758261,42.25183933625846
Lopi,0.2189338709381897,0.04739444472602675,-0.24984820101905642,0.34325208563995246,37.416372706287646
Lopi,0.09685511339157823,0.20235859917528018,-0.20662920656959485,1.0747413157003327,51.87032907300069
Lopi,0.2225260088861808,0.2787848252453836,-0.10914289105850355,1.402881580898205,99.04170919638524
Lopi,0.09167128184515635,0.008796332046328277,-0.2622920608993672,0.09300005364477248,51.60216622006335
Lopi,-0.1205794812130129,0.19998201530734008,-0.27058549223521494,1.470166003442678,66.15422313771438
Lopi,0.14860931875460215,0.06160487522904966,-0.3370791104826714,0.25081410208767974,49.80245789385941
Lopi,-0.4233214421875824,0.04010649673144261,-0.2354275715791961,0.3525189990452803,43.251485122439895
Lopi,-0.06116773821023587,0.21181506184527837,-0.2767841167492601,0.3625134671513911,53.702022731305625
Lopi,-0.43234964847133694,0.06536247143857059,-0.15108541439913595,0.4254812694313608,32.45024855756563
Lopi,0.07021730689091041,0.14224129760196091,-0.28970834482568253,0.5563046256581149,65.8012684240631
Lopi,-0.2644248053296176,0.07509297007424458,-0.2806584200054176,0.22299319590756253,54.212147850185694
Lopi,-0.3721786818656326,0.02192253743037398,-0.3625386558350667,0.36339193450584034,42.01453328152267
Lopi,0.23027102693729762,0.28439614665364327,-0.20894060472208714,3.745027777627489,183.11746962754756
Lopi,-0.23038572330669876,0.0387902226532395,-0.08708399618732984,0.41431906961997594,38.16325068660037
Lopi,0.19164137141741555,0.07140956469303639,-0.11711520897297478,0.24508402304807564,40.0651159569884
Lopi,-0.1019851846691199,0.1205515289588995,-0.18951616456853712,0.341902635393955,40.75503403122539
Lopi,0.1640688401920469,0.2851449372341009,-0.1265335546413786,2.029827048323065,67.46155757557844
Lopi,-0.40536384820766247,0.03884449590327835,-0.1276517099318898,0.4526297655528995,35.32656631047424
Lopi,0.3143994688243817,0.1281508226153067,-0.2759568817377882,1.4289987395294195,84.2267535717672
Lopi,-0.4877521190444841,0.0743675515709089,-0.15053751969368664,0.3262285941447507,39.49819854357151
Lopi,-0.22712816684130438,0.06202079708026061,-0.11653191213400285,0.2252514406829924,51.686962035812726
Lopi,0.146550785664344,0.050539160821416886,-0.12809060558699475,0.23728859281433237,50.589926902547184
Lopi,-0.17566080703209344,0.04939622075600683,-0.3911448484083353,0.405825899250652,31.47193413107945
Lopi,-0.42256546533368206,0.1007724864189871,-0.1912066833494975,0.27431699460527625,47.51150450093796
Lopi,0.19037962191261648,0.06883636650927212,-0.1106110657781104,0.29504501688668644,39.78205253304148
Lopi,-0.22270622087726327,0.12503702650519644,-0.3601869770141202,1.4025038984729459,98.12378856713894
Lopi,-0.06883260600027608,0.05161757338895382,-0.10025596820773927,0.3385270317658824,38.80178029881505
Lopi,-0.1141995101957354,0.2576455906208503,-0.2939769377455327,1.3418782792431345,99.14219081185034
Lopi,0.22400259386333898,0.028853528374737404,-0.20124015556799604,0.30833871134575436,37.35211899449837
Lopi,-0.660521208285725,0.2623789618002954,-0.04139836903477155,0.4139535110407505,34.92638644633779
Lopi,0.12937287070631584,0.22581921206039693,-0.22960234915016553,0.6070688456440946,73.52618106777314
Lopi,0.07450589833691709,0.11662113501055296,-0.15430830922587596,0.42084924569555116,38.66152989247018
Lopi,-0.41585697257290044,0.061176569639903235,-0.13134248146956845,0.5215921778039653,36.33917692239473
Lopi,-0.17113935703353977,0.16379638554926718,-0.10880827161281108,0.3753382791930635,51.47229662023493
Lopi,-0.40507809997056676,0.09254812590513903,-0.190023331927539,0.25781319670872055,46.50850160424176
Lopi,-0.2386997151019754,0.02521828137748954,-0.3372947825120438,0.384111575675981,37.98623333016013
Lopi,-0.17986995249430826,0.014609720619410441,-0.24687689652512163,0.316132031809392,35.602704420169935
Lopi,-0.19541543024820912,0.19629338296702614,-0.17816991514684588,0.5287716875727912,32.23870889760146
Lopi,-0.148882387847054,0.07026606590806433,-0.26861426396637145,0.3422723602939939,34.50748787472295
Lopi,-0.46951447183513983,0.06797443304757808,-0.10011186053005736,0.50180772091864,31.30524901039125
Lopi,0.12053886177003902,0.12880167818470062,-0.24284816272583348,1.9898801960881771,66.7834990191585
Lopi,-0.1946834832948594,0.32643485339065614,-0.16283422823136892,1.5049801378396381,118.50603267922598
Lopi,-0.4064919247298732,0.023158462538496606,-0.16417313880542034,0.3277607832440841,36.493355697343304
Lopi,0.25086371073788283,0.11760662189640488,-0.3088302628671803,0.24149344695292355,52.52905744662676
Lopi,-0.7678338012104058,0.1484774389106065,-0.01982169469691138,0.4686691390260072,48.106888913545546
Lopi,0.18780635465435158,0.08419578636473221,-0.3799389014045112,0.4535723325011259,40.712164366622204
Lopi,0.46342588563042386,0.022626621775293218,-0.038415831481239344,0.16878344222141756,43.85022837048649
Lopi,-0.15394197253378825,0.2250949597093382,-0.19878886678110494,0.4317007723113642,31.101908747204796
Lopi,0.0761666009450126,0.10917589740800653,-0.11044236195710433,0.29210611709414475,60.161082894088224
Lopi,-0.1500106777897845,0.11796253892032624,-0.19736952750138384,0.30409351297113985,37.75982976518951
Lopi,-0.13672667699178176,0.02286286624068335,-0.3302789174585265,0.35087947114236157,37.643872928774876
Lopi,-0.05189788078920843,0.1848756390931447,-0.11455144570738802,0.4425922215028362,26.646735817709562
Lopi,-0.14597556061433004,0.08733010114312897,-0.3559335965417116,0.4619706177379533,47.36684107256999
Lopi,-0.22033960366308689,0.1409661360861632,-0.016727828043279953,0.5286921152782332,33.51784173884246
Lopi,-0.3971533879208212,0.11592779725345673,-0.17440040149062044,0.38590927904785444,28.2685910978007
Lopi,-0.15734169857744662,0.06632495993794202,-0.15637338785606109,0.47907178959258856,28.48447412204165
Lopi,-0.12297220929283273,0.08892366991092918,-0.2693969577957953,0.5249631472826328,62.70299063961954
Lopi,-0.5708029348305779,0.02852420800392938,-0.19052573432392758,0.4507578985001505,37.76700593038686
Lopi,-0.5352747741223312,0.06929511242160905,-0.05372971233568907,0.513893777138712,32.77433680791594
Lopi,0.1273734462485574,0.043189738261957156,-0.2626195790832496,0.25095657738482535,38.299978931700835
Lopi,-0.3022897704207648,0.04621453912131765,-0.3905041579011034,0.25467344126128805,49.65532476238073
Lopi,-0.20358896761615625,0.029809600238079943,-0.35624631133045076,0.32689752082890206,38.992171995967134
Lopi,-0.2483548073244341,0.026191774930604872,-0.3276671094021391,0.36385439169497424,41.53932069224727
Lopi,0.18435201235529275,0.09890860964610787,-0.2383552014283106,2.0739756781165655,46.49512755010758
Lopi,0.0922224182259716,0.12442511595365395,-0.38822759671216917,0.2360719476565944,55.1779848407648
Lopi,0.15244279513933962,0.15286619012481223,-0.18799638169371857,1.063365825095101,36.399248291227785
Lopi,0.09149850512740619,0.10127463949348954,-0.2775427035711013,0.14582329175783193,49.73995922330384
Lopi,-0.35535350526676446,0.13305512793785051,-0.21644558774473363,0.26389441620446147,39.26344337233641
Lopi,0.1345554927368589,0.1658679916310855,-0.12707385555690406,1.3757490300477129,96.89609930521334
Lopi,-0.48400898230060335,0.014499230910056799,-0.09543359330216361,0.3952323914730545,40.8514185162393
Lopi,-0.241695497069368,0.2386859054513696,-0.12809556268042283,2.442205029034476,143.02648233158635
Lopi,-0.1750199736149714,0.17399585895560213,-0.11651934545012903,0.3762543635110979,50.755960530239534
Lopi,-0.5221842519212133,0.05436176216394202,-0.44626852195618916,0.34828775419838126,40.04852707834542
Lopi,0.17955633454722392,0.169852124496837,-0.14870734005172143,1.0339981960619355,36.33628104765531
Lopi,-0.25404077316146984,0.022151150125026643,-0.4288072146567319,0.3604693575715212,44.76751721288041
Lopi,-0.03342897582874412,0.1339008269335364,-0.2918041625330929,0.5059927737437437,35.24036577207736
Lopi,-0.5121054684071746,0.028460185683806198,-0.1867685339017849,0.4446651902448658,37.1474510843402
Lopi,0.5959522377310457,0.3817695726986604,-0.22098680259693576,8.517204772059817,53.90028980584694
Lopi,0.18545617121756433,0.11479669651305995,-0.14062687526083475,0.3489678264050812,50.29322298706103
Lopi,-0.12817390101884105,0.2012529627072252,-0.19316398428757137,1.4222651939356632,97.6062747399906
Lopi,0.15401007131792435,0.1473082454593003,-0.1553377997529101,0.44039480219594407,36.10099372252729
Lopi,-0.14608117443557125,0.039641475195127375,-0.2299965887194769,0.19300773046171957,53.64532534606041
Lopi,0.07510369729732004,0.028036501738885916,-0.2888774526199383,0.2745053598952067,44.67932110997039
Lopi,0.2567947809717533,0.08243629039783291,-0.28670388902004107,0.1832925823346656,49.27596520593608
Lopi,0.14585647368504137,0.17004394464236477,-0.25711727030953097,0.24696793082348603,46.18908034837452
Lopi,-0.12037716252440663,0.04597014783343303,-0.35473231180586445,0.3958120555193421,41.867625998295736
Lopi,-0.08035161457357674,0.07565670694240292,-0.235353394952151,0.39110430131900853,38.221004577702416
Lopi,0.039595801741592385,0.2449873188924338,-0.20640182096803594,0.4666043093602782,48.756237868286696
Lopi,-0.3301765658230814,0.08980373230295424,-0.18425617860701277,0.30456075377937053,49.23881740650896
Lopi,-0.3187039656648968,0.0034813747898444123,-0.09628768969106931,0.2844117229528505,43.8992506536743
Lopi,-0.6643909843644913,0.38234752874760347,-0.04066740681418657,0.5890342920201689,27.43660766519949
Lopi,-0.6466677749953327,0.1250512480879564,-0.2256830882684678,0.5379438941540667,40.096769670411135
Lopi,-0.4282476703642304,0.10248447438007195,-0.17147254173814744,0.521483624962714,34.95384003200107
Lopi,-0.3661089328306668,0.11977590921341441,-0.21573570015187407,0.22552407808139444,55.131130228606
Lopi,-0.10423340009466275,0.19041198253037134,-0.1066061352749212,0.40189399672784015,29.52333069194346
Lopi,-0.24787968249212125,0.13019614226472942,-0.2958615520118548,0.4635558998535283,60.61889289833225
Lopi,0.07749549431655044,0.12456610094002132,-0.16596366520524894,0.35256998387246213,33.109169124149275
Lopi,-0.1649126563327203,0.20919022413594415,-0.3332334637080114,1.496603875632493,59.382584667598394
Lopi,-0.12602237427650237,0.13321712617186904,-0.2542779205628485,0.3312635915562081,31.704226474340174
Lopi,0.10545371949119797,0.04126815938768909,-0.36147116183562783,0.3063422642201522,49.54831466549879
Lopi,-0.33674425946308045,0.014758553063840848,-0.3175081484299775,0.38938864333113105,43.534927738579555
Lopi,-0.25115659810078367,0.09375645610528656,-0.3516899421617173,0.20548605618906293,55.120394822322496
Lopi,-0.4912754435471802,0.0892384744243376,-0.3410885031988363,0.27693027353949967,45.024321054172574
Lopi,-0.14286259253652428,0.15343242735009716,-0.40103316406081585,0.25297071537505833,39.131495775302746
Lopi,0.21464748419562582,0.11640657456492351,-0.2657295378725229,0.44516134362544074,40.17443516604149
Lopi,-0.16660227384701465,0.13825922097269056,-0.41749825064139795,0.3219609706322776,41.56420157476543
Lopi,-0.36167083780773407,0.03757458950146174,-0.34328108209619485,0.2740126127678592,46.23199918640315
Lopi,-0.15180473033552472,0.06642192523123827,-0.19489780225706274,0.28173702207757406,43.40636379074586
Lopi,-0.28029333951749064,0.09544481000458185,-0.325782138506521,0.26935335217943995,47.42726940039227
Lopi,-0.5645972480533692,0.2318737493730072,-0.10732298436126199,0.47796916769301284,44.67468843200681
Lopi,-0.2772260186663176,0.2435121176312752,-0.09040803313294181,0.5340658058355141,41.87839232024162
Lopi,-0.3789485139501445,0.09662466400221859,-0.3096690558230734,0.3462778690596664,36.734071802370764
Lopi,0.1358946711845061,0.10917822887190473,-0.3278032747896051,0.23022810537203361,53.72226361393479
Lopi,-0.06918196078922251,0.15688193484788684,-0.23804248545046008,0.5476539351199236,65.0955419720268
Lopi,0.21524195428383736,0.09146525674209202,-0.1294823133506273,0.8799006919659821,78.14039817196812
Lopi,0.1522194782831995,0.18920860561786906,-0.0637773996242526,0.37359262050555975,46.58727864109508
Lopi,-0.11538039663920784,0.20437420018492097,-0.3927824626568687,1.489301147528517,32.961492064126126
Lopi,-0.15973447403885901,0.053134680683378545,-0.12472656243046014,0.33706896362103517,49.12983333415059
Lopi,-0.0562181127474132,0.08692443869611241,-0.3657453998221657,0.2212609533801732,51.29539360774484
Lopi,0.1287494358230806,0.12275759748048928,-0.22888549515404236,0.4366763737219074,39.508161507296975
Lopi,0.18518786934857667,0.10243142111512984,-0.1364311040711365,0.6713186591920064,61.327226324811015
Lopi,0.34111361213612224,0.14544067918829168,-0.27367672947903054,0.5117054270535286,65.98996857181673
Lopi,-0.16992328032809453,0.29340570447335523,-0.028190999282048875,0.4925460123413899,49.404448701089436
Lopi,-0.12402165622302566,0.20944286451041902,-0.33585227070864493,0.4560768594842469,56.80576797536148
Lopi,-0.15276402577343937,0.01671797685687671,-0.13776161210994028,0.2812068899084202,37.83281254486819
Lopi,-0.36030863718109113,0.12038009606120759,-0.18647475785633483,0.33601425940902213,43.27838546766239
Lopi,0.1728347541556921,0.10664236416821667,0.007565539704139028,0.8700263339275968,87.16591307425138
Lopi,-0.1575288258881639,0.0827268817386321,-0.2925367335299228,0.27488060058807856,52.05850426106086
Lopi,-0.25668165301864243,0.09099309996986013,-0.12987275468044218,0.2658572080156266,57.24417917031681
Lopi,-0.3353423735965805,0.0700236706693131,-0.21574926946563958,0.3434598471676867,48.733811381918684
Lopi,-0.17319695119273495,0.04040813776294573,-0.24172178358919685,0.2292685553655573,52.19648912958811
Lopi,0.12170898305564408,0.08814733881603445,-0.3600622533249433,0.39929127940126025,51.7124603624956
Lopi,-0.27677230669557357,0.08515847949525449,-0.2345321014375765,0.36526039054634685,45.524964981998906
Lopi,-0.40976793923123234,0.26790492805245647,0.04710446228451908,0.5339452576278003,40.36431540368261
Lopi,-0.13467722859273973,0.11880044100511908,-0.04255552876402892,0.48105604215865305,33.65743431225422
Lopi,-0.18843625574301898,0.24517993818652428,-0.20693296383996201,0.3906468851382492,58.33544652291368
Lopi,0.16780181174206552,0.3854102072197026,-0.15499335323199134,3.783496181186518,190.91085973686154
Lopi,0.5410033786793695,0.17167518211129384,0.026002723669718942,2.068142574514176,62.78749032212595
Lopi,0.13652852828834905,0.23493359188201354,-0.207443932982035,4.0259390113040086,155.8415622101524
Lopi,-0.3400983346245932,0.08436731084009769,-0.4460342744350309,0.25892257551881587,55.8555954013986
Lopi,-0.3050368016980704,0.048604500611277454,-0.3576877086195712,0.2765282500503497,49.68910514281497
Lopi,-0.06077045370413433,0.16872722013485644,-0.1744649353135708,0.2723165565733619,47.67039829288205
Lopi,0.14410333144533916,0.06731949922287553,-0.051356813811419696,0.24593689060850316,46.04363370138198
Lopi,-0.1069078594221071,0.14437311035930722,-0.24327845794390976,0.48603577083164595,26.544155089943025
Lopi,-0.40553806309380147,0.02186481015190047,-0.21779687924579066,0.26338620257006723,46.81598781457238
Lopi,-0.45220168973011166,0.21034239139698796,-0.10597012529374229,1.4187431185687944,84.22600644330413
Lopi,0.05781261842227518,0.03963473463132638,-0.3334141897933671,0.31291747639214756,41.85976712950063
Lopi,0.08793383163055501,0.0794374704452627,-0.30536906873361863,0.29312680034307986,40.41161439319555
Lopi,-0.3006557073510032,0.15016931349112053,-0.0999128920051066,0.49636927109670215,29.808386850445295
Lopi,-0.18645539251637888,0.0521470370075115,-0.08753908897619471,0.4065502283481021,37.94850205165784
Lopi,-0.31688558555995255,0.01889012728065737,-0.3142568406421348,0.2583463898086611,43.67752499059672
Lopi,0.4007309808198834,0.07022730715663807,-0.24074326201911797,1.016726377756037,43.93064143904039
Lopi,0.12869358258802296,0.05633088290900904,-0.15141620685405704,0.42550122748311714,39.062165404784515
Lopi,-0.3328793657878002,0.09680450446610757,-0.03204678442621583,0.24516740896671116,52.037941481213245
Lopi,-0.10454081405676033,0.09971863741428998,-0.27937135349466613,0.4951938754755905,33.24725425320759
Lopi,0.125289460086083,0.11167865364034006,-0.23212519236802565,0.4616080800332112,37.91233032069725
Lopi,-0.17299325666763055,0.06858921518294955,-0.26956890580501036,0.23564228894017666,54.74297288927761
Lopi,-0.30633950254213466,0.05249600215893432,-0.11389718626175627,0.381398687396141,43.39552954826883
Lopi,0.258049189889752,0.12449295945179095,-0.26216925758218945,1.4157985677570069,59.950998639081384
Lopi,-0.2780093829105117,0.14880107694218414,-0.09301673598552287,0.5038793243806585,33.24006676350618
Lopi,-0.41073596784404676,0.05059849236699911,-0.28302741254018215,0.506785974117654,36.22175357949504
Lopi,-0.14279771549562956,0.10207016190657699,-0.10324488448847148,0.42476593724084244,32.99417314431685
Lopi,0.13983375434308584,0.10747470164729919,-0.3569916053096449,0.46994608374308067,39.65397624593248
Lopi,-0.1938407062652135,0.08957168151153024,-0.3834225048532342,0.3633189192744475,54.17432089901085
Lopi,-0.3661335654022602,0.027491188320631143,-0.2828296016588335,0.35476384221147594,40.5144932594424
Lopi,0.056901915057917085,0.01887532910992263,-0.3030387494145544,0.31407471886550214,39.190564453820905
Lopi,-0.29131946305094236,0.043970707792098745,-0.29276354627450146,0.3529099598263887,36.66170284572146
Lopi,-0.5485708690143105,0.11463133711561449,0.02572674043829191,0.33894783161727854,37.738441687746715
Lopi,-0.08144016618212004,0.19219704198193974,-0.09980193056928945,0.354038048904691,48.63443046035553
Lopi,0.14322022516489558,0.12033884135733763,-0.11605758250633601,0.39644998958647654,30.26674602219185
Lopi,-0.35149276352330805,0.14753768229912484,-0.2560854978933299,0.3623889323489077,56.66975359567425
Lopi,0.3550663695270848,0.22552132608155748,-0.24710732773888736,8.52174744275714,28.961061347636516
Lopi,-0.40435068097188825,0.01821342680431558,-0.24168864538701645,0.3718826571828855,37.67813523073261
Lopi,0.15078465725945084,0.061232850769165494,-0.03108905912874082,0.3043546929386023,52.032034110985556
Lopi,-0.0741983911700456,0.11017324323977948,-0.14023769029676716,0.2749403693504476,52.53499660105378
Lopi,-0.4714560551800558,0.04631246589155068,-0.3719910283146366,0.37496234681911556,43.21304774862007
Lopi,-0.09297577875836349,0.11406057098792208,-0.3059769506743702,0.4919283239025249,50.764241734744886
Lopi,-0.5694219619327434,0.12463227350537351,-0.027825628620001493,0.48762624819206773,29.379650192216243
Lopi,-0.2851324770305881,0.2368199320140724,-0.11637061076650529,0.42522845679358645,28.686301950254947
Lopi,-0.1846733167085172,0.15934706896271067,-0.2473868182491753,0.5621424732330452,31.950889326820715
Lopi,-0.3113728779349531,0.07414845106244658,-0.2081009252902493,0.3818263815148601,28.039972018661825
Lopi,-0.49021996673896134,0.07202293346344214,-0.24655492469651927,0.4838136218871219,29.119252835631926
Lopi,-0.5305708479489573,0.08146321240533079,-0.14827043525690403,0.2569085696877352,42.72887252773618
Lopi,0.1585928303081708,0.12563272317099866,-0.05443715499072045,0.3887121721594493,46.56433056231301
Lopi,-0.04392052618301887,0.049542396149512447,-0.3399220700634817,0.30078663053814136,37.93401084220483
Lopi,-0.17900059814894206,0.056986328928507746,-0.07651365267605688,0.23394738250517888,44.7432071429808
Lopi,-0.11922087977140372,0.1552399709333227,-0.10915301841538338,1.0785024414007578,39.208259325741516
Lopi,-0.43304623673322895,0.005038531469542792,-0.29375471533918895,0.32675990359942536,43.151062347627004
Lopi,-0.4993509597360728,0.008543150489198289,-0.2590956863879381,0.35651148897782275,40.115397914075864
Lopi,-0.16433857166026697,0.06826831319047029,-0.38838845151098045,0.32725299736127916,53.54878961659432
Lopi,-0.12172478530868588,0.030085614096883845,-0.2481900334633065,0.3682357093815634,37.47847280109157
Lopi,-0.22531521137670996,0.020070742416956257,-0.15824782782588723,0.38411012159532965,39.335641419651445
Lopi,-0.40813547122618515,0.17077739744936682,-0.008096676283916894,0.5534036943511037,30.236024825528304
Lopi,-0.1449903846479732,0.0956255515842925,-0.2696740424647165,0.3693225785400572,38.62938869965221
Lopi,-0.08006331290582246,0.03260906303577267,-0.32537346075563867,0.378862683830299,35.95925811301272
Lopi,0.2513900817395724,0.1256225856321182,-0.25723136544914876,0.20774742278643918,45.157761959610085
Lopi,0.28466461860919473,0.05880714325912438,-0.05948532044779291,0.4142935220614671,55.36137623773109
Lopi,0.22136621543280666,0.026706105657549124,-0.25229130794677773,0.20182234013341435,47.16338579354186
Lopi,-0.4974570450108555,0.07959603372668517,-0.10904230752381229,0.4057668305598783,44.68450558321523
Lopi,-0.2789922017181484,0.15347979565222863,-0.211426999523819,0.30398668675490986,37.202370615124565
Lopi,-0.42646648356609906,0.16138850893934506,-0.21526007442599604,0.38597691268467116,34.290765438705456
Lopi,-0.24096985898244577,0.06379591907602389,-0.21251351274830887,0.438377987979279,36.96500422418308
Lopi,-0.3263260554999986,0.08987943703041634,-0.13612799976777204,0.33215277948628463,40.17669511842082
Lopi,-0.18472686690561346,0.28159188170929716,-0.16091874484565025,0.36957928704545656,48.44536042290487
Lopi,-0.1695860676449341,0.121668530345903,-0.2345013874351951,0.5187935325061789,35.63771771344244
Lopi,-0.27823757344371197,0.08768688676607464,-0.29862628233768945,0.41006342446546595,33.28499063845274
Lopi,0.09761601948333515,0.08516818024046043,-0.2200749385525836,0.2791503140804608,37.379721934175166
Lopi,0.3815879592393442,0.22785616876878861,-0.29204895741323333,1.392695374526847,96.70626673524274
Lopi,0.1004222490045284,0.06041293234481877,-0.12319629409727904,0.34245954916234106,34.53344949609632
Lopi,-0.3548993927978924,0.010634410906276127,-0.237800937046326,0.32908083174285596,39.52300587289534
Lopi,-0.20689112066631268,0.09656179536672169,-0.3577297320697471,0.27641337893065954,53.40766549274362
Lopi,-0.20184700533977032,0.09132701800662717,-0.16997888857045293,0.4522102589113889,41.741676453373685
Lopi,0.08099126141914745,0.23053431837303964,-0.13045346927201718,0.44660935252540307,35.33756948242071
Lopi,0.08654985938176388,0.1123408655971625,-0.1152710479434704,0.37007024455185694,38.27568317551765
Lopi,-0.43052797926442576,0.2717679296815708,-0.23280497818789878,0.36870480398723693,39.9759588129246
Lopi,-0.13142482477682862,0.04105958380267282,-0.18498278433824963,0.2146832980358117,41.89211993793471
Lopi,0.23284283579683618,0.18570933178996613,-0.20104927323605015,1.526999055170174,100.83591495502283
Lopi,0.11828290416456418,0.1343293461408531,-0.24555087704242265,1.0757762023523534,43.92830204408112
Lopi,-0.12896438181434533,0.07592758447361006,-0.3077486677849735,0.4103758007526963,33.9886880129408
Lopi,-0.17609120191688266,0.08143953198633783,-0.30039399897703156,0.2867764520241529,35.77874656358449
Lopi,0.20620335395713418,0.1925057405540457,-0.12702145102932416,0.4503158032362452,45.14214127239283
Lopi,0.2278341384430479,0.1395449341991652,-0.15757671245874016,1.104930326487683,49.5490783659346
Lopi,-0.1489480666966267,0.05323804192309904,-0.12145723970184392,0.32506703469588916,43.71956600091207
Lopi,-0.15193576823396518,0.1392609830829041,-0.15396889337343067,1.425652400827153,55.793252755306355
Lopi,0.21411926548770427,0.14275900235242397,-0.04217626168631642,1.3282702572874983,74.22113797740536
Lopi,0.2426723843762021,0.1836912769463997,-0.2519069236923358,1.4130442534141632,73.68662384617467
Lopi,0.07056580521038955,0.19246972136328913,-0.12273095577320618,0.3867484817435145,34.93421135508462
Lopi,0.2450054717768451,0.3043934153188779,-0.36121657574119664,8.616734800231137,37.10151514724452
Lopi,-0.10844673143606286,0.09780256516596877,-0.24921312026823084,0.3292524753423589,33.901284629879456
Lopi,-0.3290594607553513,0.11867660120582857,-0.5243940645310013,0.38129482609887194,56.39304786846752
Lopi,-0.5812954744184226,0.055668659439337076,-0.15791790613500797,0.5036453339554573,37.270801890025226
Lopi,-0.3442791479520162,0.1584157587361305,-0.16303701958017816,0.47370790686454806,46.33032402695977
Lopi,-0.4786815275893469,0.06622686475868134,-0.3614058294701612,0.39346846911928957,46.59477954781711
Lopi,-0.3440891750948128,0.0795387975010934,-0.29602232643397364,0.4740926208937685,39.65780831951664
Lopi,-0.32584709992527006,0.10929097160032179,-0.23283406144571134,0.371193841164985,39.07963446035935
Lopi,-0.07618585100169116,0.1623809754179302,-0.23830928512164298,3.4931010886479092,79.67475121124312
Lopi,0.11821779301659713,0.27455838288725987,-0.2134574192363592,1.077146945812878,35.35657585067138
Lopi,-0.37310401662763115,0.08841045831771309,-0.107144099467656,0.3798126423509747,39.071817039002006
Lopi,0.20451850783652364,0.15818985359393492,0.1333059209630715,1.2623511474394618,83.41616123064463
Lopi,0.19973829717704616,0.06815637414939232,-0.07197940287394243,0.44609086587388247,60.562515398517974
Lopi,-0.4239001390013897,0.046934888977465714,-0.07779491274749702,0.34633699282422825,33.98093924763803
Lopi,-0.6361455238415922,0.0024229212701367304,-0.27632405478940386,0.3851935053797904,37.313507110398554
Lopi,-0.16275468490163292,0.14624365439307233,-0.025907815721958844,2.029672578444311,69.73149454647356
Lopi,-0.516320095401297,0.0039243489490809556,-0.2848335247755139,0.41576059903418516,38.81347438728458
Lopi,-0.32350795116231057,0.10368381962140716,-0.22238134545292043,0.2743490696810845,42.90528250044413
Lopi,-0.22979680673038017,0.14136243701295464,-0.3156678920713047,0.252580285050072,50.00266332236128
Lopi,-0.390805238977709,0.05924792503910216,-0.35156911751992453,0.45181353821841763,41.454581053926866
Lopi,-0.30961155330692797,0.02384743590835963,-0.4385999048343287,0.2797529135392273,46.13459668390069
Lopi,-0.21163047554116224,0.26605619307761075,-0.23897145505061348,1.3742595286700388,52.0124661103708
Lopi,-0.35612314381169957,0.11754785265616567,-0.3447589066704253,0.24086776412616137,57.40191480700588
Lopi,-0.34257992003169035,0.2297682932621595,-0.1797279326140502,0.41880930411260187,27.53494770789895
Lopi,0.4194618034674793,0.17670843571776035,-0.3120311864165567,0.43753076663199614,41.22116153817858
Lopi,-0.09833341609232027,0.10486361089392907,-0.31661116547085427,0.2836063620344021,36.07644335586582
Lopi,-0.3590900041014491,0.33672249559561596,-0.13972455967225053,0.36331718792905815,34.51164712108119
Lopi,0.25852699519163347,0.14830629498744488,-0.2347512254926024,3.929676273322762,164.66478382796822
Lopi,-0.13171571224273004,0.3311831515951479,-0.2066247547420299,2.2329662218132467,64.4726565724707
Lopi,-0.0900338538468132,0.21714978225497647,-0.3789474479136515,1.3066014384721885,95.13935106344199
Lopi,0.3102902342039029,0.07057238311851292,-0.31948941026706873,0.5473733766594117,46.159859705993135
Lopi,0.18913915122294347,0.18723413554554003,-0.014600189680263912,2.1392113693160466,81.15301847465034
Lopi,-0.4032449234920801,0.036404456333141426,-0.2468955993552392,0.4466881543211578,41.48946985556582
Lopi,0.14009236450867638,0.22498919001728881,-0.14634063168988912,0.30390406583341184,53.83449385155016
Lopi,0.27504906228404263,0.2312677230889096,-0.061580800228713935,0.48822844405065285,62.36165948508029
Lopi,-0.1315396716531932,0.11191353987459673,-0.2780036566149138,0.3599917164169895,47.07419033378899
Lopi,0.20570950411010114,0.04799732455708349,-0.07907077259741684,0.2185700880638724,37.805079418687555
Lopi,0.2186767646653177,0.1258163126024277,-0.25692040447843667,1.3969345850224486,95.5727803297754
Lopi,-0.1133090432573196,0.1919235358306675,-0.19361939966897154,1.062644577595531,41.21833180374062
Lopi,-0.5642504820155649,0.08575169692278374,-0.05215893288093845,0.3805501282709289,47.71962335551213
Lopi,0.31241027041820546,0.031892507163403506,-0.29964462719244944,0.19328685477209473,41.57484988412882
Lopi,0.29325776981359536,0.19316549543288536,-0.2321425046617669,1.2888783860789548,91.39169779767079
Lopi,-0.43265300567931375,0.09904733034232485,-0.17507143635289624,0.5458290828493091,38.66464652802297
Lopi,-0.24069186563657508,0.2936029847514455,-0.14556401272510408,0.6279177464338871,70.58251259192163
Lopi,-0.2971510515996923,0.030690967712536987,-0.19612788757905622,0.38067315183260775,46.56188832686503
Lopi,-0.3469420044962363,0.17308190915876545,-0.0955238344133411,0.4730517463358293,37.88702265251933
Lopi,-0.1854830163502007,0.09146534849531227,-0.30612828362281835,0.29972178869770105,41.54290655626469
Lopi,-0.4666434026990308,0.09214164320325675,-0.26273534498782297,0.36250288946785875,48.0830746598828
Lopi,-0.17496351339504404,0.07752132317411517,-0.20851220217026128,0.3046393195200054,48.61246816394679
Lopi,0.46885083971183905,0.14138173776744403,-0.22802697476472616,1.215737795304063,86.15130818634876
Lopi,0.06054536027177963,0.17404715984153413,-0.24519945213113825,0.45763024585684947,38.49233327278009
Lopi,-0.3287996187303114,0.04467004638026789,-0.19935937252553587,0.19406011636264756,54.40008459140646
Lopi,-0.14279335137049803,0.17239840575301196,-0.3025861522095364,0.4763184147231579,50.938820758842965
Lopi,-0.0896642012754093,0.11786304953825381,-0.24844944855762383,0.33409589467658185,35.57484275044413
Lopi,0.2923363701243646,0.05655007652511177,-0.21436930681727973,1.291505971163989,78.67522012452959
Lopi,-0.21996083166823233,0.051285650020594466,-0.22374359770671395,0.17219731434536417,48.95525166918952
Lopi,0.23389203793656094,0.13867862866952296,-0.3365082385751549,0.278770565185916,57.656057836414945
Lopi,-0.41710354169500574,0.06087451988200987,-0.10386407908316442,0.30930921915856274,44.15386982510115
Lopi,-0.30766720911624745,0.1044098665903119,-0.18731297499767294,0.23221847522904576,48.879884000355155
Lopi,-0.35810037571913556,0.026519772952278687,-0.20845488507292165,0.3796666462504285,37.153368165742634
Lopi,-0.6209904228276601,0.11240199193452186,0.019523580126312497,0.46073444165451233,49.8189548049305
Lopi,-0.4958416793417361,0.1829052388856674,-0.030541010758911878,0.39299855148538976,52.792384527598685
Lopi,0.09176598859995445,0.16360167447245302,-0.06960844125857782,0.355694137473282,31.827800836691434
Lopi,-0.23191963225802065,0.0534266354985384,-0.23389244681638446,0.4339918044551648,37.65870569641233
Lopi,0.32689156684506,0.14373664591627322,-0.2310515828211956,0.40509183250160163,61.1646053948119
Lopi,0.2779279522013975,0.10923150507538677,-0.22833838774288348,0.5980211247952139,62.06437402995038
Lopi,-0.03301232245244443,0.14136553453556785,-0.2710720194009046,0.9354711510897953,89.04672992376844
Lopi,-0.4041092687363034,0.10865752930234515,-0.08208465730339153,0.4621295617817698,31.982996221922356
Lopi,0.11106867283493549,0.11793329444189848,-0.3942067752555812,0.31226096536050957,43.09220701313578
Lopi,-0.06712103376597303,0.15690202138847706,-0.33300499531980704,0.5342565743579576,38.03881679845769
Lopi,-0.11655777107339442,0.01942370758675039,-0.29135283937456097,0.17752296818122582,50.09896248707432
Lopi,-0.28463156048501603,0.06900726202650391,-0.21843337383614395,0.4210076521961893,35.727703329350625
Lopi,-0.8409137616275131,0.07072828652282512,-0.07274865778912008,0.37855846132723814,40.13636819302615
Lopi,0.1522312105055287,0.11762896581153151,-0.2671756724678768,1.0959830774148671,44.04170273611349
Lopi,-0.11663841246959918,0.1713985772287658,-0.12004869679036469,0.44078831559853765,30.892063687026884
Lopi,-0.5687736064891964,0.1264814494411584,-0.026528481821229938,0.5280581915893114,34.98458217012028
Lopi,-0.40315140554060536,0.0643931199768866,-0.29266113378404596,0.3747153673561685,34.50814703425843
Lopi,-0.2575446221399765,0.2303732375182419,-0.22012665264155226,0.4105215848223664,54.19706254308422
Lopi,-0.32907653843092866,0.13353220458368942,-0.16064412876050138,0.9273184172767418,82.32069491883627
Lopi,-0.30336614191399547,0.12355440342861965,-0.2658082426130824,0.3688982076430713,54.73879104222983
Lopi,-0.2211306698212297,0.07201969935155758,-0.42096603458312376,0.28610867318501815,55.01574601449232
Lopi,-0.31426160624474336,0.2896848158151867,-0.29026120195025545,2.186241793204515,78.28087801858467
Lopi,0.13827446140970392,0.10954677702511506,-0.03713806676572965,0.3447290169443093,36.46789726452102
Lopi,-0.16996547698674522,0.12157001875597503,-0.3167592457843079,1.4043146844932317,95.73012870214791
Lopi,-0.5058944358828663,0.04992437273953319,-0.08091469268365357,0.43778447981318713,47.280793888165995
Lopi,0.05518227929423568,0.10009442450493797,-0.266385524544483,0.4067195368310103,34.92473680352586
Lopi,-0.3860880883527461,0.07255173705438442,-0.11667994426815716,0.41027350470459173,50.20913893168556
Lopi,-0.3480463884745053,0.1188474079986496,9.989059117084457e-05,0.2870084810004019,46.68129124396977
Lopi,0.23021387326790477,0.4261247600803436,-0.2822159229000832,2.4469372135354455,138.59225928777445
Lopi,0.3201494331503852,0.06497612681115031,-0.030359893006550436,2.028194453118869,80.29268166205762
Lopi,0.21394171620180283,0.09310429673263762,-0.21921661441044257,0.1855554949898936,44.0205159866438
Lopi,0.17731157291377275,0.20303061803493044,-0.2498246715202601,1.4654420475615604,57.60918408289986
Lopi,-0.5995033603564099,0.009120023549501416,-0.28507607885206515,0.4330640397905256,39.39211609794312
Lopi,-0.21666406828240362,0.057935555426510264,-0.12512414355294005,0.35199831503675305,40.67922100883452
Lopi,-0.09828462881744783,0.16922700050830175,-0.25657352995258353,0.49338123941824463,42.88919389975208
Lopi,0.16631864496864743,0.1579581917589258,-0.27920291878384923,0.5626806829745309,63.60786897866048
Lopi,0.4168262013470248,0.5194083556274993,-0.15912100237759758,2.1242332943292266,94.65226360015824
Lopi,-0.24744481505615412,0.059294034750099464,-0.3013568536469796,0.4751696764678953,36.26118439981566
Lopi,-0.4135376430606133,0.18645996786118896,-0.05525437617730561,0.39324840623631563,57.503448859208994
Lopi,-0.32416505225898445,0.12255449429710448,-0.09502925085691659,0.4116614048674909,28.67436292040805
Lopi,-0.22037968111231665,0.09968833701026704,-0.11533892488013756,0.47601679002124975,33.521872790530836
Lopi,0.24349727210530428,0.23334405585941584,-0.1196880818952556,1.4474413698079782,102.58366703569864
Lopi,-0.2587490309771242,0.09982389102538164,-0.20561320779896336,0.4515436842163909,38.141245177052355
Lopi,-0.24841007320865047,0.08023989352532311,-0.4811204066655167,0.3610773579574995,45.49565861452204
Lopi,-0.3637566638915175,0.23174356022050685,-0.1725416866128416,0.5413719443065925,27.32874335118205
Lopi,-0.0999445626021169,0.11010842243021231,-0.16487161254456714,0.2926389263715405,40.35440218257105
Lopi,-0.3696223169011714,0.05275674106254252,-0.4359729383876555,0.28634620612656403,40.59228781876897
Lopi,-0.3243981340864913,0.05674655616141698,-0.31454926006608885,0.4063655485775425,44.42927528684162
Lopi,0.07900346084445051,0.19114538929820493,-0.20498799647790814,0.5031113583189458,38.788322269930866
Lopi,-0.308987532855232,0.26908443482931077,-0.20195055417517127,0.4399944508866667,67.50997688632268
Lopi,-0.18656881021771457,0.4202488495444485,-0.039044459262604844,1.1332865878993033,30.21240713831994
Lopi,-0.5091730697038187,0.01863193506345194,-0.3777907815124017,0.42050169551766975,39.294301593758355
Lopi,-0.22775320576425412,0.05370531144574221,-0.3870083761410355,0.2558709120936829,45.01338550602266
Lopi,-0.14899057132432916,0.2742152199920925,-0.32029905259873087,0.48309864188717044,52.984279229640556
Lopi,0.23256467158717925,0.11849143722220937,-0.27414854246485926,0.2408303367060995,49.79270355188056
Lopi,0.12980229243152996,0.13790768508050255,-0.285455213402849,1.113357875553548,42.86178943540365
Lopi,-0.10870757491570328,0.1010106229040256,-0.38546664362600497,0.3511534268459097,56.86732469849085
Lopi,0.16672856242849482,0.16615469446835734,-0.266923956194163,1.0485442405042606,48.31899888480747
Lopi,0.09993317738533208,0.3086539018701321,0.06487122472623379,1.3908734074347304,110.59698500161554
Lopi,0.23490791861292712,0.05781260457636853,-0.1628926142212622,0.3083911916732912,37.72446341486636
Lopi,0.281058059562422,0.1922449123249982,-0.09165211880689408,3.3830205857238353,82.46868361267191
Lopi,-0.19823129893593838,0.15942908848123843,-0.3044666664158771,0.28953567835999994,54.112827276300735
Lopi,-0.2168757182431288,0.10501685441743022,-0.1383660423749433,0.4848840648688941,29.214299148816536
Lopi,0.1525743372686332,0.19124687259214274,-0.3893311860726442,0.33045156699758466,53.35789643371418
Lopi,-0.448952054197152,0.03184380568013652,-0.3132785894016287,0.36683237117130896,35.44194598640502
Lopi,0.18277484702633245,0.1550751721866826,-0.18759950552967564,3.704150730840281,184.31757440107828
Lopi,-0.24076902623867658,0.26176879990386637,-0.08074086568907299,0.5233876625382736,42.519429829291084
Lopi,0.5868740998320086,0.19189760290859809,-0.0980329496289445,1.421257312664988,93.34956626600196
Lopi,-0.19158721738106016,0.09473131070277332,-0.13998666298732937,0.37190559186220684,57.890999530046315
Lopi,-0.4986396018964011,0.2635594176666005,-0.14346969022276546,0.6071162831647169,26.520317999900207
Lopi,-0.26108316871703324,0.0347057900704565,-0.33899619959367144,0.32077826564441714,45.47473348787706
Lopi,-0.3953329207292149,0.08099369588489211,-0.3016189843139454,0.49625175857029546,44.85877917382128
Lopi,-0.4400122277882912,0.20918960335938858,-0.13648520301501404,0.48567968490685376,26.331758527370937
Lopi,0.16271553862652033,0.0942565610247322,-0.284474741761173,0.3690679130322155,58.1212521302817
Lopi,-0.20660992711717835,0.22422809265371652,-0.03897610521707884,0.3818010398015845,52.65091621051034
Lopi,-0.2715646289025846,0.017593670111941177,-0.24380080843929827,0.3814325669681169,37.29936575187559
Lopi,-0.3688360129696305,0.03312005586400097,-0.20077084428706557,0.4506720111765873,36.20353295587267
Lopi,-0.2460210781586775,0.06100995823346568,-0.26619628259420064,0.3745226484503948,44.320490211652064
Lopi,0.0904060743851384,0.1326449329814232,-0.266580953276234,0.3897952218357711,29.504273627346606
Lopi,0.03820697962442736,0.15296855817607263,-0.00041711610177893536,0.23221261333574914,46.060510245715044
Lopi,-0.2912940573911195,0.0029547097596442458,-0.2051170493281548,0.3536862397574998,37.660737011258774
Lopi,-0.5930150859667935,0.023766894137366424,-0.06860813872760499,0.44211092026767673,45.96595518981921
Lopi,0.12167238451135284,0.10829351625254979,-0.17997304448467477,0.37670237021579833,51.446311168940966
Lopi,-0.19515967260269568,0.12182730673126893,-0.3896311401167066,0.35864467285778545,33.12162116381436
Lopi,-0.2872470617963194,0.030034492566851857,-0.3127050997967552,0.3589598683604026,36.53652123141993
Lopi,-0.13243202360727735,0.066001308397958,-0.29516013375929046,0.3476414025807714,40.146449778282346
Lopi,0.1399305909108418,0.15206029091653334,-0.178911808607448,0.24186270796924406,45.258390684033735
Lopi,0.09425080848069228,0.12652040258445257,-0.29674834655810267,1.0624589676872815,45.96230939932849
Lopi,-0.3216873973455082,0.03688187612767394,-0.23846456939967223,0.2328557008299587,47.752140708557235
Lopi,-0.27048228045294653,0.1653052097229381,-0.19395256242071832,0.47769528129886313,25.512728876662045
Lopi,0.15000677379197289,0.23402693410898667,-0.2539375113223214,1.4533223275872365,70.94326979842717
Lopi,-0.5079056746685444,0.10164786811561533,-0.18694085926257464,0.35760020516540253,28.828268833211617
Lopi,-0.22719944721335678,0.18838867071044726,-0.11484718306594022,0.30907379272115443,56.88205221407701
Lopi,-0.5260095536813366,0.081507318922577,-0.30367065359557743,0.3376349514573186,37.77059684860082
Lopi,-0.12665696102022408,0.10228419464294951,-0.30551188349953995,0.4096032853977135,32.49555615514516
Lopi,-0.22902928899217034,0.09133866141148736,-0.2779213552855817,0.6003941793645943,64.81745213643217
Lopi,-0.43868402582962635,0.03770458173662025,-0.3370676393207616,0.4622560549437229,42.17017404595768
Lopi,-0.27313906485417677,0.06494111628279145,-0.3769230812418351,0.33165026368451783,33.61992002996315
Lopi,-0.21355661148949964,0.22460698510987331,-0.1325036312601712,0.513295174583099,40.40740555455806
Lopi,-0.3441628832000003,0.03283227006787131,-0.2234964245444096,0.35090839721444905,36.801053211666535
Lopi,0.10748050280580776,0.050126253410931854,-0.13199889212150714,0.2379231204183829,47.85932712930127
Lopi,-0.2720420199140785,0.2048558265902501,-0.19558858764792394,0.5704304223387159,36.860837764305536
Lopi,-0.17296046895376285,0.1419077701894826,-0.2495890849153021,0.28121086398848666,45.09898158378687
Lopi,-0.33870070920431167,0.12899853188626242,-0.12740703694955371,0.4905792535826089,41.661762649498655
Lopi,-0.46127306889119735,0.07179725120172645,-0.10037365896768047,0.36411440501157893,40.91192132821844
Lopi,0.11200432934577575,0.09578790216546665,-0.2601619974173101,0.19230140210873295,55.31078717394222
Lopi,-0.2091719099262916,0.10541989934049689,-0.19941168255115146,0.42321387583504266,32.319984286723404
Lopi,-0.14608364166738236,0.17300609394035277,-0.23360347598295683,0.3662782151779931,56.91003514763722
Lopi,-0.5620077605192209,0.004768332457121051,-0.2629555708208571,0.42903523373092795,39.03655112661776
Lopi,0.140068137567369,0.1966261099646199,-0.21981244631705024,0.5528553485940472,41.61224927736637
Lopi,0.3064732833520117,0.2398199959856643,-0.22317276587134713,8.553479322197216,27.772593068668773
Lopi,-0.5764280303311171,0.147091579522662,-0.11093174330481324,0.2971838187868208,41.40818849524576
Lopi,-0.31497775660724164,0.22236984142288369,-0.2712007923933388,0.33035960597680325,34.5410558255319
Lopi,-0.13044543207567777,0.04547175460366624,-0.291080510156066,0.4001872788074773,33.60966604205218
Lopi,-0.4937155485538715,0.11849109392043888,-0.11989786546343004,0.3107695059983,57.30160988713519
Lopi,-0.141328480735483,0.08977103387580969,-0.267900966105822,0.30857286686601215,37.20197126756034
Lopi,-0.38188129392480713,0.1921602303124812,-0.16419761113801387,0.6149630352419424,50.4969714656736
Lopi,0.0687538493528349,0.08132376688288692,-0.10770534128363986,0.16816587110858378,47.35870215289545
Lopi,-0.3933940521593618,0.016766558901094054,-0.3774672872610911,0.35621185799661637,38.46399174959523
Lopi,-0.36566036491351755,0.0911071194147659,-0.26510434132171606,0.36084688317933267,31.718816769993353
Lopi,-0.37125721156306524,0.023529736318502907,-0.09445425335033075,0.3585958341580704,54.03023720660898
Lopi,-0.4108795099081891,0.04494044814219011,-0.3484393809306038,0.3240456583287971,40.15812397417989
Lopi,0.14657394469136353,0.13432818696332222,-0.09689579917573425,0.4005238666641225,29.329249090373537
Lopi,-0.17760937412708636,0.1262303648208954,-0.13323059374125795,0.27897079146879866,38.62301770212343
Lopi,-0.12261485929587362,0.03822425803969035,-0.07738112685625756,0.19762662035600007,48.22458008834823
Lopi,-0.5084472719711937,0.21932139592464703,-0.1342584977746312,0.5275995312333157,23.370964273720833
Lopi,-0.46757192923287527,0.1638177038195034,-0.13094770042726223,0.5095853199606692,33.63352047152133
Lopi,-0.24237293939725385,0.09096115235405633,-0.32172851773884226,0.5644785677261558,47.05341046074733
Lopi,-0.35726062025033656,0.11099154034526323,-0.2980023127207783,0.3944046471765883,62.1007877414243
Lopi,-0.322737599979735,0.3147210628382678,-0.18562653027166934,0.45261412383369193,71.31424602524716
Lopi,0.18887673694917584,0.04711612579155269,-0.24345206203715775,0.2833784092016234,37.04508763565175
Lopi,-0.34476077623052015,0.27301245410807773,-0.09622060900721664,0.5710358323665256,27.266464554462495
Lopi,-0.1283430198943678,0.12640220595865168,-0.22048090241846946,0.41772162369491384,31.096628242972265
Lopi,-0.4206342621022664,0.17284497192319614,-0.3159937208190873,0.4044411370513427,53.91091679309325
Lopi,-0.11338821793077017,0.03778100154477428,-0.3116352874468621,0.3764506881799014,35.55078984407778
Lopi,0.27938651687046107,0.1903571910814021,-0.31704778882065565,4.033992834771338,163.77232792590848
Lopi,-0.33247429898741915,0.0818868518099034,-0.3854574807779912,0.35287114044738616,48.207278016577455
Lopi,-0.08436485399667817,0.3535253662734725,-0.054249503783039166,1.5065471435797284,82.41941956108265
Lopi,-0.17976828184985255,0.09842211474498799,-0.2764006682464639,0.4822228440817029,41.85815725557981
Lopi,-0.10378161624435123,0.16516479940738854,-0.16017626523954853,0.5083815992348089,67.29213379675974
Lopi,0.1711514099041109,0.025199485476722815,-0.2805658732745392,0.21526660366072117,40.39534092108604
Lopi,-0.028494809430725316,0.09602767026568879,-0.1360854616139622,0.44468972505021875,44.929664627822376
Lopi,-0.31265812207534893,0.04645646651120121,-0.20614367231510322,0.3782904116044046,42.785178659758046
Lopi,0.18857809851413573,0.2430158905475514,-0.22840552341376266,1.4812283078202,35.84609025819108
Lopi,0.350173704863412,0.13962254179490033,-0.18654287093490282,0.4707970722171826,48.26481140584218
Lopi,-0.5530161474232247,0.10502592750823854,-0.23992208485318797,0.5300943545359218,32.891420061432704
Lopi,-0.11415095229477466,0.06297498024895966,-0.36226375459654925,0.2825322786979571,35.5256560806976
Lopi,-0.19496346298938091,0.11896199492224488,-0.232540720242099,0.2815550458845985,46.005957863380345
Lopi,-0.30026899170070664,0.13489672228572328,-0.23366624039573622,0.8650274341071876,84.69134338482961
Lopi,-0.40662342083883074,0.02633244754001653,-0.16278383217650444,0.3274342746959142,45.25887123085502
Lopi,0.3440204134558954,0.037319297717573016,-0.05178940885904953,0.4036079135383191,45.94711924070239
Lopi,-0.12937829753715616,0.46062879958961245,-0.14275929262721734,4.061163671972568,159.58815207876833
Lopi,-0.11045821034144057,0.07661285222023181,-0.38633105351439695,0.2901674308386127,46.14691919224186
Lopi,-0.5689526716209237,0.011771669731949657,-0.30704388886072387,0.4649801302545014,41.28964728196616
Lopi,-0.16725932657539744,0.1416731897827034,-0.08420114658833126,0.9760576656546549,86.41175144151748
Lopi,-0.1764904214571096,0.12153186554593523,-0.0522902413390927,1.40399377037878,76.2022624010075
Lopi,0.4415485542712507,0.13637498441242693,-0.2081740137065332,1.3444156380267511,41.78317459716369
Lopi,-0.24378411453142734,0.05424060630001807,-0.2630720098967653,0.4098909337974704,44.368418766565505
Lopi,0.18322949192052781,0.14068753143963933,-0.20326947289344366,0.28823898461565833,35.94859399658091
Lopi,-0.2568210395965555,0.08377059662952317,-0.15747325331013057,0.3913700176203134,38.73525477351887
Lopi,-0.3737668374840209,0.02580921269047399,-0.13863538040424592,0.43460713061680484,44.549344804658084
Lopi,0.22895129320832458,0.23432884872159693,-0.22066668286002875,1.04834168841018,42.62851984273778
Lopi,-0.38046873798127157,0.236557996885605,-0.09886544865132503,1.353319625990935,100.91375936067931
Lopi,-0.2576157729762031,0.06953592335758854,-0.29350361784438855,0.2042224570289846,55.29494422886496
Lopi,-0.33541227558385406,0.31630401155786214,-0.3103216701983278,0.3834941783178094,67.33954011788784
Lopi,-0.27362578962796535,0.20358829163646025,-0.1285086735467748,0.43792703090779656,41.3671658449625
Lopi,-0.3101104016369366,0.027299903695208894,-0.2607848607618566,0.4304222728865503,36.712394688211
Lopi,0.2042755190442273,0.1360698859960033,-0.3535831902744439,0.4884403907790453,64.54261404871303
Lopi,-0.4386110915792529,0.04863273956562788,-0.27701462806613825,0.3931494775605643,40.05285670770097
Lopi,-0.13325624228027272,0.297668489817834,0.03535748869002771,0.39243298131767,40.77338854400516
Lopi,-0.6078681606507184,0.19532612458079035,-0.1951202460043976,0.43484128043230474,56.13289670420012
Lopi,0.21198152922341365,0.19643880178491308,0.01165046561037354,0.9687412625698077,53.46520472744535
Lopi,-0.4588646183432338,0.013797454767647432,-0.36182009451800395,0.324049576841852,39.29066705564948
Lopi,-0.281595428450217,0.04239205696991137,-0.07114789739379039,0.29679191889192763,53.35631063355355
Lopi,0.11095427867581861,0.12480778269639128,-0.04994482012677655,1.5004725025073873,94.93396057930467
Lopi,-0.6037639825634252,0.07740534161418813,-0.20250434246755183,0.3492809847432873,42.64883555945619
Lopi,-0.5282298681117898,0.14638769614545935,-0.2957550315162349,0.36732212607876974,56.55959636988799
Lopi,-0.041885859966297,0.2719096643151828,-0.3424500527122871,1.4818783832607993,34.579531131716735
Lopi,-0.24774936338784553,0.1784885702445883,-0.35740043861513354,0.6985286156296406,77.72376321538948
Lopi,-0.39517391518758643,0.048451437635496857,-0.19489752623603723,0.33380495462597987,37.067620665637634
Lopi,-0.2929889056351186,0.1267716086688744,-0.21034054140670091,0.5503672271793515,66.5721295935528
Lopi,-0.27833890272131395,0.08365557815115672,-0.22720446247382414,0.33416915378246315,37.6438764969854
Lopi,-0.2627939837976845,0.11244233835414734,-0.020470526221318674,0.5872819104120615,69.15392047306322
Lopi,-0.4864186579943077,0.005456975279912099,-0.35533094036374224,0.3749169508480239,43.239453449480244
Lopi,-0.21228777599476673,0.04126739824088342,-0.12084784076164302,0.4144244475444059,32.85691699219745
Lopi,-0.40262477564196714,0.19439205464168713,-0.30518144753489695,0.30550993814793626,47.37132082361055
Lopi,0.41033264036939854,0.18300892833495352,-0.26765506040433684,1.4528169177607915,46.35823699887747
Lopi,-0.3641855452383099,0.06259011484679397,-0.1628995921260155,0.4528278961409202,38.47781572644205
Lopi,0.2592842253045875,0.034921431119585636,-0.26998375785421724,0.22218057389682025,43.063449857403775
Lopi,-0.5373510240363917,0.06345036275672991,-0.25625562378957206,0.2860652314263224,48.12202343168221
Lopi,-0.47814869529859083,0.10966075302727915,-0.13072401448424908,0.2714431359243233,57.30503558979616
Lopi,-0.1201333938560522,0.1320359120642636,-0.3574910380021278,0.43558727990095575,47.94042905371757
Lopi,-0.6455321073162195,0.11452894390654236,-0.3296332207822015,0.3847214353405848,38.48190575591431
Lopi,-0.35805431382970393,0.04726524643696201,-0.4938655198806617,0.2676560049555893,47.14598979148003
Lopi,0.0968538983082434,0.1734986154903802,-0.26324510479638696,0.5729809385448483,65.7788369296097
Lopi,-0.0499672237277526,0.0784203591091845,-0.27740091417332186,0.4168225528528966,43.476600764521685
Lopi,-0.3543145912518054,0.36165678561667564,-0.14104502829331766,2.267489658346928,49.81110626135679
Lopi,-0.09656016364833495,0.04745090573713949,-0.2687886041167811,0.19828704545325945,42.42745461234114
Lopi,0.21026557612090058,0.1461550000029669,-0.14226582438771668,0.40306788368675617,33.878395916459745
Lopi,-0.30964542018347074,0.04628141489782665,-0.13821885901766248,0.44461974100008134,38.220260352811025
Lopi,-0.2548551848175421,0.12503279048887278,-0.1315854560287794,0.4282439313548978,34.05055804387917
Lopi,0.12293719144339338,0.4696892269438292,-0.26049036404540216,2.207574876208693,59.69375203686728
Lopi,-0.2808563047208805,0.08965005635186388,-0.124929046711538,0.33594725209467285,53.007783011937995
Lopi,-0.17209988460848058,0.05709081598881691,-0.07415879868785236,0.4178418721930291,44.05518514469693
Lopi,-0.18130538677889438,0.05214000573231098,-0.13720238556124545,0.45469726649559805,38.83475584857658
Lopi,0.04561950166125585,0.28933316755905947,-0.21561221658584628,1.4747925166566267,67.05967555256223
Lopi,-0.3855622413783999,0.2456549969547809,-0.10537546262035737,0.6569994765679226,78.76872334375909
Lopi,-0.2161632086518728,0.13063963617298907,-0.16946178262677142,0.34300975126572675,33.88156851501198
Lopi,-0.26372861967898836,0.02563001471597335,-0.10762921450917771,0.3848558062299547,35.67283671173149
Lopi,-0.3201841875022892,0.1426849329885935,-0.3887762429567699,0.36883483397111577,48.999193073252144
Lopi,-0.5512511025509022,0.040639450202151935,0.18679479328039428,0.4817391457413363,32.218518659531654
Lopi,-0.473408443952962,0.1789811548696559,-0.20404410798190611,0.35827777871319155,60.406717726060904
Lopi,0.13558085813332726,0.1259816223165974,-0.1275391530313344,1.0530903645248804,41.20148157446249
Lopi,-0.6172241191074829,0.09133153615698378,-0.06626898972066173,0.4811938373082638,38.403330116302456
Lopi,-0.1578440508984873,0.08847698849503184,-0.2116540319253167,0.37764556138964056,31.80058209735295
Lopi,-0.3517793599177044,0.0640833466505438,-0.21749297151369676,0.2758695473635979,40.93392915365331
Lopi,-0.27694971099778376,0.04020374692323833,-0.21400370947286398,0.13973618664072682,49.82004933259977
Lopi,-0.43664715171757196,0.0631068840246255,0.021793106535808158,0.4182221171629052,41.3742911579611
Lopi,0.08904282589306088,0.11827803794993912,-0.27969811046418785,0.2061006682080662,51.62905644259756
Lopi,-0.5543849235132596,0.04496381748274382,-0.15652864257924248,0.4438614027883327,39.10041418606051
Lopi,0.11952142848349648,0.1672527581639348,-0.2897153021857206,0.309496846878939,34.60393161426817
Lopi,-0.0842256762019889,0.046705910089781755,-0.2888162021747748,0.37053217071668015,38.6144382429015
Lopi,-0.25361382673701693,0.04157797056063979,-0.3783888927640335,0.425882740324143,40.17476076521057
Lopi,-0.0844457491383121,0.15875710962800943,-0.22410964567691236,1.3129071777318602,97.25819623891238
Lopi,-0.1760298550377309,0.04532159640986751,-0.3284268645247612,0.3153725541945572,35.1749164505724
Lopi,0.24483134569761217,0.23702776358588928,-0.3129068125348889,1.4724081502858855,46.05540563564201
Lopi,-0.5458152034465047,0.10425392733846894,-0.007577455792196371,0.48507644648531456,42.57759764654686
Lopi,-0.24004891375511145,0.14525022411076302,-0.163907491914013,0.24061056249765855,60.92873585793015
Lopi,0.17305498904230593,0.021751391249581663,-0.3139407661430509,0.2559252030240946,42.09948377060459
Lopi,-0.4527931980735046,0.07651313322092924,-0.17453614521003402,0.3480403629766597,36.52441982293687
Lopi,-0.16842626843649539,0.07944634193435905,-0.32898591154462015,0.4339287781360721,49.44199059270292
Lopi,-0.2909735166536704,0.057666586597017996,-0.06374900019491463,0.2424618062224215,52.84583765417692
Lopi,-0.1921709855537477,0.28008415541493326,-0.26323097488133645,0.48627578488981277,40.33849323032602
Lopi,-0.27119166215877183,0.03410412633172756,-0.19348926728417817,0.31544782875508065,39.84411019754215
Lopi,-0.2166391613859054,0.1257831958099577,0.01945755801374159,0.5077100425374237,29.571228180875497
Lopi,0.3743608061751972,0.17795983931566922,-0.2516849704485128,2.105408584522243,61.357632317158206
Lopi,-0.43139510254650104,0.20171167660125353,0.027622158189206564,0.5581110054697402,36.37262042068064
Lopi,-0.2586911615671236,0.06571137064538883,-0.30049717583925806,0.3142098823170103,34.38779948436528
SCP,-0.25313960376143463,0.027200356532319593,-0.34715583790087795,0.3605304927607825,35.424455863444564
SCP,0.07577284462572792,0.13076912582497474,-0.3719272785249573,0.4905680790619717,37.0520842679076
SCP,-0.0767819904824818,0.23686472494434968,-0.25354899542000753,1.1356045290344,44.381448489152405
SCP,-0.1339993706349391,0.10071724446355113,-0.21188308419824978,0.4867858756457497,61.22913339968368
SCP,-0.19895595059587062,0.07087919121574073,-0.3082386083907572,0.305382719461104,41.23820047819883
SCP,-0.45114164289804237,0.09665210485300704,-0.30396668575848523,0.2789750249000745,51.548019767382414
SCP,-0.7402924619858244,0.11294084999134564,-0.0476675065117445,0.5186473504262776,38.34957461556811
SCP,-0.2665089715669011,0.030235203740574146,-0.27022939228470577,0.46284705017209765,33.293372496631534
SCP,-0.06598850370701999,0.16179183701934202,-0.26058626390242867,0.4446878164686377,53.147436066319436
SCP,-0.31124153053085246,0.02569435601927838,-0.25800396565627587,0.3045694338445127,39.967230914462505
SCP,-0.22897553776736534,0.1121546196406145,-0.12772678543324062,1.3674812397386702,78.19661435241832
SCP,-0.4845519563076805,0.0950522336622677,-0.07453820258915204,0.5321967168408079,35.470311160505275
SCP,-0.45241676926589947,0.07853946398227671,-0.308826844939896,0.4153498419016018,49.46571676396705
SCP,-0.33717114388178676,0.09536850003319752,-0.3071018413163822,0.30411501491215964,43.570634096265316
SCP,0.2594950250973157,0.20675264488231276,-0.28879203093933237,0.588725504313138,52.6951082320301
SCP,-0.1098747586733397,0.13271980804331582,-0.2674446135285915,1.3829725408307687,86.99928613657413
SCP,-0.6501856838348437,0.08129692154496976,-0.19657471016805078,0.3383194926006825,42.282289199281266
SCP,0.21585952892186294,0.23335042216472254,-0.23470196247867237,0.5227549303038184,62.59168131991488
SCP,-0.3303219001352726,0.1120808023365784,-0.4807235329066915,0.2396420936927109,42.1568906224139
SCP,-0.13885563189266167,0.024385282314470666,-0.33251877178918443,0.3325979665224957,40.66877713559229
SCP,-0.6233229920746306,0.09160700047738578,-0.25170384110934096,0.46304243396618605,44.906748444592765
SCP,-0.25952739630024924,0.17334418260725556,-0.23333764846303628,0.42613287773435155,60.0817313263646
SCP,-0.4171473274296858,0.06076687671289131,-0.17483184854423614,0.43087838547800944,44.59239706625287
SCP,0.15926009327287133,0.16865565409320182,-0.1925611519176427,0.9052840124493987,80.47587284253947
SCP,-0.05410008891555699,0.03337916330876311,-0.3448351069903484,0.3461778950558312,37.74141564602809
SCP,-0.24725061170871626,0.21168505280933642,-0.044745941636386094,0.41205823274022335,45.638962917547545
SCP,-0.6167528082936653,0.07898177522801125,-0.3221818731428751,0.44076360993389097,39.792568975814746
SCP,-0.17648445186377998,0.22545983161183294,-0.3244323899654201,0.3573211866961788,47.084202040287956
SCP,0.3095544718874776,0.20732467706152963,-0.2287251706088447,0.6354055041548691,61.78976634632351
SCP,-0.21422922992144727,0.05215933699695356,-0.37405264663568577,0.2731621272471801,42.339220096912655
SCP,-0.35063800418780194,0.061765414841852606,-0.34308862251796457,0.30283128330250036,57.32682439340606
SCP,0.2239766060433951,0.17681939633274885,-0.3334175771926764,1.1027304833228917,51.965652358474124
SCP,-0.19645282480459414,0.1305195759082886,-0.21274384103704644,0.3075550562553139,42.3370236291286
SCP,0.2721851503893409,0.06819899288171044,-0.2502203662008997,0.1902655546758919,48.98279693098676
SCP,0.12939913800236572,0.0034136619058325927,-0.09610221017628118,0.11975516412562935,46.90684333087173
SCP,-0.08003943048451251,0.04547175460366624,-0.29957959873967327,0.4023569172943785,32.76364725366625
SCP,0.09783749551810277,0.16625461008526884,-0.3360377010839388,0.9221367545189539,78.45262222585453
SCP,-0.309774115536694,0.03612424807348458,-0.4844154242901736,0.356483974757416,45.7258683478383
SCP,0.15470405915563218,0.13435909764188952,-0.14065906490615662,1.0382589031286817,33.2647610041192
SCP,-0.3700563538235879,0.06197222435896044,-0.30339088721764923,0.4266252955530469,32.76498300664228
SCP,-0.19790547079290716,0.04661488168323672,-0.10514801452484955,0.30483540901981243,38.05354739898104
SCP,-0.2496897713351256,0.15426056752327308,-0.42930539131217627,0.2314090314332985,49.94654797366752
SCP,-0.12133030974490623,0.10404254967030095,-0.2249658495128159,0.381002392338639,40.12387421826686
SCP,0.29404574380063203,0.9921879255882213,-0.15566166131634984,1.4697253071251608,75.20554181542404
SCP,-0.16339523751729296,0.1292570641003923,-0.28330360886791744,0.24091358605374452,45.96164301168402
SCP,0.20106621877028763,0.32590956696625945,-0.2787860607613895,4.006535571606355,168.69631380742118
SCP,0.1799252752687861,0.1498756136962437,-0.09073936148435435,0.2603402379416142,53.818561261872496
SCP,-0.3598887723198371,0.03550256026997934,-0.23521725882846695,0.43182933596009826,39.2662193481917
SCP,0.12269692988344248,0.060989359801698825,-0.2620859715719094,0.3294779308836387,45.235997503136275
SCP,-0.24601752409706354,0.05935549979771186,-0.20650860250191394,0.3916287983719394,46.943067475157086
SCP,0.03140105967878512,0.05505462308189633,-0.2573324895480593,0.36407171568317515,37.463261861777895
SCP,-0.4852348329004755,0.020865225918702664,-0.4686746388827843,0.4023231863410456,36.173513325315305
SCP,-0.06244684347716467,0.08311290325358452,-0.10451315784550391,0.4420307350391954,34.608694772963986
SCP,-0.39153399889081925,0.03897263188469695,-0.07008615228232229,0.46861430256712855,41.01737704332654
SCP,0.2655445077745895,0.07884460397401058,-0.23845587414292685,0.35412825012929533,54.459478657355405
SCP,-0.3733511668413869,0.068222036849689,-0.11978942190116286,0.38831175832516807,31.17550473746489
SCP,-0.08907223005723862,0.12978122114606816,-0.2320966694438937,0.33375233671708415,39.60860900052927
SCP,-0.2840824637833974,0.06588907629643677,-0.3086169367945737,0.4584713944455882,35.85948802058884
SCP,0.21445360038213468,0.09353734295121588,-0.34158342464047603,0.25337781656918407,50.62252633007907
SCP,-0.34391366233365517,0.08092991384791097,-0.29916760229312755,0.4412679546144603,39.97346492364771
SCP,-0.29089601504155504,0.215222157370212,-0.2546484069158122,0.40657761446659435,27.16793397628087
SCP,-0.13877683157255277,0.28259759930221573,-0.3481567914724133,0.6431272530142321,57.34279411264539
SCP,-0.19932928052912244,0.2280083483551622,-0.20322117961694558,1.4162101887860343,108.51516905088178
SCP,-0.33653146620510055,0.03327414927996939,-0.2601841756349099,0.41844653394159265,42.1078486870837
SCP,-0.16864124057364943,0.08536559712093598,-0.19036825339671856,0.26330681723164223,40.810220261293836
SCP,-0.2509424152431217,0.04458402498302736,-0.16384394662639884,0.2930526149455953,43.298880011989624
SCP,-0.5493233367551067,0.149186247554554,0.0399706097619739,0.5296669115654112,30.181051023429156
SCP,-0.1530213964397376,0.07040292398220153,-0.2360281366578452,0.24170142912436066,44.534939334764715
SCP,-0.43301956697849,0.0521564769149403,-0.10102911391689412,0.26862548873912023,48.76067651704102
SCP,-0.13660976972954364,0.062036124663186754,-0.28739317064715975,0.37222924870435636,58.96387453264392
SCP,-0.3884435098554611,0.12935098659967625,-0.3708908116462369,0.45737677333748156,54.26218301324815
SCP,-0.4455066611844409,0.03512154830905127,-0.15978837634522094,0.4737152868922982,40.61199618926443
SCP,0.1323232270290583,0.07657215641079082,-0.3601405279511005,0.2775228974204719,40.93365346280855
SCP,-0.12312427371811996,0.062446160294626775,-0.3187408979459572,0.3152192532234832,46.122257218456845
SCP,-0.19935739928756402,0.032156194664845636,-0.1396638402214415,0.37993387527636835,37.788621918861274
SCP,0.16414548937271095,0.17392001466715806,-0.1902482193620075,0.2785878950835105,58.68280469052532
SCP,0.25769115785445407,0.15490291894214364,-0.2567917844849055,0.6129412335139827,63.588924622562175
SCP,0.19945452537676903,0.09155343096955583,-0.31742734802328265,0.3478131467247356,56.528555414628315
SCP,-0.3202585742326644,0.05805643016850862,-0.34549507846198974,0.16979661168019508,52.05706055103658
SCP,-0.37469237793838567,0.09667527253943778,-0.26116716617784325,0.40979497944580073,45.46578987072129
SCP,0.14436242155687085,0.1760129422533797,-0.23953654460132084,0.44440325839969524,63.07179063269352
SCP,-0.5533547755284829,0.07944252175602987,-0.34407237398943985,0.37438723310100064,38.99340085441923
SCP,-0.44769482153482915,0.15063397315540278,-0.028055560218829222,0.5162023399864734,41.01905295564262
SCP,0.09352787047494819,0.11990640340352317,-0.2506544198369111,0.41452281714482825,57.07478288222835
SCP,-0.33505528360330716,0.1252690338565456,-0.4135840424053677,0.35403609675780356,35.078294321816884
SCP,-0.4424609797109416,0.09497587484287358,-0.20164755087779163,0.4587937918584064,40.75719944531805
SCP,-0.4585496759197373,0.052085098851411125,-0.36952687935753215,0.30093910791684253,51.42367161887728
SCP,0.339024598265359,0.18443163177047864,-0.3164129972008876,1.108478453703029,45.691928807382205
SCP,0.09924641124889157,0.05106358161242898,-0.27494876145797836,0.33887377741775726,38.78970080198994
SCP,-0.5198787270120165,0.0660828687777738,-0.26609306245725045,0.3069774024717675,43.527414637659106
SCP,0.09889534565842023,0.09025202313852827,-0.37477594350660937,0.8894009856996001,81.63965529360385
SCP,0.18256420084187983,0.2911878006672431,-0.22196212629855241,1.2908427728095413,98.53091872465949
SCP,-0.12949152161270155,0.22599873022912167,-0.21272735427489564,0.570158450652719,64.06549332753364
SCP,-0.2112795566576911,0.08220635639225535,-0.31998247796469065,0.35612365627529985,45.114045555989065
SCP,-0.15422310043638238,0.010046676510539044,-0.06335548962308786,0.38381494046934717,38.473333078353676
SCP,0.14302865761415196,0.35266538257649743,-0.3238441572012109,2.395514495159851,130.03468547408585
SCP,-0.272134536595165,0.03453142260167302,-0.3327060186068158,0.41553525654270485,39.18577823799419
SCP,-0.5379444922116754,0.014627889847124343,-0.10621582445291297,0.4024698736503799,42.461048511371416
SCP,-0.31887006614897184,0.17058364185733155,-0.23689645727557151,0.5010561715903157,31.347089005167803
SCP,-0.10417644668772859,0.1701878307373019,-0.2867223028434917,0.30022936801164435,38.50351098528077
SCP,-0.13423133216298302,0.13223925856750227,-0.10646820869528291,0.3312329055105811,42.03467298127872
SCP,0.37046646699579056,0.10084726957858692,-0.2092950005023429,0.4403467346958085,38.62689114398064
SCP,0.05815317989931785,0.08483882179993878,-0.2942387920009439,0.38016254252794257,44.17572140805841
SCP,-0.18579912160400616,0.04173091299170092,-0.11059941987418007,0.4511875768898146,34.81944811070361
SCP,-0.41045135467416377,0.09590013283785825,-0.24282902199740483,0.44240999083911803,36.50677880095567
SCP,-0.3260219372712401,0.06063720063582404,-0.17034930287557085,0.5170390850572955,34.852844491423475
SCP,-0.17899826533888646,0.044981154079510165,-0.2775221117382877,0.4457248619187943,37.5530736642272
SCP,-0.1659453312642612,0.04504496087184276,-0.2090754922940181,0.35542834532384887,36.95596698811404
SCP,0.35812253836828684,0.29418918836535046,-0.153741731709894,5.325788485342212,236.4768212512885
SCP,-0.28961309650398936,0.12145886638210372,-0.3799250758062002,0.37198628447848675,33.24431972388975
SCP,-0.5110282346944832,0.1107680363575454,-0.11394675202454727,0.3376417982865836,55.682265195644845
SCP,-0.2540657441770606,0.1030122540587058,-0.3413125759546637,0.26310146760370123,42.39823417831696
SCP,0.2869684159915188,0.17842999554986966,-0.19531606572872554,0.4756315711785511,60.866072313025654
SCP,-0.1834906369391962,0.05473881558405015,-0.19579005659354307,0.2707542876149168,50.7690939385015
SCP,-0.3704913437232227,0.11640636355285391,-0.3322625046500195,0.33297603660698605,39.93739090795439
SCP,-0.5219042361540123,0.04801589186528253,-0.27455492762510925,0.33077523691842864,34.37416752738884
SCP,0.06637255928710212,0.12026071304999078,-0.4173555387397753,0.29273996561619614,36.98410305392984
SCP,-0.299832818638997,0.05146554005402828,-0.22437304868482053,0.382272973437969,44.29118168251944
SCP,-0.37816135384821425,0.20486144055335762,-0.22579020975120223,0.8916415161012085,87.79026107227932
SCP,0.11639989824587624,0.08340398895267447,-0.2712689076374114,0.422957210870757,63.513322060602285
SCP,-0.17532939611472448,0.16377146566621192,-0.4250238937836825,1.400254385392087,84.64688210737803
SCP,-0.14291703066570494,0.11009057105805538,-0.11841870937521849,1.3762342694309737,67.95649444447983
SCP,0.212989739745493,0.1256111757197889,-0.19748567370232428,1.0113654430892516,41.35414924139081
SCP,0.3610541455546329,0.10574396386699243,-0.2498061063790902,1.3552705923094317,41.25551839173158
SCP,-0.40189674109543266,0.09703238727689104,-0.26107685061329244,0.5162252716135566,39.06150568527573
SCP,-0.12761709630558857,0.06375563031177331,-0.16398707101035287,0.23591508002287961,41.22807088781127
SCP,-0.45939681936541765,0.035623768010704736,-0.17593792729420443,0.3306585072508421,44.465022563699605
SCP,-0.4277565224516695,0.04226934388028021,-0.38201016529212256,0.30977673832360414,41.456049609516015
SCP,0.18650616519152866,0.31430744329359495,-0.2850073214448417,1.437780955040556,44.434272404274296
SCP,-0.17282052830202432,0.11346547936178472,-0.12695083929830023,1.416791234640756,92.90010763584135
SCP,0.3556918260153,0.09513913449283959,-0.2572658785660331,2.072592505690576,54.69601399333484
SCP,-0.09045135648669883,0.08994976115951023,-0.20097579354224318,0.40757371206941323,30.122425509834457
SCP,-0.41647901746566507,0.054939558063761364,-0.22296430528384595,0.4002713269787702,46.34349739385731
SCP,-0.36267919392848735,0.04417617443356446,-0.16916497980851206,0.3595472655317893,48.830159494000746
SCP,0.3852222336858035,0.0863380742852714,-0.22827136239721305,0.48941729526124084,49.13684738461047
SCP,0.11875627502020161,0.14458183650796955,-0.09263482264405319,0.3304522359363943,34.39495772606625
SCP,0.1918880028267895,0.1303160932111925,-0.17318932985958324,0.37202264097506493,31.041888643763315
SCP,0.203561249368497,0.12267243460835779,-0.30791106513043165,1.0780047469696605,38.411253057014754
SCP,-0.4063936348324971,0.0695824493431323,-0.2773489405589719,0.2857207089412136,42.06110956106535
SCP,-0.04949920225254868,0.0026335344052657926,-0.31281205416515373,0.27794120829715374,43.59541822467066
SCP,-0.3563717039695584,0.07667338515374991,-0.2640887832710907,0.23626325132762177,40.28784355765358
SCP,-0.39362190363736493,0.015417910136228962,-0.42555686846543356,0.2593498825637905,46.9246122658559
SCP,-0.4292978470154899,0.18486585217999313,-0.1827796863616594,0.489982169270605,28.125639066005935
SCP,-0.20977096468778195,0.032136711126891156,-0.39224006565954256,0.2903658886238274,42.330379651106114
SCP,-0.5837029865809703,0.03157057098785729,-0.21741549312721117,0.3083813406013705,40.176678134273814
SCP,-0.07580546072486047,0.03469491933017111,-0.1947574107555472,0.5202005059697069,47.65561110864287
SCP,0.04162856939162552,0.06352793401548984,-0.35759507281516,0.18916330908472367,49.16962147932637
SCP,-0.17910716114386294,0.08505991929616326,-0.04521380899671271,0.2446981352508191,46.10992150211169
SCP,-0.08957920195818835,0.0900750033446386,-0.39061741739829353,0.31412859495844236,45.47152150478482
SCP,-0.18861567894138948,0.16512964608602515,-0.20934257032944598,0.3539174193969344,43.74075445101749
SCP,0.2279634652304109,0.06380497134899489,-0.10479803230877516,0.8311785269505048,76.12243397134186
SCP,-0.20607647224846942,0.1416240749818562,-0.20247664081085912,0.4361211144029944,32.24664627615508
SCP,-0.15546897399787268,0.14299839965850158,-0.35584855506262764,0.40966705255541463,50.17013299467286
SCP,-0.12007446058455123,0.1344405667446809,-0.20440877232833163,0.363635401761467,36.351489084863
SCP,-0.43789628601203906,0.015286102714976307,0.03409143662993768,0.4099014065765268,45.65784456442885
SCP,-0.46123747828502176,0.17387425598230707,-0.03715909038654363,0.4017024138174775,38.79729916463061
SCP,-0.4326885316338848,0.0951164552595689,-0.28728428620069807,0.3095127081987074,33.779205366151764
SCP,0.11779291923517206,0.0790320969317826,-0.34325723424092974,0.30394967463199135,36.84097055183351
SCP,-0.5316316134466987,0.009966871316445133,-0.23957060656619686,0.36081786697919416,36.398497516865504
SCP,-0.4641676761701524,0.05911478388570065,-0.3332399770974019,0.3640395571017681,47.9906103888176
SCP,-0.13127383646389756,0.02684427915552077,-0.26639070818105715,0.266206115513021,41.605587575945165
SCP,-0.39191251309742536,0.07507286052881999,-0.21244607648864292,0.4318237671172333,32.509866116112704
SCP,-0.2652546957446657,0.12229285181783037,-0.2404482141804048,0.6069503060122131,43.52495303270068
SCP,-0.3883677295969081,0.03713757508731835,-0.31797872021394136,0.30623006374463635,49.78518160199977
SCP,0.07320543720667047,0.14344872610053627,-0.2306631479605288,0.543413403452161,29.900403004437212
SCP,-0.10642149182902348,0.2175157883368113,-0.2395666859055363,0.33441411031715174,44.757713757648304
SCP,-0.1464394821586522,0.0880928799795972,-0.26822100815219024,0.302288713593032,51.974631545755564
SCP,-0.09198208539770733,0.0593618214951408,-0.30822619032081794,0.33499935457459756,40.19558191795356
SCP,-0.5401631971207015,0.05404963873402106,-0.25421972514365015,0.43765519330768016,36.8818084700822
SCP,-0.3652759264567171,0.04072450791929653,-0.2952118326474733,0.3030095007704562,38.926315996805634
SCP,-0.35240664793353016,0.05504227936654373,-0.4581104296465442,0.38298078749483944,34.14436061807572
SCP,-0.06687496338784374,0.11630192248798066,-0.38492690476130914,0.32040160913708554,42.07037805011252
SCP,-0.3639279191177658,0.22241003015288935,-0.22159702305050757,0.5458910906856534,29.362328935779704
SCP,-0.1607097260335351,0.052125433763013006,-0.26713511510705246,0.23595833209864128,44.247661386789176
SCP,-0.1632666181719592,0.02740680853251064,-0.2736380611933623,0.33873665221020843,48.10531815671033
SCP,-0.41029814730917386,0.12637254990465974,-0.32167094586640865,0.4502344246493952,34.92310641759097
SCP,-0.13144091089575416,0.08773689653997639,-0.24131585341545653,0.43793475462790143,43.27046086135284
SCP,-0.4292467364398705,0.021147582025063835,-0.2573992124660401,0.3475539280500912,40.640729196184694
SCP,-0.20764910449412488,0.04677917515053941,-0.29360009339650706,0.1998912723171216,55.21269559347695
SCP,-0.3828450859361688,0.2161575262314313,-0.2743482668735242,0.546161412313066,37.51041101897541
SCP,-0.42989927830039715,0.012857923855483327,-0.4237921642897649,0.3661195012695925,39.148812535038545
SCP,0.22330539881082595,0.06654508412940745,-0.30443405625222086,0.28700725784175646,43.46154407116742
SCP,0.24421906279417377,0.1483352910462922,-0.14883106260153695,1.9938080630311386,72.0524723672359
SCP,-0.3281437873194721,0.10215625682931159,-0.10088600155214736,0.3948214574951936,37.54808720234817
SCP,-0.3425316816683725,0.12844257512374968,-0.2448429864794739,0.3493035125689907,32.57673360639719
SCP,-0.16049639771143076,0.06866155081457889,-0.20018362946759236,0.3319488214833451,43.34168064997582
SCP,-0.4292467364398705,0.021147582025063835,-0.2573992124660401,0.3475539280500912,40.640729196184694
SCP,0.10482604430681779,0.15865455131375714,-0.059311196060762066,0.3522857668493793,34.28907317591503
SCP,-0.4307705378289489,0.030939003118236864,-0.3855955938991199,0.46261331414561996,36.65299854086491
SCP,0.17983593842773193,0.11290138753445751,-0.29269619886041703,0.3519060685975245,55.75559490302146
SCP,0.12256941546052127,0.05491138469534995,-0.3318344628769988,0.24959872025198426,52.76843258130306
SCP,-0.36153783666188466,0.06825210242576729,-0.306339892885476,0.44650698883512346,32.356895722148
SCP,-0.19702494840326654,0.26798186289480863,-0.279923625410122,0.31323940797301064,49.8377232252044
SCP,0.33769877512579183,0.25693621123606525,-0.1722420541081409,3.9909012269007533,157.84631217139332
SCP,-0.2562045531649315,0.0572873033616972,-0.34301897986011737,0.35212921286342314,50.739822648786635
SCP,0.07446329792276829,0.0558446168091417,-0.0872798771181909,0.2907339503084959,39.85461148580794
SCP,-0.27717836303739757,0.13399954930580066,-0.29453113926689256,0.36765100290395814,32.58761435691481
SCP,0.14628193874594578,0.1873231141675877,-0.30342901655593635,0.2636545869148883,55.83951334363451
SCP,-0.21141965497510426,0.21862691443538682,-0.4593856036740511,0.29586666932128663,40.075102676237584
SCP,0.10912765656078521,0.06410789013300729,-0.18835339549850752,0.33922602470515345,38.95405577256434
SCP,0.4265632576546506,0.08340882454072088,-0.19434661233453945,2.0567514276867627,57.14733426625123
SCP,0.2378680677849451,0.16668940001403904,-0.31157512153640776,0.6720945897912913,71.30440189213412
SCP,-0.11198202196999116,0.17921488119569193,-0.3330898572612533,0.2908898216083859,58.23264853451856
SCP,-0.10744628624927319,0.052651584398720995,-0.3357876718560293,0.30109157576257456,34.5411727884083
SCP,-0.21191032640424579,0.1196608873489553,-0.1893501244269845,0.251664135925539,47.703766599608734
SCP,-0.16497104384493472,0.0659525361375024,-0.23485566382284073,1.316426987579183,76.9093906799317
SCP,-0.06280198138727767,0.14123267318533972,-0.23494938894756626,0.5163476922558031,33.072015799105934
SCP,-0.37492215093660447,0.04768614796821721,-0.20586592565923614,0.2739061494790326,41.01141874665596
SCP,-0.44879619199321436,0.08578446705781823,-0.10659408866709227,0.2324024811796054,52.94876597481917
SCP,-0.40974753376464357,0.13723962232853928,-0.03099097602354791,0.3197373592150039,47.01326941934603
SCP,-0.35585145579066246,0.06706776599735265,-0.1818137974908461,0.457693719150297,31.021956043375503
SCP,-0.2570072583793074,0.026296074753121956,-0.23246091240228078,0.29257940230596097,38.34387033895938
SCP,-0.39184605715485704,0.07778311063479482,-0.13002714486965317,0.47710987468466154,37.634596264914045
SCP,0.0946898867307017,0.12002844529634035,-0.2057138529642974,0.5587865023444091,42.13845433315597
SCP,0.23625705176589865,0.18230513801831866,-0.23868998043783143,1.4520367352917583,79.92987289860449
SCP,0.37860593658663433,0.1776878420089964,-0.1261413194634473,0.8748226430865499,73.73515696229337
SCP,-0.4235337713377812,0.08413721946468941,-0.2541825648134977,0.3924141244073522,38.179729070911094
SCP,-0.29760147359185757,0.10438621378102934,-0.2748716546397281,0.37944000433116304,33.28899916854789
SCP,-0.4555076231591992,0.17213254911619613,-0.2628745494880318,0.42810734745772844,51.3118563092113
SCP,-0.23703045753138316,0.08542356164766393,-0.2705952468907621,0.4339021978837133,33.742218586887155
SCP,-0.20264741232890587,0.21380840263879014,-0.25574501600036936,1.4193661099806525,56.382574785526465
SCP,0.39203688498256073,0.2725266272246713,-0.1914042707135699,1.1202688689224778,47.85904258507703
SCP,0.31996843175247985,0.3440420213563577,-0.2077902818511759,0.34230101042454375,58.23791364373923
SCP,0.3306029808968875,0.11134945870461857,-0.24240170418130405,0.350648438989715,58.67870065638576
SCP,-0.5608910108532135,0.08577521110817359,-0.12402992256880242,0.4336427447539862,37.0690583359986
SCP,-0.22406761130492797,0.08363892161052874,-0.42773914867439633,0.23084607532125181,39.21850515134
SCP,-0.12391632491587976,0.03990847216241898,-0.35514933948607263,0.33049149245837045,36.6635312222354
SCP,-0.15798583451420456,0.16373479386097478,-0.21768825078891343,0.4056946108022865,38.80696206399482
SCP,-0.23829634657865867,0.14563381766885009,-0.3342620660509462,0.27673910244012495,53.75332506485732
SCP,-0.37203444480807046,0.1093555110982164,-0.36918233077761997,0.2893794760834731,48.42344104883493
SCP,-0.32075033412710957,0.01863255453823598,-0.32600847482226375,0.3290858775025766,40.5967869550427
SCP,0.26916524841085576,0.13072327051508786,-0.17336127396979714,1.3085924668191122,95.32534730331896
SCP,-0.2997658206714132,0.07610454649493754,-0.33193765857563673,0.3596722549116493,46.69077794838758
SCP,-0.14474677281502166,0.09104761642581022,-0.3470111732868752,0.439031721325812,38.4790034080287
SCP,0.13375252341840982,0.19494207646862322,-0.20137229965369444,1.2937271044052838,104.42176890448395
SCP,-0.2917015448546742,0.13936504919572718,-0.258646747781001,0.3774350820389447,48.76683692888878
SCP,-0.23394986306530746,0.03424767777551775,-0.3124615515190155,0.33573424046020245,34.35309234262613
SCP,-0.0977955890944925,0.06285820440495173,-0.3512661353731717,0.32719038034097986,37.325030218929165
SCP,-0.3933763530984251,0.0514039542042243,-0.3002922891569581,0.3633108420393954,44.004729303960126
SCP,-0.22678152401597917,0.11414566605791061,-0.3063411194919117,0.6203179099629678,67.5747121187244
SCP,-0.13195207704693676,0.14541729253212649,-0.3618172181109875,0.35535444565527957,38.559601992567146
SCP,0.21193440689482335,0.09572837018562583,-0.25318603781815247,2.02133425942165,76.15294158452073
SCP,0.10866459852178009,0.01651591068727156,-0.11589022578050218,0.38009180409073867,39.75239778264537
SCP,-0.3339087031752259,0.10471290465922752,-0.2739861824018023,0.4320042388313126,39.70351286384009
SCP,0.21989718489563373,0.12086103831086865,-0.11630654724858135,0.376789501273893,51.83619220212667
SCP,0.4461111714174947,0.19630094093575096,-0.24311767319649427,3.69757889774604,182.87465892812182
SCP,-0.3809090981265181,0.22250413288853488,-0.2607638406789857,0.4908425956933444,51.00794099547748
SCP,-0.1520652254074929,0.03769005405470333,-0.2794803567301596,0.43215042226594863,39.995826565945734
SCP,0.33878112055042525,0.11990256720206198,-0.28784284953930295,2.1166590672972223,56.07704626393597
SCP,0.3027563618405947,0.11569046049103689,-0.24445327690293764,0.49615354604795825,34.702100301771765
SCP,-0.12590249792310657,0.1419166445140704,-0.21236588941290643,1.051230775669118,51.573725237589805
SCP,-0.21604770007417806,0.2521906654873679,-0.07000454505830928,2.318490747632031,128.53021842885144
SCP,-0.5100869796927027,0.03301836516168312,-0.2079659229425274,0.40156952624350956,31.59827618496925
SCP,-0.3215410373726737,0.008126881890750651,-0.16096098275476878,0.3963064400517518,38.9607988968011
SCP,-0.12477229885675141,0.10169721641502605,0.016781302294417235,0.4658535762650615,36.99863966910983
SCP,-0.2277360924395379,0.08776508506020114,-0.18785957624523408,0.2742723761504421,39.207820067454264
SCP,-0.24265584883296482,0.08140659539278744,-0.21278454388914433,0.19633237788198274,47.06001192632787
SCP,-0.07078408012973926,0.021554660058637994,-0.2824912162179514,0.2876501922504593,41.84848788666428
SCP,0.15618185877915441,0.1869474891830884,-0.270314339946537,0.43287264290489275,51.73835867693982
SCP,-0.43459529821836895,0.17321580748779283,-0.1961902074068624,0.40153613319044956,45.82807644674563
SCP,-0.44931457914814826,0.12901579831234572,-0.3170478579814193,0.38004776632856974,50.26689801948471
SCP,-0.42999011995052344,0.005881151813632802,-0.19951304444205595,0.38499982031941365,45.69866492503287
SCP,0.32389960945921614,0.10344274885031121,-0.2336198869585675,1.2386812884448826,89.20744065562658
SCP,-0.22782617995136434,0.06962087799000186,-0.28545241664077153,0.4016029800234225,30.675258581165743
SCP,-0.1457219051358442,0.06612917998502378,-0.35566119233235277,0.23103839430816986,53.01278071556201
SCP,-0.31221548478313627,0.10922758525804802,-0.3053438762688973,0.24684689289882986,53.251853400258334
SCP,-0.21871032038836774,0.06874620712557752,-0.34778038216353757,0.27127789072524766,45.550743935249436
SCP,-0.3119223482066309,0.05767586516428149,-0.32430470111971255,0.23837213951091737,42.52165112940208
SCP,0.31521259098726123,0.059820304735155,-0.24435746102722267,0.1599938297296261,48.7816138017667
SCP,-0.5056554795498378,0.17045696438969807,0.01511861261796568,0.38368395562129715,54.94872485800835
SCP,-0.2067991883830205,0.10271680607691917,-0.2534061508861747,0.4527396921487914,27.90449784198337
SCP,-0.5154896054042445,0.027070270849223754,-0.31977812889507434,0.45669537901666707,39.04265989995777
SCP,0.039545516659600675,0.05172565335710576,-0.3640682162335377,0.24548588508581934,52.020638194055635
SCP,-0.1424508115099199,0.18753139620500867,-0.266445123260186,1.4115878133712725,92.94776766776218
SCP,-0.15816779101499745,0.06520882985969101,-0.36192118374242094,0.4214800178515854,38.508357271816614
SCP,-0.15486175365104304,0.1353507658929477,-0.25886776888626345,0.31310946267397716,37.36079821397326
SCP,-0.2783572256061869,0.1389107205759355,-0.24578138518673176,0.3595902193735527,49.76908926655322
SCP,-0.24969329970442514,0.15413283750509263,-0.45086071800814737,0.24002215961049478,42.109289038641954
SCP,-0.1305496951949245,0.05905225498542506,-0.3757850582050789,0.4585997847391476,37.157537798560035
SCP,-0.4457396264327178,0.024259542648827487,-0.275346513569023,0.24423154285596008,41.57624320368937
SCP,-0.20703678053522429,0.10999466626277148,-0.22715368268055847,0.5045819927162613,55.282313683226235
SCP,-0.45918100324885774,0.04269615213749863,-0.14779448483384064,0.4404219977492184,43.43598841256093
SCP,-0.2696597785304614,0.04369271052766898,-0.2009129510884536,0.3512180782021191,45.4131970240529
SCP,0.26880252344312777,0.22687254611157237,-0.1771903043893018,1.030199304618373,59.73238336762832
SCP,-0.42470072624032096,0.060300080744169725,-0.18497851015429853,0.19710702381035344,55.406215122929254
SCP,0.15774991561761498,0.10005733737201275,-0.290284368526896,0.24636302530202844,47.384764909786355
SCP,-0.2265754793269042,0.056893383064482814,-0.30205049858365424,0.41780891364530365,32.958393101316304
SCP,-0.40213395717831657,0.07464788348528958,-0.27189239489289646,0.3906310236152661,41.95836057254782
SCP,0.2289993343447582,0.07148564972017124,-0.2727384711705188,0.29171361440955385,37.786749709151486
SCP,-0.5336028316717318,0.08407625739286087,-0.2889066823459879,0.3295877033191557,39.525430131343555
SCP,-0.4292299169758083,0.03804841227445159,-0.12758546999122833,0.3778367691964782,36.76987232282177
SCP,-0.6383254435144494,0.049120286575933474,-0.1516411220844161,0.4667566055457441,33.88661818823642
SCP,0.2888477496581342,0.0827653016920797,-0.19558287779177536,1.394324314117179,68.27157563029596
SCP,-0.11952146836625942,0.2238035170121766,-0.20262091004114283,0.31087597637294095,56.52042335385377
SCP,-0.13606204501273167,0.09048126138696132,-0.1615347213491589,0.299896245547955,35.3875774099251
SCP,0.1129022082792528,0.1428082560827102,-0.3583119563177019,0.3370774810812688,36.894338118431406
SCP,-0.249263247505386,0.11885738795157814,-0.1459697297381955,0.41901414461213354,45.61998626942122
SCP,-0.26706149423521663,0.12388149944384749,-0.057692953359159166,0.4274512465528766,47.97361167440697
SCP,-0.2892802179649287,0.04727602735417419,-0.3110710334175992,0.3515226782867531,58.92978744723109
SCP,-0.16560819682523745,0.09472252716454055,-0.2579540275738971,0.34086177521548694,46.44822876382919
SCP,-0.2778250618558171,0.09270047824768221,-0.10002001539129585,0.31137884836334256,39.977253517045874
SCP,0.0790659180911109,0.13311283513375233,-0.37306129593590176,0.32262127981625294,33.03995521271906
SCP,-0.28676467881834006,0.0776087160067029,-0.29805343841294435,0.24060530101063532,57.93735194216991
SCP,-0.2004934188488677,0.169898720319795,-0.4404654680322212,1.1187025283043521,45.5247633165757
SCP,-0.6960668222653392,0.08356325189625355,-0.26215759792099436,0.3356867062846052,36.807961296231284
SCP,-0.2062413025445729,0.04008464157424345,-0.31523858384377373,0.18403034344057456,52.11609751145495
SCP,-0.18683846746241103,0.054415436746865956,-0.330886846603611,0.2764827929981779,46.35510085569323
SCP,-0.3000482549845068,0.165872701512318,-0.19636628576217222,0.42655886353725464,50.54345186098084
SCP,0.13373058375471433,0.17648455607513064,-0.21139032885672587,1.3863661825805957,99.97503470394052
SCP,-0.49087088748884944,0.08395341896615612,-0.21979112383905197,0.37051490832304806,34.640675035287764
SCP,-0.2576400593178915,0.037248505419991876,-0.32688725887736975,0.40232877400695427,38.43614981547512
SCP,-0.4292494447259242,0.07594125176783235,-0.24891950138540703,0.468029786795674,33.816827946665015
SCP,-0.1541249705616492,0.05107971184119313,-0.25749999844665017,0.23630306542037632,47.60869335431581
SCP,0.5766267804949807,0.2749593446247451,-0.234548739939713,8.496164680960838,34.787105031506954
SCP,0.08678974062975799,0.23021690422469812,-0.23317054154153394,1.0928398908909787,69.72608794639655
SCP,0.06894814564417749,0.23601435927314265,-0.23337445019086972,0.38565315474342204,37.73960050372941
SCP,-0.24121512687919913,0.03750864120633503,-0.32644105269595264,0.33114699873384007,49.04728376296586
SCP,-0.37999078394947094,0.020461901912034484,-0.39214065627671735,0.26511587098542333,45.83523301318454
SCP,-0.3080406911432294,0.14566168107621896,-0.27829512582365157,0.3116819957621472,56.360298992820034
SCP,-0.2036864482507339,0.11655404512662519,-0.13141837652043462,0.35289913909348863,40.38262144821702
SCP,-0.2285836623435502,0.023932517937590724,-0.3765761369285333,0.36084404331974557,40.370933156653074
SCP,-0.14154548617115742,0.15173937251818168,-0.20224274997760597,0.2416306284244335,46.47455163448812
SCP,-0.07535450485634254,0.15587135680923805,-0.2576209976780112,0.23711292375281967,50.710108423704355
SCP,-0.10792105695385168,0.0650503683234998,-0.06089210203984006,0.3353041438471196,40.67025741589993
SCP,-0.22313644409275474,0.061017529848774434,-0.2590121747664608,0.37267354801535973,31.904941583685385
SCP,0.25960059194618684,0.29070811008989067,-0.19926204310778714,2.388772331791801,137.7635327740117
SCP,-0.33210804515362935,0.11147783397854635,-0.1968128538024498,0.3602456768860381,29.523649520437953
SCP,-0.14199015593751724,0.1047546087520008,-0.1362126479872738,0.49775913407806366,58.48140757052107
SCP,0.23016204466678894,0.19185482568765586,-0.09317891085695314,1.9899901312225345,66.12796898557649
SCP,-0.4027431497000802,0.012273720057498815,-0.22824414595844314,0.322592172801673,44.1607751531339
SCP,-0.4536072606008917,0.062210174019454965,-0.4742720783685738,0.24695472365286145,44.44368435994742
SCP,-0.21878798486749418,0.16839190181178204,-0.24664563740796003,0.5364900234883037,27.938036711286113
SCP,-0.36950517608999855,0.0821896509096688,-0.2046948657626339,0.36379187477466224,34.9577488124395
SCP,-0.3406068128862827,0.04087556117318668,-0.24900103089557485,0.32467853655381723,40.757665011150394
SCP,-0.28521020428544464,0.14845804415542357,-0.18095694920209768,0.5227680865299578,63.407541710427964
SCP,0.10242799785007808,0.06901511873352087,-0.06326541474141217,0.4334837257071541,40.85039661480676
SCP,0.14595763016914615,0.0778653864416122,-0.1906180010733466,0.21706998644864953,49.2593366487865
SCP,-0.5502173163072883,0.052451029566619144,-0.19874383837169113,0.44518339265642753,45.51801937462081
SCP,-0.2847621260317065,0.19559041578881137,-0.22873208350702748,0.4358442705157961,26.373789111493238
SCP,-0.11915402453656188,0.036600393453622766,-0.09148741528407656,0.3210178237314854,33.958520386593314
SCP,-0.2243459453348097,0.0633311466990588,-0.12186470756141099,0.37288140613051063,34.26642654108755
SCP,-0.2147137539181495,0.06884736202529053,-0.2207239241414418,0.3490307272997299,41.85960264272594
SCP,-0.19321999272669305,0.10702282029143458,-0.30064521841761677,0.3560918890111903,55.17091101145555
SCP,-0.2054556566187531,0.07665395319357252,-0.3755345608250157,0.38421840116238976,38.361934287273755
SCP,0.37332181358749295,0.18843176810149026,-0.20241944987209304,1.4233237416795679,105.977902162006
SCP,0.11640026297475953,0.19897245813920755,-0.2199275503693323,2.4091521046333626,135.690759323365
SCP,-0.5126037520778741,0.108733142907086,-0.2741906328064739,0.51058543253987,28.556916956578636
SCP,-0.28280427065724656,0.21847931099989468,-0.19806836907314973,4.012294084137076,168.19927119761115
SCP,-0.3200866899520994,0.10832399573934057,-0.3526244320036941,0.2334326694275978,51.228404387899
SCP,0.12330699831844985,0.13266726805180004,-0.060488338625811856,1.3706004771869176,86.45090385323009
SCP,-0.2108539697976437,0.1687419369722123,-0.22950922517272582,1.4233725754430986,57.85281741346229
SCP,-0.07338236777579564,0.030526925067511573,-0.1015250817750081,0.36985974366940255,38.21868785014104
SCP,-0.4458845237920934,0.024887741371064614,-0.1510382285557365,0.3339644838126282,43.597222227488544
SCP,-0.5891811835316942,0.05052414934184239,-0.2559813258141264,0.5281198308794671,36.87023256693041
SCP,-0.28117730182229816,0.028709822221440452,-0.215245959387713,0.2501805114816354,40.868907890174114
SCP,-0.472021277642837,0.07677748625229161,-0.09263362013367718,0.4260157872047815,47.330914534500195
SCP,-0.22314511501514134,0.14202499273316027,-0.3075610263391347,1.449201729241415,98.12621109336006
SCP,-0.3471974595159732,0.19649039326046547,-0.05379333629983055,0.4591468493572802,52.22894485621871
SCP,-0.4116208742548677,0.09725806389204458,-0.28790656784744784,0.48923777729969226,32.57072149665348
SCP,-0.40870451748557,0.02841556112872457,-0.39672500516294623,0.3296565173820094,43.57878979008415
SCP,-0.16002547009558737,0.16696223081483644,-0.5147450502990848,0.32780992998545394,58.81135090437614
SCP,0.12452441481801158,0.1114555873405593,-0.2968259391631059,0.29729396419105886,44.534906471350226
SCP,0.2351040571058613,0.21841463310258255,-0.26992875555439605,2.3901533661561816,133.368300230084
SCP,0.3408410622096634,0.12874433909384259,-0.25273429812066406,1.2355211290316852,89.31787967904772
SCP,-0.04432659599191744,0.03918103706717667,-0.33485527389018954,0.23030875710707796,47.58619891287072
SCP,0.28687068975211993,0.14779848996320927,-0.3018565367737423,2.37034517795433,136.27716026619055
SCP,0.12106551221556053,0.06070809482434868,-0.3173586201147821,0.22075570749526383,50.52632961845767
SCP,-0.2003750891591372,0.2964749530673077,-0.28551321706062965,2.210187235467937,46.058613960636
SCP,-0.16601246871156072,0.10135065671750629,-0.2813275702286422,0.3989001227745739,33.00371231764662
SCP,-0.37291207428065465,0.11735632510531539,-0.27481004511651913,0.30900368903605285,58.423337629856064
SCP,0.0593304719460484,0.02370033981943185,-0.28887316305057376,0.2570932236109334,45.51188674517606
SCP,-0.6393982009706157,0.12326876527245885,-0.2344775312680398,0.3653263767403936,42.2675749881242
SCP,-0.4959061650021165,0.06535405366478572,-0.22759050610047013,0.4740493985221344,43.523787690426005
SCP,-0.24848960582089524,0.020004222974822797,-0.156929086838819,0.3035554540671178,39.58624905399839
SCP,-0.18513597674598364,0.09202320491620535,-0.19272420906341214,0.41285992365101387,38.08707298545274
SCP,-0.2074367982439419,0.06325575891015463,-0.07708973189928116,0.3837332740791361,36.686666077177634
SCP,-0.08557607409233806,0.09410756810680901,-0.1404548245310664,0.41213325499107384,46.14055313077678
SCP,0.18061162646871887,0.07137943538646001,-0.26889956251043473,0.4467769804825493,55.298926191814324
SCP,-0.2459730868750123,0.09136370368068766,-0.35801189651007526,0.24069544240446072,42.48643506269255
SCP,-0.3982657619943753,0.14002169592687436,-0.28844818202030764,0.2628617045039312,45.125164529161374
SCP,-0.13398294668062632,0.10312155301718454,-0.2715676017076816,0.3664110899253546,53.02110376992793
SCP,0.18365025312182365,0.07132818003840778,-0.21661427293578725,0.8717104996324058,78.51876209047163
SCP,0.5430461989719814,0.3207140691335743,-0.22491749899794336,1.5871296047250996,56.87191116403613
SCP,-0.15205477637088935,0.038510659815336225,-0.09701354259364585,0.372137038413627,35.81240843892123
SCP,-0.34823645599019837,0.05983147421063859,-0.19099510889072835,0.28681932756385864,42.6528862655186
SCP,-0.2595621870057877,0.07112086062119641,-0.21028108665247477,0.348561522594767,35.11588189856252
SCP,0.21816829826543982,0.14380191016817362,-0.16847158982209037,0.2526699867183453,50.773437688805814
SCP,-0.10560012327786861,0.09559752098559021,-0.2945854579224743,0.3883755896704163,47.85053067155647
SCP,0.3239245510062087,0.0732628407017241,-0.08402595519868802,0.8272928183800045,75.53413523353474
SCP,-0.2228013538938315,0.07845522418391002,-0.30246388229245696,0.32450014714982284,35.28061286034612
SCP,0.3957471054443594,0.13603417594028544,-0.19775810726283677,0.9207307516617642,86.07892677327742
SCP,0.14204149234008168,0.24820788488883724,-0.14971360025801403,2.316446555718707,142.72401876533232
SCP,0.21320386324165674,0.06311197283288932,-0.17768798258817767,0.42508933441888447,37.52904697116808
SCP,0.07738120625350925,0.05750753259479398,-0.2819609854710028,0.3076965877807358,35.44665374508112
SCP,-0.10695366948014595,0.05758057876918532,-0.3496103826582149,0.21535198558471058,43.26642936381434
SCP,-0.6487229979299173,0.06943589348203996,-0.2888745589270363,0.3860557219333033,43.72275424988472
SCP,-0.35561499260840024,0.0261785822557431,-0.24885010760074291,0.3675204060073706,34.525489231656074
SCP,0.282282234647535,0.16481206986536429,-0.13324234677744246,2.0511336964019224,47.04593270637135
SCP,0.23009799974264827,0.011289707542467829,-0.2293817360237691,0.2553300099379577,37.57139341663529
SCP,-0.5035256629634141,0.028914176311265593,-0.2773905975426686,0.40230531784288914,36.68719546846384
SCP,-0.41394160974911587,0.03976046852347373,-0.013106477844800055,0.3601512306603571,33.775329497913006
SCP,-0.2767256826331608,0.09636143740838705,-0.1636022962931744,0.36778450733839335,57.9679783248878
SCP,-0.056871309674254744,0.0945603717709373,-0.45032687394650195,0.37850955833135363,37.2776732310074
SCP,0.05592150081593367,0.08832663097791468,-0.26780828464808715,0.392621598386459,42.85020731311341
SCP,-0.4696680202012723,0.11314275334617316,-0.12114345707915533,0.3173859397455897,42.464930566888064
SCP,-0.3020245143804332,0.20930691607917512,-0.3693511919207028,0.3826523155119115,37.848002633775366
SCP,-0.0925226895475536,0.0300855939377546,-0.3062436402974501,0.3393474771319091,35.761240664956446
SCP,0.12420189574567905,0.21628092616343042,-0.2438228120015192,1.4295384305121817,95.6644218195491
SCP,-0.2885924084096071,0.23464206730451648,-0.2390894234012202,0.4530596438923888,53.78802511343646
SCP,-0.24623608412788345,0.035924493836334934,-0.16669780225211048,0.19979925871927218,49.269399667060256
SCP,-0.3978284195047095,0.02225534513234906,-0.09427130882438133,0.31392020465030623,43.9394429577557
SCP,0.28813358255577287,0.10477627563190006,-0.27413806454945383,0.6064396330720041,65.10538864103509
SCP,-0.558397006412072,0.10621616305215957,-0.11748740486627678,0.36966081650096516,53.45311940684924
SCP,-0.2223739610695145,0.0573556391107902,-0.4886394944268292,0.28838985448768234,36.69739023100391
SCP,-0.14324670986793717,0.039667586368382204,-0.2885622136473116,0.20639717549731457,55.366867530887845
SCP,0.07992004707187828,0.08564111215372183,-0.22226068183659037,0.42512728957673307,37.64476045851676
SCP,0.20407127964014268,0.12664850234785283,-0.2302284724350436,1.3648339457488077,98.77840104705223
SCP,-0.12130640996107167,0.04755289068074623,-0.2760009465681032,0.33962523735689004,38.330968204578376
SCP,-0.3770340447694235,0.1558476935548952,-0.13782989776961221,0.5392895566473602,35.419121032889436
SCP,0.39682750892332397,0.11358866304041801,-0.15944383270722556,0.3503861899610776,45.1345801716202
SCP,0.1739016647759411,0.10715709901472156,-0.31370204627028736,0.46454151099974555,39.190283084226465
SCP,-0.41877851617478257,0.07516129351812584,-0.1759154308734962,0.3432147101764766,47.356803501183535
SCP,-0.22978370686209337,0.1176580061708995,-0.09997432349433695,0.35532774447034776,49.35945308984612
SCP,0.27256344394813825,0.2851432384398803,-0.33445863808982446,0.5304326859473177,45.23422677510737
SCP,-0.09203174373837848,0.02465167795521752,-0.33792272699419673,0.24771177856152904,46.238440450447214
SCP,-0.24856937168331933,0.02918165017450311,-0.28439908829104343,0.3042383826471652,48.5033382191368
SCP,0.16618439846040045,0.1275391153140204,-0.14853872925961398,0.47649776591777765,42.931809181335055
SCP,-0.10190891064661774,0.03141947016577523,-0.3288355945472977,0.4161394872881064,39.65191452401917
SCP,-0.5235998125083142,0.034385616899243125,-0.2555384479691391,0.4810295560923181,39.82636988705995
SCP,-0.20968443833300462,0.04374226349858276,-0.2477409948646845,0.3373640175078901,37.04796889656867
SCP,-0.11114138028729208,0.26413118336776636,-0.265580545311351,0.49560625235627803,60.35571344345526
SCP,-0.28938472201495624,0.1344299941567121,-0.09289588523596475,0.46592850893733273,35.63106414427525
SCP,0.4952186581243413,0.2427089913256216,-0.2505013759576791,1.2716190926306015,91.41102769833617
SCP,-0.30612081613589864,0.014066724329157962,-0.3472129508717339,0.31882257044294704,40.55998716193993
SCP,-0.26985476120832325,0.04146513206486378,-0.2452700506652827,0.3023572376648675,47.26078442969842
SCP,0.07131588244865243,0.028514334493001992,-0.1680678714780117,0.3772517643693253,33.25182215739409
SCP,-0.36008650557103095,0.05711337840145512,-0.4559248743983311,0.3232609527827772,37.57729974437388
SCP,-0.32253925107010073,0.03647235158580254,-0.36020167340916687,0.3600674496220675,35.91897111253057
SCP,-0.06876802129395837,0.060647762426402296,-0.1555168882895064,0.44437173273493136,32.51881089504384
SCP,-0.21840431091320847,0.09432976193243883,-0.25329273926637974,0.45790978484030803,32.954543821504174
SCP,-0.33213283969651025,0.2553125720424378,-0.0502788018182611,0.5185065046697873,30.1960074977397
SCP,-0.36275734522699454,0.10438885001546813,-0.21193510440366373,0.3459426789901405,35.91113615058637
SCP,-0.16670962259587296,0.024590987854012092,-0.22717245452832163,0.2434203286841766,38.905230290263255
SCP,-0.2174551041565589,0.09394326269411632,-0.23865565398308322,0.3220688798094155,35.82158916075255
SCP,-0.2253921916907382,0.11755209967105058,-0.18041663608916103,0.3848771161327994,53.29670408998477
SCP,-0.11265787642081056,0.06225546809143613,-0.1599189318556735,0.3531078412557435,34.67178477041286
SCP,-0.09401904457113537,0.07661655707130297,-0.3524534684954418,0.34994393024552595,55.06619151438399
SCP,-0.16769926335437768,0.040173449601421614,-0.2197907488674092,0.2544031328499823,38.20683899180127
SCP,0.0929342388243071,0.11557856090167265,-0.17621074206924742,0.29000552014772996,44.788978732546845
SCP,-0.10690322342565207,0.1338610809472282,0.017343861289745247,0.5514567262674,69.05923083846304
SCP,-0.1872378763587791,0.020807815904399417,-0.2907591270061328,0.21966614390634975,42.44304619498424
SCP,-0.1724356987711073,0.08202554978879058,-0.24868442582003233,0.3503338301773816,37.34386527974781
SCP,-0.34854597375116947,0.06620581559518654,-0.13630881420347757,0.3815998866367006,32.942778876408575
SCP,-0.14748440685193254,0.22455223932629664,-0.230382624999593,0.3479923805920496,41.19099093038909
SCP,-0.32351275944586544,0.11396516902261142,-0.1639379649555007,0.4891349733068302,38.749569366777244
SCP,0.2022165804283488,0.12880655268980476,-0.10889000613122897,0.446848010010977,27.757085291543575
SCP,-0.12176004067800608,0.21410064542871649,-0.2088559569282629,0.4371407733938714,48.02520395573348
SCP,-0.3382337980778059,0.2341200771872784,-0.1763042096683906,0.4098867011093482,31.809416933836793
SCP,0.3472000916728384,0.24957927775504946,-0.24895085906666956,0.47911242555189126,33.89567136134507
SCP,-0.15756380250441354,0.0782290631914965,-0.10059815225023397,0.3433256523008767,37.9549379592208
SCP,-0.3102252640056102,0.05972994483308193,-0.1968544359662038,0.42837870400032685,45.300427225417536
SCP,0.23903018649639685,0.12952273819280005,-0.23779461163792148,1.0676804391231742,43.163702363978025
SCP,-0.3834522748623163,0.08734066335356029,-0.3969506083599062,0.2578714065071506,39.11652257724019
SCP,-0.055879831846376474,0.0554134332918394,-0.24753241904523723,0.2973147030246724,40.67188451206985
SCP,0.10411971157874945,0.06273247281668767,-0.26994113109777507,0.20161543952121924,44.63329515322298
SCP,-0.4868369947707877,0.08605840444343854,-0.3332142737501952,0.378258652792957,47.847988494821415
SCP,-0.07669575929303635,0.07895124528525232,-0.20471000746956763,0.28188210818443593,44.14667557228766
SCP,-0.03833236256468386,0.07682845518300122,-0.2848125200349437,0.4532954387651044,36.17901922652204
SCP,-0.06992395611022975,0.0679778195574696,-0.38262046993508864,0.39746975191437384,36.37045500495343
SCP,-0.1556024429969995,0.08479919110865707,-0.29709624468803414,0.321587150821024,37.20020865072638
SCP,0.11466665113712447,0.09035009815550277,-0.10668870322903244,0.4112430222450309,40.30931522579744
SCP,-0.2169053415537773,0.06173367447690652,-0.31258181120703693,0.3114233928564452,49.255642347531406
SCP,-0.3863749265339344,0.08927551479665356,-0.18470414894956938,0.33555746810667614,38.84140486942013
SCP,0.1116478750289611,0.2234977045139308,-0.3061758922477681,1.467504036112329,37.06001268127723
SCP,-0.31285437449208664,0.19240845498293374,-0.2306722985147748,0.6757865624690769,74.60607787898152
SCP,-0.23733364376386076,0.022421867378770638,-0.3442844815796562,0.36682613662703806,43.350553621480344
SCP,-0.2618269050891392,0.06588897016544594,-0.38620817305647676,0.21412203589353815,47.739113012358246
SCP,-0.2030062726409253,0.04735734333530641,-0.31256871713424383,0.2854457603050255,46.73621607905214
SCP,0.08694623404641066,0.11571326732326748,-0.3558046377610625,0.4177005120327125,42.981488624488456
SCP,-0.2878474081947003,0.032846709659136344,-0.257860830070586,0.2784131319083142,37.03754275605696
SCP,-0.230933192025986,0.05557946977053162,-0.2389746840696301,0.26568830978874636,56.676070722223926
SCP,0.05846011204225632,0.013367572817288703,-0.2912012561599051,0.29491066896332385,42.973212478600615
SCP,0.13868581167722852,0.13109109625404886,-0.3138869692624187,0.6514633486342749,64.17586340495421
SCP,-0.20946941851038964,0.1850022398679442,-0.18524468771463162,0.5260562169741276,34.067456400859776
SCP,-0.1624198743101086,0.14549353990484098,-0.2979598235964134,0.4727619420599372,44.09698848636904
SCP,0.08436029312396973,0.05701776619904442,-0.28736114215824926,0.16162615217824058,56.296271108241
SCP,0.23599982878556916,0.15538485163074164,-0.21133059368511944,0.8917270136980072,81.76187076213304
SCP,-0.1850482181612617,0.06405821663010225,-0.37969478976431187,0.20551786091985794,48.04306876408676
SCP,0.12103376365444148,0.15294367954866725,-0.15001921246058847,0.5199934224348007,26.491164481161444
SCP,-0.22982387950927982,0.06415356747980439,-0.21088185751113,0.33424406590267897,47.71212604932305
SCP,-0.2997709460065369,0.02055968751105975,-0.17081853037272246,0.253805569037925,40.29015087207101
SCP,0.27159093495484027,0.08669094626312816,-0.09628579081335502,0.47797544096492706,62.363997852834956
SCP,0.13713806602683398,0.152477239971938,-0.22629874847495,1.396110963173514,98.9031067549913
SCP,0.15881267803804078,0.2568633369916237,-0.17143055951174457,0.36050776288859115,48.93583623637249
SCP,-0.1385925566548714,0.1611953459470852,-0.23690406935271296,0.46443518942887185,41.39564867358187
SCP,-0.35320588600956004,0.06949077140434676,-0.19326742230973867,0.27462590245742524,49.57327907284513
SCP,0.031340931645438316,0.11558579770369604,-0.122861392718232,0.4501154531420259,56.7671017069577
SCP,-0.07636845345800791,0.0446587300070707,-0.3713727585480589,0.3975890823076847,37.62876034166326
SCP,-0.03690015920410581,0.027101057075219582,-0.3391861494764969,0.1756779554280622,47.20132456440217
SCP,-0.35799705842015783,0.040721691927029076,-0.4532921106914088,0.27554704648829287,40.09483956490284
SCP,0.17983047245080125,0.1501910647470181,-0.2434974500866198,0.31597655784453327,47.32339175949851
SCP,-0.38241766590325754,0.09934390452907635,-0.20804480355426427,0.512294662167572,32.65635078988647
SCP,0.0650628615382089,0.03813686131591674,-0.24638662759518898,0.39916590182802836,45.195914289693455
SCP,0.06176409506391376,0.09685588191343908,-0.37450203882653726,0.26201836522456967,45.46012827160513
SCP,-0.29125243297079156,0.2564839132277282,-0.3897991224559539,0.31426076718596124,35.617203941650054
SCP,-0.22701503699603282,0.04066933216905817,-0.387517444357766,0.2526656658546919,48.91615074163512
SCP,0.09207736862509949,0.13131794340993125,-0.22790009001599665,0.25039497410458356,52.35885914437584
SCP,-0.3805659631470586,0.1087490312581563,-0.2814881191720563,0.48936702815878336,36.361081715529444
SCP,-0.4392804879541954,0.09607942551314545,-0.1905223623896337,0.4658521363200484,29.7126589862625
SCP,-0.32006879055763837,0.12717119135877172,-0.19834851875109852,0.4134750778974842,50.30298209223537
SCP,-0.5607622127861135,0.005737071221027698,-0.2635955009806293,0.43804562483381015,37.22249274087392
SCP,0.1063427709055827,0.09832513286018077,-0.20474091677700246,0.24758319470055098,53.78006796950028
SCP,0.12968730339303824,0.23339142484053593,-0.1859272082099472,0.3568462890489689,45.06207283576503
SCP,-0.3156230434033796,0.11680106057298707,-0.35502493729134793,0.3773945977547335,50.93929101517718
SCP,-0.11087011297295458,0.11804780675392516,-0.32826495988531085,0.35308051867970325,47.052242635231735
SCP,-0.48926576690675466,0.11643876002820708,-0.08426159435964028,0.4318232802366535,48.00051354500955
SCP,-0.45945564807828954,0.08583655624785447,-0.15626837242304062,0.2610848778314923,42.49611690250569
SCP,-0.21488869334029023,0.01689387832199048,-0.3305987598286783,0.325040518324701,39.50587530633207
SCP,-0.10538675614580963,0.08392471865786498,-0.2533227953869928,0.28288034103908627,56.42391358772921
SCP,-0.1908033027142511,0.05777162411765804,-0.3026571780693121,0.3565806717656434,40.23471372660793
SCP,-0.3488428813540957,0.009499799525271389,-0.29538734580216053,0.3873144683773145,36.780946562465196
SCP,-0.6200160564695844,0.018998169783236745,-0.261570649734706,0.4477638875449326,37.64206222725902
SCP,-0.14818696654305497,0.1937929595973277,-0.20584782054263295,0.31406370556160723,51.345980502907494
SCP,-0.6264059047059484,0.037744870995297226,-0.33309528168809616,0.36650287250839975,42.170261119427416
SCP,0.13692826347922654,0.08972463706043227,-0.18605125058724392,0.2859839145389916,41.228842124239684
SCP,-0.08586869789767741,0.1573153524878458,-0.052316731535374,0.9628944499547647,87.4629788980757
SCP,-0.13850791742670476,0.12272621717637984,-0.37083510231144573,0.37623728819237406,37.07645724637155
SCP,0.1510652483323603,0.08558278598664744,-0.20012040216592197,0.33015437842303275,47.83343214678074
SCP,-0.06647623811794998,0.24416533180060904,-0.040245379573434034,0.3845341204871655,45.73166505571074
SCP,-0.5576123128435618,0.16793677325331935,-0.08857990564066309,0.4942438913765513,46.39256348491016
SCP,0.3570893500781321,0.08865845325224331,-0.19940931003985063,3.8604181514244145,162.06011915789912
SCP,-0.23440112359359797,0.10419372455014893,-0.17860637284569564,0.27320161346596555,43.269996870499206
SCP,0.12389950019553517,0.10735892025583157,-0.1958845160171832,1.4074214614836067,100.1331315808356
SCP,-0.3736279201337753,0.0433161953369233,-0.14520535575919594,0.4517808307840688,37.85661406776592
SCP,-0.2693897737755177,0.12229985451678824,-0.07486185867130893,1.2240548096546762,91.51916302635874
SCP,-0.4173217305038675,0.06769920988578684,-0.5330516643274354,0.3310967920301935,46.24381957034194
SCP,-0.0664682838068433,0.05475506222551575,-0.35303061430887106,0.3770291791918398,34.73242823592684
SCP,-0.3016263032890697,0.10169800517828953,-0.2718158930846885,0.4978848994805735,34.67003665440956
SCP,-0.38477751478060274,0.06044660510756265,-0.3442207519335089,0.23764556389439795,48.16601913593977
SCP,-0.18093489353341954,0.054185314668954876,-0.32819878323233925,0.40307602698938066,44.813210935793514
SCP,-0.28853223479039775,0.15670384083868288,-0.35364361603655653,0.3250608997161753,35.15736347916727
SCP,0.2648064607439979,0.076874999704139,-0.22627683180964162,2.0721272792575984,48.198016539219196
SCP,-0.14727054779076862,0.10070839628359636,-0.3423948851164784,0.2523045397916349,57.90033043783207
SCP,-0.19435235616184726,0.1533995201265414,-0.24168233749419085,0.31132628572209947,57.74441736699946
SCP,-0.23394164930541633,0.015720951830349442,-0.33239311446730957,0.22071516129794794,43.7370514813549
SCP,-0.2034876111462536,0.03133053236513334,-0.2355588323336337,0.31271076052362123,35.67184494083923
SCP,-0.31227544105654015,0.04598506688243022,-0.2725874183053567,0.18352708063099527,55.47488050239488
SCP,-0.2697551984924853,0.09561987025059031,-0.26419433990393215,0.4857409298993389,27.71558287749974
SCP,-0.32454067288013627,0.008231531608903674,-0.23978550204138305,0.34151249536985306,38.09192149838858
SCP,-0.1049629060989282,0.07456395611707475,-0.3269183615408833,0.3817208262331512,55.08419361254036
SCP,0.16760688521149514,0.10950615088520124,-0.1236906324546129,0.43206429187332834,68.24723215536753
SCP,-0.29230996619577576,0.09795854290067918,-0.22167103452447293,0.4648637571694924,48.363029471249405
SCP,0.2285952649186913,0.17547874531627122,-0.3293154018919258,0.8937124970596516,77.50707133791373
SCP,-0.14381938059478,0.10547930383258,-0.13020196824477653,0.4983995673923471,51.15125798646801
SCP,0.2884756995603397,0.07876409344453952,-0.25417982073743806,0.5446639799901414,52.81664994403821
SCP,-0.18875370228694366,0.035043818649810654,-0.32562748327525676,0.3263068596155125,37.204149256322125
SCP,-0.21175243839047483,0.14817828684482026,-0.2653921377764874,2.0155006214389526,70.42825331046664
SCP,-0.08886850815718007,0.14113160324825497,-0.15608525673643514,1.0574907220889442,43.87662755948983
SCP,0.09809647659133192,0.024989589817261883,-0.3087761037015261,0.3263739446577324,35.382257653794014
SCP,0.4623089514533023,0.33939145058286363,-0.15633495085257196,2.3031901873091702,129.6538773855394
SCP,-0.36133202082200144,0.04121273200337063,-0.3969512926723966,0.2527965981837085,46.33794310694354
SCP,0.1256507337686995,0.10883538999316653,-0.23754149958140558,0.3314447378456878,33.48900304344643
SCP,-0.10934635991862263,0.2138802801413801,-0.2362922925037391,5.35716121557709,244.16579924579264
SCP,-0.26977155786989804,0.1265032256858772,-0.049852718163107115,0.4812330075017033,34.923358757874894
SCP,-0.09597951989349567,0.03812309690485941,-0.37963997666514865,0.20056912927668744,43.15949112198451
SCP,0.1976669994386323,0.261577089034485,-0.23049973832112855,1.511308571699877,104.56119945845019
SCP,-0.4420031076347458,0.26560147256940164,-0.07818835185698916,0.6012390353787661,70.14700491081122
SCP,0.11749232210384931,0.2001203514118366,-0.2349843055048286,0.32308695251401226,40.28462063823905
SCP,-0.39736633034518376,0.05037940092989448,-0.22710352627104546,0.2607110463466782,39.41421925023621
SCP,0.06571200940020826,0.08737535755900408,-0.24947565767082616,0.36116410021514017,36.16299891892015
SCP,-0.22562607032378545,0.06710330170219005,-0.31807471490709477,0.28686400931037953,53.5720047140771
SCP,-0.28574232995190874,0.25561786963817007,-0.14811315707274858,3.647463279262375,178.5691120114215
SCP,-0.30983486015183526,0.0674867720700141,-0.16849377286300446,0.46575600223468666,34.96017451927797
SCP,0.1253967167180365,0.05946969335745139,-0.23462844946991998,0.3213742223210106,49.51769585206799
SCP,-0.42269051768607235,0.04499173811870229,-0.2043007861789145,0.4500662677900596,35.173846170576674
SCP,0.12220230399969731,0.13111458207041732,-0.2705316310577143,0.33946138713347096,38.58418147619554
SCP,-0.49037445242234035,0.07768001221939466,-0.2656482345909746,0.45456770815536374,32.21625978825613
SCP,-0.18371676947224733,0.03777314303752675,-0.4166231145390824,0.3298785606933081,44.15783652444216
SCP,0.21829446214360004,0.07072624817660438,-0.3756342128940308,0.45529905055024356,62.53034270585448
SCP,-0.15420445820607528,0.10553980698995927,-0.3374352621812469,0.2160947820978814,40.15664859247052
SCP,-0.28466745062888354,0.08747629984440633,-0.2445302061708693,0.41757937948742224,41.74203621209494
SCP,-0.21261039137367416,0.2334039222546261,-0.22832238794693538,0.8813875096333769,85.56623438614155
SCP,-0.6322030926201941,0.13871840078744707,-0.27735772388891766,0.4532870168513355,33.587537539294324
SCP,-0.16385762401177256,0.08889773840100199,-0.27806747545432936,0.4650805034876182,32.69673654867201
SCP,-0.11666771880862788,0.06785084733188648,-0.24531080717802886,0.3086243629927364,50.52797072390625
SCP,0.307499130910752,0.07528875934270769,-0.27155281498464645,0.3661875479602899,45.92661778691274
SCP,0.068835985225484,0.0594166003154723,-0.20923168381067242,0.16585288309320756,51.96958298137173
SCP,-0.08149811667017252,0.03660851703376815,-0.3350144956862559,0.33703050764453896,35.193092720402525
SCP,-0.4010454530929863,0.12489675544916949,-0.30247556193294806,0.35474949832864866,52.42671271310321
SCP,-0.4231945179880179,0.0514160024516012,-0.27143411324614847,0.3510271259228066,48.37255129938092
SCP,-0.3043413667418549,0.07282687270336735,-0.3521429266606342,0.3334713830392168,47.70187538006195
SCP,-0.2508629012230099,0.08963407698089534,0.01276537674758355,0.877756451488999,80.66218652904001
SCP,-0.08500985625475962,0.12191833543897015,-0.23750794867576697,0.30712380763540315,52.453522109371676
SCP,0.2368522397800262,0.2666904588891913,-0.1625112093263435,1.4010193295770543,76.05388063530208
SCP,-0.29545745673382595,0.0742619831621132,-0.24237042423222235,0.3017033760134891,40.396748263944716
SCP,-0.14287086632019338,0.12093237929998797,-0.24776626905015134,1.3756025474414553,99.28217801914761
SCP,-0.03896924812198377,0.12642182701402851,-0.32594457419566986,0.5074982072001686,65.25830407813523
SCP,0.1616987917178752,0.21410237422258618,-0.06742215727393461,0.38266788137145724,31.245671324998504
SCP,-0.19882988345018432,0.053930396605694694,-0.35469862218943715,0.29657692665233093,38.5501406241562
SCP,-0.3386785648646149,0.14023806038658276,-0.2755819198874477,0.4288935203662689,58.30963856603962
SCP,-0.1833114961575424,0.0641811258129995,-0.12870142211725058,0.49304012987553814,33.68577222213357
SCP,0.2377132391998356,0.09833044328363674,-0.271447079241008,0.8449623065324043,81.00970533600483
SCP,-0.5103727902670847,0.0835616107729547,-0.15542764537939596,0.3093465880883938,38.013294409788195
SCP,0.43385344799688474,0.24971596611703556,-0.0882648081670205,3.9398989596452787,144.14032946013947
SCP,0.23939909633522438,0.16427080164168528,-0.249940362197862,5.319343226738005,236.2264671130835
SCP,-0.1576199295369162,0.08049096895431004,-0.3812777418928096,0.40897560675625627,44.49951823600236
SCP,-0.36608274047574896,0.03025777045971133,-0.14425345323041436,0.41803394246347064,44.22841847610297
SCP,0.09988453501229182,0.04451402772811647,-0.14725815326883174,0.3389286917911794,32.97879226772082
SCP,0.13203415720238398,0.09560156309028148,-0.2377439700819315,0.44172110088458555,61.39526569329036
SCP,-0.3165844289742437,0.1910967295688895,-0.24613795460607507,0.48922740350024807,52.93431851243021
SCP,0.31215098274919245,0.42537425275181767,-0.15053295416072218,1.6507530200288818,65.35952371228795
SCP,-0.20471561090249996,0.21911500119772934,-0.38066425121614733,0.5324266962810884,49.48248992399451
SCP,0.3194885867436087,0.26635195444017284,-0.08025091197718749,1.4600738688289279,40.34536901352646
SCP,0.16379533088973564,0.03443638053261311,-0.2944132225324871,0.21107746335865737,55.011359040853506
SCP,-0.16847173416264616,0.03814674388494706,-0.19605288209619554,0.29416338993319396,39.076437402409574
SCP,-0.36703861068583166,0.02971534447365961,-0.40791860872515456,0.386493820692608,37.27180711295122
SCP,-0.623463539310718,0.10266745264207451,-0.2915647829013999,0.4291906676202946,35.501464084767534
SCP,-0.32214286589942304,0.028961025956644598,-0.4391154289265517,0.3279658111349205,38.80872726595884
SCP,-0.44398601812968014,0.024022831121287384,-0.2557758134771707,0.3606467921386065,46.53072435189943
SCP,0.14562078233901105,0.08532184646463523,-0.2642746677848925,0.5205784514839652,63.06897103323621
SCP,0.12393857560643902,0.06308563948588168,-0.3387642315198211,0.2517983553908822,38.26912256621768
SCP,-0.11805628583154125,0.16689320744460984,-0.1924335253566334,0.3506340581024761,36.957295341139485
SCP,-0.20937677719164943,0.019319934160837347,-0.17584368601443143,0.24143032714699011,40.30576773429756
SCP,-0.4389895995035433,0.06172834688899679,-0.339767335672628,0.2825752210244973,47.17515373926791
SCP,-0.464936411026884,0.08982057921268156,-0.2385849272730533,0.37844324694243575,47.180026536433544
SCP,-0.22353169406622603,0.22148505735886462,-0.11973480651470904,0.40196434042440105,46.52955390976943
SCP,-0.3428450211542313,0.21179390624607014,-0.17342664183909734,0.5054600640163645,28.454436388130997
SCP,-0.22490378559864416,0.1711016144649306,-0.28375598506972977,0.2983076861541321,58.572446669167036
SCP,-0.5206741618161601,0.07244727265735576,-0.22390353120438666,0.47495899270668074,39.04416784565054
SCP,-0.39448218837186555,0.05977941937392768,-0.24084884013558275,0.4244988166626973,32.23185023351899
SCP,-0.21881599497177098,0.09957998794239144,-0.37932543452981526,0.38666548707357906,40.8161467009904
SCP,-0.13646088925909958,0.05053445258102103,-0.12747986958014354,0.28020749531877237,40.82337576324539
SCP,-0.2374983699128549,0.06414116380623923,-0.19736903760854752,0.4162001890979565,51.70477026677233
SCP,-0.31367340785355047,0.057478622581745895,-0.17431289303831243,0.39845690663348515,34.09590173497218
SCP,0.28040772046289086,0.11592936493057995,-0.2853600867126139,0.6656253303715888,72.60641909817748
SCP,-0.1769632423607322,0.13741925324206902,-0.4263990875354982,0.4847585036860671,45.83165808715946
SCP,0.18428536176225185,0.031042151101948457,-0.149207104239775,0.12782439340570065,45.517525924805796
SCP,-0.3094984349165221,0.11032337411909547,-0.2080964711680558,0.21599521478565017,50.032315926100864
SCP,0.31060357750926937,0.229604482198895,-0.2525628322154869,3.7009111889870976,171.47795044206393
SCP,0.15090878109408434,0.13006583729097249,-0.3176506894470044,0.2671545226771448,40.89861018322756
SCP,-0.10300017197461578,0.04726885659688866,-0.29523341370151784,0.2648012003326876,51.78685642012804
SCP,0.2634758714414702,0.10502534094570289,-0.27085365402742323,0.3060121538808402,47.35125066341512
SCP,-0.22244810228923523,0.15655691595022414,-0.252489722062031,0.35831596090444556,37.38474892668502
SCP,0.5010681687710642,0.058280609967964206,-0.20096613832112795,0.8165987625800631,75.16293666511856
SCP,0.1470463629175699,0.16960185718851217,-0.25133035675264426,0.3881618777244715,60.49487389650555
SCP,-0.3858886269002625,0.03790972986502327,-0.21679910277777872,0.20459013955569538,50.331904122760136
SCP,-0.2094457043061409,0.102757691429156,-0.2245854057238678,0.4369468075435737,33.449879762282215
SCP,-0.3733835473857339,0.08164891683250476,-0.2697155049107218,0.34856107796511693,43.38021352614347
SCP,0.1983559780632515,0.0739800741125293,-0.2657530117190268,0.2792987331091977,52.48824805728953
SCP,-0.3542176566002517,0.1375663795180861,-0.23678947354498878,0.4164734609257923,47.327087567290704
SCP,-0.6545485782576382,0.11046263867874358,-0.2948426341337975,0.487488302196107,29.887197005127433
SCP,-0.3778012389935903,0.027711372303418257,-0.3976361302346416,0.32136752439734445,42.465649905101984
SCP,-0.11604154449608885,0.18177040884782233,-0.2547428612846412,1.5064398308539684,32.89020187746894
SCP,-0.33888677071418005,0.10471407033094011,-0.20097182348967246,0.4202238249029489,42.163575484630556
SCP,-0.10970918094515916,0.0636665282868073,-0.3385699384479635,0.38902334169076247,45.16206402789983
SCP,-0.4329509142795832,0.12087922810860534,-0.2678033365513575,0.4650298862706064,29.797068795391585
SCP,-0.1616227930943751,0.19949938991880653,-0.20836365759270295,0.276900770065429,38.817305834061244
SCP,-0.4044090687203722,0.07219277439171125,-0.2553016527964378,0.3456240861654149,39.49972552213876
SCP,0.1651799526440237,0.09923022873219325,-0.32900749914356187,0.5412489985921608,48.42583147197708
SCP,0.23759495943596665,0.12478345474118695,-0.36999938486217304,0.4079578534739304,41.580779330608244
SCP,0.3853696162746256,0.20917738261614263,-0.24798468254116074,1.4939181772445225,86.88540631769729
SCP,0.19455197136225263,0.14991466982452573,-0.06653834626652422,0.31775415967652,30.793685116029927
SCP,0.3087759667012172,0.19527825279578997,-0.23862025077564852,0.4799648307737228,45.18632622178217
SCP,-0.5237797929437764,0.026089388643832055,-0.3136107543013019,0.4484352621867821,43.558258323996995
SCP,0.0805736225518501,0.14862970305494844,-0.33986543674817304,0.49176425353147335,41.79395199545813
SCP,-0.21720098697733675,0.08980219075070724,-0.19218968792082983,0.2964989770917976,44.65805850154718
SCP,-0.3666575770124212,0.12335696925639154,-0.279373202801909,0.4555866301628846,57.388375997415196
SCP,-0.0875448946325815,0.11005245865100952,-0.3137103506018056,0.5075965044991322,40.39352733254227
SCP,-0.31547734998995813,0.06976691428962431,-0.24111554436539162,0.3988288533651019,34.00031267989967
SCP,-0.25048179036464324,0.11647810993616856,-0.30406860896723853,0.416847614542351,53.30608121624822
SCP,0.1843678315517817,0.1551056304240205,-0.2504952433135166,0.4674765302730753,58.33052575206413
SCP,-0.5823680756827023,0.23359062333282127,-0.09115460170064633,0.6405633135184817,29.554808860040943
SCP,-0.08951615537651222,0.09279329584961309,-0.27535192053882707,0.2552759244946369,52.761114029373815
SCP,0.4283457370573555,0.15102611179154998,-0.20111315558596152,1.0193229792410154,47.983158865922384
SCP,0.21550843933661318,0.2356747501318576,-0.20356008104290454,1.0332070450254491,40.54848437526023
SCP,0.18557638981662805,0.13170011692692368,-0.2770099105544198,0.43202042349089165,33.79086660182947
SCP,0.40962413245313345,0.05621001283571865,-0.2333908680781251,0.4315787175340843,56.152095990193885
SCP,-0.0926430845389143,0.18291415366543504,-0.3788822931995125,0.4398404168226487,42.94753981364728
SCP,-0.12824278339294953,0.17149614861773127,-0.1459450707593257,0.5073619378460226,37.70457945470902
SCP,-0.42788698224263255,0.014312245596159064,-0.2760600803401431,0.42086485444300403,38.247637405519626
SCP,-0.10606720624368565,0.08268519968177866,-0.3165528332640858,0.19374140221304864,44.21899399148549
SCP,-0.09210507369740947,0.11744105077877269,-0.21381422925953858,0.3764442531621943,42.081325116653005
SCP,0.21585322778282262,0.032994829240884135,-0.11237109890347247,0.7905474260778469,77.97138151909027
SCP,-0.1440195151970487,0.1759488721638915,-0.33742232653247134,0.4085660743352037,57.26075638834392
SCP,-0.11633591248022727,0.07871837172649165,-0.04813134552057232,0.3185000947592331,45.907462971806204
SCP,-0.27583573121907046,0.009500963049077889,-0.370932934896584,0.36732471097787284,40.85594787557676
SCP,0.1716958393558239,0.21546269650350552,-0.28793988519071395,0.5004513518083205,50.43353244333811
SCP,-0.3807761163735701,0.05551901582273631,-0.20173270011902764,0.4468374772699846,36.321961010267614
SCP,-0.31529923320886305,0.028547192833775093,-0.2407660088044051,0.3887385135741382,36.17993725506751
SCP,0.09514605721182873,0.058588408681479055,-0.263363275320406,0.3656556002242328,42.35049836680491
SCP,-0.1110788909621625,0.07356957631008838,-0.200348414809211,0.35011577480352374,53.39426189925604
SCP,-0.3802768460875279,0.09864313350776664,-0.35610429890660256,0.44405271481499003,38.293493091664914
SCP,0.3638956433399528,0.09558134898842491,-0.21480044582707034,0.9913604392156725,50.90303000498204
SCP,-0.3888927830491861,0.09143002074748277,-0.022027783568365288,0.40900198872536797,34.71483096998531
SCP,-0.16902999530453927,0.13297265664378638,-0.37022027779948247,1.3862761019967684,78.27252866358708
SCP,-0.3728969275571575,0.05374978361760415,-0.2699896382777902,0.4392471588088933,37.010953466786965
SCP,-0.4960523601568034,0.02502665764711335,-0.3069917813312613,0.3104889424297814,41.3536304219129
SCP,0.21763533217419345,0.09246916120052096,-0.17930773720659177,1.0244252530619775,50.26749247134791
SCP,-0.16293497776222904,0.16899412521710083,-0.25255729429045376,0.23577068185214162,52.409759919444774
SCP,-0.4185137866356832,0.09033669825957268,-0.1822335857187892,0.2586393989522917,51.983814755839646
SCP,-0.11970654638549932,0.19625612030315875,-0.1534739546763747,0.25238614971881534,49.30226438886184
SCP,0.24655307554437123,0.23604044522517,-0.265746993553347,2.0308926540139502,67.08763098541434
SCP,-0.4678543190896705,0.06801468907364673,-0.046325512784014276,0.5147819276610266,31.68097166193289
SCP,0.48066381932721247,0.29193892093412466,-0.27992687736759003,78.79727322298778,3009.019889270045
SCP,-0.7110527118747455,0.161980083038822,-0.0562978764563526,0.46274195435363086,42.567838580455586
SCP,0.36411284580456565,0.5438055069196341,-0.18429634575146064,2.4162553348688167,127.59946313422304
SCP,-0.17641397067586398,0.06597972755930616,-0.20527236916562852,0.4299832701761521,36.268336439185305
SCP,-0.34368821874557665,0.11675487923017984,-0.15765622408211555,0.43270166879816097,52.56480331571482
SCP,-0.13492920993787083,0.22169935071309407,-0.31451457964781815,0.23011706507583832,58.00561519592826
SCP,0.11164452188794519,0.0008233649620490406,-0.24582391096593356,0.2773536351920285,36.26718745129773
SCP,-0.1365123517332667,0.04606530355158693,-0.34732068219681633,0.3737896939449167,37.96841718017304
SCP,0.14207459833734248,0.10245732796207145,-0.33869616082520604,0.39757691209004037,50.89710224628543
SCP,-0.15390438293460193,0.08224593818015694,-0.2791582605751865,0.4157644375848504,33.440181956727415
SCP,-0.40772098239050725,0.0463968995609638,-0.29017863256681425,0.425826648510994,40.257208953213784
SCP,0.12710945181246924,0.11437502900917411,-0.3310209611790705,0.25918436725721405,49.214527281870446
SCP,-0.26759435432895334,0.22765373574630715,-0.19610384620796165,0.5102693557572274,49.693640327493085
SCP,-0.28768233874569754,0.14367074979806532,-0.16230657085207925,0.3563297266168359,33.86097229091731
SCP,0.10500509336893571,0.14550952610368872,-0.30112138005203964,0.3618335108254942,35.23624220690091
SCP,-0.3103803814267684,0.1471968937091723,-0.26196831265370574,0.3550784475706521,41.92961471364103
SCP,-0.1921713428188242,0.03111443923834518,-0.30851422232372067,0.2724316245750753,40.43981694079997
SCP,-0.1857080931838758,0.10468836543351041,-0.2607104269633074,0.34082331917340086,47.02761252754759
SCP,-0.33934342240424853,0.034190815471885565,-0.30921805941498937,0.36331035250837496,40.75379116973335
SCP,0.29045797753433883,0.11412009815203257,-0.2638957309260589,0.4394870288152888,36.23146975330749
SCP,0.1451496068786663,0.18680501455210147,-0.2643356027572555,0.31824119725208055,34.28640826980835
SCP,0.15987954439506646,0.22224264071554267,-0.27412634861741947,1.4294386804877393,96.47581538912773
SCP,-0.20026410673865896,0.028281604727193033,-0.12192166002652013,0.33004448113884505,38.55040582364896
SCP,-0.3516825614309997,0.05454774303184877,-0.37501015667266346,0.31898354549873814,47.42171721085959
SCP,0.24770530719201936,0.17315314444341853,-0.2636512884477443,0.26739337052390477,52.62394322298724
SCP,-0.3221195183044123,0.10774698338656366,-0.07657855578835042,0.46759983434544367,38.6352981718664
SCP,-0.22369031840635023,0.2433484202405062,-0.1842579002084324,0.45815642926866756,54.7321685506613
SCP,-0.21905179252214674,0.05624258484702849,-0.23143704820662145,0.41296822520380416,37.57983801402427
SCP,-0.21561546993885056,0.2491097681198438,-0.2914206354080158,0.5741878721393477,64.51619989655912
SCP,-0.20387154830686988,0.01777881535715658,-0.3389470730544849,0.28100716284209565,48.88156378772042
SCP,0.22643400130675878,0.08855852618184022,-0.18139111750582076,1.025731456079295,46.782223458951634
SCP,-0.3566670094290093,0.04241949609721316,-0.07276902687797811,0.42546736068462776,35.056176117366
SCP,0.07555587580285383,0.21042662823954106,-0.08487387366952859,1.0909482059281936,46.07680647743056
SCP,0.12402636293194651,0.2121211680563147,-0.19895801755552966,3.7286675145904775,185.69204546171275
SCP,-0.24862652432044058,0.04882157390627896,-0.21183380248672248,0.3275846119170493,32.34965348142521
SCP,-0.23140560116146552,0.06933371259447824,-0.14053679133791422,0.4041226951155863,32.26699270014913
SCP,0.19092111065926237,0.10560832464865608,-0.2770008981545672,1.0574400230099106,41.2523947104279
SCP,-0.3189963129801989,0.042930816839172437,-0.33669533786991035,0.34200609177835395,36.37328475898748
SCP,-0.17020023925396832,0.09687770412959115,-0.31736987977883385,0.2659874436648028,57.384031264491774
SCP,0.11361662149791406,0.1900964922020602,-0.16208232102059514,0.5305528423131692,32.399670329343174
SCP,0.24218597688978766,0.1700833009773176,-0.29465308447786215,2.3311711090493885,134.95765145827735
SCP,-0.07445044445703972,0.1259851283965473,-0.19011943941212808,0.3371184330012511,54.55330616209779
SCP,0.09999426440481546,0.1507277340976887,-0.3252358582651173,0.31267143918350315,51.60173551807602
SCP,-0.3620988053923528,0.2782881277327152,-0.2960821588128337,1.473971484080384,94.45256739925841
SCP,-0.5104773026882392,0.15678887463619487,-0.09502759820999042,0.511360983176878,40.89879611974024
SCP,-0.3594069899532952,0.07992612992662665,-0.3009895528769637,0.36702414537506073,43.41509177200024
SCP,-0.33212116823117493,0.060859130149267956,-0.27906552117511585,0.3084248730246701,36.5396571443908
SCP,-0.07853935218600305,0.053495819238892385,-0.238991492114185,0.4184944342036087,39.142869246506876
SCP,-0.3930321602421373,0.048074263584532324,-0.30195368234563896,0.22205953450038088,46.126998533455605
SCP,0.2501227049103403,0.32570965225472126,-0.14032668165139775,1.9546779928568632,60.89308058898648
SCP,-0.37850252821708763,0.02975830142730253,-0.2754690448292284,0.32903996597161245,38.27024868435163
SCP,-0.4374479425791754,0.03852581532934032,-0.2630807395145585,0.45406707784377126,35.75780732617902
SCP,-0.22576298123497907,0.10841912693913631,-0.2555819616736986,0.3675695748986799,53.77836343070005
SCP,-0.17063263836228607,0.11142091614089038,-0.3329881295059364,0.23523395131095465,60.337686842914856
SCP,-0.5282186657228716,0.024025492863858716,-0.1807436486179087,0.48752019032638283,41.87242572430534
SCP,-0.23997480555880996,0.053800730765461435,-0.288589982055507,0.40341966059146095,33.811562315055106
SCP,0.3562680215983808,0.12137219575548064,-0.17100573924346124,1.0178529378554797,44.24099030431261
SCP,-0.35784383238511236,0.033365020315598556,-0.4568266413557241,0.3154438043787601,41.68750099826321
SCP,-0.23580659547710375,0.14304207068887928,-0.25611606728677017,0.4350471683171477,43.53472800913622
SCP,0.14308045942988373,0.1761708864446031,-0.23142689034646374,0.30408246522880183,37.79820339353932
SCP,-0.06065251702858188,0.09321398410515912,-0.3033969228362468,0.4438012999673336,42.93248207147465
SCP,0.19557867942285423,0.2933408011100025,-0.3303673810660045,1.4685507121110937,108.16084625078885
SCP,-0.4631912055957469,0.06169569257920223,-0.40816877749494646,0.35639471426974395,43.268771413723286
SCP,0.1652863643213069,0.18728340611543512,-0.2959445180082521,1.466967323345697,63.633260105486535
SCP,-0.45970054154911244,0.11616739702273333,-0.19037264199755757,0.45054267946966714,30.4635798739905
SCP,-0.09239897312508483,0.16415360382106572,-0.3466603064117236,0.39083576125184305,29.593434591198847
SCP,-0.24128756666071619,0.06359925909695399,-0.22060265333478396,0.3098662524374256,41.15872855750057
SCP,0.034789074322040085,0.07841404200909771,-0.2813459295553679,0.40301988763145014,54.21138882135094
SCP,-0.563215617607683,0.03677074425784681,-0.23194724836843644,0.38462565879761357,36.965321841502714
SCP,0.44715022171813423,0.10863042816353144,-0.23535156400100218,1.0067840985766008,54.93895190662281
SCP,-0.33564071082723634,0.07417723654754707,-0.25090772371940523,0.45017609545940623,39.63415759168386
SCP,-0.37318432405548285,0.11066893242481621,-0.06977358866531869,0.41307736867626427,40.057997360531544
SCP,0.387943831952651,0.0876231444430763,-0.22966449039738876,1.0436106402442535,52.95560231221687
SCP,0.2606917902100463,0.27485768090681045,-0.2819691333597913,1.0926044109867314,60.9783007885912
SCP,0.10093997225038702,0.022461605368002905,-0.35280742158440265,0.14245170674942825,47.354066018908924
SCP,0.10794468162455545,0.06416730638348636,-0.2938143708594012,0.2903896687202272,54.694494390306886
SCP,0.28539537839227647,0.008874563330649194,-0.25750350002980266,0.20122377323073984,40.94092232039772
SCP,-0.13675599722087542,0.050251967340173676,-0.2648298926996515,0.3678137219868261,35.266279312841945
SCP,0.08987370941305482,0.15237303443921776,-0.2711986862362966,0.3456367734655162,52.22564188994376
SCP,0.33030225004971103,0.22302037544107214,-0.2913068558969131,1.0993252613108093,51.40665440840782
SCP,-0.2913420054678059,0.15780373062894887,-0.10639318861252624,0.5096086794269754,32.408216970090834
SCP,0.4036122031281494,0.10290101038298545,-0.24201901300947723,1.2261841672152132,92.37947798502141
SCP,0.2292714616906013,0.1451575449832548,-0.29075947897775617,1.0715708327954205,45.92657205295248
SCP,-0.1369564384864005,0.01728367614278372,-0.23648054580365752,0.2278299093251265,53.10006505207101
SCP,-0.18145670218788584,0.03982116243814189,-0.3704551685949098,0.3547818171760868,38.471223929093185
SCP,-0.35570530133276035,0.13865813267598384,-0.23250281776741066,0.40203252026011166,56.29306424935962
SCP,0.0443465208035782,0.02143830869387042,-0.31240530241784076,0.33824412055924996,35.178359040142155
SCP,0.3706625087262079,0.13543634484718853,-0.2039922709830208,4.000818150927579,159.11601300286756
SCP,-0.17652174463349396,0.06943400181279669,-0.05633061495412822,0.2861052932658979,37.40109325583762
SCP,-0.0784487481685111,0.09383415250451749,-0.20432525184034692,0.34654872644891904,34.93735388839916
SCP,0.2011436150502216,0.3294989729359544,-0.22168406133677182,1.0595699878697884,58.60571207349573
SCP,-0.10960221522521751,0.025035660791634655,-0.33229085208784,0.23319269250000157,53.78891700577456
SCP,-0.1178747456758141,0.15395842109359723,-0.23713579585610017,0.5279722946996427,27.605197195227536
SCP,0.10870154364610166,0.028710493420850636,-0.17735789767002033,0.3459448814783363,37.581512412446116
SCP,0.07691268997817752,0.04530817069783529,-0.33583561006047213,0.317511989492906,40.51457872744998
SCP,-0.2828221784428144,0.34739326409633453,-0.2513533367478486,2.101915213598325,69.43539246346401
SCP,0.1804921318132156,0.09452575072036296,-0.23725944699821377,0.36593585789968713,52.65683596373489
SCP,0.054729267979117376,0.09183073507298453,-0.21702327482600958,0.26516660057278274,52.59619660950487
SCP,-0.4873020767650011,0.10686982928942075,-0.2846806781709741,0.35366365311689363,48.54928798397507
SCP,-0.166732055769011,0.06017502173747537,-0.34828724845313946,0.2955277346301375,41.102671328967546
SCP,-0.09687246826713206,0.23279108353774558,-0.3072464382115119,2.418137807002802,142.00040004995938
SCP,0.4683344689849247,0.14979741479186925,-0.23676325714313246,1.3836318466091209,37.748001765965704
SCP,-0.3891619844665948,0.08154784241919581,-0.16482854833359126,0.33732879516777486,46.86004603672865
SCP,-0.12779908141898094,0.09118718829088655,-0.16858808002877881,0.4654869113274878,42.356829618030254
SCP,-0.6873400733182377,0.17504882398565186,-0.13692841663371857,0.36103146372606715,50.75227750434098
SCP,0.299129458093542,0.152769694859117,-0.11694231527470385,1.4015488820335285,42.690348342661665
SCP,0.36405423041501295,0.1244069752450638,-0.1321546766247062,0.47402479624428456,51.89024091996094
SCP,-0.17621050154719342,0.02767926953382623,-0.24473281605874758,0.5329725467894719,64.92247789486709
SCP,0.2025814372823753,0.28750720105843214,-0.25699676832707014,1.5542288177710941,36.28517288656536
SCP,-0.13066887107339117,0.2635973407773468,-0.4249577107370759,0.3142869348977694,45.35031987202787
SCP,0.1692338108886441,0.21577504721443566,-0.29535489783893487,2.375575562792742,130.3962987045494
SCP,-0.14206227162968216,0.13515156224637878,-0.1396534302478864,0.3796947825498386,39.61274433834947
SCP,-0.3653788759544351,0.03842510325681925,-0.18253674735487507,0.35108702212325954,42.3807504395151
SCP,0.5157639823326816,0.17182683291996131,-0.20727044966493935,5.288286065334301,238.60535004452115
SCP,-0.08407849561587742,0.07741790889913262,-0.3142207336514692,0.25272159213996476,57.62768944191377
SCP,-0.2129753565845992,0.26639436501303043,-0.2696959348496036,1.4014399377670355,76.70428365479036
SCP,-0.08968874554515277,0.059236125541254445,-0.16175138361587205,0.34803117566278996,43.10010078782915
SCP,0.23080483857261802,0.1584329349295999,-0.2335596408002608,0.25718866610752905,43.83544948630486
SCP,-0.28013443837041563,0.04978690195213496,-0.10180728929794822,0.4538725212591418,38.63300220167037
SCP,-0.47295033023436495,0.0486754434351892,-0.2714707530818986,0.42345072008092527,39.54573427815513
SCP,-0.34580553466546493,0.010988797804198832,-0.3688795756921829,0.291297698168385,43.27476440925768
SCP,-0.09195501107094053,0.22465195857003667,-0.27178448534317257,0.5203956436061223,44.092867905855194
SCP,-0.33032967719470574,0.20349679946415197,-0.2605560601286099,0.3272209203320363,35.51334475147089
SCP,0.3297414667560231,0.10439649927725103,-0.26138253309278575,0.4581831564050996,35.62838844434728
SCP,-0.6576639716753019,0.12053113875171577,-0.13312066915566514,0.4205581892589717,38.16485649600214
SCP,-0.6204999407321325,0.11926301329370588,-0.17938834688782038,0.41730613389385196,43.13474472328205
SCP,0.2244884878801286,0.4789957978951752,-0.22932606102843667,1.4861484872174018,54.80780134806257
SCP,-0.3163027139366469,0.0462011042554423,-0.29045925430796665,0.41511923392578465,45.630306627569155
SCP,-0.21728881658466498,0.07740894619105683,-0.29505813879548837,0.3821313386713206,41.2349084546534
SCP,0.2691226282763946,0.11410347492750472,-0.3379494491129731,1.0871529519978904,45.71905157648954
SCP,0.21078960711199862,0.22453954303338527,-0.17703296732171378,1.4340007231344885,104.9294737348659
SCP,-0.19799745106854455,0.2731188958286138,-0.22847644206319817,1.5215731013548965,109.20915797562131
SCP,-0.20949673972013672,0.23094784110268055,-0.22738799179127536,0.30331754885874584,60.7512597169501
SCP,-0.07838985846042798,0.022209674502432625,-0.25681573437978805,0.3379239433221052,40.725715849897256
SCP,-0.49478932322416036,0.15463427673121402,0.08728056180144572,0.38768670319083287,39.383580658547245
SCP,-0.13860387056056017,0.14435524746539757,-0.25300309102890073,1.4514136781927671,60.20802462277109
SCP,0.14416528449223495,0.0475480734444425,-0.1894471449841952,0.27231057463664277,36.01332368670913
SCP,-0.2871988456164169,0.05348825007084897,-0.21059215481101018,0.438406157241649,38.27721231776699
SCP,0.1894552727752467,0.09186440797051094,-0.32024536327322084,0.2613293860542944,47.03787480753253
SCP,-0.26047957990111426,0.1012617088258877,-0.16872681589647223,0.42599177232287366,57.28666840187738
SCP,-0.09977269817550188,0.1668433910376177,-0.16266376461439175,0.4635938205715268,32.177615339840074
SCP,0.18770234070096797,0.11704546052613381,-0.21953179628726077,1.3561666402200816,99.77990563779368
SCP,-0.12399666493945699,0.08958056282504452,-0.3465200022404327,0.269455085929971,57.39290521608079
SCP,-0.32611145861808394,0.055635521650990324,-0.20766473211792424,0.3466626831838821,55.564424694180644
SCP,-0.3238090202879904,0.16711703916107923,-0.26032246565836176,0.6585541055292709,69.8870901174682
SCP,-0.3447336129728378,0.0765954686230966,-0.3738275924255631,0.28364068818888477,46.15849993406801
SCP,0.17420435815580065,0.29458618602043424,-0.23812154243034947,1.4392895393468197,107.93740864369563
SCP,-0.41330209611343205,0.0320102059929885,-0.2968459825729369,0.3148940473116678,40.30535896575235
SCP,0.17420666027263143,0.14903595852850532,-0.2785733051857162,0.45236044433882555,51.31001144647975
SCP,0.041734960153166016,0.025721898024975133,-0.3423800999018424,0.2450284206035943,43.56531403513322
SCP,-0.3605764710890632,0.06735292136303182,-0.2129617583083958,0.38836116886095007,40.668141201544415
SCP,-0.22988548900030858,0.05400135417990285,-0.3140645035686456,0.2380068328427017,58.844895241541835
SCP,0.2918682938024948,0.15309202958756563,-0.2015476582450157,1.0736807174803245,51.160101034704724
SCP,-0.16922764025170567,0.1613069485765084,-0.22193717699175364,2.056647849037187,80.46802381520264
SCP,-0.4915971146166546,0.11128311073352264,-0.25981441710346576,0.43891326029416755,33.85845693901965
SCP,-0.4512259405806409,0.005996746950192644,-0.2494448179078597,0.40234104193880854,40.0477736991866
SCP,-0.2448653240115773,0.06916709554794055,-0.38321117931447246,0.42280877426372077,39.70855231258129
SCP,-0.07439290795771736,0.03063732125665606,-0.34629862431433867,0.3218070380829521,36.261424204228824
SCP,0.19646705258089203,0.16207067112916157,-0.2549594474352193,0.53924972617333,64.15136228740614
SCP,-0.5297899885908948,0.07313186825322691,-0.19043575669296897,0.4533900667807661,46.7646394028093
SCP,-0.15038099964059648,0.17007502333400293,-0.24862615034751215,1.1151294671559735,54.21087567457411
SCP,-0.2674969546591083,0.05161265639172787,-0.19129576853126107,0.40135059865405665,33.60682647387718
SCP,0.17835986683774332,0.3548163998493278,-0.29130584387376973,1.1230263033188868,59.833329979933026
SCP,-0.5315994212127034,0.14894537479584447,-0.34752477400961457,0.3681245875014926,54.251739580440855
SCP,0.3777444897409924,0.047252998844677846,-0.12007673212603459,0.8266693572564641,77.49812508647109
SCP,0.211796950600589,0.2505712932368605,-0.2846046011329144,1.4404915788476347,100.15640981797894
SCP,0.1493066785863802,0.09707453702491134,-0.370593967691236,0.23031702041311053,44.74540380265011
SCP,0.22002845577813313,0.3297529342245844,-0.19038492148421146,8.639417051581813,22.67353809543684
SCP,0.4042415643772722,0.1978245855564628,-0.24892086721234444,0.8940662097134863,79.36706698359328
SCP,-0.6160170345842207,0.008173790824218327,-0.15806693478454598,0.4233256551124668,36.43471033898264
SCP,-0.03231611310289485,0.25855532753244653,-0.2926178125595024,1.1499329050875988,59.51559068062548
SCP,-0.5774296560482969,0.07992765315070209,-0.22479578493273047,0.31312965403490056,43.7688217113868
SCP,-0.04995662501095608,0.18265359771175146,-0.4068648573542967,0.2549061060605413,38.84226167023841
SCP,-0.2535589804401046,0.08029377788201153,-0.22863960226432595,0.4061531793922703,45.31340116199195
SCP,-0.5158209271036632,0.23628418109054103,-0.2120342181059368,0.4495616251910844,49.82135712865919
SCP,-0.5028999961262518,0.1979544736953418,-0.30920201529982433,0.38033169971388187,34.889949021314735
SCP,-0.40080661352143726,0.09914572810054426,-0.33784769291044037,0.24097302987069172,46.5765626495277
SCP,-0.22389134278543665,0.1673140002424423,-0.23386850322884134,0.6230612448382085,68.37620764832691
SCP,-0.34448611639280885,0.01699766955509262,-0.3590683573426218,0.37202528791819917,44.24116050793737
SCP,-0.32415763382939455,0.2972138682160978,-0.12702349117432973,1.5617388812456283,106.3727255021888
SCP,-0.2994620355469277,0.061086562174019324,-0.36242104983409534,0.3617803759480547,40.03294672337452
SCP,-0.10206011940353801,0.17200702959394398,-0.273157086047515,0.9213244478103263,84.45689176489927
SCP,0.2672448562064714,0.24738740305788404,-0.226734495590514,0.5645734250475144,30.089133937819568
SCP,-0.07060013346703248,0.03671267698256823,-0.36430936131681374,0.36841669579049957,40.82266611774632
SCP,-0.6189419459992817,0.1485399544137856,-0.06893060848616418,0.3896536502461217,32.84618251226507
SCP,-0.262810109632378,0.20739295372369404,-0.19981344283467894,0.2705005173186228,59.48273700759418
SCP,0.20982438024692146,0.12367319071103404,0.10616703004089723,0.486345580855556,59.03180431302977
SCP,-0.3834389805862297,0.14139761195737427,-0.2102151376636648,0.42580024334351557,60.39801216312279
SCP,-0.4976262498308155,0.036768981016235075,-0.1831353604000205,0.3814214609877549,33.11418273618441
SCP,-0.582311817415454,0.10952817349913595,-0.08289042439096385,0.4942516310219559,30.346537931017757
SCP,-0.10058785087635055,0.20164810825511775,-0.1859281952542721,0.49145269330056957,55.843215269154186
SCP,-0.21405457096593183,0.08155426675607644,-0.1830831697737517,0.4360442622160079,55.0204222534483
SCP,-0.44973668647351406,0.06486685320147521,-0.3253768909136736,0.24171139505562111,43.48250384750767
SCP,-0.2890470171551359,0.11582615303680696,-0.24014789202058892,0.5163406815486372,34.01973512971079
SCP,-0.4063790341392238,0.053718041473836374,-0.26209234086276456,0.35413323580715345,36.23888280142605
SCP,0.18477411743173514,0.11022382658108212,-0.28968318408906507,0.2511141300941246,59.252105574242364
SCP,-0.13970217903706755,0.059934076701615435,-0.21152223582096163,0.25374636465086253,53.462906859346546
SCP,-0.3243126985129667,0.04990430509615075,-0.17401619772002477,0.3682331611710047,39.003830948255235
SCP,-0.4965588194760788,0.056058671171230756,-0.45826762260055937,0.3337393361702818,39.66357422534329
SCP,-0.278654290489309,0.07949097223830617,-0.22812244844042392,0.303983549003795,54.95708011396732
SCP,-0.5525711364382236,0.02754573085890772,-0.31831159272380943,0.4389738534802484,39.54619298011086
SCP,0.3859621425517539,0.0656592204355046,-0.012810010288317837,1.2793646303711983,89.77746296642493
SCP,0.1317979132180574,0.050640639863403634,-0.3204559438000571,0.24267407940941463,50.25763461275657
SCP,0.11647707328821677,0.030492019941666965,-0.20388605779366595,0.3147634464421611,35.07678767073171
SCP,0.3168130186403096,0.14644111850239916,-0.3220239859476512,1.5139762349023518,88.55658044704931
SCP,-0.26797461992493565,0.1303330299499943,-0.27680587672046625,0.5071498225939626,37.64644504978035
SCP,-0.22318232107200375,0.024998158114792272,-0.16256577009482473,0.29016870677718576,44.4318483503295
SCP,-0.47194702865163995,0.06008300023862403,-0.2381274019528804,0.2629632608219801,40.992262189932546
SCP,-0.606230802766052,0.1295431241877315,-0.18353346643955865,0.41929326170330455,34.689051577755556
SCP,-0.4951236779244913,0.09384308637521124,-0.35031795682610656,0.36146954511656393,44.18380253565617
SCP,0.14418367042965455,0.0875681249241402,-0.25870806995488915,0.23072936463198115,53.63597019574533
SCP,0.28711448596341504,0.18341289688454618,-0.20809400000816106,5.255951741496494,231.11935918945687
SCP,-0.3896631767849748,0.0678714555673355,-0.2121653300714633,0.33786010798878297,48.47510387403922
SCP,-0.08952211996801324,0.06920187725232037,-0.23212521837376107,0.2131879358132143,43.30595846442748
SCP,-0.20571518930859756,0.2751666958946413,-0.12071643405420225,1.3813608921828275,107.93583769688624
SCP,0.37876983624077454,0.13983689834731566,-0.3190732685132774,0.3169544315507404,50.45351913400748
SCP,0.06305310892144761,0.04244103296507161,-0.342320991460005,0.2583570017582195,40.58251112534882
SCP,-0.4857250866971099,0.0616770554109754,-0.36595322887798043,0.26623587433569235,41.24915024613417
SCP,-0.16918441565812653,0.2371417527379692,-0.25676198265838124,1.5205321276696107,77.81040338002637
SCP,-0.2570518393001643,0.1379569021161558,-0.1487097785326019,0.3647434677195076,42.44056438856143
SCP,-0.08329719114101913,0.11495904548785903,-0.2918808497684777,0.921389198600867,84.98301522503212
SCP,-0.5044512928736784,0.19910674154741315,-0.17231544494135181,0.3197012706171426,40.0826646222468
SCP,0.17464527879541245,0.14950664564141206,-0.23123716670687738,0.5927298765056194,72.63231268372735
SCP,-0.34324696196891313,0.03424010510503116,-0.3253150604641962,0.2392978254762036,46.40318685846479
SCP,0.13678351769048916,0.11986545510255771,-0.17006669910938357,0.44468846721632516,68.71860879317387
SCP,-0.3124713617710358,0.05861463940462612,-0.24962416677502086,0.25773636884018375,47.86141430707399
SCP,-0.36733637111177736,0.0598945068683423,-0.24015499197933501,0.4274667012838542,28.979039128514962
SCP,0.33614677083554567,0.2714406886536012,-0.2299596520949177,1.0402302739261786,47.85864974422773
SCP,-0.19810969642059162,0.11224047890917495,-0.3480108619205729,0.27320113354444847,35.13082701039622
SCP,-0.37301980310607763,0.04356064934349089,-0.12939572722942883,0.41188323290148077,38.33713960085905
SCP,0.15977201745962785,0.08030129987567605,-0.10818841487147894,0.44195923367195056,51.32853421416802
SCP,-0.43814773712025923,0.05872026489923131,-0.24830170733366577,0.23335841966408144,46.19203494246808
SCP,0.3122254934768087,0.16604018075202592,-0.08270200628467372,1.412103872198536,62.130637066422466
SCP,-0.06792598212917761,0.17810152697505502,-0.12606080292799865,0.46875306494247926,25.98591603825495
SCP,-0.7179415543625289,0.0663090795467843,-0.10661981427975299,0.5347413496331909,40.31592684493137
SCP,-0.3202259338532466,0.08537837534355047,-0.31852677020039055,0.3604136441936152,32.0276132607675
SCP,0.09207213839049865,0.06385427738161807,-0.17175287524848196,0.2227844220833695,48.31823692726884
SCP,-0.48718574699940576,0.13292510246354344,-0.23686742200922048,0.40317048318292764,32.05360427764181
SCP,-0.16705244933721386,0.08214766707201582,-0.3870354734303804,0.3496675678959075,50.276241795572815
SCP,-0.19263180433228194,0.14226378037295867,-0.07818135468296873,0.47638803072303504,33.10190685981142
SCP,-0.14037565089049847,0.4365649908569912,-0.17272340532826977,1.1571227131696742,64.84357771349454
SCP,-0.36647638091977663,0.1884830480513386,-0.005350760423378834,0.460199115536758,57.77340725155107
SCP,0.04597083182991103,0.062171347343179376,-0.220021561890201,0.2587837374491319,52.4348006150491
SCP,-0.1436967746274456,0.1582985055204297,-0.12324438105489922,0.3783849293116785,32.49575429504806
SCP,-0.36280307760036523,0.080430734314399,-0.23564683189545355,0.3602222363211583,48.7161435913696
SCP,-0.12645006290487726,0.05408397342498039,-0.36949072425246055,0.2703699626870791,37.84640945638993
SCP,-0.18714925324405954,0.0328349140468215,-0.23040357711759196,0.2853496518743934,39.41143691391888
SCP,-0.41738979715684493,0.027112143062384714,-0.2626079466567462,0.3569940235485524,43.20187647951097
SCP,-0.44984371855225924,0.05119753931643919,-0.15766413977304528,0.4248353133817563,45.754432520291545
SCP,-0.17188448916853225,0.21996372734945818,-0.2550812849050542,0.28818019158137687,45.451027993659366
SCP,-0.31396120653685966,0.031080915349232442,-0.2753303821051251,0.3295494316746022,45.467285219514494
SCP,-0.11443996964770087,0.07979780720929834,-0.324656267329165,0.3645670354709091,49.99229985875946
SCP,-0.3082880009759169,0.03397134606090033,-0.2721525730760008,0.18625689360042624,50.67818852419948
SCP,-0.13604150286534694,0.15367995678113616,-0.1671483403497407,0.38871802677721257,26.489626322454324
SCP,0.32110883211208374,0.09535965393007802,-0.2131483999775013,0.4915408295702369,66.12008717906885
SCP,0.09922237185848837,0.08221748348812978,-0.27162811283538973,0.30234999231292226,42.56833529124883
SCP,-0.352518266863047,0.19041000593332777,-0.08460470639525296,0.4462685671248237,53.83194616409305
SCP,-0.608393954804689,0.05912068820840579,0.044812326880466595,0.4710677798213379,34.41290255846358
SCP,-0.46340238255157323,0.09362609302080456,-0.1945835278289456,0.3027844948554767,35.8408613999785
SCP,-0.20698030657440825,0.018118082530639325,-0.37968190900271975,0.39302694616445416,42.7423334247956
SCP,0.39074271356661017,0.02959644609837982,-0.2460279461999234,0.17852998496989952,44.057728277220406
SCP,-0.2755078177987371,0.034910461384309234,-0.012796068988893933,0.333904367423829,46.759026792298314
SCP,0.4121847395444885,0.14348432668699498,-0.07315258558798056,1.0757812669327524,44.178430007799086
SCP,0.3379239298887382,0.12425321384655388,-0.20964347457759855,0.37322910149896493,48.29726572132825
SCP,-0.24896441746135622,0.045374155381381696,-0.05682433574426231,0.33534114457735553,52.230673526844896
SCP,-0.29972046176191713,0.027698991182256688,-0.3079995320181929,0.24763464319261627,44.778835796825625
SCP,0.24593125288036538,0.06745503971109339,-0.2772913164695848,0.4635615376220272,63.565328669218786
SCP,-0.46521122852625985,0.045169438330825706,-0.2247081364926132,0.42344801344550415,42.00525411205644
SCP,-0.3418526918137956,0.057583771320471364,0.0015345635395161003,0.4101068871671101,50.90770479350108
SCP,0.14590488232510201,0.06666734415937008,-0.2677129732144422,0.2087978292146041,57.140567767578865
SCP,0.1924056542472679,0.09179608689812888,-0.3142144831023066,0.33175704549249585,40.8275859650967
SCP,-0.3313547783439157,0.02518401047859669,-0.2923852978318422,0.18447462145759608,53.21117335981138
SCP,-0.1539125403665533,0.022114603459255706,-0.3193937309760137,0.2848292515768958,42.132794743545354
SCP,0.09388267171486445,0.07649303978483862,-0.3261697489664626,0.39732451986680406,37.40870066308768
SCP,-0.35163183921568836,0.12794327092721397,-0.15248850045390172,0.39234369378125233,35.03778949933367
SCP,0.08187137014615473,0.1849618939889889,-0.16834273185871917,0.30141140506905584,40.736134357491025
SCP,-0.43520968478230515,0.10727947796074877,-0.1898895474173485,0.4494473724068971,35.395651537769155
SCP,-0.5116083638916701,0.050119735139347865,-0.19521560273480348,0.326943507737486,43.95081997139638
SCP,-0.2654519453502534,0.1188373705351177,-0.14949402569695033,0.48597012489988245,67.47726209369243
SCP,-0.14078695340709702,0.012798964180091688,-0.27765531119245185,0.3333817693951704,41.824400032784595
SCP,-0.36834499602203497,0.07176657945731107,-0.4119259549599643,0.31212553203200283,35.33930593589156
SCP,-0.3367381563386687,0.012032426971543676,-0.3796788487778395,0.27157631640650676,46.78718233763416
SCP,-0.36962751235849545,0.16313811388753244,-0.15491922301199493,0.417815439333196,31.24734208702042
SCP,-0.48993547187588027,0.09646717430999424,-0.3408222402531181,0.23817588250047791,44.40140721048966
SCP,-0.34024763942852193,0.13655527552249475,-0.3635534193081933,0.33570355906709215,48.91535917127625
SCP,-0.11098694775829596,0.03469706624275949,-0.2592333631510613,0.37538401904112856,37.442179745948536
SCP,-0.18037231297519118,0.056621834106602265,-0.43394235598940767,0.3590525790551139,34.478694686211256
SCP,-0.4928338975580255,0.30167625283860666,-0.23461586082838812,0.472120693693741,26.24082971938478
SCP,-0.4752868375938937,0.059131231596389625,-0.217923551986668,0.2521495027029012,48.056506483377
SCP,-0.3742257997251645,0.07542001646499696,-0.16848425997649877,0.41694484401320847,35.67198207891631
SCP,0.22562718102438065,0.16636697705282424,-0.2565022842848794,1.1048936794215491,38.448032329980144
SCP,0.36911117364353485,0.3981807738793302,-0.14579291802653555,1.659516255889347,107.1400919428509
SCP,-0.3377150074940165,0.017430310621793767,-0.23889874560469326,0.43167709851701275,36.078364470987836
SCP,-0.1693524418819559,0.05683667302048827,-0.13398487921987637,0.3540245121970093,34.56917924360325
SCP,-0.24836751987792452,0.025090298606795437,-0.16531466246802587,0.4308669272104403,35.538717558526464
SCP,-0.20829574363563644,0.05678580471062926,-0.3977963637970713,0.3498862043552921,48.544765990703326
SCP,0.0916999304536623,0.2764262819545983,-0.19333585484442503,0.38375795381892214,52.39852577829053
Maxe,-0.14025452654938825,0.6823055154719668,0.09283235655184266,0.9639791319773419,51.87479964486388
Maxe,-0.8021219847891524,0.2327907202120662,-0.10212386689791207,0.6077883789735368,40.69404737713097
Maxe,-0.7323466315876159,0.17757117626302166,-0.012762675968630646,0.5700772282808431,38.809041492426005
Maxe,-0.3809617455926596,0.5255148528049918,0.11277014808051947,1.0895256177706116,24.41000410880651
Maxe,-0.08968880718889063,0.11329649584179098,-0.0342305911644744,0.38821989677505214,48.14474362061078
Maxe,-0.20706847570747797,0.742322978262506,-0.06731184659292966,2.612504576239024,69.01881742192239
Maxe,0.38307798446677405,0.08175041771505406,0.12972455381763998,0.9460117467837652,30.209145029094827
Maxe,0.1871234724015223,0.4487995003822908,0.08097400093464288,1.4299217527777806,59.83528424114675
Maxe,-0.5542593942028848,0.365657523538351,0.17351575362315702,1.5365016406659873,133.69295319760081
Maxe,-0.4305716026566906,0.47424928973769387,0.14204521787505547,0.6479295849157019,23.943464889034875
Maxe,-0.21783129707972762,0.3601208960152475,-0.029863590213982015,1.46686942579515,78.70018436121796
Maxe,-0.890728294222871,0.5632502957513701,0.2081501638579249,0.6935033676948203,19.886814223395874
Maxe,-0.1675163436470295,0.25319537000009085,-0.19486580803052617,0.26773492904501883,59.1861119192323
Maxe,-0.13604374594777427,0.11671444055308389,0.027474500851351107,0.45749694384545836,33.1200672537015
Maxe,-0.26192566867929096,0.13351694628856778,-0.20516601726180053,0.525589034917056,33.94600248637914
Maxe,-0.7174987325674295,0.7354215720458164,0.10491039305699902,0.6104715704129937,20.27285586753637
Maxe,-0.30076411023104127,0.08027527271325091,-0.017259010762106723,0.48267146867036725,37.28375113289589
Maxe,-0.7935284701815913,0.07845290408079457,-0.06126422642956186,0.5343378533747588,40.84476680308664
Maxe,-0.3858139509625239,0.1370319434843178,-0.16769930288922452,0.3749805280602076,35.736505540778595
Maxe,-0.48930454394545503,0.44627476700561,-0.06099265473056951,0.6182421607952987,25.3976344960875
Maxe,-0.8633883225773615,0.11085884190697515,0.10665744645732651,0.5771378431304565,40.91931055984565
Maxe,-0.5011582818282287,0.4588877530495353,-0.04978352289387499,0.5036719323703283,23.763204344256202
Maxe,-0.678078479634946,0.513013561661029,0.05729974976709068,0.670275453486014,46.4675065101223
Maxe,-0.0678582915963781,0.06653721980591551,-0.2512797856490507,0.3504610895311937,42.41688561034697
Maxe,-0.07782108043155633,0.4278118138724795,-0.11151554949307059,0.6025709533150173,32.55771631231604
Maxe,-0.7491469032014448,0.586172396177912,0.3142660744103446,0.5955724061478478,48.97005091558902
Maxe,-0.7416148067497157,0.24150763710759252,-0.030100002162053226,0.4147922920109959,34.60462809672493
Maxe,-0.5027748831890033,0.24015775337940587,-0.05556287787928959,0.34813126544670164,37.748569989466816
Maxe,0.09947121107405836,0.1521236411400237,-0.048136617069153655,0.44032488901467715,42.97565598590276
Maxe,-0.6976244719564089,0.5607990061319865,0.08305362255865394,0.6416652085784235,17.540800427808325
Maxe,0.17901288726315606,0.1401671104608583,-0.14266406224327885,0.23776704304426366,43.29163804857328
Maxe,-0.7229580790411161,0.21085874644957983,0.21296661813771556,0.5417160760948211,40.41039176767046
Maxe,-0.2701316238285374,0.09413412500848414,0.011764517534115802,0.44614742206441904,31.073195773053552
Maxe,-0.3911434599094345,0.16252768562824363,-0.00781044074626756,0.413887897076505,35.30284905081428
Maxe,-0.5169551389816842,0.13764272269214933,-0.010928009745738215,0.494870112332178,41.481199760495656
Maxe,-0.3064314021022345,0.21349678114362008,-0.1317802488779018,0.46937570549465973,28.706344097440372
Maxe,-0.2630560980167052,0.17416556666694916,-0.044279145380170436,0.4028689122353216,29.839482035367908
Maxe,-0.7019929310533283,0.4054617989238226,0.21359528845726122,0.7150452205213502,20.719264221369503
Maxe,-0.38437749103012675,0.195916851128,-0.03486850436612099,0.27240294541411186,53.3553014826184
Maxe,-0.25867251311778017,0.14009594797368638,-0.245322441805524,0.39306672892151373,49.17221052051913
Maxe,0.34193059681184995,0.4998437019270777,-0.2775346125896399,0.7499117297041982,61.21296727868513
Maxe,-0.9021852085394324,1.4188753746732112,0.4677457376288219,0.7915604233064458,50.30064400377973
Maxe,-0.46138527808611773,0.1274154497794729,-0.009364929058158262,0.45816059038087725,31.05642290902403
Maxe,-0.24038573315244646,0.5451748090106245,-0.013741555488741283,1.3202247109237237,108.43510798243791
Maxe,-0.27191043544983373,0.34673738184289654,-0.23314047977722263,1.6634352631057627,112.86330071065144
Maxe,-0.6944820646496377,0.1395988172682498,-0.1250673551662808,0.4774694818635556,42.49247646438442
Maxe,-0.452192253905587,0.22752308773369911,-0.09727112387841534,0.4104446363434375,52.31181033542531
Maxe,-0.6710282166322055,0.528989388981865,0.05391998006724988,0.4608161094410604,35.12193840720554
Maxe,-0.4764347728589939,0.2694007738660328,0.16821394193300757,0.6091400843338692,44.21141226018722
Maxe,-0.5722090366803723,0.09325053964609704,-0.028162604914192813,0.58298365423086,36.93798906473315
Maxe,0.4293914962216536,0.23274873260969037,-0.0931218659374438,1.99986601826766,80.54634667991286
Maxe,-0.5165449514309203,0.015936950831416517,-0.0760968069557204,0.3823943443095614,43.64145219218207
Maxe,-0.17320659490363913,0.2187210205469122,-0.1351267129589362,0.3701725746429749,35.585977267531185
Maxe,0.33882395776979024,0.5762972170011856,-0.0020082285395481305,4.169203653028796,189.75126398176732
Maxe,-0.20915708795282423,0.21187416447858726,-0.23433767814377565,0.94464170044657,81.16156304336057
Maxe,0.11983703105003263,0.4414815345020323,-0.02230892969686764,0.6473285449078195,67.47021010162565
Maxe,0.24130630586166157,0.054731442103447894,-0.015192832271147946,0.37264921410180596,42.60989238491792
Maxe,-0.5746456181364434,0.11316767844578587,-0.11319149874315387,0.5104026081448255,32.27495961427113
Maxe,-0.44685477598993184,0.3262978667936042,0.1664102318802501,0.5766483876720796,73.75246979160691
Maxe,-0.5180532207714483,0.3434297922757961,-0.10709760843683797,0.5181478428285756,20.70339423988161
Maxe,-0.9226173702423159,0.2835986252338444,0.3398492983558502,0.6987739438321603,19.56899469486811
Maxe,-0.23456415113965554,0.21268311238748655,-0.292011220811196,1.506190917832166,98.65068330478074
Maxe,-0.5919079412229865,0.1079326116633645,-0.1035772083501809,0.34393347429315907,39.221752520785344
Maxe,-0.16754363638867315,0.10572933823969385,-0.20598925136819093,0.2553494960088835,52.788147367799745
Maxe,-0.4335530712509935,0.30602610524433016,-0.08982196454600326,0.4539809091770004,25.711262656076208
Maxe,-0.5847590367287228,0.43271054210977644,-0.04932239289143473,0.4108050815301393,63.66438391353154
Maxe,-0.5758421167849304,0.42344163999080353,-0.04135325572608295,0.4562872354090604,27.19154121020286
Maxe,-0.7335959223682649,0.27769594223941196,0.29887297900652765,0.5040022583084652,34.16778655669583
Maxe,0.31328798014082326,0.2557534581909243,-0.04725976853477143,0.5562282265332102,57.36607831414544
Maxe,-0.40405390772078426,0.22603420943617633,-0.09719006552452003,0.3090763853482402,53.138486206445805
Maxe,-0.3091365005115748,0.5011580288063197,-0.04730112922035033,0.45439689576869663,53.69163511103409
Maxe,-0.19457631945766785,0.044668486921016506,-0.21036180062811333,0.2428342910365826,37.54117554057872
Maxe,-0.5959345790368824,0.9935575708381735,0.22306929552600047,2.0552511085708285,22.89751721823481
Maxe,-0.39679290807779344,0.05685234753821779,-0.07822062917517687,0.28785386196093427,38.465474696261154
Maxe,0.2033532847901064,0.2222202899956826,-0.21793055688841795,0.9827640474367991,90.73829735496756
Maxe,-0.39463254125101266,0.12358142197700248,-0.15475417427538374,0.46957233425252926,30.060817878569548
Maxe,-0.5813201623113857,0.5420808152881358,-0.12186423378307325,0.8917843516096229,93.5390170049013
Maxe,-0.5909034606653107,0.1735458710335121,-0.022102727101565783,0.4777846679912599,54.84410488600869
Maxe,0.20274606862671118,0.1165030853712816,-0.06514009376059395,1.2790952954670753,72.64988507057534
Maxe,-0.3378271104919903,0.6612662378840245,0.16853014848832593,0.525949789329861,53.36711440463691
Maxe,-0.5525010518054563,0.7757093632108986,-0.14629766583486803,0.579997921576315,83.50963798909014
Maxe,-0.44075060936587457,0.21848881608013912,-0.160956134379139,0.548459195853714,31.090462821239747
Maxe,-0.43165131052785377,0.5939103907685073,0.1840886134337172,0.5605059748227538,56.06065717824825
Maxe,-0.6940325141427012,0.20499753474749566,0.11767557428732262,0.5531279944390962,41.84380862255033
Maxe,-0.3398937858683517,0.265394110947376,-0.07754507711321225,0.4773066337122081,33.985919354480146
Maxe,-0.2380382053470984,0.38604669576834216,-0.0370538913626011,1.1480709258757449,47.04708721450277
Maxe,0.18002371924761784,0.434714009076989,0.07281905918372866,0.49637294796867454,52.30519433482114
Maxe,-0.3595756884132648,0.3186067608065264,-0.12165693906563484,0.5423588323562305,64.78107433962111
Maxe,-0.6740553597681401,0.42903058219204276,0.03207182626698579,0.5744576309727568,55.27030246745241
Maxe,-0.38410523091786075,0.6485393454305013,0.034115518466497755,2.257685660594694,44.8961999348692
Maxe,0.39231853316100485,0.17669017726199407,0.02971523392153214,1.3530451883130514,31.39063317872395
Maxe,0.21926487177759624,0.33220804327909315,-0.1570694319272451,0.7003393535221017,86.11751023981888
Maxe,-0.545136218077231,0.35426828674252125,-0.11239728647333895,0.43694355094886467,28.25274189738285
Maxe,-0.19249458266241065,0.14991830167387918,0.21878768841916255,0.5567511752041976,26.15215273982393
Maxe,-0.6210996117491394,0.3335344140448206,0.013000391635299658,0.44579056301300385,50.09474857467028
Maxe,-0.3213424785559875,0.11220617173818177,-0.06403236607689022,0.32021389668519307,36.04545662290455
Maxe,-0.23358776090035557,0.055489901158823164,-0.0293105193509208,0.5094337479308922,34.22463911047932
Maxe,-0.7458825102511747,0.27401599371331853,0.11545833896071037,0.5630963164087343,43.95147433120586
Maxe,-0.7526099291786129,0.4499977902532529,0.04255744515517265,0.6399660560929831,19.331153041527394
Maxe,-0.5900408205835291,0.08908682286811195,-0.09867932106949828,0.45309817474058267,40.36169949561004
Maxe,-0.31878313153118254,0.12983451662916767,0.1613704205212111,0.47721010624249194,39.50543810957824
Maxe,-0.4551177270809751,0.19082562862037217,0.14772149248056796,0.4913455479102642,39.219394840932544
Maxe,-0.36152230228818305,0.11953763780800342,-0.17610660674113077,0.22538567782992983,50.30328748163069
Maxe,-0.39419273589452625,0.1354412148574947,-0.005204289945633342,0.4408558001997722,49.261406218610645
Maxe,-0.3267450645852102,0.4108383678227881,0.10879760409885944,0.4497530067718226,31.2104816890904
Maxe,-0.2909216403244025,0.15370844189140026,-0.3267462838263094,1.2810051160984457,96.26761883689338
Maxe,0.3680510197120098,0.08713013627834462,0.04393409871521885,0.5042504743507706,49.91047114868333
Maxe,0.23804916159799153,0.35823753985667717,-0.09115977807418245,1.3950978260539477,104.74864200745816
Maxe,-0.4490018186427447,0.12042005039220412,-0.07594508010236425,0.3805486263999099,47.3782476522229
Maxe,-0.29835903298167,0.45933573356821,-0.12092358844522516,0.6348114723191653,68.8863864326191
Maxe,-0.19820644703668427,0.128830368407849,-0.3695843476535533,0.32115470035916305,54.72551270063247
Maxe,-0.5525631505341457,0.2708736592808182,-0.009498175332735118,0.5693368709780439,41.78501037464633
Maxe,-0.6595846077547471,0.05793868818022936,0.01614105550134098,0.34697148461933325,39.5183728794362
Maxe,-0.7259635514769823,0.40994018863174003,0.22685385553453527,0.6337120965448791,30.741636271197336
Maxe,-0.37669135215965377,0.11949018361551582,-0.1044734528834982,0.5122302895566219,35.29522333158314
Maxe,-0.41914567776241274,0.2819183496074447,0.17222380074114801,0.4708877449669527,33.9635545920145
Maxe,-0.5830612235770556,0.08435735007067655,0.13319935300977656,0.46557658546344277,29.709959676140784
Maxe,-0.17159727373971823,0.23632449510841744,0.04083824604809739,0.5625846564411257,37.18447281763277
Maxe,-0.7393762108477784,0.29572969924614817,0.20040248410060726,0.5469320244650878,42.35340694574355
Maxe,-0.6370772689079496,0.17674498994787882,0.009925332591170788,0.2941691912530042,51.72632756297178
Maxe,-0.5058872473111746,0.04415312804332389,-0.21598949658199562,0.36898550645147415,30.81995763339266
Maxe,-0.5108541946024248,0.21112861600364888,0.07474790093809067,0.5809908860681169,44.756399537692985
Maxe,0.05874734139258969,0.04840538792789559,-0.1606504376278302,0.3728815412907235,40.42655846438705
Maxe,-0.3726053853862398,0.1536021859487043,0.1345004702541328,0.3831049679470594,42.923770884087396
Maxe,-0.605525457624009,0.49918255632855135,0.09826806393660821,0.5539392235590105,68.93753196479838
Maxe,-0.2561639315396282,0.43535367951040743,-0.22768179203975025,1.1399921240849107,104.24787045382303
Maxe,-0.46300866018789655,0.5741588152295101,-0.049110737167038024,1.4347441632865925,109.77679177681584
Maxe,0.32817518552947156,0.5258310633625809,-0.1649702123396038,2.2069233856534685,96.95753314984731
Maxe,-0.17835921721285336,0.1076701847692894,-0.2179618037242415,0.21016226117504463,58.265144155054585
Maxe,-0.4672594960366409,0.2084466183657862,-0.09548462419799009,0.38935264214118687,37.33557260461223
Maxe,-0.3680262710762602,0.21316628574344582,0.028595205338045483,0.4849094457498889,23.285730399905038
Maxe,0.14294316838660515,0.216733698486761,-0.36583870117790124,1.1009310283320692,47.50648583442773
Maxe,-0.4390759889041452,0.19287917456500436,-0.03140899010926525,0.39618917313664265,56.65923197167694
Maxe,0.2376373711431304,0.7332507718260171,0.10180489304770865,3.627060888021125,80.17353464314995
Maxe,-0.4240013604476319,0.23148936636789547,-0.0717282856466117,0.45800175273208993,62.07792683133954
Maxe,-0.2535756790845758,0.12066889414927381,0.11952051999633426,0.26225187106349207,46.42415092854156
Maxe,0.13765157256941932,0.40195599221489287,-0.03646802914334443,0.4789104652056508,36.053434730075395
Maxe,-0.6232900335136897,0.21675247407096815,0.10901920720314263,0.4784149445591517,32.21069056490334
Maxe,-0.11852824756398685,0.2661007683436879,-0.11553834635340957,0.45267338025599424,40.43683743724504
Maxe,-0.48100158000412796,0.24601656775075703,-0.0007450018014034492,0.5158148139308448,33.59428918648839
Maxe,-0.36886378355205396,0.2045565641300517,0.12353411528361766,0.43417061437756677,33.07867014173491
Maxe,-0.22818854041915915,0.6614654583934151,0.19864660723149574,0.9385096374452362,70.97275111463463
Maxe,-0.45028077040026115,0.14236389063995106,-0.13767006573498058,0.33812940562192956,53.01159450195513
Maxe,-0.1525595995466358,0.6187172918959428,-0.0497545335248167,8.560806204743749,21.6549951973744
Maxe,-0.5746952782677449,0.5781616916634376,0.17589840972929793,1.4521027766941956,124.94347787559175
Maxe,-0.3279656295077069,1.0727947844572578,0.025483819618458223,8.527833679179292,62.459121415237206
Maxe,-0.7528477690372624,0.4653271587536823,0.23800231240862907,0.6254946254985444,42.507784182710566
Maxe,-0.46526094940055873,0.1745289912508775,0.016057014208396,0.5742810375547258,44.42292158397649
Maxe,-0.20088706649370242,0.08033987287260493,-0.009116420686070338,0.2630071624511313,49.72205914759677
Maxe,-0.17333860809708285,0.3756293866017851,0.0018414181879723849,0.5356850536489867,36.53728605156096
Maxe,-0.3464789837027516,0.12126903045433032,-0.010425806261810736,0.40334951223106613,39.401344109161826
Maxe,-0.1949117264177552,0.27669335961214286,-0.052301912017563706,0.3097508150066731,46.42608692979819
Maxe,-0.7458808713088209,0.2576466411588616,0.008413250099758978,0.581863626156867,55.23912408122087
Maxe,-0.20447448398782722,0.057039406997079545,-0.2910433211963717,0.4489320906799081,38.9393457326605
Maxe,-0.28737491521745906,0.1029371371390804,-0.051497278722126894,0.5827973009617589,29.38195690793156
Maxe,-0.25758863751141187,0.17258411068759025,-0.057956442384873505,0.26769421253595593,46.956570567068766
Maxe,-0.5288571740243614,0.2950628773147702,-0.239056917331978,0.39358302884211926,56.80748668042373
Maxe,-0.5851525610500267,0.3717693874445981,-0.1771698277678564,0.5199248184577223,55.70535750694174
Maxe,-0.6932463334124563,0.12187294980752968,0.042804639714436994,0.5159677578497414,42.20320562046379
Maxe,-0.48637845883470043,0.279645488236237,-0.14267995154616134,0.4021398556440911,37.88557511790844
Maxe,-0.8014433811017768,0.24682976576414162,0.048995959047928105,0.5412935533361745,55.380551328922465
Maxe,-0.29938389517053837,0.16370470734783413,-0.16115543475605734,0.42000481973327725,51.98757436945975
Maxe,-0.25828103483320564,0.2884975043903704,-0.1825847180312293,1.3936810011324443,68.72514133278383
Maxe,-0.771450065150954,0.21661382129372492,0.12708929552815412,0.5444616131310441,43.65337698094416
Maxe,-0.2383790218497554,0.37394503643372135,-0.012851732754422052,0.4025818664496881,68.91156579376869
Maxe,-0.6355927649230968,0.4334615976216215,-0.002397992001435881,0.6109798983077276,64.58035964400797
Maxe,-0.11291657392708779,0.03931139780227594,-0.09063250769352123,0.3143424151850427,39.19339776458508
Maxe,-0.248623343181057,0.6299338347732222,-0.1249853574230082,0.6325945892711432,82.52899379205991
Maxe,-0.5242975183756295,0.3528880413490937,0.07356758870345444,0.675528694922061,40.52781719942114
Maxe,-0.5870923564949454,0.3030978023264223,-0.11539104468195065,0.3150801888700967,53.21163988029521
Maxe,-0.6001917858853109,0.07751767384097702,-0.06377310753007885,0.2467236562942798,53.88290909808498
Maxe,0.17969983876209625,0.10120408241669339,0.09122306161257929,0.2332177806011624,49.93063837598299
Maxe,0.23923286540488692,0.20558475741632876,-0.07803735063699505,0.543738529950526,36.60018973320839
Maxe,-0.5783424095213825,0.6465301220817686,0.015243320639696516,0.836860463981928,68.45259563699682
Maxe,-0.7262448391182112,0.4213804266696476,0.1713022938420283,0.5303754360875117,58.62653315164466
Maxe,-0.7770088576095557,0.39994496794108214,0.15136607434742055,0.6651356309380558,15.007778256467635
Maxe,0.2692867249455568,0.6819779990923219,-0.15425870659905735,1.8742493949130339,91.97321892536281
Maxe,-0.24710379636391072,0.021926204112767418,-0.12639449763377233,0.3250876061075287,42.44077753506096
Maxe,-0.6638824497256871,0.1791837872018079,0.11997539033785075,0.49570558698836475,26.65438687458645
Maxe,-0.5674364046152575,0.20131911378043993,0.00033272319434976875,0.46562515457113013,49.36072971300311
Maxe,-0.4277291143342441,0.2978443645462868,-0.18024094115105477,0.4414494358225134,51.22067104881762
Maxe,-0.5809007526185483,0.27283993682031094,-0.15684212710203727,0.33702789922115534,58.42612188689894
Maxe,-0.4689190328940981,0.4125281999222642,0.019211336830864078,0.5398023796195126,78.98606507413996
Maxe,-0.39502734633359826,0.2899113908816698,0.06844346094592092,0.5295183068309303,39.216393762089645
Maxe,0.2174118626435503,1.1264582923124555,0.0353079945668857,2.6810178990028,92.79519229186428
Maxe,-0.8544103018111093,0.5857281306900806,0.1042718236391122,0.674188674416595,79.27621963425945
Maxe,-0.34957325455799715,0.2590996502073222,-0.20515156085947234,0.23846914941397732,54.082905230849725
Maxe,-0.3878454509428837,0.09454435067959026,-0.02525957303699761,0.5022108849788023,31.76163542209805
Maxe,-0.9181583627268665,0.3799268412758967,0.2616512494657265,0.6834003709413875,17.676662728415003
Maxe,-0.1980457025968249,0.4862171005525367,-0.30337500227509523,0.5653879474788467,65.09319625112548
Maxe,-0.4449378718428749,0.24135031054343967,0.08671442963729518,2.349231550931883,132.40283086548467
Maxe,-0.7018959687929447,0.44022088540869264,0.04702085067439398,0.6039017531828027,62.92611934151196
Maxe,-0.2944333547144511,0.3959131076929185,0.02512361378128873,0.4717344455806038,50.863624843634156
Maxe,-0.47797220920587796,0.2175169085272083,0.15237984215854516,0.39187230790400157,44.849427480695546
Maxe,-0.21304541349886658,0.2775768115784685,0.024903625199848664,0.5932030385604942,31.945928690679636
Maxe,-0.4225659762918319,0.1002780305199856,-0.3223096699138314,0.24582234351612295,41.59512772647033
Maxe,-0.23531337730426216,0.06315994456890645,0.06554657800587606,0.570159248847647,65.64906294455747
Maxe,-0.8000455527464557,0.22182535620470695,0.0761481274241448,0.6063236415433682,24.828300831622435
Maxe,-0.5980586881078219,0.4208015898877749,-0.18162223968959637,0.40393789560806276,36.741642478348425
Maxe,-0.1798256664199021,0.02359528374006333,-0.23835198024190746,0.3546443314360509,33.97783425349523
Maxe,-0.17264536116477303,0.2779722187843178,0.08966256271094478,0.5284167860104805,50.115016825074434
Maxe,-0.382372834614896,0.09126621503537931,0.15253460727449228,0.5655558514167625,41.410416570443616
Maxe,-0.5504012395627211,0.23370314074290635,-0.08441618172713547,0.37340050798498753,55.79940361492724
Maxe,0.18884130381332648,0.4223965122681933,0.1697283678856519,0.3097799748974964,52.34089564733474
Maxe,-0.3819840410611377,0.11863188943757716,-0.1606107463595536,0.3015181298175718,51.47764535042272
Maxe,-0.2667077897199276,0.498144059154102,-0.018730360592356842,2.489911324484038,145.00178324279327
Maxe,-0.39306864566539296,0.17778721226082098,-0.026495658903541514,0.369232153963612,54.519010631750646
Maxe,-0.20322786927707115,0.2987152862196069,0.003885374791300123,0.4651800545665869,41.94640581897126
Maxe,-0.48654718081563886,0.21222209190176544,-0.16838400636499265,0.5122439825080997,66.16015968756977
Maxe,-0.4935057093521661,0.18342758361532258,0.017019183552763648,0.4743072454912167,42.28198293283192
Maxe,-0.451502621102128,0.09680128348461017,-0.09439876103259738,0.33468656182851314,45.26035163666062
Maxe,-0.8028598047491025,0.5701753968239872,0.08688133095677915,0.7068208329593317,49.1456259275719
Maxe,-0.11486548960444054,0.31901205806516525,-0.14481754100578995,1.4292000149323125,93.37670233666286
Maxe,0.2166766584418841,0.09830890382049533,-0.19618560101617638,0.225565291323475,42.6293550064263
Maxe,-0.41941039846575784,0.056360818251386925,-0.14046521678566637,0.47736151945829364,41.73049801651959
Maxe,-0.2541586246535172,0.23264812226645631,0.04023402180921122,0.32062170250844957,44.74993417442634
Maxe,-0.7580157433088356,0.7821362219893864,0.0557039049050646,0.7012020824891623,13.438857097596756
Maxe,-0.3427214272040927,0.04094761111770641,-0.31121709149177046,0.22212149707855988,44.902625158020186
Maxe,-0.7494744603819838,0.8420944243811871,0.456167890969592,0.6852968257565162,44.812423981688184
Maxe,-0.8158208900473041,0.6621664820719226,0.10741794707328851,0.5553652811627486,75.06244457210695
Maxe,0.13406037873533802,0.16704566876890187,-0.15913036160441504,0.5729734508611707,37.249975596790996
Maxe,-0.6428789375478682,0.2747865699202735,-0.07910542369274488,0.422144141736188,35.73861979439121
Maxe,-0.7300454984071927,0.5993329903210839,0.23569145137673247,0.6043754775893649,40.93098910313445
Maxe,0.1827515747596578,0.1601181007143431,-0.30102293114594236,0.45923624804411217,65.29866125702402
Maxe,-0.4303062833548306,0.27571418687809296,-0.06278369604635614,0.5784594029917377,51.48934245028888
Maxe,-0.4405992805353373,0.2799556803927158,0.04601734096840184,0.5653370832586172,36.67309242583016
Maxe,-0.45948040022416775,0.2309735057038916,-0.20735181366617658,0.5124905384829684,64.7326318204454
Maxe,-0.5664893148076368,0.3952840180561358,0.038450403992775196,0.4922800600984293,67.7707068732209
Maxe,-0.4050576859484941,0.3412843917169604,-0.09038785360565824,0.32674943877721735,49.54605656712383
Maxe,0.12131196416342314,0.0690625777442305,-0.33860664981342947,0.2353097044103578,46.89521135239865
Maxe,-0.5794004950160242,0.05927941080245254,-0.03657672290341069,0.5345648978548281,37.14899927692588
Maxe,-0.6441434099074472,0.4222390151021549,0.004747671921119862,0.5745874866327817,54.42337462350213
Maxe,-0.4834107993004449,0.10284026744861649,-0.026669021008064658,0.4561097145632671,35.88302713533284
Maxe,0.1017629358194557,0.05209349307228497,-0.11953172709870029,0.3921795735388238,47.34247886615001
Maxe,-0.7649092799563839,0.11910836048436609,0.06697532892080153,0.5092319717143197,41.4637914718133
Maxe,-0.8149878915178197,0.22293222264645712,0.16698892997192522,0.6170559051738819,34.19411655706858
Maxe,0.3168226465774107,0.3479112950713862,-0.22119176017045447,4.063744119659021,154.56928480028273
Maxe,-0.3230702850063363,0.22392718982552967,0.008014752291966165,0.4411086243045239,33.65371628917666
Maxe,-0.15212933981677507,0.07979135119246965,-0.11115632296132406,0.46618960171977064,38.93149147307959
Maxe,0.33063679994291395,0.20366698380895382,-0.06520602330718021,0.4965103682575269,33.948645811487495
Maxe,-0.30911416021623733,0.17473843756367557,-0.09724515559223869,0.5092445841885179,26.014426899647717
Maxe,-0.44325239127179283,0.07918083894341499,0.14066913781712098,0.5269381636813077,23.4393716006614
Maxe,-0.441121083612221,0.24237335575788527,-0.17946669537066945,0.6211851524651167,73.19327847582844
Maxe,-0.2589005061538753,0.22075620717272382,-0.2599889468018674,0.6459662324490109,58.894899583184774
Maxe,-0.22402264132508837,0.4647242927893128,0.029277985202872784,0.4444516002919984,45.57193694770295
Maxe,-0.11153763672074427,0.1868433932044368,-0.0012866997040286963,0.382657964408954,63.210856533000324
Maxe,-0.21097617352145656,0.3372434335866083,-0.12368400700928657,0.3810362015603964,55.24617534525399
Maxe,-0.5007852560735621,0.56385500043629,0.3864624941119572,0.38879837294333003,35.88079491535179
Maxe,-0.49622921872638726,0.4850130016257692,-0.02721115461026669,0.5072449249899642,29.575747073425745
Maxe,0.2090308572148592,0.212537693680744,-0.0969004916564927,1.105639712937094,49.005514881133784
Maxe,-0.09597457765633446,0.1755459871289462,-0.320680432184721,0.3038690872412306,34.72718875013101
Maxe,-0.3992845986806746,0.3936585825460016,-0.07022673948239629,1.2221584621389316,33.45964675969526
Maxe,-0.14848474400013312,0.2902545562207537,-0.10257949359537608,0.43761596347419296,27.26206139778951
Maxe,-0.42864624098555915,0.18479794677240488,0.03715467728056876,0.49874982491777947,45.74509485558588
Maxe,-0.4635961765434249,0.1604143003536394,0.1351472016279834,0.38576201187751297,53.07897168875539
Maxe,-0.17278651965699687,0.22087150042970274,-0.15634260981197967,0.5135248544662769,37.49300787709749
Maxe,-0.28420550715192183,0.4689636441044057,-0.08651068962697489,2.1893946791497956,37.596662296278524
Maxe,-0.47110409714382195,0.2936488026767762,-0.20153768348154433,0.4121929423521329,57.86826098901158
Maxe,-0.4617481492517459,0.031203002676060593,-0.028612957367096545,0.3263609366976905,47.5011631322965
Maxe,-0.4994726503627127,0.25568342290414187,0.1012996352565223,0.46377088320897875,26.749075467136386
Maxe,-0.5478291008184099,0.03926058104557972,-0.15688624850472724,0.33378276332136153,41.514604646741034
Maxe,-0.27814784641528445,0.05458063754541065,-0.20296434290667423,0.3257751590584139,46.43270951916161
Maxe,-0.13427968705244012,0.2223271387868936,-0.10484613871541236,1.0599709219728612,39.61922733044242
Maxe,-0.8173629845362171,0.2741791297605369,0.11281837304405291,0.55123261186999,36.540081720106485
Maxe,-0.7991983809503052,0.6689638507110687,0.09363428500706694,0.6979549587863033,18.61990864773064
Maxe,-0.6958174217059119,0.32998877974597396,0.19308601096276473,0.5983452492095335,30.60123544762059
Maxe,-0.22959724895097083,0.5169623066520455,-0.06763765994519635,0.6393412545173871,34.98193542414183
Maxe,-0.1873766522714558,0.28834825206265097,-0.05417996157001503,1.310419422860158,88.77795659044602
Maxe,0.15642583091338375,0.055530449708643,-0.26122022252735083,0.5796346060963801,65.04901353514254
Maxe,-0.9039305429018396,1.0699851345656586,0.3073143792340433,0.7655225759168722,21.269868570248846
Maxe,-0.5771920088398761,0.2133284882647645,0.2025765008122873,0.5728150233715257,37.76168624523952
Maxe,-0.14549821019694625,0.24146728643810925,-0.14271735185531634,0.5466412785900546,43.8122753673718
Maxe,-0.7946163641629016,0.2896139007908306,-0.07594964605323812,0.49920294995465764,59.18030470216945
Maxe,-0.7612763961256728,0.0875639251495589,0.09403741417358666,0.5344742752905531,37.099158605678895
Maxe,0.15773114184730086,0.060077128590479555,-0.23015252831456084,0.18401121788097238,44.4788208208157
Maxe,-0.46776265429954755,0.14326949139309628,-0.2865101054560582,0.2835075204598022,49.66325620516706
Maxe,-0.481866970213379,0.04659573507536893,0.0028005995812793853,0.3356581584333784,35.73182168801144
Maxe,-0.2561489676130136,0.1000200445696755,-0.13191458341895984,0.498246539808172,38.823147063640114
Maxe,-0.1539137940717536,0.3656390981624319,-0.2757213822429764,0.36631172678882595,56.271829400363174
Maxe,-0.6525169821351491,0.046102713323387653,-0.07116754979349106,0.4756586984495798,33.25807797147604
Maxe,-0.5925842746642859,0.21216790556461151,0.0023518027087750804,0.5148109730981445,47.58137957062475
Maxe,-0.26161556639780403,0.13425388459190046,0.13344665803237968,0.5708731542528287,53.20603729750238
Maxe,-0.18158953965519398,0.25562048733361004,0.03770518791626079,0.5087492288251214,37.418828552655995
Maxe,-0.8854995164185067,0.975669550808313,0.15133580038100433,0.6927771395441993,60.51807956682616
Maxe,-0.5232353316535865,0.0013340093915115434,0.013262596838851521,0.3688542900749666,40.31345232862462
Maxe,-0.520091265184885,0.9610064275619254,-0.017157002481145416,1.403553774160947,45.572324523965776
Maxe,0.24430461064606457,0.15849730659237565,-0.1000300973955358,1.2780176191199122,82.181802544349
Maxe,-0.13916028988286291,0.19214361687707265,-0.22005667615517507,1.4661371979451174,89.95607501068781
Maxe,-0.6331438251108513,0.31773696310008415,0.15576319440702024,0.5416166853598614,33.89343788048462
Maxe,-0.36733637371989447,0.5641730583725172,0.11376327214093346,1.4777636268677428,120.39109572151298
Maxe,-0.7545240676408391,0.3023528950851902,0.07488653771916377,0.6133663294655619,22.94675424678273
Maxe,-0.5907802863259447,0.17166714678303366,0.07232886808637413,0.44298790610779865,42.71038833631678
Maxe,-0.6038849532743641,0.0453336120493735,-0.2117609093599247,0.31562826093288526,46.2805982403285
Maxe,-0.38561172373674274,0.1920106667901238,0.13467357282056294,0.5972987594778946,32.24523209035781
Maxe,0.25773527929559603,0.09121259141855317,-0.02731286217875136,1.3269191665331754,53.095672568053615
Maxe,0.2019663853016032,0.33191329010058085,0.036498558429700144,1.2841432316013406,90.34144014852106
Maxe,-0.3264346381171594,0.3890175128598985,0.11915460245518715,0.5698503108115658,32.74748514128277
Maxe,0.18012456214815592,0.07944976959589056,-0.07810814271641711,0.3935162543023406,56.26952562930294
Maxe,-0.3991077330157703,0.2105043672552689,-0.05341209533781876,0.4747783148351263,29.15305824585542
Maxe,-0.6166923278627561,0.5546645859901806,-0.08314604240339173,0.5138757955110607,28.98798450780038
Maxe,-0.3741551472964349,0.29023562979674283,-0.045314732820421554,0.48923286040097214,30.071676584876542
Maxe,-0.4283935433453969,0.04890965024774485,0.22716846440533595,0.7736209342613842,76.79976565811181
Maxe,-0.7088652058531442,0.06726114884302312,-0.05729052131283014,0.420023422551306,30.295395773251542
Maxe,-0.42055785515748617,0.1453718521506853,-0.06398217893483159,0.40712780337874777,48.31012312205751
Maxe,-0.40515379361539744,0.1343071996097859,-0.0732581904209912,0.3453931664587311,46.5808632188653
Maxe,-0.2281147350268626,0.5312690626791488,0.019622635977280672,0.5977708684068248,53.947412577048226
Maxe,-0.6808588624347338,0.42291544662775343,0.21724066046426557,0.5760507676096603,24.487687804810278
Maxe,-0.4435253136190677,0.028685438850994716,-0.04596777022712466,0.25554518309079904,39.015377268644684
Maxe,-0.8943780104900263,0.5659726922548094,0.14417081497130257,0.6527401388978609,48.01133268917031
Maxe,-0.3143985579972202,0.28131498703196073,-0.2763699369597402,0.43671975306203237,28.022783006273126
Maxe,0.11683878888853985,0.4327471887685303,-0.06993134460818552,5.621906417616713,282.4361474921094
Maxe,-0.2568839364424713,0.05730242504064688,-0.3466123976902269,0.20840150763735513,42.377269889757514
Maxe,-0.693971290322826,0.25371173605137975,0.2405448561326575,0.5561906741475287,35.06342194143088
Maxe,-0.34958715031729326,0.25467847499535445,-0.11094576330524805,0.5373691653281029,27.210537505306814
Maxe,-0.3053941989461745,0.3248828519138497,-0.020542695827781163,0.32279632431223304,62.029280913473514
Maxe,-0.12404660376288044,0.372418454422225,-0.07459459985102478,0.50921424050707,58.838282686299294
Maxe,0.3025077210704211,0.13262909897520805,-0.2322002904718978,0.48881814770775345,37.54372350789745
Maxe,-0.24609387625590753,0.7316278583236974,-0.10415567499378164,2.154329753275441,62.697737332565936
Maxe,0.34219612286668133,0.17749367157654558,-0.3055107293534206,0.33428206505347036,51.50854890991532
Maxe,-0.4579464485686032,0.5370002970460852,0.20233672072962536,1.3305862116063394,93.19614249422462
Maxe,-0.6432937203878684,0.4530795232847584,0.08949310793589357,0.707058018333819,20.6251765562573
Maxe,-0.39976273722131617,0.12382486325313753,-0.2324202312531128,0.24486534054050904,49.849291234366305
Maxe,-0.3032877468882468,0.21164950767343504,-0.10899878232452376,0.29429541116838526,51.13568496501365
Maxe,-0.49848524422515683,0.3099901950587098,0.07679932424631204,0.6198414795887545,32.29480898123519
Maxe,0.3709110003321805,0.19367391386295701,-0.24787278575140867,1.438228330973085,48.27278862573232
Maxe,-0.45394094679676755,0.07282376681836014,-0.22236268955303248,0.3526206380944573,36.84110955931371
Maxe,-0.5338941860372487,0.431898872257824,-0.022057343020682386,0.5046864397413978,24.148769061986393
Maxe,-0.48578063737661065,0.6816316891971248,0.20457517350168192,0.5234710942966018,24.635798457674824
Maxe,-0.3550305520267635,0.17141245596697413,0.043303104541860614,0.4835711753150855,28.86551073151324
Maxe,-0.4136667961331731,0.5690266847197349,0.10833084685879683,0.4534382855473446,64.05019570991348
Maxe,-0.17987523479216275,0.7765991333817496,0.05273423304363991,2.2028109019221027,73.2736289434451
Maxe,-0.17934841417937702,0.06744481901859746,-0.2660550378037426,0.5875131750896526,71.52766943951767
Maxe,-0.6296182772648597,0.27428566045808406,-0.12273546087154251,0.35639229469008643,36.13432800207902
Maxe,-0.05430327605416816,0.08801420288321314,-0.31609731847220535,0.4118819346457011,28.412330483579343
Maxe,-0.5709113981707488,0.06656379156527904,-0.055240698403697344,0.4140407663680879,38.29282300041652
Maxe,-0.19071163183416712,0.9111603791333941,0.09192182914140593,1.484894313336347,86.93436298637697
Maxe,-0.4236161092901069,0.1917509124338019,-0.04004430402624183,0.40962376186188626,51.265369506738224
Maxe,-0.5193624292976395,0.1986296231081318,-0.12066356719430522,0.42077530054306184,51.88950115370642
Maxe,-0.7595723445347662,0.1912515017122228,0.0347805039321936,0.5976384146822842,26.598566983731335
Maxe,-0.17962610669369444,0.23734542558558008,-0.2789500735891422,0.24739927493393346,59.85920788845132
Maxe,-0.13565464693461915,0.11558384958546256,-0.04527267487703547,0.3690578730085177,33.113734416407794
Maxe,0.18776133150349195,0.1361923165470266,0.018744185776339097,0.4899048678761218,58.70183212477461
Maxe,-0.2177202072781207,0.1120790889624625,-0.20126953023216063,0.5313571609388423,62.316108803373126
Maxe,-0.24406363372989198,0.2596436512318422,-0.11990325386164187,1.069176319862301,30.579072929797
Maxe,-0.433932145697805,0.2071367508123739,-0.028002980018623766,0.3923735701853635,40.900843070415114
Maxe,0.17413529007957215,0.20176377477523869,-0.04182821984500554,1.9743862555471376,66.35717011231644
Maxe,-0.35372342250610656,0.16213044558828424,0.0008650507709496497,0.3639306916589204,46.41351288067029
Maxe,-0.5582521622096724,0.06974585949243534,0.04598293610977047,0.40562811339189647,31.13939353030082
Maxe,-0.7781870371931812,0.8482172193713916,-0.03792898290728019,0.6218794905391042,28.376541789280086
Maxe,-0.6860775975731623,0.7035284587084689,0.15410840621043953,0.6200136424153152,21.4374924643965
Maxe,-0.33912022568120725,0.14027921885480713,0.0035774564140853633,0.3108637221278492,43.76190532421995
Maxe,-0.38553241110608844,0.06653612397678747,-0.1402354713417458,0.2559491855122527,51.90988401506914
Maxe,-0.4775824986207172,0.13497943254419487,-0.0004849420878407018,0.4088233076617641,36.66691197772427
Maxe,-0.31227831539212453,0.28719137591998567,-0.10623939524062681,1.2107682249360843,48.27135781007258
Maxe,-0.40909692265816805,0.4862548248049066,-0.038351709459745566,0.5251449002743086,33.39865678322019
Maxe,-0.1491603417586962,0.2227453605201985,-0.01920020971789419,1.4470417428371072,95.4712685384703
Maxe,-0.4261849612543572,0.07986826570850072,-0.11165186577831394,0.3749556088571827,38.409414328206424
Maxe,-0.1916333085977843,0.15381205545167545,-0.02016382968827421,0.4375299712461752,44.08560285731476
Maxe,-0.29078604433165905,0.18418187704476935,-0.1301396310474439,0.3460881101903492,35.078573201584696
Maxe,-0.4204517753797327,0.048210541192470854,-0.08584117408060536,0.37996139576260357,38.27164391870891
Maxe,-0.1493141902147649,0.2306209860037154,-0.2094318382901747,1.434977481238247,69.55183432286657
Maxe,-0.2593832449852797,0.016094387973688,-0.13596285124096552,0.31092466744871905,43.164152455743555
Maxe,0.22214219413118527,0.3110975624913482,0.05397995823960603,0.32376295532160443,35.711565171218886
Maxe,-0.7583323009850371,0.21657125185379106,0.1433466577244238,0.4880690302876923,46.64227280693268
Maxe,-0.7752260089339502,0.2584105305212704,-0.05058613926143095,0.29533640807618244,54.39818365401737
Maxe,-0.6862240485208999,0.40289123553449563,-0.16865069599411497,0.44096467610108125,31.646530767528823
Maxe,-0.24201462373035648,0.2737474180167108,-0.17694189997447965,2.0342409601452722,62.95793390975959
Maxe,-0.5240140070941905,0.08767343367429425,-0.02441179463799794,0.5176725486399814,33.84094387513625
Maxe,0.2686755696563905,0.5280130618274859,-0.09136696058349703,1.8265002738947356,111.78424475228621
Maxe,-0.7427416503591171,0.1893482503809459,-0.07753344498428122,0.45257571341916925,33.341156416685195
Maxe,-0.30378198985479016,0.2512030649977186,-0.006948386297977827,0.44807060201896315,49.685149200586864
Maxe,-0.8117671895901487,0.13641234254933937,-0.012431041185504477,0.43161092498200393,37.46364728831886
Maxe,-0.17454987058630186,0.19160565314889194,-0.28620166252608414,0.20594450726866642,49.389890357301155
Maxe,-0.6190836210008769,0.6255121101685066,0.12029368061815919,0.5037348529263488,71.32962115417993
Maxe,-0.196658739463321,0.4630462227554376,0.26283180507228177,0.5362962867698736,38.42589565827787
Maxe,0.11321658126892158,0.18264733150539592,-0.045501322951029904,1.089693154545517,43.35341074483958
Maxe,-0.38631752724646756,0.06678968876680147,-0.0883478211983289,0.3812027330331201,36.79437083286744
Maxe,-0.09698623330656375,0.14983624916213473,-0.1899522201024098,0.46890778311695647,27.574397913292316
Maxe,-0.3334483507795928,0.03132232633972585,-0.23524981691669322,0.3439068094436827,37.048589371197714
Maxe,-0.1492639495285327,0.46899292627985306,-0.04130858290134311,1.3772864449354543,69.60259320215877
Maxe,-0.1887280488537712,0.06459314598738779,-0.22128125693593118,0.36870106759985194,54.41675874106652
Maxe,-0.1520412650078834,0.22882744702548408,0.12376358018900101,0.37964398074745365,47.355522132955436
Maxe,-0.2356166710063079,0.41177715101541096,0.15401161240813543,0.4344998531041421,39.83919778089918
Maxe,-0.5524919415786299,0.07525605898592892,-0.3054294921925098,0.3578991126506621,35.353889783119044
Maxe,-0.6639783026412224,0.2743992316720074,0.09107992961081143,0.5815920190731181,24.9712091366546
Maxe,0.14125424644835669,0.4178670153410147,0.001508437609330731,0.45376874438389264,26.242634926815523
Maxe,-0.4497407369662839,0.2111466808613501,0.09284294530531835,0.4442785435522887,25.017174487127935
Maxe,-0.2630769109209339,0.3964234586572422,-0.06477316349170432,4.035057061756321,153.43997099330628
Maxe,0.32230823693701693,0.1414948860675786,-0.12446599563389525,3.2708137031572817,79.14434659763347
Maxe,0.1357100620113317,0.07477046186659012,-0.2806011027384591,0.5319672521062087,64.6384039348727
Maxe,-0.3997289188174923,0.26863882950761664,0.11486574095090495,0.4822200462800742,42.07186275108275
Maxe,-0.33081651375823595,0.19735981531201113,-0.01567728441135307,0.5597219789144219,32.75592316612595
Maxe,-0.573911192411285,0.13183085352136126,0.0009608449255179974,0.35181400247940475,42.75340430707534
Maxe,-0.5044484691455382,0.4500891904615062,0.03774819527463118,0.6257109668040788,30.63436076659133
Maxe,-0.6961508596680351,0.12661612051789642,-0.03201382293371095,0.3887305373384783,39.72346488281026
Maxe,-0.3776130601227287,0.4775871504422102,0.07742301305776159,0.4152034773288013,29.98595524665965
Maxe,-0.59901489457344,0.22006962943491923,-0.09850441676900135,0.5022122558029795,60.06605729474094
Maxe,0.14734166592682862,0.08641732604053998,-0.29863849117329455,0.19065530993233348,51.5575674683496
Maxe,-0.26977961118013083,0.05354142835387356,-0.06487320146017124,0.31094267334908765,53.43174959336349
Maxe,-0.30818711542178756,0.3094910032259876,-0.2675847792320578,0.6038238483977777,67.1647681935658
Maxe,-0.6257862881088667,0.2523826268592944,0.0214685745658341,0.36550756408144586,56.64982146913681
Maxe,-0.19624076322066752,0.19062323149932542,-0.052361546271535095,0.5582294157525447,33.201202107280444
Maxe,-0.48296719066243354,0.42613795495462964,0.13895350107121882,0.6541806761199852,82.29488645916454
Maxe,-0.2993089168297872,0.24974760970485516,-0.21195203502998058,0.3816616553846755,33.43672512500627
Maxe,-0.30976105482456506,0.1935032899467987,-0.029034054715290553,0.4601689518280122,32.101865798883665
Maxe,-0.1955899116965331,0.1322154380591795,-0.030722594019635646,0.4904755765690341,32.65783827458848
Maxe,-0.7477663400475514,0.26022802387391436,0.18223505577973106,0.4790876963376895,33.251845905945885
Maxe,-0.6505456580009087,0.1232348264111108,0.06603968254286209,0.5179664103954034,50.36368117383124
Maxe,-0.17278418611537844,0.16616367898235002,-0.2840308803495914,0.27316993062887585,42.237156988480905
Maxe,-0.6178471614408991,0.13131592124640884,0.03253374897704432,0.6097427407946762,40.611071916225164
Maxe,-0.47396674040009834,0.41642811064425445,-0.05167586796286392,0.5514056113416802,72.45738519693154
Maxe,-0.6498135517626937,0.4009201678095586,-0.12169679404943018,0.5725969986439426,61.18915596620285
Maxe,-0.6327495028706259,0.14652297492983096,0.0633653974384206,0.47699684145448396,26.137137861340015
Maxe,-0.37275098653386474,0.030493218690454117,-0.19305731689313266,0.2737933582496078,40.01958554022806
Maxe,-0.10151837751853326,0.08597441772848792,-0.1863341888346761,0.24096061633517774,46.610557282438975
Maxe,-0.844091480265123,0.5620214049846771,0.24505008722186428,0.65460037754112,21.956176509637913
Maxe,-0.5720753962008687,0.4159661770071034,-0.023661253873750482,0.6677670157144151,43.30897011665574
Maxe,-0.3751770899140371,0.1691451743261599,0.1106660802478466,0.46011211949054404,41.552849693607065
Maxe,-0.4811047771281235,0.5987945836554464,0.4021773711539841,0.5407164706145886,43.323217908037996
Maxe,-0.49920790248205343,0.32594872303051126,-0.029630137053834375,0.5214525059491725,24.92635642364489
Maxe,0.14982776819081292,0.11077911773493976,-0.3370902130734418,0.4542931827065222,41.67715190638
Maxe,-0.170852566254963,0.5867250478693506,0.0146503826556368,0.4550140430486806,40.783909528748296
Maxe,-0.8073445162467221,0.3927688099180083,0.23160684576957233,0.4124435476077945,47.551603587587636
Maxe,-0.2539389007008075,0.08997706060024921,-0.0029164498950264147,0.3148190941380685,35.355387026861564
Maxe,-0.4057127518803268,0.6429712785199111,-0.1281346285492877,0.6772664571556086,36.13251387441162
Maxe,0.320214552758334,0.1748603485623829,-0.03893045375595478,1.3727070521026579,81.30752407269415
Maxe,-0.9176188938212941,0.47737649054514025,0.25093737047466214,0.6790428223756994,29.72392801971241
Maxe,-0.7597923851114085,0.28026576012371285,0.022209426542993193,0.4634375361592484,33.49364777386011
Maxe,-0.7070133988690355,0.39231240898124004,0.21704729391073901,0.5162834765648711,44.537759282416175
Maxe,-0.3870786476980679,0.20209565971972862,-0.01180774450493536,0.3343831777361676,53.64551449586418
Maxe,-0.16205099762636804,0.20781172830228045,-0.14831028709709212,0.5421190479473993,26.692156288200295
Maxe,-0.2911447369528493,0.08592174061775255,-0.15068407918817225,0.2049803990812514,40.7756493420209
Maxe,-0.117760234979073,0.24233378482202922,-0.22682539983954594,0.46960281184249997,61.352358048777916
Maxe,0.10696295211228156,0.07347074917783762,-0.07109443079423085,0.46626722541646964,47.433239061942245
Maxe,0.36396693964992,0.2880217314119131,0.015655210164079118,0.9798268256468243,25.049513978898734
Maxe,-0.39573240955885103,0.22816109368653584,-0.28993211461716006,0.33505847656375015,54.850952653355776
Maxe,-0.616982860302065,0.1419121494962682,0.09622215724716553,0.5556902220715054,27.267141861613396
Maxe,-0.7879402420710707,0.4573534526363021,0.09785484279408849,0.7103693575838588,44.03687390908113
Maxe,-0.27682257361410123,0.2295799995161444,0.03312645114877341,0.4366245217228343,29.808479991250916
Maxe,-0.33100102151036537,0.04843794713730778,-0.34442197580839146,0.2441174715472272,43.83439878640589
Maxe,-0.7383642251989887,0.5596858495893537,0.07466349286755204,0.6786236079638471,25.54041165060835
Maxe,-0.4698762523118811,0.19067894946117456,-0.16112013870202926,0.552675828115517,24.789359431634306
Maxe,-0.4801828417059968,0.0749113777729793,-0.1816946010895319,0.2936038390071066,41.685120591506504
Maxe,0.24366906607978778,0.4112411265949816,0.057138468277221965,0.5405558248764508,52.17458905669458
Maxe,0.323659807530751,0.19669713347168674,-0.1386905265654415,0.33124258165545006,52.28007046634262
Maxe,-0.08959154844037875,0.14518362265490228,-0.12691632852995885,0.4142795571625543,30.386204661395272
Maxe,0.2653883899059438,0.21326567123719306,-0.003421373129717833,1.9167525962204182,60.56518193497352
Maxe,-0.57494563403954,0.08220027682169477,0.19603219163195781,0.4357878050815168,40.336616763360595
Maxe,-0.4484403437413003,0.778099290273287,-0.0014976019596268616,2.1982558895157487,63.17003843883507
Maxe,-0.3638928064571683,0.638552869711981,0.0012756216525832752,2.3901827573086725,150.93618555300907
Maxe,-0.6068660060852897,0.28190047990878414,-0.04064942190352171,0.5050271483119199,61.979815178650384
Maxe,-0.7727729056131419,0.6988499258860333,0.17677169510368282,0.6011697234768547,18.41985991674826
Maxe,-0.7445023055613555,0.20033101287934238,-0.026743483383208814,0.5573056547811452,38.64936720534484
Maxe,0.34339005957852736,0.40942263270784335,-0.11513807173233946,5.308058556406143,230.3231557481194
Maxe,-0.40100959034219397,0.022892881625069327,-0.06474580783689729,0.3510843332496912,39.63848672537763
Maxe,-0.6212276598255209,0.04084976745185387,0.11238970905682268,0.4321969549626978,42.137555023227016
Maxe,-0.7416889053327637,0.2615378853806498,0.18998462146806763,0.6289167898750432,28.470657809175634
Maxe,-0.22512558550847017,0.1209574192014422,-0.09289061558831044,0.2220935465407491,46.16660368954836
Maxe,-0.7754417992560805,0.6107002464014208,0.18640205552733133,0.6267641626840174,15.25825777495191
Maxe,0.42945517259323984,0.3385314895120581,-0.022856520726189853,1.9447482546071082,93.1544867050993
Maxe,-0.20474013386716144,0.5088376849561049,0.029548250970562517,1.3165445467919836,88.00073225460608
Maxe,-0.6266956427384492,0.3462926500862896,0.06177839381728133,0.499016991513019,25.184378554203814
Maxe,-0.7467782964179301,0.17734255797599519,0.002748627149700426,0.5341188621350631,28.89531013851541
Maxe,0.31985358076812154,0.09883247360684881,-0.2437510577573012,2.0805487378939667,81.92207838534154
Maxe,-0.6256509588196469,0.15008614519378838,-0.0060809531134532755,0.49541008616155247,31.356343241491086
Maxe,-0.33449006700992523,0.19633006988858565,-0.37184469235396217,0.3576716814099743,34.58654890310109
Maxe,0.06963751326386727,0.4314582148053761,-0.23390769625961164,0.9646779094994637,82.07375771408378
Maxe,-0.599667687305597,0.08767433387879411,-0.09031405860608191,0.483965251324248,33.5168988121487
Maxe,-0.5137241182094143,0.10801627904917692,-0.09095899922006119,0.474938308229982,46.98777310680734
Maxe,-0.1914003796508583,0.08515802242963869,-0.09429969830043643,0.5025936452560431,29.85904113419941
Maxe,-0.764024159664894,0.048852050032482365,-0.12154399920722815,0.47855041295461986,35.86648368443507
Maxe,-0.17411958404698005,0.20143523743989128,-0.07370670972027284,0.32601675073959074,45.3251409317991
Maxe,0.39864992716378683,0.14302371451833124,-0.019493159050412476,2.2298831768549094,130.9105074752254
Maxe,-0.4372705338769911,0.7953780043865841,0.1675834545979788,0.6798249796739732,74.02388188895402
Maxe,-0.36867033927016873,0.11429402378901014,-0.1541602044915668,0.41592415838612085,52.05147397741974
Maxe,-0.8308308173412056,0.4056837179506467,0.15783661810182142,0.6527146213731615,22.42731677575972
Maxe,-0.5254474359882835,0.17967078579594653,0.06464225121712618,0.5258593454483479,39.66842163986828
Maxe,0.31351050368053274,0.1543606213846535,0.057211873169173394,1.4081140818695375,60.22409854088323
Maxe,-0.3875975744138663,0.06142190750475431,0.043962490247581705,0.39663745083549684,45.648026692912325
Maxe,-0.5084810123987318,0.8291580577361625,-0.09172811564155312,0.5878096826232295,29.758746737483726
Maxe,-0.38775992522627645,0.24713305384143341,0.10995027859450184,0.39830062100544544,52.03878246350442
Maxe,-0.31806067634337376,0.030804718652388145,0.16571464518485962,0.3276793566357522,52.159871314008555
Maxe,0.16915262605470996,0.1988338111207557,0.022749298471317684,0.41064357579137506,42.48271058637178
Maxe,-0.3019385032323259,0.2910009989029039,0.029177036057439213,0.3860662321083605,47.29078429344331
Maxe,-0.5310084513351463,0.44598318845937684,-0.07207615547485983,0.5200607312009101,73.39409870046508
Maxe,-0.3911971586309573,0.05148606987137326,-0.20999039776399311,0.3571662611309412,41.088720928732315
Maxe,0.19507587610438684,0.17487434558731635,-0.04540660145543926,1.3909695639543787,29.702209696820006
Maxe,-0.483047445112872,0.18159238030939787,-0.11786656298681698,0.6017073919722941,71.54703058432547
Maxe,-0.4914077616578364,0.08695571177530621,-0.1086004221160879,0.3024367554809969,48.70778893900621
Maxe,-0.43493115059526744,0.46011347622644794,-0.03672562737374285,0.5342570723022901,21.253450084895213
Maxe,-0.3406637917595062,0.11161664348595128,-0.04381568916228466,0.4887066323530311,36.58803287231893
Maxe,0.15010359831658576,0.0575383558370694,-0.0687175386172264,0.37382141508336086,31.89919919435488
Maxe,-0.41452481190076057,0.21783495234215247,-0.2313633164930693,0.4169828444080906,60.82532033868982
Maxe,-0.391692707072806,0.356764560062621,0.09706742179660487,0.5739442770495436,31.815893165425358
Maxe,-0.24040645439753228,0.14394915431761252,0.003451500049077751,0.38103951485597337,51.68447909447137
Maxe,-0.49902126414168546,0.3908939362380631,0.19500997669553025,0.6442435003418086,24.2608537409835
Maxe,-0.4032783581309173,0.22338240680938454,0.030406011433765326,0.4954097017564165,27.43902898591626
Maxe,0.15135618265641188,0.09935236388423753,-0.20038442154161837,0.4912825705419932,67.00629865625348
Maxe,-0.6462493329896672,0.5964995811794211,0.0008624245490523021,0.521543834036148,29.898516253424823
Maxe,-0.634675114147886,0.3506542794284578,-0.012395406283831274,0.36942906131089365,59.10005186586046
Maxe,-0.5379489677081573,0.410821341047028,0.03371094881270274,0.5848352621846525,27.098796391778748
Maxe,-0.29699043231945627,0.2229871179456891,-0.18776574638000107,0.6365323337645039,28.132903760776017
Maxe,-0.6410472327904732,0.38273372186880683,0.04200972624260718,0.5236061060044088,25.0339908181488
Maxe,-0.6327504075408561,0.42615278369371606,0.08532765367246034,0.591836332405792,22.008768521314682
Maxe,-0.4192978849064294,0.1929222720233127,-0.2569133633260449,0.3613026041222207,39.99757535993776
Maxe,-0.28942802189225575,0.15994298720231054,0.05814749420517139,0.3979477133200114,43.8138725158287
Maxe,-0.24358255926515343,0.20918057922346406,-0.01897638915197015,1.2683121816076997,102.68076449517204
Maxe,-0.5971753675170977,0.25705630409977936,-0.03830851254982002,0.5849893350732048,34.49368349055897
Maxe,0.10776945541954683,0.09736853001008243,-0.20773663763347097,0.41084420952246203,37.767715390832436
Maxe,-0.3693721795100557,0.2972153017273401,-0.0478854076174282,2.1738951074153006,47.45888985772263
Maxe,-0.28420367846710193,0.2861408519619017,-0.19915577101051207,0.5201767284263773,61.5942316473332
Maxe,-0.7024783063950831,0.30601231518578154,0.000992952211136315,0.5125896394437837,52.63492699877334
Maxe,-0.7472863590055528,0.13725534982464555,0.06243882568553534,0.5342155217390452,34.22003793569121
Maxe,-0.47415766923828107,0.312132616882747,-0.10463828499176697,0.5894071272337307,67.98358528210451
Maxe,0.10252185874581801,0.21416532630328194,-0.27662478773736326,0.49314731679842483,46.09132316220078
Maxe,-0.6548167287841193,0.30689781548770567,-0.03202724564799957,0.5773289949683859,21.332537572801435
Maxe,-0.24158880957915047,0.030524651079604188,-0.0981766985479582,0.3202493908472229,49.234483707832936
Maxe,-0.7523652993520429,0.276176188196038,-0.14271917259902492,0.5320752063057315,30.836877237560742
Maxe,-0.6395418247323152,0.1609393428901567,0.07886327655949725,0.42999822449274466,39.70954450071036
Maxe,-0.16542270742723053,0.6178275490351579,0.04592469395569149,0.7324116473968697,48.56454281033574
Maxe,-0.43756784458782927,0.15981971894686334,-0.13450268986391098,0.3568830863779851,34.45813853717206
Maxe,-0.6214888521406033,0.36245368206215495,0.03090672418066201,0.6063386320040173,14.674391522323186
Maxe,-0.36755232076850797,0.05243964962680999,-0.030525628838061477,0.31097300280009166,44.773243621587156
Maxe,-0.1528464009533865,0.10657417089015504,-0.22170738534560605,0.2831271703002398,47.52501529908555
Maxe,0.30398636905821974,0.1811703599959536,-0.05415384592016438,0.4218043824419991,59.49960945927056
Maxe,-0.42412507604077565,0.1656108705970098,0.08899670156838606,0.329451283290469,36.811479738540115
Maxe,-0.4675266713108527,0.265434964546364,0.1140168507509136,0.5993550210663477,24.7089136109239
Maxe,-0.3187203594981437,0.13202949809465114,-0.07394798539782362,0.4455409472224299,49.00179907190869
Maxe,-0.7260978927895415,0.2616168945438556,0.1183529317761901,0.4172771335359732,56.69038996616955
Maxe,-0.3086227825491731,0.7041881081370841,0.016875247423553855,0.5243954737736684,62.80253080037055
Maxe,0.1721163970641439,0.12416083741544862,-0.01778526676406154,0.29177645681582043,36.73508262737249
Maxe,-0.6310354289552351,0.14879288018058145,0.04369132092256595,0.5446897883399244,31.74105710816957
Maxe,-0.7560993604683806,0.5873071016082494,0.18951813016397662,0.7139081126182921,16.063052901573265
Maxe,-0.31703512708828674,0.43267424924062575,-0.09608222852973354,2.3550042489818463,111.75329038267454
Maxe,-0.5066968598815897,0.11303502903320835,-0.08772420676957342,0.4669049025055134,45.263837255436684
Maxe,-0.4919237095939048,0.19072855306532116,-0.03934019337262348,0.2835085569754389,44.07296042233836
Maxe,0.2362239067627755,0.19172836765828977,-0.03959631062793118,2.4124241176207253,138.34161799722943
Maxe,-0.5755103413098891,0.08923869976650183,-0.06923752241422239,0.484807879431317,42.68720217911662
Maxe,-0.5819578927592675,0.10363343443160529,-0.32833963774825,0.3998442372340923,35.8058418784209
Maxe,-0.4683437150422959,0.044323545690699864,-0.19831610750121018,0.41720861294590844,35.44412155596338
Maxe,-0.7033911068465146,0.1303578586058239,0.009412064203142985,0.35137917460880763,45.71487624752952
Maxe,-0.49996227544884564,0.41278309035365685,-0.1303699529494796,0.3942556222729364,61.408807462709525
Maxe,-0.45548929785100944,0.08271714849143512,-0.05344146800671601,0.3925731399751904,39.86787538442627
Maxe,-0.5651054377886848,0.05459194963551325,-0.13707602532299054,0.32563840330625526,47.39783495193599
Maxe,-0.39887998105906675,0.09590472555010947,-0.18810351567065006,0.4358572076739141,32.744986458015234
Maxe,-0.18717725424989262,0.28995000114594416,0.03791556969197549,0.43482415427373755,32.50974360948348
Maxe,-0.772110864267679,0.37764450865452087,0.10608148185325425,0.6672379994186738,39.416534207438865
Maxe,-0.49307700281982914,0.5996066188803744,0.014237844936595821,0.4768153217665985,73.6079926558709
Maxe,-0.41545512815614527,0.39476851331917484,-0.14014524313933574,0.3927584459805675,64.20927936052153
Maxe,-0.7516607542239812,0.9731911716129922,-0.056302219373866556,0.630452050120796,27.455331840866442
Maxe,-0.39604993697925883,0.4517119997718503,-0.21840558220131245,0.8833940329477361,94.23588194255758
Maxe,-0.20330673344705447,0.15085317495408132,-0.03191675452682667,0.519459073357316,25.898700825286845
Maxe,-0.4058449788466364,0.2895414068566842,0.07854636169440284,0.2851097416923148,62.7107579956034
Maxe,-0.49498485009262017,0.29938174609404433,-0.14103058040193375,0.2919519072697073,43.381564649022856
Maxe,-0.10804415339332556,0.08879171300097773,-0.04427238590815097,0.40979842175638115,35.3695060045835
Maxe,-0.9297587872455865,0.8464705758816763,0.47910623982124817,0.7730950874134208,24.95762687849814
Maxe,-0.35174832215795504,0.1523482562714728,-0.01988018271473733,0.5081982452694993,28.568186843403154
Maxe,-0.45467985896656665,0.6800853930083864,0.2522063365575741,0.529653250370907,38.76132331467819
Maxe,-0.4178335482342886,0.05604894922186021,-0.0028168692463778045,0.33497731266019826,51.73257505332046
Maxe,-0.21909736419534973,0.5573722237388876,-0.18657179640877192,0.594538497079953,65.58427549315081
Maxe,-0.7388053964270849,0.47558584854767216,-0.04762742700037407,0.6329174919033714,62.94227865356755
Maxe,-0.4525290241500896,0.04574727123694242,-0.04769239096221912,0.47341051807066525,34.76309139338554
Maxe,-0.593986972188606,0.1160314366196499,0.20075773823371035,0.43377953589433693,33.67492606711307
Maxe,0.2509381853907079,0.06531453825045794,-0.2946394677558269,0.3548295807730997,51.49396313314415
Maxe,-0.3710177454871285,0.5966998355195037,-0.18086446847370644,1.6128904008972327,52.33543440642305
Maxe,-0.6208992687203322,0.14297649963955006,-0.22045161820453077,0.5253210609154074,52.26916934090592
Maxe,-0.2131694764157417,0.10405687833653074,-0.06376372134194996,0.2650706053415906,47.93141228090422
Maxe,-0.5458459099129584,0.16669398282969178,-0.09376398991247985,0.39453464387028325,52.58341292508709
Maxe,-0.4771978213942739,0.30558495139835057,0.10237153426296997,0.5819913269283215,36.83296706910786
Maxe,-0.8172634785469441,0.5668995602401179,-0.16367164708844306,0.6040235207482683,24.417203822511212
Maxe,-0.535379204264375,0.5526218908097189,0.19443527892998558,1.1598658647492603,56.411269871800066
Maxe,-0.636703145433184,0.25044772371008855,-0.08740240024875613,0.4920783775018011,25.5202841232214
Maxe,-0.6976323598202483,0.23374168708950477,0.09460990475962776,0.627529285387156,39.926468926922965
Maxe,0.07165263886159552,0.4566414420570009,-0.11152222189791194,1.3605629574272724,98.67784797617999
Maxe,0.17979372691836704,0.21068221593208497,-0.02995695729869336,1.3740519395587303,65.94061148416603
Maxe,-0.34850490595557615,0.006926334719622093,-0.15422646558499056,0.2976575296580119,46.04684375650325
Maxe,-0.7139750674840583,0.2657038200517049,0.01544197160355518,0.4441708529174245,28.25946585880038
Maxe,-0.5581937466053526,0.06148405772840424,-0.16988596890062121,0.5047274293536782,40.635788257843124
Maxe,-0.671544096198081,0.20532106079326548,-0.06754408878546996,0.3709821251161536,54.33338078293416
Maxe,-0.5437183359966464,0.4480074557835702,-0.10693351398621871,0.5816041328547754,63.26312096455542
Maxe,-0.4300278512223935,0.2065732985804481,-0.08107063379537179,0.4079532397595159,53.21340329619042
Maxe,-0.4586305261639956,0.4039136031472941,0.04042704889933368,0.5189020111976299,64.49126805227993
Maxe,-0.8501759556150873,0.4647229998392918,0.31475775561364855,0.6626954887016069,27.643104323960838
Maxe,-0.14621866305830908,0.20458916098918759,-0.17538432777122573,0.5707404580760312,67.43435253547585
Maxe,-0.4223094895147118,0.619769673145089,0.13154376453971195,0.7454609158228442,34.22024827855287
Maxe,-0.2969504600606639,0.26207661267063065,0.006590830563815574,0.39922174335168603,47.738740028668225
Maxe,-0.5559573671967187,0.36798596991348803,-0.011556364616701212,0.6372353920594453,31.399881590286874
Maxe,-0.22965481925428802,0.1508778210514836,-0.1598252181139357,1.4593379754164857,31.493100937496298
Maxe,-0.4713515171894689,0.4253992548457801,-0.06260295357221167,1.5203944449086089,115.18843597868705
Maxe,-0.35268522038236694,0.15469123933167028,-0.12357884617070107,0.5046639956575352,40.43389180560905
Maxe,-0.26543401483876505,0.31099864295875707,0.1255291157636961,0.6295943850361464,30.247301546910197
Maxe,-0.42736322450024256,0.06565721721402976,-0.12462126396893064,0.41583533159016817,34.46791567500465
Maxe,-0.415174912604761,0.22365168310173833,0.07593413256510237,0.9832005010882642,46.85646038681252
Maxe,-0.23424131005707916,0.6934351119237896,-0.11215286714147812,1.5757596697851004,115.19662359019998
Maxe,-0.4823740819849054,0.1169128229189487,-0.23717000308420974,0.22075150015433384,54.406215280125814
Maxe,-0.4697719449326432,0.7292548701581268,0.21471327399225026,0.6612592736180746,21.037317780175307
Maxe,0.19114129983226327,0.37507257593553,-0.18109860864182084,1.2565253567485515,64.09214345186871
Maxe,-0.3828831408117287,0.1889020697978813,-0.10078678206886123,0.522457976721076,34.76023126794655
Maxe,0.10859946205648074,0.40492141625736533,-0.009693706320198022,1.3871840898763852,86.52223279074691
Maxe,-0.4343377244183792,0.0803275448895879,-0.09756571058335728,0.49214838319300797,31.6236096871704
Maxe,-0.5712088452324581,1.5517870861423753,0.023538604192552673,8.970414617532489,18.648570172737582
Maxe,-0.45991172416932113,0.32227443236548015,-0.0019449684511142283,0.4926370353489137,22.25999396596939
Maxe,-0.46348441707674015,0.06258683518180491,-0.04567598416227544,0.2244821905269083,44.62349486644292
Maxe,-0.5200870472063879,0.2668844798704205,-0.08762105361687655,0.5276467198546338,53.83297679084034
Maxe,-0.7132848659498952,0.5362729104776062,-0.0033474451820421735,0.3987096159550019,63.78413547145515
Maxe,-0.32518475716694173,0.13979853152077015,-0.24930942078980559,0.3329557678894635,61.89395399682887
Maxe,-0.8460139569194451,0.5611126706157857,0.1857102868786916,0.707653233239073,17.02069405104284
Maxe,0.4026914407879307,0.21722386790119455,-0.1603439810762241,1.2553224701768666,91.5097020467748
Maxe,-0.10830165430651853,0.3293109997127589,-0.045412069358542216,0.5650360484765777,25.944217373165067
Maxe,0.41134569171018515,0.07666326475341308,-0.043933099146751003,0.47034012327555164,47.26015960899149
Maxe,0.15079583279306158,0.21998168731124373,-0.026477169105921922,0.5612966040116852,37.91919250229432
Maxe,0.24767259011653472,0.264820733154925,-0.05897419442926794,0.6218367454640861,41.69656929543686
Maxe,-0.596366514159879,0.34213405123078977,0.09121810405544978,0.47455142671577455,74.41662473060158
Maxe,-0.5943895582720519,0.08151983803385317,-0.01880013016715207,0.5080150032662224,40.12496351725113
Maxe,-0.5497966462508745,0.06754948655167832,-0.056652205737390104,0.5021661326109951,34.57130786315389
Maxe,-0.2706420740955268,0.11492631042606956,-0.12275909474175026,0.475293687740924,28.148260463561048
Maxe,-0.44495921426573254,0.21846839788377145,0.01845570410707438,0.4085808974798729,46.47330830450335
Maxe,0.17663154044591692,0.23268769256795582,-0.2463735463222688,0.5433781077521405,60.65817059218566
Maxe,-0.6635014371610504,0.16370919318432126,-0.053735829930417645,0.46744758856142016,31.350038545560885
Maxe,-0.24144450134535167,0.032460797553788064,-0.3273253229694179,0.4187184798297767,33.40244860531301
Maxe,0.20010147668721776,0.5268625901929687,-0.23644533813544166,1.4672478520869248,99.16361634552369
Maxe,-0.7336909726657865,0.16227727534683586,0.008483864729354874,0.5176776920148788,49.528840611982815
Maxe,-0.7806669207579553,1.2572403967473056,0.23952245975037176,0.7841659084714051,17.189863263551587
Maxe,-0.37554913776423826,0.40535396878653635,-0.054230700606778384,0.4700823377105923,27.975831789773498
Maxe,-0.7421828946960392,0.6700407024342486,0.08451484479977754,0.6039065869751383,22.591489132029977
Maxe,-0.29017355812069584,0.01970606378769988,-0.20934461043321684,0.4013464299435441,37.86003779429675
Maxe,-0.36285526673971036,0.7162355849015334,-0.08086513408108068,1.8575866781500932,138.9601916965868
Maxe,-0.7189854380800352,0.36206946835791626,0.15075906237107695,0.55221153389987,48.17914754097309
Maxe,-0.699190344111155,0.15906962737825003,0.0403267311865394,0.5309169565081098,47.768491015488024
Maxe,-0.1215040466646762,0.10080305656295172,-0.009310472625943415,0.4210089168638882,44.109275855819185
Maxe,-0.43234093436488324,0.13938416666819653,-0.345109847555499,0.3757914071487758,34.81244443695274
Maxe,-0.2676524571574189,0.18697126456844484,-0.04789598152650643,1.0039242667810218,36.42334492355038
Maxe,-0.7714843086828715,0.1995228562297236,0.006221264159598893,0.6262414792298787,29.506414234505733
Maxe,-0.29508462085419945,0.3632629719710466,0.12325483105951343,1.1837959773112994,74.67019257479139
Maxe,-0.5628608674096625,0.18075541879332707,-0.10178170059016722,0.5118482937668611,52.03990595584223
Maxe,-0.5591322748080199,0.09691443068908014,-0.14108404533190574,0.45169392515678775,57.111720660849095
Maxe,-0.29670948575264955,0.25005918407185773,-0.012462203559545403,0.5619698808179239,48.55438731487415
Maxe,-0.18769478701235381,0.22555921284432032,-0.1515401260749181,0.9687363389713841,83.97595694822387
Maxe,0.47279170254595043,0.19065168605682484,-0.24486139191650183,1.0945155966563642,47.63070771407066
Maxe,-0.6715831629893518,0.322719373538353,0.032260739806948734,0.6759027631978687,26.550999573543777
Maxe,-0.28746456831189215,0.321696586121749,0.036701473843544,1.349928745638278,79.4959229206467
Maxe,-0.27241802628475104,0.1065291554345974,-0.1311912545577875,0.2734585337398971,54.23869167282725
Maxe,-0.4180662672187076,0.3737785740984877,-0.1794344016303624,0.5877060592163226,59.00826037113872
Maxe,-0.32142050870162625,0.03416595932518461,-0.12641235541234414,0.3768713445506879,34.42944273893306
Maxe,-0.529503041721908,0.270119539599326,0.15750917504701353,0.5090196657219629,36.61918573689856
Maxe,-0.15345911060854844,0.14092628934982843,-0.04827665818184021,0.305753455650125,44.91303948919696
Maxe,-0.3032298337962593,0.22576387670953252,-0.029407184969927683,0.5033436186820021,36.90618824825809
Maxe,-0.24531780139264317,0.17360665306271325,-0.2510444575898561,0.3265784619886369,41.960371050005996
Maxe,-0.29237224693463615,0.09271554389354009,-0.20673283717382315,0.37298678307410704,48.76941446738351
Maxe,0.2890935018527398,0.1430598904917307,-0.038265864825545844,1.1831934749875288,85.08762782630818
Maxe,-0.4664121271073947,0.09345841843565347,-0.07581453428031405,0.30096998707756883,36.897897185467826
Maxe,-0.3505821657942515,0.027501751398905122,-0.15324398197253272,0.4299037720590615,39.03250387850457
Maxe,-0.34486465525031695,0.1394742195541595,-0.044126140343128256,0.45465317842513553,46.36364294625687
Maxe,-0.44685207449771314,0.1312133020535713,-0.09098476701741512,0.4850836007494408,40.57215738045853
Maxe,0.3088923390220457,0.33095110833931096,0.14996386051352958,2.3287175304775785,141.11242986066964
Maxe,-0.8068702297571477,0.11403257402043523,0.019912014339752204,0.5971642059339738,29.815447954011084
Maxe,-0.6470842601670986,0.07934796373489146,0.06918274624490911,0.5531785232278277,36.72567042685403
Maxe,0.048685301239366305,0.167203899063749,-0.08497199692249816,0.4709219747601359,28.78014191069291
Maxe,0.2806874050617727,0.215984961510499,-0.08910970132841065,1.0156626803238937,33.45289206648583
Maxe,-0.7574681552880251,0.672801854649864,0.27230393416314924,0.6760016978585938,14.642622727188867
Maxe,-0.2342895150943776,0.4340966187382806,0.18226666679243478,0.39102512965749014,31.632737151369213
Maxe,0.2883021893704582,0.24983882801918988,-0.048328086696843145,0.4491667537995201,33.49259504473299
Maxe,-0.39935343615017416,0.18651066115117249,-0.10196489060302434,0.26005703438382355,43.22410718961973
Maxe,-0.6861714601101551,0.03124058308746694,0.03057609968738538,0.454894660080708,33.37048712997807
Maxe,0.19353917665699535,0.47052025521624224,0.1520951911428393,2.3936326379845525,150.60632447947822
Maxe,-0.6311903626464961,0.1988638008315409,0.1126916876966408,0.546863929783884,29.696395890664547
Maxe,-0.48167673110797193,0.16974356572589563,-0.16384257440478317,0.31938120974741985,42.23101296574021
Maxe,-0.3908891618641347,0.1427400065429419,-0.35601131771344396,0.3257948512860334,60.565839334109455
Maxe,-0.8943379552483808,1.1100977498785278,0.212440837414215,0.7456160304243925,60.949644933164954
Maxe,-0.37228578219302166,0.0446801527375761,-0.26675703244202426,0.3597137434782428,44.30471238798763
Maxe,-0.46210407984441276,0.13440675699869126,0.03427567315191532,0.3763278011695769,38.53853850494384
Maxe,-0.07783049944931439,0.6696611427071001,-0.1497837251120362,5.411597144104233,253.23846094511708
Maxe,-0.17390440924111406,0.18390361124244325,-0.06928605615337338,0.44934752849821263,39.64016352716289
Maxe,-0.5420359043026606,0.2922997503953802,-0.03204751877000217,0.4261619410422599,56.14755624893793
Maxe,-0.4180232987576967,0.25698197265169614,-0.12029772624653864,0.4403659809961034,27.67873263842528
Maxe,0.24525353579145842,0.17266975941768498,-0.18605555841452928,2.305770054487715,131.9046679094039
Maxe,-0.7133816331144329,0.10021916070753052,-0.0009584683586705453,0.4638951688098078,33.668961835027346
Maxe,-0.6364233065977094,0.4199854295047875,0.05406415882292721,0.6769663064656752,53.32985410124236
Maxe,-0.6765500489553227,0.1644126389554541,-0.2503444739041193,0.3938315786440448,43.26703745111288
Maxe,-0.46086265855939185,0.32017351507853486,0.42121216326190325,2.17444413698853,114.35207725357218
Maxe,0.09109204093303977,0.0670295845048779,-0.08938671197291252,0.3918215583956004,37.8223404600394
Maxe,-0.4412058997648028,0.44835202368255667,-0.03137280800883874,0.4627613195749513,34.81205207440867
Maxe,0.29543582340637464,0.4867583606058224,-0.020631220475618998,2.283761781024587,138.1173028786722
Maxe,-0.5215251405836776,0.09154032879927514,-0.023171486233879254,0.46038712886150374,30.64573640049705
Maxe,0.38364239732911115,0.29110126761309635,0.23344539987504287,1.4183752535931051,28.68055771791903
Maxe,0.3414226185834871,0.1822084230758897,-0.24804471595089708,0.31167578230737997,49.881846392525404
Maxe,-0.3739947932469974,0.03218731222414439,-0.04118606146824803,0.42786381720516004,47.64391000622406
Maxe,-0.25103746072363753,0.16083014420047137,-0.1134141263356554,0.5172232044113141,38.15493270491164
Maxe,-0.39809017453003137,0.24165776437065797,0.23066696178495952,0.3763251017912495,43.32071459160228
Maxe,-0.7187571432862943,0.5611265530469136,0.037083328198357295,1.0491624453569246,96.77376158783481
Maxe,-0.07746382359584009,0.11190305047289417,-0.0668939339729612,0.4987259312700699,34.29658618408554
Maxe,-0.4028529468473229,0.2013146751060617,0.05558823101266614,0.49115239863784377,40.65728331504877
Maxe,-0.22916530382477163,0.34740454647928964,0.012642806131463938,1.5540852471681141,121.43905481138546
Maxe,-0.7432646504848893,0.12849027554573497,0.19233732964476996,0.3752339624551719,42.690719187250615
Maxe,-0.4498609289508456,0.10104287069161219,-0.06189606785134343,0.3776792045387273,38.845220296247035
Maxe,-0.4922588354805063,0.11651638615844809,0.01886809255297832,0.26724981767942546,58.84320407547871
Maxe,-0.3380584344898335,0.12334010240935811,-0.18399179839198235,0.31284985810801086,54.115151563038985
Maxe,-0.7889916669505742,0.43902402850229744,0.23067654881029273,0.639721961255031,22.834611050128792
Maxe,-0.40703174780768525,0.1611724603439103,-0.17548696601785138,0.34045432321594576,36.01908314418501
Maxe,-0.6877629644863531,0.41620126335688995,0.1561683548250921,0.6254815622293136,47.746378749105276
Maxe,-0.5922935372602528,0.27848514161191396,0.2583392966296759,0.40408566732679,43.923390279668226
Maxe,-0.606028238978364,0.47429015227210564,0.03352982179994552,0.5847479320268024,26.846481567111113
Maxe,-0.67097946026847,0.3612887958627183,-0.08003130385949037,0.5037763503188719,25.47995989741721
Maxe,-0.6690254548158757,0.3919932946673396,-0.06670357593840777,0.4457227469173878,58.84276355056437
Maxe,-0.2149090773754312,0.19393488314114807,-0.017546275324165885,0.5429225191947737,37.91933713027997
Maxe,-0.3223580618090404,0.20947617656464934,-0.12652972852033023,0.5295506979958583,42.08196708396979
Maxe,-0.43997018418094513,0.21975250973054988,-0.16523035736608874,0.4339301265030993,26.74369828980933
Maxe,-0.2363445849007108,0.07676488658167432,0.06240771454441893,0.35063116382895165,48.11451000015988
Maxe,-0.6945579816078596,0.5169531405254851,0.2944795190834593,0.7290798841191554,19.01764331714092
Maxe,0.30570760817956144,0.07362432690793946,0.009256512031476797,1.2832591340993058,53.00089918352431
Maxe,-0.8669438376082897,0.6339732893351319,0.23059056235528924,0.7045973974353049,18.540077484031528
Maxe,-0.2895639014217497,0.22079029651743504,-0.11840938476806662,0.27696648640986865,46.57588103601761
Maxe,-0.16919263234031406,0.18633587083426648,-0.17663847290705464,0.2894777312792702,45.446554904799356
Maxe,0.3265649294325702,0.0904417014736816,-0.22082400870276034,0.3001925728947053,39.95328201636566
Maxe,-0.542520846621478,0.07924277926157493,-0.3916639155480857,0.36286258159952134,37.91435189974937
Maxe,-0.5654450366728476,0.05227844590095913,-0.10157338168837597,0.3044228416463265,43.91247183158655
Maxe,-0.6206142051443662,0.2642804395394849,-0.20283899281929124,0.4732271408886049,61.43808138397145
Maxe,-0.4877425896855548,0.13189543158570452,0.05860275715979398,0.5201166945582301,35.66508672052143
Maxe,-0.5083650880298181,0.05485592395431971,0.059047230969527076,0.33363238435967557,41.6638131234682
Maxe,-0.7024633360352406,0.2512028591770433,-0.1712819791109575,0.3668256519811393,48.51976919843198
Maxe,0.1086955403130369,0.09940125559235313,-0.16089726096785698,0.38575217596066685,47.55499137636846
Maxe,0.23254724829007162,0.08361629793089195,-0.07971570331608852,0.30906272067539464,55.596071478659496
Maxe,-0.5266369556948568,0.3056131630871027,-0.08488030276737406,0.3617250942831283,40.49007648228836
Maxe,-0.717800205446254,0.29031734290068745,0.018648303565089796,0.5781889761475856,36.594212389699685
Maxe,-0.7916549920157674,0.7055699394364358,0.17956095889580898,0.6538046747684553,63.18708931465227
Maxe,-0.7438351442267153,0.17978160608906485,0.05629884030521577,0.5572390269010279,48.099668237658605
Maxe,0.23938911973128854,0.37585309142640355,-0.06053321672042226,3.6968983392019013,174.56199702599787
Maxe,-0.14186467338844747,0.27299378033138244,-0.20302448718730587,0.3313320915467043,51.36476472065416
Maxe,-0.5007937796657775,0.22647347359601572,0.06888240619149899,0.49341823448150396,27.692850802081974
Maxe,-0.6583008894259993,0.2285275700008716,0.08404567773635266,0.5702607179616828,22.19647977185899
Maxe,-0.6171141628463079,0.23180947806578794,0.07075342383410911,0.5114293137951412,51.015265153188565
Maxe,-0.5172642353425154,0.0836346300990012,-0.06369873918328535,0.5184107773304628,38.476271726254964
Maxe,0.2027726960744988,0.5093645340340146,0.02514160699475947,0.41543127115065254,44.953729880285145
Maxe,-0.34389232194946706,0.2416855086426434,-0.04033871212145169,0.3614834310158294,35.13562237418982
Maxe,-0.14767274436519834,0.11532699474947439,-0.19541507748762074,0.31043540241900175,54.99644893266591
Maxe,-0.3234767319880404,0.27943167518840584,0.08643722089063181,1.0256972576567196,60.44203149652745
Maxe,-0.13914517729019726,0.2990483912647835,-0.2324137011060713,0.5707919210727479,59.477384316652426
Maxe,-0.16942492427445038,0.09905157849783512,-0.2565748228450812,0.404903015019273,51.067827591318164
Maxe,0.266852990560927,0.5491137771138659,0.055530458501068955,1.0579842566839504,27.532127852219734
Maxe,-0.6460176667045675,0.3377802809266138,-0.06699783864918597,0.3411191349022702,42.80588825203758
Maxe,-0.5934917045599526,0.41107387373643284,0.012494944309356899,0.560855562276198,16.39790016246836
Maxe,-0.5940457296062522,0.10853647156012161,-0.061749713874844785,0.3077016132830853,43.544616961019074
Maxe,-0.3100874219036578,0.13132072729402772,-0.105149046523514,0.3334177371012161,43.40625115321465
Maxe,-0.42191176593084545,0.1259673774522459,-0.0807107883232764,0.405121848408366,39.6965618915938
Maxe,-0.4464324614402637,0.10847288887257305,-0.18860443877997318,0.42612391536633687,32.35565853477503
Maxe,0.24084612907969047,0.33627614473542916,0.006145079609759316,2.367975865535808,132.74456917481706
Maxe,-0.39467903047673175,0.3138290652634605,-0.07445873656046074,0.4631631623688152,49.538769626282566
Maxe,-0.2808787646871144,0.15159514748436834,-0.11144517502491864,0.36991626122013715,53.82142801435563
Maxe,-0.4357250082613959,0.027387868227698182,-0.16248164092120226,0.3706876770367194,37.08761195019694
Maxe,-0.27229228358050594,0.34528289402628803,-0.06170203420113,0.591077187541346,34.208532955695674
Maxe,-0.8592466266459337,0.12323650981813702,-0.025568221658762946,0.5670049567042559,40.25040674556409
Maxe,-0.11336662437999309,0.2093053317325197,-0.027743302521715463,0.37315443581569613,35.994585855004885
Maxe,-0.49740333604095055,0.37678674036889015,0.20044203282461262,2.163226171018253,53.17820594053775
Maxe,-0.3384692924382776,0.13734727473563377,0.011943488719941645,0.49263687392615085,57.26521135882736
Maxe,-0.5848199186911047,0.13509289532541532,-0.1724901455181522,0.3608065452325042,53.57197411700007
Maxe,-0.42684188557009956,0.06523078244334493,0.0802722812925581,0.39781604655398767,44.71692817061742
Maxe,-0.17783126361309512,0.2525819715947238,0.03582564658345425,0.5341823379939378,26.905150153880367
Maxe,-0.7168935373069265,0.11999829193260636,0.20084603832228654,0.4736276190856568,46.719096986846154
Maxe,-0.7023317848695165,0.0946920392583698,-0.003087804993536512,0.5211804528872982,38.325220880674344
Maxe,-0.7111836998941445,0.07597768879359695,-0.047966288024155194,0.5278292829722548,40.16982548996228
Maxe,-0.4831054367377846,0.02662850696248704,-0.07487210809975448,0.3831788791089315,38.54322583389475
Maxe,-0.570894993537705,0.32054979474458434,0.06610401173788025,0.4272183159772619,67.7674120043912
Maxe,0.3279317939032095,0.1634464413101978,-0.18256673245106506,0.3287517913246724,56.67620103650669
Maxe,-0.7322814646607012,0.2312442804338061,0.11241679470554798,0.48819653726425,32.84718907521769
Maxe,0.39790102014827233,0.2112913825235166,-0.19236578806465268,4.035945034666055,155.91315922654064
Maxe,0.2078381765360937,0.25230859519995985,-0.18162746400383453,0.4581678703287209,66.2027185933183
Maxe,-0.4545122875309221,0.09607064758609825,-0.22242285714788346,0.30780310898817503,44.835345929582026
Maxe,-0.5109380678485482,0.10373459229400595,-0.09327225104353985,0.32240947497682954,47.71660209728097
Maxe,0.13243119366188894,0.18427555813939941,-0.015960112718373026,0.30359384929530625,35.1464027241834
Maxe,-0.36401673293273695,0.1647593285024232,0.0684765961183815,0.5019382449717407,33.16917034503661
Maxe,0.12165660062201233,0.3165827621238054,-0.03519722566594144,0.41330851558872334,36.55015158109733
Maxe,-0.1961134090548638,0.09515021985560217,0.04054856361959123,0.4491115582727985,28.80514530794923
Maxe,-0.2268047727700495,0.16709401154891812,0.04416905126452465,0.3819409634318221,39.91434887881739
Maxe,-0.3362149562010572,0.19330222123957697,-0.16527250997706164,0.4636263349130888,57.73273850526999
Maxe,0.10480503573826203,0.231820959175178,0.004834216900619591,1.1490950868267213,37.526823311387105
Maxe,-0.4691147583699684,0.14771027590714772,-0.1336384376157964,0.4494282101990151,25.82964577170211
Maxe,0.304633089345929,0.286175967445889,-0.25173743272570803,8.50336778506296,49.62067473013346
Maxe,0.41164105654180505,0.06146328606314009,0.12126957533807256,0.9829435859714857,35.34931671834044
Maxe,0.21955891593591553,0.24093520434618126,-0.3242951904734998,3.739141487096378,180.89351439237126
Maxe,-0.4330083523054286,0.2806854007077293,0.04620284627559605,0.49793629119594046,43.80988138861741
Maxe,-0.5255958569787591,0.46939302099567015,0.33099499251818243,0.5761337001986466,25.621161241250398
Maxe,-0.11401332325014066,0.0795573727375736,-0.03711292969172579,0.4525422831981534,32.45738622852597
Maxe,-0.5616701119932728,0.5867297937511232,-0.023980650684814694,0.6938787156146791,75.21669576714363
Maxe,-0.1567806349101958,0.11929827230947701,-0.07507160609838676,0.5145279963515106,35.83524027847661
Maxe,-0.14284827170429665,0.05833893622586338,-0.0008474907070713516,0.3485921121741558,58.95431322649425
Maxe,-0.3965742195089835,0.1215514389933779,-0.06711690422941857,0.5599921373638257,35.8650558389997
Maxe,-0.5841743717677697,0.2803727742970391,0.10343760853546158,0.604517877409546,32.470023939831094
Maxe,-0.6427375548286346,0.24506504267612134,-0.03541723448478826,0.5354843016156262,26.051626988026662
Maxe,-0.5933344252760058,0.43005531089419674,-0.13182775270680427,0.5317389757611484,72.70496702772942
Maxe,0.17639309500230416,0.16423415814900275,-0.14912608564375807,0.33843665173101584,49.916835172401015
Maxe,-0.4656168240014137,0.28603987399896025,-0.0005729350041880563,0.587575325032102,36.97777887468503
Maxe,-0.1783120680414237,0.14725911261480124,-0.05988881681278177,0.2492232282137983,44.266788693732146
Maxe,0.1362493752559057,0.1320263009828123,-0.13032722217830311,1.0399823691615946,36.110222461501785
Maxe,0.2761709315255466,0.4335094210326133,0.010897830356211074,4.056013320747147,174.32425501876884
Maxe,-0.0908594854564263,0.05305952879383842,-0.05451654817880933,0.19804661710854682,52.28464385450732
Maxe,-0.3003052010424526,0.1792108155891446,-0.14332787205562794,0.5069385969459562,40.52128491725057
Maxe,-0.6738709798891447,0.09798890151792784,-0.11899649588528234,0.4043784492948185,37.44390456005378
Maxe,-0.28466318688337033,0.589753285364704,-0.17386982577690255,2.71719075596155,106.6991561344511
Maxe,-0.26026960436084107,0.09521687606638218,0.10739110475711357,0.3854836274489287,43.03817279920697
Maxe,-0.823334664891977,0.3440858577477718,0.10616315828924544,0.6363566796195664,30.14177799080485
Maxe,-0.8143802751294875,0.6972307672463736,0.06628075172841726,0.6453619757640373,18.25175559946326
Maxe,-0.5678087215983753,0.29777810467673704,0.07513869286733484,0.5553853377524838,41.56007488838454
Maxe,-0.24424377270155992,0.019522169295812828,-0.3869436504347139,0.363508112543394,47.48081309055634
Maxe,-0.21177340654986615,0.14979954035495144,-0.030426598068707105,0.3623599407954524,55.25149978551623
Maxe,-0.8646699583843784,1.2040262445006291,0.3595778333776017,0.806956640370019,15.799390011918314
Maxe,-0.5936115760496397,0.16401695861615573,-0.07493265029852376,0.4896865947306528,44.53530665514093
Maxe,-0.12699624963013895,0.3018400478688693,-0.19851843608901257,0.5230407069822666,60.47365630517206
Maxe,-0.35552596482936183,0.8430068325244436,-0.11094737400315899,2.2101495327137055,91.19997302263648
Maxe,-0.25904934643851524,0.16352309610034244,-0.3585531200070896,0.29612884370593695,57.42499645403316
Maxe,-0.4891153783148098,0.24548874503170065,0.06148774158682845,0.5662536036329512,36.8556702162352
Maxe,-0.6402356057582259,0.29435699848506286,-0.08244816199214686,0.35186383533255555,37.10125853826494
Maxe,-0.5082224946080525,0.21646956458137862,-0.22532116706006092,0.4295767755691966,58.08609141605084
Maxe,-0.3275394665043854,0.123819301611413,-0.0015136754463479448,0.5078845092417176,32.57280843118584
Maxe,-0.45667839562668744,0.2563428925987689,-0.23110756365307364,0.299376867697135,43.719884057941734
Maxe,-0.3872180441851577,0.23722034166354672,0.16175083990122086,0.5777154760622193,41.78458330198703
Maxe,-0.31400136431349646,0.20001653132440658,0.02790140427376147,0.2979234206774884,41.771863873958495
Maxe,-0.19715259591251671,0.13070261588173684,-0.3043766733675703,0.6219642033437028,49.112618382882545
Maxe,-0.3036106055404737,0.731434001579146,-0.0049136244976525495,1.096705154989539,91.98597689149209
Maxe,0.2592055896937352,0.15279699639939165,0.09064728517660169,0.3815081883919375,51.844206785892254
Maxe,-0.23714984585149815,0.1078089638776546,0.02991088332147026,0.536783435949436,31.24765085749865
Maxe,-0.3064916253964086,0.5135214332769714,0.16394671718029163,1.3406838623112587,109.33019552089388
Maxe,-0.37291159241628474,0.4881968292554899,0.24010785667665713,0.4258964013777094,28.753237191065097
Maxe,0.30267301298275645,0.23938683803983468,-0.22511959448303626,0.7295235249345593,67.77910570973458
Maxe,-0.43318673713814737,0.36313004511253444,0.04278711364239742,0.5753168097186053,21.86602352748659
Maxe,-0.2129419207513581,0.12652562938779416,-0.24120231087494828,0.263145460464192,48.11123218570787
Maxe,0.11420168755930749,0.2718048572003376,-0.2895755697233124,1.120695825155974,43.68457628138417
Maxe,-0.2718485467711995,0.16176705216706427,0.061275229690487994,0.5591017422493787,60.81792844481605
Maxe,-0.7954653252431033,0.734410948307068,0.18779809301850878,0.6609563298265543,50.80261457483177
Maxe,-0.5410570545621431,0.601073777251468,0.11442726677157046,1.4363343345914696,117.97142995760287
Maxe,-0.2737301197516653,0.23956001932565912,-0.026218669649099184,3.9890484739262257,158.88686751411495
Maxe,-0.5425761614832479,0.4336616624047214,0.10768986466979133,0.5319370415309356,24.287475180405572
Maxe,-0.14151788788992115,0.09968041721953674,-0.13743673860465777,0.30103295478630254,37.79433609032752
Maxe,-0.4966532577704576,0.15784110482407482,-0.009326454185257517,0.4909567141389966,38.453937871908316
Maxe,-0.6300827494297684,0.7242422993791775,-0.025585410050976802,0.7407274750123496,24.87857020293408
Maxe,-0.48365084187042007,0.06199569313851533,0.011294321454473226,0.5274500011557484,32.42641002397163
Maxe,-0.1711938945715244,0.7173253082692219,-0.12030728370655346,1.2195795941076149,47.20170931558246
Maxe,-0.6668090463079531,0.3609028775326819,0.1465744594376884,0.49289332591836216,30.479542554293772
Maxe,-0.7848033805540565,0.2453685280765944,-0.06578244027633541,0.5117626153806232,29.267083947520817
Maxe,-0.32326461328588135,0.026316082704063586,0.00035979539838208854,0.3417598063407651,37.184290207030635
Maxe,0.2305682047537945,0.4838619623690012,0.0019757032117351057,0.5840088699355318,65.86121880701833
Maxe,-0.09619910508247785,0.11413832409713484,-0.054287462082156776,0.2768165962191314,34.20679261091952
Maxe,-0.7711500736483241,0.3957521789785622,0.07884985098734364,0.6179031610692188,49.59306881114141
Maxe,-0.5475566647013695,0.07285681218150022,-0.1703280779673371,0.3579416267113566,38.42471613619987
Maxe,-0.33964759539665806,0.19842310607538477,-0.15236118918324973,0.6045763850276724,27.00471708641262
Maxe,-0.4399632395512199,0.41042664501043163,0.1040791718270784,0.39406673309428136,56.2046371504441
Maxe,-0.6721428121298569,0.02546605163537797,0.08778395171423509,0.46955670542126965,37.558794324976276
Maxe,-0.24841411059673002,0.730887427629607,-0.026927259411149047,1.5847933726489838,136.8654383385383
Maxe,-0.22870831647961676,0.0770094506458125,-0.09534773662771538,0.291952829130366,57.39038929030308
Maxe,-0.8442424169840166,0.8633724154750324,0.16786059752863658,0.6667738514225375,19.31043153754232
Maxe,-0.6214068139107816,0.12162949036268675,0.10978591200392504,0.5628968811542158,37.11566123574369
Maxe,-0.7705314746890236,0.8653713595139291,0.14064912429987864,0.6193055226052014,79.8707641941258
Maxe,-0.43221092870921035,0.16517251846065334,-0.09731163674103921,0.3267975282113093,54.014577949460204
Maxe,0.22548629810809262,0.6417519320003702,-0.0423660332297861,5.366122354086603,253.03715458363604
Maxe,-0.4026595654257211,0.1772050903159605,-0.031406923398537394,0.4321728874101936,41.47659826120861
Maxe,-0.1961255658921346,0.10358072828933973,-0.12268725262650773,0.3025978287506991,38.132173986752704
Maxe,-0.536594157919171,0.800589987291775,-0.009055028386100047,1.5683660112408715,92.2028941134567
Maxe,-0.1373893163617677,0.06412345143136074,0.032561000277911416,0.4466537797821496,48.40739997268806
Maxe,-0.5256834303096249,0.16142137584945998,-0.022744532648913855,0.5507664291434723,27.55101403471972
Maxe,-0.41638511148470714,0.03484739368970842,-0.17727938695408454,0.4484106746474044,38.948063239420094
Maxe,0.23822291450392202,0.16660049172281782,-0.2835019914412996,0.3228717495813999,36.774623221982964
Maxe,-0.31216865953381545,0.23251101836792812,-0.045596874962191544,0.36770276096115667,41.27169758641748
Maxe,-0.3580748834554477,0.2884461186884667,-0.11333916665171874,0.5400467424955228,24.90621471025862
Maxe,-0.3043100566806936,0.5281755342403558,-0.2288985483578848,0.8073356368653466,95.94057611795091
Maxe,0.2351963108993992,0.42766451283224843,0.06738012641142664,1.0420264735143105,42.16507567301183
Maxe,-0.5411118730289011,0.3376551337135768,-0.031559875885234956,0.5478504034658181,53.47857903712165
Maxe,-0.3381561927994507,0.44694336378047783,0.2673767244050474,0.5749211610777776,51.962813651414045
Maxe,-0.5691333136923782,0.1998717991441815,-0.06001824792829181,0.38595181229218584,35.505865416247204
Maxe,-0.23198084037673575,0.23736836378052875,0.04349560878230583,0.45035640251029957,26.39821686378193
Maxe,0.3069419583772247,0.1901323495066139,-0.08285648009577413,1.3946134019319323,76.0662975564037
Maxe,-0.2889552940812603,0.1539066626478442,-0.19480019759189596,0.4900997501206434,28.758610025905895
Maxe,-0.5479747687807208,0.12561248499259228,0.00968745395957455,0.4672099293700415,49.33375257577241
Maxe,-0.30952493789751073,0.22015148791231445,-0.17640755793823934,0.527790754680342,60.340567137406545
Maxe,-0.23928930558189587,0.32743659181396434,-0.006565551035789397,1.146082783883587,25.63844399063002
Maxe,0.14595788398786488,0.11922387115775775,-0.10872850651373545,0.3592186565328749,49.24863038835524
Maxe,-0.41648260944653515,0.3903743040371244,-0.011295423620746203,0.5811558882291111,16.319265388590487
Maxe,-0.8372681250507437,0.3149029954330175,0.11671030171893321,0.6315176767710626,37.875446493831966
Maxe,0.07477752832482049,0.1558605811199271,-0.0584144818561095,0.31394339126795756,36.63713241893715
Maxe,-0.6775466584741785,0.41814180829736014,0.11686083043235262,0.546045402971673,22.523262162780263
Maxe,-0.20575197513380644,0.21788211408533323,-0.1293561581846485,1.3371353253336737,97.63790819342105
Maxe,0.03374477558142144,0.37799467537077697,-0.20633855701553006,0.604475673071426,71.05200856471565
Maxe,-0.062423439401315436,0.09756267376804924,-0.12760037546987651,0.3838160297065369,38.603603098373036
Maxe,-0.5556826331538276,0.6003943778004821,-0.08746733826631099,1.5243569042271417,112.02095958205952
Maxe,-0.5016291366866895,0.3475339401780131,0.17541268851993166,0.4949452302416004,32.91604639350548
Maxe,-0.36734863241262095,0.1797576389544051,-0.02194013854098431,0.29418824299717033,45.74013421174239
Maxe,0.054571004136374564,0.14421164267141648,-0.24368292388322707,1.1110655487077459,50.37575769711647
Maxe,-0.5784089554302052,0.35938553882780155,-0.0030764847951499177,0.5060511210912111,25.410149163418456
Maxe,-0.71811874030883,0.053610710081352056,-0.06810979644959589,0.40646248658985795,39.3072371759337
Maxe,0.37131782021454096,0.36800714770738574,-0.1529593998644193,3.7610109622848813,180.5696151997726
Maxe,-0.39026245769908785,0.06144171349908649,-0.04242269489849213,0.44943316440920184,40.480011540931656
Maxe,-0.8353866484970536,0.6008775629496921,0.23343350786977152,0.7169975303309523,31.44699458234977
Maxe,-0.21595568817007516,0.03724592732187967,-0.34673554938885176,0.23334246786518628,47.69639048024109
Maxe,-0.5738568292658012,0.5002714865973525,0.13913034530335053,0.6794712289435002,44.269304149492754
Maxe,-0.43618888463995,0.5441990581484399,0.045032490706982856,0.4435871048427354,33.258290318799524
Maxe,0.21247703759411343,0.1624668391767908,-0.20756972581594055,0.37196531528529286,27.779378633536986
Maxe,-0.29795188566460995,0.5337753039011102,-0.04213369807774554,0.4561694248437884,55.79278932411398
Maxe,-0.614153647086961,0.17017179844779554,0.01793076309184651,0.5126023730179142,28.15341374176717
Maxe,0.2678682340479611,0.39240979593911435,-0.16520868954606957,1.1223488332827096,32.09900020370289
Maxe,0.25878200217650515,0.7945821216849657,-0.10617289330954446,8.6907551897888,36.02349288391131
Maxe,-0.5948702398739849,0.12707632492352636,0.21631894613473127,0.5137814312287529,39.18536862449642
Maxe,-0.37702803874305124,0.2772311085017284,-0.07171395716609603,0.40726586054054875,50.99133999884539
Maxe,-0.8383602691619463,1.0467828574161282,0.08813288325623028,0.707070232212432,81.71997383480497
Maxe,-0.5145232825081758,0.07822155401873868,-0.1916616165918905,0.3881261053325989,49.02051257126545
Maxe,-0.30880332803769545,0.18683831591604544,-0.16642269735493392,1.100538526324606,42.98784101360094
Maxe,0.14536812776655322,0.17981056528832032,-0.02441067837154659,0.4653092099713054,58.822677628844176
Maxe,-0.287904044622915,0.30019828005418614,-0.07617034676653918,0.48549489396526374,64.68620763303866
Maxe,-0.3131035143783002,0.12203382712259736,0.16442768535402946,1.3624759878439365,101.34599081557006
Maxe,-0.18530819362433487,0.09824370343946773,-0.1520526262603021,0.34920161309296105,44.4475531307975
Maxe,-0.18318180304962478,0.42395780652022597,-0.004305586817082134,0.6056163376595791,48.480677338422105
Maxe,-0.19721385203871067,0.024712167887500774,-0.10388910119026062,0.2844127575384622,44.8285754492596
Maxe,0.1620440732743118,0.20098425584598606,-0.07728205127426832,8.559959423627594,30.181027927746634
Maxe,-0.8141486365325177,0.41353184332463816,0.04435599183401382,0.6821595277609844,23.341684132093626
Maxe,0.4899196033739994,0.2301052876107652,0.06024113646607731,1.0322115881539558,47.89930911027131
Maxe,-0.47416035937293155,0.20929870185002925,-0.10508549729481402,0.3342161789347602,62.2212849775414
Maxe,0.18903104437346735,0.3256094436975264,0.006932419999305736,0.40572889303547616,26.85665537155579
Maxe,-0.25112899131850425,0.2692020780790053,0.20255466635120817,0.5394314973973859,28.794627479511146
Maxe,-0.21226116703969158,0.24446929507756945,-0.10477856648602518,0.33946878928650004,40.66648757074302
Maxe,-0.21644689019570057,0.2713181004181489,-0.0470092114336064,0.4200116330605557,31.1860197203656
Maxe,-0.5432113979157794,0.13324527643373701,-0.11733994097493201,0.4516875861959137,31.46431200657846
Maxe,-0.5798083453594078,0.24944190698074742,-0.20918020654611413,0.31754930359088474,51.67846024841715
Maxe,-0.18805462404310785,0.21807434273560827,-0.19887760879462185,1.384456531657692,88.88778123534036
Maxe,-0.6788052923987197,0.3968590573541339,0.03900753219429403,0.7850688135810593,96.46160843957458
Maxe,-0.2720027707351867,0.17023831908264614,-0.0863388481134975,1.4409736418404222,101.35077182821671
Maxe,-0.5695901351696504,0.09025551423375588,-0.04058199846167198,0.25601673050372437,54.499509452552815
Maxe,-0.9374042030590678,1.0346828768206913,0.4563432515221443,0.8212380363780751,16.945698141551087
Maxe,0.09635296457941862,0.11103451667700912,-0.058749304442871894,0.3476005265933526,39.13697582900213
Maxe,0.22086088944929838,0.5341792083513308,-0.12422782977378757,1.3956950324717898,72.51080974030033
Maxe,-0.7167693805152889,0.4193904695713676,0.04397829830670139,0.5781374991832523,17.95229047354556
Maxe,-0.4445794362765685,0.13228529765532335,-0.027033076897892507,0.3681883932763061,54.19271919041908
Maxe,-0.8617785559113972,0.32230996418253416,0.043820955908446695,0.6212717232067093,51.74939364018813
Maxe,-0.27187620977352694,0.7577644387939743,0.2095119803683927,1.1104546829276574,24.148299254894226
Maxe,-0.6499576725907694,0.625522691265622,0.08072974941527089,0.5634064869605568,66.57281261969676
Maxe,-0.8944438569681277,1.3873960416498945,0.46437450343460845,0.8265003280166819,46.88770181008581
Maxe,-0.8057274940706994,0.30122469863089874,0.12856138747685456,0.42181053486111353,72.01231900984055
Maxe,-0.28539242686066363,0.28542249268024716,0.09112021052656075,0.41911874925065207,35.62419068619405
Maxe,-0.38557935007756017,0.03976556982887766,-0.20171691387510754,0.44549805021740835,39.24625369026021
Maxe,-0.3570528575580442,0.18913731161432437,-0.07455715193310306,0.32209159904866935,48.839666544766516
Maxe,-0.17104095959934115,0.18441040494501038,-0.2123195082618072,0.575703158843348,73.58835662257502
Maxe,-0.408553156144278,0.2941361241578478,-0.14633650171954748,0.5229588473231359,66.07906174206838
Maxe,-0.5967960806147887,0.5636420783521441,0.20048660673661,0.5737006863966875,24.261051927220578
Maxe,-0.868174444516978,0.8017149875028646,0.02952684509459444,0.588942755216939,74.60840768454916
Maxe,-0.1548736947623643,0.05343004057359171,-0.226258488253941,0.37716203584717267,40.99146069504688
Maxe,-0.17306350500800666,0.08462280773747076,-0.2712463430216129,0.30310929535454567,34.50590803689754
Maxe,-0.5519803485093926,0.17653342418332127,-0.05426422254620861,0.3415951999697451,46.95976916468755
Maxe,-0.5412621631407619,0.4898678376693074,-0.15837681373379398,0.8642104399193548,84.6012721363976
Maxe,-0.4487571598558949,0.15731008022171383,-0.045986911641020284,0.41705385982463633,50.40604241859637
Maxe,-0.49835090249188163,0.23194671963988625,-0.19249802620478776,0.2869580969144496,45.198221732000206
Maxe,-0.32172496408199025,0.1491513683403927,-0.11919357532586797,0.886007986930554,88.23180657459696
Maxe,-0.5981915585882989,0.16070407010667048,0.15197467106725662,0.32127690992363506,56.88343216059146
Maxe,-0.7094092502514262,0.7563269737645604,0.1897734188038163,0.610709605508861,16.739305498131657
Maxe,-0.3919543983754782,0.2008046072798615,0.1489584614458931,0.49886624927253853,33.579292913499586
Maxe,0.13039261836891913,0.1847684249490351,-0.15483486260588622,0.30556119850067914,43.12116160780822
Maxe,-0.714212617686892,0.237292881404566,0.10920174075981179,0.47475101450907703,28.302355058080973
Maxe,-0.3742252998670299,0.3225343220334144,-0.2329147719673725,0.9910739001215056,93.43942127015741
Maxe,-0.2719357684419946,0.25496994803562995,-0.1692033758674102,1.3295336892391287,105.56120189772189
Maxe,-0.5051830779802375,0.098535999520747,-0.18945225380950215,0.24403330190328582,48.21925445795042
Maxe,-0.16511821321686918,0.27498791189965044,-0.13783909076913456,1.466606435367622,24.550428172704468
Maxe,-0.688004653346378,0.1602707605226087,0.03500472812018307,0.6294258387559188,31.560570167470736
Maxe,-0.3355405936146458,0.15099735820675142,-0.09400229726148486,0.2698464349456901,47.86016349560886
Maxe,-0.7427423702718513,0.16545535138827444,0.14556555897260207,0.4880980723790213,42.1610545910397
Maxe,-0.14491037476388366,0.09513147431883899,-0.03683098002444996,0.45531526220818563,30.390100348840058
Maxe,-0.059518421408769825,0.1413537240655171,-0.18221437389954878,0.37865097579577156,31.342931360290798
Maxe,0.2309616178602755,0.6839606649581389,0.16053279549730207,2.235597703330274,117.2985375345647
Maxe,-0.5328090430466164,0.1952037764142162,0.03239805995208247,0.4779370762136244,47.134098175934
Maxe,-0.4204200500401412,0.2964185308020753,0.0327456851663837,0.4321939413357874,34.47770587279041
Maxe,-0.3980601646637384,0.18111209740528847,0.13270034381783669,0.7798472991998189,67.32496387736482
Maxe,-0.9410907114429798,1.1465405368859078,0.34372694866284215,0.7894013009421653,57.2225583770943
Maxe,-0.15058251411561405,0.13773992331956292,-0.07750195913887274,0.36462518778482095,38.66110577050336
Maxe,-0.725258680028934,0.3445663819755514,0.04904067175811312,0.4243770395776947,68.96038917545333
Maxe,-0.24390911019231312,0.5394328555206448,-0.149453202988076,0.6349716454249603,77.84056086239426
Maxe,-0.6075762136753537,0.3141615732982513,0.16440557240537995,0.46282341297789975,29.995291543436778
Maxe,-0.10694289527176018,0.30851051876248825,-0.09952374087192464,0.41728331316474887,56.29740345328443
Maxe,-0.9049358784844886,0.5081575793038524,0.02475129174308372,0.5889748505418033,24.10847867180349
Maxe,-0.30112428504177446,0.48496701859393837,-0.12047335886772056,1.6582227179695974,88.03059093898779
Maxe,-0.6131440152441652,0.1234255790627536,0.04309148604859548,0.37074135786899454,46.70822530226413
Maxe,0.13379870652202702,0.1883679973197439,-0.23754941220927256,1.3367123387794013,101.38481648295581
Maxe,-0.19250155527043178,0.08420605885906016,-0.23986153202202976,0.423021466024616,30.036779697368154
Maxe,-0.4150219780666442,0.11073451283970859,0.0995953213069512,0.3688901135270521,35.77716404102998
Maxe,-0.029879376430212753,0.4406718367625689,-0.2086766577365014,1.1378438997764744,92.19451989621538
Maxe,-0.4333619980219616,0.19777556644999056,-0.31967660100116285,0.46405757975641393,27.97361830162586
Maxe,-0.28746121253141327,0.48721661441653125,0.18260098585557596,0.5940855485212555,27.22602283342189
Maxe,0.35522546844279473,0.14226839395021865,0.036869692616815025,0.28986889781652914,42.41117074007528
Maxe,-0.678976916780736,0.7129503698422808,0.27684469982652277,0.6595647795621717,17.907776340488276
Maxe,-0.5774262366134734,0.13690996151624307,-0.0857041407784504,0.4166066853763222,47.27838707243572
Maxe,-0.5745563016043381,0.17297968374379852,-0.18318787713295523,0.4025216490029221,36.60750893265302
Maxe,-0.5849064811801592,0.38894646363502483,-0.027131935885018714,0.5487916752833552,64.54555751060984
Maxe,0.27070845995070336,0.03564404155870314,-0.05877595561195917,1.310531716537109,82.58588420143161
Maxe,-0.24661840210414815,0.22303781235243622,-0.14444640491912547,1.449304595866719,95.71992285694962
Maxe,-0.3670913728368377,0.07274936116108544,-0.20403807418800496,0.27748260356384535,46.649078123245246
Maxe,-0.9006505728593541,0.4181196248442996,0.11685388612342527,0.5665259912284782,43.72341255310499
Maxe,-0.4822062321046112,0.04504530193749764,-0.16896281328043378,0.3984514349297281,44.147133269304675
Maxe,-0.35329742639837064,0.37371888550805826,-0.06945750971119417,0.5623905787524582,34.68860880601477
Maxe,-0.6994064063292388,0.3400705921355328,-0.010689081956890585,0.5111085562943426,59.25537467733112
Maxe,-0.10829500815605708,0.08491318061565775,-0.07047437778187925,0.34699844863000845,40.0234131130714
Maxe,-0.41985850820426307,0.19193439268676746,0.105709971719632,0.41596023187217357,32.174217983353635
Maxe,-0.19520762325117336,0.29546158839570913,-0.013305384448721983,0.563572773544119,48.56878682661936
Maxe,-0.7778297258247308,0.22121054234235843,0.1211968680659401,0.6089038971423221,37.187672737430525
Maxe,-0.4241189090649128,0.5192507429191553,-0.05469601427821286,0.6714541173916652,42.80737567945084
Maxe,-0.47826813101959265,0.3226807874253929,-0.017034562812090145,0.5541565458392697,47.499109911706334
Maxe,0.2766031475655967,0.19559833510489205,-0.18646085028165663,0.39967018538253996,49.96561507479659
Maxe,-0.5282870433326872,0.14021007453976758,-0.1495904246129455,0.42420044167029036,53.842501201390775
Rand,-0.7035078405094555,1.2820930154729477,0.04142516520163151,3.012033546691649,76.27547705045889
Rand,-0.11780685527591278,0.295236946058109,0.07402743803001371,0.572944642750229,30.971033128336405
Rand,-0.5547718948784055,0.3916150158173576,0.1464299361055608,0.5889397242926308,62.06964289389315
Rand,-0.37437563281525893,0.196534830988035,-0.01886980230619841,0.3913637283378587,67.24162804714169
Rand,-0.41042539000758876,0.08346720959323181,-0.10845730020972788,0.4333593869837286,57.993106044862465
Rand,0.33071338046979226,0.1942562419112009,-0.24490971130572617,1.4730262787674158,38.96521110466204
Rand,-0.34331228523905827,0.2863762565646927,-0.08321582321386733,0.4482189978170169,37.692968922196115
Rand,-0.3675205079643493,0.6866585825840481,0.06220508145626725,1.6562206956822327,52.42718194335559
Rand,-0.07753341874411662,0.3628048489112402,-0.2195057394265925,1.1547248804886538,56.69616767403583
Rand,0.31473515847379924,0.746146589213125,-0.10027494078075923,5.611348350948801,60.49952334100782
Rand,-0.10566282628842669,0.3097812392253525,-0.06240671354503313,0.5567646025462881,38.59204619501006
Rand,0.09730733735898113,0.26363652580353547,-0.22225794831350615,1.465169399262017,62.392600299669176
Rand,-0.4353165807560537,1.0177802077055191,-0.055889714621699185,3.8866588924764645,49.153074888057624
Rand,-0.6007070458402264,0.3094374650380245,-0.03252407600491832,0.8373996876325344,53.6703232188682
Rand,-0.6564325099556516,0.667650853342812,0.0117312996809593,1.0732741026053176,49.342936350896444
Rand,-0.3749811598680035,0.8096356647444372,-0.056955166729586476,79.00243234002924,62.906126146740284
Rand,-0.5871596200608404,0.9326141397529067,0.060176927620158985,2.88663930959504,32.613093349761776
Rand,-0.23302452792201628,0.13342928995076392,-0.012209934901216413,3.943969006466402,55.10451505624019
Rand,-0.1236331420094915,0.35028094276762,0.004290953748948224,1.0988548322689322,39.13207806715068
Rand,-0.666137551517656,0.7763638574812595,0.048763292760351684,0.5520609749729338,63.92952126598881
Rand,-0.5233804939594663,0.9888830149765985,0.25547420636179635,3.6014277885560695,84.86851141178947
Rand,-0.10573139758905317,1.0933379664454217,0.005235218498711653,78.92602826855254,50.10914100635161
Rand,-0.5235670155865734,1.1463247829176118,0.13226624749812652,2.6797434479928626,25.778930756537427
Rand,-0.2378189814286163,0.15240523520159271,-0.011898700901947478,1.0863406816800365,45.404375115595656
Rand,0.0733489162400707,0.06952553872835741,-0.11805651016556033,0.4004833192361766,44.93874703861298
Rand,-0.6735476214953623,1.5483816024159511,0.07625477401204829,5.118673416297269,53.80686647010212
Rand,-0.34059459243043577,0.8107524731805835,0.09918222906610681,78.83031558110646,72.39489655697511
Rand,-0.33241146549940237,1.718174961480107,-0.018063312108527046,1.6461822614348147,40.040232420186584
Rand,-0.5557797753291087,0.19606507732845163,-0.21117923625135773,0.2698127185852547,50.16615944967142
Rand,-0.3601849232578484,0.5069393112867371,-0.08598031213577229,4.175502259354941,64.38553621951854
Rand,-0.3356522489076306,0.2152584491172583,-0.3011881417362929,0.6048507159675277,43.43353434073903
Rand,-0.20367052981658756,0.2575492532590366,0.0590798455662738,1.326047534862515,56.059983994979575
Rand,0.29430683215552134,1.0069483002272437,-0.15812723942070409,1.7779362332000952,44.7540944251353
Rand,0.2534161499416898,0.4256678050196202,-0.13459357815197184,2.526201363533792,58.73838630235494
Rand,-0.37562600305129934,0.45735825967131527,-0.009460092078885924,0.8756824454741201,38.038305606654454
Rand,-0.16200429231070193,0.08775836850108476,-0.09050146207735264,0.45660383623505935,41.28187685074499
Rand,-0.23881277882444124,0.0853397755140993,-0.04997466658262478,0.34976031636746774,58.91033533069897
Rand,-0.6649041987048039,0.05219488491028161,-0.10151936890976065,0.4235178403816966,42.93265444618007
Rand,-0.631885113185964,0.30811110815453835,-0.03360095155334548,0.5622440572665183,33.964748640079996
Rand,0.20840501912577913,0.5399624329543894,-0.1046416461255041,4.30721516592229,38.904928923720405
Rand,0.14674960166680143,1.161124664288754,-0.14111042648442162,5.486172986629638,46.23687179906671
Rand,0.12101613076187402,0.3098908281932397,-0.29549065873443303,1.2090201152776983,46.35702050976548
Rand,0.18932129364949823,0.6104785087176408,-0.1093190234752863,2.4959937131609498,57.00422147815555
Rand,-0.26611446143378237,0.14192069806089758,-0.17045847342851717,0.520822143446577,46.76582756968763
Rand,-0.46815815693052,0.10058161638067649,0.03167644719496384,1.2520505942022475,57.7811583997421
Rand,0.3077469470259264,0.041292318296336894,-0.29831257713176745,0.39935159527099623,54.43960719042107
Rand,-0.5696151240651197,0.10285200769455685,0.029143558350926344,0.4198095858268646,49.89815833536774
Rand,-0.37080026271583066,0.6760592067874805,-0.10419977067811216,2.1547191080677526,39.5643256802945
Rand,-0.6433450094266377,0.9169186915964526,0.21312221768201123,4.0756041827204115,78.04601964631432
Rand,0.31969410899012024,0.5317207393076009,-0.10613042005870252,8.683999704942355,30.446521285076876
Rand,-0.4664021419320916,0.2704115622563232,0.03229289255368071,0.5763637897784297,56.44504792780042
Rand,0.2872086101979549,0.6633929346198093,-0.13887485950261938,4.20078481849223,43.48301406354918
Rand,-0.20531912030658828,2.421995239748229,-0.016926776597544123,10.526661818003827,38.18706813008338
Rand,-0.40938783658881983,0.891750380942679,-0.09339854805962412,8.734168345628937,39.14779645485229
Rand,-0.2730503820550579,0.061384613070911906,-0.0030231321808230236,0.3384526799273839,47.18863054431999
Rand,0.5100896070324715,0.5418994559423165,-0.048735462091840855,2.380656849999069,66.73885263819379
Rand,-0.15462297100398414,0.26249435396189674,-0.19034486376325527,0.4197794183172097,43.54942544081699
Rand,-0.24097338945198468,0.2021921820285602,-0.20344614000509373,0.3134064816293007,60.76685980009462
Rand,0.10687476948281141,0.7520517735213019,-0.18393124316095188,4.219974593242653,58.36995447947895
Rand,-0.2841897010445408,0.7150921305136908,-0.07575789882009351,5.355056344452018,37.550704602709686
Rand,-0.21111862488263028,1.0930117317473975,0.005491796681507366,5.346738741579453,51.52789859738953
Rand,-0.14359788332513523,0.47883404749227865,-0.08499042603474256,8.640613177810227,32.5354310728943
Rand,-0.3777598351133933,0.23224292146531486,0.14221399577621843,2.3180380923681785,56.84613649526996
Rand,0.17560588113602751,0.36065893184621983,-0.2714496893479935,3.7906557880200262,66.2462870301216
Rand,0.4164612604418009,0.4737648822881437,-0.09491233696811509,1.8030021244215197,61.887701975153334
Rand,-0.38489515295884447,0.24589113101675325,-0.28192592836468355,0.3561324882809645,43.690664865439715
Rand,0.21832020866566215,0.6844608818482761,-0.28786723268755676,5.629742326490896,48.30346343022111
Rand,0.04900976082627295,0.06380007832662796,-0.0020588128341849795,0.2901098473476055,53.483726437571676
Rand,-0.35788360046969936,0.08255569565611191,-0.08597687116771276,0.3421059548307894,44.01043369804039
Rand,-0.31232060369357606,0.9150627900431733,-0.03542008535965413,8.950078957641429,25.532063485522183
Rand,0.13627670037709336,0.39982098794797855,-0.17912077293130507,0.5771111420640473,48.83508778259003
Rand,-0.8060993977584953,0.654694276073504,0.06984526152064209,0.7902859994239492,36.0152201803719
Rand,-0.20804515186015554,0.4907146297893358,-0.05153482809725391,1.0530789342303915,48.4031190256751
Rand,-0.6795544864160961,0.5039789459551682,0.08819987971427037,0.6642571542430251,28.57307080920279
Rand,-0.3298609515729092,0.28025309771550017,-0.11713632501756231,0.5498863404979695,63.459554205546766
Rand,0.3190168299911639,0.43272733879767233,-0.15388723920664343,8.578986858464539,52.03628981288201
Rand,0.4031707804927612,0.3400776543015242,-0.2194845647909738,1.5125805545101236,32.727489568663145
Rand,-0.28544178942549353,0.21888041895942675,-0.15503337060389957,0.6478031004558381,61.938515358588354
Rand,-0.27490479286755665,0.4070803595120635,-0.0600819162206663,0.8033767463760912,55.396068919505794
Rand,-0.639657229879613,1.7763332817201285,0.015838642898104185,2.239758382523152,43.509796959996834
Rand,0.42978984447840085,0.7513818089985366,-0.2012271778237528,5.463517263633167,63.72555409196645
Rand,-0.29694192603295627,0.5319557803156643,0.016351305239326836,1.5232900597223018,64.3052849312617
Rand,-0.7548268820704312,1.5330051175227628,0.19689597166307635,1.5845599227112819,19.041948339016027
Rand,-0.3096454719883028,0.48624852339268515,-0.08077748195457385,2.4972932427566765,75.41475644305451
Rand,-0.19812304143777248,0.5968547994000273,-0.07394582299256541,1.7554910873080385,44.293108048619665
Rand,0.31475736637991714,0.33825399434787606,-0.2707664773555054,2.380517857867993,47.16833362705918
Rand,0.24971278859538806,0.22730837050015942,-0.29403428955515554,2.1600473349987923,46.17401210796098
Rand,0.37644751497866713,0.2981926727889805,-0.21512085947859969,1.5174045312033293,38.02257506037907
Rand,0.2290835782096074,0.4694109214301269,-0.3074351650442586,1.3841621674699578,60.03332067107957
Rand,-0.6524848113127956,1.0962986995086001,0.0390923012505934,1.8247074541194588,37.74072986350133
Rand,-0.4887682217729158,0.35196103757068353,-0.004906597670207079,1.5959866465457653,63.08778443564091
Rand,-0.9373586275635238,0.8632731390571738,0.31155929824845735,0.7648578367643747,81.24059227068805
Rand,-0.30588896755816297,1.3324436791221144,-0.08256837672550041,1.806585419224591,53.06371210847847
Rand,-0.2612297944548251,0.8112626980807764,-0.1217205005442785,4.3556995644533245,52.59897176980884
Rand,0.16465035949246498,0.16086086030847171,-0.3206351764495227,0.530635024009848,42.44371341003861
Rand,0.16715796245864262,0.7651504281472146,0.04808586262695956,3.466785192462163,57.060994119191676
Rand,-0.22466392562441076,0.644384113896562,-0.16676373191855978,0.7934490144936716,66.10648014615622
Rand,-0.4359274336739364,0.2892475059089539,0.08558478269487661,0.48072569785785185,53.233712670893766
Rand,-0.589839786623394,0.755253747463985,0.015678544986672968,1.6062557647845788,58.986691227259755
Rand,-0.6652944586134498,1.1713168284800433,0.22167918741272807,4.533858966270263,60.48039166167574
Rand,0.12476670117436495,0.809552076015261,-0.2071153767176315,2.414105810460554,38.71532482200727
Rand,-0.3936077359132261,0.4490979437765296,0.07874797330055924,0.4889829693302777,28.489900241625417
Rand,-0.311208619521366,1.000826459672726,-0.037895485236753915,1.6310165132622776,16.61510755178946
Rand,-0.15157945142191034,1.393268846851468,-0.1339771711259887,2.547743898918629,32.33644579281222
Rand,-0.13361535427820534,0.3369226161667965,-0.07937405152694753,1.1115566189357429,54.23095110002967
Rand,0.07613153588157949,0.8086790076233044,0.015488034027012246,2.670309037133885,54.37799880916816
Rand,0.24861780382090337,0.2839825677608371,-0.045723776989515734,1.3984102885894585,43.93494776438702
Rand,0.26456127582773775,0.850765126455346,0.08404228950180553,79.18993817859658,58.7630214422443
Rand,-0.3722079049501409,0.5031310766498406,-0.24275438729776974,0.5399605611823624,55.089894223886894
Rand,-0.7854919078127662,0.23752277024656157,0.1550484836810004,0.45565866594954146,57.01300127716109
Rand,0.12916338427541488,0.22504596642598806,-0.2753181853042299,0.3103153876622155,52.78876254650332
Rand,0.08955902763439756,0.39031235349139803,-0.05765214727875386,1.8668222566702912,48.45903078995569
Rand,-0.5737422825791487,0.29412286142192084,-0.2304487120645551,0.33129514047452724,46.73357719566623
Rand,0.09915337574257142,0.4055704723927283,-0.06283333577009598,78.83265558183172,64.25849945068659
Rand,0.26698999056412775,1.0794994662853858,-0.029026883605794702,8.895966952017385,59.390851955995394
Rand,-0.5673445959970445,0.3266495266373422,-0.24166945769319803,0.3794219765845357,54.17944815383346
Rand,-0.2575182984283841,0.8856983030201058,-0.12851094179500253,9.389650651144485,39.19835309252208
Rand,0.5245593790941331,0.4493785343272023,-0.13494574751144955,1.6953210416171363,52.208162767821435
Rand,-0.5059413757206784,0.2391285127849319,-0.12899315400674785,0.550931604091251,42.6748930547938
Rand,-0.29297006903450923,0.6342207479032415,0.02528041321709594,1.4227014786092234,80.35551686892842
Rand,-0.5058732972480445,0.31704190951296934,-0.11843988883225641,0.34158487081083666,52.94257602571487
Rand,-0.30149707197596914,0.304040756072611,-0.020126793626647956,1.4017879325303657,34.859028801981204
Rand,0.14486436568074393,0.3952794406864403,-0.21257164429291633,1.7321537481763756,51.09226219952577
Rand,-0.294705725873343,0.7687119061241614,-0.047955597686982133,8.734530699660654,22.823276835355845
Rand,-0.7542196708347333,1.169981902984419,0.047495378414228934,1.9375393108185832,56.11139152693092
Rand,-0.47953904013851334,0.30661779905405434,-0.02814773254755528,2.1821458877379096,34.634658122823744
Rand,0.13297594304091173,0.5293507616196255,-0.14871894956052945,0.7587527820139502,66.07478110132604
Rand,-0.13292573980426248,0.4114526556452652,0.03935089149262111,1.2478695165766662,53.61326716668757
Rand,-0.31000342784282986,0.45764830760871356,-0.07826643215878719,0.49720399487602035,67.67084054835702
Rand,-0.3209114113927105,0.48826734581289505,0.14799138177333723,1.4916316740742874,24.893593413171462
Rand,-0.20729582245929748,0.10737142369521742,-0.018865235777947405,0.4369965298976139,58.89319345158308
Rand,-0.6140413798612567,0.14079617055266314,-0.1496647666121602,0.3372750548163408,50.47451158871694
Rand,-0.2650833315039914,0.02907354239833258,-0.41498242364843085,0.3539074956314503,48.77868823140737
Rand,-0.22355041105156698,0.3480669418740775,0.06892541946169324,2.0083752405802895,59.31297233895987
Rand,-0.5893143572194856,1.0413254173581783,-0.08356624776035619,0.7826199209566811,33.14431408718136
Rand,0.25879657459673816,0.5744677100526137,-0.11650728779913858,8.777492120170674,43.913614879779836
Rand,-0.18496512934432527,0.23385865290958036,-0.1971353997468401,0.5641646627022897,57.891172608371
Rand,-0.3154609978790438,0.054677772175535246,-0.1882948253784682,0.3587225572706682,61.3127051541963
Rand,0.5099541845611106,0.3300639099335928,-0.1996534834673154,3.168642605670378,52.58940949015415
Rand,0.102472231383789,0.2893647770372857,-0.17916957323382926,0.34742180056870586,41.25658202834976
Rand,-0.8431296595322388,0.446293239431739,0.10039229814530969,0.57361644427804,30.353208172407488
Rand,-0.3161100338719064,0.23799221755640962,-0.1379119636157833,0.3143632618336884,47.66232530687005
Rand,-0.41201825864066816,0.1269295898652754,0.047285850695563056,0.3927965749264394,60.60339149104487
Rand,-0.4362226745142522,0.06513796363191128,0.007580091180595035,0.3626074795381907,48.21429411271175
Rand,-0.2973141442375179,1.4515795592758987,0.018611261515858908,9.478584179816284,50.20374760440609
Rand,-0.48058740523055465,0.06619059607096003,0.006214583855967393,0.34659856661905897,41.40459157857806
Rand,-0.6846334004257892,0.23448166737302065,0.023523949623578632,0.3150102261094574,45.562903086895936
Rand,-0.38006348929334066,0.2912584712913325,0.2045383757616619,0.42451873676203106,41.7658224024848
Rand,-0.15958764488128022,0.40998350278915857,-0.0675296112632533,8.620950882331982,24.92365466558196
Rand,-0.565261323603291,0.1006749281373501,0.04561211738016583,0.4809700988053921,60.93655638076739
Rand,0.14249595594377232,0.10177299585468588,-0.005543310386240259,1.4230855181591988,46.363880766899065
Rand,-0.3043192809311036,0.20808406019138048,-0.16238473396004618,0.34500750097275384,39.704914165606546
Rand,-0.4090007638214985,0.17079744341108738,-0.10867779903867408,0.5667933120239329,60.3258014727182
Rand,-0.35951256811392124,1.3758442329437341,-0.11162284999080915,5.991894344065191,54.42835959698028
Rand,-0.1570239933744121,0.24426938360479178,-0.2638242100723448,0.9814996934891687,57.08854305914135
Rand,0.24250790616405793,0.37440478346564315,-0.1641023546240974,2.0829967511924066,47.91813473663218
Rand,-0.1873125867277842,0.2221167776434451,-0.06246277383574835,0.8455353991973519,46.131388113295955
Rand,0.21445805252515096,0.21873684963228096,-0.08200725762265107,1.2597124103808053,56.361046750130875
Rand,-0.21148361554004858,0.512263603058404,-0.13684982972160012,0.5600575695681519,60.43339444005726
Rand,-0.5202601324275419,0.30667572787887715,-0.11341194690238122,0.38711464520465827,64.38078661322936
Rand,-0.2581962982969719,0.2650202198035042,-0.09102997673588432,0.41714848503472907,36.226337849210175
Rand,0.16684190584478764,0.31706167700508453,-0.21740905489331505,8.527531038708702,31.589377301733744
Rand,-0.331863818110402,0.7747080787183599,0.018088868642455527,2.6845484173262055,66.78456239418391
Rand,-0.3087565226622708,0.5996238711217772,-0.12120987412086312,0.5161481094263425,63.17794820607343
Rand,0.07860140804091874,0.19924199473444332,0.13405300021306882,1.4456397182405178,58.352739822283375
Rand,-0.24613397619603772,0.5585096949389632,-0.15232101115543628,2.1960620887132176,61.74823136599616
Rand,-0.20645986999601065,0.31048578710903246,-0.03090938943214491,1.1207946681729986,34.16046544718784
Rand,-0.6594134897122066,0.5930066189075995,0.06103540567773824,1.5295355452078516,40.76410013472674
Rand,-0.45943262948774677,0.35745935615407315,-0.05812020784264448,0.6105964027559022,32.347304777077646
Rand,0.35285377489797476,0.8002434106548684,-0.2135791775959836,2.9640507027783625,52.40974085862603
Rand,0.12286885157414013,0.29180529074002604,0.03637820186803928,3.5094905056001715,41.821589219924846
Rand,-0.5968527756077906,0.8703096260393602,0.05275150717823399,0.7351130141188844,82.76984094310329
Rand,-0.7335017794911574,0.2113446005546901,-0.1362426080007944,0.4090619747434069,64.55290605140436
Rand,-0.5176741198124083,0.3710563993265975,-0.05444546066967915,1.21112550731787,38.493202912766
Rand,0.27100779787898,0.4171863316333645,-0.10528400025289594,1.1131157131895044,51.82897787285334
Rand,-0.30567267496949035,0.12827907273369066,-0.08470379057139128,0.37314326131368636,45.327545012190505
Rand,-0.2952058216043082,1.0769613048107631,-0.022815183247925912,2.3003736389276566,45.11151156207582
Rand,-0.791352264364076,0.8534733842117225,0.0706856305364413,3.6995691884181956,25.508744444654084
Rand,-0.682307481103151,0.3740967865927951,-0.055358543035544265,0.6493422807261845,42.186125989650094
Rand,-0.14941613150429262,0.6719802148052858,0.04583801196181425,2.1673425514028684,54.02402478400544
Rand,-0.21100996080712714,0.31286713757759055,-0.16657470462787338,2.2082302628733843,50.232398204934206
Rand,0.25375306860595975,0.5370127174096986,0.19794796570774528,1.443168495686896,76.52151800783483
Rand,-0.19974917087578614,0.17866777626243122,-0.1349183445502955,0.41478451692488183,53.60439059655737
Rand,0.13126681564712728,0.32190025161284913,-0.08115642590622607,0.6893759851936737,51.4264414526916
Rand,0.6523529773405544,0.24559344260643817,-0.1867110083770434,78.76329996037329,55.54265825852538
Rand,-0.4890309209586599,0.41908747256670564,-0.15214603909561622,0.5943774133423888,32.271372753634196
Rand,-0.09859285846770731,0.14959240384362965,-0.09149337017880846,1.3940694559180693,54.05179455981497
Rand,0.15604840927237137,0.22531068404517565,-0.052771264653135246,1.3339042252528222,33.849513736725925
Rand,-0.35029090356366127,0.29105720268156593,-0.11598967114285073,0.4515544168565337,50.98368426240242
Rand,-0.3551755972401498,0.22177516783355875,0.058805796389950656,0.5346237852966836,56.17377491293756
Rand,-0.18975463761801548,0.05454501299508406,-0.328227636976751,0.16365142634138422,53.2362417878944
Rand,-0.299156334770049,1.0321619382879945,0.09000162370736499,2.739926699540883,17.847346804784976
Rand,-0.09530393844031204,0.09182103120082544,-0.2915063012420617,0.47573488332807956,51.637166935239456
Rand,-0.27893743582484093,0.38806088260936217,-0.2200646999013526,2.1163688285456157,64.20379949255415
Rand,0.2511069873302507,0.6887427095822367,0.0037478470267510024,2.6463673674550514,47.09712035023645
Rand,-0.4883408612221345,0.7065088720132755,0.04754549132111924,3.5888189445963157,26.904016236132634
Rand,0.15883240579167773,0.08215956146097741,-0.06635188795487247,0.3816635906662161,46.90409453323478
Rand,-0.49083904874669737,0.41902134335404656,-0.008548640384873752,0.3644485500594617,36.92806963143327
Rand,-0.7068319905557144,0.7653744519871413,0.052732764300240376,1.648197182061274,65.44904570689627
Rand,-0.3139163710048193,0.670623380908752,-0.22530757485935934,0.8122031122969505,34.01189108806114
Rand,-0.18982992695760553,0.5341391368236833,-0.10695893640232203,1.4692104800018324,45.075947448916885
Rand,-0.5956705581601949,0.6060520116303427,0.01875868860744219,0.5975714924281199,29.607538324069736
Rand,-0.25495310317144354,0.5199409235933544,-0.053370418689506136,1.4380008471655612,43.31200740502872
Rand,-0.2893425907435979,0.13421667335677867,0.017574735992660656,1.3607337334985885,60.85156973672486
Rand,-0.2869321087882656,0.5703138123572827,0.04190660324603534,2.4881384064760685,33.273207571748735
Rand,0.15489718132358404,0.20486042239823227,-0.23039542857301332,1.4517226795670055,49.86653488479263
Rand,-0.10539457831896362,0.32380939712441037,-0.04681787253283892,1.1348838102703958,55.50125649337991
Rand,-0.23211526711072114,0.25043506357926604,0.009918928103436761,0.34636539424065005,35.802004873384085
Rand,-0.5807152578231524,1.0083085911537055,-0.08856611279460049,79.056770869855,67.98743717866455
Rand,-0.5031441170758467,0.011275021856318942,-0.12669987017181278,0.37964265610105874,56.69053399003543
Rand,0.2567788249045982,0.11482852351882722,-0.08104166683701358,1.376876461856342,53.49638090561653
Rand,-0.21498100626824354,0.5335146550054108,-0.2693202568056971,3.8832433324950144,40.9932921666595
Rand,-0.2898040552103725,0.7716822247096774,0.008636897843449454,2.2404928666709885,22.23945093310377
Rand,-0.11638185481265659,0.3741359633480598,-0.20622535926559216,0.351387644475602,49.05406010655843
Rand,0.20713149269329678,0.19501376983090507,-0.27021796123175856,1.4839524304414222,44.73941979249639
Rand,0.2594352239207608,0.48219484304760396,-0.12587925924424762,1.7013328272383512,32.5661147343346
Rand,-0.41440486634566975,0.5081185975481748,-0.06885393545448766,3.7762455158288972,38.5912189432251
Rand,-0.6647796273877754,0.4529186048238614,0.07003419980180806,0.5513728409180508,27.767052445876867
Rand,-0.4075118865363659,0.15784610470524837,-0.046800474205520415,0.2983878145636119,43.50086149143292
Rand,-0.5593179585351202,0.03846818518528941,-0.13874178444960694,0.4367706845146911,50.24170759892772
Rand,-0.29886882605381104,0.4128075134420161,-0.1848661133123554,0.4026577527175289,53.70756293412544
Rand,-0.2722210471511335,0.148534813248709,-0.20352844383463106,0.3822963595963459,64.00576350905057
Rand,0.27603682481677516,0.22424346698003203,-0.14331734687137151,3.4209136246080782,43.6790610724559
Rand,-0.2736856665485997,0.7178052562907646,0.006104325763466431,2.4645501789999926,67.4566756028271
Rand,-0.8812243921990579,1.191216828278606,0.26939907148775655,1.3338197115916406,84.50357101434327
Rand,0.1703036570318743,0.16359552637456384,0.060429476992896025,1.2670835217076188,61.13049844626788
Rand,0.45221886778997683,0.4963995848869864,-0.13509099708498665,8.68725079147291,47.02451227360737
Rand,0.38470769074233874,0.18218453905526164,-0.011180821226401962,5.197923756697116,63.296735841629584
Rand,0.3203306906121337,1.0821258700486742,-0.04941229718513109,4.612414560363155,30.659958401019004
Rand,-0.4611132183362803,0.07634257263061511,-0.10758358996020483,0.4577008950183292,56.590453278765885
Rand,0.5128769192563551,0.536545124824582,-0.20825844144083447,8.59320975293205,55.01936933985429
Rand,-0.4854354064223085,0.26565967155593295,-0.11788066652578871,0.37062014330504794,65.63294172916112
Rand,-0.4384411027667218,0.2681120217957156,0.04922828732679417,1.0634246281665103,55.11015116735574
Rand,0.2900128833271323,0.31761262899415765,-0.10164452322786353,3.967046250824446,59.22898209858254
Rand,-0.43881432974276224,0.13310991476247988,-0.24746420691959684,0.35340602945819644,58.26623456350454
Rand,-0.6646876572515782,0.4964086769407808,-0.016015431704758477,1.5970985121729167,76.28506064837354
Rand,0.407017881553459,0.4300288290377927,-0.0024009859350216435,78.8077098636311,50.86251338200765
Rand,-0.13759714973726814,0.40724744612714325,-0.21697104765080677,0.5295201825876257,58.20749098483127
Rand,-0.5929404780012464,0.8085973019877292,0.10113048746722075,0.5425253264771185,72.25773434952688
Rand,0.2376003191358979,1.2433803895019053,-0.052993653233997566,2.273350476961966,43.52371005515042
Rand,-0.38320419746895995,1.3108472466886705,-0.10774136576684358,1.4093350044843456,60.02166030875634
Rand,0.42321230537329657,0.44966037328549824,-0.2003718030311099,78.80029422936843,52.425612862931374
Rand,-0.4470171595401381,0.3632550088710352,-0.08490038301779516,0.8172083206682464,51.910159863043404
Rand,0.2367710822963632,0.22310832310560064,-0.0027462167839531117,1.498715625246696,62.13218063163399
Rand,-0.21821904181259916,0.21780614759973965,-0.1202968971537197,0.5905136700033607,34.5834255448695
Rand,0.37846403665614103,0.7908908875177048,0.04195959729358194,8.616083989445281,29.314296864600575
Rand,-0.6899221872905813,1.270236711739041,0.011184665129344276,3.259465433729232,67.01491679589502
Rand,-0.3909686348922151,0.2522648925936591,-0.29209983536098694,1.1760861635173836,46.79835718210463
Rand,-0.44671997765335947,0.30319144432358935,-0.2173413714446098,0.6097418581844969,52.68186401974345
Rand,0.24601192845324416,0.3464926908143187,0.155025639899001,8.444562880478497,43.17962878240141
Rand,-0.24957147774825608,1.024155151015265,-0.0694197705389781,5.54489416520649,50.51794161540191
Rand,-0.3776283380870129,0.5122425568354643,-0.1114491402025542,1.7464558556927494,51.85551359595827
Rand,0.46923395657755484,0.5979122486782773,-0.03163885046642061,3.238089908413609,45.30745646853248
Rand,-0.59322316323545,1.2526704024979953,0.14354313560457052,4.200533705469496,34.47093784153621
Rand,-0.28071992217064046,0.6849979265427617,0.24326605503782156,3.5539058955353036,28.57530419357407
Rand,-0.1595119937741158,0.07905899932833946,-0.15582942628108903,0.3220067108328251,51.70974130748841
Rand,0.11239529997808334,0.9323130414458195,0.01869573994103359,5.508508402383475,35.01389394524825
Rand,-0.605732335675858,0.8687292086676438,-0.09785537382270659,1.912930523963942,43.70328171065415
Rand,-0.12491091447131455,0.6191801516698701,-0.10709668351941017,1.282395960347028,50.43600399961628
Rand,-0.2714256752282649,0.20180776719780869,-0.25859357994542476,0.3307419233873073,53.33904248513963
Rand,-0.5740411758007606,0.9661505017999834,-0.08239720648517877,1.7793085660709154,21.549800279921676
Rand,0.3212346697191385,0.29173025646168665,-0.11514105381780124,8.658773321461764,32.74234411686645
Rand,-0.8475175245385176,0.7166394564924262,0.053297954599024755,0.5533820113025303,30.93159284639292
Rand,-0.6312372003780315,0.5595666598594796,0.19034334353949012,1.240069037888165,27.6022977459706
Rand,-0.5316674761587696,0.9488032217966111,0.011338119157040843,0.6389128574494545,79.28856623917324
Rand,-0.391116727109946,1.2276863324122151,0.06572642241819196,5.406778329356863,81.71119621761653
Rand,0.2419499343813734,0.419894824709887,-0.1269668524793403,2.141161306775611,62.916542377640894
Rand,-0.33845496822710847,0.2501401429223714,0.014981606066792738,2.0263578107463927,43.059186822270384
Rand,-0.18415494812138045,0.14586153928962414,0.025407165881908757,0.38082959090541285,61.057877242920775
Rand,-0.14904243482949284,0.36505803180106805,-0.15621842029912641,0.6967643944580312,36.367122761191006
Rand,-0.2455293266795185,0.5526434143077212,-0.14443507210018572,1.4694455507813804,40.15861068203081
Rand,0.2866985302081465,0.9195889691259079,-0.01567076755870935,5.547946990837408,39.2188402711664
Rand,-0.41477570380957307,0.9031136390613513,0.18095894235005067,0.6286426526012105,16.49166992817199
Rand,-0.5214327058672094,0.5253874222813372,0.12704229003757322,1.4444705162294071,18.949835085191356
Rand,0.3489767722301037,0.44680251604561316,-0.13725606960624173,3.747703680665401,44.17441597272579
Rand,-0.31016900510634865,0.7065444864424606,-0.10702883554237566,79.04656836592534,74.2098028560644
Rand,0.35845208124786543,0.3802240908525911,-0.28752040591724504,2.1794618138293615,41.62370245055268
Rand,0.3533708521315676,0.16411048510741658,-0.0915075369214256,0.4625544470560599,50.04528430277452
Rand,-0.5506457088492194,0.24159937523823571,-0.07660281253797571,0.45549517964977043,36.121596511815405
Rand,-0.34177595903199603,0.11193024905785327,0.03528868974455374,0.2471999044739992,55.1199771476192
Rand,-0.323509183375147,1.4299130713488755,0.16017271556974744,79.3150114965985,69.4730032831852
Rand,0.39560056923058895,0.7089027264477645,0.05916450307749426,78.78550422313486,46.237023274098036
Rand,-0.5397518908226214,0.3420340412131454,0.14809429446684827,0.5311395250631141,31.94224349762823
Rand,0.5295345623766287,0.3040369226803906,0.18257161432631203,8.562782731211664,31.023452942648145
Rand,0.09400160958992472,0.05322774746985368,0.005247958459635894,0.3787260828557609,55.623088323295065
Rand,-0.23443631150499916,0.20983976059495357,-0.04901600039781283,1.3476666703159823,48.885992745454075
Rand,-0.4553018236039241,0.16528670431403333,-0.18259804363447968,0.27862908728437286,54.322043042942326
Rand,0.15939732687745944,0.12708735434561477,-0.03024270691572683,0.520423138350645,53.34973059949887
Rand,0.5446947778284342,0.2204376973775272,-0.16749451018328768,1.6414331728737244,56.16217536523344
Rand,-0.2900232443050361,0.32373215766918384,-0.23179924712607863,1.5742716282211862,57.4259059717626
Rand,0.1838738473123978,0.6270988460355225,-0.1957499767000954,2.3981486237530296,48.26887332938023
Rand,-0.5470715478325794,0.3455110357877791,0.043681420906635925,0.4226578523478096,70.56348132001514
Rand,0.2847224190806425,0.16840630644854504,-0.09715587809319115,5.351472866399879,58.811399064468695
Rand,0.4918058518898938,0.33541686812240956,-0.1206237685237001,2.4421516073407683,52.5830073535984
Rand,-0.27545046420145314,0.44519496783615153,-0.002646480664354852,8.448181977223474,40.88776502366234
Rand,-0.5328351615043107,0.25287183452961837,0.1460089798200102,3.9715510386449173,67.36169229100095
Rand,-0.2992872888056607,0.29952557083472725,0.09885224936177821,1.8524700407237118,69.14114573891062
Rand,0.20143852635870235,0.9804515070272638,-0.031417098319856104,2.7664860677603493,42.84321640209205
Rand,-0.6254129981349276,0.1465174825447753,0.04411612079469328,0.3681171556815122,43.04823102962767
Rand,-0.44599728627171004,0.44462821136345154,-0.19281911642359142,1.4180869939102232,39.6175218889506
Rand,-0.39564737993457266,0.18670915131853813,0.15716827977043316,0.5517283538797412,52.227032211424664
Rand,-0.2046000289182302,0.21514667149734445,-0.17897168541135874,0.41374645099123314,58.07138652265108
Rand,-0.33193619042318884,0.7954404147747739,-0.10218436514951323,4.375938658698074,49.47560548582892
Rand,-0.2950316643209734,0.6970397437011108,-0.01897764718992745,78.91490176986419,66.63085353937663
Rand,-0.37637694975760133,0.6476981068780583,0.013467486193037217,4.095890640507745,32.58004823329295
Rand,-0.3061891253415208,0.14738551792124904,-0.17292031705655825,0.3783373133422339,41.1094073908475
Rand,-0.07967973503888566,0.10168025409722796,-0.18563609657173946,0.39554866947780626,55.948487845240535
Rand,-0.1831484093631674,0.14391547761696774,-0.11051483393281622,0.2986927671311116,65.80646688910568
Rand,0.16760352507044177,0.4704530204952045,0.03633365756441327,1.551553206308634,27.208437621245785
Rand,0.25999628813063286,0.3228874959406108,-0.25946878279800184,8.634454987866304,35.28259860377564
Rand,0.23760279744702167,0.40753478245564007,-0.00694149111308423,3.9838370581429343,49.47583591891755
Rand,0.1877451773376932,0.7174675853786572,-0.11706796254500874,3.884283241104348,67.30418802245148
Rand,0.10595025786051093,0.05530773084890832,-0.06631955314451875,0.32239632143945945,53.34141682060341
Rand,-0.3341813183310079,0.6627993595562489,0.01788412307558966,2.9554516698670326,72.8092963876309
Rand,-0.1972216205320519,0.939386421527572,-0.1155279958113932,2.697582231454638,65.07457068049416
Rand,-0.22275921726214298,0.46471605682507056,-0.034861818213716284,1.1888628532963346,45.70493382359109
Rand,-0.7028511331258968,0.5712917630499258,0.07707711122327202,0.5764721113553741,30.618102465150166
Rand,-0.2535417348899241,0.4741732571867974,-0.032553525258353595,2.1923626938566585,53.525955607852474
Rand,-0.6327347992038906,0.30122955756860026,-0.060596014286654155,0.5871509487702973,40.58984004820489
Rand,-0.7150648026382498,0.5592645402186042,-0.057011504975612005,0.6270579142125872,40.269063859453716
Rand,-0.2579275095478966,1.2767033620511423,0.0929788850936889,4.8559242791759,47.04067811330418
Rand,-0.28312281800884953,0.22976505555893997,-0.21063148401479204,0.45731806055804447,37.41741223478094
Rand,0.12820932699365187,0.4411146282779634,-0.20067127986124914,1.5476126757251438,49.73244207152792
Rand,-0.20374038343119655,0.22696773014632896,-0.10914250064486629,4.064069107295606,53.46800958588498
Rand,-0.5420405402494617,0.34110509229331903,-0.10557467928975853,0.5863966474571449,57.376881674588745
Rand,-0.2043877074918296,0.18540838439074045,-0.1931654325090228,0.41359492327809805,44.53265125583442
Rand,-0.0825211595026349,0.22894005456978728,0.020520409921311527,2.255843036677283,68.2387922335171
Rand,-0.25060949432008794,1.1641856928139465,0.1300441682314725,78.90180777284688,84.85389981778683
Rand,-0.37286774049915083,0.5516148452544213,-0.13823442939712802,1.5678933968016553,60.72850930081588
Rand,-0.6628229107512363,0.906509237483014,0.06605592134056383,3.603808978669045,40.50988383331341
Rand,-0.396745992693004,1.0877825400262349,-0.06637714575046912,78.97180374132452,63.303169871080215
Rand,-0.6052533714021403,0.39844536657183327,0.09092768175924844,1.5388145006078497,61.90509128917681
Rand,0.34395550711138756,0.5669294359990882,-0.007023127687084067,8.726752802668612,24.692488267783247
Rand,-0.7447985662757804,0.5878937168194238,0.23747389330626278,0.7638721933396883,75.7040985290612
Rand,-0.6798152475268945,0.46876567543271525,0.010877924014674575,0.6904747358928397,66.57137039183725
Rand,0.18635550738510184,0.20851074388847568,0.009547368869914512,0.8373138110440075,42.52899795865951
Rand,-0.22586956098297292,0.3662556557027063,-0.04319260074009164,3.4925614108296723,40.342168186354485
Rand,0.3299531110600798,0.6984147576490524,-0.16120606374330557,3.621809473714981,41.43808806507915
Rand,-0.2389068841461021,0.21712554763457895,0.01930023105431241,0.4497074035768778,65.36486463910606
Rand,-0.14413530073099556,0.16570053178007366,-0.169554354751225,0.469791037625983,41.37344433135979
Rand,-0.720781243291305,0.22008179169125902,0.0889268227596343,0.4245096876003434,29.740570235422155
Rand,-0.7602640076707626,0.896593883961906,0.2803757714432729,0.699193463768461,77.05493940577679
Rand,-0.2129038536323834,0.307851463866193,-0.18548834102018535,0.4874322969868313,70.76915181764785
Rand,-0.3751710670347203,0.8904575703810169,0.06561936509957088,1.4078660054461005,26.56472446262953
Rand,0.4120668795741921,0.3059898835080561,0.004447819237078218,3.5815639301887536,65.68109466710597
Rand,-0.5684791341523323,0.10494320051601372,0.07175737145989429,0.38321814262668225,43.75390644990464
Rand,-0.4020546130466002,0.3862392709809479,-0.09892003193003816,0.5746985525211035,37.50281409933932
Rand,0.41300249033200476,0.38374340438356275,-0.024572572339369395,3.974777717172705,58.31025379708888
Rand,0.45359817828579785,0.7177693618744578,0.06858270659308113,8.49331704328291,70.25377968289878
Rand,-0.6003654658871584,0.856810862431162,-0.014874978900124299,0.7466317369910023,20.998351863389118
Rand,0.04322015819145579,0.12255491417439861,-0.29740640489811615,0.20472157830790155,51.043331482281296
Rand,-0.3630453408134545,0.34114153239379613,0.004852474302446054,1.1207175009622605,32.573681726517016
Rand,0.4022114566293409,0.3445319063424095,-0.16847630529246632,1.3926001904421283,60.93994975060441
Rand,-0.264597770025305,0.6555792315303464,-0.2277809895022584,2.2397594558001352,51.92681426170586
Rand,-0.42291098181063036,0.986792994058025,0.22248451666230573,1.2846007962606618,34.064437276583384
Rand,-0.3609447801853372,0.8680911155434486,-0.06494807915193375,79.04599007421281,81.99339211915456
Rand,0.35203350369006137,0.293488582040301,-0.2098581645822344,3.793720587086474,49.30861096228786
Rand,-0.2513073595767388,0.5743056629825986,-0.18083205647363879,0.6552578480193143,62.04122785661157
Rand,-0.3067001544091904,0.802459561045224,-0.16206517604648513,2.3627204973323876,29.21329331292675
Rand,-0.20113372307950658,0.07276296059663975,-0.1340558894862523,0.29710704902954144,50.05071806637553
Rand,0.49358571254127653,0.5374809072175555,-0.26243206691591603,8.659651094549083,40.54913319718364
Rand,-0.31277100159177584,0.2393520732162017,0.019224972579294796,1.3575538089612875,61.07564347897541
Rand,-0.22439601057850772,0.16230694027922798,-0.11479247492206501,0.3781715731542532,45.183754069534814
Rand,0.11134654878715894,0.1746361926567995,-0.15379943145641706,0.2629470874241501,46.78930806282061
Rand,-0.3276133757191131,1.2399985837239662,-0.06894675627890125,8.952547553846658,42.927486210639955
Rand,-0.5393853329532646,0.7642787849042239,-0.017257251482049665,1.493885527775405,72.47832241662503
Rand,0.21145116358072108,0.897800526920346,-0.1801858677409827,4.0282147794545535,45.48492997084922
Rand,-0.8886480369515306,0.5187002611350493,0.2368303285212361,0.5355523484622546,29.36150293853002
Rand,-0.793229270682681,0.4369734247716351,0.17993927887542574,0.4048390443991369,47.85253188160164
Rand,-0.4677252896863049,0.26741034105220945,0.08786912507946121,3.9763316593019837,49.91329208614176
Rand,0.2840973324035672,0.3303556281485576,-0.14448978015328154,2.056554393741717,45.16632782687949
Rand,-0.7663127265808028,0.36382068983027593,-0.03870474051819987,0.46723034849160205,70.0995561328424
Rand,0.16980728265367634,0.27128757148742155,-0.2914449517814336,1.4308344442077874,58.40823369693513
Rand,-0.3378647296250081,0.2761737478872643,-0.0008327047435087241,0.4914741899289622,70.21518308643108
Rand,-0.1669462321528081,0.7890332497323531,-0.1089582654793285,4.45768914743192,61.55119188899246
Rand,-0.24640690508572255,0.46170153280421644,0.05107432233080075,0.774227524924935,30.506178245743463
Rand,-0.2631811777499823,1.0663971480665735,-0.0001483444433624399,7.094282061912883,51.14207866515548
Rand,-0.4111428948001331,0.2495086645245339,-0.04730673961117061,0.40862948754133843,48.66752585963477
Rand,0.3066570774203884,0.6092739123831826,-0.14970479325616204,5.42206060682958,56.83505486908139
Rand,-0.3754362555589355,0.221676413247991,-0.20427981544425336,0.5686506217355171,47.20037472912521
Rand,0.5319552136921171,1.035691505002668,-0.17148618522008288,4.6650056042357875,45.39345601412078
Rand,-0.33614211177322056,0.4125173070811966,-0.02997464040758027,78.70463885320355,46.09758705945923
Rand,0.30630120371775904,0.6343696067799319,-0.11232376076055427,6.863387579143525,56.787571872131124
Rand,-0.7461307020245413,1.2077654745011133,0.018643344490159326,1.8739962399322319,47.258156422462456
Rand,-0.3609346605891981,0.3681057748321772,0.017229172504743782,0.38567962504730297,29.737349947987905
Rand,0.13781282401395387,0.07787211424470618,-0.15792019415947856,0.4330455160252484,55.507174604617504
Rand,-0.8837407714174037,1.1890446680773408,0.12974192353272093,0.667906414503009,33.55957881046092
Rand,-0.3402953373409774,0.5689704370003632,-0.10147194004266788,8.943624085574262,34.59702869591638
Rand,0.2601580769835441,0.41227370898839766,-0.10820696099865848,3.7331881534109503,66.01863623087316
Rand,-0.6528443867888459,0.49193549497395644,0.013328278630987851,1.7924768847086032,71.16693042475241
Rand,-0.1901242761564191,0.2882376635409163,-0.02872686062610538,0.4169880260175223,48.01273542204868
Rand,-0.20168644785663614,0.6008109217030128,-0.0485763579619258,0.913564085645504,35.501942397285326
Rand,-0.7132206082244584,0.16952516488820385,0.08278659835471769,0.3096920839424649,58.1179063085475
Rand,-0.6477726219645067,0.36504483724461256,0.042128816959064605,0.5833508088240786,74.83566849396546
Rand,0.1105610008954156,0.7793848101195016,-0.11485937800945668,4.666948608474598,38.41853348069374
Rand,0.3348106033759204,0.5687155987484378,-0.0048616671704695465,4.6042928681056825,65.77482233049174
Rand,-0.7716426488472602,0.5933631938518502,-0.05138911870472172,0.6263418711093215,78.78289105503555
Rand,-0.1727103805928777,0.10923422487165321,-0.11164825285133655,0.23745940259443812,45.29350656829719
Rand,-0.36805917958776496,0.3268012255486578,0.044846413174462085,3.459182479157597,63.57275038231928
Rand,-0.08179393636084362,0.45235109865212564,-0.0811945239001842,3.4913802595242927,58.62364790119956
Rand,-0.45662279972655084,0.5515712416194246,-0.275062257083189,1.3506506067862027,39.48358367534738
Rand,0.17875274458068924,0.7757176568041646,0.011181395549406328,3.7910741724154535,68.97873942776465
Rand,-0.4520803035431501,0.4324392010747542,-0.08870087834258747,1.0922607361734278,64.62036955609823
Rand,-0.41476457782689086,0.7461078930279367,-0.05305983831218997,0.7387147916677157,28.771865254832658
Rand,-0.21587833238171045,0.27736095147492607,-0.05147814039934133,3.462780278088947,56.81850202183794
Rand,-0.7173785257387504,0.8184932303914019,0.00552089603830485,0.6615090308085386,27.433327233878202
Rand,-0.3169609810987194,0.10151294309432038,0.1373547107324998,0.34399270626003636,49.62143193703288
Rand,-0.2603775392182453,0.3991060913514222,-0.15775681900028218,3.5041708766251642,47.33138991327061
Rand,-0.5642898086052299,0.8840757478853736,-0.047733298705973475,0.7984831046677233,21.363342916683713
Rand,-0.5185329352060093,0.5188120474833946,-0.059388940409018896,0.9267251384444509,66.8176078095575
Rand,-0.21896619216467522,0.5937982810901892,-0.14147305079036665,5.38638674661198,45.37384425011976
Rand,-0.25661203587893733,0.465330856476712,-0.16756164579073762,2.6792057094596324,45.45158654613585
Rand,0.11410962678616496,0.323034206883986,-0.28673022712724044,8.637825577984998,36.28755205858506
Rand,-0.42109377500361256,0.46508716625805746,0.024724919462886002,3.7249364715209583,74.63652628663904
Rand,-0.8351543270074615,0.17727456722458748,0.22880556284202194,0.4888446303073731,35.83324488899402
Rand,0.22060107901395737,0.4028514094155078,-0.06174889136481748,2.4346882487398105,44.27676642891012
Rand,0.26405839859029046,0.8494542596931935,0.020291016412772384,5.5659498423913085,58.38725204791603
Rand,-0.09367280953744636,0.5526384107715793,-0.11040125195880544,1.2419082622961433,40.31977846032497
Rand,-0.4902822287805275,0.419672397664398,0.10165483718649926,0.9078190406963208,38.491377276079206
Rand,-0.23409584186824067,0.4535479440313421,-0.22340431743003825,3.613186604600283,55.444499044387186
Rand,0.19906615275176984,0.22312691225518427,-0.17545898832807308,1.0542660804860884,33.96216573428597
Rand,-0.3044947554930957,0.19219143011429568,-0.05372875712913512,0.3563082143601291,32.77024371894435
Rand,-0.5095285187360512,0.42186696703535065,-0.16256932011676595,0.8327187468637018,49.55772733269203
Rand,0.25557441499500677,0.5081490043268598,-0.14986562834297604,2.209104078702033,46.529661819189705
Rand,-0.42651915859430356,0.6797155365053017,-0.028714444308265204,8.658880230680884,35.83530694471
Rand,0.6420132323469817,0.45613271186645504,-0.08854601468372453,8.667776695761342,41.965426105858434
Rand,-0.19256127521413613,0.6218105345653359,-0.08925232780012432,8.606492523471573,31.971100494831806
Rand,-0.15801417837125525,0.2799416593665229,0.005123610556877168,5.440885746563176,60.08470296537123
Rand,0.2649308391075472,0.6073098402154179,-0.06847876810028836,8.729676296632356,36.677376787178936
Rand,-0.6495142596189785,0.25264796030025616,0.06205253780066757,0.5178670908750487,64.47340243261348
Rand,-0.6709131973426941,0.04791516632056538,-0.1634891180843515,0.43029250199224467,59.99030691070304
Rand,-0.6363715633069404,1.061381988625604,0.1717640501801525,1.6874811543627142,20.68808992780818
Rand,-0.4554208066719744,1.1658977784911728,-0.1804409902582519,6.778456292371764,74.695375555782
Rand,-0.4344174499911283,0.2751969400415724,-0.10761392917831884,0.630372464308712,39.938744158838325
Rand,-0.6171320493884823,0.1439196440742628,-0.07366924484068789,0.36056885795656735,54.11462292835243
Rand,-0.5809341556936867,0.3130462475758101,0.14145602442682587,0.5517990694669513,35.10015445415357
Rand,-0.5621648465590423,1.2974904898376647,0.03914430061235206,4.642868247375498,40.388284010875914
Rand,-0.5508648291168357,0.6552824766953943,-0.03595600830634191,0.6412103679433191,79.90421335174128
Rand,0.3125818483280156,0.46355974438112846,-0.1543670335500855,5.372868499878208,42.696333231341754
Rand,-0.4669996041417662,0.26752238341116946,0.0003714239719884856,0.419666578409531,38.038818832676256
Rand,0.3164479201502387,0.9547637038368674,-0.027824327834708753,8.870726998557927,41.67107627378861
Rand,-0.4902525909719031,0.8048030533119517,0.10469897374844767,1.5026857080213079,74.27113923944214
Rand,0.4101614288591965,0.7171280211600711,-0.039971933881326506,2.174219307922944,44.46384317990365
Rand,0.7474477306143441,0.4953962138918797,-0.18268045619197656,10.082559996597713,44.99256562179988
Rand,0.44174121298801566,0.15160799844656062,-0.24713340151572266,1.4243060231883764,45.41933509149849
Rand,-0.47895022657948594,0.5378637128781256,-0.05667075317103102,2.646051928502371,47.25474248636344
Rand,-0.31107886012780706,0.21045082966147785,0.10580796842981105,0.8530251253950702,48.578612960877514
Rand,0.14752683111522205,0.4041008132497498,-0.2505137628500314,2.8924762843803355,60.06864359621549
Rand,0.37682466337481413,0.1667755984655563,-0.25020596611781165,2.3331078341529747,53.365989719083586
Rand,0.27258789523064986,0.2794947048777381,0.004973924162502039,8.660054133208858,42.97957980378967
Rand,-0.549228208236543,1.238520951979098,0.09941927108220908,6.1836798499282075,80.33809660262172
Rand,0.10559128091355635,0.38527295268370987,-0.18704091114267263,1.0536832698836078,61.78834346568447
Rand,-0.4371849144904708,0.29328126841760044,0.21795626886801997,0.47253653575637206,68.4610363999645
Rand,-0.45450344129825027,0.3173271868948847,0.04787967081133248,0.44702667534964596,52.069561923516005
Rand,0.31275630570237895,0.8972537277950163,-0.11162304491703372,78.90220407889875,52.36390563072379
Rand,0.2989253911413253,0.24914465601924177,-0.019890944017419778,3.4045081440965395,35.52588755260622
Rand,0.5381408138695494,0.5439547311112068,-0.12919244847987713,3.664412014820084,59.46123109907096
Rand,-0.12488044565618864,0.22255642216395427,-0.29912116959741,1.1477941332419737,48.40799932022723
Rand,0.39524710670922536,0.5066978413534158,0.04475586308323856,8.60323225653145,55.218543323823575
Rand,0.1984532178505409,0.05675362169491538,-0.1175306639445353,1.3241227642474305,46.30324674531923
Rand,-0.6727461234326595,0.3192042927736936,0.12857999462399428,0.6289228966848909,39.00073588758875
Rand,-0.2919898593959572,0.23238893069462874,-0.15347913334975682,1.4957346462657606,40.412378557636416
Rand,-0.41951796317107587,0.1407786926562866,-0.2806291092982377,0.4544515799100679,57.33357399571568
Rand,-0.2565330793897499,0.603001248646521,-0.17007932277940566,0.7258434006316685,65.42565140981652
Rand,0.14805104136155245,0.15922987099404184,-0.18913111330632124,1.0429975629804966,45.84429451899659
Rand,-0.2946049413881659,0.8362997351857817,-0.014094160918732591,1.576689199716908,35.38240388264789
Rand,-0.5293839387777175,0.4008921942354494,-0.09041865175583674,0.5785026861561446,53.09449844145495
Rand,-0.2293750330352276,0.06374311331607016,-0.10274374970014874,0.3041465932607567,55.15345370721746
Rand,-0.41418152451017975,0.8605712673290498,-0.08343259311698453,79.00284226943165,79.23044504818088
Rand,-0.5102686044913683,0.21093825825270046,0.001314920816211602,0.6119278604987346,58.68821609086968
Rand,-0.7823883868008383,0.12912295522371128,0.14271226810318427,0.47553320773311525,44.77058997703236
Rand,-0.530204011360019,0.27470153466805625,-0.18836430769645646,0.5428788465971923,31.996243293903877
Rand,0.2765091594742001,0.5625622611201058,-0.18708094859071042,4.256526871960915,40.71011368359027
Rand,-0.42362283626853886,1.103439927081974,0.08032562414463362,4.472807817721871,76.71575534435759
Rand,-0.30486958716371887,0.5826644255877517,-0.10486609987964048,3.917983658401428,65.23649252854867
Rand,-0.5722349700749814,0.340063170438771,-0.08017768311565876,0.4865618671460072,73.94150985584949
Rand,-0.41068131679617453,0.9375572947742736,-0.13764931353999968,6.749376418989726,73.04657780870623
Rand,-0.31795542402736854,0.5528770107790809,-0.031579964324307874,8.67234064229603,30.34652829917439
Rand,0.12408964131414996,0.8490025365485675,-0.011687932712712122,78.90673976198705,64.54763049750905
Rand,0.24787021493230688,0.4792442423011337,-0.1894081838223852,78.86423271575094,58.540717082557215
Rand,-0.5934381192023109,0.13718364560557123,-0.11216635343282083,0.31156259647216106,40.26407130479629
Rand,-0.3668321370064209,0.9285265434439115,-0.035689136725173515,2.4768141188841066,35.598618387800066
Rand,-0.2835868378797721,0.5311469949001646,-0.1065776869298718,3.877897794808677,63.604631235790634
Rand,0.1436730196709436,0.2886667759621065,0.059423459014272983,1.3795638941477517,48.10818073129129
Rand,0.7607880968696624,0.29901574412502196,-0.02564756821987474,9.973652409029688,46.12183729386259
Rand,-0.7665971390161062,2.189025085037383,0.09224565708436647,3.449320278891997,75.29388383379131
Rand,0.5287580847048676,0.621788048148866,-0.04262019293869773,78.7851592596203,43.5436703539709
Rand,-0.3114426581666164,0.2083670824526625,-0.06989124898596608,0.41266652858415687,49.67704438915199
Rand,-0.5190652241965906,0.9800175905010715,0.0042101144038986,5.75188753828156,55.51286000685612
Rand,-0.5074747375464618,0.42735549574224907,-0.026883180660786907,0.5976180195788907,55.59599499413128
Rand,0.22154143178983224,1.22475430835215,-0.009310564024111604,78.81664726104258,42.27203066521169
Rand,-0.5090078010750093,0.2983487503288033,0.07550328979383142,0.6222037835788866,34.92437970292499
Rand,-0.3037853887531796,1.0002030849760493,0.0520195792780992,78.89811645056571,59.099220255651865
Rand,-0.403539460904113,0.6072868995945884,-0.11574116758938457,1.2217910929400222,36.33963785200832
Rand,-0.11823486355067522,0.3685701954024169,-0.2213326555081494,4.204210768106297,57.251810313290484
Rand,-0.29013341744141985,1.6676214178743891,0.05426375460958355,2.450826161017136,45.905702781620064
Rand,-0.23861331523746263,0.5441921138828416,-0.05481617807617366,1.6114596708241071,37.45416206007502
Rand,0.4755053127268121,0.3936328154414515,-0.08092443986863382,8.78084817437517,55.610650617202786
Rand,-0.37326548884094524,0.35391180430877234,-0.15330107994318193,1.5624274493759756,42.8754660959719
Rand,-0.24399907185933356,0.17646032836063258,-0.016241561150192877,1.982866848123258,37.18476123956789
Rand,-0.1323294385837701,0.16310310849079188,-0.13459193017924545,2.0272007207778744,57.8695960886509
Rand,0.2626866481642275,0.6288718145001608,0.027474281235065224,8.507511393289088,28.34475790985579
Rand,-0.21417172746971386,0.44820476808684606,-0.23471838839237674,3.4344284583525506,32.629547333438786
Rand,-0.1960244571040466,0.36388966543898443,-0.03500090669222025,1.256088925504018,41.31885517752059
Rand,0.4941078115729638,0.2192976482413318,0.004376635197808862,1.2187495977530662,65.66597661449914
Rand,0.13987637019171567,0.291184355341365,-0.24914472914075392,0.5243697729240582,45.08450681431408
Rand,-0.2925208829157223,0.41114168722500455,-0.16879217764936755,1.5651253714051299,47.34307435436308
Rand,-0.7734214706928069,0.27417600567776546,0.09425884215601585,0.41197213584784176,40.22839424552444
Rand,-0.40497161722535957,0.5396194871672519,-0.028587898454703914,0.7730751077491219,40.791683515955626
Rand,-0.5661064177151321,1.1467808160480242,-0.09247100698044498,3.9543726737201665,41.87386183160175
Rand,0.492135146897329,0.7194132355673728,-0.20118696549235132,4.234174241622007,60.03285281070172
Rand,-0.2365534891601218,0.19186603837012792,-0.07635366971536793,0.3361185704568767,48.92474823168737
Rand,-0.6651127828813979,0.9517086801264469,0.02800166158278893,3.7890570236416847,45.28645994198424
Rand,-0.33685449193045225,0.35189932360477777,0.021395829156166682,0.7241788791712421,72.34464770491623
Rand,-0.24261620313456375,0.4699540243050852,-0.022532762211059994,0.71650564032282,55.663147450858105
Rand,-0.41564374578757235,0.10687994839543773,-0.02561362859349398,0.5571456009055129,45.305587505590445
Rand,-0.37818280583858355,0.36100445603723996,-0.07168649615250375,1.1841024306517207,51.24343783494765
Rand,0.3593028153708934,0.35564163895606643,-0.08045617663246461,5.315509486502,45.67971718894391
Rand,-0.22929466581338595,1.9655640627791988,-0.05500445251152152,7.071070762633566,63.588718216345605
Rand,-0.4055293863732907,0.6521782579351711,-0.09767436101021668,1.6126131963088401,56.18875417857257
Rand,0.3389904626842775,0.2603920832730072,-0.15057572734707778,2.6419097605769153,51.07558660000681
Rand,-0.2819671185335657,0.24985790363630808,-0.3155420227608926,4.041189916770713,59.6022362475013
Rand,-0.40208132421241394,0.3360782601889782,-0.019093854095597048,2.190038770700488,40.75586714912337
Rand,-0.5601452218426394,0.1432096734856645,-0.1203126392880935,0.508033599070568,57.35998725306517
Rand,-0.6120512089567663,0.7047071405183296,-0.076477585714162,1.0557462950531986,70.32670870199588
Rand,-0.3197264706791393,0.8661517225004619,0.04698648399149429,4.138260877475805,28.495319796832565
Rand,-0.24939499916316987,0.25507699489853747,-0.12836273125239178,2.4219762784472127,66.36480184585936
Rand,0.088284092755226,0.019418824755843618,-0.2554433968118699,0.35160196261844284,50.52444084997848
Rand,0.07640571359915116,0.5351541546253946,-0.25816359721345267,2.3646455468221825,58.4781095892281
Rand,-0.4557773439009989,0.6288594994953504,0.13256737522762216,0.9500622182992414,76.98570933185592
Rand,-0.3257674714786625,0.5544170482363302,-0.036086784870714046,2.267656745696734,28.49096836947117
Rand,0.153611545446053,0.2522197962081413,0.02089677785657029,2.4716197985298094,72.42953562643926
Rand,0.34757642316032755,0.46086527409149375,-0.11070856957131454,2.3271422035495055,58.490754480867565
Rand,-0.5774014569369859,0.5182024572096393,0.14915833911894688,5.435167819208929,69.15858788118551
Rand,-0.283913251074619,0.28941030166041115,-0.07267717350552175,2.096764783554554,47.152519372579086
Rand,-0.5089860274243277,0.021421028646766736,-0.06644285923217047,0.411994901604438,47.8644265323856
Rand,-0.4124739725487484,0.46099172042214553,0.08288364440692711,0.6080123743824539,41.562555783938556
Rand,-0.3323750272785329,0.20399119511839206,-0.052518655639632136,2.155675570460714,54.780306930518975
Rand,0.3543905814196261,0.3033182304715626,-0.058637614994197534,3.7022950049558343,47.879264682793035
Rand,-0.48415090318043885,0.2937752885967068,0.04142890292314592,0.5469786970740261,41.84097366252204
Rand,-0.385843511168158,0.9772897144950614,-0.12271271722069041,3.874408573607029,27.517965122011628
Rand,-0.3811303874723158,0.9681668426757024,0.10988728963683866,2.6890753115846926,21.253535344114805
Rand,0.21365791359911557,0.4067393780924443,-0.20248883594069814,2.329348309844133,52.488046126337885
Rand,0.14783642186252086,0.284108048393831,-0.10164620048787743,5.342380930053895,67.6171563146178
Rand,0.047162844952645694,0.13096497000473276,-0.11321086135462918,0.3388984890160739,65.86770057044245
Rand,-0.28772035731420065,0.3498424153151744,-0.10307249754546366,1.5523386740215015,57.57439310100108
Rand,-0.6504344044208101,0.8010673126270882,-0.09320506458741874,1.1766011683656705,60.4225441248367
Rand,-0.17344798165332606,0.3046872416609703,0.0032725883488093324,0.9216671951780335,52.3315615363306
Rand,0.421497681511693,0.5375950055267305,-0.13899866107895664,4.26664396756293,32.978240238715294
Rand,-0.38916639118954044,0.38096259589991754,-0.17520343465677207,0.5618042084470372,66.21532336134732
Rand,-0.2910679333788485,0.028356722773561115,-0.10100321472618143,0.3812039958758124,47.18914487685684
Rand,-0.2026556187674594,0.46967997903853015,-0.04732988836103368,0.46052122045183513,54.25319901971803
Rand,0.19131775281149194,0.35684171617527893,0.03164668889188585,0.6785225006303921,65.26781812194726
Rand,-0.7122624128183955,0.47297186041761047,-0.04757911839523264,0.6755398554076849,49.610959282297294
Rand,0.4292543756159605,0.4542386962867043,-0.1928697501381948,4.339633819995141,54.074671263328646
Rand,-0.27901065100926264,0.40755269128759275,-0.1282943518681762,1.4266149502625731,34.690257905276326
Rand,-0.5880189630074046,1.016064460262383,0.1443930711520549,1.2457820621349844,25.60170003637493
Rand,-0.4272239620903751,0.6311433697845013,-0.08079732976963283,1.741435754000712,46.16269214351331
Rand,0.6297453032213587,0.37757909475788615,-0.1413071984478325,5.439248508626608,62.324812548677166
Rand,0.34433525483953353,0.4797348245505949,0.04455412691680744,78.87550732037778,54.81363524642096
Rand,-0.34068310346213854,0.3582489062288084,-0.0392448846644288,0.5346568052835007,65.28628701486811
Rand,0.2012494237261739,0.16274852496721498,-0.1482202507788012,0.31832803254856573,48.46482504045695
Rand,-0.37848505891721895,1.0414479218727386,-0.08442062480330316,1.7831070032880416,61.53993519476009
Rand,0.28347096559736323,0.4246799184993745,0.020303438967424467,1.5675904701491534,63.84842597974235
Rand,-0.3489914451719217,0.5861290894253528,0.05987885274830482,2.006751216711388,55.35676871015206
Rand,-0.17025827303355556,0.5286636069480424,-0.012822127347793129,0.6408829218909368,63.443791968029295
Rand,-0.5020514432296254,0.44471861586426187,0.14115152082506885,0.48722457775133704,66.07618149005148
Rand,-0.7607541249339481,0.13287944773441795,0.04214906041995242,0.5244119932875461,58.05235535401923
Rand,-0.12472465818296805,0.4554202315658765,-0.08610165153359114,0.55085312625638,69.79719895985468
Rand,-0.6945040706892853,0.259531197274928,-0.008737668386218811,0.31820831363955154,48.227031962348
Rand,-0.2357228150342472,0.5647488274492747,-0.07865382363597227,1.456772909895997,63.99731774132897
Rand,-0.6970656561593795,0.2617031769258106,-0.06488253464419258,0.5042709376003572,32.4165227487011
Rand,-0.35155237675571016,0.3010212927144456,-0.03579982310853546,0.3763031433794833,65.29866062626914
Rand,-0.23944245243019496,0.6621112335604843,-0.07063208688632458,2.0971039991604967,49.87143272605084
Rand,-0.4131839025266516,0.23540250483772138,-0.08801446245146934,0.44842248841988863,39.00513969730157
Rand,-0.5822333031960732,0.03776506440347256,0.01586795429913262,0.3536968772801395,44.3934961186321
Rand,0.08430181434347124,0.6511499650020103,-0.016293281709420477,5.420815677793201,66.2166243015166
Rand,-0.4323331643388163,0.5228419283429131,-0.04525493646076604,0.5311610796690889,28.022667604974306
Rand,-0.2558374490545821,0.4390944470801452,-0.2172849890311162,0.6230344029545386,29.405749507878497
Rand,0.3379187821554523,1.193019361542997,-0.009514684463071868,78.73168252784109,32.92848218732756
Rand,-0.3217609245415537,0.0779505191141274,0.10814850461327387,0.3472763749921512,56.742380971217734
Rand,-0.2479013596762189,0.2661801221682612,0.023665152349838472,5.3888146233811,73.12901530885398
Rand,-0.2880876271069543,0.39984143951400497,-0.09640972473515994,2.459337893127578,53.04578034395464
Rand,0.11944752410884876,0.6531666466701916,-0.08604423273943637,1.1196985158073236,63.941128603218345
Rand,-0.2874330972630053,0.7003550741670683,-0.09961777752020341,1.6349728636506626,51.42630097481733
Rand,0.17347146048702256,0.18216314318482518,-0.16049676717792052,2.0809439639963707,55.87349027294917
Rand,-0.22365888937407338,0.5671306478472379,0.09386735064249964,5.882221941778429,53.47333506099663
Rand,0.16099584616852872,1.0648644426540348,0.038436729212821485,9.352318344668964,57.40103534799511
Rand,0.07617067178974797,0.19325181375080253,-0.2626097623958982,0.2833100089791793,46.32849768337226
Rand,0.3200915492048094,0.7908268536611216,0.04870772369262928,2.7396930873580763,45.65185533647112
Rand,-0.4606658059493569,0.2525854802183368,0.1214886910473477,1.3403670812420465,47.79893104003862
Rand,0.08407465417195303,0.3964979666915239,-0.22993089570472822,1.4747293571533082,36.55814715821134
Rand,0.2782539529116682,0.2771391343805487,-0.02471123911090619,3.9709313393724086,58.56079445527891
Rand,-0.44000230061062157,1.2183034222625402,0.020653793052414837,78.94590801454969,73.42714262107035
Rand,0.3022088884065889,0.21128676311732172,-0.03183761301899069,0.4689707265117606,56.89309397017135
Rand,0.10005257246747248,0.11249906514548906,0.03947485492341809,0.277305802603632,40.43386493249155
Rand,-0.11604182600008364,0.10724406915181128,0.08401282765452174,0.29280241625014874,39.74349751235919
Rand,-0.47549656642372384,0.30644287393440994,0.07057971961611946,1.618024965799933,37.79050645328844
Rand,-0.09045894183951617,0.5544741329235169,-0.201608238861569,0.7883237457632674,62.25996748118212
Rand,0.12890512231441598,0.20145846696390576,-0.14291444046462765,1.4177950883306076,55.8859529015415
Rand,0.38956053891052933,0.5738917771268657,-0.14375260299526244,5.415226215380141,39.30100005244982
Rand,-0.6960551985609598,0.4652954117953453,0.05439072171911935,0.6455213220668007,53.11235862790047
Rand,-0.19163023919685124,0.4121068104112462,-0.18157917289973344,2.2198385489425445,46.08883651587113
Rand,-0.5042142026387267,0.31631033841523976,0.013996849000571328,0.4348815070100507,61.99460966228013
Rand,-0.3828819389184114,0.15106509007361094,-0.10872951844127765,0.32838547427562514,61.1894369237144
Rand,-0.35029002721285274,0.47416409548902844,-0.15070602503163857,1.2983542587475758,35.84514287672142
Rand,-0.40186083299866704,0.4220492060088601,-0.13188131862929173,0.880108198064325,70.94385484504967
Rand,-0.35315452589578333,0.32160313675517305,-0.24136884077448953,0.5842813732188914,66.76751807472101
Rand,0.4851444145732079,0.6074645261846008,-0.128970061546369,78.84574764579583,51.231525830823465
Rand,-0.25638251753085556,1.01986561615228,-0.041814030985452805,1.7864897256875047,61.45684458357545
Rand,0.1076959013410819,0.5181074147190159,-0.18836857275529495,4.25817325210696,41.98875755002184
Rand,-0.4348836301275275,0.7930795308177879,0.14475001319603242,8.526080981121554,54.71006790301299
Rand,0.09077028922369318,0.23740366891532827,-0.1778309838579023,0.6275738423955018,42.56676474917729
Rand,-0.6780219611065817,0.8728878133892792,0.03146317243980414,0.7686757247508322,45.70168150312857
Rand,0.35819889604938476,0.7016497273572506,-0.19814572701454738,3.2759653965546085,49.42138722239762
Rand,-0.3351359975336414,0.45050517444162025,-0.11672957410188774,0.33801108471097946,43.062704723074
Rand,0.2279934804281898,0.6324436242566485,-0.10328268584985027,8.554087071317891,52.28901608520117
Rand,-0.6263775655513782,0.17534466927573952,0.08434171939978694,0.5042067330421618,57.30456103159006
Rand,0.2233783241656624,0.5083341910198069,0.05794939409548273,4.063348907701865,57.53657084389927
Rand,-0.6282185994483716,1.1858194833757278,0.16692743843103858,0.6997821337901474,15.236697792723081
Rand,0.16975022359702063,0.2618903652122889,-0.31189066423069073,1.466687995204108,52.65925639513117
Rand,-0.4203889956643717,0.3161721380635099,-0.026427374632295223,0.4060881068008591,42.274235869755934
Rand,0.37455505972159664,0.2053620037177939,-0.19518072834339412,2.290787476487699,44.52719717826964
Rand,-0.13175338013777838,0.3228859674937683,-0.12911113286285775,0.47084634173955364,31.587936260330917
Rand,-0.5457049158234657,0.41812200203076433,-0.20988012476596157,0.39000364450894803,36.30654998538375
Rand,-0.40931212850736176,0.16655362190889014,-0.21759001570442768,0.3471911886916294,69.12515644474924
Rand,0.5295451299156,0.2632828684968656,-0.19779183346487572,8.589905041109112,41.03439664431727
Rand,0.3994375806889433,0.5044851359124989,0.03503960240925754,5.602375129745702,67.52488551819982
Rand,0.24569418851480063,0.6352714655371696,-0.21684305069383072,4.027866558047328,53.12500020424873
Rand,-0.4820141083234891,0.11179906773170693,0.0057863538292423555,0.32720571838647744,57.03839401065949
Rand,-0.2586504056657635,0.23279797019439133,-0.24242821444695786,0.9839618562091503,69.12612032408198
Rand,-0.382669633893429,0.6088864316206802,-0.05412402683463758,3.570811382663404,43.21107094723725
Rand,0.1691063403225429,0.24816942560593086,-0.1446639901754169,0.28826255060051503,60.02610204266304
Rand,-0.30954124740295075,0.37897936949912936,-0.18123222390240717,0.8846871967812103,46.05072996703807
Rand,-0.18481039200362537,0.1216398367314109,-0.08629720442060973,0.5084868601231586,40.131515289823064
Rand,-0.11663993324607771,0.2698344584462794,-0.19251916983841058,1.5823954618392948,62.99197507347133
Rand,0.18920801995780082,1.035624512990681,-0.12098946615155134,2.3976057371232318,48.129051430715165
Rand,-0.42551316063108324,0.5643116682237483,-0.07052170866406503,1.365293188772921,40.905866851699294
Rand,0.46190287010956105,0.4467972605988737,0.01238926568980508,78.99703474229501,61.76459813064103
Rand,-0.26717291587467235,0.5602643286744377,0.03362438605268417,3.359053524225032,33.62093764455737
Rand,0.32255500201192744,0.25266106525181986,-0.24778761208819197,1.0767127863631893,46.056421040816595
Rand,-0.5702744363467944,1.114135331212283,0.13489938473424654,2.3708629859230683,27.863999575052382
Rand,-0.332328234334412,0.6972532885127857,-0.163422516557582,1.0009782501723201,34.342098979356436
Rand,-0.264861033692263,0.5385326883577226,0.1508665589293589,0.7080795857436869,28.650206309974635
Rand,-0.11898236367542413,0.22628034415495,0.013886392277157112,3.5190283453168987,45.54969476993557
Rand,0.38691517703496503,0.4692266323762827,-0.17928848204530942,8.720198998522331,51.279875910611224
Rand,-0.6413146975775073,0.2785235017048243,-0.07877999927585741,0.4000041173343743,67.60650710612228
Rand,-0.6083285717888582,0.2571696876080749,-0.10004874831573139,0.3266962933830845,47.4955871798875
Rand,-0.27984944898555697,0.164234147083317,-0.27547679475536313,0.42323932925600827,41.48293800197246
Rand,-0.27171996359419115,0.821824490466055,0.05888127686419088,4.022614130186222,32.19790500525471
Rand,-0.46517611371550105,0.30259382485588315,-0.017479951806919577,0.5347630366945433,36.679992364218194
Rand,-0.2238332776693402,1.1130827339974843,0.04332783498409282,6.050629324177316,45.084974039741894
Rand,-0.4256329369241115,0.8305650423217681,-0.06248290592538976,2.2349990193377924,63.91823536118243
Rand,0.17167988197285686,0.10246946439997098,-0.11752275253936437,1.2874695592418754,50.318874837085424
Rand,-0.2277914469438463,0.4144653075910136,-0.05130053743064735,0.5463739223051878,56.315348563972066
Rand,-0.39365544812672426,0.5264787061919141,0.03228859955615737,0.5948884265273859,26.756542713674857
Rand,0.3727455545861723,0.4231458252787236,-0.07457611105960553,3.782124946563812,55.29351406255441
Rand,-0.1748135392622871,0.9961701073042433,0.05058728068322538,2.4913117521615944,49.53607495257294
Rand,-0.19569927159039346,0.1921973515738321,-0.23689226274758796,0.31485531120787036,59.30076360782095
Rand,0.5193906273951934,0.38426263047961823,0.06492829802188385,1.6353816230092708,34.756605631347185
Rand,0.17794505764364016,1.2604492520228288,-0.12949354041407954,79.13031870585402,61.05319061620056
Rand,-0.36603410975906087,0.43825236746493584,-0.099688122154265,1.3355442398046382,39.11366389567004
Rand,-0.6934337272569235,0.1447453543960306,0.015292752575473556,0.5221338927942508,46.64619780200157
Rand,0.33847612441333547,0.8042205257282651,0.012648019288525068,79.17353199332756,76.53272582419144
Rand,0.09134991552118446,0.309883961415542,0.021116208137181233,2.2435149215361023,48.256200058310945
Rand,0.3168604726968057,0.5323872597542206,-0.1302318974531095,4.0885446121573334,49.826403541128805
Rand,-0.3846862237115738,0.7286573155826721,-0.10159736956759084,6.710473582308767,66.61014136656361
Rand,-0.7672472848156013,0.3727751757673032,0.036669708794656856,0.48926453834656336,61.14374676129033
Rand,0.1827887513756837,0.7198497479905223,-0.09567491373634825,4.2608042427261905,60.26669011767154
Rand,-0.2559898873191401,0.29305824213025955,-0.2009831691527138,0.6471783371809465,39.075407114104834
Rand,-0.2799755305238406,0.26237708428276885,-0.18243233346357907,0.27970991157723074,48.72474612292505
Rand,-0.3147359410627733,0.16374917814835332,-0.16530530308696198,0.9309878750557725,58.68818100676404
Rand,-0.5097261811314102,0.17560157783961322,-0.20910925370046277,0.2928629807888312,55.806881337925574
Rand,-0.20434474704892988,0.9632524771523098,-0.11672814095694775,4.960591917051577,49.36180715240086
Rand,0.2754988257144696,0.2862019782310114,-0.16758493281474038,1.3810700928324071,63.37434033199676
Rand,-0.20140859159538768,0.1626004798372836,-0.05576834594013454,0.3423940287586583,52.11370266036624
Rand,-0.4007645675967784,1.0266612116743055,-0.07430690462777798,5.659689201836028,75.04514246634845
Rand,0.4199577304925888,0.5501818149255849,-0.1348646333874225,78.83045649207192,62.24833224460521
Rand,-0.42513903616005627,0.4815873629093092,-0.03630651584887571,3.5286348969549954,33.02212353952857
Rand,-0.48996158756339664,0.4725052475780848,-0.12477955371102983,78.90073426956047,59.458287277753165
Rand,-0.21556068044608973,0.1392061498763515,-0.053819410901881796,1.082743573358284,46.63193929634753
Rand,0.08940933211380632,0.36043270802796223,-0.36955396589847894,0.5369461683079114,54.04575257119476
Rand,-0.7270094501651051,0.20474745940353517,0.02126336309289752,0.433244937202465,41.905404028149995
Rand,0.2585655482039781,0.13508895929650938,-0.1588207639212409,5.260355976417453,54.682904005619434
Rand,-0.09117268268759018,0.8148901991758015,0.05535522266300767,8.889881057705262,16.7694289458541
Rand,0.28304113053998536,1.2185084198302396,0.00988304747609994,79.06081225924261,58.90222871562704
Rand,-0.657682443328022,0.580034676660097,0.07738614041023584,0.4952597896539592,66.98748790954654
Rand,-0.3813526559390078,0.5549815707029438,-0.09835742918242053,0.6988132404326609,39.09220368377164
Rand,-0.45573008852133157,0.6381038445414996,-0.09767695786683776,1.3828287798787202,38.11019760683527
Rand,0.1633616390227137,0.45787268703004613,-0.012104189721151926,0.8555425825710766,29.045551265385424
Rand,0.20754332528624234,0.3863236436810554,-0.0342123172452508,2.2891603970572434,35.77635017984327
Rand,0.19783784998214468,0.7175828665074823,-0.13013388349188923,4.543203417871467,61.767896599186734
Rand,-0.8475301312329309,0.5664201835849513,0.18133992682465885,0.5969074530629487,74.69355829265893
Rand,-0.5988556725256093,0.22524512024446425,-0.09803979855817571,0.5992087186230433,38.550328391939004
Rand,-0.30378507694150114,0.17188915007040237,-0.2073966240845387,0.41145263776081004,59.3202380662439
Rand,-0.13104560741632326,0.5141275805001427,-0.19364687897702967,8.669928882750616,28.36236425480853
Rand,-0.32244555144074527,0.2943197008733857,-0.07253666954242008,0.6727751146869335,55.98648724795707
Rand,-0.06081585409778307,0.10255581005978856,0.0051977212091735316,0.32534404943488693,50.420320484227
Rand,-0.24175968055812097,0.4020771077434116,-0.12551211424499537,2.1380414287566105,44.190935383631036
Rand,-0.4015103116749761,0.1418824140714863,-0.20857538393477357,0.45884104871907305,45.99011519262752
Rand,-0.06956626060245055,0.2173814066992843,-0.235622283500841,1.1713296715347923,47.62406815922081
Rand,-0.5507751311044908,0.26877949898392683,-0.09832892249876203,0.3780545295282698,57.95684281529534
Rand,0.1948087175204972,0.43013266592008365,-0.20603700258101965,8.662853991314096,34.52179464998616
Rand,-0.32450889434811603,0.39469491841450116,-0.09875314422417011,0.8327482284991296,39.89720639576871
Rand,0.1832016229084318,0.5761666187027487,0.12107540530224957,1.1564384661554223,29.363193544190203
Rand,-0.48116602525509733,0.5187982981477275,-0.0371266906929108,0.5627205476378314,23.51579048914016
Rand,0.10656291506593449,0.2402757417395561,0.01164233310940636,3.3741004543395894,49.3858994677379
Rand,-0.8501519434193004,0.1286398149839904,-0.12473075086738072,0.4070735695463287,46.93535332829698
Rand,-0.3970579536652767,1.1528587812994218,0.07859540117342922,78.8874674426258,54.81244303963232
Rand,-0.05752302735691856,0.3789072397120869,-0.11033183948290731,1.1138769305547522,51.10183695135502
Rand,-0.7595738916300949,0.6245844539665916,-0.010954533209013118,0.7497053905400757,35.77995343538756
Rand,-0.07947158446597766,0.201386019433324,-0.10819454623035235,0.34211376488776074,63.154450209160565
Rand,0.22234100967000503,0.9324766627562784,-0.0540015568895502,6.700926708918155,53.45491927507181
Rand,0.16053634959581278,0.6454337558391886,-0.04262075470456283,2.873256982069424,56.427094882365594
Rand,-0.45887162048204033,0.559639833314898,-0.09534042822082492,1.5830357588975454,60.69749999370154
Rand,-0.4291440755405361,0.11614688475245523,0.16918067295089537,0.384979714272457,56.6729273624089
Rand,-0.6304998661067222,0.28143048474386506,-0.08818474795275379,0.3631522741480626,44.98465779762545
Rand,-0.4088244613747421,0.447583763336789,-0.08577996347700495,1.3548020858362988,64.31419808368265
Rand,-0.30443863362211304,0.30415349750134196,-0.06761122704599946,0.28528702849482973,63.136740717382246
Rand,0.19563570498916086,0.6244960160923775,-0.23002395359948893,3.916254118687654,31.85329626322884
Rand,-0.11734384326743835,0.11814945782239787,-0.41146173787616597,0.3421476573699183,44.16470083867183
Rand,-0.30395681693643267,0.2846910712986531,-0.0250565672066191,0.49947482432048174,38.44875661793354
Rand,-0.11534015989985108,0.1731843866495748,-0.08108471479726084,0.40972869502324477,57.11254002719981
Rand,0.14717023818597152,1.414102725600347,0.0054897356856176745,2.2361750747167006,31.119194448858078
Rand,-0.5673316537901825,0.19731772145364765,-0.0725265378773039,0.4518248157285348,39.17173015502014
Rand,-0.1442251484427924,0.3719651948562526,-0.15869437962387445,0.5127482403517306,54.972253095385405
Rand,-0.6042222406745079,0.2630048544287022,-0.17289209820273652,0.2985097846989502,54.70922514492391
Rand,-0.3562833253432817,0.3829246770149154,-0.0929735588388807,1.519919145593448,45.82876740953162
Rand,-0.3796525262769438,1.008706529261831,-0.11928626110799849,2.5076213292348313,53.09971337176916
Rand,0.3331825484078555,0.8939172886111069,-0.17495877182558933,78.94834115351478,63.06816952512073
Rand,-0.587546674307651,0.42316662442469066,-0.058355622012668654,0.7536358316543404,60.11924816543617
Rand,-0.6154095613520065,0.9530428767360689,0.04338336102703924,3.75750618166458,27.635407425378837
Rand,-0.5218976012253412,0.22007378017771723,-0.19350408827677332,0.32236231019495776,42.99009216516307
Rand,-0.1033267994505479,0.8860785602978348,-0.036395318783173626,2.6516838956753426,62.99216828331038
Rand,-0.551211168687624,0.3148311524297459,0.08684904833768697,0.49299736562351765,65.93043895812056
Rand,-0.29858943493214585,0.8388919182755282,0.06067697260432483,5.54044185775261,56.74329809696037
Rand,-0.18739335518982947,0.18925387279085729,-0.20647643428117826,0.3069113013941713,39.14002636313744
Rand,0.05969525291136426,0.6544980134750253,-0.07878747366582893,5.4342985880898524,53.01123195965186
Rand,-0.4766750019736503,0.20717711514679493,-0.17768775523772004,0.5670867999647031,60.502195712224626
Rand,0.12652280554370843,0.2841608818950582,0.24009241286589436,1.6584661290599705,77.1919021292873
Rand,-0.7447413771032559,1.0571815182841529,0.08563450348934526,0.7660134994743875,84.49392785491838
Rand,0.15900542479369204,0.13474564982207482,-0.059930592561637845,1.008402864142489,40.52248796191623
Rand,-0.22981237961128798,0.42061477878499354,-0.0882339765482029,1.505881030957551,67.1849013752855
Rand,-0.36311056544035525,0.7130306310954516,0.07387926182529295,2.6457611163593007,27.773615145019992
Rand,-0.13053077053363846,0.753007347237333,0.028058834468029734,1.108538784258805,41.17254828623505
Rand,0.09677143032674071,0.013989569443716399,-0.3141338892990139,0.2515231195218383,46.53031547422035
Rand,-0.3082347974806029,0.3688771246561249,-0.007898159873216574,1.5003910979223547,55.9367936491452
Rand,-0.32638378401442963,0.9185795044480167,-0.040496596133196824,1.8284816946443305,60.70647127867655
Rand,0.3089540462127312,0.593794428877548,-0.2096705401966496,3.248255412880193,63.276819957208
Rand,0.3500673266863028,0.4532354815567635,-0.19812553039812378,0.8121459579888373,45.65010734725393
Rand,-0.6120877341980545,0.2159684993099101,-0.06460974465910113,0.4034895229245459,64.3144975423916
Rand,-0.1548661494632032,0.15749198490948163,-0.3465840691120146,0.33100454879023355,64.64896854533262
Rand,-0.28260081576824864,0.11137820412170207,-0.07574980962707696,0.28856352928844875,45.96993819588119
Rand,-0.38461963637156077,0.6264488072076585,-0.08134263443353335,1.7126164373979056,47.2819506200293
Rand,0.21925412225368254,0.4754432094143907,-0.051790947699792325,1.3423188798200476,46.243229654331394
Rand,-0.4985906605965828,0.40342914000300223,0.15832136735467367,2.13774969709161,33.8774174198056
Rand,-0.19269888883905031,0.1652540033603036,-0.2585787287071903,0.4698357055214939,45.40811505807992
Rand,0.14795780752600152,0.18721372262561337,-0.009782158349738097,2.4027680416244266,58.68657690387514
Rand,0.1702028810241426,0.43037604464166146,-0.18871828967751086,2.62658193560411,31.410163279183724
Rand,0.3257161897275526,0.21760749297060195,-0.09058054894797558,2.107099432964549,39.409915620898175
Rand,-0.2983488291103282,0.40031270906533445,-0.10692190010631698,0.6213905319136483,51.65356866882031
Rand,-0.48447014856195514,0.11285320967768589,-0.08004708046888276,0.5022070464790451,47.591492173884035
Rand,-0.4041508564989949,0.09272977734140993,-0.14722374713438616,0.4282173957771718,58.8639714060909
Rand,-0.6015539567372148,0.0729350982366141,-0.07752150430661107,0.3770164866400143,40.04188203823665
Rand,0.21744778398760178,0.14949417468852502,-0.12446349242447664,0.8511218855918027,61.57287433386437
Rand,-0.31319101039030994,1.1380973024214145,0.12758920346723934,1.5065602955352724,40.82773613069149
Rand,0.17585809979602723,0.732121379536925,0.01584406917261391,78.99793625469839,63.93808182818559
Rand,-0.5714801989944819,0.33999418397814946,-0.1831244976554686,0.3205064419535735,54.743544326280194
Rand,-0.19887299015334353,0.41963336574010646,-0.07599252295428682,2.4953743819497074,71.68940343000789
Rand,0.4526786623734179,0.13127885695700542,-0.1514448906433005,2.1250415061103993,41.78106320435646
Rand,0.7364383308903215,0.2792591561470189,-0.18028615350008279,78.73900349717351,56.53519724343031
Rand,0.1322188037870498,0.028751021523585545,-0.19575323540375503,0.22489155790193543,51.96387985353813
Rand,0.16612426992370022,0.41706140949548687,-0.23030220703837564,0.6371115859240774,36.198225059598585
Rand,-0.43244557602804323,0.04206535592475821,-0.05073496551515059,0.35134389232327223,48.88332099700087
Rand,0.12088701842237717,0.9477999659590945,-0.04203311346779109,5.473917023003362,54.131295537734594
Rand,0.3544310710226922,0.4524809684440281,-0.003121241474521385,8.460686600622871,39.71767502853122
Rand,-0.26474066370385485,0.8207008151806253,-0.0966027912942032,4.201747646611189,28.778337541996407
Rand,0.20182762694444087,0.34283504897327327,-0.22178004738599227,3.4608676160961633,37.63226036275783
Rand,0.3152097438132023,0.16730894012704658,-0.07420882403661026,0.48123996147033843,56.15514037759208
Rand,-0.7634305117344257,0.2587546142347269,0.15043815236412522,0.5640287758432652,59.53166762813191
Rand,-0.2682336233463193,1.166538033318298,-0.04397661531165867,3.259693674756541,50.4630012182045
Rand,-0.82421890225423,0.34062086780055345,0.20385692965615818,0.64684062729235,62.629901037952806
Rand,-0.26730913732510736,0.3783054145257145,-0.21223639864241417,2.3700105653738532,43.930449463703525
Rand,-0.27557970498231765,0.6574519256899632,-0.1060729846179036,3.6376534579815485,58.86669887635413
Rand,-0.43895609553269266,0.14545701519853355,-0.06337773235535027,0.3728822230485097,37.888908951058205
Rand,0.3992652403057466,1.3396694337257067,-0.0889236809288012,9.186748281404915,38.40450388010218
Rand,-0.29469018948366066,0.43509509851264916,-0.12615317130628823,1.5162583702883445,37.66247736540432
Rand,0.1704792785455666,0.39759527878606404,-0.043066632842835406,0.35634657967547767,33.23191772320494
Rand,-0.2831183475191252,0.38694081737353486,0.05338647243079635,5.316090679965924,56.60533157535418
Rand,-0.19063044259140444,0.5652374884973553,-0.10178085872505309,1.5849595669624943,56.64801588249292
Rand,-0.5221002173951368,0.553182827663812,0.05037260308999156,4.237575504234641,54.87164074607518
Rand,-0.4773048051127635,0.7274367621088988,-0.10353845620694621,0.8714147586094867,40.35397480158215
Rand,-0.3970459447395126,0.6914340264108936,0.10608295089489861,8.796031827658116,29.909775040107334
Rand,-0.3146378626922125,0.47222190419107213,0.14680314372800596,1.3092609249246268,27.62605237130683
Rand,-0.17560504599505183,0.46041209528495675,-0.04137568535440969,0.4494886984041973,43.02096258209267
Rand,0.22982095902547633,0.29618323953028847,-0.13678649459905995,78.74292326041748,45.176450047309366
Rand,-0.3833894308926512,0.553483964798167,-0.1444810998944581,0.6391842932142231,64.27412399042434
Rand,-0.5372743816256367,0.5423952285243215,-0.12472559277133764,0.4355647362520936,43.35492878344445
Rand,0.2945130981372495,0.7869680376588795,-0.09036038954614549,3.95296484949103,40.9343542105072
Rand,-0.5690657712478375,0.06441075607508381,-0.04647848070615807,0.30684919116100084,54.16088015280336
Rand,0.20458724703433404,0.2696904948205405,-0.16634343237656182,2.4075780419053925,57.7141606636477
Rand,-0.5256418744291227,0.8883806324118011,0.06553690056184795,3.1192690799305574,76.18589409628902
Rand,0.3694438295867546,0.32422649860697716,0.010401985734165889,1.616933283530984,40.64070430808419
Rand,-0.1432124148369337,0.22952742043224714,-0.18597410002161066,0.961534456006921,64.7057459083182
Rand,-0.392678914980903,0.14325430089636124,-0.14680431539052846,0.3520205800782518,53.942320532562185
Rand,-0.5245652073698026,0.2243639204988043,-0.08241580729695147,0.38118752839146236,64.42475504963487
Rand,-0.49990045462048516,0.5917565102923301,-0.0046075970373380655,3.6577131392131936,46.62610679669735
Rand,-0.5501918793865842,0.6453153140857733,-0.011517586689423202,0.7050325954848754,66.00396469547347
Rand,-0.4004092719279777,0.3458282784440723,0.20742636907089013,0.46567872694191714,38.842117930469435
Rand,-0.6427184827314683,0.6593857772056868,-0.11387349165639636,0.8882480454528263,43.088728014337605
Rand,0.37431498323718293,0.7582499400117104,-0.11371521565467324,78.81419044472018,42.27622366297929
Rand,0.05714284305306483,0.3170486743806311,-0.04210229963491539,3.7861304211627007,59.579073358074616
Rand,-0.5137592849228505,0.13507383957742541,-0.141496801244652,0.28897835573302827,59.36393303865108
Rand,-0.6011189978261318,0.19112497046454865,-0.1273737768878937,0.2910616806954559,57.4342007789008
Rand,-0.687317627680889,0.9060516034917331,-0.013233184432032195,1.5488963412411842,55.806805042596444
Rand,0.12334599522145605,0.10299445923885489,-0.08009330431352525,0.5328144751210837,55.49834228854903
Rand,0.09058608930544704,0.8535022765742679,-0.18006336779131435,1.6533531075213737,41.936383319948895
Rand,-0.40264162355926786,0.45559689206291776,-0.265202643978826,0.36690148874956685,37.40579056587063
Rand,0.17833446066244107,0.25671092562269554,-0.01964481227437881,2.3213441887788844,40.13808777944264
Rand,-0.5251349657507988,0.5172708319226488,-0.10481532040541666,1.5031160977191833,43.738702575127895
Rand,0.26630190110130675,0.2868820516142425,-0.2132505424478222,0.6029595647962603,60.57360140235898
Rand,-0.32665787938204843,0.22438046959858723,-0.21620344226440205,0.41106932308610783,54.95328139537305
Rand,-0.22273005483117198,0.30690943043216656,-0.03200012914123118,0.37677384172777034,32.48832979223879
Rand,-0.7018208998613776,0.2711098673217755,-0.108311723140483,0.34116367166966743,44.79814004659606
Rand,-0.3697522173045366,0.7856950625951317,0.0571481619935335,8.707798849080921,25.093728867031444
Rand,-0.10667252324982299,0.7956697203425803,-0.04174608556042701,8.799174691256876,26.568684595606257
Rand,-0.5661734122547177,0.21518758251526574,0.07244913225771714,1.4336054252366963,50.33387726521771
Rand,-0.17335982362464866,0.3411925379480266,-0.2654086365334398,1.1842970153652814,55.598334480261066
Rand,-0.5579608656438138,0.6450603751663252,0.004904776037305541,4.066941247313264,61.23633381705179
Rand,-0.26721644195496486,0.439076376485459,-0.16199940388639375,0.3967281418857012,30.777675490729905
Rand,-0.1396727962436302,0.32565987898806087,-0.23161456952945356,1.2990640968725469,52.56417802148636
Rand,-0.46441845730344566,0.3721687516284148,0.027268398704175443,2.1222224596546586,44.10431950806911
Rand,0.15678737970497905,0.48472875399055154,-0.030601418300032355,2.3146479352353007,49.7458577925985
Rand,-0.5142015928308449,0.5238616689083917,-0.04167398094889527,1.0000160498654944,68.10990257264686
Rand,-0.31807702200691174,0.3583073425996294,-0.08361626064252578,0.6590408772506823,36.38167009290202
Rand,-0.37524833997531676,0.3807933158726705,0.10551763085196356,0.5799818209363651,36.027699864330145
Rand,-0.3497807903149044,1.354700150894383,0.10194662227507689,2.509299314377296,38.685443092204146
Rand,-0.2236862395523063,0.4182519579901136,0.06692418987305007,3.783978181699846,57.35736012963451
Rand,-0.24667090565511662,0.0935266216941097,-0.1756445043934529,0.423951843769007,61.87897381750223
Rand,0.3632027505591824,0.2129196402263056,-0.05354967598387109,5.226679203713601,54.79172166419283
Rand,-0.12872141834978168,0.10569030236430436,-0.18909435063107102,0.5955423355217759,43.69908204267968
Rand,-0.23574011397278935,0.28701083044102965,-0.033561410827392925,0.28646730794918857,42.69561121752679
Rand,0.29618561032893,0.5812338203555627,-0.11595276566601706,3.6049430700197163,58.04025642831804
Rand,-0.13402356783540012,0.6351388537922282,-0.23668353182665813,5.492791699720423,70.1803448085897
Rand,-0.4156797270038134,1.191077434063431,0.042378037605921445,2.351466638269681,71.87015147968839
Rand,0.3158871918077064,0.1862164367573877,-0.23095937940631694,1.5034827538846154,42.12451509269566
Rand,0.2970440205268779,0.8794357497241061,-0.023278254783625527,1.4282910867420828,26.53790428839994
Rand,-0.11837818069278316,0.14621366712677789,-0.02615875867048406,0.6844748131926781,50.12862701648938
Rand,-0.6325706708772527,0.25502636865825445,0.0208238469631286,0.40566711595263744,62.33939771437183
Rand,0.20486116027432563,0.4199540481537186,-0.04840442761215623,0.6258632935212319,30.700941317878204
Rand,-0.5075256191683979,0.07166262458475188,-0.024870577366039173,0.25674735542314275,53.755963468756164
Rand,-0.3022909977592151,0.8666406662916909,0.15240559674134294,8.437918577818861,25.531757851672026
Rand,0.17828259923494208,0.44267290597365544,-0.21136932176733034,0.4107201713674749,42.66796920971176
Rand,-0.18138998883929947,0.3595436607285921,-0.019856179183401174,3.376581466920123,35.65523317349001
Rand,0.08845340227131401,0.31629824962127867,-0.00456412014248247,1.11026907985112,50.142055676292415
Rand,-0.11615736674292054,0.5962551699296583,-0.14875015477457254,4.711472137592189,73.75039705413803
Rand,-0.5276760493311661,0.42748812807925185,-0.09739592053550011,0.7634244393940108,74.1846998275021
Rand,-0.448223979713868,0.05475617084748992,-0.06992682815578119,0.310652721664166,53.53964136748311
Rand,-0.12257295580389377,0.6551747338556013,-0.004899537746321104,3.799776179152175,43.95935310674939
Rand,-0.20310230238867832,0.07305276301856474,-0.007841923403723555,0.35830572997534804,57.61733368614485
Rand,0.24203200259169189,0.24296975990572797,-0.33822853721935536,2.0980194736707594,42.621562921812064
Rand,0.10612323872916282,0.4590167843788797,-0.08954130097914302,5.625623198900275,45.44197525710452
Rand,-0.3833955618464432,0.040446244476528045,-0.08023676706103915,0.2550324196719402,56.15030930178659
Rand,-0.23028129583488646,0.27402104836431124,0.09195293994206524,1.3060347780358308,65.84187455428972
Rand,0.4457392558650897,0.6457577330475402,-0.1131143174475053,5.560843031336337,44.90978953336633
Rand,-0.2809500985094219,0.5589537264745611,0.015264097103965178,1.2480857776378842,34.81176442206901
Rand,-0.19449726282693175,0.2949550063978067,-0.19199927778039994,0.33870200869121353,36.91167323933319
Rand,-0.1608690236667818,0.6208667731083466,-0.10550582585193076,1.7309884288761872,53.79805135713654
Rand,0.360496123927988,0.2041771666743028,-0.18384617288584917,1.0879101772991961,55.28199294520889
Rand,-0.6389239426832187,0.0946989729517962,0.06565052650994359,0.3792583857236135,52.72593931633802
Rand,-0.23993462551718048,0.47271890783372045,-0.011463963813321397,1.5816959015377765,31.84287505152718
Rand,0.3234887669403003,0.49556501954585486,-0.0832423471611972,2.7596602179945395,41.43415729154542
Rand,-0.5316728331622151,0.15077278927694,-0.00799363702921559,0.5096359565099692,51.870155792354325
Rand,-0.5360224298791043,0.6760776152796848,0.18180241653007384,1.5953262174429774,16.308030542086122
Rand,0.45499114249773887,0.38781780137018174,-0.0204870292018,1.3583798937789477,42.50682436519118
Rand,-0.7728788429809672,0.11512499942792558,0.2207745136956085,0.5496916709435375,65.13023032113597
Rand,-0.4692553887648214,1.074803096517778,-0.08350352992541307,5.763529813944951,67.08622127277218
Rand,-0.18373881348065538,0.7470362042328865,-0.018127231259096373,4.324269355943461,74.85229816618083
Rand,-0.19061672153909143,0.07160685132923031,-0.07894022908171756,0.2375908157252204,49.98040832261278
Rand,-0.2544818201670588,1.6457480086322174,-0.08570082841038872,1.985319049713858,46.595186507119216
Rand,0.19507610590415395,0.14464814644114074,-0.06121407621548348,0.3712342103055247,50.434715646557336
Rand,-0.17928050439709958,0.5174082107662186,-0.17311144980639018,2.2569114160272163,48.313719684265386
Rand,0.22973930211366056,0.3566647520516904,0.04540709680012627,4.047135373954408,60.19260377944515
Rand,0.2932226734654224,0.1374685593962478,0.023505098995652455,1.5662451260234607,49.42964149296626
Rand,-0.46532417180017516,0.16759477691174213,0.13816831510374755,0.4978198463769808,54.746128977068075
Rand,-0.1797897959768592,0.2596897565031584,0.08284913951117245,1.2745757680596272,50.75603530913641
Rand,-0.6551408603221953,0.3676576149372574,0.03338085450360072,1.5072105956213677,40.03088882706582
Rand,-0.21147430849284132,0.2057360594586016,-0.16265956567738307,1.3490021186913697,60.9044695895205
Rand,-0.23387877455423162,0.024041187006878663,0.03998254034998555,0.3981453897948734,55.324139784662854
Rand,-0.22952281190196114,0.3455168647668698,0.06113747114065191,8.468991585087132,29.960549962005658
Rand,-0.41049705952102955,0.10718434170710889,0.13060221854662857,0.3782156652617053,53.826837597140795
Rand,0.3391588173219272,0.30828951770911883,-0.0781573620071871,5.305028588980839,46.69927431585549
Rand,-0.36042135635654365,0.0029012150608950407,-0.22072518667848004,0.36887664695261063,51.68952093696711
Rand,-0.4871959565702678,0.041286558502172804,-0.05530869072067173,0.36101570581901826,55.64054126396927
Rand,-0.2579551355882165,0.6762731614325056,-0.19687080156133324,4.447467689710806,48.11787271629554
Rand,-0.6434503360441602,0.6559382154047044,0.002540403148954604,0.5867110046428058,28.324163603777986
Rand,-0.2850332496921582,0.6881663337742411,-0.08993040849123321,2.3899280199229085,56.86809315269484
Rand,-0.3938285796544391,0.3156452623072818,-0.10511648674092364,2.2716998138644002,50.727815930539286
Rand,-0.31146562048681214,0.3121843928780347,-0.16812591529110188,0.8316902018249668,65.3725547722363
Rand,-0.38108509928472245,0.44525321349541586,0.03742112128036607,2.5053858323516143,81.08761231955263
Rand,0.41080026314538665,0.5788282060501786,-0.11721955269749061,3.9280230079090073,43.506453684308546
Rand,-0.2755895290128383,0.23497729574717235,0.05242833880899898,3.7205947551342793,62.125386784145306
Rand,-0.4244308834839339,0.5701179147060806,-0.05645028119217516,1.0702188106974024,49.09391601681195
Rand,-0.22088939047586342,0.6626355177311443,-0.10048022603221697,6.000252243539672,71.06263473760515
Rand,-0.2296141680837256,0.3755337157650914,-0.1676289789438708,0.7011456561690766,48.55079984788166
Rand,-0.19420307661099084,0.549887171319637,-0.14195604488799776,1.4984387783894875,50.822664215785316
Rand,0.19767967830040178,0.7041531894906644,0.03668014859042474,1.4532817750231706,68.88874376931724
Rand,-0.26747457305641187,0.48949281646722975,-0.009304647235219147,3.8132012571381586,56.70271312937511
Rand,-0.3158977085703578,0.4695793338259161,-0.14109035447061266,3.852213186442908,51.766587628736815
Rand,0.4079164394800878,0.6262065562002274,0.10391797209446334,4.485658193948686,40.449684563508654
Rand,0.21331908583785658,1.0100510375739948,-0.017128262180529204,4.596068406055804,52.44729032870726
Rand,-0.34446653623163187,0.1569929710799554,-0.003822745296905598,0.25960791728026844,39.9623812650685
Rand,-0.13120470749787572,0.24413263567933727,-0.06145118289368343,0.49537470779199666,62.77839926087798
Rand,-0.7053256522038296,0.39540345405453203,0.06403196199987697,0.5418646734117818,65.371308109122
Rand,-0.6267440599719515,0.06881850294001186,0.01479072587381073,0.41852269623715704,46.12517538622304
Rand,-0.19003437356296332,0.7594824324858351,-0.0073963023328562855,1.5884007781073617,49.571192548308645
Rand,-0.22187621023463,0.1914685396517531,-0.17979551639856034,0.46400717599793256,41.77404398405834
Rand,-0.19371300608995817,0.29417397503149195,0.16116105957368726,1.5057674399693828,43.72878360190626
Rand,0.30175971274904123,0.415180289830449,0.05490116462513167,1.083344739437841,32.79246211583131
Rand,-0.249582428824783,0.05911439658197729,-0.18178622473987543,0.3675456441134125,52.82978634208077
Rand,-0.5835313982395971,0.9684869209951967,0.194895640575665,3.923445430774598,13.172207872789713
Rand,-0.2414902929516825,0.35253581170384934,0.05476838389843901,1.2139986246684817,53.58135070654665
Rand,-0.0831897187455075,0.12811632562029887,-0.15045059652638468,0.38743352278551735,45.059183547909484
Rand,-0.3432817563284316,0.37905755211852393,-0.1613131849870114,1.3619074214378497,54.181661824836944
Rand,0.11140160955277784,0.06606636759887227,-0.322992008362602,0.21849076211789836,47.94705701304596
Rand,0.11977211639834527,1.0743934094416234,-0.09594651496231844,1.6660301914451336,37.739436451759005
Rand,-0.24594253803994565,0.36847474207544323,-0.02867211143751032,0.47929272067702977,30.06226209806463
Rand,0.31428621700622916,0.009751035120562449,-0.13519012086533055,0.15318795621389666,51.09367794599808
Rand,-0.11885225436070125,0.25262424473296974,-0.1831302956852209,0.8731907571044403,43.155511254055234
Rand,0.18652025546820533,0.8112522758939333,-0.17774324059128813,2.829201023935721,41.392123579785896
Rand,-0.4436782988283816,0.6307668243455998,0.05631797569038193,8.659625808656507,30.912817676495973
Rand,0.30399145622182466,0.24982704475654027,-0.1717627147847449,3.52567796312204,47.59610225651533
Rand,0.24128569577740416,0.44120028873996214,-0.18240053468137957,4.296059729176235,54.639990540143714
Rand,0.13367634072581067,0.4048749386070726,0.08207561021835583,2.1683077674513127,34.43953949463939
Rand,-0.5530790235048688,0.9751025919325732,0.06494185069889961,1.5792789057546426,78.15407630357247
Rand,-0.43519296021679266,0.07474475483251959,0.028031135319081545,0.45703762858735414,45.45285387336328
Rand,-0.6245760661188642,1.0463606490504034,0.056174461699856584,1.9717206637284357,38.38094711936228
Rand,-0.44429597650512886,0.36292768590426405,0.10134434848711156,1.4410398541718785,33.181424141716484
Rand,-0.4541318412834117,0.3393109541428777,-0.09747248586226256,0.3341842283252874,43.89956365488917
Rand,-0.22078126697112968,0.4654480028657793,-0.2201332504127834,1.9801856190387122,35.00205144448746
Rand,0.4416449395796411,0.4850960439773549,-0.025023353224286053,78.84801516950417,73.22325469685417
Rand,-0.3555718762903483,0.608015120724574,0.11554175917564623,1.8285843176594683,28.55783622581439
Rand,0.3307814911691682,0.4145514839883163,-0.21672708328240844,1.0720692669854615,46.093657199947245
Rand,-0.6000446750891985,0.06256692467031136,-0.014014426503221999,0.47341891203258574,61.56111405401459
Rand,0.5021848001167581,0.21806180668745534,-0.13273953054599813,0.5675848983529485,37.38926492274178
Rand,0.0480031793804101,0.5146206199097332,-0.04066615235973611,1.5829152125732944,52.23730264491382
Rand,-0.20995978380969693,0.1807840364114401,-0.28998235962876046,0.2527850489263884,55.230137353345356
Rand,-0.3003575274976565,0.6660950082689594,-0.014423288297646216,5.489106457092535,63.87034149046376
Rand,-0.4338386915141187,0.5673813773928281,0.09588121774852636,3.333985007900983,22.113838693879824
Rand,-0.27457001404272974,0.3605301952692962,0.05074407757384177,0.3918437351630015,69.29858661705146
Rand,0.20960901710931168,0.2900301023092449,-0.21697705559868277,2.0769398717311622,42.27490170824349
Rand,-0.059020595159026606,0.3896207937962354,0.16173957856994933,78.88186410198284,62.08964151327825
Rand,-0.33651313351320566,0.5617482918347684,-0.039399062739143086,2.078572636499756,68.96611222351922
Rand,-0.43622313174105637,0.7963424633218097,0.01991902593982845,0.8148976549733419,61.064983832166675
Rand,-0.6806205038439432,0.1168034281634049,-0.25689417210480825,0.4555650760345139,40.426223118364305
Rand,-0.21490912044053329,0.5491052255709589,0.2180492677623846,0.4874128024791085,65.9898839635758
Rand,-0.15504288774939975,0.22965848091647878,-0.11388461815295488,0.5037761294469233,51.965539189714896
Rand,0.1090100047068959,0.37381474146405924,-0.03291380851963438,2.1655947725662896,48.092283904821684
Rand,-0.3031746182906202,0.39213108580428446,-0.10879312096465256,8.603849242040733,35.08728869290871
Rand,-0.46234965346757323,1.3474111549953067,-0.09178460485266467,5.949686697420219,54.10030696503482
Rand,0.19318893736994586,0.2089182632484166,-0.04289331915532735,78.77356893776451,63.557199496415826
Rand,-0.24602161558045996,0.45434551544392454,-0.23468229943843955,5.588346656070616,68.17418680081353
Rand,-0.6002744981923753,0.25862015660339943,0.41634834640687807,0.33002940912232664,41.2858536572449
Rand,-0.19295789656439852,1.0050476329621048,-0.08882095569676422,3.9114602794563003,73.91676224805383
Rand,-0.5274012965066751,0.9329530894408172,-0.09904278123078823,1.7974317820073622,31.15270366784389
Rand,-0.3492148138743579,0.41842142048009023,-0.07529273961609174,1.2893964514094383,33.404831265232595
Rand,-0.7279975126274311,0.24784218228531393,0.013116479168325035,0.5137691878429183,38.35689471718045
Rand,-0.2738105829483222,0.33423324783396646,-0.04727580523656008,3.761803401581104,67.35391564483905
Rand,0.29444066892343407,0.4488816291646561,-0.22950362958763404,3.671253805409501,67.06695945083302
Rand,-0.27611916365568234,0.503627895806705,-0.12408803562612183,0.4265398015938783,60.499307497273946
Rand,-0.27439937382666624,0.4545739102050024,0.07147309262402808,1.4243568595719427,60.80390834179556
Rand,0.3353134737605138,0.574624760615906,-0.19501236235203104,5.7007494039823134,64.42436654126158
Rand,0.16832382348136357,0.5996604756074652,-0.0742944124931512,4.381213689759505,42.43884723774455
Rand,0.164165059818042,0.5302558197521475,-0.10279205225916352,1.3208148388711531,43.24524397626687
Rand,-0.6006311618373423,0.054366254013734905,-0.38457794870081685,0.3363151853961794,58.213592381612386
Rand,-0.3132112495354004,0.37795586895114885,-0.014431691913392268,0.5221377572648549,60.925963473761016
Rand,0.19106773203277524,0.4395112920725067,0.006194280409793329,1.4415579488614736,42.61958585390917
Rand,0.3760812037757103,0.24515365093376823,-0.039909475853763816,0.5929338534829243,50.59210434761695
Rand,0.2601412122824934,0.4607147786833263,-0.14161674690678389,5.427528094894924,60.140695526045086
Rand,0.3311967863016759,0.7064488887429208,-0.1552546706629442,2.7500799982158717,57.70016360193744
Rand,-0.2490325863045309,0.5498484902680354,-0.10929350735898875,1.955982498567254,52.88356011120927
Rand,-0.40491144057751793,0.32476826840507067,-0.055347863540261714,1.1374972066290214,39.557349684393934
Rand,-0.2002935696650422,0.4494173370625239,-0.041176214745160325,0.5327069179038632,62.22109815284229
Rand,-0.22923018991502642,0.09751863164094454,-0.13964368896202894,1.0883444132062388,52.79174476426564
Rand,0.30805499145227067,0.37394960082917805,-0.19707452058419495,2.417337837952448,52.17767982287942
Rand,-0.5482004313744968,0.9030904851246694,-0.12118771568160223,4.194879887835642,41.456639739548464
Rand,-0.1711960398293893,0.22906586934427642,-0.018097690785824582,3.520436023374665,45.95547749640773
Rand,-0.41544589561765816,0.9956913405093661,0.06826342408073234,2.0265772825009023,41.973478852343135
Rand,0.28156489044516864,0.2981775547114132,-0.11374822384342605,1.4929693359467773,38.81650647185799
Rand,-0.23176376096754633,0.2664725273809022,-0.19130252023146543,0.3803246759377818,64.04207274619483
Rand,-0.4267514954805377,0.27658309448884133,-0.11288135393875304,0.5588496578930426,57.01962954452623
Rand,-0.7599529692222237,0.20622365110064247,0.07890754442626552,0.41790475355086104,62.772819206987386
Rand,-0.3248279777331397,0.3267042977437911,-0.24010800425477766,1.59642489064118,60.74097796375835
Rand,0.17227626292587808,0.6982743049617632,-0.06812739729762791,8.544786149776424,57.875897273843826
Rand,0.0793575360591298,0.543775284773093,-0.025494039364565475,2.580951524967277,53.01786388453017
Rand,0.3333339780738122,0.44182652857362664,-0.12604640988551385,2.30722880289493,41.02714461217437
Rand,-0.07236520900433321,0.31620177305703556,-0.2130987625556715,1.456408196656825,47.4092853387022
Rand,-0.44593574735740277,0.137265060631426,-0.052212170063765814,0.30408175518111624,49.33318261634182
Rand,0.2952275395775571,0.9290732002423715,-0.04680943042383533,79.3170206844724,51.22476952745944
Rand,0.4332953004092187,0.44965702640627425,-0.04305036433595638,78.80248873703921,72.0049986852389
