Method,D,V,M,L,HT
Nmcs,0.28191991399125005,0.13405344086931023,-0.02806469120025689,0.564725758228721,767.4503345704004
Nmcs,0.2912838615115351,0.304263116408115,-0.13187796189402426,1.8794801327687847,345.92678571428576
Nmcs,0.08520999014642178,0.030995620204977696,-0.25901158276090575,0.4774658218787069,535.6018498563218
Nmcs,0.15760537224166998,0.050219998713956514,-0.28850519881828623,0.5530038189034369,394.7540896805897
Nmcs,0.18434276118407053,0.17750624385387342,-0.012059951319515084,0.6604556524872597,687.6482667004049
Nmcs,0.03148198548720434,0.023054416823190323,-0.34993712188106973,0.4596873569281867,629.4930198690977
Nmcs,0.08122186999358948,0.040858257596459474,-0.2690249096986491,0.43789429785504186,508.8863527676027
Nmcs,0.10645702335453118,0.05640161187191783,-0.23876074723789478,0.7751124775724992,322.84451847763967
Nmcs,-0.11211243993773522,0.051976925685610076,-0.29380997523126684,0.4395055472516859,563.5940504966048
Nmcs,-0.14498330778098256,0.08121431290104202,-0.03489901806946143,1.106766456969825,287.1061868159015
Nmcs,0.2912838615115351,0.304263116408115,-0.13187796189402426,1.8794801327687847,345.92678571428576
Nmcs,0.1743962517893273,0.0626639420572614,-0.27737058356425737,0.6221938379960332,410.3765896805897
Nmcs,-0.041792720854561385,0.035362944036800424,-0.058633694778224714,0.5485117682668944,565.8717307467308
Nmcs,-0.14451874999189365,0.05386230335819971,-0.2692684936676095,0.4649646282249568,613.5686847314176
Nmcs,0.012669175658060791,0.01069590241495768,-0.24302536208673045,0.5275068270512302,488.4792803030303
Nmcs,0.14635100933043854,0.05353349414766988,-0.23091326708285692,0.7274757339226468,298.04689943002063
Nmcs,-0.03366423198584363,0.021951010961561806,-0.24785921661005816,0.5348658611362567,558.432445032445
Nmcs,0.15760537224166998,0.050219998713956514,-0.28850519881828623,0.5530038189034369,394.7540896805897
Nmcs,0.18695618728740657,0.0600818166432313,-0.25018300991211906,0.6671132657722167,444.29180176767676
Nmcs,0.1743962517893273,0.0626639420572614,-0.27737058356425737,0.6221938379960332,410.3765896805897
Nmcs,-0.14451874999189365,0.05386230335819971,-0.2692684936676095,0.4649646282249568,613.5686847314176
Nmcs,-0.017794847093077215,0.026884583178371817,-0.3307157111796393,0.47287166339888914,742.1911528407413
Nmcs,0.14635100933043854,0.05353349414766988,-0.23091326708285692,0.7274757339226468,298.04689943002063
Nmcs,0.027886030313990708,0.010769654013581181,-0.2351430199875779,0.6168301447092346,489.45394607843133
Nmcs,0.08214226055534078,0.07590214914463132,-0.32882502713650574,0.4168866072784572,461.37694136745597
Nmcs,-0.025709646514345222,0.07143075361252874,-0.20707859268576,0.7918465081626704,430.2954734299517
Nmcs,0.13650274604644005,0.1678730558803315,-0.29905818986959715,0.4913266417787831,602.2127642218754
Nmcs,-0.011333404924525843,0.03822184281122038,-0.31280901915683434,0.5887622045743222,502.7771865357644
Nmcs,0.05499437184202054,0.1099227372619018,-0.1427253936751687,0.7513106440352585,638.1718699690402
Nmcs,-0.14498330778098256,0.08121431290104202,-0.03489901806946143,1.106766456969825,287.1061868159015
Nmcs,-0.041792720854561385,0.035362944036800424,-0.058633694778224714,0.5485117682668944,565.8717307467308
Nmcs,0.11597503571401752,0.09587408205188004,-0.3426454487120509,0.4372503623546508,463.87811613730867
Nmcs,0.12053052324978066,0.07868442820270354,-0.14142172766263297,0.5236352572411905,639.2586525777359
Nmcs,0.10941803145760466,0.051932060129780785,-0.22596386449546824,0.38780347230619094,408.8851851851852
Nmcs,-0.14498330778098256,0.08121431290104202,-0.03489901806946143,1.106766456969825,287.1061868159015
Nmcs,0.14635100933043854,0.05353349414766988,-0.23091326708285692,0.7274757339226468,298.04689943002063
Nmcs,0.08122186999358948,0.040858257596459474,-0.2690249096986491,0.43789429785504186,508.8863527676027
Nmcs,0.22987704252694716,0.2715665743516883,-0.14481849566025976,1.821964371237811,340.8545454545455
Nmcs,-0.025709646514345222,0.07143075361252874,-0.20707859268576,0.7918465081626704,430.2954734299517
Nmcs,-0.03366423198584363,0.021951010961561806,-0.24785921661005816,0.5348658611362567,558.432445032445
Nmcs,0.14635100933043854,0.05353349414766988,-0.23091326708285692,0.7274757339226468,298.04689943002063
Nmcs,0.2132585592671036,0.07259336561860777,-0.27300813965642906,0.6214689959247042,429.9047146805897
Nmcs,-0.08578739070413566,0.03757897470988541,-0.2660830722432281,0.4892534153367615,541.3916421869166
Nmcs,0.03723302223331386,0.09162865322333796,-0.1260217016292468,0.5840126743694992,602.1886543222977
Nmcs,0.03723302223331386,0.09162865322333796,-0.1260217016292468,0.5840126743694992,602.1886543222977
Nmcs,-0.041792720854561385,0.035362944036800424,-0.058633694778224714,0.5485117682668944,565.8717307467308
Nmcs,0.12053052324978066,0.07868442820270354,-0.14142172766263297,0.5236352572411905,639.2586525777359
Nmcs,-0.14451874999189365,0.05386230335819971,-0.2692684936676095,0.4649646282249568,613.5686847314176
Nmcs,-0.16508766629289617,0.05386230335819971,-0.21933350196521922,0.41732443468368374,526.3330709206759
Nmcs,-0.08578739070413566,0.03757897470988541,-0.2660830722432281,0.4892534153367615,541.3916421869166
Nmcs,0.09518935180208785,0.037586349869747765,-0.2908321098581716,0.43739560844663994,519.3273105130902
Nmcs,0.11597503571401752,0.09587408205188004,-0.3426454487120509,0.4372503623546508,463.87811613730867
Nmcs,0.2842914187745192,0.16380729414065834,-0.05254186971315865,0.6457021860253602,712.8717288011696
Nmcs,-0.06418345047768229,0.09243377484164475,-0.15322425935584771,0.5536340069876307,750.7761220004794
Nmcs,0.2842914187745192,0.16380729414065834,-0.05254186971315865,0.6457021860253602,712.8717288011696
Nmcs,0.22987704252694716,0.2715665743516883,-0.14481849566025976,1.821964371237811,340.8545454545455
Nmcs,-0.11883059648470493,0.0434725469021115,-0.2628173223786363,0.43533294791483584,589.9046711259755
Nmcs,-0.013684634572682089,0.09523264800940714,-0.20416420597478127,0.5968173772266209,600.9058626774739
Nmcs,0.10941803145760466,0.051932060129780785,-0.22596386449546824,0.38780347230619094,408.8851851851852
Nmcs,-0.11883059648470493,0.0434725469021115,-0.2628173223786363,0.43533294791483584,589.9046711259755
Nmcs,0.06336045422812953,0.04876914087659052,-0.3407369829166275,0.22066740968146842,259.5041806020067
Nmcs,-0.014383414250500319,0.027997617720931643,-0.25203361087742476,0.5838177020893113,647.724210571185
Nmcs,-0.03459612397486943,0.11174132876462665,-0.1669585152107738,0.6217202907891338,679.1779680477879
Nmcs,-0.017794847093077215,0.026884583178371817,-0.3307157111796393,0.47287166339888914,742.1911528407413
Nmcs,0.1743962517893273,0.0626639420572614,-0.27737058356425737,0.6221938379960332,410.3765896805897
Nmcs,0.08122186999358948,0.040858257596459474,-0.2690249096986491,0.43789429785504186,508.8863527676027
Nmcs,0.012669175658060791,0.01069590241495768,-0.24302536208673045,0.5275068270512302,488.4792803030303
Nmcs,0.12053052324978066,0.07868442820270354,-0.14142172766263297,0.5236352572411905,639.2586525777359
Nmcs,-0.017794847093077215,0.026884583178371817,-0.3307157111796393,0.47287166339888914,742.1911528407413
Nmcs,0.10474506170571599,0.14056140485118046,-0.31625107249960804,0.47182050276711435,444.220038961039
Nmcs,0.18762969242703906,0.05754783463385836,-0.28148899816333833,0.8062017422702595,271.9566895524977
Nmcs,0.09753196816714305,0.02576540266925982,-0.3580637226352098,0.3624742559545483,366.0770248948106
Nmcs,0.09274030004491068,0.057009038232803136,-0.27980884507012965,0.48088237868732886,323.5564306020067
Nmcs,-0.06925096520283121,0.08774481209360283,-0.08663529146144645,0.5565940566369179,705.0602806543255
Nmcs,0.1743962517893273,0.0626639420572614,-0.27737058356425737,0.6221938379960332,410.3765896805897
Nmcs,-0.019168060753133435,0.042904249861606875,-0.26355002541314265,0.554911670315893,527.4278529411765
Nmcs,-0.16508766629289617,0.05386230335819971,-0.21933350196521922,0.41732443468368374,526.3330709206759
Nmcs,0.07146117558750423,0.0865061949678311,-0.34475786532732544,0.3639421472622215,466.5080601995196
Nmcs,-0.027915300932305407,0.019072445094175557,-0.25856306246400756,0.42166352705806454,540.7120833333333
Nmcs,-0.06925096520283121,0.08774481209360283,-0.08663529146144645,0.5565940566369179,705.0602806543255
Nmcs,-0.06418345047768229,0.09243377484164475,-0.15322425935584771,0.5536340069876307,750.7761220004794
Nmcs,0.09274030004491068,0.057009038232803136,-0.27980884507012965,0.48088237868732886,323.5564306020067
Nmcs,0.10482430650758974,0.14056140485118046,-0.23417983626956893,0.6006352278728103,411.48718181818185
Nmcs,0.11597503571401752,0.09587408205188004,-0.3426454487120509,0.4372503623546508,463.87811613730867
Nmcs,0.15465236954242467,0.11872191757434278,-0.24134789640150736,0.7930514692646193,664.1910980392157
Nmcs,0.20798353097552844,0.051827783563949216,-0.2622469743036184,0.6287858558534468,294.39407683878323
Nmcs,-0.14451874999189365,0.05386230335819971,-0.2692684936676095,0.4649646282249568,613.5686847314176
Nmcs,-0.06925096520283121,0.08774481209360283,-0.08663529146144645,0.5565940566369179,705.0602806543255
Nmcs,0.08520999014642178,0.030995620204977696,-0.25901158276090575,0.4774658218787069,535.6018498563218
Nmcs,-0.06418345047768229,0.09243377484164475,-0.15322425935584771,0.5536340069876307,750.7761220004794
Nmcs,-0.08578739070413566,0.03757897470988541,-0.2660830722432281,0.4892534153367615,541.3916421869166
Nmcs,0.2132585592671036,0.07259336561860777,-0.27300813965642906,0.6214689959247042,429.9047146805897
Nmcs,0.08520999014642178,0.030995620204977696,-0.25901158276090575,0.4774658218787069,535.6018498563218
Nmcs,0.12053052324978066,0.07868442820270354,-0.14142172766263297,0.5236352572411905,639.2586525777359
Nmcs,0.08520999014642178,0.030995620204977696,-0.25901158276090575,0.4774658218787069,535.6018498563218
Nmcs,0.15760537224166998,0.050219998713956514,-0.28850519881828623,0.5530038189034369,394.7540896805897
Nmcs,0.1743962517893273,0.0626639420572614,-0.27737058356425737,0.6221938379960332,410.3765896805897
Nmcs,-0.06418345047768229,0.09243377484164475,-0.15322425935584771,0.5536340069876307,750.7761220004794
Nmcs,0.05499437184202054,0.1099227372619018,-0.1427253936751687,0.7513106440352585,638.1718699690402
Nmcs,0.11595566837129725,0.0418125213364271,-0.24833634642894817,0.5261335586660081,495.31594280984507
Nmcs,0.18384146067692392,0.16956094316105147,-0.244018029880949,0.8437844081777882,626.0027647058823
Nmcs,0.08122186999358948,0.040858257596459474,-0.2690249096986491,0.43789429785504186,508.8863527676027
Nmcs,0.04536620150291093,0.011472547721573688,-0.21405634189272787,0.5412522442521743,378.97106882591095
Nmcs,0.10645702335453118,0.05640161187191783,-0.23876074723789478,0.7751124775724992,322.84451847763967
Nmcs,0.2912838615115351,0.304263116408115,-0.13187796189402426,1.8794801327687847,345.92678571428576
Nmcs,-0.002252210143363614,0.05355070285401522,-0.26027008445185923,0.5675122387449961,537.2798799682035
Nmcs,0.09753196816714305,0.02576540266925982,-0.3580637226352098,0.3624742559545483,366.0770248948106
Nmcs,0.06166517459875265,0.07867029247963406,-0.33452039509487275,0.39307817901927894,446.74242555717933
Nmcs,0.13501872944600032,0.0656244541453405,-0.17769791305523766,0.42632623899111755,409.45121779388086
Nmcs,0.04536620150291093,0.011472547721573688,-0.21405634189272787,0.5412522442521743,378.97106882591095
Nmcs,-0.03564515401284634,0.06256437739911974,-0.14889102976620575,0.5166491651981564,696.9874922310718
Nmcs,0.14572362821206483,0.1143865527685902,-0.1640479351402448,0.8452607772708862,237.18990372105122
Nmcs,0.05499437184202054,0.1099227372619018,-0.1427253936751687,0.7513106440352585,638.1718699690402
Nmcs,0.14635100933043854,0.05353349414766988,-0.23091326708285692,0.7274757339226468,298.04689943002063
Nmcs,-0.03392731518302601,0.016117259510441465,-0.30886504642131807,0.5649107507901688,670.8107939045183
Nmcs,0.08613048917937399,0.07914721948406611,-0.3648060202923121,0.3688607540726909,463.87811613730867
Nmcs,-0.027915300932305407,0.019072445094175557,-0.25856306246400756,0.42166352705806454,540.7120833333333
Nmcs,-0.09266805361852701,0.031715927484867484,-0.02143428383531507,1.2391432936734734,306.7683721705926
Nmcs,-0.06418345047768229,0.09243377484164475,-0.15322425935584771,0.5536340069876307,750.7761220004794
Nmcs,-0.08578739070413566,0.03757897470988541,-0.2660830722432281,0.4892534153367615,541.3916421869166
Nmcs,-0.011333404924525843,0.03822184281122038,-0.31280901915683434,0.5887622045743222,502.7771865357644
Nmcs,-0.14451874999189365,0.05386230335819971,-0.2692684936676095,0.4649646282249568,613.5686847314176
Nmcs,0.09274030004491068,0.057009038232803136,-0.27980884507012965,0.48088237868732886,323.5564306020067
Nmcs,0.07146117558750423,0.0865061949678311,-0.34475786532732544,0.3639421472622215,466.5080601995196
Nmcs,-0.01472677254987529,0.08218373669183773,-0.20658972823521254,0.7663291384968377,434.4284099378882
Nmcs,-0.017794847093077215,0.026884583178371817,-0.3307157111796393,0.47287166339888914,742.1911528407413
Nmcs,0.012669175658060791,0.01069590241495768,-0.24302536208673045,0.5275068270512302,488.4792803030303
Nmcs,0.07146117558750423,0.0865061949678311,-0.34475786532732544,0.3639421472622215,466.5080601995196
Nmcs,0.05499437184202054,0.1099227372619018,-0.1427253936751687,0.7513106440352585,638.1718699690402
Nmcs,-0.040180778247496815,0.02788371247416871,-0.2293801968288005,0.6296842831728383,393.16625
Nmcs,-0.06925096520283121,0.08774481209360283,-0.08663529146144645,0.5565940566369179,705.0602806543255
Nmcs,-0.02581168346748618,0.13170445245315104,-0.2814115206069023,0.9211299104482669,395.9187857142857
Nmcs,0.25399251833818953,0.12535812739159738,-0.027333397225163633,0.5710777478551153,764.2101123481781
Nmcs,-0.025709646514345222,0.07143075361252874,-0.20707859268576,0.7918465081626704,430.2954734299517
Nmcs,-0.08790871918267235,0.033231317971029,-0.4494562727810121,0.5101914465777239,339.16410170250896
Nmcs,0.08122186999358948,0.040858257596459474,-0.2690249096986491,0.43789429785504186,508.8863527676027
Nmcs,0.07146117558750423,0.0865061949678311,-0.34475786532732544,0.3639421472622215,466.5080601995196
Nmcs,0.16232086837909881,0.050219998713956514,-0.27475441931471745,0.5784863194721782,395.94161079545455
Nmcs,-0.14451874999189365,0.05386230335819971,-0.2692684936676095,0.4649646282249568,613.5686847314176
Nmcs,0.10474506170571599,0.14056140485118046,-0.31625107249960804,0.47182050276711435,444.220038961039
Nmcs,0.11201160544349437,0.051932060129780785,-0.2683392197559936,0.3694592222031891,507.0265313390313
Nmcs,-0.0575145670376706,0.03493702855474959,-0.46088045805488437,0.6379336739898376,214.03944892473118
Nmcs,-0.03366423198584363,0.021951010961561806,-0.24785921661005816,0.5348658611362567,558.432445032445
Nmcs,-0.03392731518302601,0.016117259510441465,-0.30886504642131807,0.5649107507901688,670.8107939045183
Nmcs,-0.017794847093077215,0.026884583178371817,-0.3307157111796393,0.47287166339888914,742.1911528407413
Nmcs,-0.03564515401284634,0.06256437739911974,-0.14889102976620575,0.5166491651981564,696.9874922310718
Nmcs,0.12699884439423983,0.16116350419555686,-0.28546179797226034,0.40281817344663734,575.785052631579
Nmcs,0.18781810212610583,0.10565047104608273,-0.006531989191866278,0.6968343060747109,655.6736444476576
Nmcs,0.10249276858363325,0.03555818090760099,-0.2495618633629377,0.4149601372523428,452.8686915614773
Nmcs,0.04536620150291093,0.011472547721573688,-0.21405634189272787,0.5412522442521743,378.97106882591095
Nmcs,0.14215784096724018,0.10374358249056133,-0.17451466948813185,0.8121496976296297,268.6377933314409
Nmcs,0.0545285799453293,0.17415361909977925,-0.01287774616578345,1.417969459650654,261.11275740078077
Nmcs,-0.0776282813322304,0.06326071540945681,0.013287518816367607,0.9500114499685707,284.476136310851
Nmcs,-0.08790871918267235,0.033231317971029,-0.4494562727810121,0.5101914465777239,339.16410170250896
Nmcs,0.06786944028110953,0.1791121849139005,0.0017337329329579515,1.347767056052504,314.5409378195
Nmcs,0.1743962517893273,0.0626639420572614,-0.27737058356425737,0.6221938379960332,410.3765896805897
Nmcs,0.11597503571401752,0.09587408205188004,-0.3426454487120509,0.4372503623546508,463.87811613730867
Nmcs,0.13650274604644005,0.1678730558803315,-0.29905818986959715,0.4913266417787831,602.2127642218754
Nmcs,0.2132585592671036,0.07259336561860777,-0.27300813965642906,0.6214689959247042,429.9047146805897
Nmcs,0.19303980949819327,0.05448284111439587,-0.22624223242955435,0.6673122337376594,286.45751266766024
Nmcs,0.13501872944600032,0.0656244541453405,-0.17769791305523766,0.42632623899111755,409.45121779388086
Nmcs,-0.0671585068393206,0.029213904501564546,-0.20020138951450486,0.5003412400942261,489.3158386752137
Nmcs,-0.013684634572682089,0.09523264800940714,-0.20416420597478127,0.5968173772266209,600.9058626774739
Nmcs,-0.011943695607682322,0.042904249861606875,-0.3113505747133998,0.616793534818188,599.4272007672635
Nmcs,-0.06925096520283121,0.08774481209360283,-0.08663529146144645,0.5565940566369179,705.0602806543255
Nmcs,0.18762969242703906,0.05754783463385836,-0.28148899816333833,0.8062017422702595,271.9566895524977
Nmcs,-0.08790871918267235,0.033231317971029,-0.4494562727810121,0.5101914465777239,339.16410170250896
Nmcs,0.1060534143036114,0.09204412056225039,-0.3218429485883347,0.44844404737479604,543.1995278299066
Nmcs,0.12492098161407984,0.17139285092463888,-0.2825340719605868,0.5017746988734232,603.310409774436
Nmcs,0.04536620150291093,0.011472547721573688,-0.21405634189272787,0.5412522442521743,378.97106882591095
Nmcs,-0.03564515401284634,0.06256437739911974,-0.14889102976620575,0.5166491651981564,696.9874922310718
Nmcs,0.09274030004491068,0.057009038232803136,-0.27980884507012965,0.48088237868732886,323.5564306020067
Nmcs,0.14704039579171757,0.04987787324256408,-0.3505862073755644,0.5425102735965482,324.0269168356998
Nmcs,-0.017794847093077215,0.026884583178371817,-0.3307157111796393,0.47287166339888914,742.1911528407413
Nmcs,-0.014383414250500319,0.027997617720931643,-0.25203361087742476,0.5838177020893113,647.724210571185
Nmcs,-0.017794847093077215,0.026884583178371817,-0.3307157111796393,0.47287166339888914,742.1911528407413
Nmcs,-0.04789264544403773,0.03493702855474959,-0.48161103144581296,0.598052409157031,215.48597670250894
Nmcs,0.14704039579171757,0.04987787324256408,-0.3505862073755644,0.5425102735965482,324.0269168356998
Nmcs,0.08520999014642178,0.030995620204977696,-0.25901158276090575,0.4774658218787069,535.6018498563218
Nmcs,0.18384146067692392,0.16956094316105147,-0.244018029880949,0.8437844081777882,626.0027647058823
Nmcs,0.03723302223331386,0.09162865322333796,-0.1260217016292468,0.5840126743694992,602.1886543222977
Nmcs,0.06589537800407573,0.07914721948406611,-0.33560182690015433,0.38905085005148843,474.6447789495196
Nmcs,-0.08578739070413566,0.03757897470988541,-0.2660830722432281,0.4892534153367615,541.3916421869166
Nmcs,0.1768487392987259,0.13811715395346602,-0.1526508806911611,0.7845884606079084,208.73834175084176
Nmcs,-0.11883059648470493,0.0434725469021115,-0.2628173223786363,0.43533294791483584,589.9046711259755
Nmcs,0.06589537800407573,0.07914721948406611,-0.33560182690015433,0.38905085005148843,474.6447789495196
Nmcs,0.08122186999358948,0.040858257596459474,-0.2690249096986491,0.43789429785504186,508.8863527676027
Nmcs,-0.07091469064954002,0.03493702855474959,-0.4511590080773149,0.6303879357555623,224.8884072580645
Nmcs,0.1511001448157423,0.04179940994111633,-0.35192816889659806,0.5229984113136934,341.14726878440706
Nmcs,-0.0625703733811808,0.09364453025238083,-0.04996353732753273,0.5294246814058052,659.6919094422043
Nmcs,0.13650274604644005,0.1678730558803315,-0.29905818986959715,0.4913266417787831,602.2127642218754
Nmcs,0.07018731059437673,0.2139294951618567,-0.006093568547996822,1.113627875322794,310.6024924413488
Nmcs,0.05674955276478281,0.06400314816893352,-0.13399346299349463,0.7844201901326627,327.9263606719368
Nmcs,0.10941803145760466,0.051932060129780785,-0.22596386449546824,0.38780347230619094,408.8851851851852
Nmcs,0.10249276858363325,0.03555818090760099,-0.2495618633629377,0.4149601372523428,452.8686915614773
Nmcs,-0.08578739070413566,0.03757897470988541,-0.2660830722432281,0.4892534153367615,541.3916421869166
Nmcs,0.0748030604019819,0.08106803889710533,-0.32545644644626104,0.5950666786724195,460.7594512488789
Nmcs,0.06786944028110953,0.1791121849139005,0.0017337329329579515,1.347767056052504,314.5409378195
Nmcs,-0.19939189994153672,0.07489564468897192,-0.22968751167287027,0.5260171187783885,312.7340454545455
Nmcs,0.10482430650758974,0.14056140485118046,-0.23417983626956893,0.6006352278728103,411.48718181818185
Nmcs,0.08613048917937399,0.07914721948406611,-0.3648060202923121,0.3688607540726909,463.87811613730867
Nmcs,0.08110236578980204,0.039577233301479345,-0.32159303950335333,0.24555487955472588,323.5564306020067
Nmcs,0.12053052324978066,0.07868442820270354,-0.14142172766263297,0.5236352572411905,639.2586525777359
Nmcs,0.11201160544349437,0.051932060129780785,-0.2683392197559936,0.3694592222031891,507.0265313390313
Nmcs,0.18915145843909648,0.05754783463385836,-0.333035623693255,0.6391530641166245,333.6455357063438
Nmcs,0.1511001448157423,0.04179940994111633,-0.35192816889659806,0.5229984113136934,341.14726878440706
Nmcs,0.21673208993868198,0.19009052010011482,-0.13373026539344587,0.857105390407534,656.9188699690402
Nmcs,-0.017794847093077215,0.026884583178371817,-0.3307157111796393,0.47287166339888914,742.1911528407413
Nmcs,0.1511001448157423,0.04179940994111633,-0.35192816889659806,0.5229984113136934,341.14726878440706
Nmcs,0.0748030604019819,0.08106803889710533,-0.32545644644626104,0.5950666786724195,460.7594512488789
Nmcs,0.18695618728740657,0.0600818166432313,-0.25018300991211906,0.6671132657722167,444.29180176767676
Nmcs,-0.011333404924525843,0.03822184281122038,-0.31280901915683434,0.5887622045743222,502.7771865357644
Nmcs,-0.03392731518302601,0.016117259510441465,-0.30886504642131807,0.5649107507901688,670.8107939045183
Nmcs,-0.06418345047768229,0.09243377484164475,-0.15322425935584771,0.5536340069876307,750.7761220004794
Nmcs,0.13621958164187978,0.22306731823131065,0.00010443920992305455,1.0920198160837467,324.69174973577844
Nmcs,-0.0671585068393206,0.029213904501564546,-0.20020138951450486,0.5003412400942261,489.3158386752137
Nmcs,-0.011817965960565117,0.016043507911817963,-0.2478757000176886,0.47683257464433326,600.6772348484849
Nmcs,0.1743962517893273,0.0626639420572614,-0.27737058356425737,0.6221938379960332,410.3765896805897
Nmcs,0.14635100933043854,0.05353349414766988,-0.23091326708285692,0.7274757339226468,298.04689943002063
Nmcs,0.18434276118407053,0.17750624385387342,-0.012059951319515084,0.6604556524872597,687.6482667004049
Nmcs,0.09753196816714305,0.02576540266925982,-0.3580637226352098,0.3624742559545483,366.0770248948106
Nmcs,0.09753196816714305,0.02576540266925982,-0.3580637226352098,0.3624742559545483,366.0770248948106
Nmcs,0.18384146067692392,0.16956094316105147,-0.244018029880949,0.8437844081777882,626.0027647058823
Nmcs,0.15728200299335646,0.04179940994111633,-0.3897235443355711,0.38788200260556593,356.1839250344071
Nmcs,0.2132585592671036,0.07259336561860777,-0.27300813965642906,0.6214689959247042,429.9047146805897
Nmcs,-0.017794847093077215,0.026884583178371817,-0.3307157111796393,0.47287166339888914,742.1911528407413
Nmcs,0.12053052324978066,0.07868442820270354,-0.14142172766263297,0.5236352572411905,639.2586525777359
Nmcs,-0.08578739070413566,0.03757897470988541,-0.2660830722432281,0.4892534153367615,541.3916421869166
Nmcs,0.28191991399125005,0.13405344086931023,-0.02806469120025689,0.564725758228721,767.4503345704004
Nmcs,0.11132156510350669,0.1401651948741307,-0.10886886935960512,0.8700859804835858,232.01474844154814
Nmcs,0.12053052324978066,0.07868442820270354,-0.14142172766263297,0.5236352572411905,639.2586525777359
Nmcs,0.08520999014642178,0.030995620204977696,-0.25901158276090575,0.4774658218787069,535.6018498563218
Nmcs,-0.06418345047768229,0.09243377484164475,-0.15322425935584771,0.5536340069876307,750.7761220004794
Nmcs,-0.09266805361852701,0.031715927484867484,-0.02143428383531507,1.2391432936734734,306.7683721705926
Nmcs,0.08520999014642178,0.030995620204977696,-0.25901158276090575,0.4774658218787069,535.6018498563218
Nmcs,-0.027915300932305407,0.019072445094175557,-0.25856306246400756,0.42166352705806454,540.7120833333333
Nmcs,-0.041792720854561385,0.035362944036800424,-0.058633694778224714,0.5485117682668944,565.8717307467308
Nmcs,0.18781810212610583,0.10565047104608273,-0.006531989191866278,0.6968343060747109,655.6736444476576
Nmcs,0.2842914187745192,0.16380729414065834,-0.05254186971315865,0.6457021860253602,712.8717288011696
Nmcs,0.14572362821206483,0.1143865527685902,-0.1640479351402448,0.8452607772708862,237.18990372105122
Nmcs,0.08139344590781358,0.06795992143508531,-0.3067638178420931,0.5699379856044898,467.9727316966447
Nmcs,-0.06418345047768229,0.09243377484164475,-0.15322425935584771,0.5536340069876307,750.7761220004794
Nmcs,-0.06418345047768229,0.09243377484164475,-0.15322425935584771,0.5536340069876307,750.7761220004794
Nmcs,0.07146117558750423,0.0865061949678311,-0.34475786532732544,0.3639421472622215,466.5080601995196
Nmcs,0.04536620150291093,0.011472547721573688,-0.21405634189272787,0.5412522442521743,378.97106882591095
Nmcs,-0.027915300932305407,0.019072445094175557,-0.25856306246400756,0.42166352705806454,540.7120833333333
Nmcs,0.08613048917937399,0.07914721948406611,-0.3648060202923121,0.3688607540726909,463.87811613730867
Nmcs,0.13650274604644005,0.1678730558803315,-0.29905818986959715,0.4913266417787831,602.2127642218754
Nmcs,0.11595566837129725,0.0418125213364271,-0.24833634642894817,0.5261335586660081,495.31594280984507
Nmcs,-0.017794847093077215,0.026884583178371817,-0.3307157111796393,0.47287166339888914,742.1911528407413
Nmcs,0.3835080467194655,0.4284497457503265,-0.0487863504991023,1.7700712324284396,439.3146190476191
Nmcs,0.28191991399125005,0.13405344086931023,-0.02806469120025689,0.564725758228721,767.4503345704004
Nmcs,-0.017794847093077215,0.026884583178371817,-0.3307157111796393,0.47287166339888914,742.1911528407413
Nmcs,-0.013684634572682089,0.09523264800940714,-0.20416420597478127,0.5968173772266209,600.9058626774739
Nmcs,-0.06925096520283121,0.08774481209360283,-0.08663529146144645,0.5565940566369179,705.0602806543255
Nmcs,0.18915145843909648,0.05754783463385836,-0.333035623693255,0.6391530641166245,333.6455357063438
Nmcs,0.20798353097552844,0.051827783563949216,-0.2622469743036184,0.6287858558534468,294.39407683878323
Nmcs,0.1060534143036114,0.09204412056225039,-0.3218429485883347,0.44844404737479604,543.1995278299066
Nmcs,0.23239098913344008,0.14466568131457935,-0.006226870188974647,0.6642406571048319,737.0878922064777
Nmcs,0.14569060814187654,0.04686512043879336,-0.3221054972337768,0.6138611720410504,338.6079168356998
Nmcs,0.13501872944600032,0.0656244541453405,-0.17769791305523766,0.42632623899111755,409.45121779388086
Nmcs,-0.041792720854561385,0.035362944036800424,-0.058633694778224714,0.5485117682668944,565.8717307467308
Nmcs,0.11597503571401752,0.09587408205188004,-0.3426454487120509,0.4372503623546508,463.87811613730867
Nmcs,0.08613048917937399,0.07914721948406611,-0.3648060202923121,0.3688607540726909,463.87811613730867
Nmcs,0.13650274604644005,0.1678730558803315,-0.29905818986959715,0.4913266417787831,602.2127642218754
Nmcs,0.08613048917937399,0.07914721948406611,-0.3648060202923121,0.3688607540726909,463.87811613730867
Nmcs,-0.11883059648470493,0.0434725469021115,-0.2628173223786363,0.43533294791483584,589.9046711259755
Nmcs,-0.1638721676003087,0.035362944036800424,-0.2294964871556677,0.6918727434815246,372.9693346569397
Nmcs,0.06198031447749965,0.06418752716549234,-0.32657808498884133,0.6107959056808009,477.29524917916217
Nmcs,0.25399251833818953,0.12535812739159738,-0.027333397225163633,0.5710777478551153,764.2101123481781
Nmcs,-0.041792720854561385,0.035362944036800424,-0.058633694778224714,0.5485117682668944,565.8717307467308
Nmcs,0.12492098161407984,0.17139285092463888,-0.2825340719605868,0.5017746988734232,603.310409774436
Nmcs,0.20798353097552844,0.051827783563949216,-0.2622469743036184,0.6287858558534468,294.39407683878323
Nmcs,-0.16508766629289617,0.05386230335819971,-0.21933350196521922,0.41732443468368374,526.3330709206759
Nmcs,0.06316234411511445,0.12925692370660888,-0.15859715047915776,0.556420686474907,768.2291824690402
Nmcs,0.09274030004491068,0.057009038232803136,-0.27980884507012965,0.48088237868732886,323.5564306020067
Nmcs,-0.03392731518302601,0.016117259510441465,-0.30886504642131807,0.5649107507901688,670.8107939045183
Nmcs,-0.11883059648470493,0.0434725469021115,-0.2628173223786363,0.43533294791483584,589.9046711259755
Nmcs,-0.04789264544403773,0.03493702855474959,-0.48161103144581296,0.598052409157031,215.48597670250894
Nmcs,-0.0625703733811808,0.09364453025238083,-0.04996353732753273,0.5294246814058052,659.6919094422043
Nmcs,-0.011333404924525843,0.03822184281122038,-0.31280901915683434,0.5887622045743222,502.7771865357644
Nmcs,0.25399251833818953,0.12535812739159738,-0.027333397225163633,0.5710777478551153,764.2101123481781
Nmcs,0.0748030604019819,0.08106803889710533,-0.32545644644626104,0.5950666786724195,460.7594512488789
Nmcs,0.11595566837129725,0.0418125213364271,-0.24833634642894817,0.5261335586660081,495.31594280984507
Nmcs,-0.017794847093077215,0.026884583178371817,-0.3307157111796393,0.47287166339888914,742.1911528407413
Nmcs,0.1060534143036114,0.09204412056225039,-0.3218429485883347,0.44844404737479604,543.1995278299066
Nmcs,-0.017794847093077215,0.026884583178371817,-0.3307157111796393,0.47287166339888914,742.1911528407413
Nmcs,0.06589537800407573,0.07914721948406611,-0.33560182690015433,0.38905085005148843,474.6447789495196
Nmcs,-0.06925096520283121,0.08774481209360283,-0.08663529146144645,0.5565940566369179,705.0602806543255
Nmcs,0.1743962517893273,0.0626639420572614,-0.27737058356425737,0.6221938379960332,410.3765896805897
Nmcs,-0.00581827609257907,0.016990806223026754,-0.19952115551584626,0.5076022689946182,428.7285790598291
Nmcs,-0.11211243993773522,0.051976925685610076,-0.29380997523126684,0.4395055472516859,563.5940504966048
Nmcs,0.11219892109657542,0.03657923081743325,-0.37203518436408406,0.19925508788690866,295.9437587657784
Nmcs,0.004878269842338252,0.0726093451316428,-0.1646573101883768,0.5493379281404103,563.7655796586059
Nmcs,-0.19939189994153672,0.07489564468897192,-0.22968751167287027,0.5260171187783885,312.7340454545455
Nmcs,-0.1638721676003087,0.035362944036800424,-0.2294964871556677,0.6918727434815246,372.9693346569397
Nmcs,-0.19939189994153672,0.07489564468897192,-0.22968751167287027,0.5260171187783885,312.7340454545455
Nmcs,-0.017794847093077215,0.026884583178371817,-0.3307157111796393,0.47287166339888914,742.1911528407413
Nmcs,0.14635100933043854,0.05353349414766988,-0.23091326708285692,0.7274757339226468,298.04689943002063
Nmcs,0.08110236578980204,0.039577233301479345,-0.32159303950335333,0.24555487955472588,323.5564306020067
Nmcs,0.03723302223331386,0.09162865322333796,-0.1260217016292468,0.5840126743694992,602.1886543222977
Nmcs,-0.06418345047768229,0.09243377484164475,-0.15322425935584771,0.5536340069876307,750.7761220004794
Nmcs,0.2912838615115351,0.304263116408115,-0.13187796189402426,1.8794801327687847,345.92678571428576
Nmcs,0.1898323581980927,0.11407843497878527,-0.19609497443223795,0.8067992650531082,309.96730693459415
Nmcs,0.14635100933043854,0.05353349414766988,-0.23091326708285692,0.7274757339226468,298.04689943002063
Nmcs,0.1743962517893273,0.0626639420572614,-0.27737058356425737,0.6221938379960332,410.3765896805897
Nmcs,0.15760537224166998,0.050219998713956514,-0.28850519881828623,0.5530038189034369,394.7540896805897
Nmcs,-0.11883059648470493,0.0434725469021115,-0.2628173223786363,0.43533294791483584,589.9046711259755
Nmcs,0.03723302223331386,0.09162865322333796,-0.1260217016292468,0.5840126743694992,602.1886543222977
Nmcs,-0.03392731518302601,0.016117259510441465,-0.30886504642131807,0.5649107507901688,670.8107939045183
Nmcs,-0.11883059648470493,0.0434725469021115,-0.2628173223786363,0.43533294791483584,589.9046711259755
Nmcs,0.13650274604644005,0.1678730558803315,-0.29905818986959715,0.4913266417787831,602.2127642218754
Nmcs,0.14572362821206483,0.1143865527685902,-0.1640479351402448,0.8452607772708862,237.18990372105122
Nmcs,-0.06418345047768229,0.09243377484164475,-0.15322425935584771,0.5536340069876307,750.7761220004794
Nmcs,-0.06418345047768229,0.09243377484164475,-0.15322425935584771,0.5536340069876307,750.7761220004794
Nmcs,-0.07091469064954002,0.03493702855474959,-0.4511590080773149,0.6303879357555623,224.8884072580645
Nmcs,-0.14451874999189365,0.05386230335819971,-0.2692684936676095,0.4649646282249568,613.5686847314176
Nmcs,0.03148198548720434,0.023054416823190323,-0.34993712188106973,0.4596873569281867,629.4930198690977
Nmcs,0.08122186999358948,0.040858257596459474,-0.2690249096986491,0.43789429785504186,508.8863527676027
Nmcs,-0.06925096520283121,0.08774481209360283,-0.08663529146144645,0.5565940566369179,705.0602806543255
Nmcs,0.20798353097552844,0.051827783563949216,-0.2622469743036184,0.6287858558534468,294.39407683878323
Nmcs,0.03148198548720434,0.023054416823190323,-0.34993712188106973,0.4596873569281867,629.4930198690977
Nmcs,0.16232086837909881,0.050219998713956514,-0.27475441931471745,0.5784863194721782,395.94161079545455
Nmcs,-0.06044041460646994,0.028251446139527632,-0.21184931660441617,0.6333931455386802,330.8506719286905
Nmcs,0.08139344590781358,0.06795992143508531,-0.3067638178420931,0.5699379856044898,467.9727316966447
Nmcs,0.18915145843909648,0.05754783463385836,-0.333035623693255,0.6391530641166245,333.6455357063438
Nmcs,0.21673208993868198,0.19009052010011482,-0.13373026539344587,0.857105390407534,656.9188699690402
Nmcs,-0.01472677254987529,0.08218373669183773,-0.20658972823521254,0.7663291384968377,434.4284099378882
Nmcs,-0.11883059648470493,0.0434725469021115,-0.2628173223786363,0.43533294791483584,589.9046711259755
Nmcs,-0.1291640826064346,0.046814518647515506,-0.20375183747007733,0.877242632489955,410.56178921942535
Nmcs,-0.19939189994153672,0.07489564468897192,-0.22968751167287027,0.5260171187783885,312.7340454545455
Nmcs,0.03723302223331386,0.09162865322333796,-0.1260217016292468,0.5840126743694992,602.1886543222977
Nmcs,-0.14451874999189365,0.05386230335819971,-0.2692684936676095,0.4649646282249568,613.5686847314176
Nmcs,-0.14498330778098256,0.08121431290104202,-0.03489901806946143,1.106766456969825,287.1061868159015
Nmcs,-0.06418345047768229,0.09243377484164475,-0.15322425935584771,0.5536340069876307,750.7761220004794
Nmcs,0.03723302223331386,0.09162865322333796,-0.1260217016292468,0.5840126743694992,602.1886543222977
Nmcs,0.08214226055534078,0.07590214914463132,-0.32882502713650574,0.4168866072784572,461.37694136745597
Nmcs,0.12053052324978066,0.07868442820270354,-0.14142172766263297,0.5236352572411905,639.2586525777359
Nmcs,-0.03392731518302601,0.016117259510441465,-0.30886504642131807,0.5649107507901688,670.8107939045183
Nmcs,0.12492098161407984,0.17139285092463888,-0.2825340719605868,0.5017746988734232,603.310409774436
Nmcs,0.10645702335453118,0.05640161187191783,-0.23876074723789478,0.7751124775724992,322.84451847763967
Nmcs,0.09653923800730231,0.17659889432525236,0.0008507352685774628,1.449275237567091,297.5979063036021
Nmcs,0.08520999014642178,0.030995620204977696,-0.25901158276090575,0.4774658218787069,535.6018498563218
Nmcs,-0.11211243993773522,0.051976925685610076,-0.29380997523126684,0.4395055472516859,563.5940504966048
Nmcs,0.0748030604019819,0.08106803889710533,-0.32545644644626104,0.5950666786724195,460.7594512488789
Nmcs,-0.019168060753133435,0.042904249861606875,-0.26355002541314265,0.554911670315893,527.4278529411765
Nmcs,0.12699884439423983,0.16116350419555686,-0.28546179797226034,0.40281817344663734,575.785052631579
Nmcs,0.08081982146831264,0.10917600232583868,-0.12201294283911614,1.032595376590813,494.0979964349376
Nmcs,0.14572362821206483,0.1143865527685902,-0.1640479351402448,0.8452607772708862,237.18990372105122
Nmcs,0.09274030004491068,0.057009038232803136,-0.27980884507012965,0.48088237868732886,323.5564306020067
Nmcs,-0.041792720854561385,0.035362944036800424,-0.058633694778224714,0.5485117682668944,565.8717307467308
Nmcs,0.1302019045317087,0.04987787324256408,-0.34032705600650215,0.497804298685744,307.3629168356998
Nmcs,0.07018731059437673,0.2139294951618567,-0.006093568547996822,1.113627875322794,310.6024924413488
Nmcs,0.2912838615115351,0.304263116408115,-0.13187796189402426,1.8794801327687847,345.92678571428576
Nmcs,0.25399251833818953,0.12535812739159738,-0.027333397225163633,0.5710777478551153,764.2101123481781
Nmcs,0.09753196816714305,0.02576540266925982,-0.3580637226352098,0.3624742559545483,366.0770248948106
Nmcs,-0.027915300932305407,0.019072445094175557,-0.25856306246400756,0.42166352705806454,540.7120833333333
Nmcs,0.11597503571401752,0.09587408205188004,-0.3426454487120509,0.4372503623546508,463.87811613730867
Nmcs,0.21673208993868198,0.19009052010011482,-0.13373026539344587,0.857105390407534,656.9188699690402
Nmcs,0.20798353097552844,0.051827783563949216,-0.2622469743036184,0.6287858558534468,294.39407683878323
Nmcs,0.3835080467194655,0.4284497457503265,-0.0487863504991023,1.7700712324284396,439.3146190476191
Nmcs,0.1302019045317087,0.04987787324256408,-0.34032705600650215,0.497804298685744,307.3629168356998
Nmcs,0.08214226055534078,0.07590214914463132,-0.32882502713650574,0.4168866072784572,461.37694136745597
Nmcs,-0.00581827609257907,0.016990806223026754,-0.19952115551584626,0.5076022689946182,428.7285790598291
Nmcs,-0.011333404924525843,0.03822184281122038,-0.31280901915683434,0.5887622045743222,502.7771865357644
Nmcs,0.13501872944600032,0.0656244541453405,-0.17769791305523766,0.42632623899111755,409.45121779388086
Nmcs,-0.013684634572682089,0.09523264800940714,-0.20416420597478127,0.5968173772266209,600.9058626774739
Nmcs,0.18762969242703906,0.05754783463385836,-0.28148899816333833,0.8062017422702595,271.9566895524977
Nmcs,-0.03698678780973622,0.0177692953196083,-0.23295117019034287,0.4672877218544346,428.45410050011907
Nmcs,-0.017794847093077215,0.026884583178371817,-0.3307157111796393,0.47287166339888914,742.1911528407413
Nmcs,0.05499437184202054,0.1099227372619018,-0.1427253936751687,0.7513106440352585,638.1718699690402
Nmcs,0.07146117558750423,0.0865061949678311,-0.34475786532732544,0.3639421472622215,466.5080601995196
Nmcs,0.08122186999358948,0.040858257596459474,-0.2690249096986491,0.43789429785504186,508.8863527676027
Nmcs,0.1768487392987259,0.13811715395346602,-0.1526508806911611,0.7845884606079084,208.73834175084176
Nmcs,0.12699884439423983,0.16116350419555686,-0.28546179797226034,0.40281817344663734,575.785052631579
Nmcs,-0.06925096520283121,0.08774481209360283,-0.08663529146144645,0.5565940566369179,705.0602806543255
Nmcs,-0.0625703733811808,0.09364453025238083,-0.04996353732753273,0.5294246814058052,659.6919094422043
Nmcs,0.25399251833818953,0.12535812739159738,-0.027333397225163633,0.5710777478551153,764.2101123481781
Nmcs,-0.041792720854561385,0.035362944036800424,-0.058633694778224714,0.5485117682668944,565.8717307467308
Nmcs,0.11597503571401752,0.09587408205188004,-0.3426454487120509,0.4372503623546508,463.87811613730867
Nmcs,-0.12884145980387685,0.06054645171455951,-0.09400896118247082,0.4465881030929623,570.8772672798217
Nmcs,-0.013684634572682089,0.09523264800940714,-0.20416420597478127,0.5968173772266209,600.9058626774739
Nmcs,0.04536620150291093,0.011472547721573688,-0.21405634189272787,0.5412522442521743,378.97106882591095
Nmcs,0.09653923800730231,0.17659889432525236,0.0008507352685774628,1.449275237567091,297.5979063036021
Nmcs,-0.017794847093077215,0.026884583178371817,-0.3307157111796393,0.47287166339888914,742.1911528407413
Nmcs,0.10249276858363325,0.03555818090760099,-0.2495618633629377,0.4149601372523428,452.8686915614773
Nmcs,0.04536620150291093,0.011472547721573688,-0.21405634189272787,0.5412522442521743,378.97106882591095
Nmcs,-0.017794847093077215,0.026884583178371817,-0.3307157111796393,0.47287166339888914,742.1911528407413
Nmcs,-0.017794847093077215,0.026884583178371817,-0.3307157111796393,0.47287166339888914,742.1911528407413
Nmcs,-0.14451874999189365,0.05386230335819971,-0.2692684936676095,0.4649646282249568,613.5686847314176
Nmcs,-0.0671585068393206,0.029213904501564546,-0.20020138951450486,0.5003412400942261,489.3158386752137
Nmcs,-0.08578739070413566,0.03757897470988541,-0.2660830722432281,0.4892534153367615,541.3916421869166
Nmcs,0.012669175658060791,0.01069590241495768,-0.24302536208673045,0.5275068270512302,488.4792803030303
Nmcs,-0.027915300932305407,0.019072445094175557,-0.25856306246400756,0.42166352705806454,540.7120833333333
Nmcs,-0.08790871918267235,0.033231317971029,-0.4494562727810121,0.5101914465777239,339.16410170250896
Nmcs,0.05499437184202054,0.1099227372619018,-0.1427253936751687,0.7513106440352585,638.1718699690402
Nmcs,0.10694624294450654,0.09162598997116539,-0.3535457016062513,0.4436670777333921,563.0645404292476
Nmcs,0.05499437184202054,0.1099227372619018,-0.1427253936751687,0.7513106440352585,638.1718699690402
Nmcs,-0.0625703733811808,0.09364453025238083,-0.04996353732753273,0.5294246814058052,659.6919094422043
Nmcs,0.16232086837909881,0.050219998713956514,-0.27475441931471745,0.5784863194721782,395.94161079545455
Nmcs,0.09753196816714305,0.02576540266925982,-0.3580637226352098,0.3624742559545483,366.0770248948106
Nmcs,-0.14451874999189365,0.05386230335819971,-0.2692684936676095,0.4649646282249568,613.5686847314176
Nmcs,-0.027915300932305407,0.019072445094175557,-0.25856306246400756,0.42166352705806454,540.7120833333333
Nmcs,0.10474506170571599,0.14056140485118046,-0.31625107249960804,0.47182050276711435,444.220038961039
Nmcs,0.09753196816714305,0.02576540266925982,-0.3580637226352098,0.3624742559545483,366.0770248948106
Nmcs,-0.14451874999189365,0.05386230335819971,-0.2692684936676095,0.4649646282249568,613.5686847314176
Nmcs,0.03723302223331386,0.09162865322333796,-0.1260217016292468,0.5840126743694992,602.1886543222977
Nmcs,0.1743962517893273,0.0626639420572614,-0.27737058356425737,0.6221938379960332,410.3765896805897
Nmcs,-0.041792720854561385,0.035362944036800424,-0.058633694778224714,0.5485117682668944,565.8717307467308
Nmcs,0.14704039579171757,0.04987787324256408,-0.3505862073755644,0.5425102735965482,324.0269168356998
Nmcs,0.18434276118407053,0.17750624385387342,-0.012059951319515084,0.6604556524872597,687.6482667004049
Nmcs,0.18695618728740657,0.0600818166432313,-0.25018300991211906,0.6671132657722167,444.29180176767676
Nmcs,-0.09957125576674462,0.09243377484164475,-0.16258757625787967,0.5529669079378194,735.2083144235852
Nmcs,0.08520999014642178,0.030995620204977696,-0.25901158276090575,0.4774658218787069,535.6018498563218
Nmcs,0.10482430650758974,0.14056140485118046,-0.23417983626956893,0.6006352278728103,411.48718181818185
Nmcs,0.08613048917937399,0.07914721948406611,-0.3648060202923121,0.3688607540726909,463.87811613730867
Nmcs,-0.06925096520283121,0.08774481209360283,-0.08663529146144645,0.5565940566369179,705.0602806543255
Nmcs,-0.14451874999189365,0.05386230335819971,-0.2692684936676095,0.4649646282249568,613.5686847314176
Nmcs,-0.1638721676003087,0.035362944036800424,-0.2294964871556677,0.6918727434815246,372.9693346569397
Nmcs,0.21673208993868198,0.19009052010011482,-0.13373026539344587,0.857105390407534,656.9188699690402
Nmcs,-0.16508766629289617,0.05386230335819971,-0.21933350196521922,0.41732443468368374,526.3330709206759
Nmcs,0.038967091801419954,0.02620750252989753,-0.05690513247407851,0.5527405910873435,590.6654532483021
Nmcs,0.10694624294450654,0.09162598997116539,-0.3535457016062513,0.4436670777333921,563.0645404292476
Nmcs,0.14572362821206483,0.1143865527685902,-0.1640479351402448,0.8452607772708862,237.18990372105122
Nmcs,0.22987704252694716,0.2715665743516883,-0.14481849566025976,1.821964371237811,340.8545454545455
Nmcs,-0.025709646514345222,0.07143075361252874,-0.20707859268576,0.7918465081626704,430.2954734299517
Nmcs,0.08214226055534078,0.07590214914463132,-0.32882502713650574,0.4168866072784572,461.37694136745597
Nmcs,0.012669175658060791,0.01069590241495768,-0.24302536208673045,0.5275068270512302,488.4792803030303
Nmcs,-0.041792720854561385,0.035362944036800424,-0.058633694778224714,0.5485117682668944,565.8717307467308
Nmcs,0.08214226055534078,0.07590214914463132,-0.32882502713650574,0.4168866072784572,461.37694136745597
Nmcs,0.07274470880699434,0.06604975503073617,-0.2566060945004725,0.5878229410678385,507.59256394772694
Nmcs,0.1553007118106264,0.0656244541453405,-0.2749519003261943,0.3927697247899018,510.34653029388085
Nmcs,-0.11883059648470493,0.0434725469021115,-0.2628173223786363,0.43533294791483584,589.9046711259755
Nmcs,-0.12884145980387685,0.06054645171455951,-0.09400896118247082,0.4465881030929623,570.8772672798217
Nmcs,0.08520999014642178,0.030995620204977696,-0.25901158276090575,0.4774658218787069,535.6018498563218
Nmcs,0.1511001448157423,0.04179940994111633,-0.35192816889659806,0.5229984113136934,341.14726878440706
Nmcs,-0.03392731518302601,0.016117259510441465,-0.30886504642131807,0.5649107507901688,670.8107939045183
Nmcs,-0.03564515401284634,0.06256437739911974,-0.14889102976620575,0.5166491651981564,696.9874922310718
Nmcs,-0.011333404924525843,0.03822184281122038,-0.31280901915683434,0.5887622045743222,502.7771865357644
Nmcs,-0.11883059648470493,0.0434725469021115,-0.2628173223786363,0.43533294791483584,589.9046711259755
Nmcs,0.08520999014642178,0.030995620204977696,-0.25901158276090575,0.4774658218787069,535.6018498563218
Nmcs,0.08520999014642178,0.030995620204977696,-0.25901158276090575,0.4774658218787069,535.6018498563218
Nmcs,-0.011333404924525843,0.03822184281122038,-0.31280901915683434,0.5887622045743222,502.7771865357644
Nmcs,0.18695618728740657,0.0600818166432313,-0.25018300991211906,0.6671132657722167,444.29180176767676
Nmcs,-0.03459612397486943,0.11174132876462665,-0.1669585152107738,0.6217202907891338,679.1779680477879
Nmcs,0.18762969242703906,0.05754783463385836,-0.28148899816333833,0.8062017422702595,271.9566895524977
Nmcs,-0.16508766629289617,0.05386230335819971,-0.21933350196521922,0.41732443468368374,526.3330709206759
Nmcs,-0.06925096520283121,0.08774481209360283,-0.08663529146144645,0.5565940566369179,705.0602806543255
Nmcs,0.012669175658060791,0.01069590241495768,-0.24302536208673045,0.5275068270512302,488.4792803030303
Nmcs,-0.04789264544403773,0.03493702855474959,-0.48161103144581296,0.598052409157031,215.48597670250894
Nmcs,-0.08578739070413566,0.03757897470988541,-0.2660830722432281,0.4892534153367615,541.3916421869166
Nmcs,-0.011333404924525843,0.03822184281122038,-0.31280901915683434,0.5887622045743222,502.7771865357644
Nmcs,0.03723302223331386,0.09162865322333796,-0.1260217016292468,0.5840126743694992,602.1886543222977
Nmcs,-0.06418345047768229,0.09243377484164475,-0.15322425935584771,0.5536340069876307,750.7761220004794
Nmcs,0.25399251833818953,0.12535812739159738,-0.027333397225163633,0.5710777478551153,764.2101123481781
Nmcs,0.15760537224166998,0.050219998713956514,-0.28850519881828623,0.5530038189034369,394.7540896805897
Nmcs,0.012669175658060791,0.01069590241495768,-0.24302536208673045,0.5275068270512302,488.4792803030303
Nmcs,0.04536620150291093,0.011472547721573688,-0.21405634189272787,0.5412522442521743,378.97106882591095
Nmcs,-0.03392731518302601,0.016117259510441465,-0.30886504642131807,0.5649107507901688,670.8107939045183
Nmcs,0.1511001448157423,0.04179940994111633,-0.35192816889659806,0.5229984113136934,341.14726878440706
Nmcs,-0.06925096520283121,0.08774481209360283,-0.08663529146144645,0.5565940566369179,705.0602806543255
Nmcs,0.1553007118106264,0.0656244541453405,-0.2749519003261943,0.3927697247899018,510.34653029388085
Nmcs,-0.06009917688699913,0.09402004880870558,-0.022717508276969677,0.5356982510819478,597.5378771841398
Nmcs,-0.06418345047768229,0.09243377484164475,-0.15322425935584771,0.5536340069876307,750.7761220004794
Nmcs,0.06336045422812953,0.04876914087659052,-0.3407369829166275,0.22066740968146842,259.5041806020067
Nmcs,0.18434276118407053,0.17750624385387342,-0.012059951319515084,0.6604556524872597,687.6482667004049
Nmcs,-0.013684634572682089,0.09523264800940714,-0.20416420597478127,0.5968173772266209,600.9058626774739
Nmcs,-0.14451874999189365,0.05386230335819971,-0.2692684936676095,0.4649646282249568,613.5686847314176
Nmcs,-0.02581168346748618,0.13170445245315104,-0.2814115206069023,0.9211299104482669,395.9187857142857
Nmcs,-0.06925096520283121,0.08774481209360283,-0.08663529146144645,0.5565940566369179,705.0602806543255
Nmcs,-0.025709646514345222,0.07143075361252874,-0.20707859268576,0.7918465081626704,430.2954734299517
Nmcs,0.12053052324978066,0.07868442820270354,-0.14142172766263297,0.5236352572411905,639.2586525777359
Nmcs,0.08214226055534078,0.07590214914463132,-0.32882502713650574,0.4168866072784572,461.37694136745597
Nmcs,-0.08578739070413566,0.03757897470988541,-0.2660830722432281,0.4892534153367615,541.3916421869166
Nmcs,0.06316234411511445,0.12925692370660888,-0.15859715047915776,0.556420686474907,768.2291824690402
Nmcs,0.1553007118106264,0.0656244541453405,-0.2749519003261943,0.3927697247899018,510.34653029388085
Nmcs,-0.11883059648470493,0.0434725469021115,-0.2628173223786363,0.43533294791483584,589.9046711259755
Nmcs,0.08167122912321947,0.06418752716549234,-0.3373434553378513,0.6086382324270507,460.7594512488789
Nmcs,0.12053052324978066,0.07868442820270354,-0.14142172766263297,0.5236352572411905,639.2586525777359
Nmcs,0.1060534143036114,0.09204412056225039,-0.3218429485883347,0.44844404737479604,543.1995278299066
Nmcs,0.21673208993868198,0.19009052010011482,-0.13373026539344587,0.857105390407534,656.9188699690402
Nmcs,0.03148198548720434,0.023054416823190323,-0.34993712188106973,0.4596873569281867,629.4930198690977
Nmcs,-0.11883059648470493,0.0434725469021115,-0.2628173223786363,0.43533294791483584,589.9046711259755
Nmcs,-0.06925096520283121,0.08774481209360283,-0.08663529146144645,0.5565940566369179,705.0602806543255
Nmcs,-0.03698678780973622,0.0177692953196083,-0.23295117019034287,0.4672877218544346,428.45410050011907
Nmcs,-0.14498330778098256,0.08121431290104202,-0.03489901806946143,1.106766456969825,287.1061868159015
Nmcs,0.023186397072137918,0.17678716576729403,-0.004962796265281073,1.5506123930379283,263.9024895436379
Nmcs,0.14704039579171757,0.04987787324256408,-0.3505862073755644,0.5425102735965482,324.0269168356998
Nmcs,-0.025709646514345222,0.07143075361252874,-0.20707859268576,0.7918465081626704,430.2954734299517
Nmcs,0.20798353097552844,0.051827783563949216,-0.2622469743036184,0.6287858558534468,294.39407683878323
Nmcs,0.07146117558750423,0.0865061949678311,-0.34475786532732544,0.3639421472622215,466.5080601995196
Nmcs,0.18781810212610583,0.10565047104608273,-0.006531989191866278,0.6968343060747109,655.6736444476576
Nmcs,-0.017794847093077215,0.026884583178371817,-0.3307157111796393,0.47287166339888914,742.1911528407413
Nmcs,0.012669175658060791,0.01069590241495768,-0.24302536208673045,0.5275068270512302,488.4792803030303
Nmcs,-0.02581168346748618,0.13170445245315104,-0.2814115206069023,0.9211299104482669,395.9187857142857
Nmcs,0.22987704252694716,0.2715665743516883,-0.14481849566025976,1.821964371237811,340.8545454545455
Nmcs,0.05499437184202054,0.1099227372619018,-0.1427253936751687,0.7513106440352585,638.1718699690402
Nmcs,0.14635100933043854,0.05353349414766988,-0.23091326708285692,0.7274757339226468,298.04689943002063
Nmcs,0.04536620150291093,0.011472547721573688,-0.21405634189272787,0.5412522442521743,378.97106882591095
Nmcs,-0.19939189994153672,0.07489564468897192,-0.22968751167287027,0.5260171187783885,312.7340454545455
Nmcs,0.18781810212610583,0.10565047104608273,-0.006531989191866278,0.6968343060747109,655.6736444476576
Nmcs,0.09653923800730231,0.17659889432525236,0.0008507352685774628,1.449275237567091,297.5979063036021
Nmcs,0.07146117558750423,0.0865061949678311,-0.34475786532732544,0.3639421472622215,466.5080601995196
Nmcs,0.15465236954242467,0.11872191757434278,-0.24134789640150736,0.7930514692646193,664.1910980392157
Nmcs,0.12699884439423983,0.16116350419555686,-0.28546179797226034,0.40281817344663734,575.785052631579
Nmcs,0.06198031447749965,0.06418752716549234,-0.32657808498884133,0.6107959056808009,477.29524917916217
Nmcs,0.0748030604019819,0.08106803889710533,-0.32545644644626104,0.5950666786724195,460.7594512488789
Nmcs,-0.017794847093077215,0.026884583178371817,-0.3307157111796393,0.47287166339888914,742.1911528407413
Nmcs,0.0545285799453293,0.17415361909977925,-0.01287774616578345,1.417969459650654,261.11275740078077
Nmcs,0.10941803145760466,0.051932060129780785,-0.22596386449546824,0.38780347230619094,408.8851851851852
Nmcs,-0.06418345047768229,0.09243377484164475,-0.15322425935584771,0.5536340069876307,750.7761220004794
Nmcs,0.09653923800730231,0.17659889432525236,0.0008507352685774628,1.449275237567091,297.5979063036021
Nmcs,0.004878269842338252,0.0726093451316428,-0.1646573101883768,0.5493379281404103,563.7655796586059
Nmcs,-0.03392731518302601,0.016117259510441465,-0.30886504642131807,0.5649107507901688,670.8107939045183
Nmcs,-0.1291640826064346,0.046814518647515506,-0.20375183747007733,0.877242632489955,410.56178921942535
Nmcs,0.07146117558750423,0.0865061949678311,-0.34475786532732544,0.3639421472622215,466.5080601995196
Nmcs,-0.14498330778098256,0.08121431290104202,-0.03489901806946143,1.106766456969825,287.1061868159015
Nmcs,0.04536620150291093,0.011472547721573688,-0.21405634189272787,0.5412522442521743,378.97106882591095
Nmcs,0.15760537224166998,0.050219998713956514,-0.28850519881828623,0.5530038189034369,394.7540896805897
Nmcs,0.012669175658060791,0.01069590241495768,-0.24302536208673045,0.5275068270512302,488.4792803030303
Nmcs,-0.00581827609257907,0.016990806223026754,-0.19952115551584626,0.5076022689946182,428.7285790598291
Nmcs,0.09274030004491068,0.057009038232803136,-0.27980884507012965,0.48088237868732886,323.5564306020067
Nmcs,0.18781810212610583,0.10565047104608273,-0.006531989191866278,0.6968343060747109,655.6736444476576
Nmcs,0.0748030604019819,0.08106803889710533,-0.32545644644626104,0.5950666786724195,460.7594512488789
Nmcs,0.1511001448157423,0.04179940994111633,-0.35192816889659806,0.5229984113136934,341.14726878440706
Nmcs,-0.0671585068393206,0.029213904501564546,-0.20020138951450486,0.5003412400942261,489.3158386752137
Nmcs,0.012669175658060791,0.01069590241495768,-0.24302536208673045,0.5275068270512302,488.4792803030303
Nmcs,0.04672659997744811,0.09936212293566912,-0.12627656187779174,1.0415575846445795,370.19012878787873
Nmcs,-0.06044041460646994,0.028251446139527632,-0.21184931660441617,0.6333931455386802,330.8506719286905
Nmcs,-0.12884145980387685,0.06054645171455951,-0.09400896118247082,0.4465881030929623,570.8772672798217
Nmcs,0.0748030604019819,0.08106803889710533,-0.32545644644626104,0.5950666786724195,460.7594512488789
Nmcs,0.10482430650758974,0.14056140485118046,-0.23417983626956893,0.6006352278728103,411.48718181818185
Nmcs,-0.14498330778098256,0.08121431290104202,-0.03489901806946143,1.106766456969825,287.1061868159015
Nmcs,0.07146117558750423,0.0865061949678311,-0.34475786532732544,0.3639421472622215,466.5080601995196
Nmcs,0.07146117558750423,0.0865061949678311,-0.34475786532732544,0.3639421472622215,466.5080601995196
Nmcs,0.1743962517893273,0.0626639420572614,-0.27737058356425737,0.6221938379960332,410.3765896805897
Nmcs,-0.06418345047768229,0.09243377484164475,-0.15322425935584771,0.5536340069876307,750.7761220004794
Nmcs,0.08122186999358948,0.040858257596459474,-0.2690249096986491,0.43789429785504186,508.8863527676027
Nmcs,0.10474506170571599,0.14056140485118046,-0.31625107249960804,0.47182050276711435,444.220038961039
Nmcs,0.11595566837129725,0.0418125213364271,-0.24833634642894817,0.5261335586660081,495.31594280984507
Nmcs,-0.014383414250500319,0.027997617720931643,-0.25203361087742476,0.5838177020893113,647.724210571185
Nmcs,-0.11883059648470493,0.0434725469021115,-0.2628173223786363,0.43533294791483584,589.9046711259755
Nmcs,-0.16508766629289617,0.05386230335819971,-0.21933350196521922,0.41732443468368374,526.3330709206759
Nmcs,0.0748030604019819,0.08106803889710533,-0.32545644644626104,0.5950666786724195,460.7594512488789
Nmcs,0.08167122912321947,0.06418752716549234,-0.3373434553378513,0.6086382324270507,460.7594512488789
Nmcs,0.13650274604644005,0.1678730558803315,-0.29905818986959715,0.4913266417787831,602.2127642218754
Nmcs,-0.08790871918267235,0.033231317971029,-0.4494562727810121,0.5101914465777239,339.16410170250896
Nmcs,-0.013684634572682089,0.09523264800940714,-0.20416420597478127,0.5968173772266209,600.9058626774739
Nmcs,-0.08578739070413566,0.03757897470988541,-0.2660830722432281,0.4892534153367615,541.3916421869166
Nmcs,0.14975636193342096,0.03738127945246408,-0.37470857005642083,0.4728607138685089,301.8543142389525
Nmcs,-0.11883059648470493,0.0434725469021115,-0.2628173223786363,0.43533294791483584,589.9046711259755
Nmcs,0.13650274604644005,0.1678730558803315,-0.29905818986959715,0.4913266417787831,602.2127642218754
Nmcs,-0.011817965960565117,0.016043507911817963,-0.2478757000176886,0.47683257464433326,600.6772348484849
Nmcs,-0.04789264544403773,0.03493702855474959,-0.48161103144581296,0.598052409157031,215.48597670250894
Nmcs,-0.03366423198584363,0.021951010961561806,-0.24785921661005816,0.5348658611362567,558.432445032445
Nmcs,0.1768487392987259,0.13811715395346602,-0.1526508806911611,0.7845884606079084,208.73834175084176
Nmcs,0.1511001448157423,0.04179940994111633,-0.35192816889659806,0.5229984113136934,341.14726878440706
Nmcs,-0.09957125576674462,0.09243377484164475,-0.16258757625787967,0.5529669079378194,735.2083144235852
Nmcs,0.05674955276478281,0.06400314816893352,-0.13399346299349463,0.7844201901326627,327.9263606719368
Nmcs,-0.14451874999189365,0.05386230335819971,-0.2692684936676095,0.4649646282249568,613.5686847314176
Nmcs,0.14572362821206483,0.1143865527685902,-0.1640479351402448,0.8452607772708862,237.18990372105122
Nmcs,0.0748030604019819,0.08106803889710533,-0.32545644644626104,0.5950666786724195,460.7594512488789
Nmcs,-0.03392731518302601,0.016117259510441465,-0.30886504642131807,0.5649107507901688,670.8107939045183
Nmcs,0.03723302223331386,0.09162865322333796,-0.1260217016292468,0.5840126743694992,602.1886543222977
Nmcs,0.08520999014642178,0.030995620204977696,-0.25901158276090575,0.4774658218787069,535.6018498563218
Nmcs,-0.06925096520283121,0.08774481209360283,-0.08663529146144645,0.5565940566369179,705.0602806543255
Nmcs,-0.16508766629289617,0.05386230335819971,-0.21933350196521922,0.41732443468368374,526.3330709206759
Nmcs,-0.0575145670376706,0.03493702855474959,-0.46088045805488437,0.6379336739898376,214.03944892473118
Nmcs,0.012669175658060791,0.01069590241495768,-0.24302536208673045,0.5275068270512302,488.4792803030303
Nmcs,-0.0671585068393206,0.029213904501564546,-0.20020138951450486,0.5003412400942261,489.3158386752137
Nmcs,0.13501872944600032,0.0656244541453405,-0.17769791305523766,0.42632623899111755,409.45121779388086
Nmcs,-0.06925096520283121,0.08774481209360283,-0.08663529146144645,0.5565940566369179,705.0602806543255
Nmcs,0.08167122912321947,0.06418752716549234,-0.3373434553378513,0.6086382324270507,460.7594512488789
Nmcs,-0.017794847093077215,0.026884583178371817,-0.3307157111796393,0.47287166339888914,742.1911528407413
Nmcs,0.2374463454783835,0.1255197663119139,-0.008299664440036188,0.5957556658140325,738.9105172064777
Nmcs,-0.06418345047768229,0.09243377484164475,-0.15322425935584771,0.5536340069876307,750.7761220004794
Nmcs,-0.03392731518302601,0.016117259510441465,-0.30886504642131807,0.5649107507901688,670.8107939045183
Nmcs,-0.19939189994153672,0.07489564468897192,-0.22968751167287027,0.5260171187783885,312.7340454545455
Nmcs,-0.03392731518302601,0.016117259510441465,-0.30886504642131807,0.5649107507901688,670.8107939045183
Nmcs,-0.014383414250500319,0.027997617720931643,-0.25203361087742476,0.5838177020893113,647.724210571185
Nmcs,-0.16508766629289617,0.05386230335819971,-0.21933350196521922,0.41732443468368374,526.3330709206759
Nmcs,0.13650274604644005,0.1678730558803315,-0.29905818986959715,0.4913266417787831,602.2127642218754
Nmcs,0.10474506170571599,0.14056140485118046,-0.31625107249960804,0.47182050276711435,444.220038961039
Nmcs,0.18762969242703906,0.05754783463385836,-0.28148899816333833,0.8062017422702595,271.9566895524977
Nmcs,0.18434276118407053,0.17750624385387342,-0.012059951319515084,0.6604556524872597,687.6482667004049
Nmcs,0.05499437184202054,0.1099227372619018,-0.1427253936751687,0.7513106440352585,638.1718699690402
Nmcs,-0.03564515401284634,0.06256437739911974,-0.14889102976620575,0.5166491651981564,696.9874922310718
Nmcs,-0.011333404924525843,0.03822184281122038,-0.31280901915683434,0.5887622045743222,502.7771865357644
Nmcs,0.21673208993868198,0.19009052010011482,-0.13373026539344587,0.857105390407534,656.9188699690402
Nmcs,-0.14451874999189365,0.05386230335819971,-0.2692684936676095,0.4649646282249568,613.5686847314176
Nmcs,0.1553007118106264,0.0656244541453405,-0.2749519003261943,0.3927697247899018,510.34653029388085
Nmcs,0.07146117558750423,0.0865061949678311,-0.34475786532732544,0.3639421472622215,466.5080601995196
Nmcs,-0.06418345047768229,0.09243377484164475,-0.15322425935584771,0.5536340069876307,750.7761220004794
Nmcs,-0.011333404924525843,0.03822184281122038,-0.31280901915683434,0.5887622045743222,502.7771865357644
Nmcs,0.1898323581980927,0.11407843497878527,-0.19609497443223795,0.8067992650531082,309.96730693459415
Nmcs,0.10941803145760466,0.051932060129780785,-0.22596386449546824,0.38780347230619094,408.8851851851852
Nmcs,-0.14498330778098256,0.08121431290104202,-0.03489901806946143,1.106766456969825,287.1061868159015
Nmcs,0.12053052324978066,0.07868442820270354,-0.14142172766263297,0.5236352572411905,639.2586525777359
Nmcs,-0.06418345047768229,0.09243377484164475,-0.15322425935584771,0.5536340069876307,750.7761220004794
Nmcs,-0.14451874999189365,0.05386230335819971,-0.2692684936676095,0.4649646282249568,613.5686847314176
Nmcs,-0.03392731518302601,0.016117259510441465,-0.30886504642131807,0.5649107507901688,670.8107939045183
Nmcs,-0.040180778247496815,0.02788371247416871,-0.2293801968288005,0.6296842831728383,393.16625
Nmcs,-0.03392731518302601,0.016117259510441465,-0.30886504642131807,0.5649107507901688,670.8107939045183
Nmcs,-0.06925096520283121,0.08774481209360283,-0.08663529146144645,0.5565940566369179,705.0602806543255
Nmcs,0.10474506170571599,0.14056140485118046,-0.31625107249960804,0.47182050276711435,444.220038961039
Nmcs,0.05499437184202054,0.1099227372619018,-0.1427253936751687,0.7513106440352585,638.1718699690402
Nmcs,0.08214226055534078,0.07590214914463132,-0.32882502713650574,0.4168866072784572,461.37694136745597
Nmcs,0.14975636193342096,0.03738127945246408,-0.37470857005642083,0.4728607138685089,301.8543142389525
Nmcs,0.03148198548720434,0.023054416823190323,-0.34993712188106973,0.4596873569281867,629.4930198690977
Nmcs,0.2132585592671036,0.07259336561860777,-0.27300813965642906,0.6214689959247042,429.9047146805897
Nmcs,-0.011333404924525843,0.03822184281122038,-0.31280901915683434,0.5887622045743222,502.7771865357644
Nmcs,-0.1291640826064346,0.046814518647515506,-0.20375183747007733,0.877242632489955,410.56178921942535
Nmcs,0.1743962517893273,0.0626639420572614,-0.27737058356425737,0.6221938379960332,410.3765896805897
Nmcs,0.13501872944600032,0.0656244541453405,-0.17769791305523766,0.42632623899111755,409.45121779388086
Nmcs,-0.06418345047768229,0.09243377484164475,-0.15322425935584771,0.5536340069876307,750.7761220004794
Nmcs,0.1553007118106264,0.0656244541453405,-0.2749519003261943,0.3927697247899018,510.34653029388085
Nmcs,-0.06725585155234237,0.03757897470988541,-0.2811790257655356,0.4376942583427727,550.621195032445
Nmcs,0.25399251833818953,0.12535812739159738,-0.027333397225163633,0.5710777478551153,764.2101123481781
Nmcs,0.07146117558750423,0.0865061949678311,-0.34475786532732544,0.3639421472622215,466.5080601995196
Nmcs,-0.03459612397486943,0.11174132876462665,-0.1669585152107738,0.6217202907891338,679.1779680477879
Nmcs,-0.03459612397486943,0.11174132876462665,-0.1669585152107738,0.6217202907891338,679.1779680477879
Nmcs,-0.013684634572682089,0.09523264800940714,-0.20416420597478127,0.5968173772266209,600.9058626774739
Nmcs,-0.041792720854561385,0.035362944036800424,-0.058633694778224714,0.5485117682668944,565.8717307467308
Nmcs,0.07146117558750423,0.0865061949678311,-0.34475786532732544,0.3639421472622215,466.5080601995196
Nmcs,0.1768487392987259,0.13811715395346602,-0.1526508806911611,0.7845884606079084,208.73834175084176
Nmcs,0.10941803145760466,0.051932060129780785,-0.22596386449546824,0.38780347230619094,408.8851851851852
Nmcs,0.1743962517893273,0.0626639420572614,-0.27737058356425737,0.6221938379960332,410.3765896805897
Nmcs,0.07146117558750423,0.0865061949678311,-0.34475786532732544,0.3639421472622215,466.5080601995196
Nmcs,0.1743962517893273,0.0626639420572614,-0.27737058356425737,0.6221938379960332,410.3765896805897
Nmcs,0.20798353097552844,0.051827783563949216,-0.2622469743036184,0.6287858558534468,294.39407683878323
Nmcs,0.08214226055534078,0.07590214914463132,-0.32882502713650574,0.4168866072784572,461.37694136745597
Nmcs,0.09753196816714305,0.02576540266925982,-0.3580637226352098,0.3624742559545483,366.0770248948106
Nmcs,0.13650274604644005,0.1678730558803315,-0.29905818986959715,0.4913266417787831,602.2127642218754
Nmcs,0.09753196816714305,0.02576540266925982,-0.3580637226352098,0.3624742559545483,366.0770248948106
Nmcs,0.06786944028110953,0.1791121849139005,0.0017337329329579515,1.347767056052504,314.5409378195
Nmcs,0.1898323581980927,0.11407843497878527,-0.19609497443223795,0.8067992650531082,309.96730693459415
Nmcs,0.3566042697735581,0.34709435730872334,0.012167156626907628,1.8785535744479454,451.8126190476191
Nmcs,-0.16508766629289617,0.05386230335819971,-0.21933350196521922,0.41732443468368374,526.3330709206759
Nmcs,0.13650274604644005,0.1678730558803315,-0.29905818986959715,0.4913266417787831,602.2127642218754
Nmcs,0.14704039579171757,0.04987787324256408,-0.3505862073755644,0.5425102735965482,324.0269168356998
Nmcs,-0.11211243993773522,0.051976925685610076,-0.29380997523126684,0.4395055472516859,563.5940504966048
Nmcs,-0.019168060753133435,0.042904249861606875,-0.26355002541314265,0.554911670315893,527.4278529411765
Nmcs,-0.041792720854561385,0.035362944036800424,-0.058633694778224714,0.5485117682668944,565.8717307467308
Nmcs,0.11201160544349437,0.051932060129780785,-0.2683392197559936,0.3694592222031891,507.0265313390313
Nmcs,0.13650274604644005,0.1678730558803315,-0.29905818986959715,0.4913266417787831,602.2127642218754
Nmcs,0.06786944028110953,0.1791121849139005,0.0017337329329579515,1.347767056052504,314.5409378195
Nmcs,0.1743962517893273,0.0626639420572614,-0.27737058356425737,0.6221938379960332,410.3765896805897
Nmcs,0.06589537800407573,0.07914721948406611,-0.33560182690015433,0.38905085005148843,474.6447789495196
Nmcs,-0.14451874999189365,0.05386230335819971,-0.2692684936676095,0.4649646282249568,613.5686847314176
Nmcs,0.06198031447749965,0.06418752716549234,-0.32657808498884133,0.6107959056808009,477.29524917916217
Nmcs,-0.017794847093077215,0.026884583178371817,-0.3307157111796393,0.47287166339888914,742.1911528407413
Nmcs,0.10482430650758974,0.14056140485118046,-0.23417983626956893,0.6006352278728103,411.48718181818185
Nmcs,-0.06044041460646994,0.028251446139527632,-0.21184931660441617,0.6333931455386802,330.8506719286905
Nmcs,0.28191991399125005,0.13405344086931023,-0.02806469120025689,0.564725758228721,767.4503345704004
Nmcs,0.3835080467194655,0.4284497457503265,-0.0487863504991023,1.7700712324284396,439.3146190476191
Nmcs,0.12492098161407984,0.17139285092463888,-0.2825340719605868,0.5017746988734232,603.310409774436
Nmcs,0.25399251833818953,0.12535812739159738,-0.027333397225163633,0.5710777478551153,764.2101123481781
Nmcs,-0.09266805361852701,0.031715927484867484,-0.02143428383531507,1.2391432936734734,306.7683721705926
Nmcs,0.14572362821206483,0.1143865527685902,-0.1640479351402448,0.8452607772708862,237.18990372105122
Nmcs,0.13650274604644005,0.1678730558803315,-0.29905818986959715,0.4913266417787831,602.2127642218754
Nmcs,-0.14451874999189365,0.05386230335819971,-0.2692684936676095,0.4649646282249568,613.5686847314176
Nmcs,0.12492098161407984,0.17139285092463888,-0.2825340719605868,0.5017746988734232,603.310409774436
Nmcs,-0.06725585155234237,0.03757897470988541,-0.2811790257655356,0.4376942583427727,550.621195032445
Nmcs,-0.1291640826064346,0.046814518647515506,-0.20375183747007733,0.877242632489955,410.56178921942535
Nmcs,0.13501872944600032,0.0656244541453405,-0.17769791305523766,0.42632623899111755,409.45121779388086
Nmcs,-0.14451874999189365,0.05386230335819971,-0.2692684936676095,0.4649646282249568,613.5686847314176
Nmcs,-0.014383414250500319,0.027997617720931643,-0.25203361087742476,0.5838177020893113,647.724210571185
Nmcs,-0.06418345047768229,0.09243377484164475,-0.15322425935584771,0.5536340069876307,750.7761220004794
Nmcs,0.05674955276478281,0.06400314816893352,-0.13399346299349463,0.7844201901326627,327.9263606719368
Nmcs,-0.0575145670376706,0.03493702855474959,-0.46088045805488437,0.6379336739898376,214.03944892473118
Nmcs,-0.06725585155234237,0.03757897470988541,-0.2811790257655356,0.4376942583427727,550.621195032445
Nmcs,0.1553007118106264,0.0656244541453405,-0.2749519003261943,0.3927697247899018,510.34653029388085
Nmcs,0.22987704252694716,0.2715665743516883,-0.14481849566025976,1.821964371237811,340.8545454545455
Nmcs,0.06198031447749965,0.06418752716549234,-0.32657808498884133,0.6107959056808009,477.29524917916217
Nmcs,0.09653923800730231,0.17659889432525236,0.0008507352685774628,1.449275237567091,297.5979063036021
Nmcs,0.21673208993868198,0.19009052010011482,-0.13373026539344587,0.857105390407534,656.9188699690402
Nmcs,0.03723302223331386,0.09162865322333796,-0.1260217016292468,0.5840126743694992,602.1886543222977
Nmcs,-0.017794847093077215,0.026884583178371817,-0.3307157111796393,0.47287166339888914,742.1911528407413
Nmcs,0.21673208993868198,0.19009052010011482,-0.13373026539344587,0.857105390407534,656.9188699690402
Nmcs,0.10249276858363325,0.03555818090760099,-0.2495618633629377,0.4149601372523428,452.8686915614773
Nmcs,0.2132585592671036,0.07259336561860777,-0.27300813965642906,0.6214689959247042,429.9047146805897
Nmcs,-0.03392731518302601,0.016117259510441465,-0.30886504642131807,0.5649107507901688,670.8107939045183
Nmcs,0.05674955276478281,0.06400314816893352,-0.13399346299349463,0.7844201901326627,327.9263606719368
Nmcs,0.18915145843909648,0.05754783463385836,-0.333035623693255,0.6391530641166245,333.6455357063438
Nmcs,0.10249276858363325,0.03555818090760099,-0.2495618633629377,0.4149601372523428,452.8686915614773
Nmcs,-0.14451874999189365,0.05386230335819971,-0.2692684936676095,0.4649646282249568,613.5686847314176
Nmcs,0.08081982146831264,0.10917600232583868,-0.12201294283911614,1.032595376590813,494.0979964349376
Nmcs,0.09274030004491068,0.057009038232803136,-0.27980884507012965,0.48088237868732886,323.5564306020067
Nmcs,0.12053052324978066,0.07868442820270354,-0.14142172766263297,0.5236352572411905,639.2586525777359
Nmcs,0.09753196816714305,0.02576540266925982,-0.3580637226352098,0.3624742559545483,366.0770248948106
Nmcs,0.18695618728740657,0.0600818166432313,-0.25018300991211906,0.6671132657722167,444.29180176767676
Nmcs,-0.08578739070413566,0.03757897470988541,-0.2660830722432281,0.4892534153367615,541.3916421869166
Nmcs,-0.11883059648470493,0.0434725469021115,-0.2628173223786363,0.43533294791483584,589.9046711259755
Nmcs,0.08520999014642178,0.030995620204977696,-0.25901158276090575,0.4774658218787069,535.6018498563218
Nmcs,-0.025709646514345222,0.07143075361252874,-0.20707859268576,0.7918465081626704,430.2954734299517
Nmcs,0.12053052324978066,0.07868442820270354,-0.14142172766263297,0.5236352572411905,639.2586525777359
Nmcs,0.14572362821206483,0.1143865527685902,-0.1640479351402448,0.8452607772708862,237.18990372105122
Nmcs,-0.08578739070413566,0.03757897470988541,-0.2660830722432281,0.4892534153367615,541.3916421869166
Nmcs,-0.06925096520283121,0.08774481209360283,-0.08663529146144645,0.5565940566369179,705.0602806543255
Nmcs,0.04536620150291093,0.011472547721573688,-0.21405634189272787,0.5412522442521743,378.97106882591095
Nmcs,-0.013684634572682089,0.09523264800940714,-0.20416420597478127,0.5968173772266209,600.9058626774739
Nmcs,-0.08578739070413566,0.03757897470988541,-0.2660830722432281,0.4892534153367615,541.3916421869166
Nmcs,0.05499437184202054,0.1099227372619018,-0.1427253936751687,0.7513106440352585,638.1718699690402
Nmcs,0.038967091801419954,0.02620750252989753,-0.05690513247407851,0.5527405910873435,590.6654532483021
Nmcs,0.06786944028110953,0.1791121849139005,0.0017337329329579515,1.347767056052504,314.5409378195
Nmcs,-0.1638721676003087,0.035362944036800424,-0.2294964871556677,0.6918727434815246,372.9693346569397
Nmcs,0.08520999014642178,0.030995620204977696,-0.25901158276090575,0.4774658218787069,535.6018498563218
Nmcs,0.06786944028110953,0.1791121849139005,0.0017337329329579515,1.347767056052504,314.5409378195
Nmcs,0.14704039579171757,0.04987787324256408,-0.3505862073755644,0.5425102735965482,324.0269168356998
Nmcs,-0.06925096520283121,0.08774481209360283,-0.08663529146144645,0.5565940566369179,705.0602806543255
Nmcs,0.04536620150291093,0.011472547721573688,-0.21405634189272787,0.5412522442521743,378.97106882591095
Nmcs,0.15760537224166998,0.050219998713956514,-0.28850519881828623,0.5530038189034369,394.7540896805897
Nmcs,-0.06925096520283121,0.08774481209360283,-0.08663529146144645,0.5565940566369179,705.0602806543255
Nmcs,0.1511001448157423,0.04179940994111633,-0.35192816889659806,0.5229984113136934,341.14726878440706
Nmcs,0.1060534143036114,0.09204412056225039,-0.3218429485883347,0.44844404737479604,543.1995278299066
Nmcs,0.08613048917937399,0.07914721948406611,-0.3648060202923121,0.3688607540726909,463.87811613730867
Nmcs,0.08520999014642178,0.030995620204977696,-0.25901158276090575,0.4774658218787069,535.6018498563218
Nmcs,0.28191991399125005,0.13405344086931023,-0.02806469120025689,0.564725758228721,767.4503345704004
Nmcs,0.08122186999358948,0.040858257596459474,-0.2690249096986491,0.43789429785504186,508.8863527676027
Nmcs,0.10474506170571599,0.14056140485118046,-0.31625107249960804,0.47182050276711435,444.220038961039
Nmcs,0.14572362821206483,0.1143865527685902,-0.1640479351402448,0.8452607772708862,237.18990372105122
Nmcs,-0.03564515401284634,0.06256437739911974,-0.14889102976620575,0.5166491651981564,696.9874922310718
Nmcs,-0.1638721676003087,0.035362944036800424,-0.2294964871556677,0.6918727434815246,372.9693346569397
Nmcs,-0.11883059648470493,0.0434725469021115,-0.2628173223786363,0.43533294791483584,589.9046711259755
Nmcs,-0.011817965960565117,0.016043507911817963,-0.2478757000176886,0.47683257464433326,600.6772348484849
Nmcs,0.11219892109657542,0.03657923081743325,-0.37203518436408406,0.19925508788690866,295.9437587657784
Nmcs,0.18915145843909648,0.05754783463385836,-0.333035623693255,0.6391530641166245,333.6455357063438
Nmcs,-0.040180778247496815,0.02788371247416871,-0.2293801968288005,0.6296842831728383,393.16625
Nmcs,-0.08790871918267235,0.033231317971029,-0.4494562727810121,0.5101914465777239,339.16410170250896
Nmcs,-0.08790871918267235,0.033231317971029,-0.4494562727810121,0.5101914465777239,339.16410170250896
Nmcs,-0.06925096520283121,0.08774481209360283,-0.08663529146144645,0.5565940566369179,705.0602806543255
Nmcs,-0.025709646514345222,0.07143075361252874,-0.20707859268576,0.7918465081626704,430.2954734299517
Nmcs,0.11201160544349437,0.051932060129780785,-0.2683392197559936,0.3694592222031891,507.0265313390313
Nmcs,-0.09266805361852701,0.031715927484867484,-0.02143428383531507,1.2391432936734734,306.7683721705926
Nmcs,-0.03698678780973622,0.0177692953196083,-0.23295117019034287,0.4672877218544346,428.45410050011907
Nmcs,-0.014383414250500319,0.027997617720931643,-0.25203361087742476,0.5838177020893113,647.724210571185
Nmcs,0.08613048917937399,0.07914721948406611,-0.3648060202923121,0.3688607540726909,463.87811613730867
Nmcs,-0.025709646514345222,0.07143075361252874,-0.20707859268576,0.7918465081626704,430.2954734299517
Nmcs,-0.02581168346748618,0.13170445245315104,-0.2814115206069023,0.9211299104482669,395.9187857142857
Nmcs,0.09753196816714305,0.02576540266925982,-0.3580637226352098,0.3624742559545483,366.0770248948106
Nmcs,-0.017794847093077215,0.026884583178371817,-0.3307157111796393,0.47287166339888914,742.1911528407413
Nmcs,0.10941803145760466,0.051932060129780785,-0.22596386449546824,0.38780347230619094,408.8851851851852
Nmcs,0.1511001448157423,0.04179940994111633,-0.35192816889659806,0.5229984113136934,341.14726878440706
Nmcs,0.08122186999358948,0.040858257596459474,-0.2690249096986491,0.43789429785504186,508.8863527676027
Nmcs,0.15760537224166998,0.050219998713956514,-0.28850519881828623,0.5530038189034369,394.7540896805897
Nmcs,-0.08578739070413566,0.03757897470988541,-0.2660830722432281,0.4892534153367615,541.3916421869166
Nmcs,0.03723302223331386,0.09162865322333796,-0.1260217016292468,0.5840126743694992,602.1886543222977
Nmcs,0.3835080467194655,0.4284497457503265,-0.0487863504991023,1.7700712324284396,439.3146190476191
Nmcs,0.10482430650758974,0.14056140485118046,-0.23417983626956893,0.6006352278728103,411.48718181818185
Nmcs,-0.019168060753133435,0.042904249861606875,-0.26355002541314265,0.554911670315893,527.4278529411765
Nmcs,0.06786944028110953,0.1791121849139005,0.0017337329329579515,1.347767056052504,314.5409378195
Nmcs,-0.14451874999189365,0.05386230335819971,-0.2692684936676095,0.4649646282249568,613.5686847314176
Nmcs,0.05499437184202054,0.1099227372619018,-0.1427253936751687,0.7513106440352585,638.1718699690402
Nmcs,-0.0776282813322304,0.06326071540945681,0.013287518816367607,0.9500114499685707,284.476136310851
Nmcs,-0.06925096520283121,0.08774481209360283,-0.08663529146144645,0.5565940566369179,705.0602806543255
Nmcs,0.10482430650758974,0.14056140485118046,-0.23417983626956893,0.6006352278728103,411.48718181818185
Nmcs,0.2912838615115351,0.304263116408115,-0.13187796189402426,1.8794801327687847,345.92678571428576
Nmcs,-0.03392731518302601,0.016117259510441465,-0.30886504642131807,0.5649107507901688,670.8107939045183
Nmcs,0.03148198548720434,0.023054416823190323,-0.34993712188106973,0.4596873569281867,629.4930198690977
Nmcs,0.14635100933043854,0.05353349414766988,-0.23091326708285692,0.7274757339226468,298.04689943002063
Nmcs,0.10482430650758974,0.14056140485118046,-0.23417983626956893,0.6006352278728103,411.48718181818185
Nmcs,-0.011943695607682322,0.042904249861606875,-0.3113505747133998,0.616793534818188,599.4272007672635
Nmcs,0.14572362821206483,0.1143865527685902,-0.1640479351402448,0.8452607772708862,237.18990372105122
Nmcs,-0.06925096520283121,0.08774481209360283,-0.08663529146144645,0.5565940566369179,705.0602806543255
Nmcs,0.06198031447749965,0.06418752716549234,-0.32657808498884133,0.6107959056808009,477.29524917916217
Nmcs,-0.017794847093077215,0.026884583178371817,-0.3307157111796393,0.47287166339888914,742.1911528407413
Nmcs,0.08613048917937399,0.07914721948406611,-0.3648060202923121,0.3688607540726909,463.87811613730867
Nmcs,-0.1638721676003087,0.035362944036800424,-0.2294964871556677,0.6918727434815246,372.9693346569397
Nmcs,0.1511001448157423,0.04179940994111633,-0.35192816889659806,0.5229984113136934,341.14726878440706
Nmcs,0.004878269842338252,0.0726093451316428,-0.1646573101883768,0.5493379281404103,563.7655796586059
Nmcs,0.08214226055534078,0.07590214914463132,-0.32882502713650574,0.4168866072784572,461.37694136745597
Nmcs,0.08520999014642178,0.030995620204977696,-0.25901158276090575,0.4774658218787069,535.6018498563218
Nmcs,0.038967091801419954,0.02620750252989753,-0.05690513247407851,0.5527405910873435,590.6654532483021
Nmcs,-0.19939189994153672,0.07489564468897192,-0.22968751167287027,0.5260171187783885,312.7340454545455
Nmcs,0.21673208993868198,0.19009052010011482,-0.13373026539344587,0.857105390407534,656.9188699690402
Nmcs,-0.025709646514345222,0.07143075361252874,-0.20707859268576,0.7918465081626704,430.2954734299517
Nmcs,0.08613048917937399,0.07914721948406611,-0.3648060202923121,0.3688607540726909,463.87811613730867
Nmcs,0.08122186999358948,0.040858257596459474,-0.2690249096986491,0.43789429785504186,508.8863527676027
Nmcs,0.20798353097552844,0.051827783563949216,-0.2622469743036184,0.6287858558534468,294.39407683878323
Nmcs,-0.14498330778098256,0.08121431290104202,-0.03489901806946143,1.106766456969825,287.1061868159015
Nmcs,0.08520999014642178,0.030995620204977696,-0.25901158276090575,0.4774658218787069,535.6018498563218
Nmcs,0.10474506170571599,0.14056140485118046,-0.31625107249960804,0.47182050276711435,444.220038961039
Nmcs,0.13650274604644005,0.1678730558803315,-0.29905818986959715,0.4913266417787831,602.2127642218754
Nmcs,0.012669175658060791,0.01069590241495768,-0.24302536208673045,0.5275068270512302,488.4792803030303
Nmcs,0.1511001448157423,0.04179940994111633,-0.35192816889659806,0.5229984113136934,341.14726878440706
Nmcs,0.04536620150291093,0.011472547721573688,-0.21405634189272787,0.5412522442521743,378.97106882591095
Nmcs,0.2912838615115351,0.304263116408115,-0.13187796189402426,1.8794801327687847,345.92678571428576
Nmcs,-0.019168060753133435,0.042904249861606875,-0.26355002541314265,0.554911670315893,527.4278529411765
Nmcs,0.11597503571401752,0.09587408205188004,-0.3426454487120509,0.4372503623546508,463.87811613730867
Nmcs,0.25399251833818953,0.12535812739159738,-0.027333397225163633,0.5710777478551153,764.2101123481781
Nmcs,0.0748030604019819,0.08106803889710533,-0.32545644644626104,0.5950666786724195,460.7594512488789
Nmcs,0.2132585592671036,0.07259336561860777,-0.27300813965642906,0.6214689959247042,429.9047146805897
Nmcs,-0.041792720854561385,0.035362944036800424,-0.058633694778224714,0.5485117682668944,565.8717307467308
Nmcs,-0.08578739070413566,0.03757897470988541,-0.2660830722432281,0.4892534153367615,541.3916421869166
Nmcs,-0.0625703733811808,0.09364453025238083,-0.04996353732753273,0.5294246814058052,659.6919094422043
Nmcs,0.05499437184202054,0.1099227372619018,-0.1427253936751687,0.7513106440352585,638.1718699690402
Nmcs,0.10474506170571599,0.14056140485118046,-0.31625107249960804,0.47182050276711435,444.220038961039
Nmcs,0.08110236578980204,0.039577233301479345,-0.32159303950335333,0.24555487955472588,323.5564306020067
Nmcs,-0.14451874999189365,0.05386230335819971,-0.2692684936676095,0.4649646282249568,613.5686847314176
Nmcs,-0.11883059648470493,0.0434725469021115,-0.2628173223786363,0.43533294791483584,589.9046711259755
Nmcs,-0.06418345047768229,0.09243377484164475,-0.15322425935584771,0.5536340069876307,750.7761220004794
Nmcs,-0.06925096520283121,0.08774481209360283,-0.08663529146144645,0.5565940566369179,705.0602806543255
Nmcs,-0.011333404924525843,0.03822184281122038,-0.31280901915683434,0.5887622045743222,502.7771865357644
Nmcs,0.04536620150291093,0.011472547721573688,-0.21405634189272787,0.5412522442521743,378.97106882591095
Nmcs,0.2374463454783835,0.1255197663119139,-0.008299664440036188,0.5957556658140325,738.9105172064777
Nmcs,0.18781810212610583,0.10565047104608273,-0.006531989191866278,0.6968343060747109,655.6736444476576
Nmcs,-0.019168060753133435,0.042904249861606875,-0.26355002541314265,0.554911670315893,527.4278529411765
Nmcs,0.22987704252694716,0.2715665743516883,-0.14481849566025976,1.821964371237811,340.8545454545455
Nmcs,0.13501872944600032,0.0656244541453405,-0.17769791305523766,0.42632623899111755,409.45121779388086
Nmcs,-0.03392731518302601,0.016117259510441465,-0.30886504642131807,0.5649107507901688,670.8107939045183
Nmcs,-0.03564515401284634,0.06256437739911974,-0.14889102976620575,0.5166491651981564,696.9874922310718
Nmcs,0.12053052324978066,0.07868442820270354,-0.14142172766263297,0.5236352572411905,639.2586525777359
Nmcs,0.13621958164187978,0.22306731823131065,0.00010443920992305455,1.0920198160837467,324.69174973577844
Nmcs,0.03723302223331386,0.09162865322333796,-0.1260217016292468,0.5840126743694992,602.1886543222977
Nmcs,0.07018731059437673,0.2139294951618567,-0.006093568547996822,1.113627875322794,310.6024924413488
Nmcs,-0.1638721676003087,0.035362944036800424,-0.2294964871556677,0.6918727434815246,372.9693346569397
Nmcs,0.3566042697735581,0.34709435730872334,0.012167156626907628,1.8785535744479454,451.8126190476191
Nmcs,-0.0625703733811808,0.09364453025238083,-0.04996353732753273,0.5294246814058052,659.6919094422043
Nmcs,0.2912838615115351,0.304263116408115,-0.13187796189402426,1.8794801327687847,345.92678571428576
Nmcs,0.04536620150291093,0.011472547721573688,-0.21405634189272787,0.5412522442521743,378.97106882591095
Nmcs,0.11201160544349437,0.051932060129780785,-0.2683392197559936,0.3694592222031891,507.0265313390313
Nmcs,-0.06418345047768229,0.09243377484164475,-0.15322425935584771,0.5536340069876307,750.7761220004794
Nmcs,0.06786944028110953,0.1791121849139005,0.0017337329329579515,1.347767056052504,314.5409378195
Nmcs,-0.0625703733811808,0.09364453025238083,-0.04996353732753273,0.5294246814058052,659.6919094422043
Nmcs,0.11219892109657542,0.03657923081743325,-0.37203518436408406,0.19925508788690866,295.9437587657784
Nmcs,0.13650274604644005,0.1678730558803315,-0.29905818986959715,0.4913266417787831,602.2127642218754
Nmcs,0.10474506170571599,0.14056140485118046,-0.31625107249960804,0.47182050276711435,444.220038961039
Nmcs,0.11219892109657542,0.03657923081743325,-0.37203518436408406,0.19925508788690866,295.9437587657784
Nmcs,0.11595566837129725,0.0418125213364271,-0.24833634642894817,0.5261335586660081,495.31594280984507
Nmcs,0.12053052324978066,0.07868442820270354,-0.14142172766263297,0.5236352572411905,639.2586525777359
Nmcs,0.10474506170571599,0.14056140485118046,-0.31625107249960804,0.47182050276711435,444.220038961039
Nmcs,0.1743962517893273,0.0626639420572614,-0.27737058356425737,0.6221938379960332,410.3765896805897
Nmcs,0.09653923800730231,0.17659889432525236,0.0008507352685774628,1.449275237567091,297.5979063036021
Nmcs,0.22987704252694716,0.2715665743516883,-0.14481849566025976,1.821964371237811,340.8545454545455
Nmcs,0.09753196816714305,0.02576540266925982,-0.3580637226352098,0.3624742559545483,366.0770248948106
Nmcs,-0.14498330778098256,0.08121431290104202,-0.03489901806946143,1.106766456969825,287.1061868159015
Nmcs,-0.11883059648470493,0.0434725469021115,-0.2628173223786363,0.43533294791483584,589.9046711259755
Nmcs,-0.011333404924525843,0.03822184281122038,-0.31280901915683434,0.5887622045743222,502.7771865357644
Nmcs,-0.0575145670376706,0.03493702855474959,-0.46088045805488437,0.6379336739898376,214.03944892473118
Nmcs,-0.03564515401284634,0.06256437739911974,-0.14889102976620575,0.5166491651981564,696.9874922310718
Nmcs,0.012669175658060791,0.01069590241495768,-0.24302536208673045,0.5275068270512302,488.4792803030303
Nmcs,-0.06418345047768229,0.09243377484164475,-0.15322425935584771,0.5536340069876307,750.7761220004794
Nmcs,0.18434276118407053,0.17750624385387342,-0.012059951319515084,0.6604556524872597,687.6482667004049
Nmcs,0.07146117558750423,0.0865061949678311,-0.34475786532732544,0.3639421472622215,466.5080601995196
Nmcs,-0.002252210143363614,0.05355070285401522,-0.26027008445185923,0.5675122387449961,537.2798799682035
Nmcs,0.004878269842338252,0.0726093451316428,-0.1646573101883768,0.5493379281404103,563.7655796586059
Nmcs,-0.019168060753133435,0.042904249861606875,-0.26355002541314265,0.554911670315893,527.4278529411765
Nmcs,-0.14451874999189365,0.05386230335819971,-0.2692684936676095,0.4649646282249568,613.5686847314176
Nmcs,0.1898323581980927,0.11407843497878527,-0.19609497443223795,0.8067992650531082,309.96730693459415
Nmcs,-0.011333404924525843,0.03822184281122038,-0.31280901915683434,0.5887622045743222,502.7771865357644
Nmcs,0.05499437184202054,0.1099227372619018,-0.1427253936751687,0.7513106440352585,638.1718699690402
Nmcs,-0.03564515401284634,0.06256437739911974,-0.14889102976620575,0.5166491651981564,696.9874922310718
Nmcs,0.11597503571401752,0.09587408205188004,-0.3426454487120509,0.4372503623546508,463.87811613730867
Nmcs,0.06589537800407573,0.07914721948406611,-0.33560182690015433,0.38905085005148843,474.6447789495196
Nmcs,0.0748030604019819,0.08106803889710533,-0.32545644644626104,0.5950666786724195,460.7594512488789
Nmcs,-0.06418345047768229,0.09243377484164475,-0.15322425935584771,0.5536340069876307,750.7761220004794
Nmcs,0.07274470880699434,0.06604975503073617,-0.2566060945004725,0.5878229410678385,507.59256394772694
Nmcs,0.25399251833818953,0.12535812739159738,-0.027333397225163633,0.5710777478551153,764.2101123481781
Nmcs,-0.03459612397486943,0.11174132876462665,-0.1669585152107738,0.6217202907891338,679.1779680477879
Nmcs,-0.026436020438920002,0.080826707277165,-0.2131334627904796,0.7376190769073331,362.3878961038961
Nmcs,-0.017794847093077215,0.026884583178371817,-0.3307157111796393,0.47287166339888914,742.1911528407413
Nmcs,0.13650274604644005,0.1678730558803315,-0.29905818986959715,0.4913266417787831,602.2127642218754
Nmcs,-0.03459612397486943,0.11174132876462665,-0.1669585152107738,0.6217202907891338,679.1779680477879
Nmcs,-0.1638721676003087,0.035362944036800424,-0.2294964871556677,0.6918727434815246,372.9693346569397
Nmcs,-0.017794847093077215,0.026884583178371817,-0.3307157111796393,0.47287166339888914,742.1911528407413
Nmcs,0.03723302223331386,0.09162865322333796,-0.1260217016292468,0.5840126743694992,602.1886543222977
Nmcs,0.012669175658060791,0.01069590241495768,-0.24302536208673045,0.5275068270512302,488.4792803030303
Nmcs,0.13650274604644005,0.1678730558803315,-0.29905818986959715,0.4913266417787831,602.2127642218754
Nmcs,0.10694624294450654,0.09162598997116539,-0.3535457016062513,0.4436670777333921,563.0645404292476
Nmcs,0.15760537224166998,0.050219998713956514,-0.28850519881828623,0.5530038189034369,394.7540896805897
Nmcs,0.13501872944600032,0.0656244541453405,-0.17769791305523766,0.42632623899111755,409.45121779388086
Nmcs,0.15760537224166998,0.050219998713956514,-0.28850519881828623,0.5530038189034369,394.7540896805897
Nmcs,0.14704039579171757,0.04987787324256408,-0.3505862073755644,0.5425102735965482,324.0269168356998
Nmcs,-0.16508766629289617,0.05386230335819971,-0.21933350196521922,0.41732443468368374,526.3330709206759
Nmcs,0.20798353097552844,0.051827783563949216,-0.2622469743036184,0.6287858558534468,294.39407683878323
Nmcs,0.14635100933043854,0.05353349414766988,-0.23091326708285692,0.7274757339226468,298.04689943002063
Nmcs,-0.011817965960565117,0.016043507911817963,-0.2478757000176886,0.47683257464433326,600.6772348484849
Nmcs,-0.06925096520283121,0.08774481209360283,-0.08663529146144645,0.5565940566369179,705.0602806543255
Nmcs,-0.14498330778098256,0.08121431290104202,-0.03489901806946143,1.106766456969825,287.1061868159015
Nmcs,0.09274030004491068,0.057009038232803136,-0.27980884507012965,0.48088237868732886,323.5564306020067
Nmcs,0.10474506170571599,0.14056140485118046,-0.31625107249960804,0.47182050276711435,444.220038961039
Nmcs,-0.08578739070413566,0.03757897470988541,-0.2660830722432281,0.4892534153367615,541.3916421869166
Nmcs,-0.03564515401284634,0.06256437739911974,-0.14889102976620575,0.5166491651981564,696.9874922310718
Nmcs,0.08214226055534078,0.07590214914463132,-0.32882502713650574,0.4168866072784572,461.37694136745597
Nmcs,-0.0625703733811808,0.09364453025238083,-0.04996353732753273,0.5294246814058052,659.6919094422043
Nmcs,0.1511001448157423,0.04179940994111633,-0.35192816889659806,0.5229984113136934,341.14726878440706
Nmcs,-0.017794847093077215,0.026884583178371817,-0.3307157111796393,0.47287166339888914,742.1911528407413
Nmcs,-0.04610702031224734,0.02442005059103584,-0.24660916671225475,0.4538397002580044,593.3130934343435
Nmcs,0.10941803145760466,0.051932060129780785,-0.22596386449546824,0.38780347230619094,408.8851851851852
Nmcs,0.012669175658060791,0.01069590241495768,-0.24302536208673045,0.5275068270512302,488.4792803030303
Nmcs,-0.14498330778098256,0.08121431290104202,-0.03489901806946143,1.106766456969825,287.1061868159015
Nmcs,-0.017794847093077215,0.026884583178371817,-0.3307157111796393,0.47287166339888914,742.1911528407413
Nmcs,-0.017794847093077215,0.026884583178371817,-0.3307157111796393,0.47287166339888914,742.1911528407413
Nmcs,-0.011817965960565117,0.016043507911817963,-0.2478757000176886,0.47683257464433326,600.6772348484849
Nmcs,-0.14451874999189365,0.05386230335819971,-0.2692684936676095,0.4649646282249568,613.5686847314176
Nmcs,0.13650274604644005,0.1678730558803315,-0.29905818986959715,0.4913266417787831,602.2127642218754
Nmcs,-0.011817965960565117,0.016043507911817963,-0.2478757000176886,0.47683257464433326,600.6772348484849
Nmcs,0.18915145843909648,0.05754783463385836,-0.333035623693255,0.6391530641166245,333.6455357063438
Nmcs,0.05499437184202054,0.1099227372619018,-0.1427253936751687,0.7513106440352585,638.1718699690402
Nmcs,-0.08578739070413566,0.03757897470988541,-0.2660830722432281,0.4892534153367615,541.3916421869166
Nmcs,-0.011817965960565117,0.016043507911817963,-0.2478757000176886,0.47683257464433326,600.6772348484849
Nmcs,-0.03366423198584363,0.021951010961561806,-0.24785921661005816,0.5348658611362567,558.432445032445
Nmcs,0.14635100933043854,0.05353349414766988,-0.23091326708285692,0.7274757339226468,298.04689943002063
Nmcs,-0.002252210143363614,0.05355070285401522,-0.26027008445185923,0.5675122387449961,537.2798799682035
Nmcs,0.25399251833818953,0.12535812739159738,-0.027333397225163633,0.5710777478551153,764.2101123481781
Nmcs,-0.013684634572682089,0.09523264800940714,-0.20416420597478127,0.5968173772266209,600.9058626774739
Nmcs,0.14635100933043854,0.05353349414766988,-0.23091326708285692,0.7274757339226468,298.04689943002063
Nmcs,0.09753196816714305,0.02576540266925982,-0.3580637226352098,0.3624742559545483,366.0770248948106
Nmcs,0.08122186999358948,0.040858257596459474,-0.2690249096986491,0.43789429785504186,508.8863527676027
Nmcs,-0.04789264544403773,0.03493702855474959,-0.48161103144581296,0.598052409157031,215.48597670250894
Nmcs,-0.06925096520283121,0.08774481209360283,-0.08663529146144645,0.5565940566369179,705.0602806543255
Nmcs,-0.019168060753133435,0.042904249861606875,-0.26355002541314265,0.554911670315893,527.4278529411765
Nmcs,-0.06418345047768229,0.09243377484164475,-0.15322425935584771,0.5536340069876307,750.7761220004794
Nmcs,0.11597503571401752,0.09587408205188004,-0.3426454487120509,0.4372503623546508,463.87811613730867
Nmcs,0.012669175658060791,0.01069590241495768,-0.24302536208673045,0.5275068270512302,488.4792803030303
Nmcs,0.08122186999358948,0.040858257596459474,-0.2690249096986491,0.43789429785504186,508.8863527676027
Nmcs,0.09518935180208785,0.037586349869747765,-0.2908321098581716,0.43739560844663994,519.3273105130902
Nmcs,0.08081982146831264,0.10917600232583868,-0.12201294283911614,1.032595376590813,494.0979964349376
Nmcs,0.25399251833818953,0.12535812739159738,-0.027333397225163633,0.5710777478551153,764.2101123481781
Nmcs,0.03148198548720434,0.023054416823190323,-0.34993712188106973,0.4596873569281867,629.4930198690977
Nmcs,0.1743962517893273,0.0626639420572614,-0.27737058356425737,0.6221938379960332,410.3765896805897
Nmcs,0.08167122912321947,0.06418752716549234,-0.3373434553378513,0.6086382324270507,460.7594512488789
Nmcs,-0.013684634572682089,0.09523264800940714,-0.20416420597478127,0.5968173772266209,600.9058626774739
Nmcs,-0.017794847093077215,0.026884583178371817,-0.3307157111796393,0.47287166339888914,742.1911528407413
Nmcs,0.18434276118407053,0.17750624385387342,-0.012059951319515084,0.6604556524872597,687.6482667004049
Nmcs,0.10941803145760466,0.051932060129780785,-0.22596386449546824,0.38780347230619094,408.8851851851852
Nmcs,0.08520999014642178,0.030995620204977696,-0.25901158276090575,0.4774658218787069,535.6018498563218
Nmcs,0.11597503571401752,0.09587408205188004,-0.3426454487120509,0.4372503623546508,463.87811613730867
Nmcs,-0.027915300932305407,0.019072445094175557,-0.25856306246400756,0.42166352705806454,540.7120833333333
Nmcs,0.11219892109657542,0.03657923081743325,-0.37203518436408406,0.19925508788690866,295.9437587657784
Nmcs,-0.0671585068393206,0.029213904501564546,-0.20020138951450486,0.5003412400942261,489.3158386752137
Nmcs,0.10482430650758974,0.14056140485118046,-0.23417983626956893,0.6006352278728103,411.48718181818185
Nmcs,-0.08578739070413566,0.03757897470988541,-0.2660830722432281,0.4892534153367615,541.3916421869166
Nmcs,0.13650274604644005,0.1678730558803315,-0.29905818986959715,0.4913266417787831,602.2127642218754
Nmcs,0.10694624294450654,0.09162598997116539,-0.3535457016062513,0.4436670777333921,563.0645404292476
Nmcs,-0.0575145670376706,0.03493702855474959,-0.46088045805488437,0.6379336739898376,214.03944892473118
Nmcs,-0.017794847093077215,0.026884583178371817,-0.3307157111796393,0.47287166339888914,742.1911528407413
Nmcs,0.14704039579171757,0.04987787324256408,-0.3505862073755644,0.5425102735965482,324.0269168356998
Nmcs,-0.08578739070413566,0.03757897470988541,-0.2660830722432281,0.4892534153367615,541.3916421869166
Nmcs,-0.019168060753133435,0.042904249861606875,-0.26355002541314265,0.554911670315893,527.4278529411765
Nmcs,0.25399251833818953,0.12535812739159738,-0.027333397225163633,0.5710777478551153,764.2101123481781
Nmcs,0.14572362821206483,0.1143865527685902,-0.1640479351402448,0.8452607772708862,237.18990372105122
Nmcs,0.08081982146831264,0.10917600232583868,-0.12201294283911614,1.032595376590813,494.0979964349376
Nmcs,0.10645702335453118,0.05640161187191783,-0.23876074723789478,0.7751124775724992,322.84451847763967
Nmcs,-0.011333404924525843,0.03822184281122038,-0.31280901915683434,0.5887622045743222,502.7771865357644
Nmcs,0.07146117558750423,0.0865061949678311,-0.34475786532732544,0.3639421472622215,466.5080601995196
Nmcs,0.18781810212610583,0.10565047104608273,-0.006531989191866278,0.6968343060747109,655.6736444476576
Nmcs,-0.027915300932305407,0.019072445094175557,-0.25856306246400756,0.42166352705806454,540.7120833333333
Nmcs,0.11219892109657542,0.03657923081743325,-0.37203518436408406,0.19925508788690866,295.9437587657784
Nmcs,0.07146117558750423,0.0865061949678311,-0.34475786532732544,0.3639421472622215,466.5080601995196
Nmcs,0.06166517459875265,0.07867029247963406,-0.33452039509487275,0.39307817901927894,446.74242555717933
Nmcs,0.2842914187745192,0.16380729414065834,-0.05254186971315865,0.6457021860253602,712.8717288011696
Nmcs,-0.08790871918267235,0.033231317971029,-0.4494562727810121,0.5101914465777239,339.16410170250896
Nmcs,-0.06418345047768229,0.09243377484164475,-0.15322425935584771,0.5536340069876307,750.7761220004794
Nmcs,0.1768487392987259,0.13811715395346602,-0.1526508806911611,0.7845884606079084,208.73834175084176
Nmcs,0.1511001448157423,0.04179940994111633,-0.35192816889659806,0.5229984113136934,341.14726878440706
Nmcs,0.14572362821206483,0.1143865527685902,-0.1640479351402448,0.8452607772708862,237.18990372105122
Nmcs,0.04536620150291093,0.011472547721573688,-0.21405634189272787,0.5412522442521743,378.97106882591095
Nmcs,0.11201160544349437,0.051932060129780785,-0.2683392197559936,0.3694592222031891,507.0265313390313
Nmcs,0.11361454843494742,0.13071208372056126,-0.13894842391956058,0.9135681229715601,475.5140310672515
Nmcs,-0.13157883481354332,0.07021610575630978,0.01625687702754695,0.9962338978758745,227.28662738227956
Nmcs,-0.08578739070413566,0.03757897470988541,-0.2660830722432281,0.4892534153367615,541.3916421869166
Nmcs,0.08081982146831264,0.10917600232583868,-0.12201294283911614,1.032595376590813,494.0979964349376
Nmcs,0.03723302223331386,0.09162865322333796,-0.1260217016292468,0.5840126743694992,602.1886543222977
Nmcs,0.08613048917937399,0.07914721948406611,-0.3648060202923121,0.3688607540726909,463.87811613730867
Nmcs,-0.014383414250500319,0.027997617720931643,-0.25203361087742476,0.5838177020893113,647.724210571185
Nmcs,0.08520999014642178,0.030995620204977696,-0.25901158276090575,0.4774658218787069,535.6018498563218
Nmcs,0.18695618728740657,0.0600818166432313,-0.25018300991211906,0.6671132657722167,444.29180176767676
Nmcs,0.16232086837909881,0.050219998713956514,-0.27475441931471745,0.5784863194721782,395.94161079545455
Nmcs,0.08214226055534078,0.07590214914463132,-0.32882502713650574,0.4168866072784572,461.37694136745597
Nmcs,0.28191991399125005,0.13405344086931023,-0.02806469120025689,0.564725758228721,767.4503345704004
Nmcs,0.14635100933043854,0.05353349414766988,-0.23091326708285692,0.7274757339226468,298.04689943002063
Nmcs,0.25399251833818953,0.12535812739159738,-0.027333397225163633,0.5710777478551153,764.2101123481781
Nmcs,-0.026436020438920002,0.080826707277165,-0.2131334627904796,0.7376190769073331,362.3878961038961
Nmcs,0.1511001448157423,0.04179940994111633,-0.35192816889659806,0.5229984113136934,341.14726878440706
Nmcs,-0.08578739070413566,0.03757897470988541,-0.2660830722432281,0.4892534153367615,541.3916421869166
Nmcs,0.023186397072137918,0.17678716576729403,-0.004962796265281073,1.5506123930379283,263.9024895436379
Nmcs,-0.011943695607682322,0.042904249861606875,-0.3113505747133998,0.616793534818188,599.4272007672635
Nmcs,-0.041792720854561385,0.035362944036800424,-0.058633694778224714,0.5485117682668944,565.8717307467308
Nmcs,0.14704039579171757,0.04987787324256408,-0.3505862073755644,0.5425102735965482,324.0269168356998
Nmcs,-0.06418345047768229,0.09243377484164475,-0.15322425935584771,0.5536340069876307,750.7761220004794
Nmcs,-0.06418345047768229,0.09243377484164475,-0.15322425935584771,0.5536340069876307,750.7761220004794
Nmcs,0.08613048917937399,0.07914721948406611,-0.3648060202923121,0.3688607540726909,463.87811613730867
Nmcs,-0.03564515401284634,0.06256437739911974,-0.14889102976620575,0.5166491651981564,696.9874922310718
Nmcs,-0.0625703733811808,0.09364453025238083,-0.04996353732753273,0.5294246814058052,659.6919094422043
Nmcs,-0.04789264544403773,0.03493702855474959,-0.48161103144581296,0.598052409157031,215.48597670250894
Nmcs,-0.04789264544403773,0.03493702855474959,-0.48161103144581296,0.598052409157031,215.48597670250894
Nmcs,0.10474506170571599,0.14056140485118046,-0.31625107249960804,0.47182050276711435,444.220038961039
Nmcs,0.09653923800730231,0.17659889432525236,0.0008507352685774628,1.449275237567091,297.5979063036021
Nmcs,0.18781810212610583,0.10565047104608273,-0.006531989191866278,0.6968343060747109,655.6736444476576
Nmcs,-0.19939189994153672,0.07489564468897192,-0.22968751167287027,0.5260171187783885,312.7340454545455
Nmcs,-0.06418345047768229,0.09243377484164475,-0.15322425935584771,0.5536340069876307,750.7761220004794
Nmcs,0.14704039579171757,0.04987787324256408,-0.3505862073755644,0.5425102735965482,324.0269168356998
Nmcs,0.0748030604019819,0.08106803889710533,-0.32545644644626104,0.5950666786724195,460.7594512488789
Nmcs,-0.011333404924525843,0.03822184281122038,-0.31280901915683434,0.5887622045743222,502.7771865357644
Nmcs,-0.0776282813322304,0.06326071540945681,0.013287518816367607,0.9500114499685707,284.476136310851
Nmcs,0.08110236578980204,0.039577233301479345,-0.32159303950335333,0.24555487955472588,323.5564306020067
Nmcs,0.09274030004491068,0.057009038232803136,-0.27980884507012965,0.48088237868732886,323.5564306020067
Nmcs,-0.04789264544403773,0.03493702855474959,-0.48161103144581296,0.598052409157031,215.48597670250894
Nmcs,-0.017794847093077215,0.026884583178371817,-0.3307157111796393,0.47287166339888914,742.1911528407413
Wave,0.41838473854759406,0.09281359557455576,-0.2196269433800459,0.6489114222067022,592.148973638302
Wave,-0.3186295139102101,0.23433615276988085,-0.26030158821793703,0.9654410234647459,401.1138394624243
Wave,-0.1112282379983553,0.09503269923091681,-0.10381196774964045,0.4609479897519214,483.09325442896454
Wave,0.1828379237614305,0.04477405775226487,-0.31575449905072545,0.36775014172424847,572.8535749561017
Wave,-0.17812491633096308,0.09285969032369547,-0.28348790089933423,0.49204634026192406,484.68846759103525
Wave,0.10613295868761123,0.03451562011483683,-0.34870704254942375,0.6156647003879385,548.5976746361746
Wave,0.15885671346115005,0.09204555462111261,-0.25831639856151156,0.7752900020305109,505.8651140583554
Wave,0.14093129335869353,0.05336611899190478,-0.27830585668033675,0.2220893705727928,464.41899873700345
Wave,0.17139729147173946,0.03202302094691367,-0.24444855942107832,0.39065481662829066,392.19392230576443
Wave,-0.24454129187131082,0.22457144111212693,-0.16202064465105712,0.7030099505059069,335.0522494172494
Wave,0.19184008670587444,0.08764360851104717,-0.21740575001367365,0.30367621009051265,351.7234940984941
Wave,-0.09045540196496338,0.05237518431817708,-0.2394590359373236,0.49373503800133656,517.2548475980541
Wave,0.09812501208643346,0.11354926725866149,-0.3101838226905328,0.6385130818375722,408.53572100313477
Wave,0.17456135594931468,0.13577021419282426,-0.3112288320118369,0.5671404075299663,579.1359940476191
Wave,0.153175551299095,0.04261907701359604,-0.22698195222396325,0.4159984870492832,494.7461782607064
Wave,0.1045966480887372,0.0625703185001199,-0.282277509617373,0.6349358005489684,451.26594312436805
Wave,0.28740243652912545,0.07227500455121633,-0.3579325140009685,0.3926721777012524,493.3352060845675
Wave,0.18601556105952266,0.06245559379114994,-0.27917744542733564,0.3761084939224179,420.9243191081243
Wave,0.0657177596865606,0.145486782445921,-0.24745607414497717,0.8171142911706714,579.7581414104764
Wave,0.10063510168011361,0.15125804990376324,-0.16085226811712644,0.42884965915451645,771.4123273026316
Wave,0.3703569345823247,0.06844606738934529,-0.2731091497231016,0.3975905453765778,548.8669568134568
Wave,0.179628391831025,0.08244391594253733,-0.23984611111940188,0.8589246508653547,458.61460278132995
Wave,0.3425694998021899,0.09869774395140224,-0.3182475417207507,0.5835604062746922,391.72506029822114
Wave,0.1164684050110771,0.10357026623379605,-0.11449632940445398,0.6613054224411968,563.8530690640629
Wave,0.21598211721178928,0.060848628403364136,-0.2834632182908348,0.1821860485364886,533.4577138009049
Wave,0.18736210349357157,0.10171029188962123,-0.24441742611384132,0.48094741521389006,619.1583974358974
Wave,-0.2751862892343664,0.22580001982586367,-0.20832955716027585,0.6205388953498681,513.1810181138306
Wave,-0.0714570991038684,0.05197344297123066,-0.2988013145694095,0.4373332039396668,429.5013658987165
Wave,-0.07960665496969634,0.08359997225096102,-0.2085408584322739,0.5413001137707716,300.47484979838714
Wave,0.40108814070871357,0.1401076276540941,-0.4097411556793699,0.43521998853086014,533.9289807692307
Wave,0.45854951148935663,0.06488120192365684,-0.2009679358271734,0.4324332706601581,454.69385027740293
Wave,0.09657618223130837,0.022591010945172588,-0.2447393488125545,0.5281601528183766,435.1734166666666
Wave,0.2904717335600094,0.09183003606069051,-0.37269083577576195,0.4427078986831677,422.5547295982643
Wave,0.17069974865472115,0.04673482594789181,-0.26650954649675707,0.914123728953031,609.1160516717325
Wave,0.10411464803017176,0.037518129641021025,-0.22676182255571295,0.5734492388892597,498.0771377753978
Wave,0.08025509845809749,0.02176376384727879,-0.20054137943773176,0.5847922024710124,449.8050198499417
Wave,0.14414214852660512,0.17205087907680203,-0.3471151394351627,0.6017898910755881,343.5398703741286
Wave,0.11978892921816693,0.03274804013449323,-0.23802191632314063,0.6799141632464767,387.1197357961577
Wave,0.2556799883311119,0.09424560578116241,-0.23892574215860302,0.8516468144274291,467.73896008038673
Wave,0.17708332461156817,0.030205658637499144,-0.28550580581146634,0.5852751841667778,511.6733595352016
Wave,0.1503325120011133,0.1389593562366362,-0.28886151607792443,0.5061960760366455,548.4416470588235
Wave,0.19193674718816764,0.06721011351574616,-0.15672069363621272,0.32953049213957736,521.8425539215687
Wave,-0.1461886859773088,0.1477314942962485,-0.26340493931456743,0.5407111240610636,567.4769054625679
Wave,-0.0938069086772521,0.04849503076837303,-0.15680723729824705,0.5831178618777193,611.1063830581184
Wave,0.14994187623577354,0.1349200221531365,-0.24205887203861792,0.42103356125689667,746.5483259216987
Wave,0.21709189929607453,0.10871976674213155,-0.2430921303191855,0.9659723319050427,333.7564554814555
Wave,0.2145371707773965,0.13119146911161414,-0.3752550079304632,0.551541138348779,613.3194603504603
Wave,0.20070680905718677,0.10160089368499635,-0.21952915371109857,0.7689928054900647,439.87598346438483
Wave,0.09044980985221199,0.06753933245737948,-0.24985162731067923,0.4655665540746769,468.7157233626588
Wave,0.10036589926313261,0.12925241666447065,-0.2632399046772619,0.44347115340846455,659.3149278726866
Wave,-0.1347903386331336,0.16260637227640523,-0.19943479213017337,0.407498588304554,399.54686813186817
Wave,-0.22167483023330942,0.30670224566703597,-0.18469968351184735,0.9958005920457639,589.960948428218
Wave,0.20749389802698215,0.03498127951392368,-0.2814437206314169,0.5983091699456667,616.0248521505375
Wave,0.18926767664690597,0.2122143607627564,-0.1641246281119533,0.6557607350928105,190.77698939352166
Wave,0.3287885093949977,0.08363520912585898,-0.2148745020189412,0.7893730987320485,451.7889154411764
Wave,-0.2539031475313257,0.11900975367452615,-0.24226972103488081,0.8103632309851818,468.2039638869902
Wave,0.08091489979570023,0.015814877956085105,-0.12439509028083179,0.47638266094940296,624.2896373974862
Wave,0.06027318212435263,0.007894775726126105,-0.27979701152553554,0.511610176345091,464.26753669680824
Wave,-0.09046704816583034,0.04955848784741395,-0.26803566126152606,0.42286501169033647,344.46152099680324
Wave,0.19695336274417583,0.04592786053961951,-0.29492396673005505,0.2568207895395157,617.6189253393666
Wave,0.34353373298935985,0.3919334854818568,-0.05241366402176226,0.664196749883203,348.4290045363322
Wave,0.2827704286328382,0.04564145849829811,-0.18433489148776716,0.9163506835107098,432.5251456272833
Wave,-0.046971325620068574,0.062237411978555326,-0.21811410734259556,0.6957859326541387,445.03775325646893
Wave,0.42178192693410854,0.07612217474719152,-0.17745441115622873,0.714178495888413,316.8692167439672
Wave,0.06987892523099719,0.12483715429354272,-0.2652873556132918,0.5198000304868138,763.3163173374612
Wave,0.2544916730935659,0.010897080386758518,-0.23247854460745584,0.41582022503604327,436.21243915518517
Wave,0.1523780232170823,0.05369492820243459,-0.38959400263547356,0.25308611042582496,368.58925842927204
Wave,-0.19632079560613547,0.036680639265540556,-0.18867503346727366,0.6465635972427591,446.4996960147695
Wave,0.1197354060020615,0.11444903676186849,-0.10533293828466386,0.4233642254090776,566.0428895768833
Wave,0.27060164918988616,0.06648939650475294,-0.25733367278091523,0.5648384322470331,642.0541176470588
Wave,-0.1634503477552747,0.08966604123774545,-0.22978943094538126,0.5074603217801521,473.93972527472533
Wave,0.20563803361625774,0.10934481154046574,-0.29756686226086576,0.6249027887045334,348.66507659631725
Wave,0.15764196841082656,0.09579992072215315,-0.25949459382470497,0.6943364335228078,511.0526619510757
Wave,-0.2318261322912184,0.05241185525193713,-0.2264851958221322,0.4472593760324988,409.4212398785425
Wave,0.07146776915932762,0.04338691310148754,-0.2539402854468152,0.7647224090161627,478.0868235930736
Wave,0.07219977373675601,0.030233930083638172,-0.2764881800592973,0.5855899489324066,651.6965377463982
Wave,-0.18968214387664423,0.18998562893762785,-0.11799331829724324,0.6538004692352135,489.69237688399244
Wave,0.22870405885529632,0.050499640192070726,-0.2064426253454012,0.6054536894124125,431.1491344605475
Wave,-0.08501088105618382,0.08929318593359312,-0.3137259893243533,0.4818616846925256,416.3271432552954
Wave,0.11908707494057996,0.09561554172559435,-0.14320896731344465,0.35123442510527286,508.6495361930479
Wave,0.42868264134810224,0.23906158158613108,-0.25211313621797776,0.6464405461426342,410.07700521045626
Wave,0.15980264368460526,0.062189473439450194,-0.35374916597974243,0.370492154768177,694.5759037853608
Wave,0.19045586794626068,0.04575761726613018,-0.265843253899079,0.3859416950868885,601.0074737881264
Wave,0.1463287857474351,0.07383198274437944,-0.21412744990672086,0.7566785947469702,378.050974025974
Wave,0.32036225878269387,0.0801006637618268,-0.17076713882552186,0.5764653801345198,559.6735588942307
Wave,0.10949605443930846,0.05844698954041004,-0.203897055329491,0.6246890201780937,612.2366060480872
Wave,0.12353234011787032,0.030634851968377723,-0.42179989615069596,0.2733219379455394,324.1061952712521
Wave,-0.15286851417380026,0.08308330132949296,-0.24373562150793146,0.4531820344136238,498.5565456282847
Wave,0.33610636306608604,0.11439679604617684,-0.21686300645846143,0.5813884224892293,596.7485310277957
Wave,-0.1023109520508982,0.03951700282927012,-0.22909386212891789,0.5374002604938465,443.87667134655624
Wave,-0.3064793040395376,0.14753093092110292,-0.16372777030946375,0.6922919367917799,485.2688594557616
Wave,0.20793340039938113,0.12031679589457636,-0.23664517956599568,0.6040150845020519,523.23256918239
Wave,-0.14744657061532296,0.0852061181765398,-0.31440531580597386,0.5135154187752546,600.2201251495216
Wave,0.4663162066046559,0.2012677797370608,-0.23072585312559815,0.6387709407038243,569.7775492364805
Wave,0.053853066553044227,0.032356746930685173,-0.20062908712946528,0.5556578546481465,432.89945767247116
Wave,0.4408196279624122,0.3193049598129333,-0.355921351758541,1.5502781134447443,504.4364711646137
Wave,0.445142609341279,0.24571540984083456,-0.19803538661992845,1.5589086071709795,627.5794404069768
Wave,-0.17413186795002916,0.13824335113333283,-0.05054470446841502,0.597127371143103,467.0970952696729
Wave,0.21675414909259347,0.06543679729995402,-0.3460138521064738,0.7711132932461063,522.463435483871
Wave,-0.030338968332840034,0.014448424726032638,-0.23415498140857913,0.7790545712708873,431.3793293980794
Wave,0.2507702859278117,0.12024509295147004,-0.3051915074165315,0.5595479795691037,646.3049622122121
Wave,0.16787720147998958,0.05082168883939335,-0.3343590275677971,0.6229131246545182,459.37499924924924
Wave,0.055404249932930597,0.10590757731350636,-0.29495982300832324,0.6888664881651122,418.69614656381486
Wave,0.31098687308934003,0.07764575985542228,-0.2667226079301787,0.487667661307757,525.1102550327431
Wave,0.38718744460552057,0.14806522028001987,-0.2534551121335193,0.7990787599487436,519.3134482758621
Wave,0.13251648168490676,0.02601124133133829,-0.27946642157161766,0.40836147304759673,570.0979508692354
Wave,0.4618310266452029,0.3345432692818625,-0.3753475935476241,1.5574124522734898,511.3432606382979
Wave,-0.08398295727337174,0.1646560521214838,-0.07664362962768337,0.38345025584001025,456.90362790697674
Wave,0.03553677664458307,0.025209807292962738,-0.26414045587592855,0.5746705111395232,493.34325524475526
Wave,0.12837049536888398,0.05755234167599638,-0.3132884169780778,0.4066011496101203,638.431074317839
Wave,0.17981510478639523,0.07913390322320352,-0.22563683174471874,0.31321978963730357,450.9099183904331
Wave,-0.18233993346626554,0.09599843544178135,-0.2135878918215267,0.7083231037782994,403.58615071522684
Wave,-0.22122395656172325,0.0628009971113701,-0.11927567422558062,0.5388334766040104,481.53594696969697
Wave,0.338133277490305,0.19713051991983313,-0.22286004862027717,0.30454313704063796,789.7197470362414
Wave,0.19262577029503758,0.038847502206210006,-0.2857250817661844,0.25647244048031653,327.3915837359098
Wave,0.19390909878399218,0.11434557965824385,-0.22713021245061374,0.5558159107837364,478.18529565672424
Wave,0.4011868843300107,0.04415085674389606,-0.2226886170055754,0.6958160472628112,341.6263851019131
Wave,0.22185258870964764,0.022320588416886358,-0.29715419981268126,0.32383391041712284,573.849163718285
Wave,0.17657180214757093,0.14688580929869882,-0.3269708050633589,0.6004893354795733,538.8398166486918
Wave,0.17724791202945372,0.03807454447952511,-0.3572478662637769,0.27430284764178064,483.22118289938925
Wave,0.1727785401385231,0.07021733494962007,-0.3243087357666715,0.45951096329818025,452.3261907894737
Wave,0.2541735362444592,0.12147633491737944,-0.4681466455044527,0.45407014903402937,639.5628898117386
Wave,0.41157257247814316,0.1169826090401381,-0.24935094129411586,0.4048145869178332,824.357338362799
Wave,0.11128316175465414,0.06604524798859804,-0.3638918103191513,0.3703722732535646,478.5126319475853
Wave,0.43475963911051896,0.26441430820962075,-0.183348537740184,1.51251817627255,556.2822328042328
Wave,0.349978653903558,0.023157054464608084,-0.2054768203764307,0.6898942486716125,411.17240087145973
Wave,0.29041570882416884,0.08212207216076643,-0.24359889567033383,0.5146926508198046,496.1465479302832
Wave,0.36984268817624366,0.03183966627811354,-0.1872199971068839,0.7286165218741399,407.29241090680847
Wave,0.08189207456520442,0.14825328685650987,-0.24878333142484751,0.5744702645051403,504.2196825454217
Wave,0.20582826731543477,0.0430025853264383,-0.25055744780048417,0.45037472219849606,483.38449675324676
Wave,0.21120753738308884,0.020509167208472043,-0.17914066671095757,0.6131182909993484,581.7733500685736
Wave,0.4326007495269865,0.16739961159027872,-0.21589770604316044,0.22474133616755568,524.5877962184874
Wave,0.017767205179310817,0.08290076612289976,-0.2361663830402863,0.6423187895065569,709.9462060927578
Wave,0.3022737774452096,0.13215187881813373,-0.22383336130626016,0.8394038714304877,507.7912121356904
Wave,0.3192401495614598,0.0740683975910782,-0.23427289019637756,0.5590495706237574,494.3178483318416
Wave,0.21799092206980017,0.011276081657462706,-0.20922638703377042,0.781019424166989,508.30174067867614
Wave,0.23667441845714846,0.02498937195929903,-0.25192105431927314,0.6251484342945787,515.6450356095517
Wave,-0.04212945571898322,0.016610985490115585,-0.182525436216258,0.6166213313507513,248.9523375537506
Wave,-0.020829403016709838,0.4375527416759858,-0.12247507123333004,0.6302738035911396,680.2928483750292
Wave,0.2578547828369607,0.1254124167628062,-0.35734160326855563,0.44344512759874105,966.1880817203262
Wave,-0.1528047928190383,0.09781641234785114,-0.34801301455830974,0.46121388605937114,522.2200598086124
Wave,-0.24892307649061057,0.15686112274363312,-0.13530756490576856,0.4609144789582177,449.31905974460324
Wave,0.15792325479874336,0.01777912886609147,-0.17726543709598,0.8590149123077027,471.7030462175666
Wave,0.207981783219845,0.0519216119866425,-0.2555465025909513,0.6792529956271444,202.14828296703297
Wave,0.25953890642601324,0.07378056149089474,-0.2369784546593146,0.299871461571473,399.63673984468346
Wave,-0.24273602789380475,0.11622071405324678,-0.2767804687344457,0.6238965272679254,367.95373495989304
Wave,0.20128464541855387,0.09768734705026001,-0.2337637194575229,0.6983657172728049,557.4046720520859
Wave,0.10582420255492492,0.04783905127172726,-0.2948202203588071,0.823173793043618,438.2044487179487
Wave,-0.11867412942875546,0.02976458310462011,-0.4350978113154733,0.33433882200825665,346.70420209861135
Wave,0.07544511861741388,0.06278747598495582,-0.28517361079520964,0.5200331951366014,473.58814771545633
Wave,-0.07288251575679751,0.055757719442824163,-0.2521374315077266,0.38781798169331844,386.7320078352336
Wave,-0.03606784236993589,0.060127911392371065,-0.25638722083581783,0.29972008410525697,427.0186892111157
Wave,-0.21936752283655858,0.10477979245122168,-0.2945959681352614,0.7310414832837121,469.11806235431237
Wave,0.211978515678151,0.1418907774163694,-0.23031363011725717,0.5096585298855767,819.8413848159296
Wave,0.23277340645748773,0.14139500278117795,-0.1712363504905051,0.5343671491582925,399.2607973313144
Wave,0.0904645008133754,0.053055337949927284,-0.24610451907534692,0.583469968393448,430.7314636752136
Wave,0.12162802629858839,0.03419930770296272,-0.4150020749186998,0.3012089797715431,365.1066024959185
Wave,0.11465794839003099,0.00881892422998913,-0.18076204034689344,0.5174837089057494,436.9942918346774
Wave,-0.23907122721755208,0.1801326202270776,-0.2619086319796914,0.6721901968921856,479.26186442240476
Wave,-0.15721147738622143,0.2182597383288159,-0.14826349510151682,0.6856149368819443,455.5525959961196
Wave,0.13555142938336093,0.012318642450226841,-0.2296188237670698,0.3590745704472614,618.6121684137435
Wave,-0.09706014476136596,0.07417595200573746,-0.3354310779990965,0.3488626734963938,616.2619993412384
Wave,0.12768175495868705,0.07000099692699108,-0.2841538484938644,0.7847017764830352,642.2209589314194
Wave,0.09794827560208466,0.023833520516427186,-0.210244353109709,0.8019428631407208,595.3624193948413
Wave,0.06374140019100834,0.05283715613733288,-0.15164744371012842,0.45085720712224003,402.5834396155706
Wave,0.34441807450901996,0.10570803826611946,-0.24028899349286276,0.504156073707887,599.7062151442308
Wave,-0.1564227918235653,0.13207607856399284,-0.21646241326887194,0.5127687790733493,584.1690725840102
Wave,0.11754417760850853,0.0411469131588498,-0.20723827050666555,0.6105611069766009,340.17401868744685
Wave,0.39853852473061774,0.15342061066784618,-0.26122521210708666,0.5320101057599675,556.670304945055
Wave,0.20166022078678658,0.10330967725199283,-0.35810409536252863,0.43407647906641345,859.5435889014759
Wave,0.15310443443164784,0.10350266060172447,-0.14035168752355687,0.41520115814430525,529.0175602133004
Wave,0.04716150235176209,0.08660125258383479,-0.17342881253564216,0.5151513912760254,389.91902939439944
Wave,-0.10648130333871597,0.22378086494799312,-0.23866312279109347,0.6489686066571108,411.9479399306892
Wave,0.18003192827956327,0.17447157043606726,-0.24551636534886384,0.5078785327543555,512.0313387902331
Wave,0.08153608807956786,0.08459848695010272,-0.27390188438827695,0.9783337204642403,427.0951153846154
Wave,0.1750529890249032,0.2734298265446907,-0.22155086135947538,0.7526354470436375,529.0131085098476
Wave,-0.22251422476861,0.027679871250195356,-0.24250258513700634,0.29720871643443725,505.2038656062594
Wave,0.3158655158134131,0.13705164821890783,-0.17663621321315132,0.7126899419072218,488.43380052602436
Wave,0.26330670507811516,0.06969984456594508,-0.27333064363721954,0.42999003263166935,625.1228874229128
Wave,0.1491603892638854,0.03367833460490821,-0.19982216240028064,0.5400013649196121,344.6869047619048
Wave,-0.12273904888153636,0.08682865334625733,-0.19940654369266114,0.5612127298000069,549.9283872377623
Wave,-0.20869671548987861,0.20401174893695906,-0.1536832957134866,0.509719897535693,507.5351567697506
Wave,0.2543569949845847,0.06191044655799115,-0.38749782539588384,0.6312719571983062,392.4197493351064
Wave,0.20973990606079745,0.09840130349804604,-0.23909859270407796,0.3506257726392226,620.5387611515478
Wave,-0.0917128210568754,0.050824761822669394,-0.2996460477308443,0.3231326063453504,505.5832288182832
Wave,0.29647245265950595,0.2462132331315433,-0.49016587145241697,1.5523180659893814,459.94780632411073
Wave,0.304327756613252,0.1868726968790602,-0.12901482186507424,0.5690157962510886,595.3745497185741
Wave,0.10016966693451589,0.0414210232670672,-0.19152303111905217,0.6829318341898898,378.8931682206682
Wave,0.24026840869763674,0.001187477562420549,-0.1994251697231575,0.724954623976466,350.5048076923077
Wave,0.26520382546603444,0.12985328732770066,-0.2691348861661568,0.5636774076427641,511.38965406972477
Wave,-0.15479209047387857,0.09186834591886434,-0.24733024410839446,0.4661436841582795,430.457682436611
Wave,0.4375663497438282,0.41244011747912623,-0.21119586236153948,0.5428255313484177,797.4232275310369
Wave,0.2036481484584893,0.06425759118418459,-0.28944896485132643,0.20437642289705651,350.58125457757944
Wave,-0.03846715941460936,0.10136693722491834,-0.28993740720700106,0.8661448016232235,418.8994155844156
Wave,0.09501403326740405,0.012596645003927168,-0.5380542358741391,0.6631947660113582,355.28929586038964
Wave,0.17517970898083038,0.08561912712883157,-0.3949196923369377,0.4595430797598188,608.9636994660565
Wave,-0.15563280325613355,0.15000406786161147,-0.11161469276087975,0.5203574364500086,514.0242007672634
Wave,0.1410482920150012,0.07778650248946213,-0.29816970845497665,0.654355036707558,447.44244018645327
Wave,0.17349904118530501,0.04612494120038561,-0.2786719833080934,0.3441417237290476,559.7185816498317
Wave,0.05267500171076774,0.12440755123156076,-0.19759679205511677,0.47933706729739944,621.5835563088594
Wave,0.1563205195574293,0.03712663157166118,-0.19227318245116348,0.5485673698012045,523.6401791480179
Wave,0.23839320917303097,0.1372085752315345,-0.28469561061558674,0.5321413358179333,490.66045283795006
Wave,0.22518570995895199,0.044941228042478146,-0.3077935096965569,0.2107475483746138,485.4869915127576
Wave,0.29647245265950595,0.2462132331315433,-0.49016587145241697,1.5523180659893814,459.94780632411073
Wave,0.12170897490627647,0.13907633446667517,-0.34511375767501323,0.4033618829076763,839.8783949016319
Wave,0.3456007609785449,0.1969113137794798,-0.22395075113573729,0.34846118391644726,824.080829140867
Wave,-0.2142246298640295,0.050920638900879896,-0.11411372742378575,0.5023093762170698,633.656831931969
Wave,0.1795204763013394,0.03563562008615568,-0.28315683117178725,0.26418588882513405,404.4849160945843
Wave,-0.3094358868697064,0.11247515717093066,-0.24182375996587344,0.4667605951785795,451.5174827523595
Wave,-0.22879676361570536,0.18355571873096743,-0.09764225231337272,0.5527543650737308,605.8972150566692
Wave,0.26638836973719215,0.03443490308745445,-0.21214113692401734,0.602390558053964,591.6794396841398
Wave,-0.18050232714856382,0.07699182901429376,-0.2841913845628933,0.429923594314896,499.0520833333333
Wave,0.1460987135268223,0.05910296903705588,-0.3138898953833905,0.3463518652231441,624.9369326241134
Wave,-0.23221208709214175,0.2682668049099407,-0.15502133827503073,0.6625737321521932,430.766762771065
Wave,0.1786493204603051,0.1872338748467638,-0.3288307611638704,0.8093042314690861,554.9646070990418
Wave,0.17478097324910385,0.26412544778167873,-0.156431712029919,0.7379820682857942,649.9909681543255
Wave,-0.33598377587296463,0.20672109585861456,-0.09378630859631681,0.5078092240670968,572.2204439854473
Wave,0.052995350868476634,0.08246665601877957,-0.33890895677863986,0.6385519899064979,430.64285534371845
Wave,0.06051045435288273,0.15329113563915142,-0.23508150684844353,0.6584288381366765,532.1135089285715
Wave,0.2425733321530495,0.130584657347384,-0.32270980325705567,0.5604980356440176,606.996119047619
Wave,0.05882841110138123,0.10103976693880237,-0.33102437669795287,0.644946226987876,442.18473082934395
Wave,0.37599619115722666,0.13724852401412235,-0.23491615304670316,0.6790622415392263,567.9710264008621
Wave,-0.024321854758703937,0.07742102234517223,-0.21333653613406642,0.4335713844622032,529.5901512096775
Wave,0.26268774428200564,0.11410732102157943,-0.22219241048087252,0.589064118660307,712.0882505980862
Wave,-0.2082697548460213,0.09981467093944504,-0.12251231502418887,0.7082907737044121,520.3318584643848
Wave,0.1714561068416646,0.05619203441249601,-0.21259381576169725,0.42411490397928786,374.7099741901733
Wave,0.09576916345347926,0.0726068867450222,-0.24943365283231209,0.4034918901697315,489.3714743589744
Wave,0.306601538574222,0.09838860183383863,-0.12980146982910368,0.2880244734646753,547.794643117793
Wave,-0.09737711072654562,0.18727525768821351,-0.2221847516918063,0.8668153000534989,507.75545598519125
Wave,0.23641551263772245,0.03142501840140798,-0.25787536330306793,0.6567009422620199,458.8162556818182
Wave,-0.15750894347090005,0.07475326313051825,-0.21267511315874316,0.604740845615215,462.2299468873518
Wave,0.20385294477974655,0.09768734705026001,-0.23770569783089443,0.7045257533699669,514.2060925066313
Wave,0.4134787530762797,0.0482121114414312,-0.22328004169753735,0.43135322295802636,471.99651769261146
Wave,0.16562964989949558,0.046036644147589185,-0.20951421330380388,0.5673691038495837,568.1839071546733
Wave,0.23926934859554064,0.027611036424813412,-0.2645405921601075,0.6873568339440549,459.3488409090909
Wave,0.167718109197079,0.14604196809111472,-0.1264221862892019,0.37392349099998123,396.5412799713649
Wave,0.14824750708143308,0.028827937802101522,-0.3068892681706881,0.7225754140651136,399.4369110780985
Wave,0.30014126498183447,0.057448884572371725,-0.2510728683796679,0.6021026102622806,487.6776568050006
Wave,-0.09507329686082984,0.2474717222158328,-0.16462664879725067,0.554824944985108,296.06569428960734
Wave,0.19037748994199766,0.08856099645170301,-0.23941407026152128,0.5322608332334579,434.85787449392706
Wave,0.33041921275573466,0.03847403230540259,-0.1478568706272405,0.8244616806231478,511.4731602226798
Wave,0.3226563800281605,0.08977625890457726,-0.23860916126595058,0.40378742049269245,519.2004108533291
Wave,0.1338208902242221,0.0714176422172178,-0.11246367233301327,0.470365107618566,584.3265518073905
Wave,0.20277910181335854,0.12674957421896094,-0.26039607905418183,1.0253993602952955,582.1765447957839
Wave,0.20812957228146522,0.059665734707663655,-0.16061063371463974,0.39110803929048027,684.1516449340929
Wave,0.17796711474174048,0.20465605109715612,-0.20080975080713,0.6754481833065988,595.7851808654495
Wave,0.07635561554250513,0.04162363529773017,-0.3698767799570624,0.5874361142508503,383.88637485311403
Wave,0.29659167459667624,0.13697748688918082,-0.29895108831200423,0.5861773533313325,577.6272737278445
Wave,-0.27921718660676575,0.1333136713620059,-0.04862162134734345,0.5509217282572957,525.0232351887244
Wave,0.028657076502552094,0.2048748475064059,-0.19418978154782707,0.5329726941222046,343.8437857142857
Wave,0.044173261116401005,0.19781907303920426,-0.1784667803457077,0.7882771432703771,454.61541507024265
Wave,0.29044312189270527,0.04391034458616278,-0.23154247823210924,0.46318507904674194,580.9624921568205
Wave,0.02237804718151903,0.037580203903195754,-0.39694389657183526,0.649691592261985,341.2760322580645
Wave,0.21963842246189919,0.15496447746569847,-0.3024057100840418,0.5652867752462041,451.93669520530324
Wave,0.06914492850220902,0.04017318719146773,-0.34589944884473806,0.49651294727568984,308.70124857291125
Wave,-0.19878898317191535,0.19930598721367504,-0.22195814222941299,0.6618662507297868,447.1723645833333
Wave,0.3010330669517507,0.11640652710866764,-0.3369137984261223,0.40677730647637245,552.8077670047211
Wave,0.1815221841794086,0.12293251925909038,-0.37697757637352197,0.5709426843934754,501.0261894409938
Wave,0.27605328696268455,0.07993472266492382,-0.2767190437704431,0.511508213264188,623.2837138184093
Wave,-0.07368136711698459,0.23559710024079109,-0.1786709678841358,0.776894275828655,533.4031627572389
Wave,-0.22147436081572813,0.146400277941094,-0.3199586709588435,0.7908074275049621,483.2416314799331
Wave,-0.09053868211644224,0.22231074974876439,-0.11615309912652697,0.8738604106912599,453.7441608626588
Wave,0.48820404331270684,0.2401981756671403,-0.25567016001897336,0.5391825723311249,672.19955804157
Wave,0.29410271896336976,0.06302532489051661,-0.21080181119507438,0.4680415064667789,546.0203113407524
Wave,-0.21603011927818389,0.11795469608310641,-0.14185233824924193,0.5063010004089934,586.9671070234114
Wave,0.23743969392625458,0.11448017632573174,-0.19802742015735644,0.6995461759041736,481.3138925729443
Wave,0.05442221549797764,0.05696294348366342,-0.24103848028545008,0.6041320795597277,391.27566124554613
Wave,0.26671270341592124,0.07907326301989087,-0.2561193021461997,1.0487606552420148,583.1033492907801
Wave,-0.19796042931543087,0.31542357706981866,-0.18638293340224069,0.9800513049110162,428.67884487907224
Wave,-0.11899581226930314,0.1272678840648429,-0.4217429281409692,0.8907281954299718,356.3123814229249
Wave,-0.21396103668273428,0.14084801175805348,-0.27277676863079847,0.700082805560428,387.9999858597285
Wave,0.2298198903434365,0.1256097022891241,-0.2879583829540047,1.0937892898332489,457.7698823529412
Wave,-0.08686509151663242,0.11120478588464054,-0.2470361757147359,0.8256982935858048,427.8504374566875
Wave,0.19582363759370824,0.05535905107915365,-0.32255719725627024,0.7988542338428232,450.04372222222224
Wave,-0.10520998756444788,0.0884559004236645,-0.348538094319081,0.6431420031525538,532.2289829735482
Wave,0.25378392106094066,0.12550645005105118,-0.27172268365260566,0.5914323575834666,490.1627540400776
Wave,0.15988738407546,0.05025216260557841,-0.28852725944090435,0.38437456203553766,564.1361515073188
Wave,0.18804089243494704,0.015788655165463402,-0.3499483653133219,0.42560940431424144,386.9192297642912
Wave,-0.14374435828296175,0.14821395267057738,-0.2215615862376744,0.9705816246702579,284.7227648046398
Wave,0.027066563890857688,0.056590907641718195,-0.27476458997506237,0.5491517964469594,500.81012869190613
Wave,0.5832654868609581,0.02917620924004588,-0.1591104498914186,0.41449158207829434,551.419156952183
Wave,0.26204496062402943,0.15311392693690334,-0.2421361836137468,0.6144904520052318,373.2881197835957
Wave,-0.2543456093616502,0.1616883697390942,-0.24867302704002878,0.4957412180351449,525.825986311545
Wave,0.31308299078162033,0.11009339026649448,-0.34279122521609234,0.7561755819139345,472.44594827586207
Wave,-0.14938319325499522,0.1480805851963998,-0.167209710383881,0.7260069161576653,533.7855440531475
Wave,-0.06692914739155538,0.07045743737625003,-0.21180137689295656,0.41130112853862294,618.768959075808
Wave,-0.11158064436665485,0.0946821742719034,-0.2768649632200054,0.7206692892043667,423.51503170289857
Wave,0.19253234976428987,0.046201765782285166,-0.2291392414817385,0.45378605036929637,597.7415975228475
Wave,0.44962679926029353,0.059889447890155025,-0.18076659479736706,0.3927135464096864,518.2236341783216
Wave,-0.16264765084709437,0.07585421060552602,-0.34547101158132537,0.6182507219616682,423.52243400340586
Wave,0.24888767315605403,0.019898462998758998,-0.046374326353773816,0.6876622326856334,431.64917427884615
Wave,0.025699067309747976,0.10393881936136187,-0.2391961966135493,0.4315820997856957,502.7546247228235
Wave,0.22888733361000824,0.10693497805544225,-0.11527520223670377,0.5993309818463458,342.8256786602455
Wave,0.15039665765373594,0.0922502153072929,-0.1668969223516263,0.4195412870831388,618.4758948670814
Wave,0.2952389035624297,0.10826332629287258,-0.3625061722899699,0.40666057144372036,490.7383552631579
Wave,0.109755455730813,0.1823580747155421,-0.09997427894149324,1.063760616901014,521.807732528909
Wave,0.3456581463075111,0.13913451628336693,-0.31516873535462814,0.5110016420613521,507.2847419588525
Wave,-0.1613524691255097,0.08171602863723355,-0.2590931718573737,0.3155120512940536,385.0164619719361
Wave,0.12790217227598275,0.06566931970116979,-0.46199487109982174,0.6375424966249336,344.2580690136476
Wave,-0.07534110047702966,0.12892913882383766,-0.27719442668260447,0.7926962500521917,426.8569415974396
Wave,0.11784535755384688,0.15745461824700074,-0.3821768161693467,0.5052544811846255,458.1752971536693
Wave,-0.24699804456244373,0.1406359759120109,-0.305758114420949,0.48433058010531244,524.3225365802676
Wave,-0.2660675191138493,0.13713093118742814,-0.349693259551765,0.8191789989272565,583.6303548644339
Wave,-0.034827762981870826,0.017216363195483662,-0.35660023111529154,0.35213829528576174,554.4871492445266
Wave,0.19126161810761244,0.04114261098226343,-0.18709831789786557,0.6768869741108244,422.37500893642203
Wave,0.05220158273926398,0.05181098458870722,-0.14450123628835768,0.3851574210828467,499.7397991202346
Wave,0.1565909757957909,0.037376157813670756,-0.231640380564879,0.6293358471185081,427.1389880952381
Wave,-0.06963050373654028,0.19414706288995992,-0.08646404280066071,0.3144606585394833,537.5305110387509
Wave,0.17390527764006714,0.14391525879858486,-0.22636060466678115,0.43926320237353883,845.1083788798921
Wave,-0.0629085757773087,0.16850301745190738,-0.13885621522859146,0.6232025480689904,576.8181741942268
Wave,-0.36843744658444844,0.16775239007036133,-0.16827941667324386,0.5365744404722678,626.0754713855266
Wave,0.22549240577569268,0.10793328788903228,-0.19959634489758132,0.5800104645695383,421.01071334586464
Wave,-0.07089378912076263,0.0854794088225504,-0.2598177443219448,0.782274879385557,419.54487469359736
Wave,-0.054152143906056396,0.06255208546601564,-0.15196960380937813,0.35120849261969184,457.60035430602005
Wave,0.17464739269619653,0.050546349537865604,-0.19290583271116543,0.7097676363638213,419.4241732804233
Wave,0.11860051820777041,0.011360895995879725,-0.3878498873642467,0.27119957359246516,591.6710573941563
Wave,-0.17211822887879952,0.16503669231660187,-0.18647549161149157,0.4616869872143165,380.71832211538464
Wave,0.25174688534459777,0.1070240945704457,-0.24504568696660642,0.5194804933323541,730.9807191880661
Wave,0.04684664819073965,0.03707541518372823,-0.21897062172646917,0.5075450438779635,557.2393027904774
Wave,-0.04216979489281138,0.007344711719725703,-0.33152290933017403,0.7176492177364481,407.691675889328
Wave,0.21893102352367916,0.00732934680334579,-0.22415596418263137,0.7861713936663646,477.4395290999323
Wave,-0.029235528220907643,0.04918522281215823,-0.19530314256815312,0.35197525412503056,473.6115873225612
Wave,0.14296858730846934,0.16606798550402074,-0.02866117016182333,0.4890475536751154,527.5011781105021
Wave,0.17957440976401082,0.18069497616658203,-0.2648432074131071,0.8222052852483962,502.8980557385448
Wave,0.28370420463530105,0.13512550230152365,-0.3167139123557717,0.5566345107710423,705.9836113584597
Wave,0.21265009928533155,0.10563592559190964,-0.2779960792973949,0.6479714938998085,397.2896137775268
Wave,0.057313076086704884,0.06480437734175735,-0.25378284492883113,0.5054632394001909,531.6903811962612
Wave,0.1263032445578709,0.028691292479096173,-0.2026507488562559,0.6902332382357831,529.1821315623023
Wave,-0.18570137199618314,0.1571262187675744,-0.27641403539975573,0.8978224961790343,380.63399874319225
Wave,0.12372257440332106,0.05521748898290689,-0.3064091871695701,0.44491745463228966,548.2125579777365
Wave,0.16597853889511205,0.0496584622366591,-0.3287337078859969,0.37777646158468847,568.2897797131147
Wave,-0.07090663091750714,0.021634698549687654,-0.2956677648173438,0.4375085748334954,377.04434433928697
Wave,0.17944199050395737,0.10931654009432677,-0.3955282111992024,0.4911948489504291,410.45861105805955
Wave,0.3406456898959508,0.2547182265116971,-0.22979821051225513,1.5526416384483486,589.7146334289814
Wave,0.2765228209391698,0.11527710332196918,-0.24009349735898824,0.5208170846522793,503.1074478021978
Wave,0.34588455420817243,0.11581733378188647,-0.4229876186120149,0.44427189039768794,525.3858659043659
Wave,-0.09337832137204599,0.10404043267502086,-0.1799078223842601,0.7657679909814458,443.8953996465043
Wave,0.3436663921554612,0.12753707739981876,-0.12890396922283875,0.7041416507374171,524.0267292119217
Wave,0.2809096596082673,0.051929396877608267,-0.2525226276772268,0.5501793111703704,547.9480862403101
Wave,-0.04205237543529012,0.20734306767367297,-0.2285690761739623,0.765176304961088,446.06418477678153
Wave,-0.2754214302049936,0.13567413224906189,-0.18125802127519233,0.514897474132685,355.68498573369567
Wave,-0.1590567181802699,0.10349385138299999,-0.2593065629572302,0.7598182925572541,394.5900397157191
Wave,0.05131494126971572,0.04213252132823242,-0.2844254859808476,0.5685326982768455,503.3448535269079
Wave,0.30860605469873204,0.04996801408532617,-0.2824251014221933,0.5165509231817804,448.3730332167832
Wave,0.1721318260678633,0.16975495083854164,-0.19589538775953924,0.6346242229866039,473.6283137711346
Wave,0.12561851852139827,0.17098271009007138,-0.21306785302936557,0.6360493186554222,568.2385448235975
Wave,0.1833384595542109,0.03110501840960257,-0.19950607866852935,0.5875659697623574,456.6476851100289
Wave,0.15495716404954174,0.0578811508865263,-0.32692640940957995,0.5399593159345375,319.31977375793315
Wave,0.09698443478563754,0.10032109858332647,-0.21225416102260497,0.6358897873057662,516.5949163042433
Wave,-0.19568696554503084,0.05635346846726073,-0.19790194412797607,0.48479624607254496,632.2486601803993
Wave,0.09482618452379285,0.02872140771520081,-0.21058070627547917,0.8068408670058473,377.76261594202896
Wave,0.037559174184652565,0.1787688302491975,-0.18968485073921842,0.843564794838184,481.68959808330146
Wave,0.24753785229938025,0.18285917585507888,-0.30107949840224774,0.5927808711948747,475.6273064468211
Wave,0.058437123939789795,0.09469098349062788,-0.20737557861224626,0.5791486969926555,552.8721966895207
Wave,-0.2024789408376389,0.11567454249232925,-0.06523406185638878,0.3885125243278861,467.80708333333337
Wave,0.10048973869472455,0.07175321199095494,-0.2913998478875289,0.5101973154114812,589.3817941317942
Wave,0.18027692217415298,0.030273264269570704,-0.21604999682075876,0.6862602672731705,418.7573189447165
Wave,-0.319453611145541,0.16783146817332978,-0.2427668461931899,0.679213391740244,510.4156114551083
Wave,-0.23126720886438715,0.11443408157659207,-0.05154858528342024,0.5813577672180894,470.1741287878788
Wave,0.5554982715832619,0.18061651266026857,-0.2694262570592282,0.5607292345354273,459.9409191260837
Wave,0.2778686175520248,0.11659336449184723,-0.22706657068931527,0.48362282557128866,468.83793172447247
Wave,0.3841806541868565,0.14552898474957782,-0.2522156590254702,0.5894288116880672,533.8912772193743
Wave,-0.09560334806951985,0.14342644959215228,-0.19395016867290818,0.602930569685547,370.998902470079
Wave,0.15364341992637895,0.02510573559268281,-0.3433663962842026,0.470391456888445,282.276464690497
Wave,0.17446416767591516,0.05008048527322699,-0.2621849146278044,0.3885622214250661,481.7996919321088
Wave,0.03334304435555476,0.10629682186179712,-0.10395245665435464,0.6766608774888974,279.70659805806963
Wave,0.12325812340013874,0.19689902184637587,-0.23547819941960443,0.6277519371223412,627.1602141157415
Wave,-0.06677065908470946,0.11465922881794552,-0.20576196382708684,0.3843669361534463,479.82111162023455
Wave,0.06932414121142572,0.062104659101033,-0.20892179261826252,0.5720888399938843,382.721606955846
Wave,0.07244133192852575,0.016369858735727074,-0.3243759677386113,0.3391233040071677,746.1157591336255
Wave,0.4053901960697845,0.11090117513697373,-0.3120115868861829,0.42882193470234764,483.68953218767047
Wave,0.31375386852605935,0.1502001241946192,-0.24792861762175644,0.6558100014875604,602.5327110328801
Wave,-0.08337869483251308,0.16966952190346926,-0.22338602655027223,0.5718491373059011,589.918342054159
Wave,0.2946976835106464,0.14797118699177494,-0.32388701063914704,0.5739464638884484,539.6752444561783
Wave,-0.11178780043463887,0.05623689996832522,-0.23038846005367467,0.317284630255656,508.4709517045454
Wave,0.39980308674356957,0.15456068746323456,-0.20859110895364272,0.5654584458709732,615.5988433026878
Wave,-0.13321261434493517,0.021155927755289936,-0.21105895871517727,0.1754410472549831,476.80464334239133
Wave,0.08050740969192101,0.04886768120697355,-0.10373615493923441,0.5851120346986516,476.99231080151367
Wave,-0.04014179939938762,0.09492043290856764,-0.23496572734505053,0.6960266287101444,354.30219599844594
Wave,0.08762671889464824,0.0799531605645797,-0.12033077865161448,0.48081582565326786,302.4520775127158
Wave,0.2119498966911504,0.034533238552285836,-0.194736549000698,1.0257577017017974,496.77607808857806
Wave,0.1630871424861393,0.010900563101137961,-0.2678676805010026,0.42627283959582446,487.06536190231066
Wave,0.0449263391623263,0.06068309703756476,-0.21480794059952998,0.37329938400449625,566.7911737456093
Wave,-0.015154982457216724,0.04870583742110537,-0.2630266272406389,0.4078537210550594,669.1117673508662
Wave,0.2853789474439897,0.09018619487359295,-0.34050974923142885,0.6560667967854846,550.6272867091546
Wave,0.23167101030753723,0.130584657347384,-0.26887349251287757,0.5826089186157218,536.8292292239012
Wave,-0.07007936649495644,0.09722558009665604,-0.30892696720174023,0.6644501198289007,537.7560857022235
Wave,0.4160227062062314,0.1902785866766047,-0.25938528219134793,0.5848482613531466,649.2942870380297
Wave,0.1360289675816479,0.03373221424501379,-0.30607162674485944,0.33074695717015634,433.26679154483435
Wave,0.29299893633021895,0.048298359838710364,-0.30032396708041326,0.5662069354714486,495.08136458333337
Wave,-0.036969264106185507,0.0708245564449538,-0.2690022055417995,0.628707226777866,530.6817006835468
Wave,0.24843427301565474,0.11572452968695177,-0.27676738251325833,0.43867069317922835,431.66625536881423
Wave,0.13525650972014322,0.06993093290829881,-0.03919510990908714,0.569756575090432,478.0152676528933
Wave,0.27412012634620037,0.07227500455121633,-0.3317987190858417,0.40820833457201033,531.2605921654686
Wave,-0.3447584194319539,0.23381538453737807,-0.216215874557355,0.7176305290489193,483.4037804054054
Wave,-0.027751324439192447,0.03575608103057408,-0.3364194113977765,0.5041529962860524,521.1261939799331
Wave,0.24945205539259832,0.1149060918077826,-0.24964858582637606,0.619757550803565,449.2732513950643
Wave,-0.10165913947637295,0.03568314889415748,-0.06328070450056326,0.7706108301375868,448.86282954545453
Wave,0.11143244343331751,0.021155927755289985,-0.3023225892399267,0.2803819560607381,597.9022975951639
Wave,-0.1696910976134809,0.11506322368596095,-0.42057035221384526,0.7971958824364612,393.3965136054422
Wave,0.13593350183644254,0.006793418520014911,-0.2625089688931648,0.536500256374795,585.229052149401
Wave,-0.05965846445193272,0.05793523539218352,-0.2874380048222181,0.5384736978752994,513.8917452508191
Wave,-0.1747359861121197,0.06849953729834737,-0.10646115244023653,0.47649106770608635,430.6528227910482
Wave,0.07128989195833034,0.09605251994743871,-0.180118469663252,0.549418549665057,566.3260335699953
Wave,0.16609992664683948,0.14755326126624163,-0.3939135391813016,0.5662207209539825,446.16088308225824
Wave,0.2130571160106497,0.03806860337852485,-0.2203493628719845,0.481161776725888,417.87216329154614
Wave,-0.0929859082349411,0.049076439204188464,-0.32734961337026786,0.3468712624201497,501.63227432336464
Wave,0.17554043065220432,0.02849912859157157,-0.2859732211189322,0.6586856134110688,483.6899583333333
Wave,0.1947754443765456,0.030634851968377706,-0.2852619881289239,0.46052475467489495,593.2925802524089
Wave,-0.16107966888334563,0.09049328833563927,-0.030693707746563798,0.5358581879555266,549.0782992788462
Wave,-0.0752103165694276,0.08947879412346238,-0.22982916044351856,0.7644598919632425,403.482007969508
Wave,0.2987524833684291,0.10241031747988935,-0.31796483074871484,0.45189783910079845,637.653473145072
Wave,0.31269126282484105,0.03506404519682347,-0.3435109239396951,0.3985382219165371,531.5667326396463
Wave,0.24114492883166683,0.0985774878725355,-0.19124576990440753,0.7930681953437704,504.5451180360776
Wave,-0.09355147332429603,0.03989620896552599,-0.22604603104067728,0.3484310460426688,399.4761168831169
Wave,0.19861880427586784,0.0834446841627482,-0.1789727430390988,0.4343528387034165,347.462143760172
Wave,0.12313620701104253,0.07015464609079018,-0.25765688308864976,0.4202132584503796,502.6045167991977
Wave,-0.08898486376605406,0.03232827061899431,-0.2228506617725117,0.7315716625787254,419.1374287573881
Wave,0.13436567535697813,0.05840847481668444,-0.21066821026522564,0.7344416247075625,478.40126612903225
Wave,0.09670857567310774,0.08878102205426322,-0.12647131438454404,0.5471786114468098,425.29009903140343
Wave,-0.08300859803436458,0.07517405697377574,-0.30686814127005757,0.5205861504274183,436.7517059448809
Wave,0.09302882666644958,0.15010363251975326,-0.21051292007890954,0.5699820745999259,610.8153832143713
Wave,0.16099087576762136,0.12224949750961597,-0.2947011759238856,0.41592390267505563,511.5313448610213
Wave,-0.11916759436100549,0.08409042038180746,-0.23727230942249594,0.37918309320971094,523.9054599212287
Wave,0.2576513117435986,0.12088959997721889,-0.23362512431465585,0.42584868191636294,474.7483432871477
Wave,0.20447198029494293,0.09033738565077115,-0.22864344505932416,0.7116423081149024,495.4590925066313
Wave,-0.2684114737705309,0.09596033044915928,-0.2519960311242296,0.44315675033589025,467.85167984189724
Wave,0.39222710701228625,0.1767041952188426,-0.20261459858861702,0.5303672376645487,852.5074436405749
Wave,0.14394052142414182,0.1478413022319768,-0.2691275471593007,0.6169094698608657,414.50422300320685
Wave,0.10399630873567858,0.008957208477408229,-0.2194148913784651,0.636762010051797,476.65983333333327
Wave,0.1946584351756176,0.05340483858118212,-0.28181517364984504,0.4441573636898554,658.9152102798822
Wave,0.08790970838726303,0.07217257177535023,-0.23177821951150812,0.7511327902089546,475.2155203349282
Wave,0.09890541235372469,0.07060944761563516,-0.2497721052029568,0.6114371203503524,606.2547229023493
Wave,0.1509535989594143,0.15681625718780384,-0.22463690875105244,0.773284098829342,615.3324395039323
Wave,0.17414412632239928,0.018042585965618807,-0.25733461222183107,0.31153284182025837,684.6795749277604
Wave,-0.09392625950359254,0.0995180256205371,-0.306624719723968,0.43255243876805294,577.1567004249193
Wave,-0.12589443050745314,0.06257257202118895,-0.14958875658261728,0.41738435828559023,670.2454942220609
Wave,0.3399151169197624,0.06809083052264193,-0.24802565101208987,0.9657177489461014,587.1431068665377
Wave,0.2869751455121026,0.08765344205753031,-0.4199740612508471,0.4151608291098168,562.7530407470289
Wave,0.12117865564599795,0.18266660223645054,-0.3024016521785063,0.48257699838504436,863.9192106497483
Wave,0.1403182797312294,0.006254417253407999,-0.21178325281362884,0.6933843827938903,344.79359219269105
Wave,0.13508547914255806,0.16157753747560719,-0.29472676455498803,0.798304630023485,634.4225755978435
Wave,0.24268675594253736,0.05314056201944778,-0.26433111163361667,0.6876289091489531,443.33183333333335
Wave,0.1618917686814321,0.08354732180416594,-0.20381859355159543,0.6943569412473484,186.47929319070624
Wave,0.04968287547264343,0.02213149751263769,-0.30759749652223156,0.45129958597583214,565.8308639651881
Wave,0.1446532111755821,0.049910856596392904,-0.32400385719472063,0.40240896773843204,631.4663594276094
Wave,0.1619500693498479,0.1305201246985883,-0.2933076726616947,0.5621438687426838,622.9967804563857
Wave,0.26451393665179734,0.04167669547562881,-0.22600404363092402,0.5287117476225291,508.7931059441754
Wave,0.1538894395036417,0.1872482154353851,-0.25415484441945235,0.8343968819872486,414.9852236012608
Wave,0.051599107332351936,0.0938600488128029,-0.29884147669204825,0.6202766510564984,571.935630847647
Wave,-0.0893554394370643,0.09961718054757537,-0.36527280004676366,0.6372586502614048,355.86808760683755
Wave,0.3077141893698464,0.15339192949060365,-0.29120234100035797,0.6627985736541969,388.1001723187207
Wave,-0.09986938857082564,0.04890476187183708,-0.33553867779574775,0.41022031568115314,550.3977720875139
Wave,0.11633003932162614,0.023610421930591013,-0.23109517490199225,0.5982112006080074,539.2889552696079
Wave,0.22784920169055203,0.04677149688165181,-0.26239461012814536,0.44173627530844334,466.0559080387205
Wave,0.34442295454890304,0.07492084315183499,-0.1697058429994489,1.0711117203038254,496.3681057422969
Wave,0.1592877940996034,0.11621374862448786,-0.3091558414277801,1.0249518302292022,468.046027142975
Wave,0.12538445420431216,0.3823717955858692,-0.19458269601353567,0.843762255407687,528.0974111737319
Wave,0.13641914285023674,0.04462921780719032,-0.2796517355739515,0.7208628435777297,403.3740928905295
Wave,-0.28361205866956557,0.1362729542567745,-0.29548801542673614,0.8665264994147133,514.2189812860711
Wave,-0.07272706981385592,0.1321633512890306,-0.18526001185772076,0.7748392073703464,538.0740734649123
Wave,0.22048275999840197,0.05809810350581042,-0.29288084910295514,0.2981673201794211,355.7592319407736
Wave,0.3152206808390736,0.2577895708632632,-0.33377766855470115,1.5618495251219224,504.3809488836663
Wave,-0.08312208602778315,0.1708518010025147,-0.11451957231094537,0.2980122696104258,469.3234963791542
Wave,0.15107646701811459,0.030339845573883605,-0.14420906327772612,0.37116361200422765,598.8832980906008
Wave,-0.20203113959762253,0.23546516682547564,-0.23715392703750493,0.48801719645258035,552.2447102897103
Wave,0.29846125460160516,0.03594046002713292,-0.21041606527337958,0.36802549895778,652.7452729500891
Wave,0.1603200733068654,0.14350409363625877,-0.14018321761088182,0.42799374239005133,596.0445623781676
Wave,-0.18437738712035223,0.10719105999510731,-0.24221763932311824,0.7734289366531683,457.32400108949025
Wave,-0.14211562036625863,0.052530882137493407,-0.3074756596981336,0.5240767921950685,486.44928153820814
Wave,-0.0869418773707654,0.05639075399767592,-0.2634773712968865,0.33116221923867334,459.80463063909775
Wave,0.16240101959769132,0.11103126476232361,-0.2756523143851309,0.8044558338760105,489.46517656320293
Wave,0.11763010268287089,0.006177797537060248,-0.2083887192931024,0.6666058669175944,456.98943330470405
Wave,0.2993040839037404,0.08212207216076643,-0.2642270831511964,0.5121302416216134,479.61074999999994
Wave,0.1225238568798698,0.04292432668567658,-0.2945932202177935,0.6049966661967284,557.3316715440357
Wave,0.1602720155634737,0.0149103965451883,-0.21876137236207385,0.8040067367534406,438.3303346066779
Wave,-0.0279131091202899,0.006549013916798647,-0.3216388219089971,0.5314429016418852,453.01787866743746
Wave,0.028649922412053986,0.07862522205825298,-0.22947727341228427,0.3935527049008772,335.85340326340327
Wave,0.1136101567192852,0.1423623779164564,-0.19141734463369833,0.6985368143365448,384.4094670570121
Wave,0.1323740848707657,0.01953462177888296,-0.27547846857607555,0.4898732244138474,477.3612114448052
Wave,-0.09566245165950929,0.036058462584930576,-0.23357861600132046,0.34525355343598146,264.4446293199554
Wave,0.21296118438470335,0.04143638818344714,-0.3360308793964933,0.35920483764128697,364.7663372240663
Wave,-0.03606784236993589,0.060127911392371065,-0.25638722083581783,0.29972008410525697,427.0186892111157
Wave,0.2472836735487111,0.1144873466200423,-0.2820716174440266,0.45551298511044874,893.7683684586775
Wave,0.161973302202294,0.022992752292119074,-0.38587555940002155,0.3252278711488937,431.712389994731
Wave,0.18522782132746024,0.04573077987885331,-0.24271437053767161,0.45066797119159746,533.1680772930773
Wave,-0.21500161263869844,0.21999372035867543,-0.11489504558966213,0.5777292487823004,683.432568523293
Wave,0.21624158901959079,0.15143320995049392,-0.1290741244618053,0.7191250831456344,286.29468325791856
Wave,0.05977879402681383,0.1674028894391064,-0.16413045835739903,0.40419718605608496,403.33051851851855
Wave,0.27245870280065515,0.09605170048523178,-0.3124393834293879,0.5271964347598774,521.6846794871794
Wave,-0.06037567800222954,0.19308770312195367,-0.2192591560883284,0.6233938526235625,613.2039113737139
Wave,0.06840575578398436,0.012293443987363832,-0.3066403240187973,0.30122393228203226,527.0583485922496
Wave,-0.12364827780456689,0.2131749753348277,-0.18975359914681536,0.5528310899338225,700.7103930124456
Wave,0.4058172779865705,0.13282383782781473,-0.09843111154925883,0.5951689116130167,522.8040954413492
Wave,0.3672405982382491,0.05031792444768442,-0.2329857213175782,0.5240897492181052,542.1484657805429
Wave,0.128600199499293,0.24823382206827602,-0.1914325051750064,0.8881055356879132,497.9603297972408
Wave,0.19960480243950396,0.0022314724140468133,-0.20986279184245551,0.5278894763023829,662.4608596823804
Wave,0.20021355291683784,0.046235978329424374,-0.29078809374306236,0.628205539542193,417.8680240302642
Wave,-0.07640838598864012,0.11937646301212648,-0.22554620931593147,0.6700447444286372,313.41057263513517
Wave,-0.22538793152311914,0.18965948297927054,-0.05674544762189886,0.284315222809371,626.5572181543255
Wave,0.24380549075045044,0.087651393402013,-0.41562922172591293,0.46209694001893065,620.784566503468
Wave,0.26811819942561566,0.09502921651653735,-0.336492697153995,0.9832856040376965,522.463435483871
Wave,0.21904458224367507,0.048279921939054546,-0.2643825249565067,0.3072015583210098,628.5841131687785
Wave,0.13064432530485684,0.02661211199456823,-0.42851791979347925,0.5861152885577299,442.3240110079119
Wave,0.06095271498586506,0.04330722040186378,-0.1971010945435476,0.5351713988063448,510.17970177970176
Wave,0.17503293834422737,0.05179336615125829,-0.16593548228453942,0.35554058395554616,544.6640714031339
Wave,-0.07994741973671872,0.2120689062210266,-0.2553790549610778,0.4514759935596379,835.9877024015157
Wave,0.1540247846136352,0.05018373751129997,-0.25045896170770926,0.5426018842357059,390.344569058958
Wave,0.1879499916406544,0.02019715697318427,-0.21937627348772237,0.7146137606087356,455.93318265785933
Wave,0.09870404112589579,0.13458322318608895,-0.31576451675303924,0.6678775865356817,446.41897835221044
Wave,0.2500569481228504,0.10701405615841089,-0.28037525468891156,0.5677342595359501,574.6042395014687
Wave,-0.10923534177433028,0.07265400582192051,-0.29907460890168136,0.7452015668145221,497.20842206866024
Wave,-0.09998084864411186,0.0712557984313497,-0.13659462922793467,0.49214317268259333,495.3430377492878
Wave,0.05155403244504761,0.020387477070743197,-0.2312117195303379,0.5745815268245956,366.47878067144376
Wave,0.15707414762017072,0.12069846041745302,-0.1973086095292115,0.6625783794150091,436.4952340608336
Wave,0.06575536245017558,0.010065531112278356,-0.22631097262816452,0.6460346362160697,388.978052000125
Wave,0.14979602260911143,0.09783607944081743,-0.23249627152765753,0.3961533969290539,351.18375571188074
Wave,0.13739904644516165,0.06290117636616704,-0.2509664325853856,0.8196577961811844,324.25831103678934
Wave,-0.1320441975668144,0.12331479837862228,-0.18800593576001204,0.958818333733913,464.9283383467024
Wave,-0.06079714960163418,0.09294143167883659,-0.3901047592302611,0.6322096713343056,547.0561080197845
Wave,0.3733258213056444,0.15413477198118372,-0.1709946255588413,0.5024009428874454,480.81019847088396
Wave,0.2752516080551487,0.04261743808918215,-0.31276685017183925,0.23353250060621866,639.6667412957413
Wave,0.2923936576273878,0.05564074121278511,-0.23354663861274544,0.48646068689357025,407.92389296905606
Wave,0.39399060433537497,0.19057564172661595,-0.2752360266715508,0.4778041630864638,547.8785952380953
Wave,0.2531944492369459,0.09802988225275591,-0.3351306625344196,0.5067038337725623,616.4554054054054
Wave,0.20310295679997475,0.13720857523153449,-0.34917409528636645,0.6596256215381698,535.4087882205981
Wave,0.16212263260397122,0.05366194484860583,-0.2610469599008718,0.39382974489520894,614.3297017797017
Wave,0.2192830747700913,0.037460972152087775,-0.3168616663268915,0.3254331650329559,580.2296037296037
Wave,0.10020798865787858,0.03927976852036448,-0.2941669466717322,0.36875559504452454,526.692109204793
Wave,0.20060285240662531,0.13013600178909082,-0.173120265900851,0.9295388594001421,626.7632238601183
Wave,-0.21413425635163236,0.1594020701817651,-0.22479856377168264,0.443476085452977,565.3598100716056
Wave,-0.21547565362772234,0.1477874225918714,-0.14745814481929703,0.5659483267470017,586.0324275362319
Wave,0.08548632999158812,0.08494102215259872,-0.31263393531183953,0.7016536270715776,459.6726686401833
Wave,0.20300283917434536,0.031654877550451266,-0.44553669039432414,0.6993337294127274,343.5154310344828
Wave,-0.11192947644142226,0.1731051172060149,-0.08367186805842364,0.6993218317894007,414.9944840256997
Wave,0.35550771227835176,0.02635480086159287,-0.010803033447246266,0.5792850305092817,512.1709775641026
Wave,-0.08207396921423431,0.16714209559175164,-0.19726866608206314,0.6019071673527715,552.5683124745625
Wave,0.3132961273635139,0.09619449177478899,-0.2430867126145946,0.5223295712303128,612.905781116453
Wave,0.38061746973991994,0.13150245501914326,-0.3211840998069021,0.65263143679194,600.0011814464236
Wave,0.23901527734569405,0.06451039527502188,-0.36719377234459183,0.6901879368046858,261.58189630807277
Wave,-0.024181794208000314,0.006542458219143231,-0.3624476459300689,0.5515891278606584,360.5697797619048
Wave,0.3652696911483786,0.18510921420975132,-0.306586539108774,0.5559082425258254,587.8974662412135
Wave,0.14154444323492169,0.019410882985636837,-0.18139767432876577,0.5565141797364477,488.5933814165361
Wave,-0.18248249952166687,0.17730137830214132,-0.07405920650758228,0.6280401377448233,524.2367608363757
Wave,0.14295431882378395,0.15724852350195848,-0.1064018274375322,0.5800344367838469,558.9305085111639
Wave,0.19368828453247508,0.07092330164088861,-0.2416305788423211,0.4623405502974998,437.9701776910559
Wave,-0.029621584656180283,0.05996463354764064,-0.332678941035443,0.615289536670406,326.6577406979622
Wave,-0.15819689717698385,0.12846696213913028,-0.3194114759965065,0.8645142313329326,540.5965402476779
Wave,0.1169656885342557,0.012179538740600822,-0.4370244362326745,0.40156844225299143,506.11707617703826
Wave,0.06281150739535116,0.012400588670919612,-0.21222942900694763,0.4391003209701432,895.7272812064136
Wave,-0.15680142025651095,0.13424478529462777,-0.24308632113808856,0.7517742754002711,376.16397375760647
Wave,0.013676713635145641,0.024414724086690757,-0.2926988206466566,0.6439092527216488,437.8723762541806
Wave,-0.12492095074766717,0.124012160716718,-0.30842273124975217,0.8690806585033589,546.6168777303932
Wave,0.3067993389455809,0.05769369890669142,-0.3000334507603258,0.6333341915002262,537.6990217207573
Wave,0.033440133707866956,0.043914032166093867,-0.23277844973813264,0.6486185822606031,415.57480807236243
Wave,0.2943347461145535,0.06743013911830623,-0.13264308970007896,0.8727961440613807,468.6577075426945
Wave,0.3335011175895984,0.13344130260073495,-0.23962900523811642,0.8535816503955362,577.1283406593407
Wave,-0.14098684289196373,0.05197344297123066,-0.2568701539619795,0.4053826457448156,471.93251626266596
Wave,0.2669874320290695,0.11117221226191523,-0.1699950697708314,0.7110240072778661,825.01536837002
Wave,0.16365077247120519,0.0635083978615007,-0.3161972030788347,0.6301984835249079,498.01900125418064
Wave,0.3424286617017906,0.11589210970826863,-0.29635282128732343,0.9769071700577416,549.3627331705616
Wave,0.20765831430791282,0.130584657347384,-0.48616834695631955,0.5411567074259706,642.2945244530245
Wave,-0.19410875850592302,0.2290371004087809,-0.10785897988388508,0.6445829998395894,458.3075923756551
Wave,0.1800045290309018,0.05460596531098687,-0.28855744452792587,0.25539203606590993,495.37404075999905
Wave,0.17608853632404736,0.11280929288580556,-0.17908139829834804,0.9586691476887125,651.9401633306239
Wave,0.32952837901967197,0.12228411978785868,-0.1420220694020614,0.5060762476346713,601.5663687293099
Wave,-0.19428467172183675,0.07198307113999813,-0.2472417123060168,0.6925543060224578,445.8007569194726
Wave,0.09773912080057798,0.25338844421540474,-0.12937273813282113,0.5317447637383436,566.5232496594376
Wave,-0.14071929845970682,0.04169718203080193,-0.27640101656281585,0.486239095329939,484.53195021645024
Wave,0.12370101870215634,0.11473420960987932,-0.2675114314389095,1.056004072982323,442.6433484950584
Wave,-0.2183273402895924,0.1614302391439118,-0.03618603838153899,0.5195622865428022,411.88079838752594
Wave,0.19237904681149218,0.026352752206075445,-0.21861747536135248,1.0124100216609344,321.4529781139836
Wave,-0.2939624538957495,0.12714967664149357,-0.035583445851816914,0.4445527762533797,547.3553910647279
Wave,-0.15001382014763803,0.12201369725957253,-0.1565880738811746,0.834767645078313,487.18040448343083
Wave,0.2893946668965182,0.05135905118158639,-0.2702480005064382,0.7232953758688422,431.7490909090909
Wave,0.2054047245916476,0.06927843612603242,-0.30578875661135757,0.610056166147555,336.0380462962963
Wave,0.06947903020143013,0.1300876535188821,-0.1417038555559724,0.7276815103602866,528.4545008912656
Wave,0.09966953073034471,0.028537643315297193,-0.2555246155898537,0.5775362113927114,398.76075834175936
Wave,0.08237065395874504,0.07781846151553237,-0.2669583787262038,0.6647973907092233,458.2445187662579
Wave,0.11146426702288834,0.0663861442666801,-0.20401554038454572,0.6346528087084639,319.32788387978144
Wave,-0.10284121207058501,0.16988155774951186,-0.2102705766441236,0.6158831575050703,538.0432395833333
Wave,-0.3175416452896669,0.22908606327564485,-0.18814766403195696,0.5874479847562016,687.7313925848925
Wave,0.21675414909259347,0.06543679729995402,-0.3460138521064738,0.7711132932461063,522.463435483871
Wave,-0.17093198991899192,0.15456888208530395,-0.3227835276701447,0.8165414112073678,422.7122621855346
Wave,0.2887678053629071,0.01982450653458373,-0.16622306534319417,0.7584917622724886,451.75253390762464
Wave,0.26400321684011346,0.12167341557814554,-0.17693445505058325,0.733869425040429,556.1611454405809
Wave,0.19937224344187052,0.06320376278607528,-0.2632456992304034,0.4263968362607944,437.2243877700399
Wave,-0.04246010234600966,0.009151011289346724,-0.30378084631708446,0.5223214037418854,693.9396716422013
Wave,0.2096338221274832,0.05119454414354557,-0.2636191678507567,0.30801813250635296,367.4724099326599
Wave,0.14199560638358108,0.01657247076638999,-0.35844788872984057,0.6072168594356582,435.3134032258065
Wave,0.12598840136947148,0.038921458670385226,-0.30072980492666385,0.4736713299358345,547.5099760857422
Wave,-0.0868160723819731,0.13500606568486384,-0.2173252466584358,0.7820616779372613,672.7952960526317
Wave,0.2317919660181453,0.0975648374503243,-0.23012436748863055,0.5210363611665669,534.2694711538462
Wave,0.14443243178054097,0.03674250866216368,-0.29766328943479814,0.321344040496549,398.36362185519795
Wave,0.1623111457696599,0.005607451841038353,-0.18869729548843578,0.8940661071550022,267.61100290697675
Wave,0.22168387115468824,0.11574522110767674,-0.3164860522023158,0.38069037333226935,886.1484641216418
Wave,-0.06366103293444914,0.1148327499402625,-0.18882526145032152,0.6346363767232752,502.9457957516339
Wave,0.10660141067212943,0.048987937285840236,-0.23525549476521035,0.5319087716441688,547.3750203600747
Wave,0.05533258580688604,0.02208192004911856,-0.22860638613983694,0.601798205250819,562.1778300243818
Wave,-0.04351070527565619,0.09447095788806759,-0.1570603666371998,0.49997096310962846,621.1265953106071
Wave,-0.32770636009609694,0.1540976913163203,-0.26700902108185137,0.7203890854085695,556.4117191496164
Wave,0.057129856734781284,0.05458424956250326,-0.25300647525808273,0.710921331642359,463.3134477599179
Wave,0.06038516267468768,0.025684275910774018,-0.41069632226286323,0.3896341892790344,610.0871441462223
Wave,-0.07007654148061213,0.05438450564956446,-0.09023529244999526,0.693965924480587,436.76930819180814
Wave,0.10745180774069885,0.061257744910173016,-0.26665132317330326,0.7398277508923757,448.21986138274144
Wave,-0.10802943404086092,0.12017912624381236,-0.25890475275487956,0.818472365579779,454.27443530701754
Wave,0.3322506526613756,0.18510921420975132,-0.23852365600498182,0.39486979546608664,924.2211274629883
Wave,0.2312689342161438,0.20766511632099577,-0.22625988437717412,0.695959006990635,648.6045871862002
Wave,0.1567051875910798,0.045734057727681035,-0.22843556882158444,0.45588460613097764,517.829173724826
Wave,0.21359073483725974,0.11724196882863075,-0.2706901939207762,0.3801310818630411,871.4052037230863
Wave,0.3277020351727776,0.16851899696494246,-0.2193037523400578,0.5082136070794481,636.3286144077515
Wave,0.2175582681815702,0.07188924271730493,-0.2652773518613299,1.0096791351358405,501.6558333333333
Wave,0.07685775267100335,0.11662778190453835,-0.25506566468387465,0.1411620659775219,484.89184721161195
Wave,0.2583291366916276,0.04938414726288998,-0.2484004341013477,0.5177110862240364,525.8642680814555
Wave,0.27981810435343085,0.044460408592563144,-0.257357689078296,0.6650416360084391,379.7596814988291
Wave,0.13481605717423636,0.06317999838207436,-0.3571273729389751,0.38411168335558177,506.90803455803456
Wave,0.024832506584560682,0.018168783145485697,-0.2930464996799782,0.564790203138218,435.22873443223443
Wave,0.13960459390503796,0.026667015962432403,-0.18570551287004716,0.5341093082893502,494.99540540454205
Wave,0.2764070763484363,0.16732913784048303,-0.3646774111957665,0.5086246668688672,631.4910486060428
Wave,0.2852597087384402,0.06540975504712532,-0.24767236303088705,0.5679752832823671,528.649236545682
Wave,0.15391647546481013,0.0594643518703111,-0.31450451924024503,0.5722960595440575,436.08298258513935
Wave,-0.09680459903733776,0.04268955076339177,-0.2895073548605121,0.28623176256982485,429.7427380952381
Wave,-0.05870066459267491,0.1249094718333042,-0.04354659445514261,0.48271828236783343,564.311018002268
Wave,0.10739902949201598,0.0302765421183984,-0.2347921320212912,0.6239932366238131,388.6342423038011
Wave,-0.04565417322088145,0.04964043406810671,-0.22021305634733845,0.6032301609694117,388.98954314519335
Wave,0.1784501776173588,0.10971828144127324,-0.19042876313960735,0.4316332831254035,545.6166113528419
Wave,0.044206346485493556,0.05012739948457366,-0.37461257319161295,0.3896561709094868,618.7188926213145
Wave,0.20439889721999877,0.11615208409341649,-0.3025583029135914,0.5427308063966242,798.1766054831437
Wave,0.292456559391268,0.11091715465000884,-0.34053262491987674,0.4182820560062862,628.9476212206048
Wave,0.1127897848512243,0.02477836044101512,-0.18895043431583133,0.6087108136787088,451.6312864583333
Wave,0.23807399800363585,0.04231198355154967,-0.3346806911124237,0.2124620349854886,568.1752055814555
Wave,0.18592299063982057,0.030701023541587085,-0.27099803305443015,0.4033841193793164,416.45153243050606
Wave,0.1776091122762214,0.00045754160159943986,-0.34507458680013975,0.5678007659938356,373.9292121406768
Wave,0.11030169836150397,0.12930342818685195,-0.302969965443755,0.35127120765711595,731.3796710526316
Wave,0.10287719873689036,0.02978896210527631,-0.24209777813634645,0.48912582643914454,584.0484180827464
Wave,0.2814699369214005,0.030634851968377706,-0.22403834655314922,0.5721997273793512,529.6074724305867
Wave,0.17207982729865473,0.045608680010021024,-0.21513623273326496,0.6227999950535729,465.51354109651527
Wave,-0.045369760922112506,0.03868893626916942,-0.22142009413528446,0.5601100932109423,386.5925880385599
Wave,0.19400971557312227,0.0331092181021967,-0.31268071887896187,0.5527579962825443,454.23312193627453
Wave,0.24520047224612268,0.2242588162801839,-0.19797358736238113,0.5715556621426214,472.433253185046
Wave,0.13672826275547487,0.03142891084689091,-0.19845059405434545,0.9098451623485493,382.45107041309467
Wave,0.03667815011109633,0.028670601058371263,-0.13909543230313842,0.4658449733774038,392.72197377622376
Wave,0.41392215656461323,0.053848372500681904,-0.17911867683682056,0.49301146878135854,477.46286412869915
Wave,-0.07283737995362921,0.08051551650408414,-0.04398516251601756,0.7462734941609772,517.8887362637363
Wave,0.2563766692280613,0.032505479321242606,-0.2017132448916041,0.29561275418636757,560.7954197303922
Wave,0.21482062116714093,0.0420882703690584,-0.32159768730227645,0.3120196455243628,564.1392969066537
Wave,-0.11285170251109483,0.07864837186559867,-0.10188226641907741,0.414004939821107,418.3849862504645
Wave,0.10660141067212943,0.048987937285840236,-0.23525549476521035,0.5319087716441688,547.3750203600747
Wave,0.05995677689475125,0.09948524713225992,-0.30424489315311115,0.45273136319702434,801.8695985888636
Wave,0.12475373721284451,0.023829423205392455,-0.2054253370213466,0.5802447301289884,492.7632827660845
Wave,0.1989191553836058,0.09403787211170611,-0.2086577440053059,0.8653700457732336,551.4028158490116
Wave,0.27972637532883876,0.06770711734424793,-0.25779530301050596,0.5004863149989405,543.2818989473748
Wave,0.10398267139508145,0.05969912779259601,-0.27512432459961716,0.4612295883432646,612.4597032793841
Wave,0.29506272569343034,0.09991935723638012,-0.30867789997670675,1.0247160493310417,485.1594310344828
Wave,0.43551413648495296,0.23737185051544557,-0.23618890753226196,1.5857865140292826,431.99275735294117
Wave,0.23618347139083448,0.042221432977684166,-0.2776440104679725,0.7252431250638183,438.22405141843973
Wave,0.14703323086415482,0.11945185353516377,-0.2628011473396794,0.28941253852233745,694.5348619711043
Wave,0.1980275371662881,0.05420217530852307,-0.2052780002829531,0.35662226111659723,574.5361990996493
Wave,0.1952625342642414,0.06511679730814857,-0.23342724826011121,0.5917074146558736,476.07604569527723
Wave,-0.0777707421001953,0.09502675812991647,-0.12017613557072673,0.5294131032403407,470.81454512105654
Wave,0.19336214851878075,0.1165253491286723,-0.232072000083066,0.6017786925791453,604.4872307181981
Wave,0.21903029449533212,0.006327144524272861,-0.3567608024805979,0.4602024744411336,411.0416494307375
Wave,0.06812312375821729,0.05482414712358141,-0.1968560543426501,0.4927094776443742,536.8269179073615
Wave,0.35423628097642923,0.1677083439767389,-0.1889854150842011,0.41961154424631264,777.2459469240913
Wave,0.10075586158838012,0.026030703558752845,-0.39267536456664054,0.3896020693455106,408.5387441871696
Wave,-0.17496636209523703,0.06323428775328334,-0.23634777301514018,0.43885496499987103,655.2618911161302
Wave,0.053958879658520545,0.05159095898614707,-0.24284916216491811,0.3833961267862405,469.8463560632915
Wave,0.317485494235655,0.11009339026649448,-0.397189240343702,0.6500248034464491,486.2950834109972
Wave,0.26471173834249806,0.11833103410163814,-0.22591117096794205,0.6110408042463489,478.8150877556661
Wave,0.07645474847856626,0.052472495455249894,-0.3916514144438423,0.6093082424445154,372.418418642303
Wave,0.2712133692639851,0.06844606738934529,-0.26753732579441303,0.46374958949455286,556.6376346852861
Wave,-0.34199647243663944,0.15112898460617197,-0.1817568676882507,0.7386234196793353,376.7436672151378
Wave,0.08175122652063735,0.05642209842709098,-0.24639720767015524,0.4658625600144269,494.62761766292107
Wave,-0.24544243336477997,0.29783484512586805,-0.20803484242530615,0.3292308230856992,790.974592381303
Wave,0.18776963160824453,0.026089295106548196,-0.2040611812311125,0.586527375110306,404.7996784666946
Wave,0.3114136943218609,0.15412063625811429,-0.23067039627352862,0.7074365128906911,505.6466672685143
Wave,-0.07736940960839345,0.08871485048105374,-0.3209967644714322,0.7847645266758322,527.4010291874187
Wave,-0.0957100984686399,0.1451237606882519,-0.34205507752101055,0.5064520169474749,925.252235874613
Wave,-0.13865678253211478,0.20073185145372974,-0.18095261540218643,0.7239739693162858,553.1541255482457
Wave,0.12389733913120383,0.07722824386099245,-0.32458711991894335,0.47731207183097757,578.4403184738602
Wave,-0.25637669567237914,0.12597415810565538,-0.17182614356259973,0.4025997571500461,585.3931588037972
Wave,0.20846889960780227,0.13441707722363433,-0.29991552232670166,0.5550449163941151,510.27694039451114
Wave,0.059408363381212435,0.036060920971551357,-0.3398050782140059,0.29275201671136974,457.12191959261315
Wave,0.03745110065898533,0.04180862889094414,-0.13152211697148117,0.7367287705533115,358.39852941176474
Wave,-0.07457190995865377,0.03892412192255763,-0.24609195614009508,0.8801441458213366,462.32550438596485
Wave,-0.028657020951682436,0.026040537105235934,-0.24988058836689928,0.4746658004643997,398.34191254651785
Wave,0.11723366895539082,0.15360191668112888,-0.22036122637940353,0.6255255070682597,548.474373931624
Wave,-0.21338395685364034,0.10216775666663877,-0.33697670986274475,0.5822456259948172,536.5211054650692
Wave,0.11245851618140502,0.02119423761346385,-0.2551727304515288,0.5349656289657031,555.5217791308309
Wave,0.21876297558210905,0.13658680828202796,-0.3225228370598748,0.568018180613909,527.9336794871795
Wave,0.19468963167941927,0.06304048494134487,-0.22971367123655803,0.4825001766693502,616.9240470034167
Wave,0.5273475930850956,0.08548514505799894,-0.1634465011820833,0.8706880758605848,358.66656250000005
Wave,0.1774098167878795,0.06672519675479649,-0.29102646351326433,0.6820063533630693,450.5484680851064
Wave,0.03597650440679826,0.03437836019517646,-0.2213826749200503,0.5371979748981234,471.04284086393113
Wave,-0.10781130048362927,0.06961421076532112,-0.16871476244435235,0.5922617201483685,501.01187173554763
Wave,0.27311798392256403,0.1498598425131923,-0.22333997401699912,0.6514052732847854,398.1126693766938
Wave,0.29919122205889803,0.1299788699109125,-0.26417083679327985,0.5556882951699607,572.7552566964285
Wave,0.215556583417456,0.24881564023519478,-0.18999322987632186,0.529302690852048,657.9248108041845
Wave,0.19377470013343023,0.16151833133115667,-0.25589355716466816,0.46957614702664574,567.0635106382979
Wave,0.13696989852459265,0.04731848790477623,-0.3406578611243314,0.23604585873975573,448.9159634495565
Wave,-0.15927230323255387,0.17623853581975568,-0.10903423756395537,0.7537575046324861,358.7664032634033
Wave,-0.053186116841025394,0.033834647020879675,-0.27851142663293016,0.9076505309474304,180.80328609625667
Wave,-0.1857875062320321,0.04513216273669243,-0.20597150402929826,0.5173411785128779,236.0681284357821
Wave,-0.038319994648789546,0.1148327499402625,-0.17568181444968306,0.6760635262533464,305.4295185185185
Wave,0.2007988789086677,0.04311956355647721,-0.1529555665965199,0.851788294642341,532.0015517171972
Wave,0.34388393240447224,0.02639003773649077,-0.2113619324762647,0.3005083690810105,315.1957465323367
Wave,0.32450864812819324,0.1539040933699336,-0.27339440627862915,0.45685774459845224,1004.3871001979342
Wave,-0.14522965147835304,0.16561707642465875,-0.293573094007086,0.3961571837489005,678.0182374370703
Wave,0.2180254655072937,0.05263946087991138,-0.22938976208623962,0.530745359291842,564.1087428774929
Wave,0.2605649108466107,0.04576028051830269,-0.28878909911146017,0.44391302803075733,534.0237464096006
Wave,0.19598236466756078,0.05339152232031959,-0.24581778267011606,0.5543187553753353,511.6454196341293
Wave,0.18049643416721137,0.09943894751756863,-0.19989277545364795,0.8100326105145256,367.21695758098195
Wave,0.21579349742894302,0.11961779463206676,-0.3718749730381645,0.4626772747472535,633.049662101834
Wave,0.16034891548053634,0.052996951267683674,-0.284688666977763,0.3758729490836525,505.5007586724845
Wave,0.09195569467750817,0.07375659222134215,-0.23470689362319064,0.17104787032225877,581.6687047146402
Wave,0.09401903442110564,0.06556012636209657,-0.26595189494007343,1.1361571350188566,260.7976866883117
Wave,-0.08086980246263176,0.10171336487289717,-0.2556077669551121,0.8587100695522966,368.1745559904997
Wave,-0.15969667352352335,0.1611430176403836,-0.19988294777006047,0.6198204374936067,432.5277230488529
Wave,0.0632710176936424,0.008512445364598076,-0.2617626157174579,0.5858927911145942,424.27599025974024
Wave,0.25314287957279014,0.037528577784159356,-0.26419048425651687,0.31928947567081123,662.406157962408
Wave,0.2157812033989475,0.07761318623269696,-0.25868725336374515,0.7678918113515457,636.5205001622398
Wave,-0.1266667068292386,0.059100510650435055,-0.2778341197938938,0.39988625666773764,424.29881916612794
Wave,0.2782595280501828,0.09273410774048381,-0.21870393473263564,0.6825994762311919,523.0388136604774
Wave,0.11810237183909753,0.014947682075603543,-0.4180078285482567,0.2534527993700624,291.690373763024
Wave,0.11835676192692841,0.051057898820540425,-0.35310206772729674,0.549724099086845,415.854442123621
Wave,-0.28761952429246274,0.12924504150460844,-0.19309805986044765,0.6476993405374665,561.3690880858272
Wave,0.5428175757263741,0.19289943167991214,-0.15139050226680306,0.7775490570054061,671.4608415981772
Wave,0.2749354011475298,0.0823021489807389,-0.3296406614763299,0.5930814360822972,416.22822822024153
Wave,0.12478390541811414,0.06578424927569142,-0.27435626813728464,0.46943492210555526,340.85445045119366
Wave,-0.057673429309238425,0.2518798142924502,-0.12925279045179003,0.7361843422457589,373.3164065018419
Wave,0.18457631460388924,0.03649257268905061,-0.28612325171277253,0.7620318038128238,514.059712510231
Wave,0.01403815506447174,0.018763302976611933,-0.20989950398360493,0.3742717622802974,353.1630376079658
Wave,0.07920928883420467,0.03762322566905947,-0.539106888763017,0.46676939827847647,279.4433697380245
Wave,0.3651649338705371,0.25898864893755064,-0.23418626869317424,1.5460083228205683,510.5420615013006
Wave,0.23947253817465322,0.030273264269570704,-0.19770085609316473,0.7211892515966352,399.8209553083529
Wave,-0.2057580058073494,0.08896171347089084,-0.23319270775338197,0.5879192399784516,396.4878463557576
Wave,0.034334894839757574,0.047585427718683,-0.18436275742365668,0.6520689494807901,304.7741882934502
Wave,0.1818133703561848,0.02726686229790366,-0.2592687121454479,0.5143386828941046,337.6574757449758
Wave,0.22679480834790378,0.09973436364316612,-0.23972209229331867,0.5222013669849375,596.4954545454545
Wave,-0.2048872191067202,0.13511116171290238,-0.07936525223767418,0.8040578013643919,475.7965662202381
Wave,0.3398993896324668,0.1351175125450061,-0.21862015433108756,0.608218843187488,180.2871341099164
Wave,0.15919167220543132,0.06572483826568923,-0.28184040800414395,0.2613880862449424,408.2147838788204
Wave,0.18817170852001164,0.01710266281427237,-0.3446714361614546,0.5430766481532232,354.31815392706875
Wave,0.20385294477974655,0.09768734705026001,-0.23770569783089443,0.7045257533699669,514.2060925066313
Wave,0.1650354659350467,0.009875620745822766,-0.1767540461739906,0.6397930445654345,385.75044053286246
Wave,0.042762838633603,0.06646768075626935,-0.19467013437874925,0.5112210715887804,613.2188047292781
Wave,-0.27877806371622466,0.22961482126466515,-0.19290289962437324,0.36634099798252445,482.60762029637027
Wave,0.13842065394057476,0.040858257596459474,-0.2535112929336329,0.4345874499902071,534.5564390756301
Wave,0.13774010620696825,0.029252419225290104,-0.2812108939091563,0.6038047496684599,488.60460412335414
Wave,0.11855385371710403,0.0016142125066783044,-0.173900910176501,0.5978329755404508,462.14815118755837
Wave,-0.009184092657910864,0.013599871610758693,-0.40742812655588617,0.3403562979521342,319.81294629481675
Wave,0.09806799131780194,0.030599205362376345,-0.364959143120153,0.4327587162921845,585.095518674281
Wave,-0.054701270416339626,0.06490844904203719,-0.3736611469275028,0.3751055248086137,518.8269016895296
Wave,0.1314816876847333,0.21074240177356207,-0.18659350352308962,0.7372964306048446,502.4336427473146
Wave,0.35318515028017317,0.2631924900590912,-0.18122722626130722,1.5388103760633194,582.3122957328742
Wave,-0.13858255878591025,0.13425707722773167,-0.26651426015049745,0.8232899023281531,379.7744330533597
Wave,-0.05729435439664912,0.08079741150326725,-0.3785804508773478,0.6589514569538354,344.46360896121826
Wave,-0.030404582208333766,0.18587582110433232,-0.14321210077078297,0.5888445122039095,729.0633184143222
Wave,0.24268325428369839,0.06263013924122558,-0.2684681971407415,0.6919481994757073,656.461385668489
Wave,0.22480173639695666,0.1309528007438464,-0.1790070594265858,0.3319463935508712,642.1626201227966
Wave,-0.22205928298818023,0.2579008128578537,-0.19252249712899414,0.7179214827740625,401.2646690999632
Wave,0.14140132471409916,0.08380832051707245,-0.3028695826030927,0.6515682436148703,498.970293919588
Wave,-0.32535793586326145,0.1787575626438524,-0.0850457307545572,0.6109793034660967,728.7804554469815
Wave,0.05697779371897641,0.008527810280977991,-0.4607675343046208,0.5921469973988798,433.51595156635483
Wave,0.04836075572253629,0.07793134243453673,-0.34997309297238127,0.5938200516689934,490.30781176551204
Wave,0.13008832756371175,0.14502112304683434,-0.09730766614344832,0.6080200045803152,365.6565617896217
Wave,0.10622673817742626,0.044474749181184325,-0.19930958893149664,0.5271604705790058,495.27332771114436
Wave,0.2104313953111067,0.027496721446946978,-0.37078258288418525,0.28522617730438293,306.86236415197607
Wave,0.17156114154194263,0.10751659135680941,-0.28377443091617516,0.4535290366031643,858.611041887679
Wave,-0.3038348914773764,0.17109026450473067,-0.3316315043180506,0.36942670137695605,534.026143946514
Wave,0.11644717260509035,0.0768752605153583,-0.2947737121280996,0.5111374501789613,306.123753196931
Wave,0.2972149797550353,0.14094573262622972,-0.2591751668285436,0.6313483988990807,600.2806138392857
Wave,-0.3108053849810933,0.11026814058212193,-0.18203287397237466,0.5658688202705958,670.8937518663681
Wave,0.058385587524894714,0.18858578262264308,-0.1428948797219354,0.6855531330525454,513.4429004816142
Wave,0.2395568169903949,0.09375515765031611,-0.19158314894977616,0.653883992353204,467.81936963097394
Wave,-0.03723221814454972,0.0707258112490189,-0.32414307418609756,0.6598701577260462,418.7258238245131
Wave,-0.05548126426116911,0.021597617884824123,-0.2137447876751664,0.5716098050513292,703.8634530814136
Wave,0.46174434947719184,0.043738257522708004,-0.17354428024018567,0.7185364455618397,524.0423672483348
Wave,0.03461528820990456,0.2604290586317782,-0.18425888817730457,0.8763303796274877,375.26223644003056
Wave,0.18638221798455792,0.025644327128186272,-0.3994344818205389,0.1503946102371807,329.1803817808588
Wave,0.15181236871586273,0.05608898703997481,-0.3564156172450221,0.558675174015292,542.1064930389826
Wave,0.3069640604772153,0.1594868845201823,-0.2425302249350832,0.6207333557239622,337.3728960212487
Wave,-0.0521288838898048,0.030922892934112878,-0.18895791984573607,0.47249094830675403,287.5793979933111
Wave,0.46415675830462233,0.24989692061723623,-0.24375758456952762,1.5276827015449983,627.432563159141
Wave,0.19516354705803757,0.026629320700913676,-0.27004157858157857,0.6338211317101471,589.6022056385551
Wave,-0.09210875665052895,0.08312960094418442,-0.13921655675404293,0.21625515198715073,503.8696236782086
Wave,0.09422729506545263,0.5040482073227088,-0.16235439412644484,0.8079676300499292,620.3424405974333
Wave,-0.0786583987092863,0.06945031832393544,-0.29651884597928707,0.5789091874418429,498.6048984034833
Wave,0.027860897673916474,0.08475992100486765,-0.10892067879773425,0.3975128865934328,550.4331807278743
Wave,0.13867554886844885,0.05928837236137337,-0.2658007098483646,0.4729443062534256,535.1917687495431
Wave,0.15052874714844702,0.01995541562214047,-0.2836921604659048,0.28771789640559736,555.9327463177739
Wave,0.27128196174304503,0.12039300587982066,-0.33705039699621625,0.9916610711218332,541.2104354838709
Wave,0.21975000011814952,0.0600787436599553,-0.2555478083318457,0.28162155428463453,420.7380925928899
Wave,0.03353705327257372,0.010443508055223885,-0.19080518886667105,0.6994969962606647,436.0777395215744
Wave,-0.1522235169410048,0.10495085518691791,-0.3109564724113803,0.3987677456610614,530.1735765583408
Wave,0.09250988682607433,0.11091654005335361,-0.2614720678576669,0.762368468594008,371.31739130434784
Wave,0.019296828736729117,0.009709474783368137,-0.24213145761722413,0.5123508751502468,408.9861357302118
Wave,0.16052068670889386,0.04406809106099642,-0.16756162456322404,0.619204519742545,553.4054410382898
Wave,0.17196890291344455,0.019682124976130016,-0.39188078469958304,0.4009394933731651,531.9185907477544
Wave,0.18219343805350707,0.05093825733832886,-0.2241646277423479,0.3249062938008729,447.1179217376606
Wave,0.23444976140597953,0.10802588711841517,-0.2800149345177102,0.536517080915691,841.4499623422244
Wave,0.1949228278244599,0.27933855878774494,-0.07307541283184077,0.5660988024868392,562.5419658921944
Wave,-0.06217630883618448,0.07897841026943893,-0.3143235489081241,0.46661877890929476,600.357476076555
Wave,0.39150167511031936,0.20008140332698082,-0.21876806251391834,0.4472365589780494,836.0560205149972
Wave,0.13445094223664528,0.17375658966052265,-0.3244749635537004,0.7782597569544077,311.148125
Wave,0.1786430826173294,0.12338957430500455,-0.27789850541007555,0.48776446179360067,495.8183600040258
Wave,0.17536917055497603,0.016538258219250777,-0.3840129072375899,0.4029248857974849,515.7503361825262
Wave,0.09999776611526759,0.027048475619757373,-0.32322626532479537,0.30716977655798344,564.2605608757204
Wave,0.2006926861118073,0.051328526214378334,-0.23357299414686092,0.6479222436781797,352.45181577681575
Wave,0.23653357018610777,0.030675415347620603,-0.19902366287389744,0.5177541684445867,659.052905795083
Wave,-0.028168339197357197,0.04993666965591113,-0.21370236479638652,0.4005358049103325,458.6683803696304
Wave,-0.1284259883635462,0.18587479677657365,-0.24178170439563113,0.5011448153083737,644.7240357281966
Wave,0.05125799159118921,0.01615311098199457,-0.18860777534664255,0.37862716215236003,377.85204815783794
Wave,-0.04968583379258027,0.0982886274445934,-0.327469650635455,0.7106217131780734,256.2995652173913
Wave,0.09823630162209529,0.07229344245087223,-0.15169456483163327,0.46304753778609103,647.0171426848665
Wave,0.1152806475389482,0.1568435043061842,-0.2158425370312305,0.6129446546807327,418.8417312834224
Wave,-0.17603733458779625,0.1325833256700813,-0.20112962961291442,0.8872691846757648,446.34824419002047
Wave,-0.15217003138072133,0.12883326174562706,-0.06788047865949991,0.3043631023002364,444.6221349074267
Wave,0.06850949170860574,0.036148398562140874,-0.29403679898169843,0.49151935493511956,574.81818923787
Wave,0.1512070696969382,0.06533620831405366,-0.2822465154763741,0.3287172395871153,590.5399253393665
Wave,0.3089389471467668,0.1522539013507324,-0.2938401567122239,0.699420978156474,359.00267129422303
Wave,-0.05773589062700547,0.17043059742815359,-0.1759680831106604,0.3889031651668018,478.28817178192185
Wave,-0.14353786047107303,0.0962450935660667,-0.3616777807152133,0.6512274603008071,400.4937994071147
Wave,-0.06137038424032204,0.08391730899059398,-0.2631295935181195,0.3313057025099842,573.6970501144236
Wave,-0.22678951514379753,0.09181651493427623,-0.10870789119280318,0.7980685265399549,442.3450954500126
Wave,-0.15289046479786306,0.15367812666637315,-0.22666192935041987,1.010539023046433,447.37004331480875
Wave,-0.1619730505474834,0.0954809450581064,-0.1864561772897847,0.8419462578114623,374.20952468230695
Wave,-0.2551534795971483,0.08164145757640316,-0.24985401667786694,0.710693698796101,430.22474202671395
Wave,0.16538821715491547,0.28412032563072137,-0.2171152744705414,0.6118069936061035,452.30444885303376
Wave,-0.04706125546789737,0.05514742496421448,-0.260794373624012,0.4924273859691253,344.10508017236117
Wave,0.46041936310973863,0.251000326478865,-0.2813544994727969,0.5613757947186103,522.0472636197609
Wave,0.19055350358395318,0.14898281308622752,-0.20462096989095843,0.810914820453289,369.70002079002086
Wave,-0.113475947235987,0.11022921612729275,-0.1956180000313572,0.4130742179858541,474.9555478748763
Wave,-0.15366054732111362,0.18636032813417847,-0.08905920096629157,0.8195470753055439,472.1975739054227
Wave,0.3821355054050175,0.19131684529278242,-0.32662894960747835,0.4968603308465098,664.0858484162895
Wave,-0.11439257408632698,0.13650465719578334,-0.14820504654035133,0.667879923130647,683.9366052631578
Wave,0.059711457425397504,0.011518642470713412,-0.4821218941769765,0.8357861863699692,280.97393127705624
Wave,0.23184083271063138,0.016649705079392958,-0.23632096842219924,0.5900617571828101,546.0280729166666
Wave,0.37782286350247113,0.03586916681513018,-0.19957349585642037,0.531566013298483,556.3798938361439
Wave,0.17671970667444875,0.07390184189752012,-0.25201727229169285,0.4144831005608405,442.53426516633203
Wave,-0.29321821182369556,0.23066844479722282,-0.11509297824076448,0.6386677830579868,628.4818207911492
Wave,0.07871997886435063,0.11548073968039084,-0.2825103609521049,0.4719793536135455,619.6725877009411
Wave,0.1879205011937145,0.027169756026382746,-0.18430947932661645,0.47278845839134875,491.32429385131
Wave,0.22217781870928666,0.17057052059998662,-0.1781879924878142,0.5501728307121679,493.77024246281326
Wave,0.11784804967739777,0.18955520641343904,-0.25200689995032904,0.7329947277645489,666.3453117144294
Wave,0.2636569930499198,0.12640662928536167,-0.2847565357552964,0.4910881410904511,573.2217619047619
Wave,0.27044995408709643,0.09086143173210157,-0.20812712231007946,0.6340758181874885,447.38955162869917
Wave,-0.12328551703343268,0.06362640041929835,-0.2603243019328755,0.4733481296070763,450.4813848944248
Wave,0.2690115730493822,0.06283520965850933,-0.16907829389065118,0.8291465989415205,501.3151993727598
Wave,-0.2067170616675172,0.10495843521233203,-0.26383056618718964,0.4050859815661771,532.1466448602746
Wave,0.2334064063211015,0.05647802672271377,-0.2226763691013056,0.4645298532394867,516.4594814744079
Wave,-0.05574064004115827,0.18158900943434023,-0.25094441044438104,0.7436057839428297,516.1687335205214
Wave,0.19595088076153808,0.0580268102938077,-0.29446575319635687,0.4785575762071323,486.3791681585677
Wave,0.15348592713985834,0.0683604335887213,-0.37121774329926155,0.4764283645646382,620.5203387935633
Wave,0.28843734292641976,0.11403992025505968,-0.24444706567753788,0.5687858298131426,491.7110954070878
Wave,0.08904422278771866,0.04566358397788524,-0.3327630214572164,0.4953531597811715,563.3378701578594
Wave,0.19847371007960612,0.22527863699670575,-0.17959509076776647,0.7166963110048041,536.7994964349376
Wave,0.1293785714986658,0.14889349170567237,-0.282969029662932,0.5323040363751171,486.8917074752565
Wave,0.13027317935179034,0.006254417253408,-0.21963425234755246,0.6769451998461127,346.21381946541834
Wave,0.1380371369693369,0.009952855058825736,-0.26382098916243124,0.5722892183684827,603.11503936531
Wave,0.13582188010157906,0.01683695219367602,-0.3377785852362458,0.6473214097581058,419.5750023923445
Wave,0.273363918212462,0.14903443920526405,-0.33315975960319466,0.5512300444976734,710.3214943781018
Wave,0.12166457280262648,0.12962281358200217,-0.2531543933887378,0.2099338308114778,415.15778642787524
Wave,0.3549248401689964,0.1305656048510728,-0.2750942250082673,0.9785694607395413,621.863486545682
Wave,0.07302028483683234,0.1696137984733981,-0.19298266202932807,0.577481455041135,420.88405099759206
Wave,-0.1633691426482298,0.10691428663471747,-0.021322742799728543,0.43885104264072383,463.3036276223777
Wave,0.08902611339090974,0.035434851845458325,-0.19755531875137694,0.6255734031888157,468.18332307060757
Wave,0.36151678332208026,0.17723930403996657,-0.284277145661756,0.37952977752180656,1058.1617017159608
Wave,0.038133595407805455,0.15384796020875907,-0.04976552704974375,0.2999998271166651,511.71636302010285
Wave,0.3063136165362895,0.03287976868425696,-0.18934236630285767,0.222149067269709,603.2890765286378
Wave,0.032150039486811416,0.01954384072871091,-0.2554869542379869,0.36880879018361307,514.2466093140671
Wave,0.14288229921701392,0.03401697736192118,-0.38121730455974945,0.6061937687191797,552.5767387387388
Wave,0.14359771586627984,0.025597412916839597,-0.21913651560625588,0.4572063931067742,442.39046489563566
Wave,0.14009029456881295,0.03977410909669374,-0.23886861329003542,0.3971546464255456,501.8762566137566
Wave,0.2902810387178058,0.0641871174343888,-0.24612146773643598,0.5083300163668154,661.6240367819779
Wave,0.18240145251010706,0.1312855023998591,-0.20445914154968736,0.8100879640447376,792.8084788257408
Wave,-0.048393035816430896,0.09177595155503318,-0.18639055479792196,0.60922857683444,576.7239487179487
Wave,0.2783557673612488,0.10003264788648791,-0.33547041988464005,0.736891505625126,459.7872913609684
Wave,0.32160510928391195,0.08603643825770968,-0.2796884116363315,0.17281411927961288,529.9071456190868
Wave,0.22194686338942066,0.09024048424480197,-0.10022421246928476,0.4509756789234544,403.7565774281685
Wave,0.20846889960780227,0.13441707722363433,-0.29991552232670166,0.5550449163941151,510.27694039451114
Wave,-0.17971966567492215,0.032622457551281465,-0.33481292268210583,0.5648994017300131,416.2048063241107
Wave,0.09422828717929672,0.03283060095184118,-0.30550735548965663,0.6171401174440726,539.9509871794871
Wave,-0.27645048610278244,0.11754004820640081,-0.3095495574008585,0.8076224739474027,541.6406518071935
Wave,0.1963175972021031,0.04451367363601344,-0.21036665773699909,0.560411964602518,598.3492159498209
Wave,0.4298266122903619,0.0327031745786639,-0.19924686699810557,0.44413379938848135,561.1206692501047
Wave,-0.10875751980553819,0.035405351206008934,-0.18273746291255624,0.4399599731818295,537.1893723942989
Wave,-0.11560226175937169,0.04071116413031586,-0.22898343452991612,0.28757750128246523,416.4392942383704
Wave,-0.06056923145416852,0.040740255038661924,-0.25596470535815036,0.6419881097984965,419.77674450709134
Wave,0.03824016961345659,0.07049144505783753,-0.26425963522353124,0.5357237780409877,590.8223675875131
Wave,0.06955647431494678,0.045338052616183094,-0.18810483649439802,0.7474347835860787,421.81448260715445
Wave,0.2819722608577354,0.14948125097359155,-0.39037660795533213,0.41798509668795986,545.6993321404059
Wave,0.30595433131291944,0.19658987972881228,-0.25354491080587277,0.4372018667157968,255.70431209415585
Wave,0.08614727841683888,0.14961154546449304,-0.17429617470678754,0.45664230830284624,488.4861413043478
Wave,0.4153149046074325,0.47530823366688224,-0.20227566575019643,1.61977691738357,572.0456114426115
Wave,0.10652669358661314,0.05743044667271584,-0.23431328080223568,0.48082072272321347,511.7580120320855
Wave,0.16616717343938472,0.0555196656717115,-0.2882709695773136,0.3506298319368358,574.72642171238
Wave,-0.20222836367099886,0.09550102188217617,-0.17359947807249448,0.41487936593962654,341.0401960784314
Wave,-0.03753177691420271,0.0568818167251776,-0.25786914245118775,0.49628292361812837,723.6757486041023
Wave,0.0813889596081397,0.12039464480423438,-0.3421063627313913,0.43882369526078213,849.0478615897159
Wave,-0.25330996747156076,0.10726849917366202,-0.2843102681896337,0.4635620192682139,548.6638545009628
Wave,-0.0417450366546912,0.08742173911852136,-0.23193571966338852,0.7093244439207104,488.0154405034325
Wave,-0.04374801187126223,0.031765504948386564,-0.14226914048017206,0.47855634406832154,440.26408173076925
Wave,0.09007061146641407,0.214179226269418,-0.18892957336782934,0.529993177087713,495.4506927973647
Wave,0.3588052250932189,0.13152744861645457,-0.31038061546382145,0.5610237250562614,713.0979277611602
Wave,-0.1258282510114981,0.05659848766713224,-0.14507496544720383,0.39134317611210606,532.3217384336677
Wave,-0.1652775618489863,0.193224348444959,-0.07579280992338464,0.6507837893294711,594.3591749840233
Wave,-0.31677890392977875,0.20276923936570446,-0.12524047567910307,0.5415336581789326,497.73250167224086
Wave,-0.0892355105343058,0.10125671955808654,-0.21408993316542257,0.9576805670973705,526.8761162521689
Wave,0.44085131745666006,0.1481619168204374,-0.26061302191925373,0.41067523510399906,579.2852846907994
Wave,0.12520026868066916,0.03975280307931362,-0.26383558436579135,0.45226632927881955,558.2204526810724
Wave,0.2869751455121026,0.08765344205753031,-0.4199740612508471,0.4151608291098168,562.7530407470289
Wave,-0.027325187120954463,0.06418056173673344,-0.21847460454547263,0.6682043301278152,455.6303502981078
Wave,-0.17166355637802017,0.05736366050285123,-0.2340629135911541,0.47347463981178367,475.62946047008546
Wave,0.19739096649338922,0.016843917622434878,-0.19821945425426069,0.6338809273679615,470.7713525641026
Wave,-0.11584535660639908,0.27647986487887655,-0.16204919930451986,0.818760055644023,597.8827302431612
Wave,0.31171432300138824,0.2542181496999193,-0.33316322641558493,1.6089441550207315,427.20436363636367
Wave,-0.17902017033198048,0.11614266027803685,-0.2072592516216971,0.7477346957186691,475.22244152046784
Wave,0.19988755678947182,0.12725190455180777,-0.2813514187841563,0.4672112991049113,686.7542124100019
Wave,-0.13024146239067505,0.20245804859262356,-0.24146591417176688,0.7137995938849704,625.1654803921568
Wave,0.23204250829479572,0.04782737393527857,-0.27582118252839366,0.21473047992485045,451.0587025462963
Wave,0.2539792431652459,0.07794097111546806,-0.2164735341165657,0.7741045237748169,559.9692956558945
Wave,-0.1844414832281766,0.14646952249757944,-0.3177285784818852,0.8992166866004663,561.7746351674641
Wave,-0.16315470763184187,0.5022582969972267,-0.1646306284001798,0.8283419654438804,534.4025959889167
Wave,0.23581039107750862,0.03066107475899934,-0.3221992901925855,0.6182867605928476,295.2958823529412
Wave,0.14169317808427168,0.1523444519245979,-0.3875548802998852,0.6322559656809095,498.1655943134415
Wave,0.07423345251469028,0.03396063933519489,-0.23035700370877754,0.40272714951851263,662.4166982975623
Wave,0.29300791081007216,0.16779787022284587,-0.3157126834654688,0.5499066466017236,592.3510304227
Wave,0.41327717266621616,0.2020690089098845,-0.2083333476744482,0.6357399857638137,573.9365623585686
Wave,0.2162938689219253,0.056288116356258265,-0.2801161315846555,0.6876491205165806,508.44561217948717
Wave,-0.11468124562502305,0.12731971504943113,-0.3016151632536343,0.7135417027318893,395.2204162021553
Wave,-0.17399332890979027,0.07066967808784437,-0.23515463776747741,0.4551173496921839,427.0403882273018
Wave,-0.13267936523509022,0.03856683640033704,-0.27783581791486356,0.6215264158360275,444.5069680995968
Wave,-0.28281305051022076,0.5096816002642355,-0.17812815953713376,0.7376620284878259,501.22402970870576
Wave,-0.02196776459740956,0.04858476188003162,-0.21243984064486202,0.6051066425800161,558.7740728900255
Wave,0.18033565051871073,0.05366194484860583,-0.2653414759725015,0.3904750024517832,597.7939038494185
Wave,-0.40403315092082615,0.3854927174009546,-0.19767077682350975,0.6850619625831393,390.6464377820761
Wave,0.2768708292047625,0.11429682165693161,-0.2284448950040263,0.6108270030462601,413.4580719916288
Wave,-0.049672868388597274,0.008521664314426004,-0.23198052114268353,0.4512944956142926,424.94643753108124
Wave,0.5423037579665457,0.2807349223883502,-0.160629878322571,0.35728161008376447,758.136063566368
Wave,0.2985970891228953,0.029826862232346714,-0.1967763625789326,0.6253239335437172,589.5419403714565
Wave,0.0907273163107346,0.01521031971292399,-0.36994888168220086,0.5985922641552325,302.52405320236204
Wave,0.11094198795318871,0.16760693552863148,-0.241896829347084,0.6104258928160435,288.23512500000004
Wave,-0.26716770142917673,0.1741870121847116,-0.06334234675374567,0.3902002129148357,611.3868035473298
Wave,0.34608175084723014,0.06285508161702733,-0.3207559291904747,0.5381383452078612,477.9923406862745
Wave,0.1843758519669483,0.02200161275283964,-0.30777463324608634,0.4435212818831403,518.6287418683858
Wave,0.22385483399307304,0.16375812640824258,-0.298498334088465,0.5603622805634711,506.989377263198
Wave,0.38631856474953813,0.17648970098617928,-0.3117592902440778,0.5192068851182772,653.2317846907993
Wave,0.34359494433479365,0.1263974103355336,-0.25117695008366014,0.46336966573115485,450.832777992278
Wave,0.2625646357623064,0.10254061197079097,-0.23852488020980966,0.44757833770096045,567.1511166472885
Wave,-0.05428559238236646,0.03419930770296264,-0.20757490665108216,0.6074393443441679,521.7537986425339
Wave,0.09949738699836778,0.07811654089330247,-0.308836699070615,0.3093745670114306,370.793493315508
Wave,0.12587056274564087,0.01216950032856593,-0.24143356381340664,0.4297041510563795,424.3426768739286
Wave,-0.051662016201188064,0.03730240621504724,-0.20484789290492708,0.6599529463112019,342.3105499325236
Wave,0.13623020363045385,0.03284432694380725,-0.2558184302003573,0.4869118891707851,449.92602746212117
Wave,0.2282421836205382,0.130584657347384,-0.32709910664462,0.573063830713139,518.5487344322344
Wave,-0.031119992372699523,0.050972469885468205,-0.25713983244454186,0.458340241698257,305.5556612094744
Wave,-0.14183964760619636,0.24769297701170334,-0.06408834321465329,0.4314239319000742,628.112486545682
Wave,0.2780401456622838,0.030344762347125194,-0.25561669949554844,0.3744542185193444,489.2262099935668
Wave,0.2772120394222903,0.1418907774163694,-0.2527571800766508,0.6642379964922157,625.7060860328802
Wave,0.25684314104164224,0.09151679663209232,-0.25749786281985704,0.5569364185870026,623.5778644226407
Wave,-0.18475412576896583,0.14531653917243176,-0.08293754940483611,0.39252462320229836,428.18725108225107
Wave,-0.09091240942289289,0.05239792439441944,-0.3212956547755515,0.4562332795886845,641.605899975488
Wave,0.24808728628028298,0.05437917914521944,-0.2506533066527735,0.548098671003659,520.0872272727273
Wave,-0.04416972793442579,0.10688314707085399,-0.16996343994976126,0.6374005909087035,417.0992697881829
Wave,-0.0540728879582483,0.019021433571794328,-0.3116488009670879,0.5332408589861285,441.65798257786
Wave,0.25562047709460745,0.17047361919401743,-0.3023722607449176,0.5987885176377853,455.80454820336894
Wave,0.23508353123968415,0.12016007374750134,-0.26350241794110263,0.6268369746267322,422.66148428288983
Wave,-0.13630470375546697,0.10623577192738097,-0.35687830873490856,0.352403880288475,529.9069324172635
Wave,-0.2222371283144264,0.0914047351752949,-0.37491499418686597,0.34475242137642964,458.52673420117156
Wave,0.14010857057652415,0.054011445479860615,-0.2968663930243829,0.3946467200001956,599.9530813836898
Wave,-0.024947296882842668,0.03086594031073133,-0.255729779659452,0.442890040597155,623.9990466756245
Wave,0.2306966235545263,0.1413380501577965,-0.09269122944245242,0.49778088184282965,594.2281525157233
Wave,0.25231812224843597,0.13244319763269669,-0.35500262869185584,0.5547454095693173,685.3687417462625
Wave,0.49804171033649236,0.24588073634108232,-0.22096081553815974,1.5663861632679064,547.5389888211382
Wave,0.13858404056668733,0.0643397422704292,-0.27878048095337604,0.4419854256314541,271.9712913045327
Wave,0.30954853073589333,0.16062819050888114,-0.3287696149936827,0.5231615225556889,701.1836255633582
Wave,0.17259354403682084,0.07242803911836007,-0.26227282797865625,0.6794836236860776,579.2569788427033
Wave,0.2602375957650991,0.12985328732770066,-0.37401087173032943,0.5772777894698028,596.9234704948456
Wave,0.41704485849423634,0.17705492504340775,-0.28795528862184694,0.513407175377864,659.526165954416
Wave,0.06940648002935848,0.18858578262264308,-0.2150536200843244,0.6861493216330996,529.0107080585083
Wave,0.17984504925217226,0.1363479350487084,-0.34425926389437206,0.5542834671112261,607.2649119684663
Wave,0.13160846207950355,0.09286686061800609,-0.21678948619399893,0.46183188526227037,415.2399931483957
Wave,0.22808465549131285,0.059962789757674995,-0.35004233762476056,0.5596013569724673,452.20225008625147
Wave,0.08494936267582871,0.1352070387911129,-0.1864414908903003,0.7191910503345863,423.41296833355324
Wave,0.06074958172930893,0.012368219913745988,-0.30522658226090144,0.5118975090048025,557.0612112403101
Wave,0.0453988120527898,0.01585441700756934,-0.22360776639735655,0.598388373191781,593.6461235795455
Wave,0.21100779912598172,0.17880488658630245,-0.247022738963641,0.4926738263673959,832.5844275254669
Wave,0.26093086543775634,0.11042158488036916,-0.16693196051017797,0.5835578744680148,464.03872873535545
Wave,0.07756712214428567,0.10833605356373742,-0.23565250878185093,0.9804338943005357,270.3295331154325
Wave,0.13374173058753858,0.13329216047907394,-0.28678502392472494,0.33203643540688976,701.3201182071032
Wave,0.1511665704729011,0.03202302094691367,-0.2269215858822696,0.500052714237462,462.32718843479665
Wave,0.16565697199162266,0.02056878308402603,-0.2282690288013545,0.716905962813394,627.0627588491022
Wave,0.17094408712789633,0.07065062559153323,-0.24500374164085503,1.0162171792066201,436.0072973856209
Wave,0.14587565077859835,0.046341893819669785,-0.35495650728310707,0.5598012019221138,656.5364830590038
Wave,0.4110321978588315,0.259012823072655,-0.19922323548754872,0.442329317073029,577.8707763975156
Wave,0.172552115620957,0.12314885728171945,-0.31943142036871075,0.34463130956621957,850.7826065365026
Wave,0.2502563212932873,0.14629374785419336,-0.1765131943493609,0.42860308819222986,657.0058890013495
Wave,0.30715557998299897,0.10670307025088174,-0.22466449353089793,0.751931238150707,564.3257764008621
Wave,-0.11793579460558279,0.11655116218819044,-0.0960379798399582,0.5249069040227714,322.5013669301713
Lopi,0.28474567241613447,0.15322312027597645,-0.1358245992284581,0.6262668014135565,523.2581855358818
Lopi,0.6966059674235741,0.19270521913687022,-0.16286731716384012,1.5132904159084295,617.07548811545
Lopi,0.3005921270160104,0.13295372258761273,-0.2182898502645077,0.4711993040187286,574.7519404901833
Lopi,0.29945427519906487,0.08555582367334645,-0.19788554493922336,0.4042780669454803,452.75811115355236
Lopi,-0.1383100497567658,0.02533620933838133,-0.23558868289248297,0.29161885175100805,432.51588733999034
Lopi,0.4104102871721403,0.031071830190222072,-0.18608497606590232,0.6102889180808235,459.3462393575851
Lopi,-0.054323733608638944,0.0261724705205513,-0.09986996908763159,0.5094473234641143,434.67239204545456
Lopi,0.3848823561012805,0.1929090603608436,-0.08831378229524292,0.7130367690947339,342.26411036036035
Lopi,0.16719205982595559,0.10955008682330118,-0.06887671467018348,0.7100822850911532,404.72744080833917
Lopi,0.21464678159173362,0.21257389980604607,-0.1845566626491345,0.6682269777588535,652.0790538362347
Lopi,0.16256662670241578,0.1199466038425965,-0.29396312978396,0.46635418977033155,498.66715006423885
Lopi,-0.07445352096706827,0.09765620748639672,-0.20592974919307708,0.6576511841831015,418.4284505990926
Lopi,-0.1472957207414966,0.01148197153695338,-0.31515948992532267,0.3561913304331448,285.17771297001684
Lopi,0.17416690465862922,0.04804739953783868,-0.07378982543204214,0.601837179192304,493.01739002932555
Lopi,0.064216589366963,0.1325011745838367,-0.21194947615627013,0.5468856849696279,224.74555109922755
Lopi,-0.42317936297637776,0.2959722075295207,-0.15141488430886524,0.702106310261981,473.3692469545958
Lopi,0.10624039249064199,0.06853989581203859,-0.25141587752730493,0.5073689639438406,557.0396873496874
Lopi,-0.024262588972191503,0.11922015059615494,-0.22285845393596718,0.5604679909036694,557.4897104939868
Lopi,0.32463341505200777,0.11417492665365109,-0.18275880469627195,0.5048095213238495,406.3602524038462
Lopi,-0.04505814619848142,0.010124122660073674,-0.2658737826204244,0.642370150399912,412.858929547557
Lopi,0.14880471509609422,0.2945147939944995,-0.4059244042013439,1.557084583970345,448.4897380952381
Lopi,-0.4499963001618964,0.37085261534308267,-0.14795213837406693,0.6570249055880704,354.29341004939215
Lopi,0.11958227986000892,0.11152458101089424,-0.24146101745924065,0.690236319363273,449.5757156093113
Lopi,0.33949143498348067,0.19337471975993023,-0.10937309589613042,0.443853163207638,833.8567646458828
Lopi,0.2545494881029113,0.06250476152356566,-0.13334977474411114,0.43574279238460306,592.0961711818115
Lopi,0.27406894498366047,0.10954496518450796,-0.18799609045657886,0.7084327500628582,668.767191632467
Lopi,-0.08807271078308351,0.012883251910800224,-0.18637422744065113,0.5551908103501041,352.8709896536826
Lopi,0.23611287595188757,0.16950112241994564,-0.1888474829999442,0.3054004934059103,643.1338882657462
Lopi,-0.04353898670540387,0.20772165921327368,-0.17918596384157956,0.7075341605285212,446.78585674452864
Lopi,-0.015659701937345005,0.01573375119759918,-0.2239455758550264,0.5523465157010786,438.7649470282342
Lopi,0.30832670960118025,0.10163223811441137,-0.10890714986557679,0.6104647138655062,547.1751928699955
Lopi,0.6090682240186609,0.34309210389008704,-0.23211670229959896,1.555582873190237,618.1933712121213
Lopi,-0.10702065218221307,0.07906875597775279,-0.2514208190971191,0.4261886210042586,566.8937523225568
Lopi,-0.19813462148215139,0.0854357724600314,-0.24025923636042215,0.32471961960855555,570.1438658216783
Lopi,0.07288407684521239,0.01875469862343918,-0.05877463040861042,0.666186520074835,470.70075574508417
Lopi,0.3015557235369875,0.17123920176083995,-0.2192895568128776,0.3914496187234962,931.8714690479492
Lopi,0.15206944114879836,0.030106708576012546,-0.28679253960865936,0.9262893174105723,162.7374346357227
Lopi,-0.05722912478811467,0.04194752773501845,-0.19893391221887943,0.5517807698731415,450.2960958336621
Lopi,0.16405265555503346,0.18859786969019532,-0.008355706689572247,0.4629875331919427,624.4058933733198
Lopi,0.4461061644367324,0.14695546358628775,-0.22880334190209417,0.6596920953094301,581.1032802086352
Lopi,0.12858765729136393,0.020541331100093936,-0.2269534958428964,0.6517591255987162,321.68221124031004
Lopi,-0.10547818661331294,0.12014102125119021,-0.07478179393668041,0.5621907296234915,422.5029497096605
Lopi,0.36963108758712476,0.0960562075273699,-0.17366374991096747,0.6478683584133488,416.0196390568996
Lopi,0.22824216102821043,0.13330301835331582,-0.23907994961712364,0.6180700300784058,636.6334254471019
Lopi,0.30715070036944336,0.09316637405463826,-0.24287182815446579,0.768650451494415,500.9615
Lopi,0.03604219084182702,0.09476985672804472,-0.25618368961797927,0.40364308472207566,598.048084269296
Lopi,-0.04472693214334299,0.015981638515194893,-0.19040252536324945,0.43263621807005226,527.6273007990403
Lopi,0.35289822896286677,0.057166170110981546,-0.1796182152111461,0.7142231917604879,454.05501336898396
Lopi,0.21248461969077942,0.10606347999837433,-0.17927602136134294,0.8096218480828126,482.433431544608
Lopi,0.1742275453799592,0.09667018958591062,-0.12172230846827961,0.5293559618204038,530.2053518272268
Lopi,-0.015561839097783076,0.17641779317752132,-0.1744194572213227,0.5156719726068869,602.8548044602456
Lopi,0.18413214647266146,0.026676849508915496,-0.3403683192222056,0.7392593782980322,226.05078260869564
Lopi,0.06537977028690946,0.11908371013870134,-0.2305800720438932,0.6904710022892924,592.9965123105387
Lopi,0.39518251996873827,0.17704160878254516,-0.19907389182758456,0.48190684960141944,512.9991652518393
Lopi,0.19896466230948268,0.09080427424316836,-0.16091505995481256,0.42922299416427,539.6381041233542
Lopi,0.12818344544554514,0.07936294291003984,-0.1743262967626219,0.4662302361382857,636.793813893501
Lopi,0.07502274407441369,0.12925241666447065,-0.26773029813948634,0.4447145406470321,610.1443287441463
Lopi,-0.26414116456482123,0.027363968569424628,-0.22169678560452982,0.5015126771136085,398.07402411311216
Lopi,-0.052253767839011325,0.14718962491191734,-0.14965557605300556,0.4232615913885841,383.7490190637066
Lopi,-0.3039345699973042,0.2752056011471036,-0.04980413437579952,0.546631062521297,529.6823090277778
Lopi,0.3098476089241908,0.15456335071540717,-0.05146753892776315,0.41689638534821477,441.31156616690726
Lopi,0.13090449143436,0.08214788522028457,-0.126584824677857,0.5928035835256082,183.16234671125977
Lopi,-0.15837829728594843,0.08146220021863759,-0.17226842954100915,0.612893379528046,556.4811147186148
Lopi,0.15084119275212882,0.07522363443729495,-0.15978008013962122,0.5453869246244217,679.9163334955731
Lopi,0.2661617408779581,0.12427008644634861,-0.20434515017728527,0.3742221179020351,492.27639886039884
Lopi,-0.3053101045776326,0.116747218521198,-0.2582279014443948,0.5764219577980042,736.6180197653224
Lopi,0.20991747063262475,0.13119146911161414,-0.27325057985525203,0.483535707963981,639.7735175659939
Lopi,-0.4313722301789498,0.3826190683068098,-0.1501429299022169,1.0050235486130445,387.94921245421244
Lopi,0.1698959632662156,0.22996719001364413,-0.2446900082428475,0.4980578734510648,806.5747617638073
Lopi,-0.08613037969960419,0.22755387381424133,-0.10780210946397303,0.5744112989343385,635.063304599133
Lopi,0.24241499747788975,0.05811859006098359,-0.1833502767215797,0.7457378152180801,384.0875661375661
Lopi,0.11200858675871092,0.3439310283244293,-0.08077765583918511,0.7878777964105695,396.4598824786325
Lopi,0.23360986361657254,0.1358298300683783,-0.050241475924985,0.3825439649585482,598.9827197135688
Lopi,0.29432768648865604,0.10274158507704004,-0.23941945551459554,0.5691488719493182,383.011625
Lopi,0.5391233296466793,0.005434340449824812,-0.09260250317206185,0.5284775436967011,342.83913233318407
Lopi,0.15095447133846898,0.22573958448810286,-0.039783312343521095,0.6795553687100155,498.46537975912975
Lopi,-0.22056485374961332,0.11416878068709915,-0.2264027548314931,0.5867577776621251,479.6603783899924
Lopi,0.2529509362515139,0.04266005012394239,-0.22021879608733055,0.6078710838251543,441.0098005464481
Lopi,-0.06755717908595771,0.056182405731564605,-0.21642379142275375,0.25539159955188495,453.69610979103476
Lopi,0.17796900708857014,0.143403094919255,-0.19695249643543725,0.8189674641417299,476.2820343137255
Lopi,0.13306993670080508,0.26048805991067703,-0.15695936399231908,0.7174449944620483,546.8069634154629
Lopi,0.2974858988890855,0.051780049890395696,-0.2292553936499984,0.3355704898695243,524.6015510196431
Lopi,-0.2601213220385239,0.1798873961616544,-0.13724957245135577,1.0455118100301857,436.389373928801
Lopi,-0.046016517126840475,0.08414593894632688,-0.2018804960540756,0.47411332510993065,593.6282298430735
Lopi,-0.043043448475076726,0.02198706729866669,-0.39502644468536524,0.6531288715164152,286.2994339330025
Lopi,0.249981348830162,0.1429126467884086,-0.2660505956603688,0.5532324990601658,660.9159994579276
Lopi,-0.1631120762108944,0.019329141630495723,-0.18459872774213612,0.4956864277990365,713.6264690382081
Lopi,0.36101013819287286,0.16215484860038804,-0.21063529380702278,0.5972221118355485,627.9805689680952
Lopi,0.09828399048020155,0.023154391212435586,-0.19851357114621146,0.544370498155303,544.355079004329
Lopi,0.3649515923894857,0.09909887070169346,-0.04380077154623851,0.5328117681362695,683.0957979302832
Lopi,0.2920933431007684,0.07169605450202164,-0.28754871575764857,0.6032125426033111,644.831450980392
Lopi,0.3762324690168823,0.2385543344800427,-0.20973705781671687,1.5500025087076352,633.8158712121212
Lopi,-0.0909032621171944,0.06960355775663107,-0.17656407973300936,0.5385506581508042,557.6733909574468
Lopi,0.2948015587500727,0.050636285515075916,-0.1989933537102951,0.513296618101953,530.3910456701346
Lopi,-0.02917636583932256,0.4287631900444764,-0.048090751810729956,0.7193636368772757,639.7222928955237
Lopi,0.32286331906451105,0.16674260776587435,-0.041446742594796485,0.6538508421139837,446.24922475396096
Lopi,0.18272372133218145,0.172057025043354,-0.2888831452771972,0.5190063975613034,508.7474648700356
Lopi,0.3793081447503974,0.1569459370820502,-0.1754750531385318,0.7494976118926964,459.09990942927845
Lopi,0.3082852628695476,0.12365630925335946,-0.1785047917029808,0.7312065513503857,234.42135668276975
Lopi,0.09549643066153961,0.1252335691361442,-0.14762065423639256,0.2829273046527617,495.81566776315793
Lopi,0.08838394863498862,0.24127884145252643,-0.025603302044116094,0.80944054815114,444.45053346810425
Lopi,-0.04626549596055898,0.01192550545645312,-0.20166280225184058,0.5519031057753921,359.5696706134113
Lopi,0.31636532518101074,0.16557405465879504,-0.034757269463421794,0.7285163614839583,641.0010252686156
Lopi,-0.030815857858862785,0.1393168466244084,-0.11660456049024648,0.46897678697299916,579.5956380217127
Lopi,0.23983252458297366,0.12351802500594052,-0.04432254713540719,0.6984815727519539,377.88959233385424
Lopi,-0.058303154509305545,0.0684569252635871,-0.20274250986194717,0.8217621231813528,550.9363324175824
Lopi,0.31535647174608894,0.14395787083334521,-0.04710000586239825,0.5753736875383745,461.23255261457905
Lopi,-0.07443912656706324,0.2000818130580841,-0.19963315698844936,0.546590871503035,577.4933334588093
Lopi,0.0985852099288629,0.06056816746304307,-0.20693293331877796,0.47715152618181744,619.7272812142448
Lopi,0.22645913788968336,0.06966583688435751,-0.10645963287875206,0.5744858132121012,587.6587639468173
Lopi,0.26877220289257797,0.15866967583432334,-0.17812477146840414,0.6642912113787792,558.9948545282174
Lopi,-0.01656112573975975,0.026838283563680357,-0.1627201505731489,0.5580378712457602,426.0678024839744
Lopi,-0.30282955095213165,0.1117327244114539,-0.21439579361097505,0.5016807484561188,440.9511273179557
Lopi,0.32050080823741933,0.044304505907695114,-0.13677821255139444,0.7573898525616926,494.3437947773797
Lopi,0.06934912623255095,0.044909269016407974,-0.18334391202022388,0.47558498546973454,574.4680310549666
Lopi,0.5397232720952334,0.14692985539232123,-0.19101825690747,0.4266401331490498,741.4778125870232
Lopi,0.0909926557104448,0.09109948550321423,-0.03367136598482281,0.47981865303265037,547.1582252742436
Lopi,0.07837009214310967,0.02812606842186764,-0.4046829960755691,0.6184709033343783,407.6480834637194
Lopi,0.2938958727216675,0.04570271329826596,-0.20890301189441554,0.6309765849431493,474.12314509184847
Lopi,-0.16522554485657595,0.2042631189689342,-0.09741267543696158,0.6019626692817956,514.3019996305939
Lopi,0.06496668439390887,0.22389436046365263,-0.14267235731032216,0.7880931770935393,443.4500338723776
Lopi,0.17654252955314045,0.031473161806065006,-0.3053610180159341,0.409437556377845,503.2705782930108
Lopi,0.27176799398769147,0.06449871793857312,-0.10565077034263454,0.4721599776691129,426.9053947278212
Lopi,-0.1706942011539452,0.1180913414061116,-0.1354803689966386,0.9342265124626372,336.4282571595072
Lopi,-0.19295337599586404,0.08375976738131201,-0.07000699114030186,0.28973258747358116,501.43050881410255
Lopi,-0.12391398006350565,0.023701791966663447,-0.2716944576532515,0.5140539394557194,556.2259647152108
Lopi,0.27833774986284243,0.15650875399465417,-0.20116072818046352,0.395975789433206,812.5799752434622
Lopi,0.12935350285479694,0.10551280139531874,-0.19379445356861877,0.4970543209319695,504.08384636062857
Lopi,0.07559647287282499,0.0073203327190695736,-0.21982352638785668,0.6339008356612507,576.2330947162519
Lopi,0.09411204394197226,0.1397134663325617,-0.21899859219277445,0.2200096066345241,587.6557714932127
Lopi,0.4184863624065371,0.19220760071171308,-0.1429624866359152,0.5804769129004586,363.6078541828542
Lopi,0.47183893622325257,0.14041041893955397,-0.19400133791025884,0.37146843528463896,436.3916825821238
Lopi,-0.21835320256158905,0.19148012313751275,0.0032832117386535774,0.4505905748984649,581.8293899651206
Lopi,0.1264507601016896,0.09898168760610271,-0.2379356791969194,0.6647412271758067,313.7254733391608
Lopi,0.23117776301208978,0.07727269968571833,-0.09486272761852628,0.6704021239955466,482.8991699803465
Lopi,-0.0945908285315818,0.040033264019634814,-0.26626134231710213,0.4771495956883926,609.8402555293544
Lopi,0.35354465834983806,0.22402404035789908,-0.14323400332300984,0.5994327167457787,510.7038876580409
Lopi,-0.07884941836646786,0.04128949958285533,-0.1464306140688299,0.4759049189217425,453.2645701357466
Lopi,0.25497002067931485,0.05289718174399014,-0.2067985651767774,0.2653930463353543,488.0928589790449
Lopi,-0.049904279233479565,0.22564637066206483,-0.10501120512853118,0.5479599538729296,623.0280642150248
Lopi,-0.11376209663609947,0.024992035211471565,-0.3284976735788659,0.597698162478698,445.0299311594203
Lopi,0.10168051094998917,0.22646419394457895,-0.03635979016968588,0.7344735340000779,536.5113418134767
Lopi,-0.26516142389204894,0.15521482316991492,-0.2929462902589702,0.8568021115117087,560.4214827092704
Lopi,-0.07589977169746864,0.0033361074689857145,-0.1408263458811372,0.3980378132978587,312.7360594904161
Lopi,0.04666680610266444,0.031837003025941064,-0.23910706552108954,0.4366177773590046,473.91223100570926
Lopi,0.3103998179823007,0.06099777052502504,-0.24388266074192744,0.7304439097844201,374.77848919172936
Lopi,0.09415954527884299,0.0662015604045695,-0.3201138751076284,0.3268666087721024,553.9931275593775
Lopi,-0.2911631113749534,0.10870399209464801,-0.13877860585392873,0.5741184202397014,478.54284833916086
Lopi,0.5935160415517773,0.23609144081712058,-0.1765666369129083,1.533095595259384,593.1400972012738
Lopi,-0.19954710708047801,0.08872837160746815,-0.27600797413021144,0.41112795620903647,579.2219384100456
Lopi,0.4396060497036318,0.20500391280399716,-0.1779158875177551,0.6751093182553287,481.23122959851025
Lopi,-0.18903225239042368,0.16566173711493615,-0.18178510809968507,0.46152588337518186,515.0351025641025
Lopi,-0.019868103121006925,0.010087656591865394,-0.22420868974596858,0.6211741228832737,342.65330571446333
Lopi,-0.23994646764923955,0.14443356864446688,-0.07840093958639457,0.7126483466215948,499.69825704985556
Lopi,0.22837831421654486,0.12884862666200692,-0.06852158890938387,0.3906754224000727,596.9310297131148
Lopi,0.37229261477300435,0.1642266539250537,-0.11802320867646014,0.7600231515382564,448.8130608974359
Lopi,-0.2005261503076139,0.09028760332170033,-0.048490627850610174,0.4015974022282371,401.4487956574676
Lopi,0.21325090847358896,0.09211725756421879,-0.2155024622795046,0.479643645460769,528.2863377556662
Lopi,-0.10439647948793465,0.014704096934594225,-0.07420126380319103,0.7047477457436062,445.50663840310904
Lopi,0.057937177769653736,0.09576939575494511,-0.2582787812490358,0.5316712192535981,766.1485029676206
Lopi,0.08358460636001783,0.020330934178465224,-0.12952775425940344,0.4055139005698943,519.2114831743507
Lopi,0.18454311109839483,0.16299746061466175,-0.0009787493234031776,0.6529150084195826,684.8938570696613
Lopi,0.07718008907223678,0.002859590195657096,-0.05178453774655715,0.47882922140697265,501.7934569479966
Lopi,0.17308861970844117,0.06943741179417637,-0.1472507258077653,0.8008147932577566,488.5737457614624
Lopi,-0.15934695221153208,0.04946363509696194,-0.2594846405319183,0.3610218245412351,433.51114840348333
Lopi,-0.16141132520124776,0.09317436381115582,-0.26143217669188196,0.2912817559296458,530.9874715909091
Lopi,0.1606458218966667,0.15751915089579638,-0.35302699273960975,0.5532784544189069,576.8789596980569
Lopi,0.026167001130232806,0.04785687457472795,-0.1491319516758269,0.4914913585954055,501.3126743626744
Lopi,-0.3361450413291231,0.24287290031055317,-0.1240074931108545,0.7404474437414613,549.3741086076395
Lopi,-0.05460314575837684,0.10581764133629598,-0.2782209140609975,0.8307127907325956,501.0657872200263
Lopi,0.3086433046847788,0.15462091793544386,-0.1375443357037444,0.6333637614228214,414.9011367478025
Lopi,0.14134306483918413,0.07829907609989557,-0.10242604059943154,0.6062422311897455,531.6821083916084
Lopi,0.2320117646184376,0.04303884652909478,-0.21883754899886987,0.4881839627713426,487.39997062279673
Lopi,-0.2225979834628395,0.0980007913444099,-0.2201148069555349,0.6549183709929403,502.2717275779776
Lopi,0.47400892799068906,0.09899397953920668,-0.1615863923250808,0.9726871643681876,451.53331954887216
Lopi,-0.16440153128194238,0.06192273849109503,-0.23454359714589293,0.5421693470534195,416.8667014277539
Lopi,-0.15566557717517027,0.08312140632211512,-0.26420316943086397,0.9463046566719406,472.9778279691323
Lopi,0.535068859536334,0.31759822490145395,-0.28960476351742326,1.5481441581845532,555.7641641828118
Lopi,-0.13448399943329314,0.17164463068771746,-0.21981927544260088,0.7229370383991937,528.3652688172043
Lopi,0.371766382001854,0.21837794575216524,-0.1266693200889798,0.9380025528549398,400.19542124542124
Lopi,0.17512573427811734,0.050565606899728444,-0.19839941533896363,0.37130649229135426,717.2710245796156
Lopi,-0.392256072335571,0.08500555480139427,-0.07374128456335555,0.4671919000073722,497.16555887199354
Lopi,0.22163456228534437,0.1288445293509723,-0.212095859456213,0.4200993683967514,680.8332338166035
Lopi,0.41517647567279875,0.2981935647069511,-0.17997296503741525,0.5674094689068514,497.03311257709674
Lopi,0.09748496154874683,0.07919331423320584,-0.24571681509274237,0.43250988385346784,601.1612266553481
Lopi,0.11965418509433808,0.182458458835891,-0.2692612510683109,0.8067364470329879,443.9157791568164
Lopi,0.03191814005608318,0.30527187438484304,-0.14814944184473847,1.592021299006451,346.1855434782609
Lopi,-0.4946651542626921,0.4665664157089264,-0.16143696721218442,0.9352382830130027,493.8445833333333
Lopi,-0.15945929929597935,0.13819131528319292,-0.0702845527224238,0.6818432092339515,305.67886511225186
Lopi,0.24754574644441396,0.00599321367494974,-0.19105128593906437,0.49163658140259603,495.0618076375712
Lopi,-0.24304497158104113,0.14255064935849807,-0.288688979337877,0.5532825823779363,592.2809636547663
Lopi,0.10760194566674498,0.04840427532895585,-0.20749903864785813,0.5855525897309859,602.6590502383833
Lopi,0.23081044882295992,0.13147787115293533,-0.19567950018841515,1.0281567418892599,551.1142640940295
Lopi,0.3984052337537376,0.011520486260678975,-0.15952086446294753,0.5762860661481337,411.1364921920185
Lopi,0.20235566755955706,0.07393933229348708,-0.07447965655075782,0.34198385274926113,461.4145432692308
Lopi,0.040373307209329114,0.028654006948680987,-0.2287140980300076,0.5266226625719971,343.1669006923204
Lopi,-0.09978697279247067,0.054879051091445544,-0.2329994469361486,0.41077047966347185,817.0582946561327
Lopi,-0.14451185297014485,0.20015515492560415,-0.26792168681791306,0.5660154981433337,428.0248666736489
Lopi,0.2864947646874497,0.13471433713919762,-0.11041733733600596,0.7880407569247919,724.5011930306537
Lopi,0.214011781606803,0.12001564353353025,-0.13586847975880265,0.756797481544227,407.92487056325206
Lopi,0.09633286203741454,0.038146247422631396,-0.32004397102701304,0.5261942811679844,350.0130600358423
Lopi,0.124671080881297,0.026771087662712238,-0.05915130417974211,0.6055079234858698,572.011328125
Lopi,-0.18319995342586437,0.07679106077359636,-0.19607878644736215,0.5622691611766919,397.49336326628355
Lopi,0.24542817285488502,0.08917764176241634,-0.15343794806635955,0.7191721997689994,420.65027777777783
Lopi,0.05548022219084678,0.03916299515587717,-0.1928200324787022,0.5950047280931314,391.87009533935003
Lopi,0.009983321045370782,0.05457277709160629,-0.32000960781843396,0.4187732477930594,405.68003233151916
Lopi,-0.05489057524888366,0.02638798908097342,-0.17457325068886573,0.4658759273594386,613.3276342018196
Lopi,0.305401825725888,0.06845159875924203,-0.23779163449071436,0.7441087614805091,537.1223959129106
Lopi,-0.07545147791419415,0.09086266092541201,-0.19114040083374736,0.48692012307134386,353.61850607503555
Lopi,0.1827985646055861,0.20351802295728483,-0.2617262600992836,0.5027824517516175,878.3002688716208
Lopi,0.5767399636086347,0.08065810292808953,-0.16617480202864157,0.6329601880380272,460.36976700863414
Lopi,-0.22890768727220673,0.13653825514626738,-0.02210899990426927,0.6002693154908527,475.4644575277664
Lopi,-0.18962963487341875,0.09120929343894259,-0.14686893971605183,0.6892126022866022,421.4354012248034
Lopi,0.15325815632343942,0.045608680010021024,-0.24312141450496308,0.41755652902662593,606.7681723065571
Lopi,0.260758842533114,0.11025195620353503,-0.05826327607079344,0.5428451666960329,575.2245343137255
Lopi,-0.33527357523495127,0.17212995717977075,-0.030566367916869914,0.6339720247914581,524.4675763888889
Lopi,-0.08849732547623645,0.022220818893192842,-0.17293122583211196,0.4135375974537066,466.02464305849185
Lopi,0.5478598945308649,0.0335847110477667,-0.14774585562056744,0.46802551893699945,243.33006779416064
Lopi,0.34879843851249664,0.053542098500842544,-0.1884409336593799,0.4451151447600268,395.92895976894596
Lopi,-0.030759712823473527,0.05722762977650121,-0.2106079660032219,0.40196555103119874,601.9268666432913
Lopi,0.21162004853259042,0.07552970357158248,-0.10471392856114833,0.9354527843840144,414.09298374613
Lopi,0.3575834609436268,0.021597413019272357,-0.15668852640253828,0.5075007705858234,561.7993586309524
Lopi,0.035093256620609345,0.0364624574529461,-0.2805400011726025,0.4386618028780363,574.7100462793255
Lopi,0.29197322383697416,0.07855761642618136,-0.10817848217274824,0.43566841855040767,558.495788127608
Lopi,-0.10558363115649258,0.037006170627242825,-0.14338890817047684,0.7063331736172137,406.9039550827423
Lopi,0.058316792444243794,0.1355678070277131,-0.05927565576038481,0.7481521069583087,604.528794338788
Lopi,-0.17063540008803085,0.03448960218976689,-0.2629130757609964,0.7610069762020971,473.30382162417015
Lopi,0.2665014752001926,0.05106814209812698,-0.1568745667631232,0.5363611746527832,488.303636717381
Lopi,0.2670769515387591,0.13287239096357514,-0.030210310619550297,0.6230532678492755,625.437663776289
Lopi,-0.22358983204542304,0.16165497665416195,-0.02673736923781129,0.4150671489468697,444.7875662878788
Lopi,0.19245476116615007,0.04742255960505607,-0.21366394485430312,0.2663968138921357,379.54794798234553
Lopi,-0.08770217835719794,0.10412278862681709,-0.11217905452325597,0.6890519792545348,563.8787820512821
Lopi,-0.09561606289257134,0.05755377573485845,-0.20600888108339968,0.8437229067095184,437.59640507518793
Lopi,-0.42973805661347086,0.18808345228979642,-0.12213332068139283,0.8904736075055275,411.67133295625945
Lopi,0.3365375974578937,0.11472150794567204,-0.2755044301327666,0.43928834503887865,539.9379166477402
Lopi,0.12127032558987817,0.0034371061859895997,-0.33251668369481363,0.5334038610351056,348.4545327402788
Lopi,0.5930506043015055,0.3150816564639781,-0.18405125208832765,1.5381465869772688,535.3659577546297
Lopi,0.2013408399041683,0.01532934659848025,-0.24390044612054718,0.30368025217470596,271.69136643303165
Lopi,-0.054856366038005325,0.11981282663731559,-0.08374875317503552,0.806001269204009,382.0330924310571
Lopi,0.2539753789038711,0.07325672027511597,-0.16974723492396196,0.27957366374931125,532.6136439103681
Lopi,-0.401045652112941,0.2806724383950719,-0.19240672147097965,0.571313199935202,389.82954055813735
Lopi,0.1907106884574278,0.03400386596661032,-0.10280329582628765,0.5961116028657735,517.9604667685255
Lopi,0.20798479405417608,0.13089953570039606,-0.08267326703356312,0.328080175642292,691.085816503468
Lopi,0.7914428941147751,0.2006986632343492,-0.15476068567410492,1.458024132242276,566.080384428814
Lopi,0.1446584608349315,0.08533026670088947,-0.01246893713578785,0.6451848239553315,467.86060044550777
Lopi,0.10722137806884105,0.05401124061430891,-0.2715308739623225,0.9676456525908588,412.7076594387755
Lopi,0.15936985500521353,0.08446573407258043,-0.06851279300791653,0.5723249045085889,308.59047009569383
Lopi,0.11514491755907894,0.10540975402279756,-0.17749140093714555,0.552549280719658,417.7287478101609
Lopi,0.09949121184111971,0.07915787249275619,-0.202416915114176,0.7054257658346325,627.4941227594245
Lopi,-0.11234099576324022,0.08159474823060821,-0.20783536403285144,0.5975789450007171,516.3506290662075
Lopi,-0.1954042870818745,0.204162325117482,-0.06860649888310451,0.6217886991424876,706.5057195844677
Lopi,0.4019048542179168,0.20722199213259945,-0.16736882925783844,0.40102224109851764,855.2374665843058
Lopi,0.3702537873208058,0.22761103130317456,-0.1789293640780617,0.6775868660669466,570.914538222952
Lopi,0.323362592081413,0.2631115681661571,-0.1430723792066675,0.29902408742415704,733.8581068815087
Lopi,-0.2798703172065395,0.11147643760623724,-0.2629765566395313,0.40422225039959386,562.9379134270335
Lopi,-0.10528088999212201,0.05581385260399865,-0.03907867664564062,0.5694365764930585,638.202801763302
Lopi,0.011320074333586144,0.008736773143744627,-0.23905636215019468,0.5171837150740365,468.0785880295189
Lopi,0.13981508541250418,0.18431269694461722,-0.14946492105392015,1.4091302380610877,661.3972072458791
Lopi,-0.26716106432202386,0.1065397924061513,-0.2577892968793394,0.6527538693890729,550.0764473684211
Lopi,0.09184134785462476,0.11012780767918551,-0.1657103579718656,0.5207711380145842,607.8003561544234
Lopi,0.05962773832337513,0.050996439155020785,-0.1874330828506154,0.6143599205784435,460.0845975378788
Lopi,0.24271961783816554,0.07253067675977776,-0.08074505789768686,0.5942390413471904,301.70831832298137
Lopi,0.2562205670647233,0.11527710332196918,-0.24009349735898813,0.473709505234183,443.0209093406594
Lopi,0.11906382243779869,0.18673789534602048,-0.18742679406344828,0.4956921728879524,569.3285357142857
Lopi,0.207695474193467,0.19302911157415856,-0.18846940916041724,0.7086386223058059,393.74063966582156
Lopi,0.30713085539277873,0.04751249558226642,-0.24977596312442116,0.4991530796430227,543.4379678784437
Lopi,-0.14540943828916808,0.1659510072739818,-0.07907466619144086,0.5539944397929398,473.04280826558266
Lopi,-0.3074580158560276,0.09065205913823154,-0.06268109290112156,0.5948606567338199,708.5314533492823
Lopi,-0.1500847027363591,0.3125267781683284,-0.11687493241767972,0.8791170512262976,424.55289125762374
Lopi,0.2721935753714108,0.2662126180227242,-0.0017762754039217085,0.7572232635904976,527.3361477142261
Lopi,0.18144925794093744,0.05811756573322493,-0.10544053422715881,0.38579097108716726,554.9589690421624
Lopi,-0.16762470199924048,0.24654286180427992,-0.1555202531270941,0.5914477400697745,570.1459829612221
Lopi,0.3154105214996135,0.13694860084638666,-0.08395663236400717,0.5963534423232746,474.08671568627443
Lopi,0.23218785705049397,0.06223987036517613,-0.16729724884751201,0.44078546327255086,284.7737762237763
Lopi,0.2129153620622305,0.06728816729095606,-0.1837354502116479,0.366321395075737,456.0513231780167
Lopi,0.15107902453393318,0.026434903292320018,-0.2310724618881246,0.7712410109979729,317.5771158862456
Lopi,0.18431127128434904,0.30005067093340143,-0.18833385918540183,1.601082018924068,620.6556262541806
Lopi,-0.06596011508207532,0.0743220211441224,-0.19722165632130265,0.8406928727448281,478.459863375116
Lopi,0.2269264305813642,0.04984837260311464,-0.2441462315034914,0.4212488583977056,459.4129941541834
Lopi,0.43320026688073576,0.12547879320156735,-0.2338939323943609,0.34933798095519486,446.06529395604394
Lopi,0.12195993272009431,0.04755182976819901,-0.2741757288995129,0.7235849299150161,432.14203175364776
Lopi,0.2009104958809597,0.13783034218104115,-0.1879503684688999,0.869639482696733,669.1263755980863
Lopi,0.46826978185710416,0.07999905044816777,-0.17055431885032646,0.7273391811382549,397.5154768518519
Lopi,-0.34943423035074545,0.01280560786669378,-0.10250981156615034,0.5550739155893313,503.4600732687452
Lopi,0.2340014129451724,0.1960365378735841,-0.18307345118793417,0.608512349016571,469.7504405077681
Lopi,0.2789774327153559,0.021255492413431734,-0.10024403177746383,0.9451142821970541,432.55351895359274
Lopi,-0.10776319707134926,0.05249728418700943,-0.12203838429234463,0.7822639719133815,479.07718304880603
Lopi,0.2224023448827805,0.09965856338902525,-0.14129751405815905,0.8815058002831623,368.1649362244898
Lopi,-0.36371769265465514,0.2990550243519838,-0.09622216298651542,1.1004784884936902,441.5764951533973
Lopi,0.3995546268321859,0.06832007507503013,-0.09531335200980631,0.5333592142432668,553.668177898293
Lopi,0.31300035125916736,0.03409195815385512,-0.23861751072671386,0.50249060117981,478.6714066985646
Lopi,-0.07858479561904319,0.06797262309929267,-0.2394890083712599,0.6539265924194787,500.3855567171372
Lopi,0.030013891883700374,0.005296261067957481,-0.29120182899539204,0.44084481546290555,641.3557953341041
Lopi,0.22166351384090868,0.06220852593576123,-0.20769057409952035,0.5711266884445694,456.9933666746051
Lopi,-0.24388880329598703,0.22353031437822485,-0.05019851461923442,0.3594413661098267,528.9100777511961
Lopi,-0.4958710703781866,0.10556627130432088,-0.03254860998526758,0.43512305858379424,584.9302328322331
Lopi,0.23643123252513415,0.10310686035577821,-0.19984916680447,0.5146454161485302,336.9591905077681
Lopi,0.2527766699842827,0.11068934415648284,-0.12628353031006406,0.7942109050540349,457.4550102599179
Lopi,0.19722973171682748,0.06229149648421268,-0.21747455399257976,0.8594002562497021,462.46614160033516
Lopi,0.0679759632873552,0.03396186852850534,-0.23514286956155503,0.9128587471370175,460.70787139689577
Lopi,0.21749321180150188,0.06690957575135534,-0.22137279248853256,0.2705071983501489,566.2267244449099
Lopi,-0.08022081233419112,0.030519307797200836,-0.2449765401744969,0.4679824811572551,577.4478823160769
Lopi,0.17523104196148265,0.18706342670772277,-0.12032390461069443,0.9195059581265884,240.7749543175251
Lopi,-0.21959062434019652,0.22124872672858556,-0.2186944062956343,0.764232614959163,744.7455877192984
Lopi,-0.4527625979337282,0.24303761221414563,-0.10894283611002065,0.9219850634022981,380.2776182881446
Lopi,-0.10355766166670391,0.15028411907082923,-0.1870730287288675,0.8465032900078989,331.16617336152217
Lopi,-0.048162003741939075,0.007682739880083507,-0.06608302134934806,0.5155875930340036,294.65959510869567
Lopi,0.1827275738005912,0.02634168946628198,-0.29995441023332464,0.4790191545943786,546.347210709549
Lopi,0.4350193861389013,0.19767587201854364,-0.29078564240875726,0.4557398038577812,957.9384099118117
Lopi,-0.1011815041546065,0.17119556539832095,-0.34405452074482024,0.6346124768018828,563.6625184171791
Lopi,-0.3876194950293783,0.3227383015944094,-0.2539318270020952,0.7151707220790956,212.26383402713537
Lopi,0.15766335266240353,0.16221753745921802,-0.1644779890623444,0.9263425473572812,304.03207915273134
Lopi,0.036040723599275445,0.030374672717678075,-0.2540924238840329,0.48920120431888603,471.71151401821027
Lopi,-0.15745904768650626,0.03359515919090497,-0.26667038928991227,0.4661692663828831,515.6060545385202
Lopi,0.19588310995890834,0.044218667241519446,-0.2583241133400386,0.3573502339367756,704.5666609371021
Lopi,-0.09625778672683262,0.07902450501857866,-0.26901760074088654,0.5813942562024039,227.18511476162072
Lopi,-0.27235488727670576,0.16459049514492968,-0.10110648925055962,0.5845523695116158,597.2082458350474
Lopi,0.17787287060286244,0.080430702165667,-0.18402562559620306,0.5351343542755361,356.32336534567145
Lopi,0.21528392870400062,0.08207167523504025,-0.2514689365148668,0.5180457405597544,595.7471627565983
Lopi,0.3171788707045561,0.06718450532177968,-0.16928871909056945,0.6927454853105884,452.8768479696937
Lopi,0.3160300639115179,0.12321338993051498,-0.12865115430666285,0.6729085099477109,497.62895526960784
Lopi,0.27739922933975775,0.062285760248764116,-0.22687635525570682,0.6722243589640647,487.14774921630095
Lopi,0.3367432123284198,0.19239054564940986,-0.15986136026649198,0.49026722000797557,846.1086524343366
Lopi,-0.07723142260646566,0.029386401296122838,-0.21498539037675327,0.49189376990476824,470.90338100686495
Lopi,0.15859076162326532,0.0857912141922865,-0.21534232279353485,0.2988669284715466,442.6263307150026
Lopi,0.18301839055223137,0.06543372431667804,-0.3272047449513694,0.3146741146084233,367.51295188140267
Lopi,0.2613100831617591,0.14477159680482468,-0.17795458563988836,0.3329510031337661,800.6504159372814
Lopi,0.18547081552202913,0.026899743229199947,-0.1875671187487443,0.49523650365926475,406.77883016266884
Lopi,0.14485972256945645,0.07545943468733848,-0.28220307149697293,0.23697595747492436,453.4705562360321
Lopi,0.050536680956292795,0.0267434308132284,-0.18223092550951006,0.5628164925535426,579.3615641814865
Lopi,-0.05557841451761461,0.07697748842567254,-0.2351460198187013,0.6128640942076284,683.4563979199028
Lopi,0.07948496207328577,0.10840796137239536,-0.39072051435193766,0.647368615566497,411.2129310344828
Lopi,-0.20646617307974802,0.2475337964780076,-0.09756565548695503,0.4992583850551581,509.15351625607514
Lopi,0.11384250295837404,0.06588401879938494,-0.17070876115589848,0.3211262240236383,504.83457812500006
Lopi,0.1300131017966601,0.2384834509991434,-0.19362017968247563,0.5295297835169956,352.18829374704103
Lopi,0.024429240274227475,0.029220050468116474,-0.26887852012204505,0.3816307239527211,531.5054903846153
Lopi,0.17000952370287106,0.08373641270841456,-0.23271134383781325,0.4331611373510856,323.8012921156943
Lopi,0.09340376935708194,0.024477617811072605,-0.3078233737980578,0.4162805594358489,428.0832184740963
Lopi,-0.3229812788751979,0.19064877872858438,-0.297085290345469,0.511938490525754,302.262337262179
Lopi,-0.19089141017719086,0.07243869212705015,-0.21667661114842776,0.46441719145891036,572.8289368739369
Lopi,-0.1350931414853001,0.06318798813859187,-0.27994029620428795,0.5127778760461335,528.9105178483202
Lopi,0.19872811740478846,0.117510137835848,-0.15127885024687798,0.4577162935225024,346.758164826317
Lopi,0.11291018843847578,0.05298035715799346,-0.17364742018283924,0.6588125954584841,509.4003205128205
Lopi,0.08182585088894263,0.020692521877272232,-0.14958459649125194,0.5849905933769224,419.59605569940425
Lopi,0.39662308652226164,0.12660821698826585,-0.21935671115164046,0.42383433828009975,570.3352390552996
Lopi,-0.49066524829500524,0.19013825377366828,-0.06602226546252407,0.9184635697362824,480.37530754124117
Lopi,0.29603271815507387,0.061992802509787434,-0.2175994401511874,0.7037647471301494,493.06999103942644
Lopi,0.2617394027486081,0.14478982983892874,-0.14098340703943077,0.7586026376687891,328.59719797016385
Lopi,0.2905658382327848,0.06995858975778263,-0.22238166057257902,0.4146416114934944,499.9935694475853
Lopi,-0.4428982231256659,0.04022010140281425,-0.194890189922684,0.6013600405367425,519.5544146350725
Lopi,0.08513374387595295,0.15467705109661845,-0.13713632139132112,0.4273605917944823,570.7535261684334
Lopi,0.21835744276067526,0.2721193016102612,-0.39021749477527956,1.5716910623679434,550.1259090417811
Lopi,0.4789390192605851,0.12209912619464465,-0.10138579880823115,0.7248662925447742,713.0567030663169
Lopi,0.21448919638124925,0.06873636187614947,-0.20471315264551085,0.7549178799421834,425.5828655334439
Lopi,-0.19428702937715886,0.1096148243376486,-0.06706725180387152,0.45929401665619396,419.6848777173914
Lopi,-0.2476602460009555,0.4966017542483544,-0.11849899513916486,0.6979024590127932,606.8114813923387
Lopi,-0.04879660186216726,0.014409500271203607,-0.10648427800540614,0.578233194681922,815.5264431903777
Lopi,0.20302374637653287,0.054691394246058976,-0.11695405757034814,0.8508673376504762,362.8099530403807
Lopi,0.40222197371947344,0.23163622966360498,-0.11022916011808467,0.66891551816161,316.23354215918044
Lopi,-0.10592478889514009,0.2694271633949508,-0.1265380201083949,0.671066868332809,415.46682816949294
Lopi,0.43679098018247475,0.16396729413656091,-0.11870285046487289,0.9557091904639243,519.28907239819
Lopi,-0.16179486033677135,0.20557036605453605,-0.10227557768709103,0.6132686154345508,476.6625773321624
Lopi,0.24349974891276935,0.13182368420425902,-0.1814173338958204,0.6975581952516591,305.04327681577684
Lopi,-0.26424085536928543,0.06317897405431563,-0.16508850683634288,0.5207391475269133,459.99327100759933
Lopi,-0.46940872721277355,0.27195356537890975,0.03720526541944221,0.42424229072543274,460.0651069850289
Lopi,0.20304489914562868,0.18227428470488385,-0.23156209932184413,0.5644728311824226,483.3940294348008
Lopi,0.10483029028862614,0.030503123418614057,-0.13934670461936807,0.607000886477632,436.6747572975105
Lopi,0.2570849863532002,0.10408406903753993,-0.15244829657302897,0.6115451749817671,430.4145252557545
Lopi,0.05269816096161194,0.12298127726040262,-0.08648126548275797,0.5049808406339634,773.3489287154669
Lopi,0.19167276043702192,0.18298475843829043,-0.2165258480367328,0.5772755462162511,663.6829850227464
Lopi,0.035394037660139516,0.08521328847085054,-0.2473845458108583,0.7480626626732398,565.0768712121212
Lopi,0.2750291248946361,0.08243490185826116,-0.06631291393813074,0.6109586041481749,395.57185634540895
Lopi,-0.018586358921390052,0.10841205868342993,-0.25970397583926397,0.631739970888101,490.0629464285714
Lopi,0.4391650025133012,0.021635518011894544,-0.20028279889880843,0.374472625419241,564.3371420002999
Lopi,0.360390444385596,0.2195999687682466,-0.10327778628789552,0.5213929317856919,772.4161738858355
Lopi,-0.16895680373709318,0.16539868974651228,-0.08187497158868969,0.4925395018484632,529.4164031862745
Lopi,0.1257700756236209,0.04763439058554706,-0.21908958170026452,0.476787251837462,578.5071591461835
Lopi,0.1519659993689073,0.05078481304008167,-0.21958535490240585,0.3998064911872041,417.01687395712656
Lopi,0.2160166810689519,0.1132808933858926,-0.13147271583532696,0.7038715481422354,482.58392094017097
Lopi,-0.09280259365102643,0.04849503076837303,-0.21373014703939328,0.5667268706767837,630.9713956574592
Lopi,-0.2098387294756154,0.18895290169134682,-0.16029784559992863,0.5289889894589734,500.01321955071955
Lopi,0.18821997922814454,0.16947961153701385,-0.1435100533398055,0.4909615512831176,478.9005345622919
Lopi,-0.18451400438754556,0.048182201070878304,-0.1284688687302869,0.27747246418714394,531.9394487179487
Lopi,0.10154145110820545,0.0035329832642001886,-0.23861463056752583,0.5885381282736976,381.9588996018655
Lopi,-0.29809352618743024,0.10667766692246694,-0.08527908842868417,0.6622127540977258,441.9411083662714
Lopi,-0.12947263539597012,0.05128488985185948,-0.18569797411765096,0.5811895314332536,575.6283978727447
Lopi,0.22734108849121215,0.06629682288612496,-0.20665204679701965,0.3389237481813211,528.6550126856363
Lopi,0.3560139780155762,0.18586045618795244,-0.015446321005799799,0.5161492937888664,556.7394611533001
Lopi,0.17278098623480853,0.05544509461088107,-0.1536730968246717,0.4649828017025247,569.1991776910559
Lopi,-0.13273745742083903,0.08684442799374067,-0.07069775831574915,0.5199989104308023,369.7793206793207
Lopi,0.19370995540531485,0.11178312133717996,-0.2132497058242321,0.6292822914292973,428.4589140629902
Lopi,-0.12401681845037651,0.07276381375764877,-0.16830815723766496,0.5656770998278745,317.00844927536235
Lopi,-0.12589828152721727,0.3767670838215853,-0.14799338159187972,0.736811348354061,365.2889034314742
Lopi,0.40984036967962545,0.03947029348347519,-0.2535479231588018,0.7741803412419324,359.225441949355
Lopi,-0.34266645687724717,0.1691864489324852,-0.247566804623377,0.754980664438349,539.8171947835738
Lopi,-0.26138139248713793,0.17337615433095624,-0.1531844672588593,0.7250858958320131,503.0627719298245
Lopi,0.29051465668960935,0.18309927828170872,-0.1612423153200386,0.5450735362514622,500.69004650081376
Lopi,-0.31967343208836413,0.16334409312819217,-0.2698852563510372,0.6689421679604093,568.6263698849106
Lopi,0.13923548767521793,0.033524070844454044,-0.1693279990322113,0.42378694514603427,593.2994198554422
Lopi,-0.11688082093448778,0.23553686976858187,-0.14154505266453582,0.6326253933562922,475.82487764802397
Lopi,-0.22712068990384648,0.05795428788849451,-0.5205406526330011,0.4702550062483425,388.64653301886796
Lopi,0.16349039913045554,0.12867039363200014,-0.2700593783736831,0.7506294995367919,492.7313858695652
Lopi,0.19847674609753546,0.09237600275605629,-0.09531859336636753,0.6434549297157409,707.603442428035
Lopi,-0.2186669983037363,0.06669303286317459,-0.13216943751740348,0.6405899678076258,478.8928364884543
Lopi,0.3691374189640549,0.23109845759030845,-0.19896937859092134,0.5671227556662323,512.2478790132583
Lopi,-0.10746732173884321,0.0665131609087539,-0.21093591725356955,0.7560954286025238,334.4871931818181
Lopi,0.14945956830566945,0.13005303124063944,-0.23613886768083275,0.3343279394261449,648.7884565421886
Lopi,0.22423127708146795,0.16317630824132373,-0.13625303084530888,0.9725811357295111,576.2967273187861
Lopi,-0.17904597973537162,0.08146015156312042,-0.16796214966836331,0.5572238305152827,554.0504030493316
Lopi,0.07883655971374602,0.11359495227669772,-0.157185737629422,0.5246696431253437,496.6220642696686
Lopi,0.32883823964209175,0.10771694986640332,-0.177109467329405,0.7380611275059764,416.4756859172529
Lopi,0.11318620446827235,0.15252411901346685,-0.1854930294489809,0.6564979979645502,503.1408725649351
Lopi,0.3729721107350049,0.06032294339761996,-0.15243655329460568,0.5901106951533724,561.5577922322775
Lopi,-0.31361779535221446,0.6467751690966661,-0.10386817172158691,1.1515984057348452,317.16204959514175
Lopi,0.3256006910631716,0.17426117351443862,-0.15780177550548055,0.75374887917594,419.51718843656346
Lopi,-0.07968662467313921,0.164406730745026,-0.16537424359540653,0.5431398840562124,487.69164240634257
Lopi,-0.18752440232896384,0.09297687341928619,-0.17854386750951873,0.714543046694343,461.51407603590445
Lopi,0.14282590760626873,0.04517067746041797,-0.10859029397737963,0.6346393814033656,624.8288176894122
Lopi,0.18904069847034116,0.02281349493435353,-0.053789713119296256,0.46240673045149866,439.65884528514965
Lopi,-0.03789370208787159,0.026252163220175036,-0.2796603864529825,0.45929334255593346,615.0298063858696
Lopi,0.18172066814142215,0.22697389943728802,-0.08059939536321514,0.43792453469302317,421.7494953129308
Lopi,0.25769008333354404,0.03078542814890073,-0.17960412417129906,0.7889407676344313,419.2451805385557
Lopi,0.33002350828114985,0.11474527234967292,-0.1918441773760523,0.6429688113331907,432.7188670568562
Lopi,0.4012834143479599,0.28635766232118665,-0.1466804701909387,0.46431934393486285,560.504828327131
Lopi,0.11347626769940505,0.25630060803327503,-0.07248483915932015,0.9625317199522158,550.0778941194629
Lopi,-0.1689061553247692,0.1836366406239016,-0.036598581137335065,0.38898179545639344,328.33082949214014
Lopi,0.008930862569466612,0.07004463328951008,-0.26179547087373245,0.5174254966636205,707.6303782910638
Lopi,-0.17705975988709707,0.005944660539189256,-0.28426361799204036,0.4845452228947915,474.01516524396317
Lopi,0.32116029068275015,0.09247577227974971,-0.11177034284415051,0.9718660472844389,513.4043556443556
Lopi,0.5012323780571759,0.10996493956555863,-0.15304350441179893,0.7979441031359497,401.10088031045746
Lopi,-0.07621631640524443,0.06324330183755955,-0.06810870783200089,0.5438484322202457,457.13384620667233
Lopi,0.3211257475447746,0.10567566950894575,-0.06270146311106263,0.4252673195085753,628.6942038179079
Lopi,-0.03754742041420739,0.012003149500559546,-0.1944309234809288,0.6151824630340755,473.6914425922914
Lopi,-0.20054606087255872,0.18084145503607024,-0.1284368025815082,0.8287101752449847,614.9398440285205
Lopi,0.10941071340095604,0.09879013831523331,-0.1723184733644822,0.5317738279818793,406.1220060483871
Lopi,0.24713611881008957,0.18478183905808349,-0.06623079998674253,0.5109456939327919,417.7094154864743
Lopi,0.18526490397654555,0.05373139427064293,-0.22090476931385894,0.9305119324258737,452.1435304188565
Lopi,0.11638594970364191,0.03074486476965771,-0.14334745250579425,0.46717444641820566,571.4118846665822
Lopi,0.13254011910557303,0.06323141963555899,-0.13615821965932723,0.40749768519587126,551.7566016832005
Lopi,0.053917479436561146,0.01159362326264732,-0.09523646956209471,0.6791720467927719,504.593224025974
Lopi,0.33575806406158976,0.1567547975222843,-0.20627476634811598,0.3922343449457045,802.6585599777982
Lopi,0.09492298250966644,0.05096570932226103,-0.16744560985129228,0.33890039424704943,643.7045183456108
Lopi,0.247079179202909,0.1324386905905585,-0.16786131853815797,0.4354754477973638,584.6278891377381
Lopi,0.19065416638081045,0.0478355685573478,-0.2804958484249155,0.3172024015140468,490.2208938037654
Lopi,-0.23260536951339955,0.1338766418981654,-0.03102137960135625,0.6336873733108728,409.52137629693675
Lopi,0.20712413990928666,0.0684141083632751,-0.14933707892038503,0.3111348946934744,598.9107691622103
Lopi,-0.017970700583791563,0.011863431194278327,-0.18079232577674728,0.6849444462981611,428.2133167613636
Lopi,-0.07869721167519347,0.009738565691714093,-0.10392387056103522,0.6777262584568139,419.8241650717703
Lopi,0.3103014894809183,0.029388654817191957,-0.2298760869574288,0.5944039299370194,442.1415476190476
Lopi,0.3285326159040788,0.09613446616813151,-0.14312938614351386,0.6158496093145306,360.04406900420037
Lopi,0.11832364280878578,0.025429832895522808,-0.23355504981578565,0.27566251215048426,400.3524436886506
Lopi,0.29550309402727304,0.5215519200626906,-0.06490753734162273,1.5699632995738182,538.1083333333333
Lopi,-0.4153569990354807,0.2706385334023422,-0.008017255615695829,0.3607364199892941,572.2199727772228
Lopi,0.18882081977444432,0.17016714032862637,-0.19664133270006695,0.5609781484682759,513.5312480500418
Lopi,0.29180161275072375,0.10335679632889128,-0.23282554430865324,0.42338060503069735,458.52882570917455
Lopi,0.19335536144537294,0.1077259639506796,-0.2436790394288251,0.31006907578373333,489.5460675919026
Lopi,0.23019322514866314,0.08605262263629644,-0.11909579149269069,0.47137127104483284,494.80993197216907
Lopi,0.02746931286078405,0.05566983212113097,-0.17928023806988985,0.61547800024815,671.1034604151848
Lopi,-0.03749384933201153,0.09558009998514468,-0.3143433079005701,0.6471587261551587,453.46853841034743
Lopi,0.05652239741559749,0.013960025250703622,-0.2778591527911771,0.47197331369434453,570.1540876174516
Lopi,0.14215500079393056,0.07920294291413726,-0.10266250297204163,0.3858944883766674,610.1081080316742
Lopi,-0.08641918653884338,0.17024048219614635,-0.17077714164288108,0.752991469740824,547.2069238437002
Lopi,-0.18664532676381385,0.027423379579426956,-0.15458639687369005,0.5607168836838826,504.09739350064353
Lopi,0.20413729137509812,0.0782451964597902,-0.20813761698576158,0.8295828173378317,405.2872106034881
Lopi,0.40872933833086256,0.23700022440460375,-0.25169747786673213,0.7149767449435918,596.0550961690619
Lopi,0.04880686522804993,0.4329178634336012,-0.13154791926703574,0.7369809116265587,509.2987423957014
Lopi,-0.22904325713907575,0.1161887550271766,-0.14639932244368226,0.6897545104432738,490.7569288522012
Lopi,0.3703797319117254,0.03829334088877488,-0.16715655666673926,0.8714535383958322,421.3628530377668
Lopi,-0.11427447055033609,0.1947137210060506,-0.08314465656305182,0.2709555764668691,460.6615334391072
Lopi,-0.16114444020516483,0.10048642508357428,-0.19277859625829372,0.4479985354628151,446.45063342454654
Lopi,-0.21451836295092452,0.08450978016620284,-0.1781323767214981,0.4169627761766008,468.73569347319346
Lopi,-0.20597834151746292,0.016295902271551768,-0.16435397768616639,0.44004192133123904,507.46206624456624
Lopi,0.4123057966116973,0.11315449134047408,-0.17050925280594825,0.6031269044022055,610.7802472381884
Lopi,0.3453361525406051,0.1591123902916161,-0.09926275048221132,0.2883393713567114,612.8394173810879
Lopi,0.3450687141926189,0.009418975431012166,-0.05031441314419913,0.7504052085295972,415.14281359649124
Lopi,0.42796765280370463,0.4696072350932844,-0.03884021802448316,1.5956427847800112,451.59213586956525
Lopi,-0.33193742590792746,0.10332483730282105,-0.18694638860228438,0.5201311624560623,490.4727792891728
Lopi,-0.31497690788579696,0.22580841931348472,-0.010944619226112853,0.8744655792447718,426.50760256410257
Lopi,-0.3775313337772734,0.1715569482315762,-0.04855164791455358,0.6412455069658402,301.0630248133509
Lopi,0.2985208050146479,0.21780534653507436,0.04928135238717383,0.4318288756604814,496.6029537815126
Lopi,-0.119819775760398,0.06488755275576052,-0.2539264427268566,0.7211125866173388,398.9554887387387
Lopi,0.33883946556071354,0.1191117767192886,-0.19053060216675818,0.30866610614781526,520.4300307219662
Lopi,-0.11148691980690542,0.10988688579034862,-0.18903155889966414,0.7407266158538384,398.5910326340326
Lopi,-0.2768401713916852,0.07183659227050983,-0.20666052159385648,0.34825571091923613,462.5171543011017
Lopi,0.2125195667643197,0.039047860715803795,-0.18947654910917605,0.7003447218314272,483.63036405529954
Lopi,-0.17481126937466415,0.18204729367356487,-0.17385059793005922,0.8660112621900629,583.6481554054055
Lopi,0.3373514021932469,0.07413149618101164,-0.09860440787724423,0.4211218115453521,545.0821129007605
Lopi,0.05790474531328175,0.15848980387990252,-0.12180977366753906,0.7664100598876739,548.6577522452346
Lopi,0.13776587569634519,0.05523223930263153,-0.18814004374639598,0.39786873171016257,660.1711935822941
Lopi,-0.13686080366670184,0.04715930737108048,-0.22785663341949278,0.5643926577490967,454.6219540513834
Lopi,0.07036354069215517,0.09066578513019757,-0.32032983776128676,0.3667378849049103,399.4712131845942
Lopi,-0.27039742624629143,0.12249799942386685,-0.26378666915959026,0.8367043724257129,437.4866802721088
Lopi,0.4621387826049861,0.28127023607502605,-0.1899352654297211,1.5401056961868882,524.2956948529412
Lopi,0.19171020871580285,0.10818834550093877,-0.227775819076445,0.31854078567880756,467.13955462570215
Lopi,0.07134458378420357,0.021372880374574108,-0.20108784690628476,0.34094232874573976,468.9620337511326
Lopi,0.30013401991954414,0.09689062491957426,-0.16614532534463783,0.6039052982117761,465.8544521024784
Lopi,0.205181244081924,0.24985328425471745,-0.16842923584147276,1.715039215076344,481.61537625418066
Lopi,0.3293864069308718,0.04163777102079966,-0.19580650798727858,0.5772677733958211,486.71576780913983
Lopi,-0.023113898364955664,0.041257540556785176,-0.2991444337831549,0.4091046373699814,378.75883333333337
Lopi,0.15121332722367326,0.05217072849754862,-0.303589373358405,0.18153822879752718,539.3664415954415
Lopi,0.24906617294772035,0.1702589200958023,-0.18885526203482048,0.5766426691283159,605.7572105508871
Lopi,0.19174217831263393,0.05346896149887416,-0.25725921898650633,0.5070875967336262,510.90521065128905
Lopi,0.5344340042569625,0.347459837453013,-0.025391401399903323,0.49543454632801925,380.18061547868626
Lopi,0.16974930978016872,0.03194332824728993,-0.29635877732177085,0.32499635961211804,572.1323357371795
Lopi,0.1735934036935427,0.017658258190569563,-0.2362236181992173,0.47665104168329997,353.9886696178937
Lopi,0.08372572626560862,0.046922892524381796,-0.16286410828169579,0.5974309386737077,577.0174476052716
Lopi,-0.09584950052117905,0.13693774297214478,-0.2056159913900845,0.7128864673091215,390.2421810518493
Lopi,0.12137728913314186,0.19237251748085737,-0.17455201282694585,1.4202926997819767,675.7934240445089
Lopi,0.3012469175604879,0.043793366356123825,-0.19224851537872387,0.5418094717194009,542.0980716770875
Lopi,0.3318734249728633,0.4260151235335435,-0.06478108085938165,0.5322941879142585,593.8790171382562
Lopi,0.0927960368218477,0.0673951071089601,-0.05471742827919558,0.606248279164929,319.8774109043131
Lopi,-0.12227308261963638,0.10500821754140285,-0.21954845780309937,0.7906268499363592,262.06560592809655
Lopi,0.17605915469372993,0.08867121411853483,-0.0883850390923929,0.4208419503890346,860.2018972502067
Lopi,-0.035055673462581746,0.2630140521635325,-0.09049472686992723,0.6152442329831567,598.8810747115893
Lopi,0.22504840532547504,0.052005811728404315,-0.21282145797970078,0.535974032778649,400.34882399891774
Lopi,-0.09245913218319372,0.22882690835270397,-0.20382412198375385,0.8922017292353773,524.8002777777778
Lopi,0.4264676802445784,0.21639300342143392,-0.03833703144328935,0.6436004073940529,628.5572831407723
Lopi,0.22337453537647217,0.1077259639506796,-0.19497004537187476,0.306487175367484,513.8686968070768
Lopi,0.1580817993516663,0.15128939433317823,-0.18951983415670748,0.4583629748408066,377.9224153514126
Lopi,-0.11396648214110659,0.04562117680867666,-0.09310867337136391,0.8538552110170807,524.5954767066532
Lopi,0.3477933634224459,0.0916792550146158,-0.24117872479486904,0.4598267195011579,551.2631351351351
Lopi,0.24892480169794556,0.07027367297634637,-0.09835343155504968,0.608688941076914,587.3539860901626
Lopi,0.038806073501734505,0.0027700639495502185,-0.2777819146014046,0.5254051553048055,525.5305035650624
Lopi,-0.5509604734420163,0.4501552509563315,-0.026883956067924753,0.5109346087789286,417.1326217589735
Lopi,0.046071076753287726,0.08245047164019284,-0.13188505108751436,0.4670156764679211,588.9977744379277
Lopi,0.23149797832328256,0.12767556651278947,-0.09991376008799828,0.5651844660447886,423.95270641194554
Lopi,0.23666272550765263,0.15019950959796383,-0.23744419184483537,0.4055679899186877,669.8255811908805
Lopi,0.14846375231424866,0.050957104969088285,-0.1354520991205351,0.4916397614069542,633.299231331534
Lopi,-0.25155759021572066,0.13223689802210245,-0.1362602014775254,0.7200886785892671,430.9631308449549
Lopi,0.2238648657036159,0.06874619542263262,-0.10203566017576865,0.364937070037661,560.7180008417508
Lopi,-0.07878191373342171,0.01789221465064755,-0.19569747139652052,0.9970903999615199,374.8532573404856
Lopi,0.16012133867099942,0.07208017741151919,-0.16794833802695688,0.6054131835852596,335.16959437420775
Lopi,0.26530416168928744,0.11445006108962712,-0.13033355304157193,0.714415405164877,327.5637530635953
Lopi,-0.019487784032736103,0.1519621728050659,-0.17940838028353231,0.8352841068767308,546.328957820197
Lopi,0.5457325355809204,0.12752908764330126,-0.05744417375817272,0.6138466195940944,472.02722229166807
Lopi,-0.11338692737063247,0.11304447853919379,-0.28662917228575274,0.4665692103777479,631.061321673348
Lopi,-0.3615382518566938,0.12071853724152275,-0.009462359349742861,0.5599450041684062,643.6226170568563
Lopi,0.3435962870259816,0.023180614003057265,-0.18147661492103664,0.5320326515776581,704.7697804913935
Lopi,0.2358875184947363,0.058410728337753445,-0.13489982040427503,0.6882032316317171,466.5542986425339
Lopi,0.035742158013372355,0.11094706502056176,-0.21372079119770723,0.44215006009750496,538.9104637632979
Lopi,0.35364406398370535,0.038024762150454194,-0.20433133188836677,0.41390382884038884,663.611692295713
Lopi,-0.19628121779428817,0.07877805175984509,-0.27885408526694017,0.5227961534693418,472.1281016042781
Lopi,-0.12736769808959766,0.028964378259554974,-0.2481214252580563,0.5850112569418463,462.9310637206223
Lopi,0.18021803732509495,0.04631464670128951,-0.20238113547539038,0.42914460953777006,660.817504884821
Lopi,0.1357963315999031,0.023428091589549505,-0.2301739265706414,0.6814875938479902,478.8237475702066
Lopi,-0.2559866589686465,0.12791013756952274,-0.14080955490067396,0.831693844773833,362.1613120567376
Lopi,0.10098795698453818,0.09840130349804604,-0.06844064449779419,0.44636641603169214,652.0189427487335
Lopi,-0.2469913924678115,0.04182051109294466,-0.1379435555788859,0.715869480979248,537.7113139499859
Lopi,-0.08731856882019891,0.10674506768898671,-0.2106184679350529,0.3355107818713971,483.7254640151515
Lopi,-0.058944815134613276,0.024372112051930555,-0.0742300942256364,0.6770418323524989,466.1801040500186
Lopi,-0.2786078751024008,0.12324145651110224,-0.31338269524919227,0.3629969774877404,409.7625126911133
Lopi,0.23382913735113484,0.1866596367052589,-0.1973057831050577,0.6727910357496485,350.34191246584106
Lopi,0.19395437473696328,0.03187756640518395,-0.004213511013559772,0.6480996598744183,633.4983769101269
Lopi,0.4346731008015803,0.3288584550868512,-0.1349956295027404,0.7470429759639454,687.4184738513096
Lopi,0.2610235465265707,0.06159638766718602,-0.16686636335024171,0.616410588987678,507.46873931989063
Lopi,0.11880879194447941,0.09814952373496741,-0.06854854146066261,0.4968238787648193,408.22380591555185
Lopi,-0.10468798892728096,0.08236729622618956,-0.10352409214055076,0.5066542603215852,403.87537369462837
Lopi,0.05585052409894719,0.03279311055587426,-0.24017952834871165,0.6217310747865121,476.84353794550776
Lopi,0.3129906590132342,0.11863997135364998,-0.13695606093598162,0.3388503590977199,769.4750133145363
Lopi,0.2059654657864925,0.08197579815682976,-0.2675094901863409,0.41905693215592155,575.3944826912218
Lopi,-0.07929995120803017,0.26151423145930247,-0.09925582421545927,0.5930496315712819,542.2065752906515
Lopi,0.1998366304524501,0.05584253378124118,-0.2439946894549033,0.3514054731588552,548.4966460561496
Lopi,0.15318266351679957,0.04781876958210582,-0.15063732651209089,0.5155611754901122,425.7838314302445
Lopi,0.1002950616666796,0.030488168233337526,-0.20482265795496074,0.5106311715477962,408.421045974296
Lopi,-0.5831197404901004,0.29808846867891237,-0.04418257143667297,0.6874380380043238,607.490344708483
Lopi,0.2676276291102766,0.15435930462588207,-0.20823115795184632,0.5652054780009061,638.085230179028
Lopi,0.12085182679290771,0.08580084287321789,-0.2514813767665362,0.42766289983145567,665.743137254902
Lopi,0.19348854776627433,0.0485028156593389,-0.18617447312387617,0.6942101015031709,490.3061538461538
Lopi,0.21143514162214047,0.07252760377650191,-0.03689073406587849,0.42087146519939245,598.5129769984917
Lopi,-0.22422772421836001,0.20270716510352965,-0.23286476110850804,0.5593678299771249,667.0717047146402
Lopi,0.11583608208054585,0.21661651173837357,-0.18362656539974642,0.884145228710964,505.2704509803922
Lopi,-0.07708965929449335,0.025997515339372213,-0.10890495293580127,0.4284229763614052,559.1926148007591
Lopi,0.25956681683687843,0.1451495737477703,-0.13493095084492035,0.6204756393228773,458.54582625687885
Lopi,0.08160664588252413,0.05397538914275574,-0.2903409355560547,0.38046446711487913,499.9525801899878
Lopi,0.24624448555230677,0.12305851157340564,-0.31162460905403355,0.7819873004028339,302.2767408123791
Lopi,-0.25748160517873453,0.2129068063276105,-0.24101725629632706,0.7049253284522258,531.060665029415
Lopi,0.041255322881268534,0.02100617103697389,-0.26626776744774977,0.33917837801371287,483.44767858587767
Lopi,0.2355698405891891,0.04151485168976057,-0.2088253814963367,0.3618005653703651,560.2890745346006
Lopi,0.30266494770680896,0.31242905730015214,-0.012835900423419182,0.4940392706156491,697.8673832220635
Lopi,0.45908214040910067,0.18673236397612383,-0.19132995986493762,0.5408786052429335,606.9949267092717
Lopi,0.18589065660557008,0.1391662704438855,-0.24737620321900178,0.29600591279607336,454.7944320011711
Lopi,0.2021792412864582,0.06790993424046264,-0.26477111039904305,0.43773244214470003,319.52044380838123
Lopi,-0.08779185088146316,0.13273267265729397,-0.19199650239494775,0.6373062200548575,387.40643939393937
Lopi,-0.17416913431543163,0.09219879405380808,-0.18821616828106524,0.954832775523251,386.6943288989834
Lopi,-0.0841151861755634,0.057252213642708966,-0.25807546156466815,0.39078558614251147,584.0568723942989
Lopi,0.02800177853216164,0.1855365637506643,-0.1506085812834114,0.623385415254618,441.0539904250842
Lopi,0.1857091897282829,0.09000468399475839,-0.2686240404477378,0.5075056594329893,650.9665273132664
Lopi,0.1193592330575826,0.050697540315043824,-0.1991023219602329,0.9825875170474153,402.3286055672269
Lopi,0.20821518641363682,0.05810281541350032,-0.052551728612457695,0.4703788488721397,580.1072889306813
Lopi,0.09853670081968736,0.019835159543273775,-0.2011378755030954,1.0059193695448339,348.79110962566847
Lopi,0.2585781110365895,0.1196991262561043,-0.2977851143339203,0.7829788198415456,871.3549371590743
Lopi,-0.0866095219396419,0.030519307797200836,-0.40285773884694775,0.5188065047287664,366.0958529757379
Lopi,0.3873007948478542,0.16531612892916447,-0.19374472935368867,0.5842202789323213,807.2656264591653
Lopi,0.195429498506909,0.07996852548095962,-0.2197231565771658,0.7995747370941381,338.1294964697139
Lopi,-0.0647636298937871,0.025774621619087838,-0.2506147691670642,0.6890585986252733,570.2919400452489
Lopi,0.276375902950934,0.2744301850337979,-0.17274575305847698,0.7032996693861936,448.6316401895206
Lopi,-0.10722793038352607,0.21415669105872748,-0.1280302462385958,0.8526038812398973,602.3850263026986
Lopi,-0.06968439292083946,0.1452626595323263,-0.24146131774914698,1.034852402976022,451.87918701830256
Lopi,0.44542836924738766,0.07846460746569509,-0.15493197058406158,0.682573872379863,484.30766103161653
Lopi,0.062318574304025584,0.20972012267041945,-0.028385520152789404,0.5269700525838634,381.5065273084265
Lopi,0.19414564740850226,0.0347008185736026,-0.20950793671149912,0.5574927772184811,547.7518518518519
Lopi,0.07069811685698921,0.18572196707498156,-0.15648591409693768,0.8375191582785091,389.496028971029
Lopi,-0.04923594422992594,0.07685170097690901,-0.2064224334380471,0.5176978603752526,565.1832180344406
Lopi,-0.12706392950024176,0.10682496525416223,-0.22226814840689874,0.9118383716269794,446.35714285714283
Lopi,0.427677000129682,0.054219384014868505,-0.20267893738417833,0.35323415255572094,602.7423706017819
Lopi,-0.13287324747662124,0.03877129222096558,-0.19415922569781346,0.46660884832998817,443.5928609022556
Lopi,0.05301451111618789,0.13176775590863615,-0.24772684963631048,0.5375508919477664,612.0532624434389
Lopi,-0.23032114796450565,0.15707090506860666,-0.14299132028139638,0.6417263118779148,601.7882927631579
Lopi,0.29396800149406854,0.09585154684118959,-0.14417430538842413,0.3261508881217402,543.985342681198
Lopi,-0.02894729429698657,0.06250414692691059,-0.22941871615397108,0.7308700164510679,552.3581649400652
Lopi,0.06936153660425734,0.2024574339959683,-0.12146796562770185,0.3477430593610624,325.5198798099693
Lopi,0.29744858325456736,0.14048908731141901,-0.16960938383742508,0.47775603591439963,608.8163316095669
Lopi,0.17249715921592418,0.046637924541922615,-0.23374359207026063,0.3887530410732527,494.0387909307643
Lopi,0.042816856155051694,0.07410998529807976,-0.02149500563729895,0.7038076474734144,564.8254908754909
Lopi,-0.40477156704496764,0.24383228568931398,-0.1350285851172036,0.37165782785098395,554.4045130347592
Lopi,0.08030719138447756,0.02532309794307045,-0.2204101030501863,0.48662855377589975,622.2310439172204
Lopi,0.1319067304977545,0.06687577293531953,-0.26589107656633226,0.4059099721872416,540.2897281639929
Lopi,0.1567640974905885,0.019541587207641826,-0.2635749411190137,0.31727330514652785,684.5235059966915
Lopi,0.38671719297855695,0.052702559469844895,-0.08090285214003745,0.45835329524159796,442.68566942316943
Lopi,0.16640374503184258,0.10468043265863178,-0.0988776845245528,0.779561306383867,383.5537525900026
Lopi,-0.24170676283175765,0.2771667790738339,-0.12627814436346482,0.6566501193466259,414.0615908913233
Lopi,0.15449646305664516,0.1349200221531365,-0.2782239889624958,0.3999527087969334,906.1613576420164
Lopi,0.08799907276677005,0.05233441607338247,-0.21044050822697147,0.7000700961870484,424.9078192371476
Lopi,-0.06486177412884513,0.11563397911308629,-0.2241636099570568,0.5397286173134732,584.6102674460265
Lopi,0.2716293182684517,0.09056929345533177,-0.12192585517112701,0.4155115866775769,519.2327756641628
Lopi,0.3833205281705315,0.16483326082373215,-0.13669665779478052,0.40236209823511976,641.8529864570708
Lopi,0.15871843070704914,0.060644787179390904,-0.21936093843630158,0.5712678370554135,421.3448075834749
Lopi,0.3953072609654652,0.15772381158197665,-0.16411480841641674,1.0264758943236043,503.0632475394976
Lopi,0.3722918209692612,0.14908114855105892,-0.18362621298195012,0.5901191644209375,459.7452187895032
Lopi,0.4624481684295369,0.010038283993897966,-0.02686458334166443,0.6344056661956687,404.1358375537506
Lopi,0.3197071038963449,0.1934050398615866,-0.025735106888819994,0.5231315257435305,550.8123846502335
Lopi,-0.30826125450130115,0.23165384810105372,0.0009700478605827288,0.5776649275084341,638.8048231543232
Lopi,0.08248607162809568,0.023702611428870358,-0.254158031685681,0.6946246477867997,320.88085895721923
Lopi,0.23877791173335705,0.05787480005442248,-0.23380832318408204,0.8622796536101587,539.1027214388885
Lopi,-0.0612595814578598,0.05187920481743397,-0.12136597462862811,0.7060669013908863,612.2315638385261
Lopi,0.0941606844374505,0.029801458903931936,-0.24304683307444383,0.6478953240219933,342.00444927536233
Lopi,-0.30748078921972677,0.12187705193656716,-0.12869794789038758,0.5421151882009883,457.81213274572656
Lopi,0.2719198495491347,0.1585426591922494,-0.16036929394894864,0.4539416926229491,554.4895050270108
Lopi,0.23866508487343435,0.11141579740292452,-0.12300075814378102,0.4899499854782141,392.51875661375664
Lopi,0.4634768774622837,0.2251753847586329,-0.14397489078057085,0.4187210062328281,500.29012818064285
Lopi,-0.018258232786284516,0.01564914172473387,-0.2357403535198543,0.38645428427144396,681.1937129271438
Lopi,0.11389383545715334,0.19126276078712515,-0.15909558645712343,0.7386507960853692,463.7355330882353
Lopi,-0.15841333329659135,0.020549320856611486,-0.17183589923320783,0.5769115690969345,467.7387496229261
Lopi,0.03681025417728757,0.01924924406532025,-0.19926805205806267,0.4355469332312687,537.4863512006862
Lopi,-0.10230562253840786,0.07545472277964865,-0.17545284406180156,0.409890514850555,538.4689170692432
Lopi,0.20026703658233974,0.09825871707404059,-0.1219310256184046,0.45307325654009284,684.5452466371164
Lopi,0.12963022644631703,0.07161349368467365,-0.11992447303375325,0.37405294741287326,545.8032864782276
Lopi,-0.13201232852958095,0.0705717523541165,-0.29015159113947253,0.5141669425563817,689.2174780908003
Lopi,0.04525592085160446,0.05041871829913653,-0.26514191635888534,0.35418486160118745,258.73413410119286
Lopi,0.08531217877307776,0.13724790941746712,-0.057137392058786714,0.3908350123226297,864.3404492269773
Lopi,-0.0892120446267205,0.16933026454980105,-0.18003066927173192,0.6668620122654327,507.1070094263845
Lopi,0.0853273991156871,0.19701374655534573,-0.18652198550325988,0.6928467765128185,454.32344394735696
Lopi,0.18838215105569828,0.16785789582950333,-0.08110583583221849,0.5082230316752586,437.5010700992556
Lopi,0.20732296538540995,0.18521205671672072,-0.17594890978674957,0.6103755398908196,290.15096042578443
Lopi,0.028310711468420416,0.025430037761074612,-0.25295477749850237,0.48620721145805884,600.780576111536
Lopi,-0.058524818625190905,0.020819128788242536,-0.09509870413713015,0.45555577016574,478.202467879257
Lopi,0.20995443266890867,0.02494102368909029,-0.23231903201042536,0.49155164888195924,419.31529921905604
Lopi,-0.11633135495270482,0.26918357825394157,-0.16194864249203586,0.5723830681556669,589.0177330316742
Lopi,0.31142979452721736,0.12181989444763405,-0.04530044076517034,1.0722964448399648,259.66063933681585
Lopi,0.20105832456312467,0.09448284009006822,-0.24899940684794158,0.3288036126474096,455.14652432267184
Lopi,0.39886243021116446,0.14349180170315498,-0.1609064168787761,0.4887673315525372,484.97079646430706
Lopi,-0.15088480883661884,0.1667278574461496,-0.06941664715215497,0.5767439379471689,451.5144148249412
Lopi,0.23418764557821553,0.05562250817868103,-0.17489986855694864,0.3536214345621361,362.6212125642389
Lopi,-0.09401165904972505,0.07122404427083118,-0.20004656045599212,0.4705702166091715,459.8540250867554
Lopi,0.3282704542094119,0.12619664209483633,-0.2520960514286642,0.7600681229991676,479.56560758513933
Lopi,-0.17346950430236008,0.09561226387676659,-0.1902889022857147,0.44504413159974326,431.817614812533
Lopi,-0.221711260922871,0.10313718045743456,-0.30341164020034517,0.3779148249569828,405.4624420474712
Lopi,-0.14322628738617613,0.05063362226290341,-0.37262675792977035,0.3814500505736599,361.8844623233909
Lopi,0.33598557039284405,0.21688816345997025,-0.14005944644233165,0.7471823796665351,535.0956823107124
Lopi,0.4154041591913976,0.1768666536013661,-0.2544126142317805,0.48029643564608815,374.9185593235916
Lopi,-0.03307977436411065,0.18848314498122537,-0.12083701521333438,0.46980003399626474,454.30996321070234
Lopi,0.045712549648491196,0.08360079171316795,-0.22314003339928018,0.6721773551389769,467.31546620046623
Lopi,0.07941619416024226,0.106582814172015,-0.2587402955246761,0.6171873949687121,384.0061016511868
Lopi,0.2508961834133771,0.09296355715842362,-0.20260239068992061,0.25204206618346375,480.4474281076067
Lopi,-0.308830740225846,0.30172749547432776,-0.03330147166523732,0.6337565341685184,708.0088479167891
Lopi,0.13988719863744953,0.11487761549609185,-0.21781541116285322,0.5437356396236656,529.2465084185011
Lopi,0.14479904355738757,0.060029780793091514,-0.20832948263973664,0.45629993719683565,715.2661693342109
Lopi,0.2851463082758054,0.14245805012911517,-0.13297536085382328,0.5751050032305142,629.4856508087034
Lopi,0.28470625214774353,0.01218384091718715,-0.18712353657108355,0.782302423608713,448.2694357366771
Lopi,0.07630949266031808,0.13916831909940283,-0.20380440348052895,0.6713866925730532,411.5412857142857
Lopi,0.17143645677375005,0.09690639956705768,-0.16133219358275275,0.48153649197301523,600.7240986110164
Lopi,0.10811936549118395,0.13741548943878393,-0.1543309535500752,0.7197023498981362,504.9876566496164
Lopi,0.2520068037955608,0.03805713090762787,-0.08510354913517534,0.26942452660153865,355.44370242277853
Lopi,0.19529032099967072,0.01911976903662562,-0.24071859523893202,0.5732916182229439,491.1306864473169
Lopi,0.31738808225499104,0.13336652667435273,-0.1048721908428093,0.5759588199193875,615.8739055154226
Lopi,0.05374244185302454,0.02151055002533803,-0.28274189064304106,0.3904889689872891,476.60240489798093
Lopi,0.19980213241164438,0.10474537503853075,-0.3539291842437376,0.50288801670366,622.261282422316
Lopi,0.03814577175211287,0.013826248045422604,-0.3139060591104361,0.7495385743975489,562.0275087804133
Lopi,0.0676572619942431,0.1657504438988363,-0.19897653918353084,0.6081159863863127,604.8975000251833
Lopi,0.43930045386486727,0.11742204564860328,-0.12281103659353311,0.9272666768222275,543.6082849864661
Lopi,0.07611911790916054,0.029178872492218403,-0.29304928874186276,0.47572626005476526,582.5949911263783
Lopi,0.2392341148007156,0.4323235484680267,-0.12830972971165394,1.0308690917038885,451.3973479152426
Lopi,-0.05650692914568982,0.2676872402640911,-0.12479966822188047,0.4933111099941247,470.6394709324709
Lopi,0.21112408992429207,0.0973136722839009,-0.0997712547536941,0.46151729049398693,401.38907159391533
Lopi,-0.2081775738898597,0.02627490329641739,-0.08976775638595264,0.6199679703781468,672.9037937352246
Lopi,-0.03169983569358734,0.0689781032271933,-0.10129375818004906,0.574478967126721,510.439277901179
Lopi,0.21234465220071014,0.05090424965674133,-0.1311367439744902,0.5918958273297645,609.6131312171871
Lopi,0.19051668200057387,0.014797515626183975,-0.2140579624511078,0.5782857102301581,549.370961038961
Lopi,-0.13299803178306582,0.02901108760534991,-0.22833957867983606,0.4808543562387457,465.6087854319447
Lopi,0.17571290164044576,0.08989057388244369,-0.17667792393295084,0.5614779619234553,482.2430450853202
Lopi,0.3122785641858683,0.12749180211288602,-0.1715194762940387,1.377716989959166,370.79150420168065
Lopi,0.0915117181059838,0.08817441515558469,-0.11738841534094921,0.5365420172645554,557.5079134000799
Lopi,0.2873760854188875,0.17456847184203655,-0.24430926221564717,0.5163593348076111,893.5121038483306
Lopi,-0.039209581995106185,0.10231075282174774,-0.2034811317308737,0.4274017957683186,628.667847126278
Lopi,-0.13595115167039845,0.1042455030923046,-0.2983572334235378,0.7504925454379385,509.64632699275364
Lopi,0.1999305357640257,0.1876989196491954,-0.13290674066929817,0.44758769132371423,667.9896792048055
Lopi,0.14603197772056067,0.10016089372187217,-0.17856659059122953,0.3812559204044847,394.3294994212963
Lopi,0.3015417878222099,0.10416744931709476,-0.22341256999747025,0.5926117143684236,583.6170333177259
Lopi,-0.09707885202796263,0.0340575407411642,-0.19274252051042606,0.7887600754326904,464.7032085168164
Lopi,0.31771296219691797,0.027436900705841226,-0.20108459355359745,0.6085646941991529,419.76978260869566
Lopi,-0.15692545561768348,0.08081769319288874,-0.34506144236212205,0.3528101419953914,564.3916783944547
Lopi,0.09485562364310836,0.18345512974506709,-0.15400975717886095,0.6174409589251326,675.3366631878558
Lopi,-0.11632130478707516,0.05163623427307976,-0.271147931448061,0.47784316617634415,527.5113168016194
Lopi,-0.15210979210481657,0.08506967771908641,-0.10745510910730963,0.543848613092501,561.1325963345864
Lopi,0.2061827006924419,0.005919052345222751,-0.1966475689446482,0.5135951498444619,668.1766402322476
Lopi,0.1367237301966738,0.0756696267434155,-0.26123066183430593,0.5985332931411695,434.7956176470588
Lopi,0.05064747455721188,0.21528836836649495,-0.1557922220439835,0.7165320162889055,444.66715147729576
Lopi,-0.07043006320300073,0.07750931939796882,-0.21614128232769303,0.600559822402661,564.1382466491841
Lopi,-0.07662755676376212,0.053485555608564606,-0.1625200073640745,0.705868084468139,277.41361067193674
Lopi,0.19175162435208123,0.041355056559409575,-0.30717807587901497,0.37902468998412353,428.9629907407408
Lopi,0.40688243312564343,0.16543433635251378,-0.1668750275461992,0.510405470822744,490.4559086981567
Lopi,0.2720284601324605,0.057200997254775995,-0.1698263183551562,0.5984951479214835,555.9233405602655
Lopi,0.13851962329373707,0.04183690033708328,-0.19220222131869868,0.529347402564363,466.8287045454545
Lopi,0.4289895460603721,0.16372801117213798,-0.17665091809311506,0.7991381238590551,558.183731468197
Lopi,0.45147419910375586,0.26539479474021016,-0.16260298967305273,1.5595701252536918,520.209646476834
Lopi,0.21939885689836897,0.08437477376761142,-0.1750618432134095,0.5748291764550585,575.5225788288288
Lopi,0.20857395600543122,0.052736976882535806,-0.21032981682001675,0.49443650911269427,693.4890291053922
Lopi,0.25158673767845213,0.13248437560859466,-0.13744234540137856,0.6816751517884937,617.5767091454273
Lopi,0.2583125604749167,0.09119843556470077,-0.17173359736056848,0.6067850405076537,559.6055392562319
Lopi,-0.34223283701632967,0.33428923599771465,0.050814908238758914,0.6417588855102703,468.3399527109246
Lopi,0.12565891079014574,0.038749576472482,-0.19742365225878994,0.5396465152094286,541.5723419117647
Lopi,-0.01634661872533097,0.03197876998773961,-0.29553134587879193,0.4351068941078746,507.5270970335308
Lopi,0.045172184530163806,0.08643510662138017,-0.15490422284772862,0.8427153232451978,732.5600577173782
Lopi,0.16743318493689727,0.15434824188608853,-0.11079008730912152,0.6759434148821064,330.4685876645269
Lopi,0.051103256752335804,0.047658974451754876,-0.24211520440717038,0.5696752325308317,489.300848638302
Lopi,-0.21244809484079757,0.05502081805324403,-0.13661518311658805,0.6533985965884249,379.18421541501976
Lopi,-0.047290086895648134,0.07137052314031957,-0.1788411756970134,0.30443540659338003,360.553353988604
Lopi,-0.08738892111084524,0.08996780819544663,-0.2105586728987822,0.6684230741743052,361.6314091890225
Lopi,0.2973578395358829,0.08735454321755329,-0.2526708654260388,0.4582725903123884,614.9840003762699
Lopi,0.17325271385316798,0.026004480768131076,-0.2341551266535341,0.5376761625571476,516.6749246031746
Lopi,-0.13780612901971415,0.22682147946679937,-0.28681147918143185,0.4366690496269167,601.1337136547662
Lopi,0.16071962216552466,0.16935730680262978,-0.24203833186806223,0.5518553741954083,606.6094929750557
Lopi,-0.084932585351909,0.04152243171517456,-0.10191700744750973,0.32426361520862834,633.4050123355263
Lopi,0.4560315339587754,0.18356493768079554,-0.14799445935424344,0.5585822632919002,546.7737267036243
Lopi,0.16182867749833257,0.04105964043381211,-0.2496572369571974,0.3835326296719149,578.3508933423913
Lopi,0.10275304326955724,0.07302173948727947,-0.28140628300155573,0.48372080448471877,603.5800149605296
Lopi,0.35418999496559755,0.14478184008241113,-0.24249476752652108,0.4462368277409184,581.1690637065637
Lopi,0.07970128250431795,0.09896796161413667,-0.18621734556942351,0.5823600728181099,304.19676490567036
Lopi,0.21419691301176952,0.08187992107861918,-0.02534550685483547,0.7452046113369716,374.5551064744079
Lopi,0.06539265171519186,0.03335423730206818,-0.09127005211102145,0.632322353492809,396.52418421451296
Lopi,-0.1959568292038372,0.2346870874599976,-0.14727658045161668,0.7127876573895906,511.2376401657857
Lopi,0.26155395179547913,0.15287198072030775,-0.17349881778231246,0.5959843617009741,416.8680330882353
Lopi,0.23441901667957454,0.14562486182778833,-0.1898260962220331,0.43474339447147503,677.5913810093416
Lopi,-0.48107452401670137,0.2344711591684721,-0.020096924653360874,0.5922236980871923,746.378503136934
Lopi,-0.12650435315332695,0.06087505605953763,-0.19091832614830231,0.27728460474889827,538.722682834407
Lopi,0.1653485454636446,0.10610609203313462,-0.3584466025712171,0.49564476635365207,546.2533974358975
Lopi,-0.3855948386308107,0.43525169179893225,-0.0339107590786888,1.049168792037516,547.1686801527677
Lopi,0.3314714041202345,0.17808273551644727,-0.10494390730134748,0.7089562449054703,578.6843580590038
Lopi,0.3580832482485843,0.04532145850649277,-0.0899124509629252,0.6414114434025876,499.8771805819101
Lopi,-0.24914559727255065,0.11748842208736439,-0.11732609005928153,0.6540467547463507,464.591717211274
Lopi,0.2804113545455167,0.08523623341264455,-0.19400363524435887,0.664437896293687,381.1727582846004
Lopi,0.32691920170691696,0.1928322357789441,-0.23497473635727525,0.5794818843721772,552.5730838604203
Lopi,0.22758123913138556,0.05404176558151687,-0.14052051302855553,0.641506511644677,500.59418526785714
Lopi,-0.1632766815583333,0.05605088204735254,-0.017116590012777065,0.5704528522790473,482.38967264517754
Lopi,0.2569936333661303,0.14365221143016096,-0.04361608088222559,0.4604677921900256,612.6084136166246
Lopi,0.10000465670126404,0.06412483830666232,-0.22661429250346843,0.6040447404033825,614.8579543130909
Lopi,0.14212818835411156,0.04843398083395699,-0.15041395734871138,0.2109709775458822,542.5391415796619
Lopi,-0.022023257045268897,0.022074749754807933,-0.1736373267250382,0.6790271818648127,378.32120448995454
Lopi,0.07702804430469837,0.34163428062396195,-0.1458517886435149,1.6168439287755574,614.537026827012
Lopi,-0.2176845599516592,0.3178637306564983,-0.08150898032467573,0.7529069783740714,609.3636262813335
Lopi,0.35689784153338794,0.10112703966384019,-0.12317639759565947,0.48276897182184014,355.8497715741275
Lopi,-0.14843855808335357,0.1065645811379109,-0.17545263371054654,0.46835563255237456,338.7689398209549
Lopi,0.13204491079558278,0.03242988393265345,-0.23779779274945478,0.6478611025986137,605.2012623342584
Lopi,0.1377065059815678,0.16635315835203177,-0.15610899967185976,0.6075522321720113,603.2694711438447
Lopi,0.05797128974777961,0.05443633663415273,-0.3086650445097593,0.41164967180917206,595.4961474614
Lopi,-0.11041177874962968,0.049318590286335735,-0.17566986243017366,0.8517698939974575,492.0517743492563
Lopi,-0.11922790340061673,0.23389917454803644,-0.1872453837104362,0.49524827950754624,680.493951458037
Lopi,-0.09426004871536126,0.11254501632407132,-0.10718458181422676,0.4574704070885456,446.96292152292153
Lopi,0.12494254218847828,0.046101586527488185,-0.024713735577695607,0.7312187381932576,445.6426614583333
Lopi,-0.06811634724468493,0.013951830628634313,-0.13092828381323124,0.35721125172695645,653.9726030946254
Lopi,0.17018251560325753,0.1410346442756813,-0.036952986548236234,0.3985147975924741,869.6524475547366
Lopi,0.39922907741669267,0.28726070967322126,-0.1738846500458788,0.6342273044664721,553.7788287250385
Lopi,-0.1558334466273804,0.0987966940128888,-0.16717499363289992,0.5203245181294792,502.715945998446
Lopi,0.07469225530377499,0.09570281445063215,-0.3052903455204591,0.3411605311764919,607.4245869990225
Lopi,0.1313227258146094,0.022414621705131324,-0.07052611628916701,0.5275851070800083,611.9428043735224
Lopi,0.3872577548824575,0.12947162280482394,-0.23631447981884127,0.5233669086409174,545.8331281612252
Lopi,-0.11661597903754337,0.16319658993094524,-0.11322999711699312,0.531675143468853,537.1430278024202
Lopi,0.28434048090111,0.1762678315936535,-0.1859179647018056,0.3686345127082375,807.8164468127668
Lopi,0.18480475672007252,0.34499735352119437,-0.07337672960782826,1.5604505076742488,618.3827348484849
Lopi,0.37433012799313825,0.21043612777372267,-0.1482108089500641,0.8332414702982957,465.5607484779899
Lopi,0.403657911313677,0.18270327317021073,-0.23182096429609814,0.6752102825313654,465.54674320199774
Lopi,0.1335799146466588,0.02582870612474504,-0.14049994268919316,1.1386221496142566,426.0057945736434
Lopi,0.41799183405932794,0.25874895624202415,-0.09445948215929682,0.519726349724516,579.8945628000774
Lopi,0.429133219891507,0.1798978443047928,-0.1912873051821608,0.42446769052979294,769.7175821617927
Lopi,-0.2507723826077903,0.117724836934063,-0.0914723418170588,0.5884933680122144,431.0746570020054
Lopi,0.16219472403333657,0.057946093266425296,-0.25174531431206765,0.46270561236645075,357.69579753583184
Lopi,0.22685897920698953,0.14497933047428085,-0.19669912301178252,0.4815703244989031,695.0211163522011
Lopi,0.17321731623460537,0.05664089483634072,-0.22997926522225748,0.692302490692396,492.84336869084314
Lopi,0.22105544482975525,0.055730472324443676,-0.3421715529531912,0.19788752444755356,365.83529208311813
Lopi,0.39157118597512225,0.08853108608115019,-0.14626918790838692,0.5551260312959656,477.1321609555985
Lopi,0.23402805678328908,0.04292309749236632,-0.18247305825193294,0.863737174073931,341.22209108885096
Lopi,-0.06825564393212843,0.26439464111665434,-0.11262511663389048,0.8116287221086808,515.0963059993735
Lopi,0.3078681637140558,0.012221126447602402,-0.19321712437568633,0.5503709297893958,525.1628070719603
Lopi,0.4056647662999404,0.2476837580618756,-0.15862340452260673,0.22964486500100295,655.0994395711502
Lopi,0.15365341502420504,0.052337489056658484,-0.05179003567437159,0.6179399138961009,493.45464975845414
Lopi,-0.07680143176635505,0.23957046761663314,-0.1320298152531936,1.0565987550444917,448.1974709702062
Lopi,-0.19122018353789394,0.24332708723874275,-0.1262642027071077,0.471022303256193,351.6569506025889
Lopi,-0.10187326884256301,0.114997461843855,-0.4090486141614895,0.8907400201382281,370.9468972332016
Lopi,0.12225961484277938,0.08877876853319415,-0.2609468385470305,0.43333173783896184,403.79978372184246
Lopi,0.2615105731152213,0.04070194518048802,-0.16831485890331452,0.7822862882469399,538.8861354272312
Lopi,-0.24797738166545244,0.11763285230133542,-0.1383227566189383,0.30729080256720864,304.79429870129877
Lopi,0.07641880856193511,0.07249728367484555,-0.27119106867975784,0.26513248158652564,473.7061421078921
Lopi,0.5742862179282825,0.05058814211041886,-0.1745587067838631,0.5216150609925558,275.75072176213484
Lopi,0.1931263500240856,0.09301088110087363,-0.10439490027957155,0.8721306868318681,407.66949095022625
Lopi,0.11423986075731202,0.17955592369895187,-0.1835932502310837,0.6860183101220568,384.3600186104219
Lopi,0.015111567252671477,0.018912445098272904,-0.39084293371348633,0.30738097728789987,414.4437809431978
Lopi,-0.18891113330604625,0.10346967724789553,-0.19002795371114278,0.41747073936563633,680.323603276519
Lopi,-0.16712920820616528,0.1340645036091036,-0.24421377644454573,0.7046378676939627,508.7080265804027
Lopi,-0.4337237714192026,0.19039310652002295,-0.16289141334945778,0.5934992834822139,584.6603533940751
Lopi,0.4186874741825877,0.1589497270435409,-0.2537812878670681,0.6616268735375943,471.22985078713714
Lopi,0.4240804849742198,0.20475172330981495,-0.099841008281465,0.9037812580496086,567.2862590769446
Lopi,0.2672839593341807,0.07573026694672819,-0.22349383772617945,0.30896661466595216,569.9866875771288
Lopi,-0.06346653182140176,0.16370117378486104,-0.2211966480472545,0.6727121257995886,621.3553991596639
Lopi,-0.05508426319742929,0.014376721782926434,-0.37655190845133285,0.536152493870334,326.034309732665
Lopi,-0.047368350627536235,0.0737561824902387,-0.11717512531348158,0.8443585128609544,481.95635534678087
Lopi,0.38187155568000974,0.09014665582210862,-0.23135205043846988,0.421812496354702,462.6499125390113
Lopi,-0.05231514677771519,0.038025991343764616,-0.1284754234105822,0.534886653420926,462.5127916666667
Lopi,0.1039898967826698,0.018034391343549543,-0.06978037361481083,0.2448477457844901,552.4486837121212
Lopi,0.10182144229841839,0.09497615633863878,-0.24995053686359012,0.4928613290144419,558.7857479838709
Lopi,0.23719866583412968,0.033238897996443084,-0.08068159624139941,0.8169516134942472,516.29167119702
Lopi,0.08305801000299429,0.07271239250416409,-0.32206183572800245,0.8302052951659418,313.34536067193676
Lopi,0.1676714644292377,0.012936721819802256,-0.2508672177198961,0.5535027965766476,422.07988305420344
Lopi,0.3933223488276102,0.16309661554170005,-0.11917526357763829,0.8235867355829918,440.95951118558884
Lopi,0.26088175589833856,0.0014587195529137042,-0.22374674116799617,0.5213022098260226,548.172907028782
Lopi,-0.20047958156582377,0.12268913898363284,-0.32624730906440835,0.6487283977601248,484.84688459079285
Lopi,0.1818301409013185,0.15330076432008283,-0.11972653591065789,0.43416267167055955,511.2384454191033
Lopi,0.21771875511687863,0.12239884449682854,-0.2288142625739794,0.5425193886609406,797.6217415654521
Lopi,0.1859218499529862,0.09889933165430646,-0.2065657883651518,0.9100333205167651,521.1139212596613
Lopi,-0.438841897296583,0.3126570726592296,-0.14613511487362157,0.5939276051963228,452.87970654665025
Lopi,0.3094276867270271,0.046649806743923015,-0.25710548462787736,0.6112878495535775,413.5284406969309
Lopi,-0.2213208086492308,0.13872888249093762,-0.1576083566442865,0.5279686977400283,515.4949142768996
Lopi,0.06801973901884195,0.07802803897495425,-0.22340006548239896,0.9147717818836799,510.43221793831174
Lopi,0.13340794030141978,0.10885436340961929,-0.15584123949055612,0.5699288766422953,581.803270449594
Lopi,-0.1919337712265082,0.21621374606366833,-0.13440379045390255,0.9425897234087451,355.21900462962964
Lopi,0.025213889122304572,0.05604637500521445,-0.31508820578100516,0.8210285511648586,487.8643762541806
Lopi,0.08763841989022282,0.057781586228384516,-0.22284934557615907,0.5657209339352531,448.5747469265484
Lopi,-0.07210729265376842,0.03245692618548211,-0.21502447212271844,0.4356443318174829,502.93267227564104
Lopi,-0.1347845743160177,0.12097851162667064,-0.06114681892963905,1.0158067544739053,489.93698862279024
Lopi,0.22998407716419428,0.05198409597992079,-0.24164742228216995,0.3547780369570949,480.7278326418952
Lopi,0.312435835460611,0.3042844224254948,-0.0536373989161713,0.384378241315279,446.284394009394
Lopi,-0.12247394904614625,0.17652698651659443,-0.18783725107377702,0.5733070639620709,660.746115625141
Lopi,0.13628024401614713,0.023366017327374682,-0.18125726153528401,0.44568970231247224,450.09466515700484
Lopi,0.46684953669352414,0.23847750989814318,-0.14091547016458575,0.6233222132441966,488.744901217985
Lopi,0.2584956638588913,0.08763377496456398,-0.10403437365685399,0.6620943536665114,422.57419561621174
Lopi,-0.16172500929262743,0.08112294286496946,-0.21524762324294136,0.7879566160712665,502.27540137564756
Lopi,0.3275418417027424,0.20568918807454073,-0.07294215239287444,0.6168803863889859,475.7654049360541
Lopi,0.25475106186170016,0.12429979195134978,-0.20042147850088474,0.5642597418290916,457.8809038652509
Lopi,-0.16798164190246287,0.09345093230599404,-0.18919172330075187,0.5799047190110901,500.8251998001998
Lopi,0.17139242956568915,0.10233328803243819,-0.2049224748524849,0.6820013850898354,501.9495815417691
Lopi,0.33671619614900394,0.18890434855558635,-0.017985171795498533,0.8434632079512354,349.63166075859624
Lopi,0.16060119556754252,0.4174374028825246,-0.21015700936804307,1.5719613048855285,568.8454122674711
Lopi,-0.09366575106554385,0.2115186373490744,-0.07564493227876365,1.142769931874663,295.4523593073593
Lopi,0.12726535094055388,0.08220811569249384,-0.23626661986214673,0.42731347985334217,554.7776181149727
Lopi,-0.15260202070022988,0.02306793794960468,-0.16255783121537032,0.6496823344526693,694.1677439692983
Lopi,0.09465048102726742,0.15074158384784678,-0.1928838675953539,0.7971430126713557,189.50803129332542
Lopi,0.18344066329561892,0.04477405775226487,-0.30282440425284163,0.37879203957656665,552.9885623567609
Lopi,-0.02476410923038773,0.072324172283632,-0.23428173697853202,0.5918171987333092,374.63978501254184
Lopi,0.2078262682710439,0.06335413410104654,-0.20000497670007217,0.33467857469448475,483.8218899281685
Lopi,0.3350030618742086,0.017292368315176245,-0.21325081916565308,0.5537410783619512,371.14095902073416
Lopi,0.4794471533109253,0.18875090425733915,-0.1374237735887911,0.493128849930274,521.3492118163055
Lopi,0.1364346797277736,0.11048939537799243,-0.2333608519568646,0.8752809672615743,569.4004079015463
Lopi,0.304013852867398,0.15754332503090074,-0.20540701417967694,0.38648486583470093,837.6036257672718
Lopi,-0.13866213161530677,0.17408785725767334,-0.15552903346377386,0.5905207878006311,475.7669613925349
Lopi,0.11431270478789536,0.08545318603192868,-0.050512077057717944,0.18700338854872023,284.8648164335664
Lopi,0.16887271142139257,0.048979742663770975,-0.2718732097788171,0.5202168226939495,296.8264517914654
Lopi,0.3112301316990345,0.10707141851289585,-0.2161936917796313,0.8849006328621143,403.7555673009161
Lopi,0.28082290157400774,0.024372112051930548,-0.18282709071065822,0.6441818374511225,492.44415972160976
Lopi,-0.04028875047593108,0.15629548895530113,-0.12411701035261197,0.7163424617085808,491.75772974990684
Lopi,-0.05132593888419775,0.024417797069966808,-0.2843548451082553,0.7120162148470107,414.6917030115054
Lopi,0.22589297910742828,0.10384376174535832,-0.26560603590194715,0.6137345838052657,510.8997994221843
Lopi,0.06790613365660067,0.06522496631946315,-0.30335992026347725,0.4747008323701286,596.991406926407
Lopi,0.32598727865087906,0.03252166369982935,-0.030623264138787624,0.3686383211402266,530.8068628739682
Lopi,-0.07246752339265483,0.11688529790306548,-0.2430690641202762,0.5122478943151494,667.1369093137255
Lopi,0.3968091336532408,0.237773591862392,-0.05985650183508113,0.7880870756678153,494.91330869130866
Lopi,0.12511312443026554,0.1471429155661225,-0.35013294063000205,0.5957472261956777,582.5098325934148
Lopi,0.3683928216842033,0.11729093169549479,-0.04347944291434407,0.6172775542910309,661.0280612482342
Lopi,-0.049425171167913354,0.12088140535514963,-0.08931333734325643,0.6368635512333375,441.5226868650218
Lopi,0.4148564225763242,0.12088837078390859,-0.18122871542574864,0.6564792193390929,381.3804864418995
Lopi,-0.15870179793873862,0.056076899972422586,-0.12661892035541736,0.5176372499907782,541.684913003663
Lopi,-0.18723670376943008,0.19386393869746638,-0.08074172541570217,0.6040223234503502,520.4917797087057
Lopi,0.17035312358804783,0.099454722165052,-0.1623003753161252,0.5750566309559527,477.7554819659058
Lopi,-0.10774853158445592,0.04825902565277782,-0.31574435001098616,0.3410135898865725,433.1541836200883
Lopi,0.0995442631679436,0.02932514649615504,-0.2160406275890846,0.8548960634555792,328.65411688311684
Lopi,0.0775205149485753,0.06733098419126798,-0.3065390047553418,0.28340888838553424,494.5200756371344
Lopi,0.09532244002068409,0.07794650248536485,-0.32655074119403305,0.6916323264667706,306.0299665362565
Lopi,0.07821581499452743,0.016725300467982068,-0.24449333896909134,0.6597404428137483,311.4852690417691
Lopi,0.2994271537362781,0.024980562740574613,-0.10900533538360166,0.5323167634103216,366.73512597984325
Lopi,-0.1231978196401577,0.1603938243176996,-0.2063966948629547,0.643710530880988,612.9283135683761
Lopi,0.27368382267051056,0.12300155895002408,-0.26773669948066625,0.4584561011092844,887.9006640231337
Lopi,-0.16269041501572126,0.13307643705310018,-0.2487516351439137,0.7155573047311456,400.0367301651023
Lopi,-0.08829126228000611,0.2332741297497021,0.0006501444730645634,0.26540600211631005,391.7658241900151
Lopi,0.18837703671300607,0.2478884187480558,-0.08881738501177858,0.7137809462685409,475.79716231684984
Lopi,0.22756130282497783,0.06795316087187803,-0.14952940759736139,0.4560795515314275,568.8957298344017
Lopi,0.05163991944347738,0.038986605915835915,-0.25263530184780003,0.6091388643345489,696.0261408105607
Lopi,-0.4042765954700137,0.299220965448887,-0.16560611434964392,1.0408402898822269,448.2261034573534
Lopi,-0.19381491482160748,0.057021330165906985,-0.005100182889669858,0.7715186748722777,388.1390963203463
Lopi,0.29279370720800924,0.05513472330000703,-0.16417908881211382,0.5043574589279082,561.779407810548
Lopi,-0.11904406630469157,0.23622316936688414,-0.029733251639082678,0.6778024093749935,351.4365066964286
Lopi,0.43084319805966265,0.20347438659476602,-0.1310330915026603,0.9803118659519668,486.79544197737744
Lopi,0.099670905678099,0.05345236738918397,-0.17128454153658929,0.7738892112402782,358.28354710144924
Lopi,-0.17485375399968334,0.07294983167862153,-0.09673416597500445,0.28434344414043566,535.6673177083333
Lopi,0.09549157040952462,0.3782611682903668,-0.026432297483287587,0.7456556783840181,445.3289210493171
Lopi,0.2681718532908982,0.025752905870604262,-0.16528591277036805,0.5678037907108157,361.6868667666862
Lopi,0.5611774010073766,0.24887566584185247,-0.11544274473173187,0.6802771789499023,549.6622822517984
Lopi,0.227062069340838,0.12983034238590682,-0.21735817794104179,0.5468701821491536,556.5497202240566
Lopi,-0.12624482481011234,0.040120127013569054,-0.26352284305627455,0.3576967386797798,560.8116291816292
Lopi,0.16770353620463496,0.20237261965755135,-0.16052721647522802,1.102314631504167,406.0938108973192
Lopi,0.14115927430528089,0.11234834539440862,-0.26070011934802667,0.2607120393164151,348.0977045454546
Lopi,0.2589768487958574,0.07556002367323886,-0.15450685235689746,0.6143015179856033,480.11355207292706
Lopi,0.16100425489670267,0.1921608913659183,-0.18467809730735602,0.7074644150597881,481.1353420772776
Lopi,-0.04950362968044465,0.14029733315499793,-0.396941175456438,0.7932918743297914,435.9430002216312
Lopi,-0.24185294581003003,0.19916647377294552,-0.048946358283432176,0.6017947243559835,524.8630722755505
Lopi,0.24525137429597588,0.03581917962050757,-0.21692648010893445,0.7283437241646789,434.1827987377279
Lopi,0.24286499440506765,0.009934007428066417,-0.24427535502937311,0.4854552513342237,604.8958391342746
Lopi,0.5717267912243018,0.2595643211379175,-0.1333964765908052,1.5672250667347494,619.8498870162886
Lopi,0.47233614585359374,0.08007013879461876,-0.1653712990564982,0.3282187456560173,570.1855989598637
Lopi,0.19607518473888125,0.055562482572023564,-0.04177272782623366,0.470337688530829,687.2731798768135
Lopi,-0.0877172140258983,0.05667777063565252,-0.17455760497573306,0.388021757564996,472.94948958333333
Lopi,0.1302277104620534,0.045715210096921644,-0.10411305614746244,0.41294551897940734,475.1586578124438
Lopi,0.04632413967216653,0.07707500442829698,-0.20377856357757007,0.3098116696009079,386.2813341346154
Lopi,-0.39787905084280983,0.15983495109257476,-0.24128505647847442,0.42917153757875015,313.65944468938443
Lopi,0.26485312579308934,0.16899121206168463,-0.2315395478022326,0.370854851089451,658.95956446111
Lopi,0.15283937311205958,0.19153850981975656,-0.21244157039955722,1.482029706721078,674.9832916763543
Lopi,-0.05691521312682823,0.02788514653303076,-0.2330585047718573,0.7382792342312205,494.2898964686209
Lopi,0.2445302841747014,0.09559648922928327,-0.19799921894297065,0.4353950565068649,375.81833818011256
Lopi,0.04596799926939235,0.0070558512917835705,-0.37377121145819164,0.5851986567723345,353.01890476190476
Lopi,0.3927904145349784,0.2200019149807448,-0.17579722066079656,0.6686614815758161,473.163369047619
Lopi,-0.33111045899883595,0.11833349248825886,-0.06322824832167871,0.5877874437532578,661.0893759426848
Lopi,0.04623732164714178,0.044162738945896646,-0.18384245679969047,0.5202127944833975,399.04582905982903
Lopi,0.07736797534558403,0.08401625905208054,-0.2673183244123393,0.5047217444097132,575.0619454467765
Lopi,0.2188796204748506,0.08783044589422674,-0.15689581233158997,0.40827375688417944,532.4270819702497
Lopi,-0.09404061523523227,0.004891856468838501,-0.18420830321844137,0.3726672610638175,609.2753675266175
Lopi,-0.061394700216526696,0.05941395494458496,-0.3278591422212085,0.6986093742316747,541.2511052631579
Lopi,0.15744708680222436,0.051783532604775084,-0.28970322165202744,0.6042738877522998,320.47681100217864
Lopi,-0.11704604940024275,0.22214132593748215,-0.01748407233418421,1.0702697594359523,324.8508463308268
Lopi,0.23274499607921828,0.06513072816566635,-0.21103642696365843,0.5909676580607973,569.9251372549019
Lopi,0.1621660658904524,0.08050752674756656,-0.10374545881825925,0.537318155592284,417.34916080562664
Lopi,0.054047320051813175,0.13133958690551628,-0.15072417253732623,0.546545649173492,692.9941496983408
Lopi,-0.11524803414498233,0.1132962583022726,-0.21951415409119282,0.42752577439934397,440.2447001472365
Lopi,0.07449058341888351,0.06697472299680615,-0.20658314700367578,0.9301103795315587,505.0647905693378
Lopi,-0.09770342795546944,0.05964914059797337,-0.1256836926159583,0.32469007341249645,467.37370723389984
Lopi,0.11437052250203655,0.11778588686847928,-0.12950709720295336,0.8349242333658545,407.12867782300617
Lopi,0.04532734316897181,0.10608806386458221,-0.25651361919179716,0.6558183665804578,578.1072488038278
Lopi,0.3244829364955539,0.025922124816334855,-0.06383168266153945,0.46549295187117967,541.5016262541806
Lopi,0.06627089706473865,0.1055713929431142,-0.12589547726651446,0.5465479666247319,728.502705035127
Lopi,0.27866578230523203,0.10869723153144094,-0.1351807577782298,0.29352347737094936,754.2871169122457
Lopi,0.40217464069165393,0.05050230344424329,-0.07310771123995122,0.491421132039758,449.630141821686
Lopi,-0.06076999582641541,0.15296396535303536,-0.22511717368798614,0.5529847108335243,528.0812108068562
Lopi,0.028953217988533342,0.020333392565085977,-0.2905930862035478,0.5251234915434343,426.3483707868219
Lopi,-0.28195141551041897,0.04687126640534524,-0.12316990150157302,0.628391123802478,485.32291170023996
Lopi,0.2252743804379738,0.043675978394981343,-0.07766064289772398,0.5651211674053636,503.5824175824176
Lopi,0.328583591387211,0.12370445265801663,-0.11555091399923735,0.8302235355450727,508.99859250663127
Lopi,-0.06919272200930211,0.028910293753897736,-0.23391349694728572,0.4113959925777581,486.11821047794115
Lopi,-0.4429257202753241,0.15096365810592427,-0.17853521318622212,0.44867741903778063,402.32200257415224
Lopi,-0.08115893880862673,0.06319864114728185,-0.25204984025132143,0.6103303227902459,573.3927977765269
Lopi,0.15561706079370002,0.10217185397767341,-0.30602009220120646,0.9039488821478293,381.0144167626728
Lopi,0.1268346395172265,0.056819332731899264,-0.2593906333294664,0.6662322672618264,495.14645833333327
Lopi,-0.32248519973201084,0.24431966083688428,-0.06429271533388668,0.7708345697350921,674.6883427085107
Lopi,0.24477276740956358,0.2777721567792021,-0.07196724599929895,0.5604749714496696,473.1768787646919
Lopi,0.22873563440079672,0.11250711619700088,-0.1525421523948261,0.503219386599342,478.12974296798205
Lopi,-0.07355950297155149,0.0675020469269642,-0.2606693256557528,0.34614545481945025,535.033158542909
Lopi,0.31287381840403494,0.032235671389611475,-0.19020697489402613,0.5995626282047899,582.5584301470587
Lopi,-0.044863897581378834,0.03469385314484372,-0.12790529402839249,0.5131270829659212,599.5278632010943
Lopi,0.45312808067026655,0.18247833079440887,-0.07295845905121735,0.567099417410205,622.6458478057891
Lopi,0.3705561641299674,0.17321738352836402,-0.27313193986821854,0.4527894338854879,912.2937222416047
Lopi,0.12011741046719632,0.01943608144849984,-0.22798979178269674,0.3215032403674631,442.5774467823654
Lopi,-0.04445623284656611,0.02626588921214113,-0.23332637176540286,0.34146491917670485,586.2774560319767
Lopi,0.14715478133772336,0.07695864079491323,-0.19788908127686022,0.3642758574714738,433.2114242788462
Lopi,-0.021653288837330503,0.01741856549504316,-0.3684735856229353,0.31972403722459086,572.8400942028986
Lopi,0.516042806444883,0.2516890844637878,-0.10451859243185276,0.8147891413068529,487.3601764795307
Lopi,0.46766015326307,0.2570211201787166,-0.2107355754700938,1.5047242559856373,578.0212953381148
Lopi,0.17786210107585596,0.02252955127965299,-0.16730158357178448,0.42813688018553414,468.2189109852279
Lopi,-0.03344783250358595,0.11328171284809951,-0.09599616282779118,0.48258871760674454,600.9070111423301
Lopi,0.2729613944004219,0.14984529705901922,-0.1527565844722509,0.7835737571966619,504.9328623101037
Lopi,0.17632261119587106,0.13212688522082233,-0.24618906589127734,0.4206622710584627,572.4416728008833
Lopi,-0.37905171270378324,0.2505735915346071,-0.11210611910165545,0.7532227422886193,511.3245050941276
Lopi,0.024958310183162778,0.04355182987063172,-0.22417125056098763,0.44645718054540834,576.1140741394421
Lopi,-0.09663087723932434,0.41951883688812175,-0.09275371914098918,0.6625437831984718,584.3982152169231
Lopi,0.14669526073523845,0.029325761092810262,-0.2675847843393,0.5945764457120379,511.36074648865565
Lopi,-0.17838541795288293,0.05758962720641158,-0.043193959055898436,0.7015455823659711,403.8134685061315
Lopi,-0.22328946293121288,0.08852104766911528,-0.15047884002197753,0.44867627723899584,612.2253093383163
Lopi,-0.21650542785118726,0.11421794841951477,-0.20319128898955685,0.5473610315493372,541.5724419448476
Lopi,-0.09505502456958914,0.10079044556234454,-0.050627005510644536,0.6668530375883736,507.5992694519657
Lopi,0.11476976176658849,0.04979920487069893,-0.24842190912847295,0.5739484571971449,420.7884705554462
Lopi,-0.023190971972145077,0.011940050910626124,-0.17752483695236693,0.565113034131278,501.60190300422704
Lopi,0.27024061987537606,0.1355366674638498,-0.158181626382212,0.8652958361584896,402.199848699095
Lopi,0.14993869276605604,0.13732801184819435,-0.21315157572537546,0.41455646584229366,720.1926500736106
Lopi,0.1930429610413215,0.03639833453525391,-0.049197096928940906,0.536675716024398,412.11763366627497
Lopi,0.4648694488100032,0.117763146792237,-0.21393274737526805,0.5640656254191267,725.3794554325998
Lopi,0.20740012660890308,0.23275336151719944,-0.18252426963716326,0.5056463105530853,456.9627535148675
Scps,-0.1152722319613165,0.08364053563020396,-0.16586539131955208,0.681043267689249,472.2842647964192
Scps,0.3126518430011167,0.09362732154603526,-0.24201677241582314,0.4818956018548979,478.8484594015335
Scps,0.14542499186671576,0.11038245555998832,-0.23848915617809774,0.6339326743009859,530.6351194345941
Scps,0.2263370252577732,0.018708603874299547,-0.31257621993245177,0.5734691718625106,317.7864493740877
Scps,0.10541238684425674,0.030405607415989543,-0.1848339776239193,0.6257010887492565,542.5251394261767
Scps,-0.21540482975229763,0.07863771885690862,-0.37356007598020846,0.48448157365703853,629.9094433289883
Scps,0.1637152064158422,0.09111239203297328,-0.24270948383759736,0.8007950630902153,416.2468520894428
Scps,0.3718669233686299,0.014989269782605123,-0.20829713902460045,0.4536881423922582,496.48434139390025
Scps,-0.046570654831155474,0.05989067708346541,-0.28024772553800387,0.47294663596723685,690.1342394122121
Scps,0.16759574075134903,0.02645498011638974,-0.23838168042886276,0.6280973363888409,520.8807510822511
Scps,-0.1923384996175732,0.27359289952386934,-0.110066389136841,0.6129562945405352,522.4125312805475
Scps,-0.17712916458148803,0.16967689706333156,-0.10713699838357728,0.565580518084046,547.1347114176147
Scps,-0.05474916963731954,0.05480345570285641,-0.2138395038673136,0.6579822549424705,452.22273351648346
Scps,0.26136150946171044,0.06457390359605883,-0.10392050072108691,0.6813538644391685,567.0393019273807
Scps,0.2579996090458212,0.11681195603554533,-0.16087247910277042,1.0494356812757206,417.09501272126886
Scps,0.20405835135819997,0.042578308768801275,-0.23602735029022678,0.4043993940934869,548.5968553566847
Scps,0.297528072515034,0.19084237667497111,-0.19561156622131828,0.4748450847624744,601.8351868294487
Scps,-0.09782247285186248,0.19051397719554464,-0.13177188899893272,0.42975299472316797,513.2155707681557
Scps,0.14536260259488404,0.11786947201358586,-0.0672583425030491,1.4185214216402044,547.7750415444771
Scps,0.11947511750131062,0.21688017370345278,-0.11604949322800409,0.9631826756316398,643.5344370954124
Scps,0.16210191917945252,0.14631730739264254,-0.19453805257381965,0.6223639507920204,613.1712855352666
Scps,0.3995518079793097,0.12974102100535154,-0.21265235384977507,0.6681995230243752,500.78600380685236
Scps,-0.11116654739409076,0.26934603663646495,-0.22163156589919883,0.7247649696105498,465.18552991452987
Scps,0.24185553712468938,0.10848581028205348,-0.18582878545618223,0.8807350668662276,469.0223121072476
Scps,-0.3920810109016499,0.3038753059186859,-0.23271492240793717,0.464560598387115,517.0485906862746
Scps,-0.12769385846236986,0.09433042011957951,-0.3522299620265743,0.6396898544511088,596.255050440466
Scps,-0.34759026199337584,0.19152130111341087,-0.15888323480017832,0.5057963229496788,844.0769811487855
Scps,0.29712989032180914,0.05222788598648176,-0.2367178122299755,0.5877964395154531,567.0664619990224
Scps,0.17542387142010146,0.12480335147750703,-0.3096615301305456,0.47243524461047626,594.8092164502164
Scps,-0.13410450078378425,0.1477880371885265,-0.17867850664634435,0.6899122840755789,410.6769558949822
Scps,0.29598937282798304,0.14445098221636404,-0.14105019993551712,0.80258257433468,450.0173699984226
Scps,0.2760758706010762,0.16324534793225748,-0.1640346022250264,0.7772969872077794,484.72449643493763
Scps,0.26040086929698236,0.10195387703063057,-0.20057959505808154,0.2662426670978858,559.123042276015
Scps,0.11554585405646535,0.1133054772521004,-0.32352496644044293,0.7020397590493146,562.0712512541807
Scps,0.1385716363759452,0.2118531827950529,-0.2606613737931116,0.5366368005996394,299.0135359247057
Scps,0.1345898392580345,0.19073543685696706,-0.08841795375271154,0.925319444651827,434.4531221896383
Scps,0.21091210995137671,0.030555568999857344,-0.29346014122654424,0.4979121229211566,335.61736074439165
Scps,0.048569312012687486,0.13074465734328664,-0.16481417297258036,0.7769506097496589,451.74856381683105
Scps,0.024879988059060155,0.05562045952316371,-0.27347992493482903,0.5020810859155379,687.7576010682866
Scps,0.13384361693852134,0.05976652855911584,-0.21303028922607037,0.865011125062964,357.65708526579715
Scps,0.14939676809611663,0.15121134055796825,-0.07214179460042278,0.7249621611716328,404.2575039686039
Scps,0.09749551344263727,0.04848028044864844,-0.20880472990443438,0.7975881344866496,347.548023989899
Scps,-0.07242475264448114,0.008152906321308455,-0.19961618847405813,0.47313980183556853,748.1789668173977
Scps,-0.10863089303376094,0.09500647644029511,-0.22757949145030631,0.42140591223800394,533.0853332900208
Scps,0.1470402635808539,0.028707476857683024,-0.2174356474512327,0.4464618438343344,567.7282824666296
Scps,-0.44860272422521646,0.2174544118449575,-0.07916464724091966,0.9465091819559341,501.2476263736263
Scps,0.16621094320196994,0.05596975528886671,-0.23840790054483113,0.6879735913636027,454.9475911389593
Scps,-0.1615187947110754,0.16451244136971965,-0.17243818914645678,0.6147093590366786,438.71341783800176
Scps,0.3670029248591464,0.026120024939307988,-0.18428305340526172,0.5833833396934062,491.7568273529749
Scps,-0.20728479004492606,0.13857113601610407,-0.1587966886370602,0.9256956491552328,353.4709844322345
Scps,0.16689191878749363,0.022086427091256647,-0.2683618115828445,0.4518813092144938,421.5072850125418
Scps,-0.028119428725631862,0.037578974709885415,-0.2088118591747749,0.4271672656017749,515.3227896270396
Scps,0.2517936922304029,0.14421292844525158,-0.08560059733943531,0.5720988869393765,366.59854706485146
Scps,0.08067832378356549,0.05867705355500516,-0.24873375858384314,0.42424358287458847,648.1926580482736
Scps,-0.15859975612016394,0.059974262228572085,-0.1939936606381098,0.6818700473142798,503.2378418640183
Scps,-0.026429317621089285,0.01454860398082958,-0.23000832954452693,0.40308941275765064,436.05565988569214
Scps,0.29223643014060696,0.061587578448461515,-0.18795595872369295,0.5602056130653535,522.4118760552832
Scps,0.2869267471334682,0.09104847398083293,-0.30626166137851685,0.5041553311324745,460.1979210765594
Scps,-0.08162479392979241,0.04659695143157615,-0.12794540410969218,0.5792871696116372,654.7682781443307
Scps,-0.2738550833994314,0.1854296239326601,-0.07836911068062145,0.6349661932967668,426.16410944976076
Scps,-0.0801756001071158,0.043231625013274634,-0.3704692592492286,0.5957357133918011,290.43705354672716
Scps,0.1304554604699537,0.06438399322960336,-0.11088988515880371,0.8892321928126642,393.35182970471715
Scps,0.03440762426488116,0.01844248352259969,-0.24716519310696775,0.49372955641123123,540.4300330895159
Scps,-0.2037155142573647,0.2806042181663452,-0.16791670134230186,0.34886854993398936,711.0704210526317
Scps,0.2700903471480558,0.07683059982508068,-0.07066883252599636,0.27724750387156616,443.10711401471394
Scps,-0.22661068733653494,0.03853610656757728,-0.2085212521668548,0.45615335008462904,521.8696282516636
Scps,0.10371053474010734,0.09945226377843121,-0.16050042269069378,0.5385781851118971,782.3240813018251
Scps,-0.13504873039129522,0.049060459691153496,-0.2927910293387173,0.4148274243279465,446.03283870608203
Scps,-0.22667577945015155,0.10951341588954124,-0.28482059195793,0.34911785551036345,529.1806626630915
Scps,0.05213610951265073,0.0905887556827463,-0.23986731805888042,0.5632322281192498,594.7511556217859
Scps,-0.24613689215128523,0.21919167172364465,-0.13055478251691413,0.5456104468454273,736.391066503468
Scps,0.46954508868644884,0.014728271069698566,-0.16429181079595429,0.6500990882376669,526.9883964932127
Scps,0.38124787218728584,0.12550645005105118,-0.23394182598441368,0.5041264452465849,575.2019734809999
Scps,-0.09275818275811015,0.13491571997655,-0.1959135258531632,0.5929384057124177,591.2521634515371
Scps,0.08928435268803744,0.07969113752391455,-0.23964720246391882,0.6590269955241388,592.0794069994454
Scps,0.03303540882422702,0.17556288923014357,-0.09441893320607571,0.4317615044279828,408.5884615384616
Scps,-0.2626263907202221,0.30053599742545445,-0.11806361710099747,0.7718210397275684,418.1660235507246
Scps,0.20561812718654787,0.18292391336942593,-0.185444935976597,0.5070244706723214,536.4576270391099
Scps,-0.16576512622325976,0.05635346846726073,-0.3833669240343999,0.6720717359895546,431.2921443156505
Scps,0.18836246524043143,0.07670235398969642,-0.24858400496342375,0.6636584555995855,293.7146858345021
Scps,0.22711429796517935,0.06889574727539709,-0.1796491553329198,0.28567820728758225,360.52756212023394
Scps,0.1755382263893773,0.04669590149306273,-0.28636029891189113,0.31555525373441645,544.0455522712488
Scps,0.0722695139292436,0.08253815409633408,-0.14946996922102876,0.520306142277973,526.6698121305939
Scps,0.26100680259760717,0.060898820463538575,-0.18755302074466942,0.4857749209171883,571.0759883561817
Scps,0.19871378646518398,0.013863123844734367,-0.14139553219131137,0.9307845141862686,576.396384025182
Scps,-0.024756296866200837,0.012795979185762413,-0.24884687371509254,0.47142174342498744,634.2082463144963
Scps,0.10813335781397951,0.0836720849251708,-0.13390405405013667,0.514253456880392,572.3378176127152
Scps,-0.1313940850573392,0.016877720438470724,-0.3405734032440499,0.6768064050671415,437.78907828744144
Scps,0.2516483301312704,0.12185021454929038,-0.13762779612032336,0.8316699676216408,497.10307748538
Scps,0.434777093764765,0.1660095988217772,-0.16141660482632397,0.4719135031213626,442.6562026576988
Scps,-0.1603425548670971,0.10468719322183882,-0.1583757105430204,0.8049299285294815,340.4369077925793
Scps,-0.10389241072451709,0.03273677252914797,-0.28713150640087803,0.48898732005921725,433.51560032344923
Scps,0.4000825213911412,0.3715120775541081,-0.175792382815359,0.5443715664672844,427.1803050294985
Scps,0.2807018805343904,0.06625605464133025,-0.18498779255621578,0.6158950439442898,448.1748868778281
Scps,-0.05215557092583952,0.060576976681767626,-0.16516915841052845,0.8714656191625114,382.08636383928575
Scps,0.2213097791537548,0.1467413790847279,-0.10207043132843714,0.5266711327802995,366.89223291359787
Scps,-0.13801392899997897,0.030184762351222458,-0.3214806280060299,0.8356910759769971,326.80149950592886
Scps,0.18816144828327766,0.027990037695517597,-0.19209056107077077,0.618954708798908,502.382013608871
Scps,-0.10194937444562208,0.08838706559828251,-0.16666816754709438,0.6282250524090849,426.44851501759115
Scps,0.22452663436137865,0.05391987057823638,-0.24377332700082047,0.9979808093373843,555.8594804710793
Scps,-0.16211706008554302,0.08176724502516658,-0.24521940523306282,0.4870197797016271,578.647851443124
Scps,-0.03612634983467737,0.03427941013368984,-0.1438107869473864,0.47895967420966673,551.5550721441388
Scps,0.04939042928062606,0.03469282881708506,-0.24346015098508814,0.49959843898658146,391.91963909106767
Scps,0.11959892357202628,0.01716145922761949,-0.23790546710249966,0.44629101971125223,683.5870924102779
Scps,0.36406309202086196,0.04910266199481027,-0.1164548838764503,0.32337800480159445,716.6949509803922
Scps,-0.04160896770668358,0.009267170057178758,-0.1771754674476248,0.7326818810191518,503.36700994318176
Scps,0.18537886836961326,0.1102962071627091,-0.12857125385531612,0.7657592975505872,392.4544060672515
Scps,0.012597746827241069,0.03494358425240508,-0.21283397877626692,0.6164386538025277,434.5414504220578
Scps,0.10945344830822845,0.027768168302991815,-0.22247674087179484,0.8380335819016795,358.0904696356275
Scps,0.24310595300344007,0.041649038626145066,-0.03367436336207604,0.41070252370714033,336.1318345716784
Scps,-0.17848236825504687,0.11082496515172946,-0.261053572782555,0.5383087907931208,383.8361458333334
Scps,0.31148564305030335,0.04050015261203202,-0.23469634566110706,0.6413661235238708,249.83389245014246
Scps,-0.09719107132534022,0.07531418501116052,-0.06785843845213738,0.5476006137493244,472.09902229020986
Scps,0.27352277290103694,0.0881016878847199,-0.2057070832248932,0.30660119591999824,516.4250825977301
Scps,-0.07532856185292863,0.05756442874354861,-0.17219389556132275,0.43976733268606905,504.98767664723545
Scps,0.20204283594069036,0.1340479094994132,-0.1824096623292284,0.3395829633730169,382.8755030270655
Scps,-0.1419258549234968,0.06162342992001456,-0.2043063951516445,0.40919656778093605,562.482853874474
Scps,0.01365268567115937,0.050415030719205355,-0.22591131802919595,0.8266031701706682,434.29315019762845
Scps,0.04732793582789041,0.017033213392235232,-0.25529092302393847,0.5308088776566299,479.74197567783096
Scps,0.18531063662583214,0.045196900251039715,-0.198359828257192,0.9557584027901648,421.85479848892146
Scps,0.04779432238721834,0.024477617811072605,-0.43804528446484564,0.3298901933552349,555.8889243626193
Scps,-0.15460595131795352,0.026675620315605067,-0.1017619057404694,0.3588600109764209,313.13098076923086
Scps,0.21381019592300748,0.20807710094552875,-0.2366765669424577,0.4850425879535986,489.3026381589425
Scps,-0.14249099816739358,0.1116763863847276,-0.16833377058072607,0.5192433808030801,593.875037582439
Scps,-0.07387290306296386,0.04992212420173821,-0.288809533569157,0.47914504285641046,482.8844503901895
Scps,-0.054155094334819825,0.026654928894880206,-0.14037236036400472,0.7404072120900546,452.99841165893906
Scps,0.1650706383162417,0.05322803961003746,-0.20955068791322204,0.3779326445100463,528.1106607848544
Scps,0.39252178612881605,0.10359648902441765,-0.20435671195393887,0.42849132884608276,486.5692103245592
Scps,0.25883981071408607,0.05780596522904062,-0.24227700602746605,0.4194154418816344,565.1862395112315
Scps,0.10398403373800362,0.04549579909101666,-0.11912912705547596,0.5246973512243861,408.3735868520068
Scps,0.3734678118362116,0.19541866336956049,-0.15157327291628694,0.6112291428841656,491.8799249724333
Scps,0.3911333504663679,0.2903984304635485,-0.13926655308656946,1.6010805630952716,439.22895454545454
Scps,-0.2271964941011905,0.08044156003990892,-0.1855233470482565,0.49758164265446153,695.0582774984757
Scps,0.0542562158721686,0.023616772762694704,-0.14336294283721235,0.49383491287900466,483.16920833333336
Scps,0.1847318414894693,0.08978732164437078,-0.245185494169795,0.5511714229273752,431.94380141016956
Scps,0.36463176454767376,0.10184202043938492,-0.09629528719800365,0.5708169104066004,281.01781797235026
Scps,0.08566009798754805,0.03202138202249989,-0.22043060632907802,0.537889466460372,382.7917431020067
Scps,0.07628692263918838,0.06509016478642352,-0.2058398778508117,0.6530005834493392,501.02649378751926
Scps,0.04408320376724141,0.131822250145397,-0.2267235723236928,0.89288141987646,462.63361928104575
Scps,0.44135324815702687,0.20157548779576223,-0.14991037591251602,1.5211091850914928,562.1429487179488
Scps,0.05109125609409827,0.06816335292795514,-0.1945950102255857,0.6141771369573387,581.5174511054422
Scps,0.17010938873441692,0.05673492812458575,-0.22768660259024887,0.5900187218659009,529.3224915944271
Scps,0.10082954754746824,0.1383484471613713,-0.20847943697901286,0.5959410536357164,545.6637140015157
Scps,0.2188458404938718,0.07999269961606398,-0.07730129302987539,0.5949550863636032,492.40486274509806
Scps,0.23592933728219934,0.02933969195032806,-0.21099773945451658,0.8300529190152202,430.3761433419521
Scps,0.26763064635684436,0.08978629731661214,-0.16726687651844016,0.6807745302813663,856.7476529391661
Scps,0.09843730409606041,0.026987835416444644,-0.2086025015525532,0.4616976579986145,494.02363817089497
Scps,0.3596679672045371,0.21529000729090897,-0.24545639265178448,1.5099480311377709,626.507897137746
Scps,0.46165712267508807,0.06114875643665164,-0.18587811664318254,0.6719033169096732,378.23432868830236
Scps,0.28020537303992715,0.14164842146867046,-0.3411367608893187,0.39131544873117596,1031.264519552773
Scps,0.6357904709519231,0.0293632514887772,-0.17410247650733204,0.4024345175092418,387.8690136335136
Scps,0.16536741315416492,0.05502122778434758,-0.21427394525181348,0.8705411918928874,506.6321457639659
Scps,0.049762244881339006,0.06750573450689543,-0.27206041823977156,0.6265096092372582,478.7000664251208
Scps,-0.09464218793459744,0.27523510178655297,-0.11503094410095013,0.7488752522600508,603.7402925265477
Scps,0.08031389069218003,0.016754801107431463,-0.2572698092405962,0.43509976812053436,574.800104254943
Scps,-0.23984018954797098,0.12043930549451198,-0.23343553109850274,0.634409372640046,534.9471183328059
Scps,0.35836083639388455,0.19936498849257395,-0.21613772618567634,0.5136777576599435,522.5967506555944
Scps,-0.14801740390003287,0.09321574665260582,-0.10666109856008955,0.5314192245900536,307.01255844155844
Scps,0.3198680618630728,0.12678235270723817,-0.1941848941561598,0.5401481418692403,553.6126197521905
Scps,0.11648581552062079,0.029554391048543103,-0.051909713268488554,0.6821875826778636,590.7854764752792
Scps,0.17510225237029806,0.10079700125999999,-0.18331662403049168,0.6279349761454276,564.2040351918693
Scps,0.2635679547610593,0.07030747579238214,-0.21654061452627174,0.7136969540213588,376.6367746329757
Scps,0.2832645881310138,0.18308657661750122,-0.20852986237581336,0.5167026246036652,466.4877425180598
Scps,0.2814842903978051,0.031331599709818206,-0.03450518965972258,0.4011336167946257,847.3763626480733
Scps,0.23736169831774107,0.14038542534224266,-0.2542788239796941,0.41620210494515414,769.3261552667702
Scps,0.11016858741216597,0.061042636080854425,-0.31646149437889426,0.4634627740693022,601.9322196110793
Scps,-0.1552604074002341,0.04229538944185944,-0.1203025673763737,0.8931312317048417,167.8222703222703
Scps,0.177996536775492,0.03389282883757158,-0.19301470059316156,0.7584690131900937,298.7376199227606
Scps,0.07937671552314567,0.013300767905230024,-0.3973326787870594,0.4745837919713111,349.9360559351661
Scps,-0.07207283242802776,0.08939910142383868,-0.25668396665790805,0.513382444818476,623.7983666432913
Scps,-0.1052175438468374,0.044405504624698944,-0.25074501107560204,0.5890548871327932,460.9546460854136
Scps,-0.054874944141535154,0.06256437739911974,-0.22253973024937654,0.516739739760989,685.5349735655809
Scps,-0.04798152765776137,0.008347528595453827,-0.3404127617273913,0.5259982378057317,643.399887169568
Scps,0.13928410675233924,0.18341497609692764,-0.16454387776056864,0.7965664534846614,309.2151712398557
Scps,0.2624742602812394,0.10583198192491718,-0.1547243836046895,0.46845475918479573,418.5855446513283
Scps,-0.20890659740912737,0.02234189443426647,-0.24327720088700713,0.6094794657589164,356.4454290137108
Scps,-0.12157234058341725,0.05527689999290912,-0.17718801639850343,0.30700153483991305,421.0524858221214
Scps,0.2912044014900346,0.1328865266866447,-0.19778681683714044,0.6621466508391379,524.8814695690572
Scps,-0.0812914739390989,0.12033011215543879,-0.22866789558416029,0.39546447486294173,622.1619364603637
Scps,-0.28017881323778,0.20240253002810416,-0.17358425598785082,0.556984711750799,524.1972058573854
Scps,0.11236602260938339,0.08658035629755806,-0.2107649654567093,0.9064139544680447,397.04357336956525
Scps,-0.42854269436010234,0.051466400730693904,-0.15941866961216808,0.6968822787245429,248.66693117201606
Scps,0.04264499252744042,0.01058875773140185,-0.2562224289089123,0.39480038131884615,580.4746960036961
Scps,0.33136333304781984,0.14967423432332302,-0.11529203303636541,0.8144635909821982,618.9940407470289
Scps,0.31265382118033275,0.3431316429415713,-0.024690891717115852,0.5677060123940392,509.12099077737196
Scps,-0.10743984155169242,0.058035619512532145,-0.2922466500985448,0.45177126091509684,590.5547301678108
Scps,0.13711751314995205,0.05833820593244033,-0.22005260039075017,0.3829629107157987,400.321808404532
Scps,0.23374130805745325,0.12069210958534929,-0.22422902064027048,0.7206062208352805,527.1601329695079
Scps,0.06025516425165221,0.04007321280222255,-0.23163586540319667,0.4599637966553042,556.1228975455683
Scps,0.46277995249717907,0.16095228781172127,-0.1400101657310573,1.4209912430042366,634.0307975113122
Scps,-0.04530349090736749,0.018009192880686475,-0.18376360401661257,0.38618671545544847,567.0629709273646
Scps,0.565870352921372,0.21186076282046706,-0.1989449847928625,1.5069659618789932,634.5780971667691
Scps,0.12051089325588338,0.06533538885184667,-0.1960967042815326,0.3590161118059596,574.9453665876722
Scps,0.1458818855597345,0.16564698679521156,-0.12472000936036068,0.4955449920504921,524.4583712121212
Scps,-0.23985558999327378,0.05052238026831289,-0.1238632671798902,0.6109075737204468,561.3957005851291
Scps,-0.2961948275270704,0.29652985156133527,-0.24216036975286323,0.7287604392278729,711.7137004643964
Scps,0.16518098610323878,0.05052504352048548,-0.1988650949845698,0.7198492723287204,473.4626528437461
Scps,0.1974097212479674,0.019411292716740264,-0.2794263129719969,0.6947562283371382,344.08146364317844
Scps,-0.06728881201615595,0.10710890890886274,-0.2082374728979352,0.2526949896099364,484.81794653263404
Scps,0.2432855088056773,0.0077675542185005365,-0.2667363431453224,0.4018449475560454,518.5827806202034
Scps,0.03609483095401863,0.05621231610211744,-0.20978290839194436,0.49871319843358414,380.54948147049305
Scps,0.05048373619174252,0.25092964786351735,-0.18461756098459525,0.6701999015896326,408.46150663907747
Scps,0.03905551633526322,0.3200643964132035,-0.1097138584448541,0.5702004106474949,525.5129854046883
Scps,0.26354486723003917,0.19116790803667325,-0.13696792439979702,0.7343937771668257,493.5120698051948
Scps,0.31649692740721047,0.07524022854698517,-0.17762441517818342,0.6922389666479833,435.7719398776148
Scps,0.215611014582277,0.1044048884915522,-0.30856153834231065,0.391181068192695,558.5438257575757
Scps,-0.46084454536419467,0.18282434871128425,-0.046870555447689345,0.5803677031076704,618.7215441836125
Scps,0.38559344790929506,0.18292575715939163,-0.3367316440126671,0.48492849463302135,499.1930270655271
Scps,-0.25965507150213146,0.3168338715279415,-0.18676280267040707,0.8193521488008991,504.40086947108614
Scps,0.06573854950877618,0.2105641687435551,-0.2424138246815309,0.5202610801494524,604.543838086354
Scps,0.23913703921003737,0.06210342990772269,-0.18615625367266259,0.5691609509015414,558.2953015940632
Scps,0.1705218859588793,0.14542020114160809,-0.2047479270186206,0.7722321973065887,566.7506025586277
Scps,-0.206884543050617,0.13035930524047873,-0.19189103021794524,0.35473515250818044,481.8993092105263
Scps,0.12942638855382035,0.13414522063648618,-0.03518559316146047,0.5542139731646052,431.3122879799417
Scps,-0.06790701555305102,0.2879877775163181,-0.15745690617678612,1.619479039404815,447.7055133928572
Scps,0.2985348773845842,0.14647546359857963,-0.13847633045278462,0.7349551067016885,359.1943958724203
Scps,-0.18866370121906512,0.3075368679247919,-0.17032064017917586,0.7015545063619021,589.7593848937132
Scps,-0.13618750776515565,0.12476155890495365,-0.17906619179380692,1.172177314562719,461.1605467210807
Scps,-0.09235847275614013,0.009283764166869053,-0.3685009643480026,0.5573769078613486,346.87025868339697
Scps,-0.09542882473534788,0.0709259648930611,-0.17989264683674575,0.3919386514522093,285.61542317193675
Scps,-0.05039592442331011,0.1534499064417436,-0.19768317520817377,0.514215116387992,475.37100743006994
Scps,-0.13012467919436566,0.07873728351505035,-0.21865423768900316,0.3915489092090062,513.294334587514
Scps,0.15596457175317655,0.06136693824924616,-0.23700740323251804,0.7493490753894845,387.9604940948351
Scps,0.1718326470183533,0.07753083028090063,-0.25362391366886283,0.6420470662487942,446.7138744330438
Scps,0.41016581473372693,0.02011029397924986,-0.18182756966472866,0.41079280083735076,322.669226898303
Scps,0.1517825072707908,0.06583095862148632,-0.20929936046044892,0.4943846465327152,421.5671538461538
Scps,0.2032679510978356,0.03843408352281484,-0.21842397188915688,0.35316031472996023,533.6402503762155
Scps,-0.021214416764099808,0.16269057201816714,-0.24123285544661988,0.7428345174556755,628.3665979223664
Scps,0.1349439779938506,0.17480263316766614,-0.17791933103413465,0.7482768856098027,462.07726244343894
Scps,0.33291243126357395,0.20845999466171586,-0.10695976651380901,0.5485025970088799,499.0021234243697
Scps,-0.07307895954857493,0.18167915027710238,-0.24438122009410237,0.5728053926473051,568.6247401315788
Scps,0.1866684143440822,0.1363157711570864,-0.2646999650094571,0.6184940563543655,409.67554290780834
Scps,0.08124661484476275,0.05768386536020839,-0.057480814043351695,0.5570653535895473,383.89798505066364
Scps,0.1822978042496689,0.06256745038239563,-0.11843783626831816,0.41134412413246063,560.6582832244009
Scps,0.5303758156865106,0.38789558545721936,-0.12379095643038221,1.4836414258964705,628.2425869404366
Scps,-0.29947069870404963,0.12758460620782058,-0.12096067183450643,0.7144239947791315,345.21081949300697
Scps,-0.3392847139755097,0.10781098315464832,-0.22537007269193443,0.6672231006802906,512.8249043908614
Scps,0.5732407058291636,0.20178629444849444,-0.19241335097251813,0.4021940398466829,828.5500262530333
Scps,0.2352664658777012,0.0974763355319761,-0.12138184071306006,0.5221755585824998,543.8863813018704
Scps,0.13290320262431748,0.0201690903925969,-0.3110824609368473,0.5535631671396584,634.9077341264049
Scps,-0.12444954963345481,0.035727809584435125,-0.2331355501628994,0.7155166575782841,538.7598156468878
Scps,-0.0368640620817774,0.02977748963437933,-0.17282832322593952,0.7512239223907384,388.0623497366282
Scps,0.23124859961764946,0.004145940994982287,-0.1853562371502566,0.9429248003442654,443.58407578084996
Scps,0.37322528333790467,0.055500613175400365,-0.17890446369396745,0.6240688809922577,553.3411207517281
Scps,-0.07442019479811193,0.22462982779437043,-0.12406147022084807,0.7000762060793573,484.61033758639024
Scps,0.14811864263338861,0.13391474689078753,-0.2880350451775478,0.5467339213713115,411.51761525974024
Scps,0.2580625565169165,0.0712814066253161,-0.10891035454663879,0.6720325016617711,440.98056818181817
Scps,0.14099242839705622,0.08201431288055543,-0.24822366074661315,0.4488827823597424,540.8655231462086
Scps,0.1781748307097294,0.023820204255564564,-0.08781206744180939,0.582325832157537,725.9303219334369
Scps,0.19060266802119802,0.18198521941139,-0.12665169774650178,0.49176315737118853,495.25006667271407
Scps,0.03717501694484296,0.16100985503175785,-0.1983705370001947,0.4635902644972652,597.3418748240923
Scps,0.2705121712643297,0.12129646296295872,-0.22692148600166195,0.5158845590018755,488.6316848086125
Scps,0.12045570163124998,0.06363787289019536,-0.18846565529974904,0.378786309620146,219.58233488585321
Scps,0.18432351894639243,0.05369697685795194,-0.20658800221885176,0.3928474128747783,476.58261969439724
Scps,-0.07244346466345168,0.03417554329896173,-0.2639045958980185,0.5258156524400611,632.9322381302908
Scps,0.12067900659360455,0.09397989516056617,-0.2555412192372368,0.25543759542635835,590.3307929717341
Scps,0.10027531446500317,0.0845456316377559,-0.08344013045215362,0.3734298486343733,545.4444804710793
Scps,-0.12301037519525153,0.1618457064828244,-0.18223906520723476,0.7476860097662181,457.8938034791296
Scps,0.22050050790225462,0.11574522110767674,-0.2858502403215984,0.33735969442991076,799.341663772906
Scps,0.4435017959381764,0.061369396635866956,-0.20346463304837661,0.6021706379851366,427.60706128167635
Scps,0.19268384215289253,0.18283172387114666,-0.16642554039734342,0.39851918969307676,883.9287886996905
Scps,0.22640442354553064,0.013475723086409128,-0.23512247674352738,0.4865967233660445,335.16228789659226
Scps,-0.10644630366528948,0.07400980604328289,-0.2664386665189074,0.6343105808440038,478.2187641211462
Scps,-0.16855425468616025,0.0825395881551962,-0.36416198745606465,0.5140094149433363,495.9955072463768
Scps,0.37390246700460644,0.08068637437422856,-0.175133065611476,0.6428949901467065,413.73097314507197
Scps,0.22842392585748056,0.023817541003392097,-0.18636832714440704,0.5261434397330665,559.9442978998127
Scps,0.4194247320250964,0.11208222504270865,-0.21701675293980527,0.4015519679842793,763.2614269077515
Scps,0.16284635355037985,0.05320837251707113,-0.294412174205994,0.25502120668822953,553.7937376504899
Scps,-0.07429211402989587,0.12239597637910435,-0.19349786520116835,0.9757724224703513,313.13900392529445
Scps,-0.20193432758034324,0.23386229874872466,-0.24681907699283587,0.7801026668093444,562.8606749155238
Scps,0.23257293475830862,0.0027311394947211512,-0.15749443461256768,0.6805934472723497,381.66963319487337
Scps,0.15131095650672433,0.2898926174163223,-0.1048399479457761,0.838065269683782,479.6291165680109
Scps,0.10309839735719849,0.05764084359434462,-0.3324500268215772,0.3596232984072084,579.6623379343968
Scps,0.44536336179949754,0.15451582190740532,-0.20864861779075503,0.5254249457606494,431.39785528365076
Scps,0.1214558848954167,0.047060767040697456,-0.21949595735087749,0.48640016330622426,622.9974777945366
Scps,0.5125823326825568,0.11373610464184111,-0.20670074514708864,0.4424765198603859,470.48453736772484
Scps,0.2862188230531966,0.28494470461089094,-0.2145519440144117,1.5621072613408353,399.43520905923344
Scps,0.1651072010169078,0.105003505633713,-0.2633299149561568,0.4388267819811982,536.3104414692858
Scps,-0.2769143665298187,0.14590204491928177,-0.21917693177428094,0.7676431436729024,383.534834682861
Scps,0.2438902198867341,0.06880253344935891,-0.19813759426611746,0.7554458522419542,272.1159837962963
Scps,-0.02862439034176612,0.03878542794403514,-0.19985423206771444,0.590813019188333,533.5247622377623
Scps,0.18779112654504507,0.05759823155958433,-0.17534876982382616,0.4509942978561016,543.3271786492375
Scps,0.21788218427406503,0.13739643694247275,-0.14307156527450093,0.4689757961000557,625.8776362906274
Scps,-0.17816587464391034,0.16385072563762543,-0.2108195896078492,0.9474845199135611,363.5970725834193
Scps,0.34496431835418007,0.07529574711150461,-0.18622536621573288,0.5437243432044219,598.8027123995407
Scps,-0.06088490439495982,0.04122045989192173,-0.4173359234814643,0.709504808055677,275.1243530662885
Scps,0.24642723488868637,0.15093087961764712,-0.19920615051943674,0.3309634292999135,815.6640229044835
Scps,-0.0945908285315818,0.040033264019634814,-0.26626134231710213,0.4771495956883926,609.8402555293544
Scps,-0.1343759056979241,0.051103378973024874,-0.24539404905617376,0.4753635244390639,364.099121207891
Scps,0.14601416124630487,0.05257759148328833,-0.2746717803289233,0.5750166880693979,312.53429649054647
Scps,-0.06491761338141341,0.09729953656083125,-0.2036648097538831,0.6015485677582255,581.0834080228982
Scps,-0.148294616233277,0.026353776533834142,-0.14175672742533968,0.4774491462633598,439.3171623931624
Scps,-0.23063413058316756,0.13415054714083102,-0.38330143303221215,0.6832524107729006,364.0814152617569
Scps,0.2464263222065199,0.08197579815682976,-0.26539450266906206,0.6258830083936209,450.8200017104543
Scps,0.16432959482083398,0.03213917971474575,-0.2392632136976686,0.6791476028875335,530.7076746794872
Scps,0.1475104459431998,0.07438901217953876,-0.2669561004832039,0.5562668270786973,314.52121832579184
Scps,0.22360911454714932,0.06997907631295583,-0.15946779805411385,0.4289670928183038,552.8715442292208
Scps,0.3679416668540068,0.2140315182066192,-0.2089912020300425,0.6795544030630509,339.86448317307696
Scps,-0.144570829963235,0.1788081644351302,-0.1760742750882116,0.7609265698548631,553.6752524630541
Scps,0.0576375156831775,0.10738445307594226,-0.24342057217816515,0.664177657855701,452.08494048342965
Scps,-0.11501044452618567,0.14009758924205915,-0.14892020807101228,0.2637592608770883,534.1391986417657
Scps,-0.21105448635897825,0.03762465972792162,-0.41898920092047953,0.5258991022554815,212.01082156973462
Scps,0.2081308197541721,0.02661211199456823,-0.18750749759554244,0.4452849556971654,589.9462494536714
Scps,0.5389799275223643,0.2168264989288988,-0.16765861168298232,0.5430219142616836,565.3791885964912
Scps,0.3296431455434995,0.12088837078390857,-0.1635444804215154,0.7247319608320455,482.2441723646724
Scps,0.23426094104372389,0.10142511904161025,-0.2325384957521821,0.6072458139913466,436.3202342141386
Scps,0.04687718267951172,0.11574788435984927,-0.3138748936019859,0.7141972820936828,599.6984407894736
Scps,0.1851016227489939,0.018359308108596442,-0.1734157771965806,0.7424389769317119,330.91051342460884
Scps,0.20749601335972478,0.10493159782505514,-0.12519987556069453,0.46295282818536315,516.7022731073275
Scps,-0.12461267714513641,0.3440002728809147,-0.08129097555871692,0.6231381491534861,391.07226014610393
Scps,-0.47791912605990305,0.20297082706860867,-0.0847436929652287,0.38710041371221626,521.8372219393225
Scps,0.24162293103093246,0.06926471013406635,-0.24071995285450684,0.43253050966094675,377.8428537829273
Scps,0.08847483733172208,0.049062508346670745,-0.17652611561291653,0.6415838086349577,430.8384089744784
Scps,0.04862303395181815,0.13814849838288096,-0.303402179552321,0.5524930126942204,494.672862677474
Scps,0.1365289062599874,0.024546042905350996,-0.17953341631591815,0.5409612686797035,341.18443241688874
Scps,-0.20030273749551253,0.1377420451282447,-0.12996472455816896,0.7174640709496902,598.5336416587091
Scps,0.4119028960741665,0.20533005876235444,-0.19383334254805623,0.6127373394208291,432.5472867619869
Scps,0.12662638605671828,0.017438232588009413,-0.22503976084075317,0.4189308316715251,727.4170193828434
Scps,-0.10223725312356409,0.1806093423659579,-0.13632633167592598,0.636453110411238,634.8635758513931
Scps,0.11615596565325745,0.012766068815209503,-0.18152551571930844,0.5646373205361738,541.9457079276933
Scps,0.278522998048661,0.04290752771043464,-0.21255627389278675,0.6462132311385906,391.11825471981723
Scps,0.06277602001297158,0.07703812862898522,-0.10635266271107735,0.46664404327261905,372.09998379629627
Scps,0.07757568330008364,0.07247905064074141,-0.22769395225515052,0.29794139055765245,391.3325465008138
Scps,-0.23110662762053158,0.23982429603522934,-0.18941579542203296,0.5591450852867167,642.3444250672043
Scps,-0.03260081321184151,0.05355684882056722,-0.2645785893173662,0.2862901989831156,490.30875499500496
Scps,0.35175730172561176,0.055807296906343305,-0.1327868127228381,1.1375749104864212,236.82791548897683
Scps,-0.147347011226433,0.1379575636886666,-0.11936171905172298,0.6444850708699935,641.2551341093117
Scps,-0.21012296332030195,0.13231392746955367,-0.0956678604964063,0.5069137728674746,702.9996807606962
Scps,-0.039672021904203665,0.15100770419954643,-0.09675341522914713,0.6898449102465931,576.1597618755119
Scps,0.32348827634937877,0.06992867938722977,-0.21468147815088584,0.38678134183354257,468.4263882607166
Scps,0.3768467682717654,0.18959413086826818,-0.30271523048873233,0.5213743800200441,492.0601792041765
Scps,0.4139701632304178,0.22298619147282497,-0.1740057337212804,0.7398860296540406,526.3880941078557
Scps,-0.3386386772561458,0.12108155899919179,-0.2036989043828067,0.5522295230143847,423.99934480737346
Scps,-0.03646064308397248,0.08231853822487738,-0.2088072183190738,0.3694839146648878,450.4448458088401
Scps,-0.11410241728149127,0.14411500271152358,-0.19071842060889066,0.6453407783701123,459.15982536764704
Scps,0.053356128082892695,0.1814652706410942,-0.10365959051360904,0.716119090526808,425.37003828347576
Scps,0.364611584070042,0.1042983584046515,-0.15324859095189106,0.6496332191634862,476.7169846956322
Scps,0.10743058487780319,0.047745837445689124,-0.14047625312725068,0.42987046780492383,742.2999266008276
Scps,0.26200030708783717,0.06907295597764519,-0.16270351699407737,0.3694511295489426,628.9138556370942
Scps,0.35414065477510304,0.20446409207518323,-0.17686065065749404,0.9445499587837867,440.7265389457781
Scps,-0.1841049942775433,0.30804268097201837,-0.11750681799697246,0.7128049189881304,482.9699506974507
Scps,0.15399975332990037,0.040839205100148435,-0.17274503119785237,0.49039961742480337,459.41567513368983
Scps,-0.07705218916403324,0.12377922858439863,-0.08352521117673853,0.47818960445739545,515.7448952826627
Scps,0.30972050964467956,0.22294808648020265,-0.19878547629678783,0.7563725055904239,539.7671740591397
Scps,0.2472125528414201,0.059555107309728426,-0.17375051590833754,0.5112667734473818,476.5066001645413
Scps,-0.4577957983006991,0.200541326490619,-0.09915016043226316,0.9032038891228962,376.9072777777778
Scps,-0.15673523042201853,0.2280230159277076,-0.06867687318284961,0.6026707041679229,544.0045242525505
Scps,0.31541815012949376,0.2962407862678415,-0.1254536978276693,0.7211740253632839,421.9290569561158
Scps,0.272023282260995,0.12396586110202658,-0.3087323713804367,0.7198065491457821,629.9642470242152
Scps,-0.17716264583180294,0.11523408155610552,-0.25087483696461665,0.5212222186187873,474.69991767902815
Scps,0.07292956132365244,0.13375700041595395,-0.2494023650514441,0.45063041168869145,601.5908850726871
Scps,-0.231838017332832,0.20240396408696626,-0.2638744816528246,0.5776454532790074,657.3076422146402
Scps,0.14619049133469672,0.0037450191102427954,-0.23645200663589885,0.4817276358618079,531.2910506611328
Scps,0.13010062156869456,0.020381331104191304,-0.21443418412215784,0.7676590732689105,429.460946969697
Scps,0.3067430149398192,0.09825892193959226,-0.09891321609287246,0.9222334777905391,351.004993315508
Scps,0.20080356468824728,0.12541487514942706,-0.16419776007639467,0.4132890204301414,629.6060037360085
Scps,0.08280797369113756,0.12483100832699087,-0.1978809849330551,0.48342099021744717,608.8554151586803
Scps,0.11186022095740256,0.0581386668850534,-0.2084130599475226,0.8535597890069397,604.4991895604395
Scps,0.2755461871837376,0.10906783331452409,-0.20727479856038894,1.0454891070123147,402.3811442892807
Scps,0.08314589676995894,0.2241701094962838,-0.147318054835636,0.6043285753658233,528.4763988119793
Scps,-0.3041292759574528,0.25060698461953934,-0.18928831077665112,0.695323589925188,377.5125529953917
Scps,0.1804030069050937,0.0570368999478387,-0.21167687212723887,0.432903843583073,485.8077159716758
Scps,0.09391073217757445,0.032559563826899784,-0.1279206291825677,0.5200652238197577,678.6063350055741
Scps,-0.12335426341983562,0.1851905458337888,-0.2824903939111857,0.521241482167982,522.0162973516258
Scps,0.061428049370331306,0.020814007149449237,-0.3469947488914616,0.36932237566269965,461.31128094319774
Scps,0.42024553328735476,0.0832357212999816,-0.21628683588555023,0.7868119458823516,361.1639501633987
Scps,-0.2856200681118518,0.13504068796310661,-0.06563268892979077,0.7971655746162298,435.5618902368012
Scps,-0.153491861796491,0.12035039384506035,-0.2842905824836394,0.651940523763047,481.1385778617667
Scps,0.39540888679018754,0.2702572786105692,-0.1878680497438063,0.31188961717040165,730.5929105176995
Scps,0.18654930816915463,0.009640639957986152,-0.21771818565000153,0.7030750141076691,425.95409496662955
Scps,-0.17323384789222146,0.04110327679633093,-0.30378525423799246,0.40443931615325535,483.50218335367964
Scps,0.48676386446455056,0.06096806502002392,-0.16458870612337087,0.6152575328877863,414.50579533811475
Scps,-0.055652501488015954,0.021599051943686227,-0.19109345546440762,0.6279170352612604,302.80809410999626
Scps,0.19557474749464598,0.04414286698737864,-0.2981450454177919,0.8417600402603942,423.21426676016057
Scps,-0.20319155031753508,0.21639669100136502,-0.11812619154759844,0.5367130848387061,311.5613180636911
Scps,-0.12485773880959133,0.05260074129063405,-0.33204924970793487,0.6299954866630698,532.6175429320646
Scps,0.04959647363665123,0.03290271362605094,-0.21459412994105456,0.3290648319245448,554.9418116554054
Scps,0.06261732819472378,0.09348780810530585,-0.29517193555749444,0.6072376112719807,630.413040643898
Scps,0.5028165957559778,0.20223023809909768,-0.17418683220554654,0.6127216935490725,600.8999437394525
Scps,-0.04155420725892243,0.00023259922579771923,-0.3690977171806756,0.5398018649465296,300.14446416145995
Scps,-0.24827040569098213,0.20279792054294687,-0.15713694829539127,0.5777286407418256,420.7911157638394
Scps,0.19890257986502025,0.09334931899233503,-0.09209449693339042,0.33042713129014106,534.7041466325661
Scps,0.29512527935272376,0.08924155981455678,-0.13910528959821675,0.9372448308641227,345.3610358391609
Scps,-0.02047070877503339,0.1130928268094027,-0.22506948163714113,0.48453649880543037,297.64463046537185
Scps,0.19939811984430322,0.01460330308314204,-0.2515162703305956,0.8812024551832474,266.33668965517245
Scps,-0.5020075364779669,0.254852003716978,-0.1551891066997635,0.7851624187520733,624.7023867757629
Scps,-0.03884291506032872,0.013272086727987555,-0.23009805777739256,0.4542916483166764,472.4109841263263
Scps,0.3976146690663616,0.04722937138977279,-0.19270663606271526,0.3585904288304323,420.72846846846846
Scps,-0.08910330874806024,0.016804378570950625,-0.16057512497859158,0.3722576453483018,490.91379227053136
Scps,0.35624741158157436,0.19131971341050663,-0.2044495517681901,0.5229476963836031,586.5269292723453
Scps,-0.24634714440127015,0.08677129099177236,-0.22727413385113424,0.4781412022791028,667.7414092938312
Scps,0.11477696057103279,0.10444586160189859,-0.1975240766948215,0.4558142642870373,588.4010773413008
Scps,0.17339616543460157,0.06941098413800297,-0.20641517532230594,0.664732195777629,371.7160663269657
Scps,-0.1563371269099631,0.08715971607785616,-0.12918646449851634,0.3802786303698412,358.3028033088235
Scps,-0.061514729009029726,0.07807741157292168,-0.22904913030864144,0.3590375266441346,316.114852700491
Scps,-0.1419762356530493,0.0636643005463687,-0.1294911515093718,0.47484268201531515,589.1781061346314
Scps,0.4592956799358232,0.24941589630176952,-0.1345320896310651,0.5186957629088452,549.4787710084033
Scps,0.0811603700239533,0.10074619460317043,-0.16488470468466437,0.5494095951765896,562.1896383090932
Scps,0.11766738179842622,0.07850947302152447,-0.18976241863945825,0.4552458170917335,588.5594259049774
Scps,-0.16378037672815254,0.026176977562689434,-0.22059037762027,0.6238979946271722,357.6085452047952
Scps,0.183732277509582,0.04268791183897791,-0.11684173331930095,1.468843724722135,332.78404761904767
Scps,0.18443098103676098,0.1781144896769657,-0.15154379541636817,0.7510512403770799,562.8797576141784
Scps,0.1082611035795455,0.06014471036761308,-0.0799249298745708,0.5847478461680446,565.630427631579
Scps,0.12487967452303317,0.04724371197839411,-0.3925323404990491,0.34398725768289995,431.59290471311476
Scps,-0.1146777529094703,0.03965590167334437,-0.25413982786000655,0.47243612998171486,426.87193681318684
Scps,-0.07869907706451094,0.13934819105382346,-0.10188259918690028,0.510534023963712,771.4188681079844
Scps,0.13341117534853908,0.04259121529856042,-0.15008612810462332,0.21737366230470373,528.3117543117575
Scps,0.4994162377907509,0.09577677091480738,-0.19415723648858477,0.4854909055764785,600.332263857466
Scps,-0.12193693955855663,0.08310604140573515,-0.31520637049980543,0.4513187115964963,423.58017885220124
Scps,0.04841683092429913,0.00881175393567854,-0.09368809251069637,0.7254649604080045,477.12932185206097
Scps,-0.04159329612750011,0.19636862493294166,-0.11012977691926298,0.7643523239797269,567.9583315858105
Scps,-0.18068074910726425,0.047042124275489816,-0.17223458746429046,0.5150439040815432,727.6963269624796
Scps,-0.3706917921758653,0.1434846314088443,-0.24669261121343705,0.8025958466252602,528.9819817368166
Scps,-0.3056210373173904,0.2294474461089003,-0.19310475026654203,0.5804759828078656,572.4539685932513
Scps,-0.1216451111771697,0.22860934113676468,-0.16859147187566947,0.9740815489803252,333.4535833333333
Scps,-0.32983826034569175,0.4095316412411868,-0.15489547463277942,0.8031981033638541,721.359883106203
Scps,-0.1715188856811817,0.08976335237481807,-0.15118734872588516,0.603473393267749,553.1032628205128
Scps,0.1386437307279291,0.054174518459039235,-0.20167138755034117,0.2498011962950318,433.3406692603602
Scps,-0.08386377197803134,0.03468934610270561,-0.07529789835003649,0.7007857987232985,716.3410422647529
Scps,0.3367341339643819,0.1971276518021087,-0.2535264928816708,0.3724213745964138,878.3612865860756
Scps,0.006840152330615053,0.021348296508366317,-0.37725442469162646,0.39804948017179603,537.6500338399495
Scps,-0.135866739954864,0.09433042011957951,-0.2615532113929365,0.6256419563020118,579.6764804249136
Scps,-0.08779097642855868,0.1968646044336848,-0.19937128581160823,0.3136684471884173,474.20818645484945
Scps,-0.10633283906916617,0.025424711256729595,-0.23851228153095466,0.39826517446612314,456.09528109494573
Scps,0.33458570833792123,0.11691152069368708,-0.13270690103776314,0.5479869050907468,609.1375970149254
Scps,0.37263409413814563,0.15985646197550682,-0.14329973208628108,0.8510029120989517,279.21668181818177
Scps,0.09197520440764499,0.023652624234247816,-0.2366947402637898,0.6310657762532296,537.1636185822291
Scps,-0.05416917518918195,0.09825892193959232,-0.18321966472832968,0.26097128506180794,569.1277125898378
Scps,0.42684492497412896,0.2732599930023049,-0.17158732315494168,0.5518765899131257,613.4969464422209
Scps,0.22204471769874573,0.07699817984639751,-0.19208934372443673,0.6323542476157609,502.10645643729185
Scps,-0.22475190384348553,0.046480382932640625,-0.44681448656622236,0.39474045578708605,285.2855481703831
Scps,0.17375124116486015,0.09479915250194232,-0.2256387061236116,0.6483656635636608,396.39111427653114
Scps,0.32808431194027365,0.06874599055708097,-0.094145812436928,0.4365900087325602,655.701810354872
Scps,0.0926656829513269,0.06133948626531414,-0.19264002481441692,0.4787979927192538,551.0657342666259
Scps,0.32038874518969,0.14165067498973943,-0.2199629943133416,1.1099848625451958,526.8254166666667
Scps,0.07000079268027223,0.03952007581254611,-0.2507824054127301,0.6915689265278142,623.4746092526876
Scps,0.2700772454299383,0.07234998534315024,-0.18192150040985802,0.3952775687442067,545.7645982142857
Scps,-0.05262532408555824,0.013948962510910025,-0.3240908695903743,0.8501320168027783,165.338125
Scps,0.349371432077279,0.21944365635227508,-0.17097011647929355,0.45191709597980156,452.25671438713596
Scps,0.4239205831675946,0.08403100937180522,-0.1288374723291006,0.4876953086432735,540.6963744343891
Scps,0.17749797491300084,0.13969769168507828,-0.056377092099412385,0.43529659536830106,868.2314305319916
Scps,0.2718034468442773,0.134458664930636,-0.22622817119812008,0.4159931454388782,506.6817033268236
Scps,0.24570078910437032,0.04003981971729022,-0.14682606507139395,0.9979612608726652,411.407276274146
Scps,0.23855898404379075,0.050857540310946456,-0.24813711220434817,0.47192175143915477,551.760615245009
Scps,0.11052949102713051,0.07071331445036336,-0.08001572696693059,0.8083246508143598,316.1954587359098
Scps,0.16557734602723856,0.11026568219550108,-0.17892141658134755,0.6579142050166296,284.16013384236766
Scps,0.26062133621960315,0.09105072750190199,-0.22017091096552371,0.4596766935512272,391.86340293771747
Scps,0.16268902236676944,0.04301303346957662,-0.22236668490242711,0.5194197019119206,348.2362205387205
Scps,0.20533026609268076,0.18928806173398058,-0.21491772711358928,0.6176983903944243,383.2175820029028
Scps,-0.09946218633920827,0.06345185496922268,-0.2864514120732958,0.43589777158942583,551.1805039675576
Scps,0.2946276190077546,0.11577595094043652,-0.19077981620737436,0.9373937851598945,411.85012878787876
Scps,-0.06298437463718512,0.17617482263316708,-0.18266021883243452,0.467726637409896,769.775268067557
Scps,0.2402680673716087,0.12691653964362254,-0.27893811631293425,0.45589227477741257,426.90489703219976
Scps,0.03951300816336932,0.047052367553076326,-0.17525570345866257,0.5051885926384666,565.0728502029137
Scps,-0.35868962694461315,0.4030699768740081,-0.09764458360257709,0.5420205997238585,352.33109130101275
Scps,0.33009537182595944,0.18720703745948683,-0.20602022502454725,0.5983345103352289,602.5175691396571
Scps,0.1479154595768165,0.1274907777851274,-0.04981668209460105,0.6677397445143761,628.8785199925751
Scps,0.09715552773686117,0.04439218836383649,-0.22523428450630434,0.474628282117992,306.9538719750195
Scps,0.1460635052857028,0.05738578598243832,-0.23230797624897606,0.5619271633208075,383.36390422495674
Scps,0.07224657790395683,0.07916217466934253,-0.23595927571512654,0.666275230233735,425.5672132724613
Scps,0.22325222047107166,0.10062511906209677,-0.17338089718265237,0.8147981313355032,395.3388975797461
Scps,0.10873457154573778,0.10011848655266367,-0.13591599506122987,0.43802546124282343,667.5243518518519
Scps,0.1477420285893752,0.03501016555671787,-0.22173153285798364,0.6493017679552361,546.6257763975154
Scps,-0.03952534680320058,0.13998184020533067,-0.20522831629624985,0.8221131732084002,408.02225016918567
Scps,0.0952457871437003,0.08944478644187484,-0.29151008510495946,0.613567095697197,470.48255752119246
Scps,0.29075455362999425,0.06393574740241373,-0.19436708545238665,0.8507144040815899,514.7942082111437
Scps,0.1688000951128428,0.038161612339011275,-0.18822616267092604,0.5879671325608411,449.92799999999994
Scps,0.35578197960079394,0.051644428895149114,-0.19627790883914073,0.4707023070942287,645.9500271619842
Scps,0.11142032147286295,0.017303431054969717,-0.21389396582586387,0.6588843544876724,426.82265731874145
Scps,-0.41285000469756816,0.23820688250430505,-0.2017140788697674,1.047585105719635,400.86481670168064
Scps,0.10633459578449406,0.025970063355440096,-0.19358681333537298,0.6097508168402374,305.88289479638007
Scps,0.2382557172889455,0.027263379583524188,-0.2445019890643028,0.5755058025874638,403.8131629554656
Scps,0.2914279946935713,0.1095511111510599,-0.16771161480343516,0.3368285044719618,518.7391395422317
Scps,-0.21043887278034562,0.027048680485309035,-0.23795432795597177,0.5888051098052827,506.4049462242562
Scps,0.42284728679333883,0.20091930343356454,-0.1292102645889027,0.6421419978242091,435.58833829483206
Scps,-0.10125404491805867,0.14646050841330316,-0.09008143605411842,0.6074696297172099,436.25223495086
Scps,0.3488243826218539,0.16013282560479322,-0.244540161148814,0.6122330233916872,563.2835161290323
Scps,0.11674902907550122,0.09914435085417801,-0.21717939912915485,0.5863042607250016,336.9955711760148
Scps,0.4188127065171682,0.1886382282038866,-0.21346602664302902,0.391621418769347,852.6470010230814
Scps,0.02840070611507844,0.007556542700216596,-0.33773761910250055,0.4719274097850259,447.5681716713413
Scps,-0.08978294471638697,0.026084788064410065,-0.2902606088177686,0.47383843127007064,542.48523495086
Scps,0.123354226072732,0.17257513002368424,-0.15328905746618635,0.5520586487866274,702.9323529564692
Scps,0.30637521706445686,0.040747630198524135,-0.14730258626030251,0.3141905670975398,455.1464314777294
Scps,0.1682073565968964,0.07242844884946356,-0.2530363477462793,0.5270669567707515,573.4259718254891
Scps,0.3229633015276517,0.24621958396364704,-0.14362675003409614,0.7525327224487477,563.759157893271
Scps,-0.1532266719235214,0.040905581538909545,-0.18269302545329882,0.32000001950870827,478.18584065934067
Scps,0.10749921197446806,0.007561254607906409,-0.030358047578250023,0.2941220939215145,581.199379877369
Scps,0.37697032855321155,0.04271495409180656,-0.1762500345166856,0.688101659734188,401.52724070224076
Scps,0.1365176331044358,0.01509047336516078,-0.19456526543828448,0.7258628077740631,553.202728712464
Scps,-0.2137320731752058,0.05719362209491371,-0.2760484941172357,0.7361899109422304,383.908308865048
Scps,0.4202187932629142,0.1153731852657315,-0.12180889390421772,0.4115628807128786,624.5147738297356
Scps,-0.2877434959073508,0.08862819235267119,-0.29560838046588306,0.6655649388923771,518.6368115942029
Scps,-0.01706901376895113,0.013517105927859015,-0.16845802171022756,0.7024039395445976,318.79343403633004
Scps,0.30488358006872773,0.12593871636520568,-0.11583347339336916,0.5063985025548428,476.9815925634468
Scps,0.21556682116511108,0.036074442097965606,-0.25113488608663204,0.44320477212433224,519.6295034476739
Scps,-0.0792279772586656,0.04675838548634099,-0.14254965831241476,0.6305427826296982,398.1592845622643
Scps,0.20094527173575938,0.046662303542578734,-0.18008352348723816,0.4194913200589622,706.6460446176577
Scps,0.08178972455173004,0.07921072780510305,-0.25106371589555715,0.7458745698375012,532.6678418003565
Scps,0.26876341375057866,0.17067151931699057,-0.22415271190501596,0.5408501839475026,646.6114727679981
Scps,0.2628765973846453,0.03623116424504066,-0.11862245556975241,0.46140228717938375,488.2339782249074
Scps,0.31457197443583723,0.1380507775147048,-0.1358583320461314,0.5850756961201607,652.0423802293851
Scps,0.18093913042054227,0.03975095928934808,-0.23589918871699117,0.36111268717446415,466.6309422446922
Scps,-0.13320064192194242,0.2827557161906344,-0.23570012574160404,0.8295798153784565,483.3227628205128
Scps,-0.22786132645812424,0.047156029522252736,-0.1235839259198125,0.46449467088990426,583.9955222634508
Scps,0.15884443596763315,0.026791164486782006,-0.29727532410228447,0.44114297709730005,411.2809650546195
Scps,0.0634135519278087,0.032689243721146205,-0.23818304143471564,0.5167015304945328,521.7347817084535
Scps,0.2642310041539486,0.20914854778108713,-0.2137131004380577,0.5923936338624967,412.08527739353366
Scps,0.07236687628482869,0.005695339162731405,-0.26173000677187014,0.2848816267190641,489.45370545989437
Scps,0.0708703804053854,0.05415054918948659,-0.23954548475056653,0.5297121312699685,578.1497321756702
Scps,0.37827794359429173,0.28390828978467886,-0.07357747993218829,1.0286210340694166,448.9522477133004
Scps,0.17777066400767655,0.14406603984465963,-0.11961237385839109,0.6391720805260186,401.7956604367499
Scps,0.2498209460787161,0.22663484694917163,-0.20918631969695625,0.4624840972835513,487.4268415876989
Scps,0.24900268231830558,0.07809646406923262,-0.10858523986200451,0.4220552597921257,395.8856809812307
Scps,-0.06177060096510943,0.004229731005640689,-0.27025277969529243,0.7432674744913392,418.47491563146997
Scps,0.2921891559837387,0.11610066283993173,-0.10484652903232343,0.48343109075911017,503.05069940476193
Scps,0.29741023407963707,0.11436995865889987,-0.1047770664616452,0.5341599971767891,383.1493927027715
Scps,-0.13011182333771096,0.05670645181289501,-0.13676122365907517,0.6101378999942014,305.7718533258856
Scps,-0.2017498051262348,0.18557630766770006,-0.15583423339574723,0.6079602589564782,545.7249475591152
Scps,-0.2541476565484507,0.08576581086387168,-0.2570960084427876,0.6129617846501206,323.86127883310724
Scps,0.3073288422972241,0.22952672907742042,-0.17216124995063434,0.6228403339564573,635.8359630728314
Scps,0.31772188772807186,0.13796719236959815,-0.17706931526283629,0.5678658860922188,632.8734286062775
Scps,0.28228964525146916,0.055892316110311986,-0.23385929260841748,0.46499404613102496,621.1894963144963
Scps,-0.18960506879296227,0.04923561973788425,-0.275357765478913,0.7262287602932036,496.4310354242031
Scps,0.30364571109506433,0.04032519743085286,-0.1786178676782763,0.6683531550182681,446.23716245791246
Scps,0.09659447085510095,0.047521919397646134,-0.2322061814510758,0.38840339784375993,985.4413726093628
Scps,0.181064196238517,0.055136362224420934,-0.07651669776324568,0.9012632950406787,438.9721702920342
Scps,-0.0237640873955859,0.004889807813321198,-0.10209741087742273,0.43939828377116324,617.1215489331278
Scps,0.011568882590247558,0.0252569263698611,-0.22475880278265603,0.43235091130271613,618.3836705395299
Scps,-0.4281522628425848,0.23581343826342024,-0.14684975930449998,0.9080626016278097,467.73454643104645
Scps,-0.31492441253806347,0.2591633992531779,-0.038821543729195204,0.744221585444272,450.5304362745098
Scps,-0.3103691136448715,0.14626404234919224,-0.341509556979208,0.8924311114655437,303.906864675565
Scps,0.18121736334612615,0.008450371102423299,-0.18325022270287294,0.5458935840501771,583.4971153621154
Scps,-0.2198270804096427,0.08055567015222354,-0.10600968567263457,0.4916902407825577,818.8551696581809
Scps,0.36644142628940135,0.15871536085235957,-0.11838897588324464,0.3786140220095295,454.2138554951406
Scps,0.1781780370051163,0.07644340393230725,-0.10460383482467463,0.7789727829031671,523.4115935027389
Scps,0.12971939545565378,0.11375536200370401,-0.16064730687129847,0.5913459718583474,282.44607890499196
Scps,0.37668348189620576,0.16955090474901655,-0.2261096302424098,0.3230641443346879,923.0289036267327
Scps,-0.07982126466372447,0.04082957641921696,-0.11351476813652962,0.9499810318948044,365.5864521072797
Scps,-0.14809089243279813,0.04622655451404475,-0.19229180401949797,0.5518812042075593,497.1464402173914
Scps,0.2553909993600573,0.04679075424351459,-0.21192969011395046,0.8171553429813542,406.6094357366771
Scps,-0.14726977473511027,0.05785738648252539,-0.2443303642935731,0.9806387515907308,209.05854785740772
Scps,0.24308560127344842,0.06506865390349147,-0.22295326187385328,0.4599541887159062,471.96047718585766
Scps,0.3211350221615487,0.09512611792250655,-0.23266445254545406,0.6892500706569654,511.9412094155844
Scps,0.0858602722832715,0.04872222666524392,-0.23315082841968648,0.371540436442036,517.2221160037878
Scps,0.15147008945059048,0.22611039113673786,-0.19527342254205662,0.8655380774432706,146.31385532500286
Scps,-0.08545439200379154,0.2051424019169679,-0.16199290721138118,0.6325564253760092,491.0718995535714
Scps,0.12272369753358958,0.02186558202648958,-0.2448688886182503,0.4443079223799006,612.5757287739143
Scps,0.31757582689649994,0.11200007395646416,-0.23081571125488184,0.9811840987507843,346.13979488249197
Scps,-0.040874759711265134,0.01587265004167348,-0.26712093013021976,0.5368027079683334,600.3399022837067
Scps,-0.13890023927909026,0.0854372065188936,-0.2491238748353348,0.5389647590327387,738.5096229770495
Scps,-0.09336955266569993,0.14818137904785195,-0.11466132407941379,0.5573165280750114,596.5480961740961
Scps,0.40769673840884235,0.09340217430468183,-0.06237809179955726,0.553704121214352,796.7943314167773
Scps,-0.05410479945273465,0.1046025837489735,-0.2888803462260504,0.8077109021226279,444.40761694386697
Scps,0.3255512090679542,0.15650731993579198,-0.21751500972673232,0.46549153752421524,463.06193894009215
Scps,0.25852070471152855,0.07402558069076624,-0.23051761935965923,0.8858369783215823,440.6498839451242
Scps,0.3352409270152582,0.1649824029453931,-0.18986225915855692,0.6040220941930862,478.3942873332867
Scps,0.09522494371475348,0.03396719503285035,-0.12588083760736526,0.5944847274462339,652.4180637254902
Scps,0.1666461214612618,0.02640909023280183,-0.20737119660074077,0.6144079810446315,341.8192636815921
Scps,0.0869179465644897,0.06128581149076026,-0.18516218191010536,0.3750282049786447,626.9689730639731
Scps,0.08876693428861296,0.019301484781011888,-0.3711089868915882,0.29426806637975117,575.5106070234114
Scps,-0.285565526167744,0.13036647553478942,-0.15535290413321287,0.48254744521808957,565.5350890837104
Scps,0.0719381109233733,0.000752752861645249,-0.19619543183225807,0.6001952957199267,500.15144444444445
Scps,-0.08960457813753547,0.1697068074338844,-0.18288356361412159,0.66525528956692,505.74039472164475
Scps,0.2718295541453368,0.06403182934617595,-0.20744899613940093,0.6724350270426784,527.2902088815789
Scps,0.040557366087359936,0.01626681136320584,-0.2766845236802683,0.4801646284243378,522.2159088872504
Scps,0.39228288315093074,0.028526580575503724,-0.1773476504087631,0.9175342710400298,440.22690281299174
Scps,0.3299768518872457,0.014580972738003252,-0.2354300205603575,0.4081794557265969,539.0943854555119
Scps,-0.09712586809398283,0.08174778279775208,-0.02744532135895048,0.4364022459991254,442.4776058500323
Scps,-0.04097945280512091,0.005384762986305684,-0.17536306791336648,0.4009848203493036,439.8739501111046
Scps,0.2533663523074157,0.04173037025018262,-0.2689155885013701,0.22255073075432985,554.9720751986805
Scps,0.135720155907824,0.11700104693979393,-0.14538891316851066,0.5137735438255732,580.006707206913
Scps,0.15031062512912674,0.13998860076853775,-0.2386576026608376,0.2281642263928869,455.3161538570941
Scps,0.3899301389577947,0.23809686970302513,-0.16096484052638538,1.5382949545233284,528.0104567307692
Scps,0.13376343996679307,0.06370588825337031,-0.17651895697844938,0.7824504308777861,495.74302955277153
Scps,0.22133485583157414,0.1702271659352838,-0.3384248543740143,0.586277640772876,571.8759129865645
Scps,0.12696594250255966,0.036714851812679895,-0.2242967737725344,0.5343086200497006,562.4364567302067
Scps,0.3771970102963924,0.08683295552284367,-0.18280726806025724,0.738025811217688,457.10668203628734
Scps,-0.27930074525109255,0.09037753929891067,-0.14282216491389854,0.49978487622513573,645.0291163522012
Scps,0.5638660274864603,0.19554137783504794,-0.19433706325854244,0.4736345864030725,852.9422491776317
Scps,-0.03375165905924726,0.01806020440306773,-0.24179825279254907,0.4494197664052928,443.8591090225564
Scps,0.08162672635066599,0.020273981555083687,-0.09589071704728587,0.4418777542150321,410.4560635964912
Scps,-0.17200793295365158,0.06744017753034125,-0.2080723838866569,0.6507947005092399,490.22069318612694
Scps,0.04467198284060782,0.014784199365321432,-0.3466717834725319,0.3322144026116393,698.0765046961856
Scps,-0.15862081622402263,0.11201216102401645,-0.09521807277457599,0.5229766201673235,406.87848890240195
Scps,0.14226809068276491,0.07517712995705172,-0.18194808457987802,0.36194997654836064,491.68607896675087
Scps,0.2235594805214372,0.02507746414654384,-0.2664324766198776,0.2363002472477614,436.46114050423256
Scps,0.311324130311626,0.040551778731068376,-0.07044637581373621,0.18788847465033892,507.50592548076924
Scps,-0.09074888740815418,0.0974617900778031,-0.2236294186509711,0.85196649436523,480.827477114899
Scps,0.40514008592490225,0.2641203261428854,-0.14227398955944467,0.6026451614281219,443.0830198313263
Scps,0.014521046233744426,0.20231320864754918,-0.142528993768373,0.8511333997008245,464.0150092968222
Scps,0.2058122347358089,0.05610947359514793,-0.24734610024516557,0.40804216089735346,610.3858811262771
Scps,0.3748242076152214,0.12943863945099524,-0.19037501646883576,0.6512836795005169,330.43887108262106
Scps,0.28780200804666684,0.173721147920073,-0.19061679542170415,0.633820874850902,423.4727369759442
Scps,0.012343434383346109,0.08129605425618297,-0.33480114260568783,0.6842988419822776,428.40831527693246
Scps,-0.06564399236795163,0.03796862898927965,-0.35027151057278333,0.4405572376251298,401.9712586071218
Scps,0.2993261234270328,0.33135453696915407,-0.16622209804632118,0.6863908739302488,498.32228402937096
Scps,0.27036834087466666,0.18070501457861676,-0.201036624118552,0.7989308316009809,477.4248411122145
Scps,0.33656482705500296,0.0224109341252002,-0.16465128825333852,0.39294661806934544,576.7433884803921
Scps,-0.03945504376356852,0.04574757885409535,-0.2846438461285451,0.5817930376612315,427.50650666951856
Scps,0.2202982615703809,0.0834707020878182,-0.2814497460099965,0.3304633241505952,484.8314624722194
Scps,0.3159593563198851,0.06393042089806872,-0.0821651334745443,0.3296487603290557,526.7098127502088
Scps,-0.03654875569138978,0.22082342584319006,-0.21830015978257566,0.7380106600023886,419.9589116809117
Scps,0.3802242075616712,0.17985400307672206,-0.22123140299894772,0.7841251098396127,588.44867975027
Scps,0.21005829752602959,0.05797579877142649,-0.19152443408829378,0.7927345258443781,452.44873188405796
Scps,-0.10267347010331988,0.082662097755132,-0.2365601215375567,0.6079645774914809,480.1330055695547
Scps,0.12522068543629755,0.02102378947442284,-0.2225507743598834,0.7742587245414133,367.69740190417036
Scps,-0.13456306277056734,0.08543310920785895,-0.2619241291151933,0.5544285521277192,429.6867350690276
Scps,0.0925387870335993,0.08933620769945687,-0.1483576347481234,0.6118322533842859,541.8479571547855
Scps,0.31671480043797595,0.08138496590563468,-0.16205039133459165,0.5281441125084617,465.39410728663444
Scps,0.3685045318267818,0.016654621852634513,-0.19771092544743837,0.8067145515048734,362.77105812220566
Scps,0.25884928029663307,0.09129922941615287,-0.174495852627899,0.45096209936614723,511.6084819983697
Scps,0.21682008831693883,0.11258107266117606,-0.2987814903785113,0.44613125934840575,902.060992002064
Scps,0.048221497969807285,0.01950061409729539,-0.19963024076420469,0.4861332288525767,496.0893958008228
Scps,0.20755886279912195,0.05484688719982364,-0.17057255855735362,0.536076757889689,478.33270883990895
Scps,-0.0462831743574918,0.07732698905692725,-0.04847696411491546,1.0006357549241907,493.5310970149253
Scps,0.14480411977237878,0.07935269963245331,-0.16456872828211233,0.4330406252115227,642.0065086594693
Scps,0.07045969927024251,0.12260719276294006,-0.20214029724904828,0.42572807215261366,587.6828934225744
Scps,0.32689461236831624,0.06608642596449615,-0.20745177614918633,0.4823124251540809,344.8530949388302
Scps,0.4394783485036279,0.004687810379313445,-0.16889497685100957,0.4779895760838939,489.3940293659044
Scps,-0.3676756958619579,0.20748196651774725,-0.04852159337460984,0.6193027403151746,540.201526821005
Scps,0.01781948007761501,0.009334161092595127,-0.2871591613837993,0.4611174498324443,348.5733651439299
Scps,0.20781212010015548,0.13215228854923716,-0.08622999597939907,0.5702264706085695,828.6232703434118
Scps,0.15339728559412796,0.036419845418185784,-0.24252850525962236,0.36615613048921664,456.9525693456614
Scps,0.08377987736821284,0.03721533835556112,-0.1512846265993869,0.8156781222122046,409.3690048926768
Scps,0.3068494186130721,0.046449243368777315,-0.19580412564285804,0.6058235514572107,401.3921712962963
Scps,0.20158832476157224,0.060470856325970435,-0.25919258426409136,0.36800389374864684,504.6959355753406
Scps,-0.12838185062247004,0.014215697459265134,-0.19064292329057814,0.628272676336782,463.19484804609806
Scps,-0.02564953171237995,0.055153980661869814,-0.1696972921632227,0.4137414190994226,582.6273299450655
Scps,0.09280330142901971,0.026200537101138618,-0.1458992771972804,0.43462748111903193,551.6170066948555
Scps,-0.41717463853606107,0.15392970156390012,-0.15869041792827238,0.8423455542550023,497.17475770308124
Scps,0.3824494652736321,0.22523745902080766,-0.13923171007681237,0.6274790740798002,525.6542563887725
Scps,0.03587406821983847,0.0331497814814397,-0.24373652581702382,0.6451586562182591,585.6464962121212
Scps,0.22048133032614436,0.0784668609867641,-0.1707322251952902,0.77461307952762,458.4455545977012
Scps,-0.28605116217393456,0.24348073640254175,-0.12720061653499148,0.7353118434621051,447.5599140859141
Scps,0.23822769879763894,0.05680007537003651,-0.1852167015406829,0.5465864786463206,474.76823343136124
Scps,-0.14359885899238217,0.12967443970103865,-0.24795215756566943,0.604556911704784,554.5948988167271
Scps,0.24214275382477532,0.07234158585552916,-0.1792505984390958,0.3355610335174082,509.5635185185185
Scps,0.1260896961211443,0.12599730791300112,-0.13953006905479207,0.31679882460749015,593.835099966626
Scps,0.2013930599070692,0.08681328842987737,-0.22171526303316588,0.5228535396790147,374.39871239973274
Scps,0.30403863305413975,0.14259858789760335,-0.1679279815839715,0.6091532394067641,565.3542991202346
Scps,0.0476141740838785,0.05223771953296492,-0.33047806357269854,0.3250231567046676,508.110952257125
Scps,0.25961266302090824,0.1003503943572242,-0.3255396614405059,0.5042107118258927,438.17172337775565
Scps,0.025975888242754805,0.010983738515141174,-0.25280462664009345,0.548334393429887,349.61607652853064
Scps,0.18553987790861226,0.15292545062930973,-0.1330678797957101,0.34182147621964143,448.55167079022345
Scps,-0.08359004382118256,0.1520723904718977,-0.2519382253811601,0.3564501296545148,678.121148325359
Scps,0.26440626767750247,0.23398911052524685,-0.03950744957195459,0.5320862649937612,404.29228437326344
Scps,-0.06921876080798639,0.17354393921782482,-0.20577649346176868,0.6190424217948278,192.12671892685722
Scps,0.3056689094397777,0.07549241804116724,-0.12797428179806497,0.9884552941813904,381.28384520354535
Scps,0.23091557537714133,0.22784437316659734,-0.19901916483377355,1.4711623259220517,324.23766252955085
Scps,0.1127274138404929,0.07354353204754076,-0.05809800451230737,0.748306353222639,511.4691264005602
Scps,0.2048853601620098,0.02207352056149761,-0.23537399528578454,0.4268255032225622,548.8915404040404
Scps,-0.10211104446857244,0.15618772967509006,-0.1744328040698289,0.3638009861516851,544.4621813082751
Scps,-0.13089130862830547,0.0949382562115684,-0.1845352087453154,0.7087156966680663,618.6429109371021
Scps,0.2518485830844143,0.07752202106217616,-0.18213358013307976,0.4135215467680114,466.94338866536344
Scps,0.263545463929464,0.006162842351783814,-0.14033292170088882,0.500404950942884,449.6803660883213
Scps,0.21831825270161803,0.019396337531463824,-0.10907364651408316,0.28564446138982935,583.2418145110937
Scps,0.29370889912934756,0.04964350705138271,-0.17026560074022745,0.7921481803824559,364.1839604839605
Scps,0.27731058206171333,0.11943054751778374,-0.060715645512099174,0.6714744428597095,398.5333896867355
Scps,-0.0873008900505753,0.041187476538092786,-0.17512685201728123,0.4123879577505534,416.0109162895927
Scps,-0.024005716964530525,0.129576309101759,-0.1533882161740692,0.5788178286002794,442.4684641477925
Scps,0.13175658079176525,0.023061177386397493,-0.10399771021481759,0.5172729807514151,448.9823450289874
Scps,-0.11304231707997522,0.10539541343417635,-0.15134059553955834,0.6410397461464182,392.7506268627279
Scps,0.33939458294828506,0.136381123268089,-0.1188376516194535,0.4291348294746794,572.3431196716349
Scps,-0.04914323582409179,0.03498783521157918,-0.27396094966692286,0.43002269467942267,506.66838626141475
Scps,0.4479721719199836,0.17889830527789233,-0.11628007638507994,0.7600886042498919,331.9070374030157
Scps,-0.06792738018807404,0.37481102753364814,-0.1835392508916595,0.7803444948290057,637.9784897988228
Scps,-0.043370608600393545,0.10408837121412622,-0.22995922613935668,0.44582653015142476,898.1646548436308
Scps,-0.10278707038921593,0.1846490861805613,-0.13383044844374867,0.8854644019312452,596.0545343137254
Scps,-0.038549156518476346,0.12450936941077168,-0.1337505455286203,0.5438362293415278,743.6229109371021
Scps,0.07999071275547948,0.08258588776988766,-0.2009752456474189,0.614084473951763,427.8913338600123
Scps,0.042616986433523595,0.04600222673489821,-0.22450739788889873,0.9216394117722237,403.87656709956707
Scps,-0.2728191831585411,0.083440996582817,-0.2182569119400192,0.709205034870107,508.1901610959638
Scps,-0.19457328296483534,0.0492993329244729,-0.27120696240563164,0.5826955655152255,126.72471227621483
Scps,0.17941867542026707,0.07272284064730239,-0.22391974940654139,0.3156179767821711,539.490393970356
Scps,-0.09793981805252602,0.01500627362339891,-0.2591593331308529,0.706042258887849,288.8787849378882
Scps,-0.17300605105273126,0.59125598998064,-0.14135521581815713,0.9539038906303333,465.3968757259001
Scps,0.11938933691598952,0.041221689085232105,-0.32161380048170857,0.3301068823008462,455.86870018975327
Scps,-0.12969950268221445,0.23662388638607196,-0.1465745629244357,0.7847318921198375,500.0815824479851
Scps,-0.19560314770977866,0.05944202152517229,-0.055447676708529126,0.5981505452757588,374.3219381313131
Scps,0.125804009334882,0.06995858975778264,-0.18182271318428175,0.635989352894661,534.7917862853466
Scps,0.13576408506769877,0.028192649726180616,-0.21344796597029952,0.5056986546182508,554.0720655270655
Scps,0.253472784848911,0.1550249128034593,-0.16811882664876449,0.6210045472889986,786.7438779655104
Scps,0.011818088029448507,0.08081830778954402,-0.29399613084332005,0.5215617727879387,617.3315019129726
Scps,0.06588416546605347,0.01192038381765981,-0.20077284619895308,0.4682605137181382,560.4147245456322
Scps,0.18377538480994354,0.04511413456814001,-0.23347036668209237,0.49637930090231874,482.0049502787226
Scps,0.22670186247717966,0.012596645003927168,-0.22957835690500292,0.5337999238103415,441.4886834181604
Scps,-0.14162549640080746,0.11524473456479546,-0.11852624669060881,0.6776127336165079,373.7819114013359
Scps,0.4118440248432104,0.07936253317893639,-0.10993835799506904,0.6660585599008998,594.9990652975317
Scps,0.23574919731075258,0.15487331229517765,-0.0346755232231985,0.323826195832237,697.4088156970034
Scps,0.2548101215266034,0.14582009869858897,-0.11319416546709025,0.7069654152736419,347.64390984654733
Scps,0.13174323310565894,0.17289349109107563,-0.18416564833226656,0.4752797822784147,631.8338065250024
Scps,0.40392599757738984,0.26060196515744005,-0.18697236003118048,0.5441701370971269,674.4268328250218
Scps,0.4695510561859926,0.08138291725011738,-0.16516758156485498,0.8180969506975079,565.560756302521
Scps,-0.24419779570937433,0.1663695475961703,-0.1605723849501141,0.8241687243944019,370.12661889834305
Scps,-0.08081279034930863,0.0034772598341290843,-0.26506402991280037,0.6554826386884062,457.5740543953045
Scps,0.24415964888794606,0.14460749949788737,-0.23617807016953382,0.764424591378556,344.37995663153276
Scps,-0.08434462446101548,0.31037097796745233,-0.19754282028878029,0.5618985744030209,569.3228742532417
Scps,0.21356925080655126,0.14939090526527765,-0.2054936291047433,0.4273067404004661,561.4763023190045
Scps,0.2335784587532706,0.1425918273343962,-0.1855249881104842,0.45804298177640057,340.8120018168405
Scps,-0.017222822315403803,0.025882176033747116,-0.2734473841474396,0.3808690360425977,562.581924598776
Scps,0.4052701069098284,0.186904246174027,-0.22715974177087261,0.3030345648457542,678.3110602281849
Scps,-0.015360983195009293,0.06833175241147887,-0.2682372488295249,0.8547786616883617,686.0517919314728
Scps,0.14308429534841346,0.21298854768275155,-0.08737398797856395,0.43749925005905876,391.4812543332806
Scps,-0.26709088428565975,0.38072488141549565,-0.08609697699686478,0.7501069465873391,538.2809303977273
Scps,0.3328519424842816,0.07025236695896632,-0.1657437588052199,0.8658962270163657,505.08342730857856
Scps,0.12856644023490765,0.04830696419188306,-0.2157263043452921,0.48699800823105704,578.6911227323511
Scps,0.4213755809075773,0.11566962571908772,-0.18756774842310336,0.8849000310276923,452.9731957576772
Scps,-0.12309151571551019,0.12285569467719086,-0.09360636813186932,0.3700136079240794,552.5096515424834
Scps,0.24514640841128302,0.07918593907334347,-0.20001773046175123,0.6067995261897032,337.521928067364
Scps,-0.16505849883960286,0.07874424894380924,-0.18545449195402572,0.5214209707870003,393.7301501353132
Scps,0.1080906400230954,0.04442353279325145,-0.05631202094333124,0.7272328741526792,284.26655219780224
Scps,0.11455223910558636,0.1343597148691494,-0.18264983973754587,0.7218190270905466,390.92708949973587
Scps,-0.037280213563925295,0.012766068815209503,-0.20644771129439243,0.7473938853522283,507.8856970382558
Scps,0.37340264633786086,0.09994394110258792,-0.16900937129171775,0.4969802059892025,613.847638896194
Scps,0.08036139028481092,0.049062508346670745,-0.3668887801362814,0.5802186314473753,662.8155094919294
Scps,0.04979951700275962,0.11856519542726765,-0.06206483806627259,1.010891437689164,412.85651327838826
Scps,-0.12392942254185074,0.09625226386037729,-0.10012855761556518,0.6657685084669013,209.39898538961037
Scps,0.18283632563363728,0.1461194072696694,-0.14229930677985259,0.40385396016586916,798.7222215088526
Scps,0.031056312935607882,0.1453419425008466,-0.1922248735862712,0.36920194062663353,452.79286680911684
Scps,0.19968111523712062,0.061018257080198236,-0.19911085456358188,0.4732860040318104,655.9191107576635
Scps,0.35559059067636584,0.23559955862741205,-0.04718092914088383,0.7470826353420542,441.5218175298966
Scps,0.19921294409321488,0.011608578447923724,-0.20057206357370877,0.5188557869752862,536.0278594941095
Scps,-0.09191146151169127,0.1561469614302955,-0.14387219547213723,0.3625211796078786,444.8511771698247
Scps,0.2676223865667742,0.16195244143527682,-0.18835626118027332,0.5656836733073564,455.3514632107023
Scps,-0.09555005558249167,0.03546681087152855,-0.24614545622490602,0.559915211807993,480.8665566959922
Scps,0.1714141153388876,0.059472956223483836,-0.20222704436402372,0.33626765527892205,352.79565227804983
Scps,0.043388473682259794,0.03251674692658783,-0.2338084930681686,0.8105143272886052,437.31173443223446
Scps,0.018897435095802294,0.046082738896728925,-0.20156627220097814,0.6207653240818006,446.7485928076063
Scps,0.24761340465047724,0.05810691272453488,-0.2497106746935442,0.6542608175672948,448.0058494208495
Scps,0.3254172518776276,0.11795285229314079,-0.09512461353014544,0.8550337573843955,369.11762917689754
Scps,0.1337017834409659,0.03335054972213705,-0.33300525083573124,0.31510006773285704,479.66442379385967
Scps,0.3080627574193444,0.07973006197874365,-0.18254058219648203,0.3964902213984047,423.69849972152605
Scps,0.3294053923323344,0.08472611818883174,-0.20363592670055194,0.5443393720788604,462.5933119620153
Scps,-0.16314784070806632,0.1581448102907858,-0.27352417145096874,0.7894964521811945,439.2365233785822
Scps,0.04645527754545731,0.06048642610790213,-0.10466872319725971,0.8553054720797982,424.25131816877155
Scps,0.05424506564031705,0.07782624640649823,-0.22793435003313373,0.9180978984338997,602.2423027597403
Scps,0.30323201197728566,0.18559679422287328,-0.06633757244793194,0.6355913151554458,419.1293909821462
Scps,0.19896621125630715,0.015879615470432387,-0.1322004529792017,0.37849797609356045,557.1913987403101
Scps,0.19490399839189693,0.09333764165588632,-0.23492356874436487,0.8536892690566504,473.1285641814865
Scps,0.1919480326688877,0.12304560504364648,-0.22875026866759046,0.34931943833005064,863.1771155298328
Scps,-0.15962817761747267,0.02644186872107893,-0.17251488862367179,0.5200880981230458,376.222854099026
Scps,0.2075495426724403,0.11664253222426302,-0.21725582063848664,0.7045657809045014,456.67052124183
Scps,-0.2479568495908518,0.040469627644823855,-0.2144945045254783,0.5007342933839614,568.7265141156797
Scps,-0.4833726327832727,0.061641662954118805,-0.10917611705308265,0.6869549125437049,424.37961667364885
Scps,0.18603048885139095,0.033721970967427094,-0.21471938656579642,0.6452549692996777,289.3073999107485
Scps,0.23689123306126608,0.1876100079997437,-0.1306749888980882,0.7094593768879066,571.1231942742792
Scps,0.2677883583154209,0.16300954768221387,-0.20845712738691766,0.5061550665788925,518.5205323419505
Scps,-0.2656592378337249,0.12930773036343843,-0.162668870733115,0.42920490650741483,663.7761163522013
Scps,0.21888079573880984,0.051174672185027636,-0.13521327060799515,0.7159199376611889,355.3261506887112
Scps,0.2063377766983733,0.03173211186345431,-0.19945500873277006,0.405416999134563,396.2373397435897
Scps,-0.025632041441843757,0.054747322541681805,-0.09103319937003472,0.48558878922110393,519.9533027537034
Scps,0.22482607841875626,0.07423966519232612,-0.24553717849174467,0.3406557939648656,429.75958840432725
Scps,0.3075229703962896,0.15108288985703222,-0.15269906416090476,0.44503725757247775,386.08404623037114
Scps,0.07850397375820779,0.0942605609664389,-0.11488494315227199,0.6201099095133098,442.6330893902567
Scps,-0.06181304146429857,0.11864734651351218,-0.24690824555324803,0.8268633651863035,416.1545002216312
Scps,0.4727721266699566,0.23752652400700314,-0.16132305552698525,1.5626989475575714,541.2239316239317
Scps,-0.03502299233791158,0.08951689911608463,-0.2427074777503855,0.650949378394259,410.2465016722408
Scps,0.37158599270069226,0.13606522058731824,-0.1845466068345983,0.7808016729221136,515.9486021220159
Scps,-0.11535062900093121,0.20950501384110073,-0.2039142853811235,0.5607705833900526,467.8651222051544
Scps,0.19411061318251163,0.06023054903378867,-0.13949589519453076,0.6856041709757708,443.6734139463441
Scps,-0.4643728828641267,0.24847863640259554,-0.0705070372704872,0.6332068765673705,764.1195872343118
Scps,0.043127315577180254,0.10326645062057752,-0.25036468862221845,0.7617362920024348,632.8911336045056
Scps,0.19678253764532058,0.1431466032484865,-0.20662212495472154,0.47923530058669095,591.2530642331127
Scps,0.44903058030507104,0.0820477059654877,-0.17204257537494203,0.367241926634832,486.15395272760026
Scps,0.24118587797852586,0.21302665267537382,-0.16758810418433442,0.6008765634717598,438.3397565602003
Scps,-0.15701998095070333,0.1510736709072043,-0.18886992362729538,0.8501173597482263,420.42455586080587
Scps,0.3549963034013122,0.047221586498807075,-0.08419392614485033,1.0423313971383736,480.3197335890878
Scps,-0.19027494210141704,0.1170698817651759,-0.2571890778564693,0.6125696688423841,378.01012734068996
Scps,-0.21633795254245225,0.07262020300588472,-0.13545762082582138,0.7001373883449163,402.64136561526936
Scps,0.26115199148905976,0.15402742243207623,-0.16139358402372153,0.4715128471213439,662.756393274854
Scps,-0.05708477554663391,0.11374593818832415,-0.1347777939134815,0.6138641448625416,456.33575121014417
Scps,-0.05854772872876912,0.0028489371869670392,-0.40348362159543805,0.4947684750195784,341.25823276923995
Scps,0.3269442859384629,0.12430388926238434,-0.20848675381994614,0.36676483422449074,807.8295614579253
Scps,-0.17140751272410074,0.16338465650743517,-0.11623527984511402,0.31454157108696357,531.3695342077277
Scps,-0.3162745414702992,0.10106148268728603,-0.10288555480012494,0.3301546228415007,474.9311560091226
Scps,0.0632922203571757,0.035340203960558106,-0.20036856697306676,0.5124124703040037,418.5574915433404
Scps,0.11838987213699342,0.08604176476205475,-0.18867426005474375,0.4926558640444687,663.2638827062176
Scps,-0.22528737888403333,0.09016468399066108,-0.23822023791177752,0.6029923643537658,305.04577298850575
Scps,-0.2072883698453183,0.27147131187013296,-0.11012775925069629,0.5516151679847868,465.24085845943796
Scps,0.16274021008497125,0.10724944667735085,-0.244856347535234,0.5520004307729581,519.52310594297
Scps,0.4119173684752887,0.16163121225016103,-0.2230785288903669,0.36070535169402385,857.4977783274749
Scps,0.23305825153301282,0.1541466541831843,-0.23526748609081413,0.6540951039818935,581.2415795677541
Scps,0.044227043110174974,0.061603557961496636,-0.1371330511292771,0.8035932442823265,437.3403972672065
Scps,0.04091594755173005,0.025119871315752364,-0.06060168322573188,0.6517484166184561,538.9441362158707
Scps,0.08219738279821165,0.10654962595263434,-0.16637221271517283,0.4054467527133751,551.4029990568641
Scps,-0.07638544155194292,0.0757902925533857,-0.32248008948862167,0.7200990461963609,412.42848563584664
Scps,0.09945830477667203,0.13249277509621574,-0.11012120232286293,0.41415684789383234,616.1424935375879
Scps,-0.16393081204964394,0.006040947348503284,-0.2334904233917974,0.71812336914715,507.3905061530541
Scps,0.39376573852361596,0.15555899729682465,-0.18892231345453617,0.5251745453506016,596.2287889729755
Scps,0.13457896196555064,0.07344867929708893,-0.23194994683030765,0.8717867990795737,211.80593193459418
Scps,0.19487282506540693,0.06048704070455721,-0.1552503812840758,0.8235509490919937,356.8491882934502
Scps,-0.19751783401509893,0.3959695417165287,-0.10993702416444533,0.6731958748676243,661.0110872343118
Scps,-0.2612895465912834,0.1256506753994706,-0.19130934873633937,0.6349274842486656,381.3776469811653
Scps,0.1876978996132749,0.07508842317315179,-0.25788612208322276,0.2567439068148412,504.07604540023897
Scps,0.05565233245393003,0.030735031223174676,-0.1480147362705933,0.34144690389267646,477.08496685660515
Scps,-0.11527926209823282,0.19103454056249566,-0.15792998821470924,0.6754826985510796,515.2830941377172
Scps,0.17963108745099582,0.12146260892541327,-0.33012016396489435,0.4179658983497003,861.2899278477234
Scps,0.3076753997483963,0.10033871702077546,-0.2137736907461363,0.3963018009399597,850.1583655298328
Scps,-0.2535294222529312,0.20518439935507293,0.10442402473830294,0.6103886376415626,892.4099785454982
Scps,0.15368526092674786,0.1204151313594077,-0.1311465304004059,0.5465639168425611,932.5719810304297
Scps,0.048551225804563246,0.00038604352404498387,-0.35591919691121116,0.5983730529217494,529.3357402657472
Scps,0.3467580250965839,0.17568457936787252,-0.11800046810637771,0.8298862399679252,534.7017946155128
Scps,0.06362189944640556,0.22445528234429496,-0.1856335568172608,0.775787247606234,390.26773584905663
Scps,-0.039932450225772395,0.11480140551084751,-0.33323218039903507,0.8562326881464397,365.9169107585143
Scps,0.277964019983991,0.11052709063951116,-0.11386949080778885,0.5252301413574202,903.4685900288159
Scps,0.3160511467578714,0.25129451341115194,-0.12447574160892205,0.6070138816758818,594.4283802890657
Scps,0.21752552301377243,0.06160253363373792,-0.03504612399535685,0.57750889622312,423.9379897294755
Scps,0.09378786826738358,0.035335696918420104,-0.2747390981980444,0.6114977882455345,528.5541571111814
Scps,0.103927381435088,0.10277067598538606,-0.15129233263956215,0.5301062491826819,292.8738156275636
Scps,-0.183970327429322,0.165710085385145,-0.08035660428684707,0.5318663735798508,468.3394289811066
Scps,0.14592724468468715,0.013029525914736845,-0.28489894649328207,0.5360718241782519,523.4818757070136
Scps,0.35438060467788196,0.0925173599867513,-0.21914948428065445,0.6456788070676571,448.7267741596638
Scps,0.17199145534328703,0.04690015244813951,-0.11010760653184293,0.5147839531131385,424.22889748522357
Scps,0.36432408881964795,0.286461938887018,-0.10244459034018923,0.6019740344155772,639.489742877932
Scps,0.12269069370220091,0.17634772915882893,-0.26136585878877644,0.4938867815605583,487.2151773049645
Scps,0.07968950795971824,0.08455259706651486,-0.19184796823892308,0.5695790734694034,529.1140240673649
Scps,0.2087903389313555,0.11035725709712527,-0.2573306695229522,0.8394294860107625,483.83065961056724
Scps,0.31860568655471244,0.1704650148408447,-0.2725522572420612,0.5868137227592649,571.9094003539066
Scps,-0.037337801233334925,0.008565505542496674,-0.17236169329831275,0.445466468098091,722.5364925132865
Scps,-0.12993328787567182,0.0859104459433945,-0.15092516008939746,0.6193743875969797,274.0247556011973
Scps,0.3094809662750675,0.17058957309629774,-0.17854971113759993,0.6307527160887778,777.1050788639146
Scps,-0.059852278250813996,0.08090885836340961,-0.26205233998416405,0.6602112553309412,447.5067122762149
Scps,-0.37065012975421247,0.06283111234747468,-0.11668933449622647,0.5850313906416308,443.06370907738096
Scps,-0.35271958171477064,0.09227705269456973,-0.23699026691994823,0.5603179264229439,521.936307486631
Scps,-0.12918855192546272,0.11921154624298218,-0.20469761138680584,0.5798729033391388,499.733108853512
Scps,0.30419080190192294,0.20234025090037783,-0.16366500175325366,0.7630342887685796,516.3834692540322
Scps,-0.260972685693667,0.0316772078955901,-0.1838316434774786,0.5481972901079324,531.9585109928422
Scps,0.042505752278714025,0.0219973105762533,-0.27727586893114414,0.32757989405708704,669.5475824689875
Scps,0.0364068407019907,0.018956491191895276,-0.37612029222885907,0.4304758846998381,557.5313768310093
Scps,0.12918969593889248,0.06713492785826043,-0.1759690546761277,0.554576130823631,606.2010146136507
Scps,-0.22112322261310347,0.025173750955857888,-0.15812106995880865,0.5496327235760596,211.265432676071
Scps,-0.19687314697177283,0.20946875263844414,-0.18925554483247367,0.7867782282930976,526.9259287550924
Scps,0.08383441396876692,0.148829573653532,-0.19979805105737772,0.9260979225562322,544.2171125613518
Scps,0.07865919609350636,0.03148156129368601,-0.09190099780227584,0.48914575905226615,566.8277261800699
Scps,-0.1996353767932084,0.19017328578301435,-0.25263301180883885,0.572433702591917,811.4498552874716
Scps,-0.12755697381491804,0.04491930742844286,-0.326475539012252,0.4592815902896494,458.1408320549028
Scps,-0.13695583854718077,0.03652739983284504,-0.28472789391127834,0.14011346858737067,418.4028973395026
Scps,0.08387042468586567,0.008806632296885206,-0.1591764179731787,0.6771989351598174,432.3889801790281
Scps,0.1930938337245824,0.11676012505095712,-0.18019463792859688,0.3414170196312779,634.1792441526713
Scps,0.2212687597589525,0.22173036564070772,-0.13263080262706822,0.5515062872442744,615.6918722640146
Scps,-0.03147933728080618,0.035531753251427614,-0.20521855627007765,0.40148503499148247,548.7792152303678
Scps,0.09087152774931796,0.02513175351775281,-0.26428108248290305,0.4077166582586569,501.9294705029013
Scps,-0.18709132766484332,0.14483940730244788,-0.24649587731384806,0.83068067548254,309.9883341690756
Scps,0.3065314235756377,0.15044719205000773,-0.12264669410634402,0.5688164151427306,606.6870684143222
Scps,-0.15490750947911588,0.1105912135572033,-0.25574147784748963,0.2469455384127692,514.6994416045004
Scps,-0.029966999176488603,0.1805456291793692,-0.16362874715637712,0.5344902579803597,414.58639140499196
Scps,0.38416462478233,0.10663669381212054,-0.29671455568126703,0.44872322571279966,644.5025562435501
Scps,0.1288999480146682,0.035685607280778284,-0.06501314939159165,0.30324492629204874,524.6627956701346
Scps,0.2288851582126728,0.136050879998697,-0.07837844744620416,0.4861561741465212,459.95965516448126
Scps,-0.08043014870465787,0.06958491499142348,-0.28068967293255465,0.5552986753245525,460.6173403899255
Scps,0.1683621572893812,0.11097738512221797,-0.13754174942888422,0.45062700734844197,621.8620278622086
Scps,-0.13146746598682582,0.09775044564019354,-0.08738972000899102,0.7295074244541174,585.8187779731458
Scps,0.2582952801988525,0.0723104462916659,-0.18590841875443112,0.7250298055320185,399.20767832167826
Scps,0.20701443703837633,0.11731244257842663,-0.21059957825329545,0.8650330765849664,329.51293248160505
Scps,-0.22391900115147817,0.027031471778963596,-0.1826431736881838,0.64999401859825,481.1373931623932
Scps,0.28433256246182237,0.16598501495556933,-0.2628388417437482,0.8001804771450212,235.5718175964803
Scps,0.11903915666828706,0.048076695311736375,-0.27064483571488396,0.41753358592449863,593.2508107890499
Scps,0.24724138887162792,0.15738885640489483,-0.2356205745294071,0.8052568929980665,430.1465134680135
Scps,-0.06781104389903894,0.06340063858128964,-0.27972533064732824,0.5147951511599846,584.5221243969426
Scps,-0.05542263711965869,0.06488755275576052,-0.22570751173591255,0.7369444763857481,427.16870856177485
Scps,0.17894985345630743,0.10680919060667884,-0.16352750091424437,0.4696375093070913,470.3120406799083
Scps,0.10068083643511663,0.0072396156916871846,-0.16570410943048683,0.6406612476271306,441.4003872894634
Scps,0.34323475363706596,0.16083838256495825,-0.14467529827453385,0.49849088129521546,446.99136415055534
Scps,0.3763482715108084,0.1017195108394491,-0.17181498602835438,0.7255674471874904,387.6343061178587
Scps,0.16621943137969933,0.06310276406907137,-0.1566566293563689,0.40309814626857726,470.59841064221456
Scps,0.14050208900454778,0.058823122693389976,-0.17378344329556794,0.7626688438288887,465.1025147306397
Scps,0.11444953459858799,0.09636166206500228,-0.1237678090606109,0.5299963958063112,374.97929697651176
Scps,0.3000793287704075,0.00686512146312108,-0.14434807987641637,0.6143101329256148,593.9021186949939
Scps,0.4307199532145507,0.11501098297026931,-0.15253654060100313,1.1226050062314616,335.8148677248677
Scps,0.11793713298937542,0.05788033142431934,-0.21410200235961224,0.8185799679785862,464.66554593236424
Scps,0.4500189159871727,0.20040181304988958,-0.24536087335513104,0.5791422817581423,541.6151599452306
Scps,-0.13024748201577893,0.10912908811449198,-0.303451483572514,0.3696680293172809,543.0404604408305
Scps,0.3320473065726302,0.11924125174798338,-0.1994133220807449,0.6164712134245167,397.6157350617808
Scps,0.18755932437756098,0.11480140551084755,-0.1502975797232998,0.1834595716715287,450.2761484728507
Scps,0.3531038440512599,0.12050301868110078,-0.17339821461307542,0.5959387186647576,382.26361547868623
Scps,0.22434420844670389,0.13403315917968867,-0.06581423429197264,0.5589599962443326,841.8319007370858
Scps,0.09002634623776548,0.14111331264754648,-0.2193019559144777,0.7819904213639887,572.4216906151497
Scps,0.25191313990418707,0.1566882162179714,-0.19881412238146698,0.6092621183477314,789.818904583037
Scps,0.4297539403300796,0.07531090716233274,-0.20102115090912068,0.7386910137272417,338.21383258258265
Scps,0.30815109064112867,0.2091401482934662,-0.20279559666275548,0.6441371132303454,522.2945100514953
Scps,0.1495961222941523,0.07311823116214522,-0.24812082941950278,0.4429379448101708,365.1214788427895
Scps,0.2681129815829098,0.12679259598482473,-0.1322376869621666,0.6924376983627993,562.2208865576293
Scps,0.41320399530899976,0.18427971359078843,-0.010817556360039502,0.6551888177622495,355.8455283999415
Scps,-0.14127904780641035,0.12395438863112959,-0.24319461956408142,0.8597473816846757,379.20701845147335
Scps,0.3341267450856955,0.1771028635825132,-0.039361017268535525,0.5777098492245599,636.9353128418102
Scps,-0.14157575022319788,0.23585051892828365,-0.10584108956938702,0.839446509211131,405.7651409454668
Scps,-0.2651228153533631,0.07696663055143069,-0.22271689193021238,0.8662068316401609,383.01364163439536
Scps,0.2942506761670487,0.1039261176971544,-0.08473942512291834,0.5309029970837353,453.9494157545783
Scps,0.18440646478030215,0.17103392647800444,-0.25257385031287793,0.38674639730664007,486.6024869238313
Scps,0.07958799016238818,0.17693835654447224,-0.324323036141074,0.8425266394399912,311.6511433691756
Scps,0.14185695050168648,0.02353175355872585,-0.2039783833850244,0.5625226981766837,565.5444348171701
Scps,0.2941567570564219,0.08499899910373884,-0.2342781773402732,0.46717932514856386,456.1972889610389
Scps,0.12187981106942815,0.09693344181988633,-0.14345441850069954,0.5685053499099093,413.63401289548665
Scps,-0.011001937632508361,0.08008714263541254,-0.22286934513088624,0.5983210793212617,585.7602575111976
Scps,0.07786080954679067,0.06408919170066096,-0.13269594298608758,0.4932693841498881,474.58420026525204
Scps,0.14413599267490376,0.1693730814501131,-0.1749578926648406,0.864604650926676,498.0793658694247
Scps,0.04194611186126192,0.1488314174434976,-0.1904272470739281,0.4943821479189111,545.926391056815
Scps,0.38505540344674016,0.1590173326756126,-0.2759718342783684,0.465230899892879,626.6082804232803
Scps,0.13994581919570193,0.08626773146561502,-0.10509237611062898,0.5609634145936216,408.9053377362675
Scps,0.15612325046908523,0.05484360935099602,-0.1828403450222287,0.5302640443067542,417.77330990895956
Scps,-0.0631306829220946,0.024434391179657105,-0.2828716167059906,0.6427877104975155,438.88542948717947
Scps,-0.28249879254304233,0.19542419473945732,-0.15474177111860943,0.9497271021946432,511.71140509057744
Scps,0.10274879676017595,0.21470040423302417,-0.20790018838381757,0.5734952714598359,732.6057545719073
Scps,0.30380456610732887,0.17460329898583093,-0.16759709551579002,0.5936203574988144,657.5107148018913
Scps,0.7061420563604869,0.20925077569140144,-0.18897162650772056,1.5432996069463665,543.5540142065142
Scps,-0.3148612311476051,0.5531716887792135,-0.13111643894368052,1.1871181907669028,378.9399637681159
Scps,0.2243969824640878,0.14043192982248576,-0.2558724813912349,0.596261995162748,622.430045657669
Scps,0.21505753772736858,0.046027834928864614,-0.29993489737254114,0.3878822839396099,561.6395499108735
Scps,0.04637784680975246,0.1545692918164073,-0.15853448780583132,0.7582928824321469,412.06099525474525
Scps,0.2539814913196728,0.2711298009953955,-0.12783475187083235,0.7768679122389209,365.03864757228587
Scps,0.3892207953297758,0.03911321282680635,-0.1958654021025004,0.564125651438008,606.229274559379
Scps,0.24682037458883432,0.07464304546368643,-0.3029609981055603,0.3385324775183419,506.0237207781771
Scps,-0.04799413119212442,0.032412265495204415,-0.22559819132284384,0.4544612377640914,543.5187229437229
Scps,-0.18968682471075177,0.16401953485225254,-0.17070683386652225,0.5531475342279514,456.13033250355625
Scps,0.28535400136208733,0.23376990438489353,-0.20009114752680268,0.531461677242716,689.7541405489501
Scps,0.16327140435261334,0.029910857108556805,-0.1615604646189924,0.924224275247567,494.5866111438679
Scps,0.11722216780461175,0.30822890375854284,-0.1953631236840146,1.6927942322306715,494.43805994729905
Scps,0.1664081217923572,0.19811305510593968,-0.13297420626225062,0.8978552753752638,415.59306637806634
Scps,0.24961139603849883,0.10796442745289565,-0.038655792425434654,0.6114534175989275,368.36553125
Scps,0.17586100684669392,0.16951239002529087,-0.1259670059928039,0.7744260473320028,370.32244055944057
Scps,0.4534030758238028,0.23835131271827623,-0.24857544879166935,1.562932354719255,686.2238209494324
Scps,0.3020139899530627,0.13694225001428295,-0.3315307739261682,0.5817162897031294,631.2061739249166
Scps,-0.13828943119407994,0.1014619948409221,-0.14380829486396962,0.5384781589463394,701.1579211970201
Scps,0.2981045142031263,0.11961554111099772,-0.10448323491269987,0.8174831333355513,476.3504319119992
Scps,-0.053862046207850706,0.08932145737973217,-0.21746293777317427,0.3059625760907194,788.7657587195824
Scps,-0.35559107032234316,0.21210905986916614,-0.1335470695259789,0.5648523853334355,601.2826522435897
Scps,-0.08979853051437434,0.1455052203455769,-0.17900304626838115,0.5475839839893625,739.9800531904677
Scps,-0.03765502207940275,0.12316770491247869,-0.09099124914262133,0.6006849209920327,425.8979335318087
Scps,0.29195143650965716,0.16300135306014463,-0.0694516142758335,0.7974032896806071,578.94732534442
Scps,-0.10837485260001084,0.1578063723993246,-0.178801628215389,0.8851273014888587,413.5188958333333
Scps,0.03552111423506114,0.022022304173564572,-0.2590418362039142,0.5001341108365321,618.9602741305184
Scps,0.3521900394495445,0.1029206375692539,-0.1853992270503267,0.6575747219116534,428.4856365740741
Scps,-0.19624839220816906,0.03156801455651693,-0.23196513264400015,0.6518119556957201,539.6128769310754
Scps,0.2128107847562511,0.10674506768898677,-0.18730051149733873,0.22028011488673807,506.5455355639731
Scps,-0.1816113504648351,0.03531848821207459,-0.15981873110488198,0.6001474076004136,395.70033444816056
Scps,0.37858084493888633,0.04849523563392486,-0.21372013652596236,0.40063560846338175,343.23670405522
Scps,0.12015899332281896,0.0645116244683323,-0.20109596787810746,0.49319882899282685,620.1634106676945
Scps,0.12134494617990316,0.07752734756652126,-0.21097038657174014,0.4105928096034312,549.5117232345251
Scps,0.1127530723886635,0.013880332551079844,-0.25154776530283063,0.47023830248047055,424.5186513947102
Scps,0.3076027022768928,0.025018462867644975,-0.19778458578623603,0.5274122040972151,482.74991593106347
Scps,0.31950277495976526,0.15108780663027382,-0.20054600478784154,0.5065745608961846,619.9162022053622
Scps,0.340166040615887,0.12251807624793656,-0.21842433020336532,0.5123406890664924,752.0309823271414
Scps,0.11312147245438298,0.07708401851257322,-0.18155131628020243,0.5071554004907407,747.7644989269633
Scps,0.016608936808911602,0.0643061443199452,-0.20269693448481937,0.4280074467343875,600.2592446789322
Scps,0.46160016443527246,0.1203764117701302,-0.24131747274637227,0.40979090329333073,518.2802573352574
Scps,0.31587975207791885,0.07272816715164743,-0.1939809261865557,0.6851131888166059,532.7368935185185
Scps,0.05028175085444469,0.016179333772616315,-0.1452841673476538,0.4256506017289517,579.7614341547429
Scps,0.032535436377707075,0.012180153337256003,-0.11753069688400536,0.5635049386254641,409.65146176911543
Scps,0.43243433453065117,0.3140884682691813,-0.1834235358532615,1.5853005472542037,493.94101851851855
Scps,0.24014874901684197,0.05747428790078647,-0.08994801216212504,0.5336619103664577,463.4908206448723
Scps,0.37860774659293017,0.10566255811363484,-0.24467169852260867,0.9682800898555082,542.4538281733746
Scps,-0.06136082130592137,0.17156883043357662,-0.1637353921439129,0.6619805259254048,507.53596875000005
Scps,-0.3915661946898952,0.12370363319580968,-0.11827180725466543,0.4898463525275202,499.1506189929474
Scps,0.39973522026515684,0.20925835571681572,-0.07681389382617444,0.6023023081681134,687.1683425097783
Scps,-0.09830550451104475,0.054204633695143806,-0.2389173137056555,0.482704550723752,453.57957725723827
Scps,-0.07453678975805615,0.07491121447090363,-0.2941390088975717,0.6147616317902423,460.5361371870883
Scps,0.4112826137106615,0.15380678223286093,-0.23990248054811167,0.46059195811330783,609.6059772846638
Scps,0.49383341910876877,0.10410353126495435,-0.15315310329251985,0.375829824114943,517.1071677143678
Scps,-0.09048685611214674,0.05128591417961807,-0.09502028422786224,0.4709013375942336,454.91887970042126
Scps,0.19143856337274281,0.21368406623088176,-0.16514842054685552,0.5625805736906103,395.83804057784323
Scps,-0.09064141882336892,0.26375443626749184,-0.20809653045397591,0.8705057698162711,266.6835766696616
Scps,0.18195904024289536,0.04042025504685647,-0.21048981157739474,0.7406654223651571,315.9947268420722
Scps,-0.017216983220928333,0.09772033040408885,-0.21928062664043854,0.6804574423050256,506.11887433155084
Scps,0.11891292265136982,0.07449410820757724,-0.19193975667199148,0.6831871062146049,473.03270467032974
Scps,-0.07739280732097197,0.018988245352413672,-0.2281269759858496,0.3759943422335963,483.8759404761905
Scps,-0.14544038704310475,0.17568990587221742,-0.08161331166649037,0.5760715421653394,496.44244611309546
Scps,0.2095002912354703,0.12558102111188169,-0.13902732526105185,0.4257295975992224,669.0579216281653
Scps,0.33092066511077634,0.03241738713399781,-0.1743248859542414,0.5592578143905504,419.52214334239136
Scps,-0.06676714180940055,0.021312240171261477,-0.17146309711458227,0.46209798790184253,709.3443517734637
Scps,-0.2086024567154502,0.06205282811644488,-0.29605548356912276,0.5951420372001451,601.4324741799553
Scps,-0.0914687894453017,0.11504826850068453,-0.11610351421986737,0.730142747834739,613.5926481123289
Scps,0.1002185240632036,0.0297969518617938,-0.26891327430405937,0.483192673145373,499.8247822192928
Scps,0.19040871136724857,0.05319608058396718,-0.17737957007147148,0.5845076942951442,325.0945395531401
Scps,-0.03494651575178946,0.01523265005806277,-0.2681882591415807,0.7340518640584129,303.5314829600219
Scps,0.0761780858583187,0.07114640022672476,-0.19018565868809487,0.6250667767986007,467.9030801767676
Scps,0.1972672126497454,0.04685733554782753,-0.33779533230791875,0.28230561669143156,429.4695016958734
Scps,0.10561241727199883,0.05611787308276895,-0.22839280520098904,0.34922997367710246,445.77214833196183
Scps,0.23062916219503737,0.05380186802043878,-0.19961074401898565,0.4082514470553859,425.55926704545453
Scps,0.2974540073067225,0.057598846156239586,-0.18062792234990432,0.6936976848106251,411.58624308697836
Scps,0.26601380318958057,0.10446593842596834,-0.19804919530971266,0.8268032859620437,449.32097861555667
Scps,-0.10967816967052875,0.06264734794757115,-0.17498240568949744,0.34379154936346173,575.1364458540853
Scps,0.3568757235440287,0.0490625083466707,-0.15469462736109973,0.5967179392914023,472.86148498964803
Scps,0.5264325016516584,0.2363055253186805,-0.1490513753578421,0.7410139377410099,596.8879184870235
Scps,-0.27829512114856286,0.139901942640155,-0.15636652616606803,0.5251412251978083,528.9498589773399
Scps,-0.12301255390178127,0.12399515687592433,-0.1583169084531338,0.6685000082042165,263.8971458724203
Scps,0.1717307832191502,0.03996565838756319,-0.2644755744647031,0.6289681792529123,593.6707803030303
Scps,-0.11234623868110163,0.26655699701518554,-0.20994429973967815,0.8598074104149256,317.39434823625925
Scps,0.3942957287143788,0.10197887062794181,-0.22010165678978205,0.3840252547225217,323.3531742867269
Scps,-0.25083960811474404,0.23641922569989166,-0.1694954364358978,0.9225283468378055,339.6669764957265
Scps,0.05766955703452421,0.0854142615770996,-0.21262181278969455,0.9495011955362721,426.6486970382558
Scps,0.03734310702111485,0.09087679664848158,-0.2397894265091206,0.5834491358283576,425.8838796701113
Scps,-0.028672090486607103,0.05779879493472999,-0.23726956631189244,0.6250303343971159,374.24959773402776
Scps,0.21309572124335058,0.14688498983649195,-0.165786766716736,0.6012900089914679,488.1717487022617
Scps,0.2365776961128291,0.033784659826257064,-0.2684091236389377,0.44896032919850887,440.0056730372138
Scps,0.34046214574685313,0.05490896146199839,-0.19821032493794732,0.8151192499800153,499.89439921920183
Scps,0.41748029279096743,0.4227954565225232,-0.15838532309206627,1.6463882710020534,639.7393772378516
Scps,-0.16662438215374953,0.0851012270140531,-0.10095702035947383,0.6998707121900971,487.0903685227885
Scps,0.2816046955080511,0.014547169921967466,-0.20246084213083093,0.4334985910496509,909.7280580693471
Scps,0.34930322085989923,0.14466035481023412,-0.14246305358504086,0.5962094846166295,485.21079793028326
Scps,-0.1282427148312477,0.1483958732805153,-0.17018271666412735,0.41553417709094276,520.0338323994554
Maxe,-0.11325424742664555,0.13200212209981765,-0.054365458305954587,0.748091356904377,649.438630756579
Maxe,0.29654079615072726,0.19548114736283873,0.02754944475116763,0.4631992789189752,548.9910531309297
Maxe,-0.13920476081899158,0.27273164474438805,-0.08913640110457002,0.5994263697784933,681.5114159549503
Maxe,0.11074886578440472,0.17129820303973858,-0.10844130474224602,0.442439519416995,338.0201895769287
Maxe,0.21653431846987262,0.5296904089707958,0.030914703151234794,0.5971562695170999,559.814927148725
Maxe,0.3179658460739493,0.3672578395068412,0.14612321810956957,1.5514981084578636,491.42742420327306
Maxe,-0.5033500558595705,0.7151097128012877,0.03275472211136044,0.789200528860536,683.4613909115865
Maxe,-0.5708146759052188,0.17558399038197212,-0.015671459444807252,0.5624322825633393,498.5313333333333
Maxe,-0.346421000366403,0.509933994623969,0.030303793464292794,0.6991786733369821,579.004112111293
Maxe,0.12350223885699545,0.06958204687369916,-0.20186353610274904,0.6257860813191668,497.32246778244405
Maxe,0.2271979080159608,0.13510604007410906,-0.06687733550646538,0.4497997071551273,576.3048601097678
Maxe,0.27111859898363466,0.21657451430026842,-0.11960667515275367,0.7257791473486994,388.5249457334984
Maxe,-0.392463800238141,0.17115602634683674,-0.10650159952970609,0.6585416986867688,383.39061238761235
Maxe,0.23799692340631318,0.09852913960232677,-0.10699308023820991,0.49763529078698054,476.31825504683997
Maxe,0.19457349669316865,0.2116561021342867,-0.1272468616153607,0.5785738039512077,473.4366725422206
Maxe,0.12482454961715617,0.12493159731289116,-0.006913849174792626,0.6744477187761556,694.5744816437212
Maxe,0.27162176705288144,0.04252197074207498,-0.12555854779547732,0.7638289820689768,458.7509427609428
Maxe,-0.21003303208391183,0.33334501066978195,-0.15677475249694875,0.7891438725903369,527.6688138158385
Maxe,0.1949332678787083,0.07232232849366632,-0.11591210555127775,0.47286265495137153,584.9087452067236
Maxe,-0.6219323280876285,0.4642817550760112,0.037314003587043815,0.7256268035640496,635.3394434734844
Maxe,0.12774303869767828,0.08966071473340045,-0.1801916543533914,0.5584377790453486,273.3878155270655
Maxe,-0.2173797098984001,0.1862703921569683,-0.1315708910957667,0.8460436443210767,420.86956652661064
Maxe,-0.17197943359443554,0.16208601377500598,-0.17134151350139262,1.0293561146136456,200.5150505050505
Maxe,0.15108972260575765,0.06852289197124482,-0.1511965463899372,0.40233324951921734,554.7045554056081
Maxe,0.22525725032575492,0.0575007155569599,-0.07189196916836628,0.5685560336667165,450.02561093797505
Maxe,0.21987141122950807,0.03776519749640977,-0.05620490917617541,0.48454224391957446,574.9900659769837
Maxe,-0.6787380718325388,0.4492860064203328,-0.008010320929896892,0.8457285696607718,473.99265865384615
Maxe,-0.1533609121588656,0.4640217806908634,-0.10566232601263623,0.9080487719381037,357.81493291191566
Maxe,0.3162883016341911,0.26634024926145305,-0.004607055708727792,0.5236100183816492,519.4984945263811
Maxe,-0.723194257990574,0.3236761760902387,-0.007956463977167797,0.515187611805657,529.2065813397129
Maxe,-0.1266699932404582,0.1200498560806695,-0.020533340753179873,0.7258897877269741,546.3136773180505
Maxe,0.22038182424954125,0.1840553858116419,-0.04817441756097548,0.6704960662620527,400.4702759740259
Maxe,0.35537743967709756,0.09128857640746289,-0.06791647979670147,0.842165274889509,426.735365398293
Maxe,0.3087370730779223,0.16172893311833705,-0.013242165994934751,0.613032753741774,518.3495208982158
Maxe,0.2720570213502641,0.07203285346906904,-0.049366768288954255,0.8594443893820624,403.1041993006993
Maxe,-0.0286363321181884,0.11143853747916668,-0.15620222150969948,0.6916196015446145,593.8867841059869
Maxe,0.10306583955862345,0.2378375099145325,-0.10143519155029053,0.9121123951587591,497.1695026449222
Maxe,0.3158787767464083,0.5559230331389746,0.05512480150157238,0.6848746808268514,638.5240934122597
Maxe,-0.2717120263291435,0.14789743539315142,-0.15655655937475244,0.8051570970710582,398.7342692307692
Maxe,-0.7661805282419237,0.9695371582704955,0.1030429796246822,0.9596504397083059,541.0013888888889
Maxe,0.38258244146367426,0.1590603544414762,-0.22856740573160508,0.41429937367767283,890.7767982978663
Maxe,0.03374442297588948,0.01775413526878012,-0.15683363104132506,0.4107473558190514,704.401555431131
Maxe,0.3214603537360305,0.4516468770384922,0.025328276973211876,0.6593868171238806,688.476369376061
Maxe,-0.5057923613768478,0.42861363819171194,0.014281103045396584,0.7914653737679535,312.9716771837034
Maxe,-0.14295064386304981,0.03391065214057231,-0.008372943489582686,1.3296988838171004,306.77961111111114
Maxe,-0.7406342668014858,0.7102691495449636,0.0009391829945416555,0.9644086294494558,372.21913193478866
Maxe,0.3796718165298924,0.24997272087137734,-0.08238227294877926,0.6792599432026882,589.0523043764812
Maxe,0.29620258806713795,0.030389013306299263,-0.034520444852042025,0.6557496862177948,409.1461274509804
Maxe,-0.6236688397432658,1.2307249620813066,0.09920366201191075,1.1062856350371704,331.58443355283634
Maxe,0.07081579098386363,0.11772442720295967,-0.2489958248862747,0.6448638447881485,515.483836005756
Maxe,-0.49721612786324476,0.3121502352842449,-0.13410872559405215,0.8889953251513988,471.7530261405261
Maxe,-0.40650096321722073,0.4615756860031832,-0.052541176574228396,1.0845106129521676,377.1135652173913
Maxe,-0.38078452291509146,0.5922442614021953,-0.09961081609862452,0.9996205205907384,388.99370566028176
Maxe,0.2081675981540942,0.09533671970968713,-0.14496995949319424,0.5942583258429787,466.1141270020302
Maxe,-0.6313205107643733,0.19290987982305047,-0.1130653176046361,0.8975967207856265,320.32429838316176
Maxe,-0.23700342064419133,0.031818155395181694,0.0586705503062045,0.4913645435797298,397.3150299233504
Maxe,0.33491207617495344,0.6263181145629163,-0.16236326102579665,0.8101694058743975,588.3764737652757
Maxe,0.11390537822573393,0.10915305738404454,-0.06956941668568224,0.5576457782295152,687.4373207669636
Maxe,-0.46957828140040436,0.8005632317397376,-0.07290066136251593,0.830291428096619,577.2643392377761
Maxe,-0.21447993216572087,0.16206552721983286,-0.02035636820716858,0.5602362259547395,542.587626936545
Maxe,-0.1737944856121184,0.1156356180375002,-0.057035553863929216,0.7656419691948393,363.3290045507771
Maxe,-0.21338179906553545,0.1608148230265089,-0.020708304510886608,0.5424549685253427,554.8199018429488
Maxe,0.3093403047227359,0.09452995916696644,-0.11825251204656852,0.35950080293110476,582.5096845264236
Maxe,0.31606611673029783,0.24134562762239098,-0.11893966951985026,0.6544402294829023,619.7508087515954
Maxe,-0.49288114937526506,0.1262800223743912,-0.060167169817248074,0.9147529519525275,416.4569368131868
Maxe,-0.6901392812044989,0.5175011135082939,0.1093433512558923,0.7476387026171887,672.7464098557692
Maxe,-0.21557838428561962,0.0860765919058491,-0.06766488111934169,0.5380869242457709,394.8775169275169
Maxe,0.35657799077540775,0.052609140778255056,-0.18131792231684063,0.377100967461233,640.7010933786078
Maxe,-0.11965531537743374,0.31242905730015197,-0.14940811596200362,0.8483879093972122,581.906627180291
Maxe,0.2665093795184399,0.1913893676980956,0.04527519108847986,0.5487134443685091,562.755539472475
Maxe,0.18620057419904132,0.06555930689988965,-0.0016766783314790454,0.741109618918482,515.1518991305629
Maxe,0.2506092824611545,0.0399312409748722,-0.01917710682414526,0.49103094582702145,341.62403314077227
Maxe,-0.6363088048428689,0.2737524897886685,-0.02032661469522281,0.6348836986749042,502.649064171123
Maxe,0.2424154354847241,0.12639146923453348,0.0627025497088293,0.5514140554145452,494.93517760942757
Maxe,0.3237855681317207,0.19840150580277838,-0.0693288356514311,0.6674444620593004,499.650604801209
Maxe,0.11432831908066729,0.03201830903922389,-0.09339742252471135,0.7004984746072477,539.3381655773421
Maxe,-0.1057581578936417,0.5284753513834737,-0.11229537202551068,0.7321109991546529,418.0376909069549
Maxe,0.32516061481236325,0.4953266710543744,-0.043331366609629565,0.9226332712804012,566.5453676470588
Maxe,-0.4183703196880514,0.588826079671547,0.06246786959825205,0.812051970803346,347.10865084670235
Maxe,-0.25506965549504035,0.12162445271128165,-0.06307020615536389,0.6794244467583199,313.0937504233557
Maxe,-0.6089646559843976,1.2810112604094424,0.04003033763384999,0.8544157550414421,528.4542151919895
Maxe,-0.14074898209768413,0.1676474989078744,-0.017712943869755304,0.24972650436376934,545.2264511382795
Maxe,-0.20390164192817678,0.4739475166722785,-0.1486554793935411,0.9447849048699085,423.45086255334286
Maxe,0.4614560849232823,0.02978117721431046,-0.11240725278999678,0.48706927980299064,723.8921961045056
Maxe,0.25973323000507265,0.22349200452005105,0.05298567704477413,0.6491018903914485,643.2433405214189
Maxe,-0.39652558058834575,0.15806634678447268,-0.0924888986873007,0.5043120148651821,624.4071718250048
Maxe,-0.0745628306376955,0.11160427371051795,-0.20108939233218776,0.4028813924252505,385.6061176745959
Maxe,0.0849183020224962,0.2055060382712922,-0.019416786736170276,0.6232147891758455,440.1276803751804
Maxe,-0.3634233871943404,0.962237184065628,0.05915860102075569,0.9231735567785431,503.3158926710052
Maxe,-0.5043830244484405,0.23300616560803658,-0.08815755687556044,0.31563317209978,426.3640625
Maxe,0.23452935025284785,0.4731725102900762,0.048300296779497195,0.5910622460995025,426.7547217577109
Maxe,-0.4311992848563903,0.25948094085836243,0.10305307262652762,0.5338254939100429,721.8388125014825
Maxe,-0.7140879078592299,0.3636091840304946,0.013016627912849545,0.6621543003704902,493.4368870797395
Maxe,0.3644638464714886,0.12104570752763875,-0.03657727742991945,0.5853497605538787,751.7897257801727
Maxe,0.24268492320326285,0.0634002288501862,-0.0605754700776029,0.5630132529859118,394.92816778534694
Maxe,-0.4562158687895882,1.071716515449,0.0011055564770699477,0.832944778342346,509.25254677342633
Maxe,-0.5938900654150174,0.8668624361879018,0.0016153085985787395,0.929773811376463,504.8002696146157
Maxe,0.15289624551003353,0.18826004639538924,-0.1890807208473226,0.8314807897622849,458.2743885389036
Maxe,-0.13299151249310834,0.10494737247253844,-0.2745537518773274,0.6031609749714163,452.001546954208
Maxe,-0.691574459518687,0.5445999092291955,0.018231659358984638,0.6219829137922874,425.29204423837035
Maxe,-0.14961511017843832,0.09214450468259913,-0.10260117179640062,0.5597878407934189,399.6673600592955
Maxe,-0.5063374645956138,0.3035809141208471,-0.10200391252310462,0.7354583170421162,639.617142840523
Maxe,-0.1464401972676906,0.1934732600903133,-0.07254054006716489,0.8395060122935465,453.2694791666667
Maxe,-0.6985709558732272,0.9995053009089543,0.01800760860756412,1.1354349245052306,561.2999802631579
Maxe,0.24166371716265378,0.18850629478857112,-0.12785567453964491,0.6333210949836378,541.2818289208533
Maxe,-0.28754595355085344,0.529522419218376,0.03127614715211794,0.9510354316777372,431.2796517057366
Maxe,-0.6491896645087448,0.40210485525979867,0.06422496738409869,0.6570259225707559,617.019925189519
Maxe,-0.1700761799635418,0.3671185309316636,-0.006575243448560384,0.5824950312233412,688.2524757330636
Maxe,-0.6900360791261811,0.23948667760597497,0.0372219977948019,0.8389441084484466,575.42875
Maxe,-0.2070158579572937,0.15509128924222054,0.09870138913974941,0.4986528573933777,625.1569609921329
Maxe,0.3191100364375107,0.4388716660980367,0.0692882505032895,0.6225142708724085,390.1166268947519
Maxe,-0.16399983495717801,0.053271061375901096,-0.4104424242731888,0.5078091112654116,327.5927199792961
Maxe,0.14052157838726628,0.02245702887433982,-0.15499658108306047,0.3855113685929605,785.2085108423573
Maxe,0.15487852312447084,0.1884946174521225,-0.09715035598097738,0.5117292738452022,501.9536082991336
Maxe,-0.4221566070789769,0.254533232918483,-0.051966350432141234,0.6138867394246306,354.69265734265736
Maxe,-0.5709954197458066,0.7219395205649292,-0.05197316904931811,1.0652470456796255,389.8562196356276
Maxe,-0.1878811400334582,0.4352195279073103,-0.1185863351326293,0.6873300858655385,535.9681342486651
Maxe,-0.7263588718045849,1.0394678094886594,0.05412186495334285,0.9127341145340955,533.2585574151311
Maxe,0.3819612344721759,0.6170756051965276,-0.043825425688748,1.6574397762042459,484.7277492877493
Maxe,-0.5001545432654277,0.34131141251443237,-0.11227654786712325,1.0445699173520024,225.8567142857143
Maxe,-0.4543673330682008,0.11748842208736437,-0.13644919001145867,0.46315461068455627,477.40848921006534
Maxe,0.36845813075701306,0.28041000562330326,-0.053209864833833,0.6391492878839551,475.0437719780315
Maxe,-0.14727871654313765,0.26607269485089113,-0.14967820686801034,0.6309062261668317,573.0743710094252
Maxe,0.0964936534970802,0.047288167803119896,-0.1933805478125748,0.6514967576537184,676.6854225407269
Maxe,0.16786689131737412,0.26855238748905524,-0.02672189781897439,0.47294707465958824,517.0048080808081
Maxe,-0.10707280482242801,0.16915203151979413,-0.09663693903560601,0.7236965233854967,404.38065755056965
Maxe,0.2261854295259251,0.09080447910872022,-0.2064395607816563,0.7659558129615561,451.40830469340517
Maxe,0.23213594795047388,0.298951772113911,-0.02409254225390106,0.5459027851797843,383.0440316050673
Maxe,-0.16921485391076288,0.4368248543706822,0.012796419018219705,0.5001037077449998,387.17441841133007
Maxe,0.18051519104030572,0.055408013946017534,-0.25956347128915963,0.5563753835763111,520.6255701781326
Maxe,-0.2838036436242344,0.27511320678327256,-0.08886337238364314,0.6370440135760491,403.80608995037215
Maxe,-0.5660295870784776,0.45594126873389795,0.00823744586323808,0.9883545996619949,475.4089480321335
Maxe,0.3076656707995885,0.2944002741510811,0.02935912316154137,0.6362895967397244,612.840943950894
Maxe,0.39206653127332036,0.22782982771242438,-0.16728637523226234,0.6236376685877421,720.2906936634737
Maxe,0.13327673572105186,0.19156780559365422,-0.07413956900041319,0.5927459926053568,438.0405089031339
Maxe,-0.2348143537112634,0.23291766368968841,-0.15565645866847652,0.6932186235124552,383.6746282416019
Maxe,0.21872122625050605,0.10567464518118706,-0.2164841016910977,0.551354100016668,617.6377585799138
Maxe,0.09360413771651169,0.027169756026382733,-0.2933631599998292,0.4663527016345049,471.1732106682277
Maxe,-0.25396497134994633,0.3992924609656218,-0.16462224381218907,0.7535064325429865,265.4132732335131
Maxe,-0.21819349564437757,0.32678378164446115,0.057295720567747066,0.6092666522076731,638.8355709494324
Maxe,-0.09507883840187081,0.17926399028773388,-0.05974965882555735,0.6521747095583028,643.4273311748381
Maxe,0.3803918443256229,0.39508616145746056,-0.08843770634602156,0.5491804913501958,491.418622584395
Maxe,-0.4460767447104534,0.4911556084211111,-0.11886256553520172,0.824922120276219,455.69467022411175
Maxe,-0.5318856783022861,0.10377082960894157,-0.004955952088801142,0.41686802584369614,627.9420940824468
Maxe,-0.3343580879518374,0.3661988894699386,-0.01624289561007977,0.7133885236152229,535.4291123188405
Maxe,-0.1918210789542,0.2880953319309773,0.0034008257933902065,0.6077117066199222,560.5468883584396
Maxe,-0.4852097556027115,0.36423156557665615,0.020883712353386794,0.6740227392708493,545.2935621012759
Maxe,0.13828034423921828,0.3073582251636819,-0.057176269749039305,0.7904332252317611,708.6797803922
Maxe,0.3740585057665442,0.14180985552343525,-0.13466603655911902,0.45878241095192285,411.20225928945945
Maxe,-0.24299675006727428,0.2058366912717876,-0.052248234323527154,0.5363604516713384,634.3021934432704
Maxe,0.08692763987308445,0.16827684588279512,-0.047633561447792544,0.8001971739313827,566.7192365967367
Maxe,-0.176186625047139,0.045267578866387194,-0.1383245191604001,0.5811271038986597,557.3327865936393
Maxe,0.23982029526973309,0.3783248814769553,-0.0708871312882826,0.8038243014452081,434.22289512157164
Maxe,0.5309596010035341,0.2906231679737983,-0.13285970730546615,0.7108109661261471,260.62365003881985
Maxe,0.28435052231965147,0.13695167382966267,-0.28553647397744836,0.5410822235888367,679.1197417462624
Maxe,-0.5537168764440779,0.6490872817135135,0.10553639324308901,0.721790773699577,609.8341725010608
Maxe,0.08933721138489069,0.07470450512920608,-0.038262597403134584,0.5176939324233203,562.920735576923
Maxe,0.4230257989217294,0.1125378460297606,-0.23048910201358783,0.6079755685542726,441.4025854812493
Maxe,-0.7430275089357167,0.8276556766285359,-0.04284544417528121,1.006599435129087,183.65436846728153
Maxe,0.15162541996052006,0.01627992275851674,-0.16241370052596257,0.43365086914074724,418.9341698232323
Maxe,-0.2482933025184994,0.7937446915814417,-0.041589065236962826,1.2558019789084114,392.0351153232732
Maxe,0.21527567990012114,0.22529891868632726,-0.013640616510756003,0.5553689589809411,647.3585805213559
Maxe,-0.36638248739857204,0.2773339493640472,-0.15992343976283313,0.8675373131078005,253.15203688219995
Maxe,0.3816213977928692,0.2955266249545039,-0.16796361788725217,0.5287574172309084,567.0263648388648
Maxe,0.04375380054060475,0.05782255933873089,-0.2191902881760328,0.7087297217944519,551.5988674502462
Maxe,-0.30308118662789707,0.5698780647918544,-0.0009032114449196604,0.6304805520205427,543.9623527055053
Maxe,0.295268280490132,0.4089365068134059,0.005678624366333406,0.5335961867956703,786.8449818240584
Maxe,0.2437358036523786,0.38677107844376235,0.02448674714630326,1.0102556666646423,396.7309584697218
Maxe,-0.12061692635065188,0.11747838367532953,-0.14947544042724048,0.5645295954358966,509.19004830452207
Maxe,-0.2224313517476273,0.8219341914997642,0.03138396216404571,0.7427192561168199,605.1222387063275
Maxe,-0.7496754064228714,0.3322555356656711,0.13054080899409376,0.4428360192674762,352.5274836576467
Maxe,0.3417445989837457,0.1165337486162932,-0.1765994355018923,0.7241585096112911,432.5699145798284
Maxe,-0.16681587704115303,0.4734363771207073,-0.09122416931934237,0.8796928174897994,484.15142211373956
Maxe,0.09065741400432903,0.0022576952046684797,-0.04569366279330489,0.317972175728466,585.295948051948
Maxe,0.3440632376406675,0.4683665693119956,-0.03171959219442123,0.5729806646553579,650.2207559842118
Maxe,0.17799147777704802,0.25752283591490804,-0.0587164275402822,0.5261741313095313,545.0335215078632
Maxe,-0.2574822612113547,0.22592252942579955,-0.10996145855908851,0.6997071856930064,626.8750304839464
Maxe,0.34312562766023547,0.516173379867519,0.019033355377330897,0.48333796258370254,454.42429734399747
Maxe,0.3455831932225308,0.22130608908307062,-0.14105000375499474,0.8245849177174499,509.3656385281385
Maxe,0.2947313894846417,0.2386340271796664,-0.08803109201494365,0.40170536298904275,638.304002048924
Maxe,-0.691976544697153,0.4919660565437627,-0.020689387637402922,0.6285830948991251,458.96553214939553
Maxe,-0.5935647408614501,0.4718058521944722,-0.12107095221932354,0.9546816762318316,457.74980323248184
Maxe,0.12894624160103546,0.1870490861191016,-0.16979813281465733,0.6317866666089599,605.0109671998631
Maxe,0.11999420822295079,0.17792560363826881,-0.1083244915414117,0.6400754152852266,471.75277148011986
Maxe,0.19526421517505094,0.3143007089807755,0.02281177427505585,0.7795870006813347,490.3517303226959
Maxe,-0.6295963677963421,0.9035249704603077,-0.047152663655007185,0.807972849616154,560.5476162456946
Maxe,-0.25459642843284697,0.14988627016936568,-0.009028618641775255,0.570171411970678,481.28656610613297
Maxe,-0.16197986068609077,0.3451171998689575,-0.05535074567632863,0.6657907829912717,440.28194720312365
Maxe,0.44960252705771053,0.2098797129352185,-0.07786819899002921,0.5080217803051796,506.33330235310495
Maxe,-0.1346233649897491,0.2240185089880023,-0.07561301872969937,0.7561306277197051,398.9391186408262
Maxe,0.04680834009966779,0.09434148285937308,-0.13928473147026865,0.5974520831938442,452.4233902756997
Maxe,-0.07787420664869453,0.2841688787664819,-0.13418489900915154,0.8434189267623791,429.9286172442628
Maxe,0.1940527744216344,0.12273031695953085,-0.0521685741322529,0.40137779652897937,538.5163283475783
Maxe,0.3616121551831982,0.46057020587528275,-0.022424018070743613,0.5556862191109223,593.4245963026747
Maxe,-0.04868037967809042,0.07438860244843533,-0.1912552527381366,0.5620756715133929,453.9596189210974
Maxe,-0.05120524035378905,0.17807208250775708,-0.16048402290035124,0.4174316894127332,426.639057486631
Maxe,0.2351412967259073,0.24831330990234787,-0.0171980255751062,0.4830748981753481,609.5204591763267
Maxe,-0.263228831387342,0.09912099618128052,-0.18688944322287346,0.6717341883799979,415.848542916042
Maxe,0.41737867227421266,0.32052944121563565,-0.050724095805366694,0.5157667955078652,779.3782117766134
Maxe,0.23130955682079857,0.27132196488292004,-0.07817694831790864,0.9717804138714558,382.27583153264396
Maxe,0.48681527930764323,0.189475718579367,0.002643495530549149,1.5454387725516578,686.8633503730313
Maxe,-0.10791488397903286,0.5194768368891972,-0.10174223508706043,0.9844805874986546,590.6366031590096
Maxe,0.3273326089160165,0.21875899567838686,-0.02528466763282933,0.3814218621706144,505.7900642280401
Maxe,-0.674543765945347,0.3445241140966934,0.050450742455928774,0.8036199250609916,472.4754495997424
Maxe,0.09260105703052005,0.035845402411129296,-0.15295366012990633,0.4153187581579563,444.68009698275864
Maxe,0.20238582637698876,0.06717835935522773,-0.21662796844777954,0.3741164486367994,608.3516502556661
Maxe,-0.24360308492377136,0.028933443561243475,-0.022397289803196913,0.5152399368097138,629.4397044695071
Maxe,0.08138144361565994,0.10413897300540396,-0.1006007444787173,0.8654800034693568,518.7800130063174
Maxe,0.25120572483389136,0.3764087739716061,-0.07557898085813408,0.6205367916961775,408.84021172555043
Maxe,0.3650971132482729,0.1702609687513196,-0.10646292681991716,0.42646981690064034,865.7664850256956
Maxe,-0.32678054997344774,0.36723530429615076,-0.03670128177337063,0.5749349487412938,439.5664102564103
Maxe,0.14887047559274597,0.059324223832926466,-0.030117041327811456,0.3575358906949514,286.7233490045991
Maxe,-0.2824614194247566,0.5166714080237791,0.03594944339033535,0.5939871478173927,595.5503768382353
Maxe,-0.13367378175730144,0.17636063568858806,-0.15664467217983366,0.582015719916541,731.4018162420768
Maxe,0.22446164267965008,0.29637374401091565,-0.045421995635580026,0.6564087350793182,688.980534291647
Maxe,0.16063217928548268,0.1267608418243062,-0.2539790042922678,0.25212441343586456,715.9376620667524
Maxe,-0.19655418498782518,0.19778117291213387,-0.10837311953090098,0.6555185257046374,565.554788961039
Maxe,-0.19346133485627037,0.11934798670043563,-0.14456162094375258,0.3971328170702743,510.93599135220126
Maxe,-0.551506485107268,0.9733181568932607,-0.027470523064316018,1.4189297931601974,367.1003629109346
Maxe,-0.6793319373339387,0.8166240763988709,0.08500760466837662,0.7894642985738044,487.48418655357483
Maxe,0.3198659566365988,0.05480263624064957,0.06157843034286515,0.7168425744114352,603.3396413400443
Maxe,-0.14080060374398656,0.22752273425037806,-0.20308209605962704,0.7631483963816877,508.66177936590435
Maxe,0.23652067677300992,0.24427377095329642,0.05907009811578758,0.49928720614366107,527.3185511363637
Maxe,0.15508058597926622,0.3033531036273212,-0.11747782611210245,1.6898222702694203,447.89630541871924
Maxe,0.3620353205918272,0.2328199428215124,-0.04411834408098174,0.8262640911226639,526.7876811594203
Maxe,0.37898629603054584,0.19429784393603475,-0.030940796925189053,0.39493616377593177,571.2714356095496
Maxe,0.07125634513798298,0.04484862881309538,-0.11751089782435947,0.49683968643687815,711.4419965211891
Maxe,-0.14683079692762016,0.09302952386608133,-0.06556883698785933,0.5195298624701585,627.9567923914285
Maxe,0.08220628650564898,0.09137646372915592,-0.042889701345384626,0.5161675387953807,544.6725579242905
Maxe,-0.2854713088575482,0.08101395439144805,-0.11555093447832909,0.5175595787232256,475.9197650175911
Maxe,-0.16497171223599572,0.33303484422445945,-0.06099205014492955,0.6112313910647181,606.8820584012261
Maxe,-0.5606170835451717,0.41487228130928844,-0.0675963202896746,0.7438696661026317,507.7144911695448
Maxe,0.28734454099262907,0.09854163640098253,0.0873991042794673,0.49471142408836544,541.3301476738721
Maxe,0.25370570969844786,0.17998757541645147,-0.027676349813697328,0.5974152994092443,476.3697759729664
Maxe,0.2910770148921671,0.31357036328885113,0.03559432361097401,0.47889074075840765,603.800998160325
Maxe,0.27704937601729107,0.06589323774921291,-0.19276604712786077,0.5035053252162304,836.4143817724458
Maxe,0.16256466470130254,0.3322698762542922,0.011214601260581472,0.5968302121415257,482.7983712121212
Maxe,0.1583062124394513,0.19668739573143665,0.06525331888332511,0.43615030315431286,383.9137323232323
Maxe,-0.12153554309853706,0.09310778250684293,-0.2861164943327309,0.4879370865097984,425.00485387447407
Maxe,-0.2629113024703592,0.3065797360671001,0.0862661097594056,0.5623797513890832,493.0034666075923
Maxe,-0.17334974508393136,0.0906518542726798,-0.05248231583891407,0.7145039303741721,529.4181076573402
Maxe,0.14781747995810252,0.05526092047987395,-0.3309828883147086,0.5227792396914379,625.8262670334868
Maxe,-0.457402255736317,0.7997122202378427,-0.041731921999787806,0.8557017064422302,453.40279442065287
Maxe,-0.16008087855430347,0.23695925129425724,-0.14652147759947015,0.7202229190097631,597.7000828173375
Maxe,0.1669836732047933,0.041644326718455096,-0.09725246742327574,0.6138963147860064,598.1414099767866
Maxe,0.041954751502237625,0.07759618239190315,-0.28206888456835727,0.3452747591891237,606.2694212157292
Maxe,0.36959895359321937,0.3047115671008562,-0.051647026846491625,0.5720399352283699,633.3660764580371
Maxe,-0.21913617034704913,0.18896130117896778,-0.18415350805112446,0.607274967793776,499.8357227772228
Maxe,-0.0910586836503095,0.192811544358219,-0.1355901353626789,0.3197086520913567,537.5123162945554
Maxe,-0.27739680183007304,0.23724503873892347,0.055644944361304724,0.5098702296599953,593.223932077402
Maxe,-0.18257770983776944,0.004556696426204948,0.06481355223472365,0.8890306820652055,490.6243610556111
Maxe,-0.42271372878846714,0.23461436018913273,-0.14352721586155642,0.5719978070229546,413.69103513417605
Maxe,-0.4864761896012476,0.14814737136626446,-0.05818131398998493,0.5039923117012773,541.2549882977064
Maxe,-0.20735501155086256,0.15606173736077492,-0.14712109221026354,0.6863584868225314,272.5804847576212
Maxe,-0.5651584016140254,0.23045681868228357,0.06999560720634777,0.9820770711670294,476.0376348385657
Maxe,-0.5173307062221493,0.8734287868520151,-0.04767984976406505,0.7419895681222008,579.7400010109365
Maxe,-0.2951239380381978,0.7110650522134425,-0.056097161477519045,1.1660970856629014,489.43691775615696
Maxe,0.02338360841795675,0.07565917860027722,-0.11294215786291478,0.329182989852191,505.74692633097897
Maxe,0.16599765599494706,0.17050291496791506,-0.14110329152975454,0.6048626183847865,444.1873511904762
Maxe,-0.7756482435242117,0.39792928558439705,0.10032396798695381,0.9680051934102581,577.7406412032261
Maxe,-0.43851451672047176,0.16174102018588943,-0.14037394451222665,0.5310315320679284,644.466332201087
Maxe,-0.12033436523390353,0.1519642214605832,-0.070544584597641,0.3305791045978,456.55171825429204
Maxe,0.28893797864508086,0.13899520770818935,-0.1802823119389445,0.4822774924607568,329.8526477367507
Maxe,-0.4633043491477486,1.0540765671171166,0.006244992175284988,1.1011047797006734,473.8349132005069
Maxe,0.22267155983277942,0.20573446336147339,-0.13312902983411784,0.6544581098868408,408.1432087430114
Maxe,-0.19939714955867432,0.13078706451249522,-0.023714539187646037,0.5324687687707589,562.0177684294872
Maxe,0.1148410267320338,0.06753584974300007,-0.2502896498114306,0.44873637559786805,472.76535473785475
Maxe,-0.7570783605157702,0.49323253538457024,0.11790350500365085,0.7472589024806872,428.7118591229911
Maxe,-0.033667680643655364,0.20805763871811425,-0.04680995554723867,0.9172406989590871,670.1915460526316
Maxe,0.3271797726604938,0.2187444502242138,-0.05790018987508776,0.43462933766779943,379.53395573507186
Maxe,0.15406742193192327,0.17108739638700637,-0.14718600676771032,0.7343579914051446,376.56428291536054
Maxe,0.2914360632341174,0.11519290358020737,0.11299147830291958,0.548837128402336,656.1766244939272
Maxe,-0.3764092315064245,0.4598599370074279,-0.10661387092521317,0.7676777452484798,355.4906844265484
Maxe,0.31807860036621816,0.14401441372562326,-0.14675814222682698,0.3840507177834047,513.6998461538461
Maxe,-0.11397523513826203,0.1432732101594567,-0.16146985298707933,0.6400732618741791,488.12648980496454
Maxe,0.08197467609197001,0.06482363470362007,-0.12871252831883026,0.5251832138276623,438.010515220074
Maxe,-0.20196112432671526,0.1178428394918607,0.027620172241887054,0.4967847822053181,649.8267011950034
Maxe,0.2710578055402921,0.09346752641568437,-0.23210681048784673,0.8372135186923408,441.1058823529412
Maxe,-0.1354242271774325,0.5188267984935514,-0.01817122314277032,0.6879797031833704,632.4174601665543
Maxe,0.09686536299220538,0.06412483830666232,-0.1778607933300456,0.37536157429407796,642.8394412799616
Maxe,0.2880945381775343,0.2537020933751064,-0.011986818697279073,0.5643339441470817,599.3321518759019
Maxe,-0.3895286466940007,0.28933231013233524,-0.10136790735957463,0.9584997549777013,394.58029856779865
Maxe,0.3596126412631262,0.3439881858133627,-0.053906914151027975,0.854098344742905,802.3177326362093
Maxe,0.5308218508884952,0.20890332371566395,-0.014231971502261099,0.6360461502750001,397.1460559116809
Maxe,-0.6820321496359998,0.22398327211310437,-0.021602129464810122,0.5028751746800689,395.9602833024977
Maxe,-0.7358976212271156,1.0790759006638686,0.029244843305612042,0.9524927310673241,626.5433643426035
Maxe,0.10385500956277179,0.24600467999988018,-0.18695634299112912,0.6395734130037349,377.58847092479175
Maxe,0.3194409507945876,0.5200498458373919,0.10429753697566248,0.8104762067502512,561.5806742226097
Maxe,0.3119237715301211,0.14680939444790286,-0.04618490302314807,0.41450216404060564,555.4282333477643
Maxe,0.25553530248100587,0.08615505541216252,-0.23682398222192705,0.8618244531362244,644.2097880162704
Maxe,0.30936886042975625,0.11265134154542018,-0.006003839495657146,0.5252919383729568,397.4023244171117
Maxe,-0.40206922533653255,0.17045374723549941,-0.18463249205930304,0.7333552538695639,260.280379623621
Maxe,-0.163010257377814,0.06709456934456931,-0.14394832466160473,0.42850195072919356,587.3524716772589
Maxe,-0.6738408697925321,0.5113965297977839,0.017341487310079035,0.7848822175370771,441.67426852757734
Maxe,0.22136407619223686,0.03475654200367376,-0.2041808652386457,0.5836566975602107,400.40132002801124
Maxe,-0.7429288968910597,1.6399328389261756,0.10459591030716486,0.9407742290042632,687.5410647911832
Maxe,-0.38417677540880557,0.5689375270438531,-0.020115605189932707,0.9135867636312021,445.6318125
Maxe,0.04475165404757635,0.14490045723686396,-0.0544264995769372,0.5589820353028625,531.8993910256411
Maxe,0.3439608064649897,0.42208908010015156,0.03503354364793025,0.6872215460466428,657.4965086245024
Maxe,-0.4883564808941065,0.7326845138877203,-0.05430690752941631,0.6145215854870199,436.1490226881216
Maxe,-0.5691491849712513,0.39479361344958713,-0.09745063624722805,0.9572172249383463,286.7585632170276
Maxe,-0.19468399318066865,0.5249504347003726,0.04847035593734889,0.5239830954905051,472.2156226126814
Maxe,-0.23155500814311802,0.41987243483041126,0.020942815068312557,0.976216586360991,505.1843786593713
Maxe,0.16225707417835306,0.12394701347126731,-0.038336178021469484,0.49809451149345485,535.7464787679426
Maxe,0.3742760349398993,0.4480029334698352,-0.016666516888750534,0.5666201454189558,538.0155816922729
Maxe,0.4951282375438497,0.2470591229946448,-0.24517166443699387,0.5455951458610124,498.7561824300378
Maxe,-0.29088820084493044,0.19002598745131902,-0.08014680008418479,0.6345860672059986,490.52447062279674
Maxe,0.4347500580446917,0.050202175410955854,-0.025592490851198444,0.9145891268116196,500.7093721719457
Maxe,-0.18396203729940283,0.08220340378480404,-0.16526680201661045,0.8796446524161035,410.5262343582137
Maxe,-0.13199880530811917,0.4011120767961055,-0.16940716592760308,0.956020432280585,613.3623077956989
Maxe,-0.24311880690195808,0.42553041163814553,0.047048818749676424,1.715950526303516,676.2254536613273
Maxe,-0.22968740936466486,0.1476507772688661,-0.10078996280932405,0.570932063884031,773.9437848900645
Maxe,0.19736023448868875,0.020669781801029963,-0.04647633217074536,0.4395346153481623,325.11532232241444
Maxe,0.3238723184068265,0.44819796547508395,-0.03141079772445806,0.5775762643876349,580.579501602564
Maxe,-0.15577247723979434,0.01636862954241667,-0.15854749911307653,0.3480244589864,519.4513681203707
Maxe,0.314478626589982,0.23311003244276476,-0.05489479379979096,0.42645637336356834,568.9252393018019
Maxe,-0.35796538482942986,0.4932864150246755,-0.13861233450061614,0.90598760641061,293.4030027173913
Maxe,0.38941894229574736,0.40602803057546644,-0.0561015373905102,0.6979815207062348,492.48629096166206
Maxe,0.31146436820277634,0.24401318197149344,-0.15662042754140768,0.6185202495065105,454.38622163277336
Maxe,-0.09403431571477927,0.02751577394325809,-0.13077766455410986,0.6417508180055057,517.9943973102062
Maxe,0.38095715272371483,0.2516798655139599,-0.049071207076477205,0.5458101769852769,578.1592545638945
Maxe,-0.15078363449840168,0.07660278933155472,-0.004330420640725712,0.508648156738591,556.1603349828398
Maxe,-0.13147989198965415,0.29302460197120067,-0.1515159480153391,0.6900420499169152,388.50451029159524
Maxe,-0.10231359088835618,0.13813825510529443,-0.21480586600592044,0.48911372013342624,562.7921267529014
Maxe,-0.24308416527034898,0.12718511838194313,-0.2623683643114052,0.920062990280644,373.82677017301813
Maxe,-0.305787060447838,0.17561553967693866,-0.04559964541253491,0.8660197268275284,489.60500442125004
Maxe,0.26874120101844917,0.23074444991691542,-0.0217281740491147,0.5297530792236314,500.54200694444444
Maxe,-0.30969350842244286,0.7153735796319182,0.06509190710294369,0.8015948544480374,341.5799303519061
Maxe,0.0728169051365425,0.06459746313450791,-0.09328594479424393,0.9091017513822804,286.7931901254774
Maxe,-0.18010998725220695,0.015054826759159359,-0.0731445082915715,0.6688383763993256,533.9157559808613
Maxe,-0.49480344087435074,0.08829426150334793,-0.015165900952160036,0.5171518077194796,462.1490575412412
Maxe,-0.10440973339779899,0.21838204306319978,-0.034947876177781695,0.5243467495797516,359.1441526476142
Maxe,-0.2303035333486867,0.06412012639897247,-0.017042991247362735,0.5794751052217941,488.14113095238093
Maxe,0.5406538735654667,0.3566371995739514,-0.17214852048569415,0.68885393228717,608.281264739521
Maxe,-0.6421474684816022,0.7301122220201732,-0.03064431751027382,0.6819096510606835,818.0378120782726
Maxe,0.25825710240428046,0.12935935648247499,-0.1797761158130964,0.9977705086318753,353.2834126984127
Maxe,0.3870468146111954,0.08245047164019287,-0.17315822576505296,0.8561823417767815,381.98932377365287
Maxe,0.29852340819406253,0.07265441555302386,-0.0675184239751937,0.8062442937746056,506.00818014705885
Maxe,-0.398279306423045,0.5571139165911928,-0.1294925388143628,1.0904471421282156,364.077564699793
Maxe,0.20511048993116923,0.14321175049393733,-0.3023842785928374,0.3296449653944162,729.2505551814413
Maxe,0.26490988830457196,0.3244640890021997,-0.07358053893831451,0.571424652216063,499.06036913294815
Maxe,-0.6966534618895074,0.4535080805759771,-0.025720750154695545,0.9186608824449265,306.34942632850243
Maxe,0.32737718580382247,0.4936139950418952,-0.001777616090810636,1.1360712125675474,488.6299655759678
Maxe,-0.15682829361199646,0.18737543694301048,-0.25319296001742203,0.8390327454508113,366.21972498090145
Maxe,-0.7529466079158897,0.6269337355458706,0.18780615436467674,0.8163003766213333,698.8773778044872
Maxe,0.46839083098353596,0.008260665601519446,-0.07024099356066267,0.5688204461575134,561.8645978215334
Maxe,-0.66861696862883,0.2729334373128439,0.05343808090373544,0.9269403502176817,444.1854725829726
Maxe,0.31510966906229954,0.509746132913031,0.056700813849920526,0.8621431414333353,310.4889147157191
Maxe,0.23768933545997678,0.23645384797813448,0.023455981174102847,0.6054532284309314,518.7256996779388
Maxe,0.24980237823714735,0.10797139288165442,0.047572480582230375,0.3928611854818594,623.4156201227967
Maxe,0.14016979010417374,0.05272529954608709,-0.059917963306418597,0.4003354586074109,560.8528553921568
Maxe,-0.5829213206292561,0.8494988514853042,0.022852458743624217,0.625396300846831,600.0016363234647
Maxe,0.20089949913747293,0.08878225124757363,-0.11259668220553622,0.5938647590361396,362.682548884288
Maxe,-0.07562680310487364,0.2041356925957568,-0.09312787434264568,0.5014154836232603,614.4186942265372
Maxe,-0.40001086981479633,0.5993428527697087,0.03478380509029305,0.6846456722506503,463.3147452295559
Maxe,0.39508744806879437,0.28535074813442385,-0.17490702052179807,1.5868626293775865,555.7046438172043
Maxe,-0.13054826050361842,0.4682532786618879,-0.06277062835369872,0.6400896124610138,768.1005607066872
Maxe,0.33962631612321914,0.0746461184469625,-0.008398198733343918,0.36267899628305295,560.9652214171477
Maxe,0.26554150420532985,0.2198316717072556,0.038084946689527374,1.027237592857819,363.0271360541147
Maxe,-0.4045140382417963,0.3076052930190704,0.0866788344956414,0.8016559877328903,517.1070490799523
Maxe,-0.26157747668781894,0.10755080390394867,-0.2563111038516619,0.46175735292325343,633.9918987771739
Maxe,0.24412542631319314,0.02640909023280183,-0.18185657926541213,0.5969825422517512,608.1745225694444
Maxe,-0.1931471328049219,0.18503443828336902,-0.18037298102969768,0.6004891457684302,555.8174394904992
Maxe,-0.7194164743596276,1.7500697887306067,0.18789756007516406,1.0156560339063605,318.83279565766907
Maxe,0.2191854241596443,0.08252893514650621,-0.04657185175425179,0.31533662312477534,422.6979665377317
Maxe,0.23183959273431717,0.4629413197710287,-0.048213513357042326,0.7789709963851371,265.16450668896323
Maxe,-0.11332391860589938,0.20470214584629584,-0.19468166042423624,0.6746383038458383,718.6855452321327
Maxe,-0.5603033207285866,0.1618666027691011,-0.07014266548702794,0.5250761893959752,499.47150717703346
Maxe,-0.27449628621542205,0.4011632931840385,-0.11999108697762402,0.7519836049554309,354.76751262626266
Maxe,0.0998863257162187,0.024836747123258694,-0.13564661395726327,0.7075871845072345,412.5833023313492
Maxe,0.33345666880844727,0.16917825431041592,-0.131547629158318,1.1463828399738938,378.8919038743177
Maxe,-0.7723849273283899,1.2668187895821048,0.16967706792657045,0.8162504828356175,699.4080884620765
Maxe,0.3507073369603326,0.10895782051324399,-0.052232466515042875,0.44942330704690475,801.6809210526316
Maxe,-0.5633266072560967,0.5137955054085657,0.020055566407624036,0.5869930039605951,646.7529349376114
Maxe,0.151623936969087,0.11230061172085504,-0.20805300160845652,0.54377017818642,341.10393099862193
Maxe,-0.18563404764722347,0.4092884658312812,-0.03359482605404928,0.8386008207669461,526.1950715950716
Maxe,-0.3215877741190918,0.3117847551399549,-0.029865480591223507,0.5651013297492449,526.9595245415921
Maxe,-0.764723689816225,0.8329583653531789,0.06014283110782577,1.0575156711578848,115.4583023715415
Maxe,0.23219357700668952,0.26740698418932163,-0.0736767669562837,0.3194088382755698,454.24136771288846
Maxe,-0.48032789386975894,0.07427654099163788,0.09856528921106154,0.5148986669848693,518.5375464675828
Maxe,0.30700956586924755,0.22919935392575283,0.026877548282987513,0.358042567270414,462.12791471702315
Maxe,-0.29245430198673406,0.2206046294339402,-0.13323548375641192,0.8907584885090588,313.503695600635
Maxe,-0.16384739109274604,0.17526173686909763,-0.037686075243538855,0.600312370397744,344.3557982490655
Maxe,-0.4795197165355806,0.1924143100534106,-0.16547841256505827,0.6498117361957967,372.6475679347826
Maxe,0.40505421600800384,0.1447080884837878,-0.038987403524286195,0.6266442956616894,503.31164196160375
Maxe,-0.43509346281722505,0.27421732972554835,0.002222843470825684,0.6881148579960591,615.6848911161303
Maxe,0.11071251826342206,0.22790091605887525,-0.1475614273747485,0.7939734001021471,593.2037394974428
Maxe,-0.30584753046257895,0.24869927660181101,-0.05047345648891863,0.7034907324080993,332.68699282296654
Maxe,-0.16277647492174185,0.1684716730224923,-0.053289961388110846,0.4897172964577354,739.70276934323
Maxe,-0.11585463798348937,0.4081447014559615,-0.06172489643338934,0.6974437794061751,416.22633433390513
Maxe,0.782683854719503,0.2389642704490585,-0.1639661607257456,1.5219102116248577,499.6733091248795
Maxe,0.10758013773959645,0.16567013660255725,-0.11457709434354517,0.6293748446304042,528.5282832656474
Maxe,0.26009200887377587,0.06393042089806872,-0.08010977383989906,0.41197481667608765,561.6260004896724
Maxe,-0.4713829967507901,0.3409739989507299,-0.06628416308048347,0.9821191033523285,615.4349395604395
Maxe,-0.19404028493240577,0.038617847922718315,-0.07996761553568571,0.48603367429672206,629.4437990196078
Maxe,0.13166598176549862,0.15822921489809938,-0.16455657804021345,0.46756027930596133,534.5510445800492
Maxe,-0.540212170015671,0.5013595518217785,0.08236211788594777,0.7054844812004262,658.0920541596086
Maxe,-0.28025895074288604,0.22400314407162233,0.014694830057497228,0.616669526394279,351.01190495012816
Maxe,0.2855920587345929,0.13592345362551972,-0.014638977613840618,0.3772843534962924,822.8521020871144
Maxe,0.04433377054392806,0.10787735959340954,-0.125347553224167,0.5476323095726497,495.43540272645555
Maxe,0.318860173144285,0.1235432234688036,-0.15852337966722319,0.8483398270904393,706.9987096738942
Maxe,0.03253385643578522,0.08943945993752986,-0.26479922278409007,0.6550127464450816,543.0912674825175
Maxe,0.1399790940662523,0.095257231875615,-0.2640743236994704,0.8328813136026961,528.4931677561569
Maxe,-0.08884858926292827,0.3214171236512899,-0.14078362585571366,0.7684416071487629,344.9043120204604
Maxe,-0.7475370896084214,1.2524753328431406,0.08910407439770195,1.0202051897143645,571.095268696763
Maxe,-0.4550339160932352,0.5154706910250783,-0.022243802108801485,0.7087918058446344,586.2689033816425
Maxe,-0.618218128395766,0.09328130362915998,-0.014212214578192358,0.5741039469630951,372.38637284701116
Maxe,-0.3433141226982119,0.2594532840088787,0.01418971842141582,0.5060665114938493,613.24737968538
Maxe,0.21201987145334023,0.2835073678999393,-0.1784466697666273,0.705598183204322,512.4044932663354
Maxe,0.19046705919449977,0.11821528506490941,-0.10225755762811803,0.5214745627415887,582.6936975377564
Maxe,0.30772930296888945,0.22462798400440498,0.06106470327982647,0.34524196072207775,530.7245278904666
Maxe,0.3201261961493465,0.40342234562298723,0.08119621876146699,0.6086975920130553,564.25915994359
Maxe,0.34275680260647523,0.0888873472756121,-0.1876606240483899,0.9281550862843583,570.6167626974145
Maxe,0.4077693084474392,0.21157989214904244,-0.15263143552505054,0.5495069461130634,589.5816999229127
Maxe,0.27801264830309735,0.1257213540148181,-0.14691532047331193,0.436696183293617,601.4928657318538
Maxe,0.2531425104481696,0.23309630645079887,0.05641381200651452,0.813951057692416,354.2331210456211
Maxe,0.17328232558074658,0.16248877944971113,-0.11413620387638047,0.738515560373507,494.17203907203907
Maxe,-0.44705059726192187,0.30994997925864304,-0.02542719558346143,0.5499491197860898,598.9780568512726
Maxe,-0.22482901444774583,0.5468878477109386,0.051051747434981636,0.7385365802705857,540.1272838680927
Maxe,0.3218435969022677,0.1685577165542198,-0.010381628310738933,0.7006116350155108,513.2682973057645
Maxe,-0.749358211185942,0.37095361406008664,-0.008337649913894057,0.6401243686266319,657.8065825397489
Maxe,0.34752941718398783,0.22110163326244214,-0.10941746880081825,0.5021845476909508,471.7817471590909
Maxe,-0.5040921484630737,0.17810055881944792,-0.026522763581052787,0.6194866839484752,686.5988714150433
Maxe,0.2724912849580233,0.14876360694587432,-0.16603188207572697,0.801946163463958,435.382854188146
Maxe,-0.13696993724877912,0.4975933035187373,-0.13980585657205882,0.7740146562345501,474.81027298850574
Maxe,-0.2587665403203985,0.06079024172112052,-0.025221108527697707,0.4276734143751688,678.6373038362347
Maxe,-0.5869214631537512,0.21424109566604116,-0.12581677215609127,0.5939418018991822,521.5748849478769
Maxe,-0.4939667274683495,0.5874717135090467,-0.060804948413872566,0.636873577502003,483.5784802561569
Maxe,0.45062242723252255,0.20950521870665245,-0.2013890446590109,0.43611111470065733,573.6805562435501
Maxe,-0.7689336770803802,0.9044929601922412,0.08952496573654861,0.7328651939145417,540.4797528590813
Maxe,0.26685062745566474,0.1889543357502089,0.011972282481650685,1.1870403707453798,488.33627130681816
Maxe,0.21723664256920386,0.4145199125603094,-0.03695226016168925,0.4145370253692479,794.2033448971695
Maxe,0.19300633587031865,0.1133859894139312,0.004848279415848279,0.6162224524994082,556.0233693477131
Maxe,0.4155747093422672,0.24397241372669853,-0.1000147718977387,0.38522049835563343,533.5784689889081
Maxe,0.3223843946448005,0.7118392391334383,0.15318390064018886,0.6070849118143847,427.679660968661
Maxe,-0.3334920753006888,0.4322870823998186,-0.04330038446285408,0.835470289658781,598.9098409090909
Maxe,-0.636623633441268,0.632969484430999,-0.006239107242236429,0.8265292207569495,526.1996134049774
Maxe,0.08081830195049863,0.06652709176627161,-0.13451010520773732,0.5190504921702417,669.7809351851852
Maxe,-0.5485845192493916,0.24050526912918652,0.008158573968476971,1.1195753398246417,560.1036480186481
Maxe,-0.22068783840477502,0.6227702529380215,-0.11973651747670194,0.809526662243199,466.11812602291326
Maxe,0.360277206100125,0.14388432410027344,-0.03506875674916668,0.9347959647106259,292.7290046296296
Maxe,-0.1283159583299398,0.051379128005656104,-0.07038985296921763,0.44483747707150123,651.1742045454546
Maxe,0.47003924071710773,0.36258260275076565,0.019049464656759038,0.8290129759649084,378.5862452734206
Maxe,-0.3250715465331148,0.5659720981825322,-0.06605456505116122,0.5750200842588165,381.62092642140465
Maxe,0.21990566643235937,0.04858148403120397,-0.03248968943190551,0.5748550309985688,521.2263969463215
Maxe,-0.7695131086002145,1.7606107359638736,0.18417591480546217,0.9315135124808329,675.3758249040056
Maxe,-0.4300216608820483,0.2509570998474494,-0.024294026811890898,1.0492782395383482,389.58361269923773
Maxe,0.145699215965494,0.1406728517113226,-0.20279315338868364,0.4820293259464288,445.26261177430536
Maxe,0.35974757742667574,0.4942810372783345,0.01097025102417342,0.48704434860477297,378.0948082010582
Maxe,-0.6547065559719351,0.9507233303271866,0.045784161779644346,0.8355128261269679,406.28096553330926
Maxe,-0.1292837083137922,0.08807812834627067,-0.04615834932882749,0.6716112868404194,586.9669362745099
Maxe,-0.744332143062264,0.43668042415671116,0.0706929487716429,0.6688063118747555,601.9939038825758
Maxe,-0.7724317060841227,0.7910402614330272,0.17999105461282475,0.7100836853289078,502.38004851708575
Maxe,0.118733396343143,0.12670245514206266,-0.1739686133475481,0.6610435528783961,461.3573957462375
Maxe,0.1046396657061289,0.11100975387939165,-0.09169555799039256,0.5714768448672165,450.35406818181815
Maxe,-0.1452498375956147,0.01740627356193926,-0.28821526292028615,0.5152201704710986,470.15833196733456
Maxe,-0.10410061209214913,0.07348637455860753,-0.13206833845781193,0.6086830718209116,461.0102813852814
Maxe,0.24630010840909586,0.07144406987339122,0.027373725307387096,0.5190082619249833,665.0617382617382
Maxe,0.27222230353483806,0.6629829023563913,0.06811139934035569,0.6494384110209623,726.408314000495
Maxe,0.4298267134837403,0.2317945907350937,-0.19576193330518102,1.5128107151381278,586.9901286856572
Maxe,-0.44215617441955857,0.2811813244255742,-0.09016822805460561,0.6788189802527459,500.9728443653121
Maxe,-0.28072838176928283,0.09118184145501043,-0.12021452188439073,0.5301569246831059,453.80532336956526
Maxe,0.307470649384718,0.2693124386859811,-0.08508511092405696,0.5523407347464185,451.626110639502
Maxe,-0.21457428547999627,0.2053622226539763,-0.17599861132385536,0.5558755889496864,613.4670633484162
Maxe,-0.1615735353446059,0.21058567962648705,-0.1652102174931417,0.5430571976608812,631.1845240595003
Maxe,0.042374533619810945,0.09783300645754137,-0.22615944584346392,0.512762978785414,540.9591645048499
Maxe,0.41422425734511853,0.3018778667892993,-0.10377267685092471,0.5263159281667114,442.2710869907428
Maxe,-0.6661259153858186,0.05740524820985278,0.06720011531539526,0.6218967326332879,321.11032552899684
Maxe,0.2489178098606138,0.0844876546866157,-0.11585060879715993,0.4558912804264485,509.91583356531595
Maxe,-0.20762128954890194,0.07809523487592225,-0.07794491583660865,0.552286417960817,352.66894757033253
Maxe,-0.4929126544712624,0.49285373897941737,-0.15399472656873842,0.6519761403418192,273.50947222222226
Maxe,-0.5150179374986212,0.486982906863434,-0.025670258109510243,0.4986400442277883,454.6928042032268
Maxe,-0.7419130265742775,1.13186565603417,0.05676712775208624,1.0255895926434844,411.8251948488242
Maxe,0.11029750985194106,0.1864725944565277,-0.16318379199610836,0.2750903860986682,446.7894730639731
Maxe,-0.5824718912867679,0.5775011119718022,0.11013066658806006,0.6961038013158509,587.2154224941726
Maxe,0.2389380811966446,0.019293495024494383,-0.1822974753390549,0.5375392062065466,590.9209152290724
Maxe,0.01712032844996913,0.041900408658120086,-0.2098630580183857,0.779565696003545,483.5357740943267
Maxe,0.32085855035189265,0.4480391946724917,-0.03011444221613894,0.7176634252488742,519.3095317094293
Maxe,-0.6407846375240653,1.1992186888804433,0.029731442796894002,0.8540303213573862,474.61826273571626
Maxe,0.2915036887475121,0.3947632933479308,-0.12273051567498244,0.8551730580849021,572.473411799151
Maxe,0.28355379181496726,0.28235028726375694,0.010987644278531088,0.738111795414507,638.137444416996
Maxe,-0.5467598787788769,0.5284692054169214,-0.11919669350912367,0.8074140292529838,543.3742114841008
Maxe,-0.16148850737834783,0.6514491766594318,0.019239232692299404,0.6809561006369383,440.0530181039039
Maxe,-0.733182100120209,1.5830250811005098,0.13578270897918618,0.9558859162400383,498.1838166296968
Maxe,0.43555566366245946,0.006902611859088041,-0.17068753053952593,0.4483272625148481,516.8289965861841
Maxe,0.05471049254410312,0.03611828332603621,-0.1401671577153796,0.520493251159734,716.9273836956494
Maxe,0.07593985475271095,0.27894316827290216,-0.042789220222586306,0.5682321238355555,556.4613517242801
Maxe,0.10637184063771699,0.2596093915592984,-0.0007927164522156852,0.9541102796038087,416.28796857873584
Maxe,-0.2167947354784116,0.33642045233238255,0.04547097948319649,0.6748903814266954,594.5895536762519
Maxe,-0.4244800696178207,0.4885388607288384,0.07978753325283405,0.7154759943767144,419.1748934356351
Maxe,-0.20413097701874192,0.12291285216612419,0.07230228403484917,0.6039850436480725,557.8705362284775
Maxe,-0.11276981165764616,0.48986106299971655,-0.12448599880180147,0.8165067399579832,363.81280499099853
Maxe,-0.25373209820190845,0.11141661686513145,-0.0882364643484242,0.6610422614157104,781.0427763157895
Maxe,-0.07886422611949669,0.017906760104820486,-0.21518894864537857,0.4525747245380106,531.6969044157637
Maxe,-0.5687342314077338,0.17685046922277917,-0.0013312605014143707,1.0352653941264762,562.7529587974956
Maxe,-0.27603927959062013,0.21378977685557543,0.01831230519679078,0.6601457794508114,666.1927576689322
Maxe,0.3945955327425417,0.3500073405888005,-0.1519131790549469,0.5894409098220426,622.8923211102623
Maxe,-0.7484572329751283,1.2763280338968483,0.12469544185408034,0.9475427395180532,690.0316753420562
Maxe,-0.11801738147500986,0.18712222312106974,-0.10314303706517494,0.8175792221588979,499.0701447726991
Maxe,-0.05259922648406169,0.16684155782736082,-0.12444001474553791,0.6523920221791186,548.9623921189182
Maxe,-0.3276766969357423,0.20074168500021272,-0.005200484766794501,0.6091655637427776,539.2174306891026
Maxe,-0.3721958178222538,0.3798402719631172,-0.04578924876487892,0.6386282016247501,573.6154980130902
Maxe,0.20309223587260228,0.05648355809261063,-0.022173337805102406,0.49398783297496307,522.8727683178535
Maxe,0.2714401320790686,0.2863636034221867,-0.02931937457802534,0.43030338802335416,744.3332199355226
Maxe,-0.6058691723112651,1.0666725206998076,0.1038732098843212,1.0428507266209752,635.7238901369278
Maxe,0.3119689295324817,0.2869812730606587,-0.06686193406750165,0.4590756523321971,431.53879012264895
Maxe,0.43846731934153216,0.2566478551434608,-0.18523619304782393,0.39900876859522055,793.410185758514
Maxe,0.3257488241469548,0.2669777908584433,0.0178489079215555,0.5588893507024496,524.9533999658003
Maxe,-0.17759071855727526,0.7683872530502621,0.06210967359818373,0.7552509114344881,378.0744682736618
Maxe,0.23125630020124913,0.49383422551000666,-0.04183256310669887,0.6933497280949257,429.20863553113554
Maxe,-0.7657966025828019,0.9175541634429147,0.1639435997836622,0.9440082970707262,601.2040672218587
Maxe,-0.38120760588800306,0.12620893402794026,-0.040438303409117485,0.5750002320077171,658.6516404428904
Maxe,0.2615625131652882,0.1137490111716002,-0.11919670959964423,0.8056780147035002,449.146875
Maxe,-0.34303572284115735,0.2693536166618792,-0.11934149834620843,0.7600831713461151,544.7155392909357
Maxe,-0.3682491857500141,0.5533990895416365,-0.022258409076846095,0.5519429206506327,490.2377416756176
Maxe,0.28551992584924474,0.14144171212697276,-0.20728556813985743,0.7547015789503995,520.0400761828388
Maxe,0.22901119645361634,0.8834190554822263,0.08987766650148793,0.8427651263780369,492.7556398089819
Maxe,-0.5583426526764288,0.20471833022488264,0.03359402020487731,0.5319174320554539,396.44418526785716
Maxe,-0.7227745453353707,0.43677609636937,0.10585492928325094,0.6878044360043375,549.799579458591
Maxe,0.2241663231293341,0.03450988387938842,-0.2389025869541416,0.4950476877268843,616.8647715053763
Maxe,-0.2972173126238119,0.5834952731499287,-0.02419421940905713,0.8407561375338815,407.7591097308489
Maxe,0.24410765637113477,0.35895566302290216,0.061250388616698334,0.7260364285263289,456.3269128787879
Maxe,-0.4159602701558742,0.319250670441724,-0.02040452251620454,0.5174098952644326,500.58520080182484
Maxe,0.47757123195999873,0.1670871916238876,-0.13559162478427356,0.5342771692470536,445.99144059644067
Maxe,0.25055329361548906,0.07707357036943482,-0.14848531356333297,0.3943330145361593,587.1124362674362
Maxe,0.32634792998131834,0.38818055343967856,-0.03965956987004929,0.6504313774700854,512.1316524658916
Maxe,-0.7790816560491046,1.6309687418445904,0.17000961662110287,1.0968287412123496,397.2569900932401
Maxe,0.13313002702897203,0.1623640163287064,-0.16680429134746264,0.4459351166436624,621.6499915433403
Maxe,-0.14855577169637715,0.1712656294170133,-0.14502155441111286,0.87487203222654,352.94001607974565
Maxe,-0.3522216346203217,0.39330567494735774,-0.17962913508580805,0.7343575177280982,494.58214097496705
Maxe,0.45378357131095814,0.19929287581836427,-0.123168037893402,0.5921094744863525,617.6756885407078
Maxe,0.1786638317323664,0.18739407970821806,-0.005496213336331515,0.4350042121331194,409.954873931624
Maxe,-0.7603605659005562,1.3443319246009748,0.1267512072500982,0.9118346121095312,588.3098191018344
Maxe,0.2418603093302113,0.18268688392607207,-0.0673878939302204,1.1107067969560702,435.8208623516296
Maxe,-0.7548354012802102,0.3229144859688991,0.09342454410355266,1.0121955128987463,527.2415548486601
Maxe,-0.40064622426034746,0.8655957524815423,0.008966375986439831,0.811148672864324,549.4916764407593
Maxe,-0.30274614800940425,0.3542748948969294,-0.11886570375667838,0.5728127755737544,607.7077751196173
Maxe,-0.34692926500712074,0.13999187861736534,-0.04116644898337135,0.5145250839263333,476.1673077634669
Maxe,0.3327109002425219,0.547890254855563,0.06963484635462763,0.707553353139768,574.6094418568991
Maxe,-0.5081677803079879,0.9622843031425263,0.05184137874035418,0.6946172533753409,551.3681962579491
Maxe,0.37389451258778855,0.19186076333263097,-0.17445023374360186,0.5034415917797369,553.7095964897621
Maxe,-0.5572443545061346,0.0678243004398387,0.10121498769184362,0.9670293747532375,498.83450807005494
Maxe,-0.24871556071330259,0.9373339324626392,0.037340622286263114,0.9719280677443595,499.3772911025771
Maxe,-0.746283366166278,0.30728385896840305,0.03126578937766579,0.6619949431691621,671.0818502578657
Maxe,0.23745452420553745,0.48303924499259276,-0.1372611646253122,1.5616978571191502,478.4587878787879
Maxe,0.2196759911652349,0.17345420810616619,-0.15739796441170545,0.930102387139004,450.2285597251585
Maxe,0.06427651172589147,0.19195582094863453,-0.1913274568139633,0.6076707761790466,704.8527626760687
Maxe,-0.614393752127466,1.6963282280069587,0.10904444709631451,1.1210675298788573,302.03631444437434
Maxe,-0.15866125131037925,0.234395563779883,-0.1394310590513236,0.38971864024390734,514.5935792532619
Maxe,-0.2845518779904574,0.21442383573818596,-0.14465621381063198,1.022745120988388,275.68515678400547
Maxe,0.3047426275889518,0.08545584928410116,-0.1518241597196995,0.6356627448912273,568.0595309619575
Maxe,-0.25385372175034465,0.22271003270908998,-0.12119341808947856,0.3805192612001797,543.6285386029411
Maxe,-0.05626754015161569,0.0037693981108988983,-0.13142158404392237,0.4506788304825008,690.5547377547856
Maxe,0.03677750770445703,0.0930807402540143,-0.29885244709834896,0.8125693144376979,447.1615832900208
Maxe,0.31959561074198406,0.6605323006265733,0.11940415906871119,0.558291292532005,517.1158193487605
Maxe,0.23436839344823018,0.07009687400520165,-0.0290741108689704,0.5332534147548165,457.31885988823774
Maxe,-0.5750969993652617,0.5410590130330595,0.02421523642927328,1.0672787661934975,97.38597252747255
Maxe,0.30664327682877546,0.15228073873800924,-0.18443343565713705,0.5650129846296634,507.58923080774133
Maxe,-0.13228538004830745,0.024723251607599184,-0.13842247602040242,0.47395320627182225,688.4723776998711
Maxe,0.31337562154379706,0.12251213514693635,-0.20107106550936235,0.7983153113571603,568.4936511701454
Maxe,-0.481845451637631,0.43552375325163206,0.03828467988951441,0.6962738722286378,662.3386174335393
Maxe,-0.11544526245237605,0.11696519546824083,-0.07413741630521085,0.4400028385259498,458.05565264661635
Maxe,-0.3944431939798514,0.31609901879387914,-0.09759362881147973,0.717506382185543,436.7361220952024
Maxe,-0.04595640766663773,0.2944584559677731,-0.07822973765167644,0.8807868394074037,318.032523921437
Maxe,0.38950697554114,0.24219909751090665,-0.20452579768982918,1.5701204985412318,449.28343531468533
Maxe,-0.3640519678730848,0.5540941983586631,-0.02868119182387712,0.8841022712996657,241.94000854873102
Maxe,-0.4537272493446915,0.4791728174347549,0.03324986485011091,0.9863537607000379,351.69917235699313
Maxe,0.2214670929488614,0.4924556852124023,0.0384495119091973,0.9503639738670897,542.898445132439
Maxe,0.08400823493328043,0.025154083862891613,-0.2963613255314887,0.5800110873468228,488.8879869023107
Maxe,-0.3602409774187978,0.22142101865759234,0.01843062727696698,0.5057222063239338,518.9312040441176
Maxe,0.03714787850921571,0.08866199516870694,-0.0888013891822189,0.32331127169796703,383.7198686581611
Maxe,-0.22586638583682359,0.1687390225675026,-0.055107944782602114,0.7995078389192146,375.56742693686243
Maxe,0.2739696958457646,0.03504519756606406,-0.12559540113634168,0.6600495544441928,325.0189140398004
Maxe,0.2212191499861853,0.1278269621555196,-0.15852131800233044,0.5691713520797664,530.911267132271
Maxe,-0.7041172642775971,0.9074002072368706,0.019417536032495967,0.8976982505625942,496.43314111613023
Maxe,0.43415963418818515,0.37200744245819617,-0.07533684738318039,0.9156323428595172,438.08368149882904
Maxe,-0.6097776261783333,0.7755929891013316,-0.006731050015102598,0.8904628780004442,433.2440814256737
Maxe,-0.5219903210991093,1.4233825755855936,0.07920647828099367,0.9636846492618872,610.1735672317539
Maxe,0.1743999082068088,0.08873759055729606,0.05964552265695511,0.3456973590706598,507.14039903846157
Maxe,0.05251677432807103,0.11986568194966243,-0.28719736056931705,0.8042872863461252,140.37105555555556
Maxe,0.2648880471067845,0.1315946445174227,0.04574195320672292,1.0395891073927068,746.980507170752
Maxe,-0.4515008249759706,0.4623652378395584,-0.12699529097086948,0.8392652092213854,356.7235342064545
Maxe,-0.27421977235354084,0.13173886986584205,-0.03548194361245127,0.5943459024180455,559.1258716361375
Maxe,0.0690559834691086,0.04239823194882887,-0.2509574075595303,0.3164727787543627,254.25709790209788
Maxe,-0.039316737113336234,0.04583505644468488,-0.09489037021746598,0.47166058608310096,610.0533215641967
Maxe,-0.29516848900363374,0.137948959335494,0.02049385798019814,0.5558438990543806,279.51772144522147
Maxe,-0.1156266483262797,0.1373140809906764,-0.03228017299103455,0.9453232446744444,480.103581002331
Maxe,-0.5916555269716396,0.2004368450592357,-0.01117910401739392,0.7050554721635236,477.7907814924437
Maxe,0.08048242558721938,0.02664837319722476,-0.21741513259538356,0.6956051413107431,343.6362289546716
Maxe,0.11205669806891834,0.1769088559050229,0.025069614115873308,0.727959236724998,437.28496352785146
Maxe,-0.5290193069992257,0.6374255150467213,-0.030748851772536882,1.0219196896466871,424.7584166666667
Maxe,0.14216467107718977,0.34240437023292253,-0.07441774591329825,0.9001828245166287,701.3805514289759
Maxe,-0.19592336059799806,0.24078736899392117,-0.041882353031604945,0.5318914843355343,399.66012841649047
Maxe,0.3211298695627408,0.6003063354595047,0.05706220227506299,0.6508160512760155,416.0328341928886
Maxe,-0.7607442299790497,0.735402874893652,0.04539342947541308,0.9144177547385248,394.9528036902601
Maxe,0.28820857946892037,0.21318050670472444,-0.0666865438269746,0.4712505189594745,475.26265512831816
Maxe,-0.5193492875972614,0.27995336030849266,-0.07660836379598979,0.5808726165911227,582.7590183178535
Maxe,0.07933835322316353,0.03993328963038957,-0.2320528826119328,0.405862782486692,563.1366279069767
Maxe,-0.2670604175859154,0.11244237868265347,0.03116740958415731,0.789137095759474,708.2894713998538
Maxe,0.25534623988403493,0.06625298165805418,-0.2071361132153543,0.6666712501710746,480.313914281929
Maxe,0.01815385414899489,0.06263485114891551,-0.259119950888872,0.795755911262479,407.01612899005755
Maxe,-0.07120084908801785,0.3605126412160654,-0.08992798197119292,0.3837409649144759,442.573368226601
Maxe,-0.6315605758077785,0.8983715775064898,0.052294366321618865,0.717403268572081,515.086540282634
Maxe,0.24371915990787532,0.5910287940837694,0.09512883102403998,0.9205254191246363,396.8900207521348
Maxe,-0.7053026927976959,0.5040467732638467,0.039038844837354376,0.6967210863295801,685.0666538461539
Maxe,-0.7782165957684648,0.9210309367213585,0.2176946427647963,0.814545110243782,720.3980504723722
Maxe,0.12490675262657852,0.037564429255712434,-0.1016282739917839,0.2385689410393655,427.3094283939112
Maxe,0.2995098381183643,0.4734843156598125,-0.011767512472959808,1.596296395432283,511.3997532314924
Maxe,0.24539763641994164,0.38198398509644055,0.031575190076842265,0.5947965382133071,394.74709821428576
Maxe,0.21600000161246238,0.05764268738431011,-0.1830442023058601,0.3872314185729071,653.1578474076041
Maxe,0.28324498979861246,0.2334914921000898,-0.15070437423723948,0.4760727271636046,456.7755521114485
Maxe,-0.5956312560159821,0.5548274121683118,-0.034981671994147104,0.7366197874846925,656.7092294073985
Maxe,0.24475575544644812,0.2442291102630188,-0.13414893367636652,0.9689556134436401,588.617872781867
Maxe,-0.14609921570653736,0.1936342844139748,-0.19915168064563296,0.6576209940046814,569.7299281326781
Maxe,-0.4817981731540682,0.30805230965294966,-0.03118995324391164,0.47553772916418185,634.5383105771675
Maxe,-0.06875598704638196,0.183384041398616,-0.034068335302382416,0.6118524995539721,526.212194892028
Maxe,0.20402271301050728,0.13597548947565963,-0.1090191014843671,0.938977886763739,275.1994157088123
Maxe,-0.03931735848321693,0.3131891084970777,-0.11056822086871523,0.6342087277195727,661.8999551282052
Maxe,0.3486743328859861,0.374270797073731,-0.035758545669514245,0.6944234790035616,482.7331817301172
Maxe,0.10085892435461485,0.08415147031622354,-0.23675926139572182,1.0102419777217002,588.5924837909993
Maxe,-0.23777837198289903,0.10768294218481576,-0.25291917693841914,0.6247047088598632,373.23103715170276
Maxe,0.20928268162739785,0.3599861367481142,-0.05695629528486276,0.9162603035328138,555.8475656682148
Maxe,-0.6295992573068002,1.1564366157122503,0.01669432211239005,1.3651521292039535,389.6508421750664
Maxe,0.26400102768641126,0.21543341317712122,-0.08109339359465492,0.5690057216075458,307.883451170334
Maxe,-0.5584149557733172,0.9133699894143404,-0.049776456758820864,0.7741399031436306,609.4102689426802
Maxe,-0.6770877175817669,0.6822363717737162,-0.05163960828477142,0.8045802502721933,736.9520424495274
Maxe,-0.5665261956405007,0.9513934455469015,-0.03310922832810009,0.9281910504238253,614.2783728599402
Maxe,-0.14114476085722677,0.07118163710162265,-0.016069644574244674,0.5686444773798094,585.7386967383108
Maxe,0.14101988448450564,0.07322107366911466,-0.046045668948438485,0.4698748214027722,546.7941512460789
Maxe,0.0984651878902528,0.09140924221743298,-0.16004855530766512,1.2707907027537249,325.23031135531136
Maxe,0.15227706855140424,0.1215336972718643,-0.1452360365893932,0.6994656443752575,537.2969875643224
Maxe,0.30992780266475417,0.16620258217150874,0.0014023734365895756,0.6176149146767977,507.9542099588783
Maxe,-0.7421677217426962,1.170190264527778,0.04568043058852889,0.8378789957539083,704.3690523657629
Maxe,0.33485884718541126,0.13106916437723015,-0.16041258413375614,0.5784745721883994,515.3075488215488
Maxe,0.3070385307346076,0.2452688029380588,-0.005067717522260507,0.5470387172175063,408.8074061770335
Maxe,0.16600987306840964,0.5517923290194024,0.010363541164825938,0.9455061958445453,394.8422957328741
Maxe,0.3385481147483097,0.39333353666239335,-0.00827368947270172,0.9217615096905896,416.9354267310789
Maxe,0.3292062887171869,0.03596279037227166,-0.03575363845246514,0.5352589896644573,553.9690142065142
Maxe,-0.345639045139558,0.32289891618696753,0.0811261341275696,0.6880081870823891,882.507157807937
Maxe,0.322059673153603,0.4228608086335258,0.06879868237309518,0.727803872721264,543.157911710774
Maxe,0.3086005235983028,0.15467131486116986,0.03932186629729926,0.4611100439705113,588.2871184888097
Maxe,-0.2299343745555464,0.25919781666586905,-0.10286356221653611,1.0141040318012207,350.0067358567358
Maxe,-0.6784277254919449,1.1800860901386396,0.009691961249844928,0.9294150717734178,638.2342880675718
Maxe,-0.6373313429833074,0.32132718767407953,-0.041175729686267475,0.8818430937057853,327.2328491508491
Maxe,0.4083994752168264,0.5731682055526707,-0.015557571147206142,1.6209199245191703,574.4130188844204
Maxe,-0.123802344484737,0.19467684520673884,-0.06989131546741381,0.7281747465232355,355.7387974565757
Maxe,0.201754694845577,0.11981897260386751,-0.0784641868306579,0.3214687753995061,374.7405793151642
Maxe,-0.18866171273998916,0.38099509907823015,-0.02898334905747847,0.611392116852552,443.43410183566436
Maxe,-0.4356014192312373,1.0278136228472825,0.05790907778914716,0.9938688358365035,407.662662934492
Maxe,-0.32691375391580746,0.19597057116592642,0.04774972220374679,0.5728123718380255,708.4197719213411
Maxe,0.24589170119806675,0.10566481163470395,-0.05586046296626189,0.6770130970460695,482.48125362823646
Maxe,-0.1560323803367105,0.008053956259821875,-0.11979995396715837,0.36933948363780944,436.0308131313131
Maxe,0.3226664235404242,0.4412751487509564,0.04969018486963181,0.5542911829489358,377.27923556516424
Maxe,-0.7457591552575834,1.1501363853998359,-0.013087733799395422,1.1262157048231844,511.9924546842516
Maxe,-0.6704815822912784,1.0794225331773986,0.12407114771265121,0.8306465746649921,579.2884252001161
Maxe,-0.11975895011168379,0.05373426238836724,-0.17120686480718908,0.7185642306993186,491.6140490633453
Maxe,0.2676410138219596,0.3556571227744654,-0.0603843973820226,0.768684002826558,527.8764890823289
Maxe,-0.23925246883284318,0.1493632484157939,0.02480078712254146,0.53216166186107,602.7409501430529
Maxe,0.3084562591772348,0.4552006797643876,0.0006184514564907188,0.5351945002051287,664.2056389670087
Maxe,-0.4424567268654594,0.712214347958659,0.019298921218287822,0.8106102625146603,485.40018494042454
Maxe,-0.7398911519582418,0.7282420043984117,0.09213230044742769,0.7801400078517959,557.524304395952
Maxe,-0.4860018820909058,0.2591293915715904,-0.016146871654598476,0.5075823284165561,460.4668146853147
Maxe,-0.029137041413068193,0.2177082402635535,-0.11867862912097454,0.891596491771031,451.7342317058684
Maxe,0.2793240669636118,0.3554295171464911,0.053650687161564216,1.0240674844668678,248.37772115384615
Maxe,-0.21008136301085376,0.3315905420847491,-0.1027659928012223,0.4736030074700986,454.1945566519341
Maxe,0.3237944912458497,0.2610221444040424,0.017148866142671342,0.5562217734630641,575.023188940092
Maxe,-0.24486698426865128,0.6381618018396464,0.02892912921548909,1.1409889251492502,540.1265408083295
Maxe,0.31931946556188834,0.4957257491491484,0.11120154537255798,0.5221472729313342,587.4175657946938
Maxe,0.0740986792488657,0.040480280653513945,-0.19989110169690402,0.6779763056498614,374.4640456989247
Maxe,-0.34540024550877857,0.4943216006575774,0.036217634515209284,0.7969535109726124,597.0848201140964
Maxe,0.2909236413927322,0.12307981759078576,-0.05723469967044527,0.4985155755902507,627.9045196007696
Maxe,-0.21149401881370364,0.4559615504235196,-0.18617348533873979,1.6120656814554044,698.9864092938312
Maxe,-0.21125206143898545,0.40877220464091646,0.03366262985033526,0.7108495210706591,596.3572632820258
Maxe,0.10022034395705239,0.08344529875940343,-0.2699571170194891,0.3278464268319409,302.0090366809117
Maxe,0.16206328712996582,0.12731356908287914,-0.17035020222563202,1.0554306206684876,461.74237152118917
Maxe,-0.43068761852344933,0.23510931536211718,-0.15518923788597544,0.6600766071214766,682.8572885404609
Maxe,-0.6823290007554013,1.2266344116098735,0.04082529050520446,0.9792677669066644,456.2527648294313
Maxe,0.1256596774107244,0.08426373663857269,-0.01977635570020877,0.9472892086933586,411.2974683721451
Maxe,-0.18923212217661423,0.12837743589302342,-0.012807376796793774,0.673953621506448,566.596555224883
Maxe,0.16458381311740067,0.06809390350591796,-0.26774222383339963,0.1978983279654834,390.6198040579571
Maxe,0.3315526179777165,0.3281733846818597,-0.04039383657006507,0.7511629932871655,480.17900321880586
Maxe,0.16749746009661254,0.030373648389919343,-0.028857973843289045,0.5559732215948526,429.0289165592406
Maxe,0.3602191191929881,0.40887975905557583,-0.035832213134872955,0.4707748333339115,515.4315038644451
Maxe,0.13240283550923176,0.049462405903651634,-0.0635570337896103,0.6367693790475315,533.5012183748929
Maxe,-0.21280558425832868,0.1988966658413145,0.08342689236720845,1.2777945804360926,387.59393887362637
Maxe,0.3212302080664382,0.5839773217931541,0.05682028291788753,0.4662178384519414,536.4286935247061
Maxe,0.07275940767377714,0.01913677287741941,-0.1529487865669026,0.5510755987442679,522.9347254554656
Maxe,-0.25893509099127787,0.10586127769881494,-0.028363122954587348,0.5654220517536261,713.0862971267862
Maxe,-0.11057407370882145,0.15405077710497356,-0.20923587785840717,0.7560246623953649,554.0026282894737
Maxe,0.33585883176357456,0.2522297246548085,-0.02195203798154338,0.3072405059517702,473.203749249728
Maxe,0.13462216467898666,0.05079485145211646,-0.1698334335661302,0.47769565590461127,515.3945220664554
Maxe,0.3256968738485785,0.14813282591209154,-0.09931988727160768,0.5024473243328746,479.0116126582493
Maxe,-0.16188166485532768,0.16728857446123996,-0.14972559312825975,0.7878690189446872,430.76581478578896
Maxe,-0.3558888725786392,0.3332315151541224,0.012010586352715878,0.6433095154920382,828.0620610702288
Maxe,-0.11300294041107373,0.1828753602336655,-0.06670089976281425,0.5632596712810736,711.2795269856254
Maxe,0.3097497290327236,0.08808099646399493,-0.01740203449285071,0.5197395101488924,447.4483599508599
Maxe,0.22773170664522557,0.06732115064478487,-0.07145345590643545,0.5831745799047833,453.74028301886796
Maxe,0.3085264416724346,0.24655761212400476,-0.03026782184634491,0.5698038605204835,626.0837353998203
Maxe,-0.4647148205884079,0.8326513231075203,-0.05566774818813209,0.6544722437917012,640.5133186953116
Maxe,-0.4712426431291289,0.49926172857204276,-0.12844870506440878,0.7453435017990445,331.7102751196172
Maxe,-0.08924985607712849,0.05922383971257774,-0.381298745579606,0.44834235990355703,401.0295489755123
Maxe,-0.7191627757279716,0.3793389659580289,0.03516348187861341,0.8420231821524446,361.94622057541415
Maxe,0.42184540505217516,0.16896130169113183,-0.27426998009984094,0.4309075836444665,584.9634729102168
Maxe,0.314486655323322,0.07616724516857247,0.09751648513100955,0.7872434676046084,568.439517227564
Maxe,0.3214643867171344,0.4642567614786999,0.12833554326473315,0.7253358160826704,550.1919533356886
Maxe,0.24566563413042952,0.08744325000145327,-0.061872311954405096,0.37436927192202757,595.3083616138763
Maxe,0.24382271681491682,0.7768324256893104,0.008000689095810653,0.6628136886991384,403.5427273829735
Maxe,-0.16192387822124293,0.2789761516267311,-0.16031641240260247,1.0652665485724107,340.1485361671843
Maxe,0.2051171261934125,0.048245504526363475,-0.059797453682288296,0.42164966507480833,353.56908315514374
Maxe,-0.30604285553901517,0.38896436904060494,-0.19477029095215395,0.7399256151773098,378.1619890958099
Maxe,-0.15109438150936716,0.22756288789851775,0.008962321420329687,0.7475563249114878,347.744338474026
Maxe,-0.30566435632887706,0.036504659756602796,-0.06197907865640428,0.41677298497218246,385.82336423699917
Maxe,-0.20050686956147287,0.2553238090826167,0.15222545459734432,0.8643647748149379,431.32133198051946
Maxe,0.2476207644833909,0.33269435767748123,-0.12877080312390718,0.7053132110404062,395.34321992481205
Maxe,0.23977905932181406,0.21394629413709873,-0.16039003258545753,0.7111588431441676,552.1218672573947
Maxe,0.07234815167955111,0.12590737193579069,-0.024344163053031893,0.4928990108199053,511.9654183535763
Maxe,-0.5063513277124464,0.5497756325281526,-0.013055478716616144,0.7929286606055755,633.6801996904024
Maxe,-0.40841073088077673,0.33104887756596973,-0.051210340897483,0.5052447203319969,602.3380938914028
Maxe,-0.5960047231995611,0.2334652693094681,-0.012964139754586908,0.596720233697654,421.9300367295748
Maxe,0.312006074731787,0.32994485710768584,0.0666150186521844,0.8348790726259696,696.2183373276023
Maxe,0.5588420467277982,0.10744837112808275,-0.19086528050164053,0.8690391019953568,367.55642938392936
Maxe,-0.7118071898477246,0.9801369019171087,-0.03938517136599729,0.9588282503803461,311.50661231884055
Maxe,0.09078380909021237,0.3496527183187522,0.07439759604282786,0.6676334486347039,624.8029811147459
Maxe,-0.4502595645237727,0.30605937756570084,-0.00019611171666353194,0.5773597292707132,562.5534961411943
Maxe,-0.06873543174961139,0.4880592704722335,-0.0766851843165061,0.6478926014776851,580.5398148148148
Maxe,0.3501660874221202,0.05546250818277833,-0.2509600964873599,0.9782719589517349,435.56217067352014
Maxe,-0.11804047177218543,0.6369914049426013,-0.14295437214715398,0.8654157448208246,408.62025335775337
Maxe,-0.5570481853123302,0.33116155361942234,0.027037871333914564,0.7465116925115584,525.785931580619
Maxe,-0.2992205919565335,0.2177910059464531,0.02862155227747888,0.591596733779603,186.6411665372671
Maxe,-0.033272070450250796,0.06695198292056376,-0.10141817167627344,0.5371210341732527,461.13204125623486
Maxe,0.12828661404538913,0.13286194282043684,-0.21672978800235354,0.46850528060396385,450.6576069518717
Maxe,-0.17525787275953728,0.4135836769888942,0.056547170338240936,0.5013250080264176,539.5511615515771
Maxe,0.28880994034632845,0.29235755973476146,-0.0772152603552946,0.4251130290021909,528.9532123655914
Maxe,-0.20791245044976486,0.01707193298151257,-0.13676317370841012,0.6084424014468542,434.0013861166007
Maxe,-0.1792793533325501,0.5447388080732696,0.013352653752309391,0.6752857307952228,476.08993740274695
Maxe,-0.6361623298152491,0.5196417536583418,0.008597669376826874,0.994416977308185,539.8249723557692
Maxe,0.29425131871722837,0.33448549719627413,-0.05314868661720345,0.8022730840514148,390.29641526506276
Maxe,-0.40423036371232296,0.15161881814036332,-0.042549536369905265,0.47516346850722824,526.1069412360085
Maxe,0.312988646396,0.49304262501811447,0.018507362212008757,0.7201128893841237,479.5785476865114
Maxe,0.319209924254089,1.0110423044547416,0.1796955721344998,0.6498751130289,358.6257293963506
Maxe,0.10113825682117604,0.09834312168135416,-0.2249969365589902,0.4359721885843039,637.8932448221872
Maxe,0.22424269397778668,0.09800181567216872,-0.12191219247950243,0.9640957886590727,431.14042207792204
Maxe,0.26285066484257813,0.16090004709602962,-0.18071925947674156,0.4041707059366699,545.7607489106754
Maxe,-0.7370703776639069,1.193068420151897,0.13908017951519697,0.9903945471495867,449.770196969697
Maxe,-0.11623551876410684,0.04545605517398066,-0.25396857050505084,0.7015184526374109,301.95303775834657
Maxe,0.15984489910572575,0.17613712737164836,-0.20820266424576117,0.645964731386084,532.6322349627497
Maxe,0.2810839490757573,0.09333190542043782,-0.05362470439142591,0.6746424978174135,795.4355485681115
Maxe,-0.7591353561405758,0.36730721210480877,0.12275128896994167,0.6766566747650001,501.9543585164835
Maxe,0.2138522439896312,0.10735003566325138,0.020344473897363706,1.1375149503349689,334.74632961152224
Maxe,-0.45092569511866987,0.33315817328660235,0.04950649487404109,0.7023856715738657,627.2130602073365
Maxe,-0.6451790179501049,0.7185225680275907,0.0274775294097136,0.8209183128978513,579.0216494708995
Maxe,-0.05318170890253028,0.18916944457952783,-0.14002776916019025,0.7393891488124965,412.66998742483815
Maxe,-0.6022973793115207,1.238942938823484,0.0333227170498631,0.7566377046025073,465.616048951049
Maxe,0.31931350328807917,0.4533956093880764,0.030577947974394604,0.9830368235956417,405.9019836956522
Maxe,0.36055226905638477,0.10197805116573497,-0.15631793348366554,0.7481236196400579,571.4924976748002
Maxe,-0.5155666386811504,0.31391617634017493,-0.021465106553224304,0.774907578882999,528.5388648190045
Maxe,-0.2009414849222671,0.1484403291052413,0.017447373750167146,0.8478993638416701,441.12430615942026
Maxe,-0.26667030797809105,0.25655115860304323,-0.06681146851095826,0.49934245852329395,462.49376558224384
Maxe,-0.2754979161156078,0.24441062114185352,0.09136808876529537,0.5639254429831293,949.975332510965
Maxe,-0.6971799752059953,0.778158110674568,0.013668128497264113,0.8936865474450193,516.4765379775795
Maxe,0.29050468971723586,0.15122547628103777,-0.010090506816227357,0.617892718352143,498.61248917748924
Maxe,0.32804706582581505,0.34916657236449233,-0.08518807171979927,1.044857620931491,426.7985844155844
Maxe,0.13545218106903123,0.13076186604963214,-0.14526128661049378,0.689754673396716,456.0853450941641
Maxe,0.24074315655705608,0.29956862229017606,-0.002627687561289522,0.9162624129830279,306.48271721311477
Maxe,0.15022319007558027,0.23113226040634413,-0.05651995014806527,0.43953645643350736,533.4449899834208
Maxe,-0.6378708554026938,0.3172972774059596,0.0820968166905674,0.7742552931337054,445.48048344017093
Maxe,0.3470196351508248,0.5498999859180543,-0.002157571356522165,0.43521917787474546,664.3541065365025
Maxe,-0.7840271524871063,0.45797148635156226,0.24094358381651337,0.7081326077346469,653.7713686579378
Maxe,-0.38425514874456507,0.09866312167315952,-0.10867831859367573,0.8977237038684093,360.6780003466479
Maxe,-0.5572704972744902,0.19574112174798658,0.007669556791472243,0.7108445922303003,603.7941138452927
Maxe,-0.16512879804088976,0.6643442339476506,-0.021986914227879736,0.859610286837094,627.0388103871551
Maxe,-0.1994091664799326,0.7559584697577852,-0.07588714966096444,1.0953067162446384,448.3211694404758
Maxe,0.3492486763531665,0.16915080232648388,-0.036825180719519596,0.34313225959643406,639.9993583104471
Maxe,0.20696039988270717,0.10866834548864673,-0.03886970756790973,0.5068793840469307,447.71347595223926
Maxe,-0.5233989484584202,0.5019210882990757,-0.11397291836819343,0.7580512879706642,442.86971850613156
Maxe,0.2449549475172368,0.22093364351002193,-0.10405173592232508,0.524558922441999,551.5736942979736
Maxe,-0.23498181346319408,0.6244929673625357,-0.016609284791823865,0.7137178675214583,331.26639140499196
Maxe,0.10194963936896413,0.0515942368349747,-0.10675651794379608,0.4981103178708306,402.876172630561
Maxe,0.2756049579030052,0.10201902427608134,-0.04532746593713108,0.4521041587663727,539.6939503205128
Maxe,0.26102114215514305,0.09909436365955529,-0.12201199903739504,0.4018688349951805,411.31702898550725
Maxe,0.0044387032760511294,0.02059234262247519,-0.18273378177873997,0.5872484537952315,322.3476541121922
Maxe,-0.43155308555866434,0.6054214185551492,-0.01869584690550649,0.9114226400460909,271.5205032870355
Maxe,0.31533307415924766,0.17365415688465666,0.022176571236541896,0.6383388032644334,598.5935111376486
Maxe,0.219874430603106,0.023315825267200337,-0.214312656536121,0.6004176540218654,460.2759668640183
Maxe,-0.22027517966922905,0.02999485198476697,-0.031099175836868203,1.1982609490940872,380.3430524074982
Maxe,0.24475080196339263,0.13366624497653654,-0.03870966324885735,0.6930823313983144,621.8212198089227
Maxe,0.3416520547437316,0.16626035425709718,-0.16691792204066705,0.5475210708524956,579.871027926516
Maxe,-0.7467831943167673,1.307644191865705,-0.06565021290464113,1.0527397086283428,643.8098722020569
Maxe,-0.483310440745259,0.2858457033074082,-0.10613992930520173,0.8067842334732765,413.0531126891976
Maxe,-0.32867044389881817,0.3348159453312176,0.019356077930838746,0.6408273722926185,545.6669104118957
Maxe,-0.6318806284861354,1.11682483695711,0.06221429677682126,0.9803441223415102,613.0385178792184
Maxe,0.23050506602774912,0.21490731844027336,-0.07624400525259027,0.7406044158359645,379.71613437838903
Maxe,-0.4003760602233293,0.13895976596773968,-0.15503301190902957,0.40941747170978965,583.0349199484725
Maxe,0.2973888146358286,0.10405620732250438,-0.17237733986961487,0.4151643503485494,575.669619783811
Maxe,-0.5230067639652701,0.2867831680721338,-0.0006106564135508727,0.7239182726024876,562.2804015837104
Maxe,0.2097922983239986,0.47934510936376123,0.028035947682086948,0.7764487298333593,455.9438252591707
Maxe,-0.585388656686646,0.49767709352939576,-0.006275383819018399,0.9987593993859724,399.0986034798535
Maxe,0.38574006966133456,0.07092330164088859,-0.10744968473606281,0.7503758786484602,527.2624229953175
Maxe,0.30013389455153083,0.05274353258019124,0.05719980571881758,0.7403813239053508,462.1549363711002
Maxe,0.31949067788681096,0.3495310281810235,0.0696047559791121,0.7374654883142044,456.09688195436274
Maxe,-0.1746056828166772,0.18581681982543352,-0.03986705647392855,0.6640856979382996,618.7488853383459
Maxe,-0.2771051765775232,0.1815896240309956,-0.037034344503940844,0.5485105161211961,636.8925131155395
Maxe,0.32221242612089956,0.18482752407611974,-0.08343929186331915,0.7543345824612995,461.3446767966123
Maxe,-0.7732335292347278,1.0178969009501424,0.09148771430940257,0.8898434417734823,654.0554496855345
Maxe,0.2089327500341429,0.14901292832233212,-0.11940789640879355,0.8989860029786285,298.9238067315027
Maxe,-0.6277409550833926,0.286899326839966,-0.06191036189762091,0.4200988401232505,413.022890576243
Maxe,-0.31076200729825443,0.7747094039767118,-0.028973591543128792,1.0271757266315045,420.0228723086125
Maxe,-0.30453551576898374,0.08480540115735212,-0.07418582720894512,0.532729854135576,576.2301639610389
Maxe,0.01927542417756727,0.00931060155414592,-0.10600645724090546,0.5488987814007548,275.1808619918839
Maxe,0.24821680646516414,0.15687628279446145,-0.08125304244664258,0.574721084829581,587.8790267183911
Maxe,-0.5695890632412921,0.393740399648133,-0.011810858133002575,0.6158329903596856,576.0086401630284
Maxe,0.16156509238954653,0.025524275914871334,-0.13496828732015026,0.4298803176497669,332.68656790755927
Maxe,-0.5451481101759742,0.3181284169493359,-0.036389797232647625,0.6796540012745156,321.91062192003
Maxe,0.287059801906835,0.2312412488798656,-0.16003184863302264,0.5880923379621871,417.21795007927085
Maxe,-0.10864280623363966,0.2697905948837235,-0.19290322987115224,0.7256837006972084,611.7399612403101
Maxe,-0.7263147594266649,0.6347450541678602,0.08200834079207459,0.7102451689082507,556.3138580505516
Maxe,0.32248625561895283,0.5820884614061851,0.062358583843646564,0.5961248421132227,534.4282581462537
Maxe,0.18531477424995882,0.5276243398815789,0.008134240757598785,0.638867554940396,601.2271637524627
Maxe,0.28810145204994797,0.16604422110001987,0.04812527371249934,0.5081252567114318,436.10908505908503
Maxe,-0.25231838619634517,0.09032202073439127,-0.03848706148928364,0.686757909219143,417.53543456867595
Maxe,-0.5287742557844131,0.45367873358057004,-0.019669595142643805,0.8248715481405174,460.8479377530365
Maxe,0.33015003259768755,0.48070070471957227,0.0517768569525887,0.622867356430788,436.2982529274005
Maxe,-0.6999697699244988,1.0051141099842735,0.01206533456527873,0.7846438449006122,423.2956335934597
Maxe,0.23714945479872998,0.19150224861709997,-0.05943301449475879,0.5814378110989809,717.9414532235074
Maxe,-0.4609856279550134,0.4421872101872672,0.02319460599780236,0.8575919739936061,472.1958603238867
Maxe,0.3208579574660412,0.1809705203336614,-0.11623266919336891,0.7711507138615937,588.2814699000933
Maxe,0.22092406235850112,0.09474465826518157,-0.12939947575549118,0.5968002426225519,560.4131390977443
Maxe,-0.22961647925160822,0.10737892170604561,-0.08334772757701453,0.6216812274513787,615.0126538825757
Maxe,-0.16237784381804868,0.2374988671575192,-0.10970743671426081,0.5834277296583302,385.09625475333155
Maxe,0.5683361743398303,0.22778270863552613,-0.05066508702184435,0.6882738568015285,569.4367712592733
Maxe,-0.19566478925421174,0.4775959672830733,0.04164794166554063,0.6948160849084501,388.7680305449443
Maxe,-0.6251698267522352,0.7793944742792706,0.006521737003264039,1.0325515088378614,563.152592492816
Maxe,-0.27269838819114495,0.16843377289542188,-0.307684275440903,0.606792997120126,535.0372320595297
Maxe,-0.023061678051344188,0.03821487738246156,-0.22694121573482678,0.449871015822536,617.0870804691809
Maxe,-0.08847093129862879,0.043090472648131276,-0.04536298712010659,0.6866116075863915,493.84443124217114
Maxe,-0.06876016719372244,0.2161631442723906,-0.2262851056709527,0.5496097729538021,502.2946369556369
Maxe,0.12164882321474325,0.05781170146448906,-0.14631660850403685,0.3511012390958776,734.406648112329
Maxe,-0.5733165789836315,0.2638980470192561,-0.08113221876362643,1.0823917749417413,255.80361283643893
Maxe,-0.45706785511120274,0.9105323966573006,0.04509974454869402,0.911478259674071,466.40448305539604
Maxe,0.19412211331307067,0.2616203518150997,-0.04190501055390674,0.7143351201698264,458.1860571131946
Maxe,-0.07791470913983514,0.32863002999667035,-0.09509844493205394,0.8126941658702068,561.549088473334
Maxe,0.34721312860725584,0.2238792004128246,-0.1736696407081851,0.7514936571532462,553.557659325247
Maxe,-0.21164762067448606,0.11679208407702728,-0.06195516719060152,0.4620116472296673,543.0524478204248
Maxe,-0.39496164181056104,0.19008949577235595,-0.1365332886613446,0.6121787491803447,656.4881115076789
Maxe,0.31949060454799094,0.40590306258890996,0.06868616769339059,0.9418319065043615,389.9229824561404
Maxe,-0.18083251539308437,0.0983267324372156,-0.006338656130497036,0.5462338426261253,460.6515867284889
Maxe,0.2031266569621376,0.013390499016888619,-0.2607089646904726,0.6489607565394013,407.0732462462463
Maxe,0.04792250829299862,0.33522383264471606,-0.13458472697098595,0.6888301684049415,517.5906087739133
Maxe,-0.7483471373442464,0.4201096691393168,0.1128951282593556,0.9020824697028322,499.77797727272724
Maxe,-0.24840511507477198,0.12770322336227338,-0.09953317910262133,0.5393984970266444,705.1140839238453
Maxe,0.168738329028258,0.036279922246352785,-0.13724618629834245,0.5867490977842351,296.1175351840209
Maxe,-0.7075448886439138,1.2459700321134428,0.06454899667582449,0.8267890790492917,567.2286484468339
Maxe,0.13118989170887685,0.09954711652888311,-0.18715567065438718,0.8061665409203589,360.8951387322355
Maxe,-0.31277978079342506,0.2981798387149847,-0.10172936468061765,0.3474188585506561,394.54830420162136
Maxe,0.34600771376458805,0.10789497803085846,-0.12972077492510342,0.6894770677806441,523.6683835834458
Maxe,0.3230436917468721,0.27392170873439925,0.08730120651414197,0.8347136046930139,531.6129253717297
Maxe,-0.10148677198217258,0.21314834281310266,-0.12128036111774954,0.7336042277840386,395.2095413943355
Maxe,0.32252789684547223,0.4626821648480878,0.04949779756652784,0.800150040711808,328.61199753949757
Maxe,0.2866714021132632,0.30128969779027653,-0.005338621020261218,0.5667815470687905,447.9607222222222
Maxe,-0.5991643035907036,0.366325496380909,-0.0003933294403313497,0.6617455969874194,602.7405094696969
Maxe,0.3279745278148122,0.26994998028297107,-0.009415537642571293,0.6825598562654197,330.70303483435225
Maxe,0.1858505646660139,0.12045569473865063,-0.1917009430366673,0.9609187648279229,856.0193312608444
Maxe,-0.39576369452313154,0.24165825245433406,-0.03529752202542225,0.47856405796937485,445.1497772620101
Maxe,0.23329970653830087,0.2952285455767337,0.04977476503984923,0.6428258991398367,443.1106173111427
Maxe,0.3485502907850745,0.1896846814421336,-0.12041316911728779,0.6548698235733423,346.38685503362757
Maxe,-0.35303425473753686,0.8670291967470115,0.018974350425274754,0.9632352185411778,497.1216592930879
Maxe,0.5424945490753041,0.055301688724668605,-0.16645260725202463,0.26899299788464465,459.7157041994517
Maxe,0.16908103367805807,0.1540130818434551,-0.054166701227348936,0.5041390853548046,667.5212724089636
Maxe,0.13627118902554053,0.07366665624413177,-0.023364070138065296,0.7546841230547586,503.8246250960061
Maxe,-0.601312189648373,0.3434563548410662,-0.07004559149378561,0.5824317854567123,586.651676885916
Maxe,-0.5271691120456703,0.750383873229606,-0.0701613152981031,0.662944977503121,480.63225213850217
Maxe,-0.1978111233322048,0.3541339473973379,-0.18654058361342415,0.7960136307403537,620.4425999245852
Maxe,-0.18362978909619065,0.3991638053991341,-0.10119651892438529,1.1419540747353845,448.30640233860345
Maxe,-0.16897085300559295,0.06725784718929975,-0.05949496605700533,0.5548813109176258,379.26744463869466
Maxe,0.27958789248388316,0.22670224771569145,-0.028849377811585298,0.3926726742020405,532.1639704984715
Maxe,0.24861985599473482,0.05881841078570007,-0.22640409062469882,0.6667153513667655,389.90686917072736
Maxe,-0.5330394443865908,0.3069044479665953,0.04750267252272445,0.41089449919148585,559.3530973557693
Maxe,0.3828018256525188,0.4580413455047029,-0.005755906160093231,0.6571221124011096,485.1271959712847
Maxe,0.21172518715411087,0.15120048268372638,-0.22147555452527395,0.5813893278172845,482.86358513914496
Maxe,-0.06586366490269034,0.08475787234935027,-0.20864222878925115,0.5418420308936072,584.774427628756
Maxe,0.23067679180929093,0.10889021488117251,-0.05715872794027769,0.41781810783944734,555.5441106683041
Maxe,0.3867421702615647,0.40851079619690644,-0.03685155395762518,0.8320291428436187,463.80567983515243
Maxe,0.27277157288918275,0.09054122687474452,-0.20876090873551337,0.851392945735438,395.3169951757031
Maxe,0.3958149599898406,0.12533866516418268,-0.19762864993211138,0.9199735594200136,510.1696909229209
Maxe,-0.06283377808862978,0.1423906493625953,-0.015148526246472163,0.5338691553680557,696.7512352087837
Maxe,-0.39676725043478867,1.0610940317261444,0.14081874657148824,0.9049528505472206,554.3111300279651
Maxe,-0.09715007726503475,0.017137285092515078,-0.1402943702195144,0.4733844958612542,910.2924191016841
Maxe,-0.12547706655957908,0.04140914106506679,-0.23986192720647168,0.48871233370757217,564.712309889173
Maxe,-0.17520262729084699,0.07348207238202126,0.04959758562669547,0.6164428026890594,464.6177431821723
Maxe,-0.5633132326940945,0.4560906157211108,-0.110752187543745,0.9255122625150297,390.16807834240774
Maxe,0.12842120391702264,0.020186503964494132,-0.091585380706176,0.6754834378600698,584.3739532824155
Maxe,0.41485661654802164,0.07323623371994285,-0.15553102153914805,0.6573855593270752,482.3896813075363
Maxe,0.1186258392180245,0.11755254500505644,-0.12423236164079299,0.6710298454381405,732.1231074740084
Maxe,-0.06225413702928422,0.05071966579463079,-0.07353491548255302,0.5916919670469093,598.2111398133118
Maxe,-0.6329244120467182,0.3784740235986164,0.09404803146695319,0.9164975815863907,329.7493716032609
Maxe,-0.13416699461418796,0.17779326049184982,-0.026902263500607787,0.5706631129322935,406.97744565217386
Maxe,-0.18342783901303106,0.1564673711532043,-0.27422439854305886,0.7797730425494572,312.2386566558442
Maxe,-0.704120742297366,0.7301349620964155,-0.030346479550026055,0.7753820093227161,487.60594882650025
Maxe,-0.7365567296527182,0.5201057741330151,0.051799008144774825,0.8017707826984267,347.3652205754141
Maxe,-0.4299930275905817,1.3706460852587423,0.07640244101476878,1.8265394621125401,278.45659722222223
Maxe,-0.4276072326515443,0.6771157573081751,-0.10741602792286932,0.8325897428622154,649.6219210526317
Maxe,0.29222066459740664,0.27418619016168533,-0.1504963528963509,0.5188426319333714,704.743086685267
Maxe,0.19063244005122235,0.09460514482445205,-0.18652024565944933,0.503196976425939,453.3326869548129
Maxe,0.3014998337817734,0.1274073975055725,-0.11323954960931475,0.4498197511792398,713.6246125319693
Maxe,-0.5189029391111941,0.14571705132606777,-0.05666568854041282,0.6673869679251256,622.3593737345482
Maxe,0.262855272101423,0.014376721782926455,-0.19851328319651207,0.42409932902165903,731.2390429838919
Maxe,0.30987238973357034,0.34508524084288733,0.0223573362865693,0.4491225265704998,277.17379715041886
Maxe,-0.17612379210539558,0.06009369884523186,-0.09012425472275262,0.5130730113680627,575.8795477969743
Maxe,0.2502583141376647,0.12123930547402545,-0.22725085516160728,0.5070696239701058,478.2228767794175
Maxe,-0.720722071543274,0.5344298198609521,0.0991456420593787,0.9696315492070678,232.13783847402598
Maxe,-0.590659841613984,0.7931364457583495,0.049876702296576064,0.668002155149147,465.3774172879142
Maxe,0.2414941334984846,0.2693700059060178,0.00010235282541192417,0.6781667621524915,467.4726873439397
Maxe,0.16648148983219507,0.23342839351015623,-0.20112577597002818,0.9512877276730038,432.65153488552653
Maxe,-0.5921501105240969,0.21677139009548294,-0.07080490336488664,0.49762539840772757,513.39440625
Maxe,-0.6962276192532941,0.5804392937147426,0.03747932112356059,1.038990561679187,344.00158874458873
Maxe,0.34475985285246913,0.17665461775532343,-0.052931911747820755,0.5765014806400507,552.6406276631249
Maxe,0.5243720174576378,0.052843302103884736,-0.1660423917623215,0.7961951232382507,492.9988501793649
Maxe,-0.10269829912829023,0.11446378708159308,-0.1641998348246429,0.5413424493201845,684.6146145037134
Maxe,-0.0636566978466035,0.10529175146499989,-0.15241151003808356,0.6029931157494606,500.79615117014544
Maxe,-0.6317489615161492,0.5963741460595607,0.0052893736025333175,0.7925624618263314,361.495602159217
Maxe,-0.6906435789473311,0.1599863467353047,-0.06575093325503693,1.0384574102011348,262.374981884058
Maxe,-0.7659420122731013,0.2362121066270907,0.049554956905550625,0.7690966520460063,555.5684844817654
Maxe,-0.4858366371923002,0.47321758071145753,0.05497627714584685,0.7730131343739407,594.6218623288476
Maxe,0.13018283713964066,0.19462071204556441,0.011144002004582914,0.5332590369520295,216.7428947969709
Maxe,-0.32519084417773686,0.23948319489159534,-0.08372544177733521,0.42688419800042526,322.85212431318683
Maxe,-0.21283486632809065,0.3487482369078554,-0.010205628425035891,0.5788207626962885,471.04175232198145
Maxe,-0.6799973913272226,0.21853016085710217,0.04181991285683889,0.567663197525586,454.5346346153847
Maxe,-0.154189602584852,0.2493980729987689,-0.15574437932637591,0.7897654205944687,551.9079560319767
Maxe,-0.1412826859614194,0.2845913115341532,-0.005741289311271265,0.32998617128461116,470.1450598086124
Maxe,0.42257039447185074,0.24790808584102209,-0.1483011913525828,0.7484209595358902,583.2735080844745
Maxe,0.2740972822167832,0.34089840356214063,-0.03317105124435792,0.8315389998720057,522.7803570907271
Maxe,-0.5216385808762855,0.5154364784779387,-0.06893136463681467,0.6425566474903434,279.9455857452505
Maxe,0.2846113585029824,0.21672427101858469,-0.26092227288635794,0.7054965896787884,302.7848436048569
Maxe,0.3193459691108246,0.6290440555942621,0.1832978243657222,0.5867782288983756,545.0559594889006
Maxe,-0.2164228920369704,0.794393295918225,0.017346486855080445,0.9702464680902921,402.7358766233766
Maxe,-0.35995402214608374,0.8119138076334489,0.012233764196290176,1.1482610903052428,342.17885759549375
Maxe,0.18939921796466536,0.11422921602485998,-0.002030232059688185,0.8658160077089224,527.4161917613636
Maxe,-0.11628883903523965,0.0934888324330645,-0.1947707386087228,0.43637124164019675,796.2971790812878
Maxe,0.2662742456347797,0.1795282668494682,-0.29393825205508,0.4913686912285716,595.9557376378256
Maxe,-0.604486459364856,0.32384006853162417,0.06652500808139492,0.6260993469613034,453.3547987338749
Maxe,-0.1659719096982713,0.10549497809231817,-0.13786296141409185,0.7717964280922938,399.83650303185186
Maxe,-0.3321261258461427,0.5056033417259069,-0.06532010976106292,0.6838730705054755,755.0510935652848
Maxe,0.16433776177905998,0.4882571705952066,-0.05100754312049304,1.3145020892887636,350.999025974026
Maxe,0.32065479352681325,0.7513293277508492,0.17413901015923527,0.4564900843966922,473.53790890303253
Maxe,0.36719076772555903,0.1813128506706056,-0.22223250549020168,0.6947233676090423,569.7678367375659
Maxe,0.33571051617677505,0.1354819683615373,-0.05323988359509829,0.5444963091890358,495.9505807622504
Maxe,0.2363590512882321,0.16756985486376805,-0.025273242292001105,0.5142754591563973,546.5197616857254
Maxe,0.20603572934085576,0.01254194590161472,-0.08430292501701689,0.994841154471833,497.817553387746
Maxe,0.33508459303044513,0.16501743495473914,-0.07271161881284767,0.74095164958229,384.48540457769184
Maxe,0.06049912088602112,0.08874312192719273,-0.1899549602834706,0.6617905949602748,523.5442047409076
Maxe,-0.6656328991316878,0.5422902549989691,0.10945282287783085,0.7102924899382321,550.6426260123615
Maxe,-0.2642647557813489,0.02606860368582326,-0.0055870056206289275,0.43941256187098243,524.6847842555994
Maxe,0.486731381078755,0.12025082918691864,-0.07168701479430706,0.596166443222938,567.3526947617554
Maxe,-0.15694003837621906,0.4072230113387192,-0.13489496400173695,0.6997454740082436,246.0425037993921
Maxe,-0.6336248260324187,0.5260560940830703,-0.03402661984554071,1.0603642840844019,231.33419757033246
Maxe,-0.08359772609695362,0.2818549223596689,-0.23684674638313885,0.8213400723954289,333.76058805865574
Maxe,-0.1054965879490067,0.27413681756371766,-0.07049814797703156,0.6610054309390009,302.94580057802574
Maxe,-0.5489393770258925,0.278395972384226,-0.008887360584976009,0.6094069164391603,596.6738321531409
Maxe,0.30912432978448373,0.18469681985411474,-0.0020692119892137023,0.9993612357703235,486.8082267153183
Maxe,-0.622832803221969,0.340198582837424,-0.014068375625782878,0.6228547916566557,562.199595959596
Maxe,0.24100530114682778,0.09551024083200407,-0.21608835111224986,0.586694506534744,366.71323114845484
Maxe,-0.6989874794489498,0.44883100002993565,0.06472500388200525,0.6846352959040841,603.5997542470908
Maxe,0.039553381762026926,0.09097226399558866,-0.2738521692643819,0.4120927882098339,680.3724641802614
Maxe,-0.739389934246157,0.593679344592078,0.02684317393425205,0.655388554324574,390.80217288875815
Maxe,0.1332212656598912,0.05951208554386458,-0.013442968512370491,0.6077604044275402,518.5379396645021
Maxe,-0.6343924506740408,0.4125945861051319,0.09092838481409835,0.7156032561459919,626.7701628412559
Maxe,0.27785699065229874,0.20617410483549015,-0.10786067182549944,1.1024054977202118,448.0345270217272
Maxe,0.1500755366653189,0.16186824169351494,-0.0835760358935567,0.542739075830432,704.5721356045575
Maxe,0.37380366389571934,0.22237733105307728,-0.22516492801153742,0.6793674338311985,556.8527008231131
Maxe,0.35853751203347284,0.026781740671402297,-0.168711768507285,0.5889791533909579,438.4651374530075
Maxe,0.1584831343517433,0.14827848531937288,-0.08826988703184645,0.568740152754231,423.2373401831916
Maxe,0.23781465471338592,0.03993042151266528,-0.04296755761835596,0.38440196563136086,584.9925362503602
Maxe,0.21594482231623763,0.14237774283283622,-0.11173130207928501,0.8199379554681856,594.882105152027
Maxe,-0.1839864874833395,0.3001004532624722,-0.1681007898855368,0.5347956392310945,476.4310147019334
Maxe,0.41513697149030504,0.37174255129980677,-0.028908433196021814,0.683289661366093,534.478919023181
Maxe,0.3068535574199872,0.23793277239608765,0.10317072235041916,0.7155933338547089,568.158564754277
Maxe,-0.4636594201365553,0.21772975114648513,-0.10334705192403924,0.38127491076447373,495.93700491459003
Maxe,-0.4059241091096976,0.2811813244255742,-0.05852290692664229,0.6885312913008447,415.35356513144114
Maxe,-0.39526661229970583,0.38069107859945994,-0.029825976937927923,0.5820336266504192,479.63433442651035
Maxe,0.10459178768545171,0.4258497970332956,-0.11200226614490526,1.1381726391684333,413.11767096642103
Maxe,0.16685519395616816,0.020303891925636582,-0.09628147135193361,0.6699023370359868,292.983319882233
Maxe,0.2535774200423879,0.06290302015613265,-0.19260663643120643,0.7273491410814351,346.97822053145586
Maxe,-0.2529734439528512,0.5726308432104777,-0.021363672945722355,0.6144764949335986,550.3918507595346
Maxe,0.2552158046627495,0.2733388662397217,-0.08542483139926017,0.81656420796318,456.8220198863637
Maxe,0.2913528365582163,0.27072642072403535,-0.12986682939497074,0.723010726663163,526.8901563714064
Maxe,-0.17261586345962507,0.25682137626577767,-0.14036330575086464,0.6016785866389948,375.061486443884
Maxe,0.3173767614156759,0.46481358604830725,0.060829454943601646,1.1090982379029095,737.0189969125825
Maxe,0.33533055211318286,0.24375238812413857,-0.03946971565043126,0.31065871897216707,440.1379277939802
Maxe,-0.10626839657310577,0.08332954972267476,-0.1482764201256445,0.667353801564268,194.60626153589874
Maxe,0.43238218013720353,0.40505758245691237,-0.026282386482497547,0.40812846876953796,560.3390637065636
Maxe,0.2102693609140522,0.06119485118579132,-0.1905499124046217,0.5328325436648524,620.8738310185186
Maxe,-0.3157653324098103,0.4861870041949547,-0.13529466524933928,0.8241847275000254,367.9862463353344
Maxe,-0.5076710550248882,0.2664598907436645,-0.03217667434433187,0.523579740631007,619.3671265125259
Maxe,-0.40095174686201646,0.31449533125492096,-0.05392034091486115,0.6130361344716752,604.688390625
Maxe,0.3746301848005288,0.3953463407081605,-0.050915244546169344,0.5449539183663769,712.6328344379951
Maxe,-0.14810937879928487,0.40955622510739476,-0.09510241653275509,0.5524453114836493,807.1474698641766
Maxe,0.5262128578435019,0.2384820169402814,0.011613030988126957,0.3982433925698383,402.94904270589694
Maxe,0.278307140638747,0.10471505493687436,-0.22764285818154797,0.5418992471468718,572.8037211078935
Maxe,-0.24876739644242346,0.4015072624453965,-0.06011514133103594,0.6354697454777735,688.1535605310903
Maxe,-0.20192757897517172,0.5424572204236303,-0.10252156950711927,0.9980645666002981,593.1999584708158
Rand,0.19865319757419564,0.10299684755449806,-0.15230820556439925,0.8064877128753185,267.375
Rand,-0.6299191359721344,0.5488955301179121,-0.022247934889782408,0.7933483261504133,251.875
Rand,0.24447816450293988,0.10291633539266747,-0.1427255257561486,0.5949843656069541,635.5000000000001
Rand,-0.6973619173720333,1.292838558442034,0.029456396604060374,1.0271725308457804,310.0
Rand,-0.3188519276693716,0.389917403587262,-0.08352349922628388,1.024452554417694,236.375
Rand,-0.7140794800307817,0.6177022889192751,0.014896617258897392,0.7831587992569641,565.7499999999999
Rand,-0.20031196393707215,0.2295410696660418,0.08488927761135397,0.6376028432821521,1073.375
Rand,0.1852285651396542,0.09537830741668869,-0.23217676429101436,0.6022743847572407,282.875
Rand,0.11888953365499805,0.2680873426866237,-0.12224126711618644,1.0101483900054409,457.24999999999994
Rand,0.22345655054012864,0.5800668481416936,-0.0005658832639658405,0.758753388083008,337.12500000000006
Rand,0.23374114960744907,0.5285941734034783,0.008209895904796346,1.0586173295962864,895.125
Rand,-0.43617915468446505,0.6237544270485416,-0.04675016807565675,0.5377077585342598,1240.0
Rand,0.18064285358999976,0.33420933843253925,0.000736173793163113,1.1196033468717594,930.0
Rand,0.12425471282251196,0.06864683563004266,-0.22871152013438298,0.37201842393673906,437.87499999999994
Rand,0.2415528585073226,0.07453672024233743,-0.16830188084574677,0.7836499623268115,193.75
Rand,0.18157049132680567,0.05141723299827823,-0.06354352916834186,0.5737032527097985,488.25
Rand,-0.3198861187264656,0.1570067821509146,-0.06272702190847511,0.7770696217815333,248.0
Rand,0.16292221652924654,0.09768734705026001,-0.22200875197710365,1.0216547608739102,809.8750000000001
Rand,-0.21985883396634437,0.3654099522302189,-0.14169523183574714,0.7219933723815812,1484.125
Rand,0.25288224407326354,0.056981995979974484,-0.1421569824087539,0.4207242661115059,527.0
Rand,-0.5831529857350536,0.34918255187752734,0.021252196224190622,0.6814789720112412,313.875
Rand,0.16218255951395993,0.15521236478329403,-0.07844596475499188,0.666249374962879,991.9999999999999
Rand,0.26382590335315903,0.3606294145805525,-0.05092355074601798,0.37253675467587793,1274.875
Rand,-0.7282291837690388,0.5605095631111507,0.011126238183201045,1.3281337418842336,174.375
Rand,-0.5916313599940465,0.41676093683070575,-0.05094779025155965,0.824501927874156,395.25
Rand,0.23423100190560558,0.7442313509799907,0.07665929196279958,0.7694566139085772,337.125
Rand,0.1377676769149952,0.27316083807526664,-0.15720750397493266,0.7555289734378455,271.25
Rand,-0.13350510490547168,0.13558173788523076,-0.07931593052058056,0.5327420199938745,732.3750000000001
Rand,0.23832581827093535,0.6927357312999809,0.07530212576743667,1.2730200376062983,189.875
Rand,0.2538194205689148,0.19473441242677558,-0.10692923997387167,0.3392201677965623,902.8749999999999
Rand,0.08801940671283578,0.10779869122154434,-0.06545390212836215,0.6425734687874509,864.125
Rand,-0.36862899179186154,0.5412251589955142,-0.12488875635008062,0.916116012070655,639.375
Rand,-0.5466959612936015,0.9474118835489912,-0.04106863460306324,1.0163221276913825,158.87500000000003
Rand,-0.6679292863288442,0.4137379407493483,0.04252473063980372,0.5859064506772006,139.50000000000003
Rand,-0.13565730593839953,0.11533774352528181,-0.3595358908461733,0.6818107680059691,247.99999999999997
Rand,-0.1600588719123548,0.09581405644522265,-0.13145423736192577,0.423784088289473,267.375
Rand,0.22951817554908815,0.1969440922677571,0.013081315191563716,0.7703049649515171,197.625
Rand,-0.4462810441222262,0.20401256839916598,-0.004473417444654783,0.520439038208288,360.375
Rand,-0.47792728347976987,0.5125208319456894,-0.0541236569897781,0.6996212724671045,647.125
Rand,-0.23703506274578554,0.5059428039451266,-0.04583874967273463,1.2102598764652523,267.375
Rand,-0.28350233611548403,0.41517281907367937,-0.02539502114264662,0.6158523482623699,449.5
Rand,0.12086585529736092,0.18117128857435885,-0.04573971760171912,0.8823263125223113,922.25
Rand,-0.44338237232495764,0.6196843631322824,-0.13092464807817816,0.88477561074671,662.6249999999999
Rand,0.21565227999670697,0.016317413154483616,-0.2175830313701853,0.6764761087390102,298.375
Rand,0.15360923263800472,0.03545718219059708,-0.15947503298111493,0.5594178289330114,255.75000000000003
Rand,-0.7590683801265261,1.1325744908431623,0.15939013630594373,1.0892533161858533,840.875
Rand,0.3216731290782469,0.21573272174820166,-0.02797102545909277,0.7709730190759985,635.5
Rand,-0.6798290231507848,0.46126900227224066,-0.004879589347080186,0.7124260994590647,988.125
Rand,-0.5100273569101645,0.3193895692857984,0.042891333216857036,0.5616459755794883,325.49999999999994
Rand,0.2628133965875855,0.23071720279853505,-0.1706025116024623,0.5937314815380385,600.6250000000001
Rand,-0.36980049491601785,0.04022870575598703,-0.05493133336685833,0.7095484325428341,406.87499999999994
Rand,0.06545988625030344,0.06351126597922498,-0.001758095608462209,0.7866302967397213,430.125
Rand,0.21366669558595466,0.13585810151451727,-0.10228375560400964,0.9589272188498533,453.375
Rand,-0.5164006254601049,0.58833440234739,-0.10129688111099716,1.0460561525290522,333.25000000000006
Rand,0.24228071770262194,0.37646654605719454,0.04482366300020172,0.6181282308686907,902.875
Rand,-0.2904743871205292,0.23083397616302243,-0.13851144577852836,0.7951203907568501,340.99999999999994
Rand,-0.16027367413931273,0.097528371382116,-0.031224271933744482,0.8353187672095685,670.3749999999999
Rand,-0.4438199924009421,0.3219964834315881,0.013142662870635828,0.5005400066043015,554.125
Rand,-0.5302700074792841,0.22712672913888016,-0.08060915060766202,0.7826257479428501,441.74999999999994
Rand,0.18888007459063372,0.0976291652335681,-0.11339981023874397,0.6406701396768956,329.375
Rand,-0.3693282252006318,0.2633488024750627,-0.16589389205588878,0.9228404950313822,798.25
Rand,-0.30454064358447686,0.48434772127150505,-0.06324081053912428,1.058075567849254,127.875
Rand,-0.20760022029806202,0.5825500234942376,-0.0013486872646641833,0.8222760518545786,430.125
Rand,0.20346737980772658,0.2346821706867561,0.036430161749913065,0.7987424325540726,495.99999999999994
Rand,0.15570249327539304,0.28285876356315576,-0.15261890942277848,0.9388919613764181,220.875
Rand,0.21166024563268254,0.4705533042111829,0.048847577888257755,0.5419062303037416,499.87499999999994
Rand,0.10829490410690316,0.06363377557916065,-0.18022714414301402,0.48815905685533056,546.375
Rand,0.3054957733937013,0.09268043296592993,-0.09236599598890437,0.85048268102347,697.5
Rand,0.23898990828464078,0.2355733358367902,-0.10290276475939186,0.386753835294476,379.74999999999994
Rand,-0.5459945830609225,0.7999767016651291,-0.108155349213693,1.072726588302676,248.0
Rand,-0.4073032374064065,0.4609350714229174,-0.05836858152450268,0.9635643087651533,240.25
Rand,-0.14322139671875686,0.0895931091013288,-0.004733412666036506,0.530812751616983,643.2499999999999
Rand,0.22035412966291062,0.07700801339288058,0.09217084514987248,0.6515223327180553,864.1249999999999
Rand,-0.5046997556865324,0.5568643903491832,-0.011649539724571016,0.8689164716472935,209.25
Rand,-0.5939024240951907,0.39072006681894816,-0.04483939824762645,0.7567411912561284,143.375
Rand,-0.7739714784827431,0.6770399570540336,0.15078239891268763,0.9051680412163157,654.8750000000001
Rand,-0.7252521867425272,1.2442608388153429,0.054036043306284996,0.9541019655082034,895.1249999999999
Rand,0.20717441576105156,0.1439011230755153,-0.143749836216323,0.9548815572794097,461.12499999999994
Rand,-0.26019873196935256,0.07585810305100887,-0.07090091109435588,0.35884948643532116,329.37499999999994
Rand,-0.19638486375670425,0.13995991959129528,-0.12513516792300536,0.542586536383075,279.0
Rand,-0.7541744074322996,1.1667503670486454,-0.02157608941200346,1.2369085573108436,821.5
Rand,0.10686233755248589,0.19102962378925428,-0.04106695924284615,0.9946919105663111,465.0
Rand,0.24836970047681173,0.30430163113184056,-0.10700912362091004,0.9953378127232658,945.5000000000001
Rand,-0.14467030280544244,0.17784632066974843,-0.019990670232447875,1.1286401208747368,232.50000000000003
Rand,-0.23222538904869855,0.4711701543874478,-0.06595672575451039,0.8640065979766868,499.875
Rand,0.0895167093945101,0.013324737174782681,-0.06579987919894396,0.6922294762063894,1178.0
Rand,-0.5904017391361884,0.5320664396397834,0.06376469978465554,0.7455924055941701,716.875
Rand,-0.45253108603822223,0.5042442636557167,-0.03941829239353447,1.3428846557116527,162.75
Rand,0.0694739221930535,0.12479720551095495,-0.02104726724022747,0.6134795328761851,240.24999999999997
Rand,-0.12870147542751353,0.4675778369378274,-0.09008777948023344,0.9939847928562181,461.125
Rand,-0.6525902979176126,1.1768899826660695,0.0643667875535161,1.0287618911741483,255.75
Rand,0.09121435236695999,0.2746090326604601,0.00729231538877429,1.8961560298946811,220.87499999999997
Rand,-0.237614536910971,0.7129367038940662,0.10412829514050508,1.1153912642272297,158.875
Rand,0.1261551708036305,0.1705971531217117,-0.07305807349885474,0.7460234286180536,511.5000000000001
Rand,-0.444078845891805,0.14266209621864037,0.1017012374219879,0.6291261320705211,484.375
Rand,-0.5583972900942955,0.5572888717723719,-0.012887540571853411,1.0105940720036293,620.0
Rand,-0.13071801078402714,0.41700472683726697,-0.0434294608477413,0.7374375988249294,662.625
Rand,-0.2844560488092616,0.3397675457165799,-0.07483650335991406,0.7370420106613904,573.5
Rand,-0.3495404866743311,0.14805149428805392,-0.06688416499894342,0.694288638698301,329.375
Rand,-0.6768250597093832,0.6224572183749747,0.030759753495509516,0.8096516802891691,747.8749999999999
Rand,0.1586977278942827,0.1774871913575622,-0.06301982219212794,0.6115939313494348,492.125
Rand,-0.6827522064357197,0.4655164797563001,0.026827387025585982,0.8500205444192446,1019.125
Rand,0.42641052075576735,0.12516043213417583,-0.16430134991443768,0.5961149876838179,503.75
Rand,0.37565087916848094,0.26416314304319743,-0.15277446650662277,1.611235073212856,255.75000000000003
Rand,0.38381947795196725,0.3065785068737898,-0.09236241371011382,0.7637142404953037,639.375
Rand,0.15639835636619137,0.23185297741733724,-0.11706211710927616,0.6234084170957139,220.87500000000003
Rand,-0.6378220370154699,0.376936917363971,-0.11415153040817302,0.8117559383012292,321.625
Rand,0.2893708795440473,0.15103085400689234,-0.0919162223286596,0.8368170811015151,236.37500000000003
Rand,-0.40048351222008793,0.45194065423967567,0.01623202626332807,0.7281898328805293,647.125
Rand,-0.6527193252509578,1.2488035275594487,0.05083547380646078,1.4651331483433596,209.25
Rand,-0.3700314897323624,0.6516081523275756,-0.026818599730986176,0.627623145309807,1116.0
Rand,0.07838736478589045,0.0061423557966105834,-0.06194726412070513,0.7304380848015224,1112.125
Rand,-0.10526812544356465,0.08838112449728239,-0.1637574557683651,0.5600728624655296,534.75
Rand,0.19592052569307225,0.09987654033606808,-0.1308734650980125,0.5617185190216839,395.25
Rand,-0.19504802034148377,0.658715348048262,0.05938967277215185,1.058598285806996,709.125
Rand,0.30687099862976625,0.21071167194080231,-0.018563048943098546,0.8782175818932882,178.25
Rand,0.32348843707312014,0.5122999868809222,0.06292887314635258,1.0998906407649394,658.75
Rand,0.18206365925206686,0.020506299090747773,-0.03446429808754232,0.5182207562167325,1379.5
Rand,0.2551061535513673,0.4190275692950684,-0.04494620765743807,0.8555855559977086,581.25
Rand,-0.16435373974975495,0.10834301899249629,0.09388432942865382,0.885757060653915,499.875
Rand,0.3660639165837419,0.2737068047706325,-0.15637281090923003,1.682343036262282,600.625
Rand,-0.5245098656196492,0.3707399392896299,-0.0055749420739667445,1.2920377229518698,244.125
Rand,0.130612276886397,0.18822870196597433,-0.3329145993949652,0.7746530451712027,298.375
Rand,-0.5129815184423014,0.3869179670443541,-0.09239783237621137,0.5807439155140748,120.12499999999999
Rand,-0.32720394409870657,0.2463797888251014,-0.09692029696123755,0.688817955565774,647.125
Rand,0.351316936474672,0.22360406597684857,-0.058714953861663366,1.172088638459741,267.375
Rand,0.2498513489318911,0.23059141534977165,-0.1447765634307617,0.6964310973410799,813.75
Rand,-0.06177197452719357,0.020291804858084357,-0.2539762878203719,0.4384314599280602,693.625
Rand,-0.5556386397089111,0.6044382687723872,0.02221955042417987,0.7949644232984925,1232.25
Rand,-0.7064953567484489,0.16144539919474013,0.05311593946614346,0.9600387706005149,139.5
Rand,0.07005175249640441,0.3048398129362402,-0.15889735807532265,1.1220339302333728,569.625
Rand,0.3166974658253053,0.32476401216993567,0.05073940627965204,0.6706831508870965,767.25
Rand,0.35425147129237805,0.13551741010198692,-0.15761401569157246,0.48362695160074826,751.75
Rand,-0.7676466301703804,1.004533111279561,0.0910976654724107,0.9361110609416217,771.125
Rand,-0.14785207432073344,0.09809298084268939,-0.17025956250450028,0.8493535587563619,158.87500000000003
Rand,-0.3152969738253482,0.1304320325113436,0.02029183239334859,0.49245788490747383,1457.0
Rand,0.31401859476819105,0.17638706334476148,-0.062058871230779,0.710991093316703,321.625
Rand,-0.18022189574749004,0.21933692139982267,0.0551872485567295,0.5752802531576326,988.125
Rand,0.16142207343179232,0.025920076160817557,-0.11784319354357489,0.29925721963206764,658.75
Rand,0.21823808558810814,0.2329170490930333,-0.08075075190933774,0.8403569347156693,503.75
Rand,-0.15811499839601392,0.08169062530881889,-0.1457506525588399,0.8093128250593896,162.75
Rand,-0.10440519243346888,0.35230982452471604,-0.128174809776823,0.8095475427259619,368.125
Rand,0.058861910294173606,0.04951013957720519,-0.18390574823744565,0.6295443162717895,794.375
Rand,0.2044791846617352,0.18888304253820637,-0.12633050957374004,0.857656380737953,282.875
Rand,0.1621453598741085,0.16593625695425718,-0.10101013522212451,1.0703067350184055,527.0
Rand,0.2462906993607538,0.24993379641654803,-0.011187622767590225,0.8142753697647351,1034.625
Rand,-0.5142534057640183,0.3465283137892875,0.03644679632603305,1.0377458812388753,220.87499999999997
Rand,0.14238718829451408,0.2838574831278492,-0.14362555260592821,0.9780368129890084,368.125
Rand,-0.40030109714573103,0.2702722337958454,-0.06924674326024818,0.5429906936868637,918.3749999999999
Rand,0.40807272508088216,0.15607484875608574,-0.09545457159708562,0.7780912327877532,558.0
Rand,-0.2680731969310896,0.47769901465559494,-0.06374340430199797,0.7149827427543323,589.0
Rand,0.48651574436769823,0.0038394621295912423,-0.037241371011191425,0.7293240411043949,484.37499999999994
Rand,0.2597799163558864,0.4271187342607238,-0.13167913552274021,0.8589745378971131,476.625
Rand,-0.6038539296444608,0.2470140525732637,0.007060758290876107,0.9669432997450416,341.0
Rand,-0.1878223172549413,0.148961097337744,-0.0812802514142142,0.5232618305002822,1251.6250000000002
Rand,0.2717057161876284,0.2609471636121084,-0.032010697400626655,0.8028244910973323,321.625
Rand,-0.16094147623629307,0.7451245647855423,-0.05648323393604717,1.143750487234337,434.0
Rand,-0.3466543192493777,0.4332515894173727,-0.0586523679830708,1.0681152242446144,949.375
Rand,0.17148696690302906,0.5958658746257134,0.020433684870892303,0.7948167031262368,364.25
Rand,0.24161403884182897,0.04764934577082336,-0.18906423225912092,0.6930166893397114,608.375
Rand,-0.22253236357926495,0.4189954054034463,-0.12634065909438796,0.8004138830469615,561.875
Rand,-0.6597071396750268,0.09184622043927736,8.680970521940002e-05,0.9101777853445464,511.5
Rand,0.19267098810320174,0.07738496600806748,-0.11456234052385451,0.7253955594093012,155.0
Rand,0.12188781562386972,0.04387490284571317,-0.15079339649615212,0.5860685566082586,619.9999999999999
Rand,-0.12645410992029352,0.07840355753127896,-0.09684196702985319,0.5865769122469869,740.125
Rand,0.3323663607734936,0.2521500319551848,-0.1581130023151398,0.8727997662466979,217.0
Rand,-0.31103381531508234,0.16832457955634875,-0.12295985969729004,0.7089423908092535,313.87500000000006
Rand,-0.3167350400771082,0.15745666690251814,-0.030589915460272607,0.6634239597380002,1061.75
Rand,-0.5000127434779141,0.5815287687188533,-0.060672679935108324,0.8798752701872755,341.0
Rand,-0.3333783498730912,0.18227469443598737,-0.0399168143139481,0.36868688962351626,472.75
Rand,0.2270312721842352,0.07895423613433451,-0.1695316323672686,0.1452663920847556,523.125
Rand,0.23428841668360711,0.18546895811859254,-0.2815498618171149,0.8734814240276215,263.5
Rand,-0.26447693844696396,0.16326091771418905,-0.2071703921261008,0.9915251205645144,317.75
Rand,-0.546284059741974,0.3853595547923287,0.06807670567300896,0.9042768517263293,81.375
Rand,0.24306956372346245,0.38835386969644364,-0.02068701899897755,0.9066452452496413,240.25
Rand,0.2390564684252082,0.3593236015538128,-0.06648027997154514,0.9003149902392766,461.125
Rand,-0.6219925707631241,0.3122700816320081,0.06818032441289039,0.8033306792250318,918.375
Rand,0.3454785719376291,0.17093313262655235,-0.03444107329533281,0.38935564101818215,511.5
Rand,0.312712984685974,0.2607629894811014,-0.0389106810398022,0.7580914597945092,806.0
Rand,0.3296245066908324,0.19403151871878324,-0.10765624389787123,0.6825033110585981,279.0
Rand,-0.09894536361120013,0.3232635768690503,-0.1745680671021609,0.8295741902322139,775.0
Rand,0.18624479634409835,0.01557170254617923,-0.08322970165101928,0.9207436942581355,178.25000000000003
Rand,0.2252788443055347,0.7500571126745934,0.020422777293517,1.3096163676403842,255.75
Rand,0.11220589631383265,0.39366705778061295,0.038322712782824536,0.5241112504608808,561.875
Rand,0.34434872131394545,0.13851889530041245,-0.1389751540934071,0.5867781503319698,449.50000000000006
Rand,-0.3415602536370904,0.13029333853282105,-0.12922769193374858,1.0421046065985065,155.00000000000003
Rand,-0.7650474483226015,1.4070381970028627,0.20060816605610968,1.3711085550724005,306.125
Rand,-0.05184449313452096,0.07273943475699265,-0.017853219501227147,1.1413696017656252,209.24999999999997
Rand,-0.2781065693290934,0.6393438760731399,0.008041301191564989,1.0075352963017725,240.24999999999997
Rand,-0.3198766153617718,0.8098598256117843,-0.004347317009995769,1.3967691595092915,197.625
Rand,0.10865035230180894,0.19532934198900528,-0.15677174206978306,0.5995351375204349,1395.0
Rand,0.36492711043849935,0.04743054936157364,-0.17369831576844125,0.7740797506463208,116.25
Rand,0.26860331596851056,0.1370604574376323,-0.07225333071421301,0.8260754231737086,457.25
Rand,-0.709921538924792,0.39967310116073995,0.035232548169857235,0.9356518142615123,267.375
Rand,-0.2638828772778314,0.5081346604831073,0.06790174079964278,0.8714036529789958,267.375
Rand,0.18623089119526082,0.018404993126632657,-0.06631851653292001,0.7064856533920537,511.5
Rand,-0.694378555304747,0.5693992939974571,-0.10542015064153806,0.7079092175972694,434.0
Rand,-0.7574894886238016,0.1451895225303579,0.07905141798627521,0.49999120534962593,937.75
Rand,0.12608719447452316,0.039085555977322536,-0.250366154951097,0.6302257283089471,201.5
Rand,0.16942332729038587,0.0417383600067002,-0.21512280265837355,0.4786555764671815,643.25
Rand,-0.10652105901446866,0.3287463936300538,-0.1405890420945147,0.5448536104984641,678.1249999999999
Rand,-0.7394372201730952,1.3608096706578827,0.12403842159392302,0.9032831017119912,507.62500000000006
Rand,0.25705925045081246,0.9121498101882243,0.0939661631279134,1.2272963413665114,282.875
Rand,-0.12394622734971952,0.11518962573137957,-0.11600566705469284,0.7347949865398798,515.3750000000001
Rand,-0.47728022877008935,0.40258137253312687,-0.036302770426171145,0.7084809953831274,561.8749999999999
Rand,-0.09111150851133445,0.5017559666643796,-0.11790917571084136,1.0449400600672125,224.75000000000003
Rand,-0.18630920927434078,0.4311756867816723,-0.10515961597756954,0.7946544127693183,302.25
Rand,0.33718155116296605,0.2364620426002037,-0.016150104105655445,0.5299927687986136,623.8749999999999
Rand,0.4518940730912493,0.20701220980762589,-0.13823112690204584,1.2265032000262368,228.625
Rand,-0.15627990139824666,0.7903818235497608,-0.021069738550908018,1.0681940980969682,395.25000000000006
Rand,0.3242115891281925,0.16531961164354392,-0.12343278560271884,0.7840578998151014,530.875
Rand,-0.4464505741720577,0.7022119922608964,0.06359107457470929,1.3458515558053068,155.0
Rand,0.17147718047687685,0.05859633652762267,-0.14900358322433327,0.7848510835963143,840.875
Rand,0.28124921795122676,0.08270307086547828,0.05225426166029846,0.510083414037492,1375.625
Rand,0.33794280966279355,0.21514270895921356,-0.11347279405082138,0.7063536793984065,356.5
Rand,0.22222528117955037,0.30905430706647075,-0.09300445284580457,1.0533093176296262,182.125
Rand,-0.7459371003381163,0.32289215562376034,0.028017622366684727,0.7160859667129418,73.625
Rand,-0.1707600829325544,0.038765555985517175,-0.09095412762548481,0.5105041012575812,507.62500000000006
Rand,-0.7539757426417298,2.311549108539075,0.16243303353329347,1.4153267840739732,406.875
Rand,-0.22970985627448404,0.674248459046134,-0.09224130422626547,1.4167845483399162,751.75
Rand,0.2383530004241076,0.29434844316649306,0.03050274154668187,0.5967627608240209,488.25
Rand,0.23500596640054863,0.22967955877901255,-0.11546422565569452,0.918011583789626,255.75000000000003
Rand,0.05915317069911785,0.0993809705664284,-0.15368555582579332,0.5898621479773676,251.875
Rand,-0.5028212547066803,0.2036528244903244,-0.10327244611939058,0.7186109974595875,488.24999999999994
Rand,-0.6698911092533291,0.4823441361755663,0.05205823991146486,0.703771344887477,341.0
Rand,0.08175420904167334,0.08231444091384275,-0.2862216254967322,0.5383605577200071,515.375
Rand,0.1920457843559692,0.030010216901146775,-0.19373644830911327,0.5234285196013094,484.375
Rand,-0.2809761482631843,0.6726087151700711,-0.1732245828734254,1.6897117601269624,949.375
Rand,-0.1716466717271088,0.25504990383995124,-0.038483528035462754,0.9973690378490073,209.25
Rand,-0.25945342221107853,0.6150205988471037,-0.002898138447233343,1.2869595425238411,306.125
Rand,-0.13116196960093712,0.08655556756579846,-0.0724111216354613,0.44528129350238743,577.375
Rand,-0.6715798965775075,1.0783719826281168,0.08166144320222606,1.047336884619655,298.375
Rand,0.104536223634112,0.32407812230273697,0.07047653419561731,1.730642420475281,259.62500000000006
Rand,0.10517705989613738,0.08832826918493555,-0.20013448125001318,0.6793176162870329,232.5
Rand,0.3257115430675991,0.3940901051449396,-0.010614049849658143,0.9626413191919162,550.25
Rand,0.21879319232347438,0.04105677231608774,-0.029288513592329424,0.3817185296025599,422.375
Rand,-0.4030968799817437,0.19239710134706525,-0.10239268995343012,0.6485542415919391,821.5
Rand,0.299516592962346,0.041823379210668934,-0.1725566327422263,0.574154315296195,821.5
Rand,0.0411190580946766,0.1542107771008763,-0.13860073523894728,0.6666485691158125,589.0
Rand,0.1974945737957,0.08212596460624934,-0.19969089773479837,0.7579622220599496,577.3750000000001
Rand,0.3846996394221329,0.21651551302136968,-0.08386336576590489,0.655580921896386,767.2499999999999
Rand,-0.2503087994489601,0.6900179848907043,-0.013304760537064149,0.9648407119124841,852.5
Rand,0.04483206644943177,0.0014427400398786213,-0.3753771639200412,0.7361092279337375,135.625
Rand,0.3263778584583844,0.14581149434541618,-0.05951327033796234,0.3018658434817157,1084.9999999999998
Rand,0.040638820541431836,0.014056926656672807,-0.05472567025697241,1.00608569450133,689.75
Rand,0.13274123190660728,0.07511013892163537,-0.18356861364786609,0.796013585003884,573.5
Rand,-0.5680668982403734,1.0078687321928619,0.07473459525821186,0.7527361181062473,546.375
Rand,0.1688468744280806,0.13449758938546502,-0.11365011769339124,0.7525320108082153,201.5
Rand,0.47009762501306945,0.016082432366647078,-0.042225921284327055,0.6728551030531402,1096.625
Rand,-0.21843176365305766,0.12684504156606818,0.020147265651497978,0.5317326368519735,1100.5
Rand,-0.30113364034448475,0.1701839393038683,-0.1435016413124928,0.5352054480556877,813.7499999999999
Rand,-0.4129249128001402,0.3010549218679916,-0.037866825560949786,0.5698883402599345,321.625
Rand,-0.3285082809317345,0.1955188426243574,-0.15020549225666768,0.6264590538194956,689.7499999999999
Rand,-0.16866331473509105,0.46183299713615866,-0.13133012566041083,0.6724805274236331,275.125
Rand,-0.5169871199463991,0.978912010783302,0.027491855465005783,1.205039420601469,511.5
Rand,0.1752747074772269,0.11064304454179154,-0.1447518979357417,1.1907565168096113,767.25
Rand,0.16423647466302518,0.42271801734396847,-0.08011230704067786,0.9451814541495025,662.625
Rand,0.3581209665376386,0.15721676934143994,-0.15270680905308606,0.5712607237689898,1034.625
Rand,0.3226359022266926,0.2819204793362231,-0.08122170789292608,0.6844056251544463,945.5000000000001
Rand,0.2244291092037078,0.19522445082651851,-0.08740936886923542,0.5355285998560684,821.5
Rand,0.16763607396628355,0.20699151838690077,-0.17031358041045308,0.8891391176959299,418.5
Rand,-0.5185957701195419,0.2575377911001846,0.023194227329305206,0.6674018481251438,1100.5
Rand,0.14323934087704346,0.045554185773260314,-0.06055343767428387,0.8936107265124085,213.12500000000003
Rand,0.2631244089749635,0.19247269673565442,0.027582402547196787,0.32833399323547663,1127.625
Rand,-0.2897399828373357,0.48654531404493406,-0.12244219246571102,1.0827339528311406,437.875
Rand,-0.19209166847146536,0.5299565293224957,0.004455032882748096,0.722033156522868,1116.0
Rand,-0.6691680205580662,0.5110519459397708,-0.02414414841720743,0.9758372011448745,62.0
Rand,-0.4404659783538193,0.12863597621930922,-0.10414047522503365,0.5295834213725433,755.625
Rand,0.058563588359060934,0.06845139389369026,-0.3039601015713887,0.9009604173805034,166.62500000000003
Rand,-0.639177969294764,0.3750642413555891,0.025816785700878222,0.5877043682802263,410.75
Rand,0.10473210270066646,0.02679772018443737,-0.2525268127442594,0.7496487181582894,116.25
Rand,-0.6272526125176061,0.7328199300174152,0.08044294506171269,0.9941842967888417,217.0
Rand,0.13015160260164266,0.015776158366807687,-0.178211478529485,0.5645161075849352,527.0
Rand,-0.074761984546728,0.047057694057421405,-0.16977174975236156,0.6376940656161579,368.125
Rand,0.39693873120555845,0.23126685707383215,-0.12487007933705364,0.6795259184668921,538.6250000000001
Rand,-0.5938484773974705,0.3577047539640267,-0.08464676482705037,0.9331180546156214,186.0
Rand,0.3135303572499998,0.24760611401776905,-0.011052452419309768,1.02354988309549,534.75
Rand,-0.7807543474606122,1.0143232262657305,0.20007393672359503,0.8538040140796261,864.125
Rand,0.42183927200717986,0.2512652176372543,-0.08048248524153367,0.6066612118505691,368.125
Rand,0.2506435667714713,0.7163970879283714,0.04433336783099344,1.1231594532343319,325.5
Rand,0.12270614978453928,0.06713636191712272,-0.06708747004537843,0.5527255043426892,503.74999999999994
Rand,0.10138441566208015,0.15437692306333106,-0.03375439587237581,0.7250265067090865,383.625
Rand,-0.6227841319389149,0.1362032999691858,-0.07094819872800058,0.9932501094949029,767.2499999999999
Rand,-0.7401823758884702,0.2959160743683464,0.06484402662163659,1.3013826776836332,38.75
Rand,-0.7088469827591805,1.0570671944413008,0.039624600914926804,1.1905768848257194,271.25
Rand,0.10906574332764549,0.10109282711670094,-0.19406498525178867,0.4892071592075202,771.125
Rand,-0.5645346597947987,1.2161358715458164,0.1096700978612938,1.3854290000553668,259.625
Rand,0.2884182470970015,0.4498426261243884,0.07494313035710401,0.49660835503090006,964.875
Rand,-0.46396553372324806,0.33451090052468885,-0.023472726628272475,1.028526716564787,170.5
Rand,-0.42098538891879944,0.1377354894305893,0.014771863015348123,0.7252707624136586,453.375
Rand,-0.350040536590932,0.16449441320116742,0.04459661085887213,0.7036135711216026,561.875
Rand,-0.4418557288759199,0.8921668145411829,0.0369294711914432,0.937730486843138,577.375
Rand,-0.16243610059077124,0.444971333035305,-0.11822424121804123,0.6823431472887999,887.375
Rand,0.16277946929117848,0.0034211266729545194,-0.2122500921310521,0.5217794269677585,736.25
Rand,0.2483555305162081,0.024303891823203784,-0.006147331664136724,0.5571105449108702,1414.375
Rand,0.2422807774713718,0.14050629601776443,-0.028549802109764225,1.1393227866493978,251.875
Rand,-0.4380695268418715,0.2385070105375925,-0.0813923531910971,0.7567911258581336,763.375
Rand,-0.7810987131660567,0.3999982227913386,0.11037719266931653,0.7958169526296822,418.5
Rand,-0.19448345147925677,0.5856906124022887,0.05732275895615258,1.01678278297017,453.375
Rand,-0.12566326744043693,0.0959173086832955,-0.13974138405450165,0.6882001408834112,104.62499999999999
Rand,-0.7633802746978069,0.5358660810277576,0.08648516641145011,1.0204645674313029,631.625
Rand,-0.046403315402353464,0.13761625767948116,-0.3361010629853677,0.5468943013018619,348.75
Rand,0.36022319269749037,0.18494778015498642,-0.09156811454161852,0.9798738404491126,608.375
Rand,0.20625110423513332,0.009129910137518283,-0.3220629805389915,0.6703311008693766,193.75
Rand,-0.15832179500660945,0.03964729732017162,-0.23992049010283772,0.6720051198350094,155.0
Rand,-0.45745324687481803,0.06516207259508142,-0.008018933037781424,0.4109948659930013,778.875
Rand,0.06586144088045942,0.12733979187350086,-0.15651330571309222,0.5894159726908726,422.37499999999994
Rand,-0.15700193782895389,0.09977082971137441,-0.0918340282652807,0.45862789578238783,406.87499999999994
Rand,0.23183272390206222,0.1101003556952534,-0.07219670674488607,1.14257347470987,422.375
Rand,-0.33841259215987585,0.33845968403432275,-0.08382476747262647,1.084479234467006,89.12500000000001
Rand,0.28338957316844304,0.03297687495577781,-0.24427387064266137,0.636556322754951,313.87500000000006
Rand,-0.7188421687517335,1.3951113343121295,0.06419906267556574,0.9638329624813986,515.375
Rand,-0.12164245050793421,0.1280621478089079,-0.10286097857012597,0.6561250768931586,499.87499999999994
Rand,-0.2103480811059471,0.5238875922179873,-0.025938068790673605,0.8151778188587124,267.375
Rand,-0.3333805895690831,0.4159986321127107,-0.03208326387008081,0.6852558651176983,453.375
Rand,-0.04156399658260556,0.2116659356807699,-0.16192180328221628,0.893720958107862,387.5
Rand,0.5040187228576659,0.08102173928241387,-0.1335418786306063,0.8543240013457788,279.0
Rand,0.19983806778925753,0.09755397957608261,-0.09233336360889623,0.8622132111892784,434.00000000000006
Rand,-0.3847464705168577,0.09571633557704645,-0.03492726041719865,0.8676989799385793,368.12499999999994
Rand,0.34182544914863283,0.1250934410987595,-0.12623890336403676,0.6050701424600993,550.25
Rand,0.08631263618872594,0.07888437698119385,-0.12145275214683526,0.6304015135258545,236.375
Rand,0.3200235790667279,0.28161768805076326,0.0924562013627895,0.37280357798434904,999.75
Rand,0.3634447196192152,0.20987377183421835,-0.02607402553575065,0.8202245638141779,608.375
Rand,-0.699789373548462,0.8195839738902948,0.08640168907741053,1.1371474788525622,73.625
Rand,0.12402566025455238,0.03201789930812044,-0.2950758438851796,0.684493582183201,453.375
Rand,-0.18051714397420637,0.2575359473102192,-0.0154164202706099,0.8753178912812484,139.5
Rand,0.2571995471730746,0.13650691071685245,-0.23828424360238235,0.7132936740969258,317.75000000000006
Rand,0.4059034145948308,0.2776732067177155,-0.17372915664816485,0.8879641246164227,271.25
Rand,-0.7143767745344681,0.46772554500062624,-0.030914131749781668,0.8737331050563029,650.9999999999999
Rand,0.24680750332605983,0.49106731136831455,0.1399422700319127,1.144388255044749,337.12500000000006
Rand,-0.26230522985159377,0.26404534535095125,-0.06824600687463392,0.6083175325696965,263.5
Rand,-0.29098630613928694,0.0758431478657324,-0.09308998675367328,0.7340138081789509,251.87500000000003
Rand,-0.4358691523579732,1.0222246857304815,0.013639263579719915,0.8834466370373097,279.00000000000006
Rand,-0.5830902211777163,0.6716304821605508,0.012477764340998418,0.8812580251447023,503.75
Rand,0.11586750494623319,0.3061437821730143,-0.1004533879476092,0.8857812511944828,162.75
Rand,-0.7795799984673332,0.47150203658125356,0.20618052191132163,0.7925945411960582,581.2499999999999
Rand,0.19894339995622573,0.26509610076578477,-0.026705921225840194,1.0796815922697214,887.3750000000001
Rand,-0.5137393925315138,0.8013017720537317,-0.060459976407314917,1.094208727371262,100.75
Rand,-0.3125414292427476,0.3725206306652844,0.07415588706539733,0.4640261873157017,635.5
Rand,-0.053485285087420426,0.04531531253994089,-0.22001255003115203,0.7786478365533761,856.3749999999999
Rand,-0.3650081677256457,0.08573262264449111,0.020299756892012574,0.8602281642675089,476.62499999999994
Rand,-0.7747809279192327,1.362401066263737,0.13038982623334952,1.4362766752596747,170.5
Rand,0.41445983316532553,0.20463638400419,-0.08475470124796555,1.3930962978181458,530.875
Rand,-0.12269612921042343,0.10022399231180555,-0.20683121780334532,0.9029200617685545,224.75
Rand,0.25750065628849755,0.17517466900961157,-0.15998713656861144,0.9230131707009203,251.87500000000003
Rand,0.06558398572513642,0.25382316891618006,0.051159294685847144,1.850657244322409,201.5
Rand,0.316080806807022,0.11806409428773135,-0.13105269721580837,0.8366245670213611,379.75
Rand,0.35102420561507175,0.3289123347269566,-0.0564456311043449,0.6567737208483236,747.875
Rand,0.5480015953284605,0.6614253095665731,-0.08720028692872822,1.549634055778675,391.37500000000006
Rand,0.19705965266360795,0.4104668524848436,0.015032101116998054,0.5807202347638024,1414.375
Rand,-0.15118423469525405,0.0644284490543292,-0.29817805768863914,0.26358126717247277,662.6249999999999
Rand,-0.09212222595043491,0.08355695048509733,-0.07758404846745748,0.6626043428824924,356.5
Rand,-0.21300770270157485,0.1681774860902051,-0.05324567980817507,0.3989062110064236,577.375
Rand,0.3243292766149991,0.11165835821617517,-0.12830963746199156,0.3901540559612242,523.125
Rand,-0.09087895640697413,0.20100452750308495,-0.1491609004974186,0.509850556423321,484.375
Rand,0.17665895894637434,0.30503750819366166,-0.16826083981651707,1.2708563813643174,453.375
Rand,0.2983144257343354,0.05707357088159863,-0.05919777624557512,0.4954324402216747,546.375
Rand,-0.6473909974281505,0.5907936084303811,0.07854247758958004,1.0901394050434507,313.87500000000006
Rand,0.2861988158670271,0.13691192991262663,-0.10418509321966389,1.205123719188229,592.875
Rand,-0.7409970112248943,0.18927863791860078,0.0061622865883216435,0.5065918120085895,802.125
Rand,0.07340479176951095,0.16622778063437174,-0.06446249948802774,0.8081787846629307,461.125
Rand,-0.284160349120132,0.10432806390965269,-0.1982256408024438,0.5708140218997876,554.125
Rand,0.27034576562851464,0.050891547992533995,-0.018264200676538105,0.6445031257673323,821.5
Rand,0.2510400814616357,0.1963393291590441,-0.170241255703683,0.6337752725838497,344.875
Rand,0.3394189171008538,0.38559187232799286,0.012121031213351525,0.8002712855814492,639.375
Rand,0.3117585421291451,0.403245956382946,0.018444281847153132,0.46245552902380305,581.25
Rand,0.31284280040112555,0.3938106685323771,-0.04309294883713691,0.5726634365565212,852.5
Rand,0.13232920545053947,0.1011999718002568,-0.13179325857051077,0.762198647784317,426.25
Rand,-0.41648217944120136,0.2224938995520127,-0.07627410857497242,0.5571079230409302,205.375
Rand,0.2976401669053621,0.2989304660965308,-0.1185638814948178,0.6386530834154144,364.24999999999994
Rand,-0.07580033273411244,0.2587460881242998,-0.08466991300565746,0.851186726638009,213.125
Rand,-0.2107104212887172,0.1700862184356921,-0.11652734137548043,0.6752226053011333,809.8750000000001
Rand,-0.6638874716391865,1.1130417896788265,0.05795148888401285,0.9892830126693786,344.875
Rand,0.28913574077689286,0.09899766711913788,-0.2561513264032117,0.6503892339660357,306.125
Rand,-0.5088331897543122,0.276788392399785,-0.04453655442400163,0.7434811845727984,651.0
Rand,-0.19674008944629062,0.2125151033926989,-0.19209490565772186,0.8437997818435372,391.375
Rand,0.2631030408259069,0.6428868209247931,-0.01604898323112224,1.1206179984014721,550.25
Rand,0.24560287665054284,0.13029354339837276,-0.00911978922860403,0.5163698262212812,879.625
Rand,-0.23757704008511638,0.5669359906034316,-0.014655087420699668,0.9795551599297435,631.625
Rand,-0.13973330167680026,0.18379295303987325,-0.24926069291949393,0.9178624933615687,147.25
Rand,-0.7367420002808124,1.1746706741441564,0.1026618588039718,0.8936419998968387,519.2500000000001
Rand,-0.7661216930186827,0.45191668497012305,0.1508092400412128,0.7676093226618544,794.375
Rand,0.32964509169131706,0.2181179713670173,-0.06054857519321835,0.3664620734815774,554.125
Rand,-0.1713620633091591,0.24159658792326272,-0.0775994322853535,0.3814976316013721,511.5
Rand,0.36884243565678265,0.15653743517189667,-0.14348696641095607,0.6680323422779878,434.0
Rand,-0.2620060704867268,0.6615654376039578,-0.1257102653221745,1.107468165080227,778.8749999999999
Rand,-0.2803071148075413,0.5277593462801704,-0.006762096371560871,0.8039307071171572,833.125
Rand,0.3293813678112663,0.1905744125333057,-0.07948141249822661,0.6176210992879518,426.25
Rand,0.2528132489729635,0.24891438543112962,-0.043167307166978024,0.7384073334007895,759.4999999999999
Rand,-0.039274613670242126,0.21728621722698543,-0.22651543011836453,1.072651869968336,251.87499999999997
Rand,-0.6275092954693411,1.268137509138604,0.02838593585069537,0.9479183333943044,771.1250000000001
Rand,0.27856601159287936,0.17628504029999903,-0.13603965201164767,0.5461880335521372,1150.875
Rand,0.18022024574245105,0.47892021820946945,0.08368896807865528,0.8040921449025674,635.5
Rand,-0.3713147791155785,0.30292636868306344,-0.018473482234918296,0.9915445969640766,666.5
Rand,-0.3475278067293208,0.2325218634437422,-0.006659839208734958,0.9619612074384768,364.24999999999994
Rand,-0.09360266256342815,0.07240202119329006,-0.11015503466563702,0.3918941643389458,306.125
Rand,-0.027713550558524706,0.08402015149756334,-0.1634534290071336,0.977887438487069,558.0
Rand,-0.28519623962740315,0.17586690970891394,-0.12004133787760024,0.7976601187644482,445.62499999999994
Rand,0.11671736805447361,0.19319116022557845,-0.2346749805891079,0.6385897067917196,1612.0
Rand,-0.5653329033802059,0.4739065435619322,-0.05548121595326216,0.9561222625899624,77.5
Rand,-0.5666467910908659,0.34671064413032904,-0.03943611341466241,0.7372129146855333,604.5
Rand,0.19918552352235816,0.12496314660785797,-0.20029804417900735,0.6636620236711978,701.375
Rand,-0.5795738718943273,0.24199628061469186,-0.011900919372734879,0.9570411871851982,561.875
Rand,-0.60931407759879,1.381061245043246,0.12442970010290452,1.0831831825678981,290.625
Rand,0.3454718395906422,0.17046296618532736,-0.04565358710527242,0.6226468918062732,383.625
Rand,0.1650949888442197,0.2101927474982651,-0.08867019727020316,0.8001715576687475,507.625
Rand,0.15174092491123206,0.01947910321436351,-0.04975431751112143,0.913570224564601,360.37499999999994
Rand,0.31428789946798397,0.34372001680614556,0.020066370389043298,0.5368160103639672,1236.125
Rand,0.10411400655571516,0.06457656684823135,-0.2271769868362588,0.6623886393029775,654.875
Rand,0.22473018015276727,0.11040642482954098,-0.025627944746634504,0.3944986524224113,937.75
Rand,-0.36914087982907146,0.11691090609703181,-0.16363883671690743,0.542176439543625,294.5
Rand,-0.7449347082726621,0.565727078982661,0.12284905712166296,0.8171812834847939,69.75
Rand,-0.1353848127672516,0.13486983009296208,-0.0523734401641156,0.6091746304709025,697.5
Rand,0.2913091260074826,0.10646132889983792,-0.11279117994062729,0.5682894089070608,499.875
Rand,-0.2525942380241522,0.1823439389924727,-0.050782020563840895,0.6994959785673927,453.3749999999999
Rand,0.31667881628286676,0.38133271750748476,0.031162727176165535,0.8543918637606431,724.625
Rand,0.5429830412558562,0.26188155539355823,0.0281745957074548,0.516597568427887,472.75
Rand,-0.5564569563908635,0.32560928743638157,0.07954276090246463,0.6048378967817558,678.125
Rand,-0.7192808217125339,0.5421247236331695,0.0753538902397181,0.8376130923238224,368.125
Rand,0.30813024025499175,0.13123449087747777,-0.03245656495560274,0.46721791886373215,375.875
Rand,-0.3645492153563599,0.5026915876391397,-0.0778378116212454,1.0624724687807547,127.87500000000003
Rand,-0.12304095741389934,0.20570045567988576,-0.10900167073573824,0.5812353404005675,395.25
Rand,0.16766916288321598,0.10535485005493345,-0.032812011822398325,0.8268411970391694,643.25
Rand,0.33232555709722716,0.5891958619924232,0.13217732262640605,0.954794023269017,999.7499999999999
Rand,0.25692691755700303,0.12016621971405322,-0.07768544571831182,0.8705670781833642,693.625
Rand,-0.3411170985554327,0.5317142757563563,0.015781859162843765,1.294335606223449,205.37500000000003
Rand,0.20656261619743266,0.15253251850108782,-0.13948963450740845,0.6950202557103508,279.0
Rand,-0.13868547485386265,0.2309976637388561,-0.0859648244828641,0.81710131828385,298.375
Rand,0.2898309572072361,0.08559556759038241,-0.019996010407750918,0.7324035294944335,445.625
Rand,-0.7274137677880447,0.753618085694799,-0.01640981923370839,1.1153274137311944,54.25
Rand,-0.7722187180078528,2.0678682953170724,0.17276026041407774,1.7148589205211087,271.25
Rand,0.3199998189303641,0.5299225216409085,0.04526244499897612,0.8585956809037499,348.75
Rand,-0.1646510742710507,0.3035606324312256,-0.0057810432326056435,0.5378219272810146,945.5
Rand,-0.6200728889637902,0.5504144033184527,0.0005020294633378748,0.8030328401562774,519.25
Rand,-0.3549195939881643,0.5028235210544552,-0.12774928527938653,0.657268696559008,422.37499999999994
Rand,0.2574273194623238,0.1225518790639723,-0.10788620015817416,1.0752540110979538,162.75
Rand,-0.26165756232601084,0.2057992008758207,0.09280068684834503,1.1855700658855057,96.875
Rand,-0.13115558795321178,0.07913574701316911,-0.15378924200042968,0.5824774315436032,616.125
Rand,-0.32766428634033384,0.4104750471069129,-0.18559687359620228,0.8043163775030963,151.125
Rand,-0.5761169270425632,1.285400914586404,0.03539893652904274,1.004618980180879,670.375
Rand,0.26541607782174176,0.16428811359057327,-0.05389062867511348,0.9050492411676792,767.2499999999999
Rand,0.21133529732518677,0.07947479950128554,-0.14306103620661725,0.8629221967894339,178.25000000000003
Rand,0.25573664727994116,0.16349057199768063,-0.05384994842002827,0.5072587154133767,647.125
Rand,-0.533728272985403,0.9890559285773122,0.0558542021678728,0.9290090489953154,472.75
Rand,0.27515573867269927,0.14686245462580144,-0.06002993361731706,1.036684195631543,860.25
Rand,-0.088614010943504,0.024137745860749155,-0.029784858764460007,1.5776249822108341,294.5
Rand,0.1136290043474982,0.08366614382417041,-0.2570264357425428,0.611419663926029,577.375
Rand,-0.20713906164363904,0.18942101947705448,0.06873449554872549,0.5292606172410571,678.1249999999999
Rand,-0.3046604518583875,0.4070171214592282,0.013237414662934288,1.0427297153263444,217.0
Rand,0.02856197289321124,0.31249891645329264,-0.013760824469717957,0.5871602501158124,255.75
Rand,-0.1555567263187928,0.16959536057374236,-0.12165390415307666,1.0098903863580184,569.625
Rand,-0.7744568399417462,0.23284759967099602,0.23264968384943896,0.6173103032952285,573.5
Rand,0.30687897367793904,0.6651126846321973,0.06762875678994074,0.7515421400550704,608.375
Rand,-0.3750997359139273,0.6026835953218027,-0.04529896855446149,0.7656181757698322,457.25
Rand,0.07031809817395034,0.28519033840741753,-0.13720279996022208,0.8037197462735631,937.75
Rand,0.4147085111940124,0.5100694107536643,0.017690986750214178,1.0084772694242932,616.125
Rand,-0.6592895300545392,0.800119083223583,0.0032889599760951745,0.9171894045917764,1046.25
Rand,-0.35343116554169,0.8052208500583646,0.011770357810250797,1.0213234122677128,728.5
Rand,-0.08174824395852756,0.04177318715049453,-0.3015539212093861,0.6334050586265161,197.62500000000003
Rand,0.14939353386068052,0.11857420951154395,-0.09976166347207774,0.4315454852982908,1019.125
Rand,0.3921466554924169,0.033685504899218795,-0.15080492807926435,0.5285752094961566,651.0
Rand,0.11262453820125143,0.06980494059398365,-0.18349653962810983,0.4250278194940281,503.75
Rand,0.21905889731552686,0.03823987097977282,-0.10806215534353755,0.5274354492008854,701.3749999999999
Rand,-0.6758949684782896,1.1329524677861085,-0.01837444012040613,1.0276060914635885,255.75
Rand,-0.1759523488785701,0.32252032464736674,-0.019829626046190728,0.5428030458260951,321.625
Rand,-0.6472008655832112,0.22624252941760487,0.06915597713395956,0.6600390789963292,263.5
Rand,-0.4631463260588574,0.8061308628391579,0.023994132779779666,1.1968661831421883,189.87499999999997
Rand,0.19399334399642448,0.1670591250433003,-0.10123706530190524,1.1457598563528277,116.25
Rand,-0.2443496529526631,0.31900892909068024,-0.11404686545710803,0.8265911927405805,1057.875
Rand,-0.7199572657247264,0.3286177380635661,0.013513073063164389,1.0053199151642929,100.75
Rand,0.12203782471875824,0.3936379668722671,0.003889594239389483,0.8565555006633913,623.875
Rand,-0.34568400218668627,0.261345831975779,-0.10671909613782263,1.2661452142492418,329.375
Rand,0.42213746967065424,0.35767033655133573,-0.10299064884709457,0.6137468375615017,511.5
Rand,-0.11012049061811197,0.13096878025688144,-0.10451102846802399,0.9078095713300942,422.375
Rand,0.22173968229448301,0.2301151029419948,-0.10369867699561802,1.0699254185774467,391.37500000000006
Rand,0.24060435857552082,0.4150611673479853,0.03945851733336054,1.2446415739726555,259.625
Rand,-0.3873573739414773,0.10547121368831718,-0.17360960040122936,0.602677096251302,213.125
Rand,-0.5834151871859832,0.1516489333764676,-0.002592161539876284,0.9438629513387582,1038.5
Rand,0.1787561952126827,0.38754915780924026,0.06669857663834512,1.2876527862085099,131.75
Rand,0.3170966546748935,0.3924634726641876,-0.05841345467921702,0.6425997160803326,395.25000000000006
Rand,-0.4763989400077149,0.5177301531951302,-0.04714578399183872,0.6720006417506641,751.75
Rand,-0.42640445751053224,0.8103742430121832,0.05753283015902569,0.8440655652185427,298.375
Rand,-0.7509223408097202,0.3079746656088435,0.07769885752161823,0.8624051610077418,236.37500000000003
Rand,-0.5739754690723081,0.32217533105825014,-0.09269528151774288,1.157175818921027,488.25
Rand,-0.5023631586990547,0.29391843037340765,-0.11709286147395769,0.9038346077897703,767.25
Rand,0.16945430687919266,0.36944559873378746,-0.05731853635692962,0.5574332876920429,654.875
Rand,-0.02946515637141775,0.06136673338369433,-0.15925429321206322,0.6001801458600805,608.375
Rand,0.17621552975233534,0.09577103467935885,-0.17615794360019563,0.5378653134466475,670.375
Rand,-0.49529894023770726,1.2079775106791923,0.1737229397244383,0.732273008965366,848.625
Rand,0.2757892600186317,0.29434844316649306,-0.1107382471390719,0.659067290629892,554.125
Rand,-0.48745609795428724,0.22649738216395937,-0.036857522688931124,0.6348564592901621,623.875
Rand,0.2258776041178705,0.3434178401173408,-0.17118009913518614,0.930517958291446,825.3749999999999
Rand,0.3029838124601054,0.10785502924827067,-0.1232702489760417,0.3181660118014779,1108.25
Rand,0.0861039757580635,0.10306793590094912,-0.1934145202332099,0.5717492004555363,561.875
Rand,0.2592027568564509,0.13573251893130553,-0.16395919682774515,0.5282697175882026,1158.625
Rand,-0.4601750401062914,0.5756415473587311,0.13451524090003456,1.9163391532121334,189.875
Rand,-0.11230591122859046,0.201160430187953,-0.1237961129156156,0.7023161456828657,286.75000000000006
Rand,0.22340078030150418,0.3018348450234354,-0.005606057125005356,0.7552869752737366,883.5
Rand,-0.17454406373358522,0.12047966400820317,0.04273894097150193,0.6189251472152969,406.875
Rand,0.038310274381022955,0.3164853952244455,-0.0561955573421478,0.6948380802100912,961.0
Rand,0.22110651015000857,0.1814904691039572,-0.02586543793286169,0.5092486502069827,1116.0
Rand,-0.40904226488264145,0.1805298545318859,-0.06182934286629106,0.49772029751436786,1069.5
Rand,0.385512959692191,0.3124962532011204,-0.05841131074537429,0.7674655708038446,306.125
Rand,0.04175397439099021,0.003291856509811606,-0.048990885254824215,0.5204365175305006,740.125
Rand,-0.0969659297786597,0.46971724789456454,-0.12374587956420781,1.1159589287034621,414.625
Rand,0.43487295149975147,0.26429323266854715,-0.06852484009460709,0.7420888301858356,310.0
Rand,0.1666829311759336,0.1602459113893493,-0.032704965440654425,0.7570836273252802,899.0000000000001
Rand,-0.07700592330603777,0.12175454233663136,-0.12058580880761376,0.4313906496927526,689.7499999999999
Rand,-0.523461781389634,1.0943615340752486,0.10610166267724144,0.989595657459376,302.25
Rand,-0.12669484606281145,0.28323919889272203,-0.19021777790477554,0.815741312490667,434.0
Rand,-0.1112812671464469,0.0174558510254584,-0.2353872222035013,0.5262695094761424,317.75
Rand,-0.6755756918003375,0.5356341732231963,0.05564585095511104,0.841477807301171,38.75
Rand,0.30162925789965167,0.19169215898355546,-0.09393917239044162,0.44023952246339204,492.125
Rand,0.23931453700484573,0.18252381094689352,0.009068819691386221,0.6529967156284661,302.25
Rand,0.41521022624342485,0.1569830177469137,-0.11876280102137765,1.273083899662275,201.5
Rand,-0.12241534066001675,0.19404073766861094,-0.14658688715609927,0.6788838856905471,143.375
Rand,-0.38504678027381806,0.524742291299813,0.076286933777509,0.7174977655289199,860.25
Rand,0.2074793925008726,0.09800529838654806,-0.207680279985471,0.671691049919187,267.375
Rand,0.7014171408116969,0.2203626832173449,-0.20690391294527458,1.5299440255600456,437.875
Rand,0.1670276612540617,0.03762650351788724,-0.3069302670666883,0.6888613921298153,213.125
Rand,-0.07537310236830752,0.17477067414159608,-0.17797388204183268,0.8143134379206032,441.74999999999994
Rand,0.3293131291933371,0.16380258223296845,-0.10919209125231408,0.5926603941264974,864.125
Rand,0.1544844685414149,0.04993625992480772,-0.17216019049486259,0.5034842905810165,554.125
Rand,-0.5291340367263173,0.5364140963786399,0.024110368626720634,0.9106448101001107,422.375
Rand,0.13622158583536625,0.2852456521063854,-0.038417374390338405,0.6152210787834375,1298.125
Rand,0.4416413559248471,0.3077200177280405,-0.05228741030830833,0.6869344735428536,530.875
Rand,0.15170828155603028,0.011788860133447921,-0.12263273464680746,1.0623055883312722,120.125
Rand,0.1462073601427588,0.09039310908084233,0.006663419779956447,0.6990191482897531,321.625
Rand,0.2421382270484972,0.3809541259678838,0.05387614385159961,0.8186735274334607,391.37500000000006
Rand,-0.14254723338909536,0.11872314676765319,-0.19917585235213256,0.5624554026587637,356.5
Rand,0.3286195148623445,0.1149769752886817,-0.03479938290281154,0.3158120160852516,693.625
Rand,0.10942720145610062,0.48476974430807296,-0.0024160861800055036,1.0196441384984678,348.75
Rand,0.1771730284128253,0.0687263234641147,-0.24634788694710175,0.6354299531574951,445.625
Rand,0.23338059898234054,0.13558542546516195,-0.0009110361467721124,0.8040574179513279,589.0
Rand,0.3221461204148944,0.6104355029337897,0.05391007405279697,0.7056613735177549,674.25
Rand,-0.7690597423456298,2.2053150523606897,0.18663814472764426,1.412145237233578,205.37500000000003
Rand,0.13567080638406517,0.13464160986833262,-0.12402548635804717,0.7328342980750504,565.75
Rand,0.284512138677659,0.14961318438890692,-0.14188787834677546,1.005009901958087,224.75
Rand,0.2836403782547333,0.8050954723407047,0.07524751820472338,1.1720837946366778,158.87500000000003
Rand,0.14398473492376296,0.2856801719416089,-0.17805519889994242,1.5937891742928367,523.125
Rand,0.2912093043653538,0.13495341523806886,-0.17241631211541636,0.7304145766242685,771.125
Rand,-0.7683962072855781,0.40681819700849675,0.026486944414875327,0.6662934492802807,379.75
Rand,0.5789641210689965,0.28731766229660277,-0.2290676643300348,1.5687489053347572,286.75
Rand,0.07699259253991582,0.05124944811140977,-0.21297685853219483,0.7137580021916028,178.25000000000003
Rand,-0.23891402723104943,0.917241538610972,-0.005054778314386533,1.231791953868464,542.5
Rand,-0.45520414306141654,0.06456468464623093,0.06364416139914546,0.8671177291886449,616.125
Rand,-0.02365511555548916,0.06379848748275321,-0.12055682665860548,0.6912456726100207,341.0
Rand,-0.15865869367453736,0.08230399277070441,-0.3212303780841593,0.5670979357656035,558.0
Rand,0.17157481206310166,0.2959869578492456,-0.10851970494041684,0.8565877235289355,565.75
Rand,-0.09223965070623269,0.034984967093854874,-0.11488000628459957,0.3962469905598029,325.5
Rand,-0.15577411145173606,0.3238748956754186,-0.06992220331894036,1.0965700491981798,705.25
Rand,-0.13903173192494872,0.11976140538383089,-0.06407077504856155,0.7154088169858556,244.125
Rand,0.36396617012103893,0.16747336318890238,-0.10633146163431682,0.6557819406256356,794.375
Rand,-0.5531605378548928,0.353285599147616,-0.033888601846772635,0.7136613063003091,561.8749999999999
Rand,0.12311856622444729,0.007171805194063875,-0.18606766206211628,0.9859688882146584,534.75
Rand,-0.618362863593679,0.9601838166406185,0.057060628394296785,0.6742817816710722,1154.75
Rand,-0.6631677389919794,0.27505113252109775,0.013900787557248051,0.6210576812701845,499.87499999999994
Rand,0.18118348460825792,0.20724002030115182,0.015482199717364238,0.5202247403581648,530.875
Rand,0.23839588390589364,0.45127074388551214,-0.0911345438746326,0.7418039888849547,1189.625
Rand,0.19500282738687316,0.21267325959863606,-0.06575815419212154,0.3329677878545843,616.125
Rand,-0.6924959358974052,0.5327998583149843,-0.09218596766477023,0.7699312912746555,639.375
Rand,0.32225261216034445,0.41452196121582674,0.05429407672556996,1.0021106816326042,410.75
Rand,-0.2313083083373323,0.5870613678089277,-0.16389526427545378,0.7290318485397451,372.0
Rand,-0.11246354958910487,0.0948151320149775,-0.10048813406709428,0.6096568989220413,259.625
Rand,-0.23164192739549916,0.12897134112749442,0.055684224082733935,0.5234632475532368,1449.25
Rand,0.3238450791019098,0.2487254993924328,-0.013524916197681293,0.5191750951031321,755.625
Rand,-0.5606553414925866,0.4970256210748879,-0.09154076957283762,0.6743570103907998,341.0
Rand,0.19141265249964323,0.15826793448737675,0.027663950902966448,1.3516798912586916,182.12500000000003
Rand,0.5129429952214599,0.1836282411362806,-0.11916719132781801,0.6994029365131434,461.125
Rand,0.09989285172922369,0.1356802782156139,-0.15953577802153612,1.101229068576111,577.375
Rand,0.05941153022228945,0.024817080030292427,-0.18397119104919862,0.3531140291338594,1069.5
Rand,0.2542679173246563,0.09301600273966698,-0.11910776771651868,1.283101289688264,263.5
Rand,0.2198664610234098,0.1472596889306097,0.03497739548774519,0.5630432276473384,468.87499999999994
Rand,0.08213184429780584,0.2194401736378957,-0.0598226494293845,0.8769513306994814,418.5
Rand,-0.2974669043978173,0.7043475107721507,-0.02511637128539227,1.150632247897925,240.24999999999997
Rand,0.2929917472649036,0.07608775733450038,-0.25670287791627083,0.7272702618797641,193.75
Rand,0.33585587662972705,0.15738844667379137,-0.05961448524623661,1.052110059882465,166.62500000000003
Rand,-0.43407223189016503,0.43041993776133286,-0.01890726590919647,1.0398418000923941,643.25
Rand,0.3796422982022864,0.27210782913936415,-0.08904022144231766,1.0140077339093485,569.625
Rand,0.32243985440270806,0.4787333808262896,0.06210608197257036,1.0201342591047597,488.25
Rand,0.31508696703201633,0.34167422940654957,-0.05230739422557056,0.7604432505860635,600.625
Rand,0.3894979386395079,0.2376269081273519,-0.16192151060739784,1.0490607098682554,244.125
Rand,-0.3704078804846268,0.21910808657853809,-0.028320683457388456,0.6255765619521033,302.25
Rand,0.10700780665253075,0.45626290765011723,-0.10009957519752168,0.8848737925476314,627.7500000000001
Rand,-0.5905444172915207,0.5543080779946714,0.06085087245122071,0.8546797133688506,100.75000000000001
Rand,0.3201281107861972,0.3161864963844687,-0.11194193465591822,0.8116625861603145,472.75
Rand,-0.11829781376684215,0.054141944836313925,-0.07430787792238439,0.5407590078684837,558.0
Rand,-0.40315756796472235,1.0406451718144634,0.08359785874749637,1.2690692885386385,391.375
Rand,-0.7578938905004325,1.0784535191177074,0.0861796247397118,0.9877284029563408,263.5
Rand,0.23497170713725668,0.5741404974611907,0.044722408510830966,1.0802509138878573,259.625
Rand,0.3134258390978851,0.19245036639051574,-0.08108184467380014,0.9367609137722475,255.75
Rand,-0.6576845858649087,0.9602436373817242,-0.0007537008106292457,0.7795732758383948,1305.8749999999998
Rand,0.19163250065329107,0.20769031478385874,-0.24453278540940446,0.5665287332745228,321.625
Rand,0.20216838874931378,0.028655441007543102,-0.1405116558731912,0.7039512904893664,166.625
Rand,-0.7223999480822954,0.42852882385329505,0.03321494056953999,0.7805433825224143,573.5
Rand,-0.1152988363741334,0.04344489005262762,-0.09519107824436411,0.45349946400590735,240.25
Rand,0.3015330431806842,0.1385385623933787,-0.11325780196873278,0.709736066210978,356.5
Rand,0.2915474938105005,0.08767864052039326,-0.06060030248395365,0.6478312129257945,337.125
Rand,0.14928879217130572,0.016768731964949258,-0.1067042232692757,0.6125487146724389,620.0
Rand,0.021548334832251867,0.017196491236965646,-0.16764568839897145,0.5405868469870957,809.8750000000001
Rand,-0.5133460381789929,0.8269572899626815,0.01665566695232982,1.0348270678990676,224.75000000000003
Rand,0.32126582884793853,0.1673680622953121,0.03824286061241449,0.6463340609038867,403.0
Rand,-0.10456826626328888,0.10269630979010735,-0.13171696907624747,0.429425404040062,840.875
Rand,-0.14765285456426216,0.03023638847025894,-0.1051061800546415,0.5899106209585212,1131.5
Rand,0.20205808094562983,0.04161585040676437,-0.19543499175582132,0.4317872617680531,348.75
Rand,0.15160440141842418,0.02033769474167235,-0.31902860068697547,0.7364096722790296,182.125
Rand,-0.6310371250045819,0.43256651901238086,0.08328118349189248,0.4716877770331775,375.875
Rand,0.06995241344000255,0.0529871177212005,-0.08805660346620622,0.5666975708417401,740.125
Rand,-0.2399248645184465,0.1406273715588381,-0.2265307041826816,0.9151173479370966,205.37500000000003
Rand,0.054649564961518966,0.002537746413886137,-0.08887627789277715,0.5773106483334621,569.625
Rand,-0.4132806548437601,0.35014316644959864,-0.012737202808039947,0.7154977719551567,561.875
Rand,0.17260454763890806,0.07079792392322862,-0.0294088053985749,0.7978075256258159,387.5
Rand,0.23395269267915755,0.13099274952643408,0.06901260521882997,0.6096715996106884,751.75
Rand,0.21141378172623204,0.7597585208768624,-0.03899741157068379,1.0386241614403198,829.25
Rand,0.3068985471319115,0.21956165891007268,-0.15230335567807762,0.8926312660045724,480.49999999999994
Rand,-0.28629855801553494,0.15983802407585085,0.016738315539011936,0.5209718792537249,449.5
Rand,-0.3669001722032466,0.40184365168134,0.0239259948183722,0.7862964293910754,775.0
Rand,-0.5096097909520996,0.5059274390287468,-0.007881147510049688,1.1047852294821876,449.5
Rand,-0.0570658704108071,0.20652995629884863,-0.06365926914551068,0.6726445741804369,488.25
Rand,-0.19342208958604162,0.18597087872033602,0.07788269761755355,1.0549919019518186,209.25
Rand,-0.5103674704508313,1.1104619177858661,0.06567032774345748,0.9992036787718478,244.12500000000003
Rand,0.14330908631432132,0.1317921349092923,-0.0724471281282218,0.38161173169451235,573.5
Rand,0.21775598970872265,0.18524544980165303,-0.17266803321434662,0.6767774818807916,848.625
Rand,-0.1961370149795898,0.5257756331427492,-0.17079156529948372,0.8115195917999569,581.25
Rand,-0.0934203955918281,0.0994313674921544,-0.05146896267730755,0.5586577750404991,716.875
Rand,-0.23480409085119214,0.2568199422069155,-0.06497597998252899,0.6269041878785886,476.62499999999994
Rand,-0.22603249678108572,0.07285067675158326,-0.009322409684694988,0.4552222726517019,1185.75
Rand,-0.5236543631054074,0.2392410438094483,-0.11166996788868234,1.0468194362393568,85.25
Rand,-0.2198594855823204,0.1389712384386366,-0.1837292843719811,0.7377509575044477,674.25
Rand,-0.2884846373660203,0.0655025591420599,-0.20576136567910916,0.6133606747610584,499.87499999999994
Rand,-0.6997585237578653,0.5002022663200444,-0.029521146783152968,0.824447787392613,596.75
Rand,-0.11983753234936442,0.19150450213816897,-0.0503157414473954,0.995926040167634,294.5
Rand,-0.7248382985168293,0.8740765717265919,0.028965018280200726,0.8447091702810315,317.75
Rand,0.22081283029308388,0.13866906174983196,-0.15241899905654818,0.7448649145620252,670.375
Rand,-0.3300314941734243,0.22399740783617386,-0.005429293980871791,0.6295012773587805,341.0
Rand,-0.1451607583678247,0.5415019323559044,-0.1694546930265588,0.7765460074688079,523.125
Rand,0.27070640109608496,0.2044745402183215,0.010689486649284426,0.5506446327959527,189.875
Rand,0.21540209997593482,0.04395439067978514,-0.24094571744265922,0.8087955390838284,484.375
Rand,-0.24742076171947172,0.5590748896523716,0.05478180470280741,0.7282449351596765,589.0
Rand,0.2981069109194327,0.23378936661230806,-0.06759315830999421,0.4552351862924531,747.8749999999999
Rand,0.19159552531729926,0.6318128135259201,0.00502612568817892,1.0756365179473348,302.25
Rand,-0.7009492639510004,0.31572186131314045,0.052500418397207295,0.6677714815832471,310.0
Rand,0.16763891902271386,0.2014826837008275,-0.1854795800306649,0.7823763478257227,418.49999999999994
Rand,-0.3017233587313152,0.7430906595879468,0.03864930652450761,0.5935063100254807,461.125
Rand,-0.19770158753793105,0.24519587080164212,0.04704579031872058,0.5261120606539265,313.87500000000006
Rand,-0.125118199511769,0.2667510046926757,-0.07652899970798427,0.6803102124645687,282.875
Rand,0.08611705074616936,0.038222047676772154,-0.20354502733568233,0.8565572022376094,395.25
Rand,0.2194038627206543,0.2934564585542518,-0.01382607987116884,0.704250684185698,189.875
Rand,-0.22456371297620814,0.2434278810901951,0.07817456741612784,0.7697320420344009,189.875
Rand,0.23181016994545434,0.19508165953696124,-0.1340415642231833,0.760123695920983,155.0
Rand,-0.677693459288241,0.841719901620489,-0.04850277687241646,0.9280143920491938,391.375
Rand,0.11543292133347824,0.025406478222625366,-0.3448252339073712,0.6720793120134652,174.375
Rand,-0.7626100959016391,0.2898649605668384,0.10915562942763751,0.7095751945638299,868.0
Rand,0.2874782210749735,0.2379133101686732,-0.21964246949951685,0.6383023477906494,356.50000000000006
Rand,0.17920606854703103,0.07096079203685556,-0.14042493999888514,0.8869924920061698,802.125
Rand,0.3831963071895822,0.10392591283160278,-0.13958662665711477,0.8785798849435237,759.5
Rand,-0.6774878224486922,0.1218645551379115,0.11269058418127205,0.9014176533821334,616.125
Rand,0.316861767805022,0.19598696041006514,-0.017871204275038348,0.7310222823690683,352.625
Rand,-0.2690831971561004,0.8842731399673971,0.019499565519747013,1.00623849372595,267.375
Rand,0.4094578950958765,0.26187069751931646,-0.065791230550695,0.5433384327502423,926.125
Rand,0.11308601234542652,0.2614462160961276,-0.21315835205835926,0.8046406163460389,728.5
Rand,-0.43604390041876495,0.7075567296400324,-0.009458473675820261,0.7017391709856801,465.0
Rand,-0.387651312698334,0.33956411422371013,0.05209430290708978,0.9160037837706687,759.5
Rand,0.27855409997655123,0.08427254585729713,-0.06016663558072809,0.7576077774425871,434.0
Rand,-0.06908962216390277,0.13534696196294588,-0.09861701730586106,0.6851147478806239,383.625
Rand,-0.5003786729603265,0.45785327892821287,-0.16282814836415357,0.7801831044329687,891.25
Rand,0.3182119439466958,0.24916309221093233,0.08701375994441321,0.537920941921584,507.62500000000006
Rand,0.18582152370907296,0.10012237899814647,-0.04203101297964356,0.8877252479451024,600.625
Rand,-0.3134561504697102,0.34380872359004544,-0.007705585534304223,0.7283816226535876,523.125
Rand,0.2311599039406478,0.4641303594332814,0.0864974600985762,1.0024185600666964,279.0
Rand,-0.2827058129004007,0.5742246972029525,-0.1170242385929265,0.6150155995409903,527.0
Rand,-0.6988442679026128,0.9538583878653418,-0.018716554937185735,1.1040499581040883,441.75
Rand,-0.5253745748767544,1.1421710078829441,0.028860832732984315,1.142941540920725,693.625
Rand,-0.7501904255860163,1.1070697539802878,0.013127559006720892,0.9588882935159766,240.25
Rand,-0.712551643458906,0.5355239555563647,0.10698960841377844,1.080138058551711,418.49999999999994
Rand,0.17056634511734312,0.10114138025246147,-0.39873453902443173,0.6180506212577724,554.125
Rand,-0.6396099690708259,1.066446349130694,0.07712684675662643,1.178376630749289,247.99999999999997
Rand,-0.3598139940673766,0.18829343948032154,-0.1399353615023362,0.46579168342506366,643.2499999999999
Rand,-0.7520730021696866,0.6932784201465187,-0.011717849889081677,0.8164403596922618,620.0
Rand,0.3048436938017477,0.0073340587110356115,-0.19792651187709032,0.9896372173608442,201.5
Rand,0.08563903418684224,0.028390344983601955,-0.06458225443914223,0.4056969029719826,1174.125
Rand,-0.5954812632053681,0.4892132781251399,0.02235945220027735,1.1621608135755088,77.5
Rand,0.1807454248411266,0.6228358099145757,0.008934269811876608,1.2940094434363674,581.25
Rand,0.20685361705251615,0.11367710336294229,-0.12777370283686615,0.6699756117314015,131.75
Rand,-0.31503701588627986,0.2704492376325419,0.049933819398676284,0.631813430572527,592.875
Rand,-0.29570811411220627,0.2166945655135833,-0.17462415196375095,0.5977918098088637,802.125
Rand,-0.09696257648114424,0.24632857243716824,-0.12281225508043078,1.0732007245230486,209.25
Rand,-0.10917254972934214,0.10181006141331464,-0.15259689287841322,0.8065871301496325,120.12500000000001
Rand,-0.16406319633788086,0.25781722771274673,-0.1165971601850804,0.7181380324593327,736.25
Rand,0.22037566917710022,0.12319925420744546,-0.15584857359537962,0.8460949706478917,201.5
Rand,-0.3576902962162702,0.143075924633139,-0.12097485921255223,0.5687971162336971,511.5
Rand,-0.6093016989918554,0.5062773493911048,-0.14397674104254418,0.9199227756950747,236.375
Rand,-0.10642956736770326,0.02691449354892469,-0.050660481047085974,0.45827054121171495,476.625
Rand,-0.6990302163872286,0.4979188348804393,0.06546064611369587,0.7917060308159828,337.12500000000006
Rand,0.4122683381903117,0.18789477111665123,-0.059877736379069804,0.6164761847233957,344.875
Rand,0.20780652251275755,0.049470190794617376,-0.13548067084342952,0.791770701647781,290.625
Rand,-0.3246781734267194,0.19444329847776448,0.020545332996830253,0.9338473575052232,484.37499999999994
Rand,0.3607985381801168,0.22430470616377196,-0.03219492925635618,1.5386400997029226,344.87499999999994
Rand,-0.7123614686158833,1.0300251464782295,0.22231053158159766,1.9916953078504325,224.75000000000003
Rand,0.11445408416039188,0.11228463220782,-0.07342570498129437,0.7297014803083715,701.3749999999999
Rand,-0.4868779332391582,0.2670548203058944,0.04087173374112739,0.4930464565379502,248.0
Rand,-0.21997649133969482,0.12860155880661828,-0.07053887175032796,0.5656575475214118,476.62499999999994
Rand,-0.6794768477403357,1.152422275226062,0.09790103286848294,1.2367991258622952,275.125
Rand,-0.7431817056906183,0.35132134823760935,0.07020091234204343,0.6839154214400188,914.4999999999999
Rand,-0.2867500245514323,0.7427163702249326,-0.011389737690829741,1.8011141352012527,383.625
Rand,0.24466513019563307,0.36161973465762504,-0.16446034310729113,0.8216901069440257,666.4999999999999
Rand,-0.3820609655451666,0.33709425513202923,-0.0016429317702347142,0.9351794808930081,368.125
Rand,0.021720611856625237,0.10190225091159415,-0.20402161470767202,0.6047800068143457,786.625
Rand,0.2484637765877057,0.25043469269053265,-0.06951994691933695,0.7050900695593446,321.62499999999994
Rand,-0.11533276910722001,0.13689226281966038,-0.09227914263908804,0.9806613311561385,647.125
Rand,-0.7816474907052628,0.5540671561058345,0.17404814838417373,0.9514568134396222,468.875
Rand,-0.5959981254579658,0.4369897711398264,-0.04785385562554538,0.6470841399336723,589.0
Rand,0.31709916878411426,0.06876504305339198,-0.07169594915736535,0.5275833235234703,848.6250000000001
Rand,0.36354994720026906,0.35336119453620496,-0.01804785076449,0.7699578463771989,271.25
Rand,-0.11479377300480753,0.3211194540046232,-0.15408710954456908,0.7945305694777823,461.125
Rand,0.14923365726117277,0.029651292454512323,-0.18999931063611022,0.5025197086755211,434.0
Rand,0.33242166080022795,0.44030306170798794,-0.03072950455007488,0.6062508062176265,999.7500000000001
Rand,-0.08224757661866319,0.23661630636065786,-0.18777460554939954,0.6251087406449083,538.625
Rand,0.23721050108486402,0.9332386700835164,0.04680867381925222,0.9521217620179536,871.875
Rand,-0.6629113931659432,0.5887859260234076,-0.007212095022765993,0.6712072741561576,685.875
Rand,0.3101009139388347,0.272102502635019,0.016862615980451186,0.3701203678054208,546.375
Rand,-0.6726929741092309,0.3195764066689778,0.06576411878756794,0.9503472058112273,240.25
Rand,0.31460367442045306,0.21587899575213848,-0.12479291294223298,1.1154395743849774,317.75000000000006
Rand,0.4250615725197308,0.11434312127162298,-0.09516636767061949,0.9751206800519767,511.5
Rand,-0.08145163688591417,0.2840531297297533,-0.13818399549057842,0.5640921111414563,1143.125
Rand,-0.40167430240514007,0.36688990097593066,0.07439662985675483,1.2612882838405224,100.75
Rand,0.2847645131406552,0.09468196940635158,-0.07185628305750316,0.5310740215770059,364.25
Rand,-0.291329978288666,0.16270511747234015,-0.1390289356498024,0.5445731140484652,499.87499999999994
Rand,0.307532877807135,0.42923253702349456,-0.04399061954815018,0.8156130743689817,449.5
Rand,-0.6239836020039422,0.2592230151287318,0.017464904932719537,0.8834720280766457,1143.1249999999998
Rand,0.23660327755172367,0.049515875812653674,-0.06774145512048112,0.702277587107984,317.75000000000006
Rand,-0.13876966747651204,0.20882834292372993,-0.09937554185533189,0.5503678568907313,414.6249999999999
Rand,0.12215206086333244,0.09640099625093476,-0.12855728035739017,0.4619882658863745,623.875
Rand,-0.7111651518072044,0.3409324112437281,-0.0039617076434464975,1.2043714176614018,73.625
Rand,-0.4187083845580848,0.19633236373028518,-0.12834531156312604,0.5699434999016321,1011.375
Rand,0.16755288911259708,0.276095741969379,-0.0855687999011093,0.764622763677847,352.62500000000006
Rand,0.16428505921887876,0.2822589172276844,-0.05983610709167861,0.695185323284626,600.625
Rand,0.03388439203811312,0.04094757897701459,-0.06153628617749245,0.8396144526418898,918.375
Rand,0.039065189116631475,0.01981795083692825,-0.16776079861312476,0.9596782799427326,782.75
Rand,-0.3705298852411384,0.24010537157220552,-0.0428048902451794,0.657251504258599,523.125
Rand,-0.2688244809709801,0.13536519499704996,-0.15855698729353782,0.6703863839822949,647.125
Rand,-0.07712954794260171,0.272258405319887,-0.17301249968972857,0.866499905245914,220.875
Rand,0.17532302874707506,0.20188135206449792,-0.22907426986267976,0.557101714521055,918.375
Rand,0.339428578117925,0.30852431988414025,-0.0842637370264824,0.583213925845003,631.625
Rand,-0.7618485201386231,1.9483859936392829,0.16289818350323332,1.2235139750729045,282.87499999999994
Rand,-0.1687732222864364,0.3535752790377646,-0.03414411297142613,1.1405838077991444,189.875
Rand,0.3262570582058092,0.17638317089927863,-0.12408913698135274,0.746478857992169,550.25
Rand,-0.5886225259759703,0.8254345243166571,0.0066311685442857395,0.8993950833727362,538.625
Rand,-0.1259651539177586,0.6370751949532597,-0.036806790446459396,1.106230861829483,174.375
Rand,-0.10857078558190598,0.2800428865545996,0.031035031307266286,0.8972133182846771,492.125
Rand,0.2047482545811074,0.2143439381730105,-0.11557848877585905,0.903358156003499,205.375
Rand,0.32005490552270327,0.4158611673274987,-0.031994748082131624,0.6907134012968562,499.875
Rand,-0.1913199003893233,0.16475233893079794,-0.21954994820489085,0.8342849593112809,724.6249999999999
Rand,-0.4386728352637206,0.420578811252783,-0.019239897326379884,0.4752324411404374,546.375
Rand,-0.26881985503111094,0.5971108425835889,-0.08078658198647234,0.9590965795243247,755.6249999999999
Rand,0.1855080534452071,0.11153441455737734,-0.1503526264699979,0.3080414638597277,825.375
Rand,-0.6715161358816859,0.4948812933449091,-0.15688784480690948,1.0676202205901597,798.2499999999999
Rand,-0.5760828782945064,0.31589681649431955,-0.01374059553212229,0.7751425251162508,472.75
Rand,0.25166179414482764,0.12989897234573694,-0.24564133650474168,0.665369984004688,279.0
Rand,0.40327589001301256,0.5690731480390999,-0.1373901888984936,1.6691155282847858,802.125
Rand,-0.7180911154606285,0.7503728617062002,0.029413121877142696,1.1564113813722197,333.25
Rand,-0.7734675277244325,1.2251933873189913,0.16808930611294337,0.9001302169920794,732.375
Rand,-0.14208875307145807,0.1889465508592431,-0.16139039252085002,0.6694934814525995,449.5
Rand,-0.13998872928059497,0.25179090264299847,-0.12454180552365486,0.46534529897659255,627.75
Rand,0.13307654000452995,0.7421101730573577,0.056058912910006475,0.6878588636052984,984.2500000000001
Rand,-0.526230769382653,0.3056844736060312,-0.038456059182141344,0.6992673541626195,503.75
Rand,-0.17974487552376417,0.11844145663402153,-0.023849383271655103,1.0312559071491383,162.75
Rand,-0.5592333425320942,1.0488332381860885,0.021125475106671794,1.5664634102422508,158.875
Rand,-0.39152717566269846,0.17806081490241185,-0.020213270926385557,0.7160923132152597,360.37499999999994
Rand,-0.48836222790149325,0.13493866491834403,-0.020922781214783637,0.624313420426411,844.7499999999999
Rand,-0.16045162865529455,0.024880588351329398,-0.11115473244757677,0.5103550751052852,875.7499999999999
Rand,0.3403108165575544,0.24533558910792344,-0.0719258872163738,0.5226222118541117,399.125
Rand,-0.4636391182229225,1.2126861405202012,0.1102107342451441,1.7647158430065215,410.75000000000006
Rand,0.09628353131181475,0.2721490071152622,-0.0914618983812873,1.1388008427158605,116.25
Rand,-0.1677905183221441,0.2765458315865342,-0.08109493356227505,0.9651399961290504,437.875
Rand,-0.15767451477826003,0.44389947646864314,-0.08820326044533452,0.5730228250926809,988.125
Rand,0.265457348312434,0.1493747208866909,-0.10638691801102591,0.7926708627639111,852.5
Rand,0.2810209607407538,0.10968161050751311,-0.027738354300210752,0.7533014374070857,515.375
Rand,-0.3738029976470145,0.24944867479004673,-0.06446296853901941,0.7723809253368594,836.9999999999999
Rand,-0.21736437527317876,0.2283495716171684,-0.01266832254768746,0.554036248209836,228.625
Rand,0.10038358645307602,0.041213699328714534,-0.1506389674671624,0.6258164549445605,561.875
Rand,-0.6561454588906914,0.6291612386898529,-0.044427035157214884,1.0034768620911547,368.125
Rand,-0.29240794347881227,0.46455893816750465,-0.02254976617992806,0.6561108292527296,631.625
Rand,-0.7442743130762522,0.4212743298009133,0.11276103285561392,0.5515228066016149,596.75
Rand,-0.7142463200590183,0.6038212137305704,0.06384766216243735,0.7081183999016991,1069.5
Rand,0.2881781245215194,0.10538906260207269,-0.08382800330422077,0.9780404250114467,503.75
Rand,-0.3204374378180155,0.11068504197989651,-0.15471048298443946,0.7469551026679673,282.875
Rand,0.2525822731861779,0.24336703602133056,-0.03795097390797282,0.6260348462072739,759.4999999999999
Rand,0.3191445698695583,0.46389906622537586,0.07410105568940337,0.7891499926598499,236.375
Rand,0.27389311922881593,0.13544201957894955,-0.11806145904762785,0.689615522868195,259.625
Rand,-0.6457522687686867,0.2125075233672848,0.07727288572818031,1.0958675875000787,395.25
Rand,0.31914785955607705,0.43141865732602647,0.052093869494196095,0.8741760113968656,193.75
Rand,0.21423148925463492,0.21546803545536392,-0.12127269158531892,0.6896132958511876,217.0
Rand,0.6127753640972635,0.24519935351602165,0.014048304496122172,0.8003433740945464,775.0
Rand,0.25947932998438655,0.21301845805330458,-0.1559377619248152,0.7755195922771794,368.125
Rand,0.3489768466350304,0.13400120015361847,-0.15244531869993,0.29054596286964035,534.75
Rand,-0.17076128965867132,0.06452494072919487,-0.2784049988132057,0.5666532988052793,654.875
Rand,0.11971518261669459,0.021289090363915755,-0.21936986766039646,1.143586890680807,93.00000000000001
Rand,0.09304603796932308,0.1438947722434117,-0.05964579956767678,1.259639579834319,112.37500000000001
Rand,-0.7204081536889322,0.582177168190085,-0.01694555205271529,0.8294352551284682,267.375
Rand,-0.156467556006186,0.6539972943918744,-0.04205177380264712,0.7750263208176014,511.50000000000006
Rand,-0.15362878298608323,0.08305175203452629,-0.017163805301991065,0.6938980489248892,507.62499999999994
Rand,0.35247794444000946,0.3604687999879949,-0.02166796356932683,0.5911616165346311,817.6249999999999
Rand,-0.09723445490763603,0.39610577730843055,-0.010809084169058797,0.6959891894048805,317.75
Rand,-0.11311730554380302,0.27290700965667036,-0.13433133770092232,0.571463356360263,701.3749999999999
Rand,-0.6937109717453537,0.41157968216185176,0.0577766569847091,0.9789669457915402,197.62500000000003
Rand,-0.6223420263170572,0.1877947967274059,0.00329107101744301,0.551312460618611,848.625
Rand,-0.12741084600036998,0.3263982246761016,-0.19154158140233,0.8241168695973635,654.875
Rand,-0.08442185115449989,0.09759515755198059,-0.03036648802583903,0.5600592966280956,778.875
Rand,-0.24731445453085443,0.4047650344490386,-0.08423286253097056,0.8587737198416822,585.125
Rand,-0.17314971684790467,0.17872929119771344,-0.16977299841804777,0.6673761600946541,755.625
Rand,-0.45586101055313555,0.6788294576484132,-0.037288282859549736,0.9264917319839047,403.0
Rand,0.1750892425484264,0.19824703717677233,-0.17727447711677485,0.7396525917633442,170.5
Rand,0.23522572188542165,0.0798202028215057,-0.07180714794783867,0.9799354103458167,267.375
Rand,0.49974420329757485,0.05213774514371974,-0.08737625999784807,1.1064307888938079,131.75
Rand,0.279593166087102,0.22241010954135432,-0.1318924128721349,0.7657251642886223,383.625
Rand,0.2746111070932792,0.2777131555003031,-0.08324683826806506,0.6002844848923781,809.875
Rand,-0.5094250198208687,0.43496447029540386,-0.022448238756739982,0.9955970492390509,271.25
Rand,-0.06455586858648009,0.4877097698409788,-0.11511932295915711,1.079502343371203,844.75
Rand,-0.7644898915668851,1.7909033856362764,0.21937564809845475,1.0930669857537794,341.0
Rand,-0.24713381018060254,0.0947233522478014,-0.05773392298393931,0.48144187316437426,1011.375
Rand,0.3203697104940969,0.5800992168988675,0.06152034584657984,0.8462249062132682,426.25
Rand,-0.134801412807478,0.26828053090190696,-0.07731406679686752,0.949016235476808,926.1250000000001
Rand,0.26209195707541333,0.5907618542698627,-0.04671342614570266,1.3095876314474393,248.0
Rand,0.3035996700893733,0.3185135641865924,-0.16933175303751685,0.7351801477253547,534.75
Rand,0.40552058801162816,0.3498477503240012,-0.12172093442814884,0.6446876930768853,616.125
Rand,0.11922053625679253,0.031283456305161154,-0.18143776643293855,0.5902900201939904,534.75
Rand,-0.4487145713138295,0.42199832466073406,-0.03306203782515499,0.44555314331415735,608.375
Rand,0.2599936512622407,0.24868206789546554,0.005143832891553925,0.9406209686220808,899.0000000000001
Rand,0.2632849819699108,0.1773216599917628,-0.00018129898759646103,0.7310937796888484,503.75
Rand,0.6149550842508014,0.29137174669982724,-0.03818008981768738,0.5981404352152577,678.125
Rand,-0.49731094330157755,0.2371294945677467,-0.07748113941097116,0.9765276116605391,569.625
Rand,-0.6505144488879272,0.3900651116500613,-0.04730684331352883,0.8619569061984456,654.875
Rand,-0.7488795188484393,0.7834393397326669,0.1593739800238186,0.7242118750168082,1003.625
Rand,-0.35795165642242166,0.360258403066366,-0.043293258692722644,1.356672590468308,100.75
Rand,-0.05549865135074726,0.1038492931152549,-0.1596813675326222,0.6221254584649566,623.875
Rand,0.1169594041949441,0.11817758980339085,-0.21771484036736807,0.7677211742203325,325.5
Rand,0.3201873985965788,0.1626026846964741,-0.12484805472496364,1.030849723724648,236.375
Rand,0.18152673625840085,0.06567976784430812,-1.9823239904357235e-06,0.7194417460734593,515.3750000000001
Rand,-0.7230677028774091,0.5266569647463004,0.02682747322425592,0.6811204937035501,387.5
Rand,-0.49056175540356084,0.3017416311973974,-0.05485560934445257,0.9352996487809048,422.375
Rand,-0.5664216784959089,0.5953877184279711,-0.07573951704525284,0.9840177168308126,228.62499999999997
Rand,-0.7527018328477679,0.353796943564739,0.03207416434437632,0.7615799989263363,1166.375
Rand,0.051333848085156286,0.35694408817044576,0.008421539189506168,0.8530898849716992,782.75
Rand,-0.5897860233266825,0.6187737357548336,-0.03636190189106333,0.8170634606698586,232.5
Rand,0.494428791905571,0.13278327444857163,-0.20366557420889547,0.4885078857340394,868.0
Rand,0.14304774520813193,0.10666660418267332,-0.2340778640689674,0.5138322824782866,689.75
Rand,0.3097708812022655,0.16988340153947748,-0.02282491396264775,0.5086666184819548,662.625
Rand,-0.13744691934219866,0.18381118607397717,-0.25102869561418867,0.8089061144672445,472.75
Rand,-0.3174176934818922,0.4981544302649313,-0.023577326385775095,0.9408690094496298,1092.75
Rand,0.34029963702326155,0.26608785490171943,-0.010489419706384045,0.47846193077972604,542.5
Rand,0.06173807798424932,0.18628186462786517,-0.3242254787130491,0.7299331093996063,290.62500000000006
Rand,-0.18758317304445488,0.12534624518959692,-0.02146692861373509,0.5378613277691018,480.5
Rand,-0.07292005900083925,0.46366490489974616,-0.11240220783100646,0.6246031537997709,871.875
Rand,-0.2485154111056962,0.5556630587538266,-0.04269366403045549,0.8544782970101888,414.625
Rand,-0.11520534622035769,0.06202885884689221,-0.0996085867786189,1.0303546197972226,418.49999999999994
Rand,-0.37566833142346334,0.03696786076906887,-0.06315924542074951,0.6128638822375491,325.5
Rand,-0.707383704285373,0.34869845457878446,-0.0368246347802527,0.7804494651312961,143.375
Rand,-0.3523320525752579,0.6994069731265816,-0.07165873804786015,0.798375795639955,313.87500000000006
Rand,-0.201793196378444,0.34484288489518855,-0.03654529247222591,0.6958321229716035,639.375
Rand,-0.4019087636966189,0.21388585879933783,-0.0583075862840532,0.8221046014433693,883.4999999999999
Rand,0.17903482854957398,0.4139139202582861,-0.014444016809584723,1.0317670389189537,271.25
Rand,-0.6712233367575762,0.6023695364309974,-0.07694684591150658,0.7954591175025622,329.375
Rand,0.29492525739784425,0.1661142851187123,-0.08451400418842968,0.5435699799771212,430.125
Rand,-0.16056642430551915,0.13238112337052174,-0.0911922515649759,0.6700024207654477,902.875
Rand,0.49330807694225803,0.020181792056804284,-0.0202046192286518,0.4312258846695209,492.125
Rand,-0.03423934861566898,0.20494060934851194,-0.22354341636776098,0.4728132976906731,1468.625
Rand,-0.4098312984371393,0.2626727461543469,-0.028604239871637245,0.9876752514003595,189.875
Rand,-0.3774607496615475,0.10205057357104812,-0.0007128324674811177,0.8067162430734646,267.375
Rand,-0.5318627838225113,1.0279420735482172,0.0703841753194194,0.8428279420257269,790.5
Rand,0.3449428910166846,0.2342036047579102,-0.036802102819825315,0.8817072847031008,325.49999999999994
Rand,-0.7067855630674897,0.5612978857542155,-0.001727569951832805,1.0239005553966696,348.75
Rand,-0.7676969133725408,0.2352736175346064,0.16365421226999113,0.544515912790277,701.3749999999999
Rand,0.210040196076185,0.5693771685178701,0.015925618317952972,0.87848022732611,220.875
Rand,0.25472479940137915,0.11567228897126025,-0.014487382184826248,0.6164576833381521,856.375
Rand,0.3640064938752875,0.24992007042458203,-0.18837525392395105,0.5553682024106998,317.75
Rand,0.3398689631646535,0.018212624373556335,-0.2301336872689613,0.6829732059441285,220.87499999999997
Rand,0.2980687759256756,0.11178435053049046,-0.13673385651631373,0.6804238946644265,449.5
Rand,-0.5781290776591013,1.2117070880484737,0.04155620976799267,0.8245672774647822,372.00000000000006
Rand,-0.08576220460113453,0.06365672052095472,-0.28402623621267226,0.6581218354676241,678.125
Rand,-0.42410140245281464,0.3432785315421629,-0.04955804660318282,0.5283853967096432,763.375
Rand,-0.22109245467940622,0.15725487433406204,-0.17595268101175388,0.7440925547641462,592.875
Rand,-0.4414730155221144,0.6373206238842346,0.04246949766350111,0.9632101479360548,248.0
Rand,-0.16294476199607624,0.06062634927973496,-0.08066737139413263,0.5598808113083638,600.625
Rand,-0.1841238492745204,0.03737841133473984,-0.13043767277505758,0.4429400639824551,294.5
Rand,-0.11002367077465275,0.1464346953537849,-0.030213007034448524,0.6217364544446126,282.875
Rand,-0.7156117995217997,0.6634432352511334,0.23233072924951656,1.2080323495223293,189.875
Rand,-0.20221452333257792,0.08013958821665598,-0.11581456412250542,0.7550093179431742,155.0
Rand,-0.41625649205777837,0.59985870422897,0.005315180137258809,0.7473565278366479,693.6250000000001
Rand,0.20771736437897326,0.26064519178885537,-0.0792111209549907,0.5211392086438325,565.75
Rand,-0.47900821229522494,0.3212864194292848,0.039001362404522996,0.7654660082588755,724.625
Rand,-0.1943622577213892,0.16290035434314065,-0.04332283869004402,0.728517149567183,705.25
Rand,0.32235198850159597,0.44749220364936737,-0.013722727983111124,1.0169044692952842,585.125
Rand,-0.05555510565653609,0.15689431096301382,-0.1055444859437361,1.1147140153336383,182.12499999999997
Rand,-0.15740640118345597,0.3126458050538845,-0.029823711688996727,0.5573482068747362,852.5
Rand,-0.15873443404222373,0.1674643491046261,-0.11884722347822758,0.4919424114091988,209.25
Rand,0.3661708961704345,0.1594952840078032,-0.10954725348777523,1.2179908461663498,259.625
Rand,0.23273500944829334,0.2100907244535025,-0.08793658853727365,0.6245032331613961,534.75
Rand,-0.13671785872772402,0.09916668119931672,-0.13262468379979134,0.5173746757973186,434.0
Rand,0.2325764033057689,0.1392734151274414,-0.09965875057613041,0.659414596069687,852.5
Rand,0.08262184493686436,0.08329779556215632,-0.13036225570685644,0.3000424561146523,852.5
Rand,0.30726488637566457,0.3619657525745004,-0.043997590392878774,1.1100415305725906,263.5
Rand,0.19282614229495,0.1571126976411602,-0.2124435300022199,0.6475942499457753,317.75
Rand,-0.15480429133128634,0.47791023103943053,-0.12873683217293888,0.8021383859425014,596.75
Rand,0.3314350793446994,0.20698373349593502,-0.09947627205851049,0.5594927383238951,852.5
Rand,-0.4411451803878002,0.24570024979000654,-0.06099910751126507,0.9555140914634906,631.625
Rand,-0.7615751243102903,1.38125689164515,0.09100324119886966,1.2757555141152885,368.125
Rand,0.28059615176064556,0.06503095864197288,-0.0014071667901796652,0.8947416482457066,209.24999999999997
Rand,-0.3269947668733228,0.3601815784844666,-0.10580789505553223,0.5896463503051408,267.375
Rand,0.11887482400779018,0.10886030451061962,-0.1394187630005212,0.5341543645377218,465.0
Rand,0.3333329472567548,0.23341241399712132,-0.13425016495733502,0.7707570228209685,414.625
Rand,-0.6966158340215787,1.2523970742023793,0.056508972731189204,1.4378280474328258,271.25000000000006
Rand,0.515446671224416,0.13512611689817886,-0.07190152079579706,1.0119743536711723,236.37500000000003
Rand,-0.7714394801292607,0.3997218591620523,0.09222163672937037,0.8533846100543458,290.625
Rand,-0.6589200548638534,0.9831758775115005,0.005280689557656241,0.7553981367574824,635.5
Rand,0.23887652502987985,0.4674213196563041,0.04990740125825428,0.5985287569901772,395.25
Rand,-0.19548166872647518,0.4870441616634016,-0.1146042895594097,0.9652684799731053,511.50000000000006
Rand,-0.7573071538824921,0.5121453133893643,0.13877629028369287,0.7760282171217437,372.0
Rand,-0.3054972940119284,0.4860755573348127,-0.1803751612173955,0.9999578598950936,802.125
Rand,-0.06692234503534641,0.05082476182266939,-0.21387183064702558,0.40468686430707346,775.0
Rand,0.33387144826558435,0.05019992188988677,-0.11295538839285521,0.6812262689775206,379.75
Rand,0.27111589954831883,0.12481257042733485,0.046511590382013204,1.0706528815800547,248.0
Rand,-0.36874329295572666,0.321034844531758,-0.027190085516256256,0.603134385898721,953.25
Rand,-0.4250731518776997,0.42938024508629297,-0.1076709130496078,0.6579310188053472,286.75
Rand,0.27151482050533216,0.2802684435270563,-0.08326300045582859,0.5999263932116485,356.5
Rand,-0.16236103431916232,0.16112068729524476,-0.03106130322106879,0.41629695555403257,1042.375
Rand,-0.18084663052378427,0.5197069009037923,-0.1645925503725017,0.7566211544228265,705.25
Rand,-0.19503810183553275,0.5152004733623436,0.08536676925544748,0.7196631137348222,627.75
Rand,0.0818746889009868,0.15043920229349034,-0.2516614937300957,0.8936623139624321,554.125
Rand,-0.11615802591152453,0.410171436359246,-0.02151437748708014,0.47754047257901544,527.0
Rand,-0.7456763574890523,0.8458247926805428,0.04282355933616185,1.1092331908836015,174.375
Rand,0.3496722840731507,0.053448474943700953,-0.1983440894366549,0.6729272990998569,213.125
Rand,-0.5204691248502036,0.32217737971376736,0.0028716714347019603,1.1360760312362894,817.6249999999999
Rand,-0.5540380430437971,0.4394219349699888,-0.023156856936970064,0.9259298984594972,457.25
Rand,-0.15488043662968476,0.1836755650787307,-0.18006340625342013,0.5744006760172888,360.375
Rand,-0.5005904988237287,0.559134095796822,0.06154238344046116,0.5424946322475073,550.25
Rand,0.06132254683561226,0.05470757862464594,-0.22921548237587572,0.33799670666890325,670.375
Rand,-0.6054045630628444,0.44416334329927387,-0.017056029250342535,0.9491556346240683,189.875
Rand,-0.7410130418809578,0.9279887854548325,0.07799170088805776,0.9407678663165969,170.5
Rand,0.3021490721436185,0.17341835663461322,-0.05688587520288047,0.799878261124004,406.875
Rand,-0.6055301514697319,0.5727605231047236,0.010860557432988428,0.9693922228856452,825.375
Rand,0.17655391198606035,0.05185298202681221,-0.12552132662693227,0.6182613547604578,961.0
Rand,0.3422875983922763,0.29749026126785505,-0.05037571058048274,0.5078690033024064,809.8750000000001
Rand,-0.25861573239726915,0.25409297684781085,-0.009205942685555446,0.6435066702759736,453.375
Rand,0.22367215976420646,0.5431220091390007,-0.17639497081183048,1.298401964168161,445.625
Rand,0.16831130037064063,0.07122711725410713,-0.11873308070535595,0.5117562233500558,290.62499999999994
Rand,-0.49806786088379795,0.6699466921908654,0.027660944836154777,0.5640797555603996,259.625
Rand,-0.7023665818111511,1.3283942041384322,0.04589785728951942,1.4412544134327274,186.0
Rand,0.23204452045167615,0.040728577702213116,-0.15175060624020287,1.1859782228021758,251.875
Rand,0.2695230768665733,0.27951167017895845,-0.053488989279621084,0.6249725090112404,290.625
Rand,-0.7226790780193351,1.1984572036246555,0.06864301644090999,1.2261933626914514,356.5
Rand,0.13183470706680936,0.04836842385740266,-0.24425475363769647,0.826674568749505,298.375
Rand,-0.7574411678438113,2.0336604600855197,0.14954608077644946,1.290581352072748,290.625
Rand,-0.6481267857786347,0.3639300034845068,0.0026517150900443394,0.8796770476168213,372.0
Rand,-0.6297861642732002,0.6478853355215022,0.08073906666430741,1.1399577177788156,112.37500000000001
Rand,-0.7660767401600165,1.0775103181175332,0.07689945357781959,1.1446940828415664,151.125
Rand,-0.03568111848641422,0.08283172643196608,-0.20557859213687435,0.5325853696805911,581.25
Rand,-0.6368315243902054,0.5477025980101764,0.0879936741522099,0.8438494392286656,763.375
Rand,-0.06161565620339027,0.07573026694672814,-0.17533919336824036,1.0158248050329393,127.875
Rand,-0.68134186185,0.2396022217771517,-0.025559182755694423,0.9506652948599787,197.62500000000003
Rand,0.10935813200069569,0.0948921614624286,-0.11892131782465393,0.6188194536042204,298.375
Rand,0.06600460225911005,0.24394946878490464,-0.0970762463898227,0.8924054233944827,158.87500000000003
Rand,-0.1983577131890542,0.44068390676865776,-0.10931510317549757,0.8473667028414413,728.5
Rand,-0.38053440564582686,0.35972984994289736,-0.002297271833307879,1.5009775122634512,375.875
Rand,0.3217236747112572,0.3795106432903802,0.10227762391803846,0.8524044205946492,325.5
Rand,-0.7730091291408814,0.8575140113312671,0.11480932452008165,0.7912013607950842,600.6249999999999
Rand,0.23835098974212168,0.24013364301834456,-0.052459681007302486,0.6252421825125196,488.25
Rand,-0.2051001525926905,0.19096160842607918,-0.114195260274128,0.8861838769822127,751.75
Rand,-0.7069710384678822,0.4636915374214713,-0.004136268402412114,0.7827759198175602,554.125
Rand,-0.12038749295145079,0.2765663181417074,-0.08108929324996596,0.6561409499230262,298.375
Rand,-0.6616734202880012,1.0036835338365289,0.05299020281815701,1.0949942449691217,220.875
Rand,-0.5204973228329562,0.6302668980725504,-0.01999941434523012,0.7538178992471104,166.625
Rand,0.12519598360954304,0.1308710593887053,-0.1487344476679678,0.628392835253562,368.125
Rand,-0.1691373663905284,0.7794760107688599,0.06803122326295005,1.004996582821027,364.24999999999994
Rand,-0.22377200394991575,0.9335912436980476,0.040492893808589586,0.8273379390056625,356.5
Rand,0.27995463271029,0.044511215249392645,-0.08361862736386608,0.8242158543947141,201.5
Rand,0.2445665215076165,0.24380483370538206,-0.06659543009038926,0.739813478973306,957.1250000000001
Rand,0.28754263544264164,0.11440908797928068,-0.01674357116025054,0.9836396691949115,906.7500000000001
Rand,-0.267493384161061,0.11349395355969391,-0.17035184158641795,0.516260777807808,151.125
Rand,0.27940867160171823,0.386482422881372,-0.14499445164185354,0.658514478415526,1406.6250000000002
Rand,0.15040802236560205,0.15885999593188224,-0.19545610655939524,0.7927129034090701,414.625
Rand,-0.7438047554947307,0.8765318853641,0.040204769572356275,0.9355691996917075,127.875
Rand,-0.6540254974726729,0.4247912567274965,-0.042882291750477836,1.0239811881583463,589.0
Rand,0.17340993738103214,0.1382544138731264,-0.14645792562584253,0.5136846201193727,1526.7500000000002
Rand,-0.09204970103142254,0.396631257448623,-0.009135695160236143,1.0097418576716628,484.375
Rand,0.3008059605333089,0.14899182717050385,-0.010938181628214153,0.708493895901433,422.375
Rand,-0.625441312368626,0.42387591744235803,0.004538584751493714,0.7609658185865187,883.5
Rand,0.3759037257742758,0.009466094507910538,-0.09572666390419536,0.550009135449983,383.62499999999994
Rand,-0.7720764814171146,0.3798390427698068,0.10499741242205587,0.7049934373735571,1116.0
Rand,-0.16646758723764743,0.07065861534805087,-0.037487862657111626,0.9797405723499353,453.37500000000006
Rand,-0.1815222402170718,0.10924729553784139,-0.1928796904042819,0.5010805645577451,340.99999999999994
Rand,0.5348337750449739,0.2710300314717023,-0.08491410285584444,0.9994587038801563,267.375
Rand,0.2548368821716439,0.27579397501167796,-0.06788395125338746,0.7321601785187151,530.875
Rand,0.18851434984859633,0.022984352804498034,-0.1426933613476837,0.9227781753396769,139.5
Rand,-0.2397481402344956,0.2643481366364112,-0.16744403720615636,0.540004426320396,689.75
Rand,0.28154152868209076,0.11644647589125545,-0.1659506374070662,0.6558943051637356,341.0
Rand,0.1252769892575718,0.31173046576874586,-0.035983216460324464,0.5600570852490855,286.75
Rand,-0.7072030799766202,0.3581224748240083,0.12454369955855862,1.0751527015069053,457.25
Rand,-0.7661687857822714,0.40322895254215213,0.014538704916444701,0.996866354397099,464.99999999999994
Rand,-0.2624053132184514,0.21478767695806208,-0.09420949353696698,1.1464726249303396,279.0
