"phi","","","","","","","","","","","","","","","","","","","","","","","","","","","","","","","","","","","","","","","","","","","","","","","","","","","","","","","","","","","","","","","","","","","","","","","","","","","","","","","","","","","","","","","","","","","","","","","","","","","","","","","","","","","","","","","","","","","","","","","","","","","","","","","","","","","","","","","","","","","","","","","","","","","","","","","","","","","","","","","","","","","","","","","","","","","","","","","","","","","","","","","","","","","","","","","","","","","","","","","","","","","","","","","","","","","","","","","","","","","","","","","","","","","","","","","","","","","","","","","","","","","","","","","","","","","","","","","","","","","","","","","","","","","","","","","","","","","","","","","",""
0.1012027,0.0660039,-0.0059993,0.0156688,-0.0490173,0.0042207,0.0012525,0.0045324,0.0043429,0.004329,-0.0436203,0.0634582,0.0623031,0.0617121,-0.0407134,0.0054,0.0608962,0.0004424,0.0050525,0.0565076,0.0049713,0.0011234,0.0367294,0.0012454,0.0048698,-0.0524151,-0.0524155,-0.0524152,-0.0519284,-0.051436,-0.0121002,-0.0508982,0.033419,-0.0001976,0.0321808,-0.0057854,0.0324053,-0.005561,-0.005499,0.0436041,0.0316961,0.0007334,1e-05,0.0313253,0.042212,0.0286175,0.0294428,0.0294437,0.0290522,0.0290537,0.0286542,0.0284864,-0.020969,2.75e-05,0.0257005,5.22e-05,5.82e-05,3.1e-06,0.0002531,0.0002345,1.94e-05,6.76e-05,0.0249363,0.0245443,0.0241708,0.0001256,0.0001472,-0.0147374,-2.06e-05,0.0002585,-0.0277719,0.0302008,0.0302951,0.0002285,0.0002117,0.0325912,0.0002092,0.0001185,0.0288978,0.0340721,-4.57e-05,0.0343896,0.0144409,0.0004038,0.0298313,0.0030029,-0.0011612,-0.0010512,0.0100856,0.0276292,0.0283447,-0.0009722,0.029792,-0.0010686,0.0293009,-0.0010622,-0.0010717,0.0274592,0.0032962,0.008323,-0.0015866,-0.001647,-2.61e-05,-0.0015805,-0.0015844,0.0199572,0.0001079,-2.24e-05,0.0275151,0.0275198,0.0196915,7.76e-05,0.0268561,4.47e-05,0.0282887,0.0076427,-0.0020407,-0.0019427,0.0322233,0.016895,4e-07,-2.5e-05,-7e-07,0.0229418,-0.0019995,-0.0019233,0.0222946,6.14e-05,0.0281879,-0.0018857,0.0151929,-1.71e-05,9.54e-05,-2.48e-05,9.2e-05,-0.0019081,-0.0019129,-0.0013031,0.0205139,-1.99e-05,6.54e-05,-0.0016065,0.0202343,6.32e-05,-0.0018605,-0.0017682,-0.0024964,-0.001719,0.0227446,-0.002126,-0.00212,6.08e-05,6.08e-05,-1.99e-05,-1.24e-05,-1.26e-05,-0.0017492,-0.0017412,-0.0218401,-1.32e-05,-1.36e-05,-0.0029062,-1.13e-05,-0.0233754,-0.0205368,-1.02e-05,-0.0017244,-7.1e-06,-0.0020728,-0.001682,3.1e-06,-2.7e-06,-7.19e-05,4.3e-06,4e-06,-7.13e-05,1.4e-06,-0.0018766,-6.87e-05,7.9e-06,8.1e-06,4.4e-06,-0.0092476,-0.0010016,2.17e-05,-5.14e-05,-7.94e-05,2.48e-05,2.57e-05,-4.56e-05,2.77e-05,2.71e-05,-0.0028453,-0.0010766,-0.0237544,-4.38e-05,-0.013291,9.01e-05,9.59e-05,9.98e-05,0.0018554,0.0016531,-0.0014385,-0.0231515,-8.13e-05,3.96e-05,3.96e-05,3.93e-05,-0.0001455,7.43e-05,-0.0001887,-0.0232081,-0.0002317,-0.0012795,-0.0012797,-0.009063,-0.0006877,0.0068019,0.0036537,0.0044369,0.0129707,0.0001361,6.43e-05,5.66e-05,0.0195211,0.0002179,0.000351,0.0002019,-0.0110766,-0.0006114,0.0059947,-0.0011855,5.32e-05,-0.0011111,0.0054571,-0.0018176,0.0002195,0.0001392,0.0001384,9.68e-05,0.0001413,-0.0104297,0.0003064,0.0001256,-0.0017009,0.0045255,-0.0106329,-0.0024245,-0.0023986,-0.0023988,0.000211,0.0001875,0.0002112,0.0001809,0.0001917,0.0001755,-0.0122674,0.0002635,-0.0022707,0.0002557,0.0002523,0.000184,0.0023041,-0.0006203,-0.0019272,0.001348,0.0017282,-0.0027675,0.0014341,-0.0161353,-0.0019239,0.0012677,0.0013657,0.0013678,0.000271,0.0027364,0.0027358,0.0027367,0.0010792,0.0008599,0.0008599
0.0660039,0.087269,0.0436167,-0.0205641,0.0140934,-0.0128399,-0.0042233,-0.0150333,-0.0143211,-0.0142442,0.0124622,0.0682041,0.0662823,0.0667381,0.0116141,-0.0110198,0.0658197,-0.0032019,-0.0103268,0.0610785,-0.0101624,-0.0036876,-0.0107514,-0.0031984,-0.0096299,-0.0574729,-0.0574724,-0.0574727,-0.0569375,-0.0563978,0.0005282,-0.0541343,-0.0096198,-0.0002407,-0.0095762,0.0064727,-0.0093671,0.0063567,0.0062864,0.0510336,-0.0084033,-0.0023375,-1.27e-05,-0.0083171,0.0491957,0.0207213,-0.0084721,-0.008472,-0.0083609,-0.0083592,-0.00825,0.0191711,-0.0324176,-0.0024747,-0.0100904,-2.3e-05,-2.58e-05,-8.7e-06,-0.0021806,-0.0021734,-3.8e-06,-1.82e-05,-0.0097919,-0.009635,-0.0094507,-0.0020768,-0.0020785,-0.0317919,-3.93e-05,1.97e-05,-0.0379567,0.0003347,0.0001638,-0.001815,-0.0018385,0.0032482,-0.0018021,-0.0011808,0.0018111,0.0408437,0.0001053,0.0408618,0.0038369,0.0005763,0.0382396,-0.0061445,-0.001951,-0.0018624,0.0016719,-0.0039913,-0.0034178,-0.001778,-0.0010612,-0.0018215,-0.0016528,-0.0018231,-0.0017846,-0.0015889,0.0023775,0.0103673,-0.0024422,-0.0023802,0.0001337,-0.002384,-0.0023838,0.0257077,0.0003008,0.0001357,0.0002854,0.0002961,0.0248844,0.0001323,0.0347532,0.0001305,0.0346423,-0.002145,-0.0022623,-0.0022626,0.031808,0.0182238,0.0001686,0.0001418,0.0001675,0.0331351,-0.0022096,-0.0022001,0.0323048,0.0001568,0.0042125,-0.0021394,0.0206485,0.0001428,0.0001601,0.0001276,0.0001591,-0.0020853,-0.0020997,-0.0045604,0.0301625,0.0001302,0.0001586,-0.0049408,0.030086,0.0001586,-0.0052745,-0.0020038,-0.0038186,-0.001868,0.0302666,-0.0054283,-0.0054205,0.0002412,0.0002408,0.0001286,0.0001469,0.0001466,-0.0018358,-0.0018167,0.0002343,0.0001299,0.0001298,-0.006132,0.0001322,-0.0018386,-0.028441,0.0001339,-0.0017563,0.0001374,-0.0032516,-0.0016421,0.0001531,0.0001372,0.000147,0.000153,0.0001526,0.0001458,0.0001381,-0.0049326,0.0001467,0.0001531,0.0001533,0.0001395,-0.0022703,-0.0014529,0.0001428,0.0001478,0.0001465,0.0001366,0.0001384,0.0001493,0.0001384,0.0001352,-0.0057204,-0.0014607,-0.0054758,0.0001473,-0.0238969,0.0002168,0.0002228,0.0002268,0.0015007,0.0012887,-0.0018047,-0.0061207,0.0001321,0.0001613,0.0001614,0.000161,0.0001152,0.0001904,0.0001019,-0.0062204,8.87e-05,-0.0017551,-0.0017555,-0.0037117,-0.0015794,0.0070284,0.0079931,0.0076597,0.0097879,0.0002337,9.42e-05,7.91e-05,0.0103767,0.0002881,0.0003609,0.0002769,-0.0215122,-0.0014767,0.0021313,-0.0017846,0.0001352,-0.0017426,0.001834,-0.0021197,0.0003603,0.000316,0.0003151,0.0002343,0.000321,-0.020244,0.0004094,0.00031,-0.0019737,0.0013948,-0.0202502,-0.0024202,-0.002334,-0.0023343,0.0004061,0.000329,0.0004109,0.0003055,0.0003463,0.0002982,-0.010548,0.0004606,-0.0067982,0.0004512,0.0005201,0.0004895,0.0013042,-0.0140918,-0.0006405,0.0009261,0.0010098,-0.0009164,0.0009419,-0.0133972,-0.0037726,0.0008376,0.0008661,0.0007795,-0.0008526,-9.98e-05,-9.72e-05,-0.0001016,-0.0091007,-0.0039001,-0.0039001
-0.0059993,0.0436167,0.0865356,0.0128874,0.0686171,0.0242296,0.0074407,0.0270745,0.0258839,0.0257345,0.0606842,0.0313992,0.0317303,0.0299903,0.0566141,0.0236812,0.0295384,0.0067299,0.0221694,0.0274143,0.0218243,0.0049013,-0.0504443,0.0053132,0.020295,-0.0243899,-0.0243913,-0.0243903,-0.0241657,-0.0239365,-0.0240245,-0.0258343,-0.0464762,-4.05e-05,-0.0451511,-0.0207611,-0.0450049,-0.0207605,-0.0205359,0.0158766,-0.0424346,0.0053575,6.41e-05,-0.0419094,0.0151784,0.0264211,-0.0397852,-0.0397835,-0.0392577,-0.0392576,-0.0387248,0.0230138,0.0017428,0.0048811,-0.0389053,0.0001414,-2.16e-05,5.86e-05,0.0049292,0.0048194,6.65e-05,0.0001562,-0.037718,-0.0371251,-0.0365123,0.0046533,0.0046876,-0.0071235,-5e-06,-0.0002938,-0.031378,-0.0327268,-0.0325444,0.0046538,0.0046384,-0.0308025,0.0046918,0.0030504,-0.0254038,0.0221099,-0.0002034,0.0216376,0.0167057,-2.44e-05,0.0285866,0.0154118,0.0058524,0.0058754,0.0180098,-0.02107,-0.0281575,0.0056441,-0.0251184,0.0055634,-0.0257628,0.0055555,0.0054685,-0.0242064,-0.0227794,0.0080598,0.0050336,0.0050006,-0.00041,0.0049432,0.0049466,-0.00237,-0.0003447,-0.0004223,-0.0225921,-0.0226144,-0.0027757,-0.0004991,0.0165465,-0.0004672,0.0151361,-0.0029832,0.00514,0.0050602,0.0073313,0.0242184,-0.0003335,-0.0004214,-0.0003348,0.0224561,0.0050028,0.0049516,0.0215624,-0.0004851,-0.0181041,0.0048236,0.0265287,-0.0004211,-0.0004975,-0.0003759,-0.0004947,0.0047287,0.0047706,0.0146442,0.0208666,-0.000381,-0.000477,0.0144264,0.0211408,-0.0004695,0.0142227,0.0045256,0.0090838,0.0041885,0.0194189,0.0137226,0.0137273,-0.0003751,-0.00038,-0.0003922,-0.0004339,-0.0004334,0.0041343,0.0040909,0.0184149,-0.0003915,-0.0003913,0.0128023,-0.0003931,0.017207,-0.0178531,-0.0003923,0.0039709,-0.0004004,0.0082523,0.0036447,-0.000442,-0.0003973,-0.0003913,-0.0004429,-0.0004421,-0.0003897,-0.0004013,0.0128518,-0.0003935,-0.0004454,-0.0004459,-0.0004031,0.0087604,0.0029605,-0.0004105,-0.0003979,-0.0003806,-0.0003951,-0.0003995,-0.0004052,-0.0004013,-0.000391,0.0119099,0.0030058,0.0148787,-0.0004265,-0.0098671,-0.0003721,-0.0003601,-0.0003495,0.0089891,0.0085774,0.0019779,0.0136919,-0.000472,-0.0005426,-0.0005426,-0.0005422,-0.0004334,-0.0004822,-0.0004108,0.013645,-0.0003856,0.0018515,0.0018523,0.0063975,0.0015795,0.0166874,0.0198547,0.0190591,0.0136019,-0.0006214,-0.0006879,-0.0006936,0.0059555,-0.0005896,-0.000551,-0.0005908,-0.0098695,0.0014152,0.00334,0.0012411,-0.000764,0.0012592,0.0031878,0.0010414,-0.0006532,-0.000676,-0.0006755,-0.0007125,-0.0006725,-0.0092032,-0.0006224,-0.0006737,0.0009399,0.0027863,-0.0089344,0.0006644,0.0007335,0.000734,-0.0006935,-0.0007545,-0.0006877,-0.0007742,-0.0007392,-0.0007751,0.008852,-0.0006241,-0.005201,-0.0006492,-0.0005562,-0.0004892,0.0027669,-0.0169446,0.0007033,-0.0016982,0.0028522,0.0001408,-0.0018193,0.0032857,-0.0042801,-0.0016065,-0.0016956,-0.0018167,-0.0032564,-0.0027173,-0.0027144,-0.0027193,-0.0136472,-0.0043604,-0.0043604
0.0156688,-0.0205641,0.0128874,0.0865356,-0.017999,0.0666201,0.0209852,0.075606,0.0721882,0.071802,-0.0163527,-0.0003724,0.0022916,-0.0019662,-0.0152602,0.0639221,-0.0019373,0.0165409,0.0598592,-0.0017964,0.0589155,0.0162395,0.0151926,0.0159449,0.0555712,0.0047991,0.0047955,0.0047979,0.0047477,0.0047029,-0.0528944,-0.0017863,0.0127036,0.0001382,0.0123694,-0.0509491,0.0124837,-0.0503362,-0.0497854,-0.016761,0.012711,0.0133362,0.0001292,0.0126267,-0.0160368,0.0376207,0.0127372,0.0127409,0.0125703,0.0125695,0.0123995,0.0361599,0.0373882,0.0118452,0.0112835,0.0003228,0.0001206,0.000102,0.0116489,0.0114566,0.0001285,0.0003575,0.0109919,0.0108129,0.0106319,0.0108516,0.0109362,0.0343302,4.35e-05,-1.47e-05,-0.0061168,0.0046214,0.0053828,0.0104612,0.0104635,0.0048642,0.0104532,0.0067874,0.0091425,-0.0021888,-0.0005705,-0.0023429,0.0376079,-0.0006055,0.0051294,0.0385793,0.0100949,0.0101156,0.036891,0.0252464,0.0157144,0.0097549,0.0171019,0.009583,0.0167043,0.0095862,0.0093725,0.0156556,-0.030157,0.0021867,0.0093572,0.0090825,-0.0008754,0.009122,0.0091197,-0.0255614,-0.0009268,-0.0008903,0.013907,0.0138619,-0.0247798,-0.0008232,-0.008361,-0.00083,-0.0076813,0.0130058,0.0083776,0.0084311,-0.0056746,0.0209557,-0.0008047,-0.0009062,-0.0008058,-0.0033726,0.008149,0.008184,-0.0038481,-0.0008828,0.0126234,0.0079447,0.0161068,-0.0008952,-0.0008513,-0.0008147,-0.0008509,0.0076662,0.0077449,0.0271786,-0.0031028,-0.0008193,-0.0008695,0.0272059,-0.0030276,-0.000863,0.0272324,0.0074483,0.0162268,0.0067878,-0.001635,0.0264606,0.02646,-0.0009167,-0.0009225,-0.0008307,-0.0009132,-0.0009124,0.0065977,0.0065121,-0.0113767,-0.0008218,-0.0008217,0.0254635,-0.0008257,-0.0110652,0.0034218,-0.0008264,0.0062501,-0.0008396,0.0145947,0.0056396,-0.0009123,-0.0008279,-0.0009531,-0.0009111,-0.0009098,-0.0009474,-0.0008284,0.0246449,-0.0009504,-0.0009088,-0.0009097,-0.0008291,0.001523,0.0054272,-0.0008178,-0.0009304,-0.00095,-0.0007792,-0.0007873,-0.000934,-0.0007863,-0.0007667,0.0234922,0.0053826,-0.0070363,-0.0009552,0.0161777,-0.0008133,-0.0008007,-0.0007885,0.0118277,0.011401,0.0041545,-0.0062671,-0.0010446,-0.0010049,-0.0010049,-0.001004,-0.0010612,-0.0009297,-0.001073,-0.0062093,-0.0010809,0.0041383,0.0041397,0.0017391,0.0043616,0.0183655,0.0154257,0.016346,0.0183806,-0.0011076,-0.0010156,-0.0010035,0.0175498,-0.0010482,-0.0009357,-0.0010521,0.014687,0.004047,0.0096592,0.0035381,-0.0012229,0.0035935,0.0092162,0.0029587,-0.0012847,-0.0013512,-0.0013498,-0.0012946,-0.0013536,0.0139242,-0.0012069,-0.0013573,0.0027014,0.0081025,0.0139664,0.0021095,0.0020601,0.0020611,-0.0014499,-0.0014054,-0.0014522,-0.0013921,-0.0014149,-0.0013865,0.014391,-0.0013882,0.0038568,-0.0014145,-0.0014426,-0.0013987,0.0046604,0.0063976,-0.0008256,-0.0020541,0.0044664,-0.0023544,-0.0021096,0.0067431,-0.000801,-0.0018735,-0.0018941,-0.0018678,-0.0020935,0.0010276,0.0010251,0.0010294,0.0029224,0.0038868,0.0038868
-0.0490173,0.0140934,0.0686171,-0.017999,0.0792022,0.0007541,0.0001141,0.0006179,0.0006106,0.0005949,0.0702639,0.0001236,0.0001671,9.26e-05,0.0655598,0.0005351,4.62e-05,0.0010014,0.0004975,4.62e-05,0.0004938,-0.0006612,-0.059003,-0.0003034,0.0001606,-9.3e-06,-9.4e-06,-9.3e-06,-9.3e-06,-9.2e-06,-0.0009705,-8.81e-05,-0.0538635,1.06e-05,-0.0522216,-0.0013536,-0.0522226,-0.001599,-0.0015841,-0.0002727,-0.0499338,0.0006028,1.45e-05,-0.049343,-0.0004661,0.000243,-0.046917,-0.0469168,-0.0462953,-0.0462956,-0.0456654,-0.0020691,0.0001655,0.0008816,-0.044352,1.04e-05,-7.13e-05,1.97e-05,0.0008809,0.0008492,1.28e-05,7.3e-06,-0.04302,-0.0423421,-0.0416551,0.0009137,0.000911,-0.0086511,-7e-06,-0.000335,-0.0126188,-0.039471,-0.0395566,0.0009731,0.0009668,-0.0389362,0.0010133,0.000668,-0.0342258,0.0047941,7e-07,0.004328,-0.0019302,-2.5e-05,0.0098106,0.0013241,0.0025818,0.0025512,0.0010306,-0.0343585,-0.0378995,0.0024263,-0.0363873,0.0024437,-0.0366083,0.0024339,0.0024224,-0.0343581,-0.0118994,0.0026115,0.0022814,0.0023491,-9.52e-05,0.0022665,0.0022714,-0.0032923,-8.28e-05,-0.0001027,-0.032636,-0.0326443,-0.0037127,-0.0002213,0.0047682,-0.0001808,0.0028922,-0.0087583,0.0027978,0.0026811,-0.0054546,0.0073904,-6.23e-05,-9.69e-05,-6.27e-05,0.0097951,0.0027296,0.0026492,0.0094557,-0.0001884,-0.0289689,0.0025927,0.0111629,-0.0001026,-0.0002198,-8.38e-05,-0.0002164,0.0025966,0.002612,0.005333,0.0094131,-8.87e-05,-0.0001869,0.0052716,0.0097253,-0.0001817,0.005202,0.0024336,0.0041401,0.0023121,0.0069887,0.005103,0.0051045,-9.1e-05,-9.35e-05,-9.48e-05,-0.0001102,-0.0001099,0.0023291,0.0023129,0.0263789,-9.92e-05,-9.88e-05,0.0049283,-0.0001002,0.0259384,-0.0070643,-9.98e-05,0.0022769,-0.0001041,0.0037212,0.0021541,-0.000123,-0.0001064,-4.21e-05,-0.0001245,-0.0001241,-4.25e-05,-0.0001111,0.0047686,-4.59e-05,-0.0001285,-0.0001288,-0.0001136,0.0103218,0.0013885,-0.0001292,-6.13e-05,-3.13e-05,-0.000128,-0.0001298,-6.86e-05,-0.0001324,-0.0001288,0.0046913,0.001466,0.0231878,-8.1e-05,-0.0067874,-0.0001268,-0.0001226,-0.0001188,0.0034609,0.0033196,0.001098,0.0217981,-7.98e-05,-0.0001947,-0.0001947,-0.0001945,-1.91e-05,-0.0001792,1.93e-05,0.0217681,5.86e-05,0.0009374,0.0009377,0.0082947,0.0004268,0.00601,0.010557,0.0093713,0.0010772,-0.0002701,-0.0003185,-0.0003231,-0.0074554,-0.0002922,-0.0003428,-0.0002858,-0.0072875,0.0003449,-0.0021673,0.0005631,-0.0003222,0.000534,-0.0019628,0.0008019,-0.0002835,-0.0002529,-0.0002525,-0.0002798,-0.0002503,-0.006814,-0.0003131,-0.0002441,0.0007398,-0.0016306,-0.0065281,0.0009572,0.001015,0.0010152,-0.0002702,-0.0003213,-0.000265,-0.0003379,-0.0003082,-0.0003379,0.0083036,-0.0002511,-0.0042636,-0.0002614,-0.0001781,-0.0001084,0.0001163,-0.0150047,0.0015416,-0.0013745,0.0004631,0.0018143,-0.0014918,0.0073232,-0.0024702,-0.0013151,-0.0014204,-0.0015252,-0.0021887,-0.0035328,-0.0035296,-0.003535,-0.0121414,-0.0048391,-0.0048391
0.0042207,-0.0128399,0.0242296,0.0666201,0.0007541,0.07917,-0.0255446,0.0727435,0.0694603,0.0690859,0.000623,0.0006761,0.0032237,-0.0008877,0.0005863,0.0615296,-0.0008841,-0.020235,0.0576111,-0.0008189,0.0567038,-0.0195272,0.0005042,-0.019155,0.0534012,0.0037403,0.0037369,0.0037391,0.003699,0.0036642,-0.0511537,-0.0025684,-0.0010611,-0.0001663,-0.0009926,-0.0492832,-0.0008845,-0.0487544,-0.0482215,-0.0154242,-9.65e-05,-0.0161669,-0.0001624,-0.0001544,-0.0148092,0.0365882,0.0005476,0.0005527,0.000541,0.0005445,0.0005348,0.0345928,0.0355426,-0.0146912,-0.0002894,9.45e-05,-0.0001494,-0.0001484,-0.0141107,-0.0143034,6.9e-06,0.0002546,-0.0003325,-0.0003395,-0.0003349,-0.0136731,-0.0135923,0.0304147,6.49e-05,-4.3e-05,-0.0095946,-0.0055066,-0.0047995,-0.0131972,-0.013197,-0.005178,-0.0131939,-0.0087508,-0.0101029,-0.0003658,0.0006626,-0.0006371,0.0357689,0.0006673,0.0079794,0.0374472,-0.0125419,-0.0125302,0.0358242,0.0149207,0.0048124,-0.0124822,0.0065684,-0.0122082,0.0061156,-0.0122079,-0.011971,0.0057098,-0.032166,-0.0165318,-0.0111064,-0.0108767,0.001076,-0.0108574,-0.0108586,-0.0255708,0.0010788,0.0010946,0.0044619,0.0044186,-0.0249315,0.0010989,-0.0067713,0.0010799,-0.0066196,-0.0078922,-0.0104294,-0.0104107,-0.0071055,0.0222361,0.0012091,0.0010957,0.0012041,-0.0005717,-0.0101467,-0.0101352,-0.0011234,0.0011171,0.0039136,-0.0098515,0.0186079,0.0010764,0.0011003,0.0011575,0.0010932,-0.0095624,-0.0094827,0.0276914,-0.000414,0.001158,0.0010881,0.0277013,-0.0002543,0.0010785,0.027708,-0.0092516,0.0007116,-0.0099177,0.0003162,0.0265373,0.0265372,0.0010654,0.001074,0.0011466,0.001061,0.0010598,-0.0095081,-0.0095938,-0.0037762,0.0011388,0.0011337,0.0255402,0.0011348,-0.0035993,0.0013586,0.0011306,-0.0092467,0.0011448,2.53e-05,-0.0098526,0.0010363,0.0011134,0.0010287,0.0010302,0.001028,0.0010208,0.001112,0.0243551,0.0010224,0.0010239,0.0010253,0.0011083,-0.009985,-0.0089711,0.0011143,0.001009,0.001015,0.0011381,0.0011412,0.0009995,0.0011311,0.0011558,0.0232492,-0.0089603,-0.0008716,0.0010343,0.013407,0.0011651,0.0011806,0.0011884,-0.0014947,-0.0020529,-0.0094911,-0.0004983,0.001083,0.0010727,0.0010728,0.0010708,0.0010789,0.0011325,0.0010679,-0.0004467,0.0010617,-0.009405,-0.009407,-0.0089937,-0.0093294,0.0181373,0.0164872,0.0170584,0.0170101,0.001386,0.0014742,0.001477,0.0141786,0.0014207,0.0015282,0.0013904,0.0118479,-0.0087758,-0.0034883,-0.0091946,0.0018344,-0.0091293,-0.0039495,-0.0096313,0.001876,0.0018085,0.0018042,0.001848,0.0017993,0.0112535,0.0019208,0.0017693,-0.0089478,-0.0041303,0.0113576,-0.0094127,-0.0094458,-0.0094474,0.0022007,0.0022281,0.0021912,0.0022404,0.0022154,0.0022233,0.0149516,0.0022048,-0.0074575,0.0022328,0.0021972,0.0019165,0.0010014,0.0016941,-0.0055298,0.0066916,-0.0005699,-0.0063257,0.0070749,0.0080489,-0.0054238,0.0065874,0.0065356,0.0065102,0.003176,0.007672,0.0076732,0.0076712,-5.66e-05,-0.0016745,-0.0016745
0.0012525,-0.0042233,0.0074407,0.0209852,0.0001141,-0.0255446,0.0777324,-1.14e-05,-1.09e-05,-1.08e-05,-0.000452,0,-4e-07,3e-07,-0.0004342,-9.2e-06,5e-07,0.0617948,2.9e-06,1.5e-06,2.8e-06,0.0594452,0.0010174,0.0584801,2.66e-05,5.33e-05,5.33e-05,5.33e-05,5.28e-05,5.23e-05,-4.8e-06,4.91e-05,0.0016116,0.0005071,0.0015818,1.9e-06,0.0015898,9e-06,8.9e-06,-4.65e-05,0.0015284,0.0494988,0.0004928,0.0017186,-2.67e-05,1.13e-05,0.0016368,0.0016343,0.0016171,0.0016098,0.0015935,8.19e-05,4.46e-05,0.0446521,0.0016271,0.0003713,0.0004234,0.0004266,0.0433509,0.0433515,0.0002034,0.0001548,0.0017437,0.0017275,0.0016927,0.0413164,0.0413166,0.0003743,-4.28e-05,-7.95e-05,0.0004816,0.0017302,0.0017377,0.0398975,0.039898,0.0018485,0.0398947,0.0262204,0.0190064,-9.01e-05,-0.0020579,-6.02e-05,0.0001222,-0.0021213,-0.0004272,-0.0001374,0.0388001,0.0388044,-5.93e-05,0.0026349,0.0028623,0.0380861,0.0027906,0.0373444,0.0028094,0.0373453,0.0365892,0.0026506,0.0007808,0.0329543,0.0350234,0.0342106,-0.0032961,0.0342105,0.0342107,0.000995,-0.0033762,-0.003355,0.0026194,0.0026163,0.0010052,-0.0032982,0.0005307,-0.0032615,0.0006602,0.031287,0.0324717,0.0324826,0.0014851,-0.0001854,-0.0033932,-0.0033806,-0.0033867,5.49e-05,0.0315917,0.0315989,6.28e-05,-0.0034136,0.0029612,0.0307043,-0.0004426,-0.0033318,-0.0033454,-0.0033311,-0.0033314,0.0297596,0.0297585,-0.0006351,6.8e-06,-0.0033414,-0.0033419,-0.0006405,-2.31e-05,-0.0033128,-0.0006436,0.0288136,0.0268611,0.0288211,0.0002374,4.1e-05,4.1e-05,-0.0033416,-0.0033667,-0.003343,-0.003338,-0.0033346,0.0278209,0.0278206,-0.0020397,-0.0033169,-0.003308,1.85e-05,-0.0033168,-0.0020522,-0.0001422,-0.0033105,0.0267891,-0.0033579,0.0252083,0.026775,-0.0032995,-0.0032862,-0.0033223,-0.0032876,-0.0032816,-0.0032996,-0.0032865,0.0006614,-0.0033085,-0.0032747,-0.0032786,-0.0032822,0.0233903,0.0246384,-0.00328,-0.0032591,-0.0032898,-0.0032569,-0.003276,-0.0032514,-0.0032582,-0.003267,0.0006046,0.0245765,-0.0012435,-0.0033502,0.0004819,-0.0033561,-0.00336,-0.0033518,0.0232805,0.023471,0.0233175,-0.0011703,-0.0035794,-0.0035402,-0.0035406,-0.0035355,-0.0035765,-0.0035121,-0.0035628,-0.0011772,-0.0035504,0.0230839,0.0230898,0.0212416,0.0231287,0.0017288,0.0014966,0.0015673,0.0018387,-0.0042684,-0.0042897,-0.0042769,0.0020196,-0.0042373,-0.0042535,-0.0041899,0.0005588,0.0216434,0.0209662,0.0215986,-0.0052422,0.021568,0.0210963,0.0214756,-0.0053935,-0.0053768,-0.0053672,-0.0053639,-0.0053641,0.0005345,-0.0053524,-0.0053171,0.0198721,0.0196971,0.0005367,0.0197658,0.0197657,0.01977,-0.0062098,-0.0062051,-0.0061953,-0.0062111,-0.0061936,-0.0061731,0.0010793,-0.006107,0.0171814,-0.0062017,-0.0061535,-0.0055783,0.0060065,0.001461,0.0086278,-0.0152468,0.0084866,0.0075754,-0.0160343,-0.0001574,0.0068634,-0.0147534,-0.0147388,-0.0146953,-0.0096926,-0.0127248,-0.0127297,-0.0127214,-2.47e-05,0.0072492,0.0072492
0.0045324,-0.0150333,0.0270745,0.075606,0.0006179,0.0727435,-1.14e-05,0.0747608,0.0713864,0.0710016,0.0003148,0.0003798,0.0030044,-0.0012191,0.0002946,0.0632282,-0.001211,6.28e-05,0.0592054,-0.0011219,0.058273,2.6e-06,0.001007,5.67e-05,0.0548878,0.0041235,0.00412,0.0041223,0.0040785,0.00404,-0.0525295,-0.0023713,-0.0004137,1.2e-06,-0.0003564,-0.0506332,-0.0002435,-0.0500869,-0.0495394,-0.0160887,0.0005367,9.24e-05,-6e-07,0.0005399,-0.0154417,0.0374783,0.00123,0.0012343,0.001215,0.0012161,0.0011991,0.0354642,0.0366609,-2.57e-05,0.0003705,0.0002223,-1.05e-05,-8.6e-06,0.0001305,-6.71e-05,7.57e-05,0.0003137,0.0003619,0.0003475,0.0003385,-0.0001064,-2.34e-05,0.031518,5.24e-05,-7.05e-05,-0.0094942,-0.005008,-0.0042785,-9.72e-05,-9.68e-05,-0.0046451,-9.5e-05,-0.0001439,-0.0039203,-0.000602,-1.37e-05,-0.0008699,0.0367558,-3.24e-05,0.0078573,0.0384323,0.0002037,0.0002168,0.0367565,0.0162841,0.0059842,2.39e-05,0.0077499,5.53e-05,0.0072944,5.6e-05,4.43e-05,0.0068202,-0.0327578,-0.0059204,0.0004075,0.0003691,-6.6e-06,0.000389,0.0003879,-0.026035,-3.14e-05,-7.3e-06,0.0055168,0.0054712,-0.0253706,1.65e-05,-0.0069422,9.3e-06,-0.0067391,0.0024655,0.000241,0.000264,-0.0069333,0.0226744,9.72e-05,-1.48e-05,9.43e-05,-0.0007373,0.0002346,0.0002489,-0.0012968,-3.9e-06,0.0050449,0.0002385,0.0188448,-1.82e-05,1.9e-06,6.53e-05,-7e-07,0.0002167,0.0002983,0.028233,-0.0005772,6.25e-05,-9.4e-06,0.0282433,-0.0004235,-9.6e-06,0.0282507,0.0002169,0.009795,-0.000465,0.0002538,0.0272802,0.02728,-3.32e-05,-3.28e-05,5.02e-05,-3.61e-05,-3.61e-05,-0.0003817,-0.0004698,-0.0046094,5.1e-05,4.88e-05,0.0262523,4.69e-05,-0.0044216,0.0014897,4.47e-05,-0.0004614,4.33e-05,0.0085313,-0.0010886,-4.84e-05,3.52e-05,-6.4e-05,-5.07e-05,-5.09e-05,-6.46e-05,3.36e-05,0.0252468,-6.59e-05,-5.29e-05,-5.27e-05,3.13e-05,-0.0023758,-0.0009032,3.83e-05,-6.3e-05,-6.72e-05,7.05e-05,6.72e-05,-7.01e-05,6.29e-05,8.53e-05,0.0240958,-0.000913,-0.0013269,-6.77e-05,0.0140506,6.45e-05,7.9e-05,8.97e-05,0.0062993,0.0057915,-0.0018802,-0.0009137,-9.48e-05,-9.22e-05,-9.21e-05,-9.25e-05,-9.81e-05,-2.15e-05,-0.0001047,-0.0008625,-0.0001069,-0.0018705,-0.0018706,-0.0020722,-0.0017777,0.0191647,0.0173801,0.0179939,0.0180397,-1.61e-05,6.8e-05,7.53e-05,0.0152044,2.98e-05,0.0001345,1.47e-05,0.0124654,-0.0017103,0.0034785,-0.0021544,0.0001167,-0.0020978,0.0030498,-0.002643,0.0001073,4.37e-05,4.26e-05,8.92e-05,3.86e-05,0.0118403,0.0001669,2.37e-05,-0.0024823,0.002394,0.0119474,-0.0029938,-0.0030283,-0.0030285,0.0001653,0.0001955,0.0001605,0.0002062,0.0001862,0.0002015,0.0157518,0.0002039,-0.0018284,0.0002008,0.00018,8.57e-05,0.0030465,0.0023216,-0.0027699,0.0017302,0.0022697,-0.0039409,0.0018585,0.0082617,-0.0032347,0.0017899,0.0017417,0.0017309,1.9e-06,0.0035953,0.0035949,0.0035957,-4.6e-06,0.0007498,0.0007498
0.0043429,-0.0143211,0.0258839,0.0721882,0.0006106,0.0694603,-1.09e-05,0.0713864,0.0681643,0.0677968,0.0003188,0.0003878,0.0028935,-0.0011396,0.0002983,0.0603749,-0.0011322,6.02e-05,0.0565337,-0.0010489,0.0556433,2.1e-06,0.0009462,5.41e-05,0.0524108,0.0039165,0.0039132,0.0039154,0.0038738,0.0038372,-0.0501623,-0.0022843,-0.000409,1.1e-06,-0.0003539,-0.0483493,-0.0002461,-0.0478277,-0.0473049,-0.0153449,0.0004998,8.85e-05,-5e-07,0.000503,-0.0147278,0.0357971,0.0011624,0.0011665,0.0011482,0.0011493,0.0011332,0.0338727,0.0349969,-2.44e-05,0.0003415,0.0002123,-1e-05,-8.2e-06,0.0001248,-6.39e-05,7.23e-05,0.0002996,0.0003337,0.0003201,0.0003117,-0.0001014,-2.21e-05,0.0300843,5e-05,-6.74e-05,-0.0090828,-0.0047898,-0.0040933,-9.26e-05,-9.22e-05,-0.0044421,-9.04e-05,-0.0001372,-0.0037492,-0.0005589,-1.31e-05,-0.0008148,0.0351005,-3.08e-05,0.0075192,0.0366984,0.0001951,0.0002076,0.0351009,0.0155422,0.005706,2.34e-05,0.0073933,5.34e-05,0.006958,5.4e-05,4.28e-05,0.0065056,-0.031283,-0.0056486,0.0003894,0.0003527,-6.3e-06,0.0003717,0.0003706,-0.0248529,-3e-05,-7e-06,0.005262,0.0052185,-0.0242189,1.57e-05,-0.0066156,8.8e-06,-0.0064221,0.0023525,0.0002305,0.0002525,-0.0066102,0.0216607,9.28e-05,-1.42e-05,9e-05,-0.00069,0.0002244,0.000238,-0.0012246,-3.8e-06,0.0048135,0.0002281,0.0180054,-1.74e-05,1.8e-06,6.24e-05,-7e-07,0.0002072,0.0002851,0.0269601,-0.0005383,5.96e-05,-9.1e-06,0.0269697,-0.0003915,-9.2e-06,0.0269767,0.0002074,0.0093535,-0.0004437,0.0002549,0.0260498,0.0260497,-3.17e-05,-3.14e-05,4.79e-05,-3.45e-05,-3.45e-05,-0.0003642,-0.0004483,-0.0043965,4.87e-05,4.65e-05,0.0250679,4.48e-05,-0.0042181,0.0014108,4.26e-05,-0.0004403,4.13e-05,0.0081468,-0.0010392,-4.63e-05,3.36e-05,-6.12e-05,-4.85e-05,-4.87e-05,-6.17e-05,3.21e-05,0.0241082,-6.3e-05,-5.05e-05,-5.04e-05,2.99e-05,-0.0022671,-0.0008623,3.65e-05,-6.01e-05,-6.42e-05,6.73e-05,6.42e-05,-6.7e-05,6e-05,8.15e-05,0.0230087,-0.0008716,-0.0012646,-6.46e-05,0.0134073,6.15e-05,7.54e-05,8.57e-05,0.0060171,0.0055321,-0.0017955,-0.0008705,-9.06e-05,-8.81e-05,-8.8e-05,-8.84e-05,-9.37e-05,-2.05e-05,-1e-04,-0.0008218,-0.0001021,-0.0017862,-0.0017863,-0.0019782,-0.0016976,0.0183048,0.0166019,0.0171877,0.0172306,-1.54e-05,6.48e-05,7.18e-05,0.0145216,2.84e-05,0.0001284,1.4e-05,0.0118943,-0.0016333,0.0033225,-0.0020574,0.0001113,-0.0020034,0.0029131,-0.0025241,0.0001024,4.17e-05,4.06e-05,8.51e-05,3.68e-05,0.0112979,0.0001594,2.26e-05,-0.0023706,0.0022867,0.0114003,-0.0028592,-0.0028921,-0.0028923,0.0001579,0.0001866,0.0001532,0.0001968,0.0001778,0.0001924,0.0150397,0.0001947,-0.001749,0.0001917,0.000172,8.19e-05,0.0029099,0.0022089,-0.0026448,0.001652,0.0021681,-0.0037632,0.0017745,0.0078858,-0.0030907,0.001709,0.0016629,0.0016526,9e-07,0.0034323,0.0034319,0.0034327,-1.01e-05,0.0007138,0.0007138
0.004329,-0.0142442,0.0257345,0.071802,0.0005949,0.0690859,-1.08e-05,0.0710016,0.0677968,0.0674314,0.000306,0.0003873,0.0028794,-0.0011319,0.0002864,0.0600495,-0.0011246,5.97e-05,0.056229,-0.0010418,0.0553434,2.2e-06,0.0009504,5.38e-05,0.0521284,0.0038941,0.0038908,0.003893,0.0038516,0.0038153,-0.049892,-0.0022733,-0.0003983,1.1e-06,-0.0003438,-0.0480886,-0.0002366,-0.0475698,-0.0470498,-0.0152611,0.0005049,8.79e-05,-5e-07,0.0005081,-0.0146473,0.0356048,0.0011635,0.0011676,0.0011493,0.0011504,0.0011343,0.0336911,0.0348077,-2.44e-05,0.0003466,0.0002111,-1e-05,-8.1e-06,0.000124,-6.37e-05,7.19e-05,0.000298,0.0003386,0.000325,0.0003165,-0.000101,-2.21e-05,0.029923,4.98e-05,-6.7e-05,-0.0090327,-0.0047577,-0.0040648,-9.22e-05,-9.18e-05,-0.0044118,-9.01e-05,-0.0001365,-0.0037234,-0.0005557,-1.3e-05,-0.0008102,0.0349119,-3.06e-05,0.007478,0.0365005,0.0001936,0.0002061,0.0349118,0.015464,0.0056813,2.29e-05,0.0073593,5.27e-05,0.0069264,5.33e-05,4.22e-05,0.0064761,-0.0311126,-0.0056183,0.0003869,0.0003504,-6.2e-06,0.0003694,0.0003682,-0.024718,-2.98e-05,-6.9e-06,0.005239,0.0051957,-0.0240873,1.56e-05,-0.0065799,8.8e-06,-0.0063872,0.0023413,0.0002288,0.0002507,-0.006573,0.0215433,9.23e-05,-1.41e-05,8.96e-05,-0.0006871,0.0002227,0.0002363,-0.0012188,-3.7e-06,0.0047924,0.0002264,0.0179071,-1.73e-05,1.8e-06,6.2e-05,-7e-07,0.0002057,0.0002832,0.026814,-0.0005362,5.93e-05,-9e-06,0.0268235,-0.0003903,-9.1e-06,0.0268305,0.0002059,0.0093024,-0.0004417,0.0002531,0.0259086,0.0259085,-3.16e-05,-3.12e-05,4.76e-05,-3.43e-05,-3.43e-05,-0.0003626,-0.0004463,-0.0043771,4.84e-05,4.63e-05,0.024932,4.45e-05,-0.0041996,0.0014037,4.24e-05,-0.0004383,4.11e-05,0.0081023,-0.0010339,-4.6e-05,3.34e-05,-6.08e-05,-4.82e-05,-4.84e-05,-6.13e-05,3.19e-05,0.0239775,-6.26e-05,-5.02e-05,-5.01e-05,2.97e-05,-0.0022566,-0.0008579,3.63e-05,-5.98e-05,-6.38e-05,6.7e-05,6.38e-05,-6.66e-05,5.97e-05,8.1e-05,0.022884,-0.0008672,-0.0012617,-6.43e-05,0.0133356,6.12e-05,7.5e-05,8.52e-05,0.0059842,0.0055018,-0.001786,-0.0008695,-9.01e-05,-8.76e-05,-8.75e-05,-8.79e-05,-9.32e-05,-2.04e-05,-9.95e-05,-0.000821,-0.0001016,-0.0017768,-0.0017768,-0.0019689,-0.0016886,0.0182055,0.016511,0.0170938,0.0171379,-1.53e-05,6.45e-05,7.14e-05,0.0144449,2.83e-05,0.0001278,1.4e-05,0.0118309,-0.0016245,0.003305,-0.0020464,0.0001108,-0.0019927,0.0028978,-0.0025107,0.0001019,4.15e-05,4.04e-05,8.46e-05,3.66e-05,0.0112377,0.0001586,2.25e-05,-0.002358,0.0022747,0.0113395,-0.0028439,-0.0028767,-0.0028769,0.0001571,0.0001856,0.0001525,0.0001958,0.0001769,0.0001914,0.0149571,0.0001937,-0.001739,0.0001907,0.0001711,8.15e-05,0.0028942,0.0021991,-0.0026308,0.0016434,0.0021564,-0.0037432,0.0017652,0.0078419,-0.0030737,0.0017,0.0016542,0.0016439,1.2e-06,0.0034144,0.003414,0.0034147,-8.3e-06,0.0007107,0.0007107
-0.0436203,0.0124622,0.0606842,-0.0163527,0.0702639,0.000623,-0.000452,0.0003148,0.0003188,0.000306,0.0623392,9.4e-06,4.18e-05,-1.06e-05,0.0581657,0.0002748,-5.05e-05,0.0004484,0.0002541,-4.39e-05,0.0002537,-0.0010093,-0.0523569,-0.0006857,-3.13e-05,6.07e-05,6.07e-05,6.07e-05,6.01e-05,5.95e-05,-0.0006824,8.2e-06,-0.0477969,6.1e-06,-0.0463399,-0.0010376,-0.0463415,-0.0012571,-0.0012456,-0.0002608,-0.044314,0.0001817,9.3e-06,-0.0437912,-0.0004321,5.74e-05,-0.0416397,-0.0416396,-0.041088,-0.0410882,-0.0405289,-0.0019858,6.83e-05,0.0004647,-0.0393581,5.8e-06,-6.63e-05,1.45e-05,0.0004724,0.000445,9.7e-06,4.3e-06,-0.0381772,-0.0375758,-0.0369661,0.0005169,0.0005142,-0.0077416,-6e-06,-0.0002965,-0.0111143,-0.035024,-0.0351023,0.0005794,0.0005738,-0.0345557,0.0006151,0.0004063,-0.0304994,0.0041979,1.53e-05,0.0037849,-0.001845,-7.7e-06,0.008627,0.0010536,0.002014,0.0019867,0.000787,-0.03056,-0.0336697,0.0018815,-0.0323366,0.0019023,-0.0325305,0.0018937,0.0018889,-0.0305309,-0.0104571,0.0020855,0.0017747,0.0018407,-6.09e-05,0.0017673,0.0017716,-0.0028773,-4.95e-05,-6.72e-05,-0.0290007,-0.0290078,-0.0032514,-0.0001729,0.004201,-0.0001372,0.0025346,-0.008003,0.0022516,0.0021479,-0.0048738,0.0064559,-3.15e-05,-6.18e-05,-3.18e-05,0.0086466,0.0021974,0.002126,0.0083484,-0.0001428,-0.0257529,0.0020822,0.0098152,-6.72e-05,-0.0001713,-5.08e-05,-0.0001683,0.0020924,0.0021059,0.0046474,0.0083117,-5.51e-05,-0.000142,0.0045934,0.0085885,-0.0001376,0.0045322,0.0019545,0.0034528,0.0018487,0.0061555,0.0044429,0.0044443,-5.7e-05,-5.9e-05,-6.04e-05,-7.38e-05,-7.36e-05,0.0018707,0.0018566,0.0234398,-6.45e-05,-6.43e-05,0.0042926,-6.54e-05,0.0230514,-0.006232,-6.51e-05,0.0018319,-6.86e-05,0.0030965,0.001725,-8.55e-05,-7.11e-05,-1.34e-05,-8.69e-05,-8.66e-05,-1.39e-05,-7.52e-05,0.0041479,-1.69e-05,-9.05e-05,-9.08e-05,-7.75e-05,0.0090031,0.0010601,-9.14e-05,-3.1e-05,-4.1e-06,-9.06e-05,-9.21e-05,-3.74e-05,-9.45e-05,-9.13e-05,0.0040848,0.0011294,0.0205992,-4.77e-05,-0.0060403,-8.89e-05,-8.52e-05,-8.2e-05,0.0028801,0.0027554,0.0008156,0.0193649,-4.5e-05,-0.0001472,-0.0001472,-0.0001471,9e-06,-0.0001339,4.29e-05,0.0193383,7.78e-05,0.0006747,0.0006749,0.0072206,0.0002206,0.0052454,0.0092869,0.0082326,0.0008668,-0.0002092,-0.0002521,-0.0002563,-0.0066978,-0.0002293,-0.0002746,-0.0002239,-0.0064826,0.0001583,-0.0020893,0.0003542,-0.0002488,0.0003283,-0.0019068,0.0005692,-0.0002136,-0.0001863,-0.0001861,-0.0002104,-0.0001841,-0.0060619,-0.0002405,-0.0001789,0.0005249,-0.001599,-0.0058086,0.0007209,0.0007723,0.0007724,-0.0001962,-0.0002416,-0.0001918,-0.0002563,-0.0002301,-0.0002565,0.0073227,-0.0001802,-0.0038912,-0.0001887,-0.0001152,-5.71e-05,4.77e-05,-0.0133138,0.0013164,-0.0011173,0.0003407,0.0015703,-0.0012162,0.0064912,-0.002225,-0.0010682,-0.0011616,-0.0012548,-0.0018714,-0.0030557,-0.0030528,-0.0030577,-0.0107614,-0.0043435,-0.0043435
0.0634582,0.0682041,0.0313992,-0.0003724,0.0001236,0.0006761,0,0.0003798,0.0003878,0.0003873,9.4e-06,0.057198,0.05604,0.0556947,-3.2e-06,0.0017392,0.0549334,7.2e-06,0.0016229,0.0509764,0.0015981,-0.0002702,3.5e-06,5.17e-05,0.0015032,-0.0474334,-0.0474336,-0.0474334,-0.0469927,-0.0465471,-0.0085959,-0.0457597,-3.51e-05,-0.0001799,-0.0002345,-0.003226,-3.9e-05,-0.0031908,-0.0031563,0.0399884,0.0005612,0.0002333,9.6e-06,0.0005547,0.0385912,0.023879,0.0001803,0.0001809,0.0001773,0.0001786,0.0001725,0.0225756,-0.0207774,-0.0001657,-0.0017086,3.5e-05,6.6e-06,7.8e-06,4.86e-05,2.48e-05,1.75e-05,4.56e-05,-0.001653,-0.0016259,-0.0015769,-3.8e-06,9.6e-06,-0.0198236,-2.46e-05,5.05e-05,-0.0315628,0.0053642,0.0053617,0.0001434,0.0001247,0.0077947,0.0001484,8.6e-05,0.0068008,0.0334004,-8.5e-06,0.0334396,0.0099336,0.0003839,0.0319344,0.0013663,-0.0002079,-0.0001266,0.0076702,0.0047414,0.0039592,-0.0001039,0.006014,-0.0001713,0.0054724,-0.0001711,-0.0001738,0.0051006,-0.001926,0.0087714,-0.000712,-0.0007141,-2.58e-05,-0.0007014,-0.0007022,0.0175259,0.0001044,-2.58e-05,0.0061853,0.0061874,0.0170153,-4.2e-06,0.027221,-1.14e-05,0.0274489,0.0013704,-0.000784,-0.0007624,0.0263213,0.0181245,1.23e-05,-2.41e-05,1.12e-05,0.0261792,-0.0007711,-0.0007484,0.0254366,2.5e-06,0.0088628,-0.0007318,0.018913,-2.07e-05,1.41e-05,-2.17e-05,1.3e-05,-0.0007342,-0.0007343,0.0002907,0.023771,-1.97e-05,6.1e-06,-1.74e-05,0.0236859,6.6e-06,-0.0002854,-0.0006849,-0.0008747,-0.0006718,0.0243753,-0.0005379,-0.0005316,5.69e-05,5.59e-05,-2.24e-05,-1.96e-05,-1.97e-05,-0.0006786,-0.0006756,-0.0046325,-1.92e-05,-1.94e-05,-0.0012822,-1.79e-05,-0.0062716,-0.0225252,-1.67e-05,-0.0006653,-1.55e-05,-0.0006338,-0.0006617,-1.28e-05,-1.34e-05,-3.38e-05,-1.26e-05,-1.27e-05,-3.38e-05,-1.23e-05,-0.0003997,-3.32e-05,-1.17e-05,-1.16e-05,-1.09e-05,-0.0027847,-0.0004544,-4.6e-06,-2.72e-05,-3.49e-05,-3.2e-06,-2.9e-06,-2.57e-05,-2.5e-06,-2.2e-06,-0.0012522,-0.0004771,-0.0083315,-2.97e-05,-0.0165344,5.82e-05,6.5e-05,7e-05,0.0029087,0.002672,-0.0009372,-0.0085893,-5.78e-05,-1.4e-05,-1.39e-05,-1.41e-05,-8.15e-05,2.17e-05,-9.88e-05,-0.0086597,-0.0001156,-0.0008807,-0.0008808,-0.0037358,-0.0006392,0.0084233,0.0082317,0.0082395,0.0112788,3.79e-05,-5.81e-05,-6.82e-05,0.0125559,9.62e-05,0.0001823,8.54e-05,-0.0147353,-0.0005971,0.0036764,-0.0009673,-5.82e-05,-0.0009192,0.0033279,-0.0013747,0.0001161,6.4e-05,6.34e-05,8.1e-06,6.75e-05,-0.0138536,0.0001739,5.69e-05,-0.0012884,0.0027317,-0.0138825,-0.0017892,-0.0017316,-0.0017317,0.0001252,7.37e-05,0.0001283,5.81e-05,8.51e-05,5.28e-05,-0.0072724,0.0001795,-0.0045945,0.0001683,0.0002122,0.000186,0.001883,-0.0090999,-0.0008557,0.0005854,0.0015624,-0.0013803,0.0006025,-0.0108797,-0.0030445,0.0005354,0.0005672,0.0005103,-0.0008317,0.0004887,0.0004901,0.0004878,-0.0058189,-0.0020842,-0.0020842
0.0623031,0.0662823,0.0317303,0.0022916,0.0001671,0.0032237,-4e-07,0.0030044,0.0028935,0.0028794,4.18e-05,0.05604,0.0549981,0.0545112,2.73e-05,0.0039299,0.0537658,9.5e-06,0.0036743,0.0498929,0.0036172,-0.0002648,2.08e-05,5.25e-05,0.003405,-0.0463168,-0.0463171,-0.0463168,-0.0458867,-0.0454516,-0.0102697,-0.044906,-6.55e-05,-0.0001761,-0.0002582,-0.0049431,-6.28e-05,-0.0048894,-0.0048363,0.0386028,0.0005533,0.0002319,9.4e-06,0.0005472,0.037257,0.0247095,0.0002055,0.0002063,0.0002023,0.0002036,0.0001972,0.0233612,-0.019061,-0.000163,-0.0016741,4.21e-05,6e-06,7.3e-06,5.24e-05,2.22e-05,1.98e-05,5.57e-05,-0.0016196,-0.0015933,-0.0015455,-7.3e-06,8.8e-06,-0.0183105,-2.23e-05,4.68e-05,-0.0312545,0.005066,0.0050891,0.0001373,0.0001189,0.0074596,0.0001423,7.94e-05,0.006513,0.0326967,-8.8e-06,0.0327255,0.0110237,0.0003749,0.0315601,0.0026919,-0.0001957,-0.0001157,0.0088075,0.0052071,0.0040772,-0.0001002,0.0061525,-0.0001652,0.0056059,-0.0001649,-0.000168,0.0052257,-0.0030435,0.008384,-0.0006824,-0.0006858,-2.55e-05,-0.0006727,-0.0006735,0.0162493,0.0001011,-2.56e-05,0.0062428,0.0062433,0.0157724,-3.6e-06,0.0264206,-1.09e-05,0.0266504,0.0014264,-0.0007587,-0.0007367,0.0255364,0.0185539,1.54e-05,-2.41e-05,1.43e-05,0.02562,-0.0007463,-0.0007235,0.0248728,2.3e-06,0.00885,-0.0007077,0.0191926,-2.1e-05,1.38e-05,-1.89e-05,1.26e-05,-0.0007108,-0.000708,0.0012804,0.0232668,-1.71e-05,5.6e-06,0.000979,0.0231889,6.1e-06,0.0007167,-0.0006625,-0.0005107,-0.0006737,0.0238871,0.0004352,0.0004413,5.45e-05,5.35e-05,-2.02e-05,-2.05e-05,-2.06e-05,-0.0006774,-0.0006777,-0.0046918,-1.71e-05,-1.73e-05,-0.0003301,-1.59e-05,-0.0062909,-0.0220135,-1.48e-05,-0.0006673,-1.37e-05,-0.0003194,-0.0006858,-1.43e-05,-1.19e-05,-3.54e-05,-1.41e-05,-1.43e-05,-3.54e-05,-1.09e-05,0.0004988,-3.48e-05,-1.34e-05,-1.33e-05,-9.6e-06,-0.0028082,-0.0004765,-3.1e-06,-2.88e-05,-3.66e-05,-7e-07,-5e-07,-2.77e-05,-3e-07,8e-07,-0.0003767,-0.000499,-0.0082005,-3.15e-05,-0.0157032,5.93e-05,6.64e-05,7.17e-05,0.0030719,0.0028222,-0.0009839,-0.0084389,-6e-05,-1.7e-05,-1.7e-05,-1.72e-05,-8.33e-05,2.05e-05,-0.0001005,-0.0085061,-0.000117,-0.0009283,-0.0009284,-0.0037298,-0.0006886,0.0089274,0.0086783,0.0087072,0.0116833,3.64e-05,-5.46e-05,-6.43e-05,0.0128318,9.52e-05,0.0001832,8.41e-05,-0.0139968,-0.000645,0.0037229,-0.0010232,-5.3e-05,-0.0009741,0.0033665,-0.0014394,0.0001174,6.42e-05,6.35e-05,1.1e-05,6.74e-05,-0.0131551,0.0001761,5.65e-05,-0.0013492,0.0027595,-0.0131796,-0.0018577,-0.0018025,-0.0018026,0.0001284,7.9e-05,0.0001312,6.4e-05,8.99e-05,5.88e-05,-0.0065663,0.000183,-0.0045661,0.0001718,0.0002141,0.0001852,0.0019517,-0.0088364,-0.0009352,0.0006339,0.0016104,-0.0014903,0.0006551,-0.0103638,-0.0030968,0.0005871,0.0006165,0.0005604,-0.0008152,0.0006042,0.0006056,0.0006033,-0.0057036,-0.0020166,-0.0020166
0.0617121,0.0667381,0.0299903,-0.0019662,9.26e-05,-0.0008877,3e-07,-0.0012191,-0.0011396,-0.0011319,-1.06e-05,0.0556947,0.0545112,0.0542647,-2.15e-05,0.0003499,0.0535232,5.5e-06,0.0003221,0.0496677,0.0003178,-0.000263,-7.1e-06,4.93e-05,0.0002974,-0.0462811,-0.0462812,-0.0462811,-0.045851,-0.0454162,-0.0072547,-0.0445131,-1.55e-05,-0.0001752,-0.0002111,-0.0020654,-2.32e-05,-0.0020427,-0.0020206,0.039285,0.0005443,0.0002252,9.4e-06,0.0005378,0.0379106,0.0224582,0.0001581,0.0001587,0.0001554,0.0001566,0.0001509,0.0212322,-0.0210134,-0.0001609,-0.0016636,2.94e-05,6.6e-06,7.8e-06,4.44e-05,2.55e-05,1.54e-05,3.77e-05,-0.0016096,-0.0015829,-0.0015352,-1.6e-06,9.7e-06,-0.0199736,-2.51e-05,5.07e-05,-0.0305336,0.0053378,0.0053198,0.0001415,0.0001233,0.0076968,0.0001464,8.67e-05,0.0067127,0.0325393,-8e-06,0.0325832,0.0088932,0.0003746,0.0309309,0.0005136,-0.0002072,-0.0001284,0.0066883,0.0042777,0.0037355,-0.0001021,0.0056988,-0.0001685,0.0051811,-0.0001682,-0.0001706,0.0048287,-0.0011772,0.0086674,-0.0007024,-0.0007036,-2.5e-05,-0.0006918,-0.0006924,0.0176216,0.0001023,-2.5e-05,0.0059124,0.0059154,0.0171104,-4.4e-06,0.0266561,-1.13e-05,0.0268741,0.0012838,-0.0007691,-0.0007486,0.0257816,0.0171675,9.9e-06,-2.31e-05,8.9e-06,0.0255087,-0.0007564,-0.0007346,0.0247974,2.5e-06,0.0085293,-0.0007182,0.0180161,-1.98e-05,1.37e-05,-2.25e-05,1.27e-05,-0.0007201,-0.0007219,-0.0003179,0.0231602,-2.05e-05,6.2e-06,-0.0006181,0.023074,6.7e-06,-0.0008793,-0.000672,-0.0010608,-0.0006447,0.0237314,-0.0011045,-0.0010984,5.61e-05,5.51e-05,-2.28e-05,-1.83e-05,-1.84e-05,-0.0006531,-0.0006484,-0.0044183,-1.98e-05,-1.99e-05,-0.0018075,-1.84e-05,-0.0060185,-0.0219667,-1.72e-05,-0.0006385,-1.6e-05,-0.0007992,-0.0006216,-1.14e-05,-1.38e-05,-3.16e-05,-1.12e-05,-1.13e-05,-3.16e-05,-1.27e-05,-0.0009267,-3.09e-05,-1.02e-05,-1.02e-05,-1.13e-05,-0.0026633,-0.0004236,-5.2e-06,-2.51e-05,-3.26e-05,-4.6e-06,-4.2e-06,-2.36e-05,-3.7e-06,-3.9e-06,-0.0017324,-0.0004455,-0.0080898,-2.75e-05,-0.0163996,5.54e-05,6.17e-05,6.63e-05,0.0026981,0.0024785,-0.000873,-0.0083494,-5.43e-05,-1.16e-05,-1.16e-05,-1.18e-05,-7.73e-05,2.16e-05,-9.4e-05,-0.008419,-0.0001103,-0.0008181,-0.0008182,-0.0035957,-0.0005848,0.0077947,0.0076452,0.00764,0.0106004,3.73e-05,-5.8e-05,-6.8e-05,0.011906,9.31e-05,0.0001748,8.29e-05,-0.0146137,-0.0005452,0.0035068,-0.0008963,-5.91e-05,-0.0008507,0.0031765,-0.0012827,0.0001108,6.15e-05,6.09e-05,6e-06,6.49e-05,-0.0137418,0.0001659,5.49e-05,-0.0012021,0.0026097,-0.0137723,-0.001679,-0.0016222,-0.0016223,0.0001184,6.77e-05,0.0001216,5.22e-05,7.9e-05,4.72e-05,-0.0074186,0.0001705,-0.0044347,0.0001597,0.0002028,0.0001793,0.001769,-0.0089086,-0.0007747,0.0005336,0.0014732,-0.0012608,0.0005475,-0.0107723,-0.0028957,0.0004836,0.0005156,0.0004605,-0.0008096,0.0004002,0.0004016,0.0003993,-0.0056645,-0.0020447,-0.0020448
-0.0407134,0.0116141,0.0566141,-0.0152602,0.0655598,0.0005863,-0.0004342,0.0002946,0.0002983,0.0002864,0.0581657,-3.2e-06,2.73e-05,-2.15e-05,0.0542717,0.0002569,-5.86e-05,0.0004084,0.0002375,-5.16e-05,0.0002372,-0.0009512,-0.0488518,-0.0006492,-2.88e-05,6.66e-05,6.66e-05,6.66e-05,6.59e-05,6.53e-05,-0.0006357,1.72e-05,-0.0445972,5.6e-06,-0.0432377,-0.0009681,-0.0432392,-0.0011729,-0.0011622,-0.0002519,-0.0413476,0.0001616,8.6e-06,-0.0408598,-0.0004114,4.91e-05,-0.0388523,-0.0388522,-0.0383375,-0.0383377,-0.0378159,-0.0018571,6.86e-05,0.0004265,-0.0367231,5.3e-06,-6.19e-05,1.35e-05,0.0004339,0.0004082,9e-06,4e-06,-0.0356213,-0.0350601,-0.0344912,0.0004756,0.0004732,-0.0072188,-5.6e-06,-0.0002766,-0.0103639,-0.0326806,-0.0327537,0.0005342,0.000529,-0.0322442,0.0005675,0.0003749,-0.028462,0.0039099,1.46e-05,0.0035245,-0.0017231,-6.9e-06,0.008043,0.0009833,0.001873,0.0018475,0.0007332,-0.0285152,-0.0314168,0.0017495,-0.0301733,0.001769,-0.0303541,0.0017609,0.0017566,-0.0284883,-0.0097572,0.0019387,0.0016504,0.0017121,-5.63e-05,0.0016437,0.0016477,-0.0026888,-4.57e-05,-6.22e-05,-0.0270608,-0.0270674,-0.0030378,-0.0001608,0.0039139,-0.0001275,0.002359,-0.0074725,0.0020958,0.001999,-0.0045533,0.0060203,-2.88e-05,-5.72e-05,-2.92e-05,0.0080623,0.0020454,0.0019787,0.0077842,-0.0001327,-0.024031,0.001938,0.0091545,-6.22e-05,-0.0001593,-4.69e-05,-0.0001565,0.0019477,0.0019603,0.0043367,0.0077503,-5.09e-05,-0.000132,0.0042864,0.0080086,-0.0001278,0.0042293,0.0018191,0.0032177,0.0017205,0.0057383,0.004146,0.0041472,-5.26e-05,-5.45e-05,-5.58e-05,-6.83e-05,-6.81e-05,0.0017411,0.001728,0.0218718,-5.97e-05,-5.94e-05,0.0040059,-6.05e-05,0.0215097,-0.00581,-6.02e-05,0.0017051,-6.35e-05,0.0028854,0.0016054,-7.92e-05,-6.58e-05,-1.2e-05,-8.06e-05,-8.02e-05,-1.25e-05,-6.97e-05,0.0038706,-1.52e-05,-8.4e-05,-8.42e-05,-7.18e-05,0.0083971,0.0009852,-8.48e-05,-2.84e-05,-3.3e-06,-8.4e-05,-8.54e-05,-3.44e-05,-8.76e-05,-8.46e-05,0.0038118,0.0010499,0.019222,-4.4e-05,-0.0056323,-8.24e-05,-7.9e-05,-7.6e-05,0.002683,0.0025667,0.0007575,0.0180704,-4.14e-05,-0.0001368,-0.0001368,-0.0001367,9e-06,-0.0001244,4.07e-05,0.0180456,7.32e-05,0.000626,0.0006262,0.0067346,0.0002023,0.0048924,0.0086635,0.0076797,0.0008064,-0.0001946,-0.0002346,-0.0002385,-0.0062521,-0.0002133,-0.0002556,-0.0002083,-0.0060455,0.0001443,-0.0019535,0.0003272,-0.0002313,0.0003031,-0.0017832,0.0005279,-0.0001985,-0.000173,-0.0001728,-0.0001954,-0.000171,-0.0056531,-0.0002236,-0.0001661,0.0004868,-0.0014957,-0.0054167,0.0006698,0.0007177,0.0007178,-0.0001821,-0.0002245,-0.0001779,-0.0002382,-0.0002137,-0.0002384,0.006834,-0.0001672,-0.0036325,-0.0001751,-0.0001065,-5.24e-05,4.32e-05,-0.0124207,0.001227,-0.0010401,0.0003162,0.0014642,-0.0011323,0.006059,-0.0020765,-0.0009944,-0.0010816,-0.0011685,-0.0017444,-0.0028491,-0.0028465,-0.002851,-0.0100397,-0.0040534,-0.0040534
0.0054,-0.0110198,0.0236812,0.0639221,0.0005351,0.0615296,-9.2e-06,0.0632282,0.0603749,0.0600495,0.0002748,0.0017392,0.0039299,0.0003499,0.0002569,0.0535098,0.0003378,5.37e-05,0.0501052,0.0003151,0.0493161,-4.3e-06,0.0008445,4.95e-05,0.0464512,0.0023109,0.002308,0.0023099,0.0022838,0.0022623,-0.0446328,-0.0031396,-0.0003572,-3.4e-06,-0.0003134,-0.0428962,-0.0002132,-0.0424334,-0.0419696,-0.0126135,0.0004618,8.43e-05,-2e-07,0.0004644,-0.0121011,0.0322842,0.0010389,0.0010426,0.0010262,0.0010272,0.0010128,0.0305484,0.0304858,-2.55e-05,0.0002656,0.0001888,-8.7e-06,-7e-06,0.0001119,-5.58e-05,6.44e-05,0.0002664,0.0002599,0.0002484,0.0002421,-8.97e-05,-1.92e-05,0.0261595,4.37e-05,-5.84e-05,-0.0088124,-0.0041066,-0.0034898,-7.83e-05,-7.85e-05,-0.0037394,-7.63e-05,-0.0001193,-0.0031504,0.0003195,-1.18e-05,9.39e-05,0.0313272,-1.79e-05,0.0074371,0.0325329,0.0001676,0.0001807,0.0312721,0.0138835,0.0051539,1.81e-05,0.0066982,4.3e-05,0.0062995,4.36e-05,3.36e-05,0.0058896,-0.0277496,-0.0047884,0.0003274,0.0002949,-6.2e-06,0.000312,0.000311,-0.0215815,-2.4e-05,-6.8e-06,0.0048145,0.004776,-0.0210323,1.38e-05,-0.005195,7.5e-06,-0.0050179,0.0021179,0.0001849,0.0002049,-0.005211,0.019624,8.24e-05,-1.31e-05,8e-05,2.67e-05,0.0001798,0.0001924,-0.0004648,-3.3e-06,0.0044823,0.000184,0.0164056,-1.59e-05,1.9e-06,5.47e-05,-3e-07,0.0001655,0.0002345,0.0238821,0.0001023,5.23e-05,-7.9e-06,0.0238831,0.0002302,-8e-06,0.0238827,0.0001669,0.0082617,-0.0004094,0.0008198,0.0230558,0.0230558,-2.67e-05,-2.64e-05,4.19e-05,-3.1e-05,-3.11e-05,-0.0003392,-0.0004136,-0.0040095,4.26e-05,4.07e-05,0.0221681,3.92e-05,-0.0038914,0.0007005,3.73e-05,-0.0004062,3.62e-05,0.007199,-0.0009365,-4.13e-05,2.94e-05,-5.5e-05,-4.32e-05,-4.34e-05,-5.55e-05,2.81e-05,0.0213397,-5.66e-05,-4.5e-05,-4.49e-05,2.62e-05,-0.0020767,-0.0007747,3.22e-05,-5.39e-05,-5.77e-05,5.95e-05,5.68e-05,-6e-05,5.31e-05,7.21e-05,0.0203452,-0.0007836,-0.0013258,-5.8e-05,0.0114706,5.59e-05,6.84e-05,7.76e-05,0.0053994,0.0049641,-0.0016129,-0.0009829,-8.17e-05,-7.83e-05,-7.83e-05,-7.86e-05,-8.5e-05,-1.77e-05,-9.1e-05,-0.0009415,-9.33e-05,-0.0016033,-0.0016034,-0.0018438,-0.0015189,0.0164155,0.0149022,0.0154213,0.0155343,-1.28e-05,5.6e-05,6.19e-05,0.0131674,2.75e-05,0.0001182,1.45e-05,0.0101747,-0.0014609,0.0030324,-0.0018456,9.72e-05,-0.0017965,0.0026613,-0.0022688,9.35e-05,3.85e-05,3.75e-05,7.55e-05,3.42e-05,0.009668,0.0001454,2.14e-05,-0.0021308,0.002092,0.0097579,-0.0025757,-0.0026035,-0.0026036,0.0001428,0.000167,0.0001388,0.0001757,0.0001595,0.0001717,0.0131406,0.0001768,-0.0016605,0.0001739,0.0001575,7.71e-05,0.0026229,0.0017357,-0.0023632,0.0014774,0.0019582,-0.0033665,0.0015863,0.0067173,-0.002811,0.0015266,0.0014866,0.001476,-1.93e-05,0.0030519,0.0030515,0.0030521,-0.0001496,0.0005819,0.0005819
0.0608962,0.0658197,0.0295384,-0.0019373,4.62e-05,-0.0008841,5e-07,-0.001211,-0.0011322,-0.0011246,-5.05e-05,0.0549334,0.0537658,0.0535232,-5.86e-05,0.0003378,0.0527918,5.1e-06,0.0003109,0.048989,0.0003068,-0.0002589,2.65e-05,4.89e-05,0.0002872,-0.0456491,-0.0456492,-0.0456491,-0.0452248,-0.044796,-0.0071492,-0.0439045,1.55e-05,-0.0001728,-0.0001784,-0.0020308,6.9e-06,-0.0020083,-0.0019867,0.03875,0.0005653,0.0002219,9.2e-06,0.0005585,0.0373945,0.022147,0.0001825,0.0001831,0.0001795,0.0001807,0.0001748,0.0209393,-0.0207303,-0.0001591,-0.0016156,2.9e-05,6.6e-06,7.7e-06,4.34e-05,2.48e-05,1.52e-05,3.72e-05,-0.0015631,-0.0015372,-0.0014905,-2e-06,9.2e-06,-0.0196992,-2.48e-05,5.02e-05,-0.0301081,0.0052878,0.0052701,0.0001392,0.0001212,0.0076143,0.0001439,8.52e-05,0.006641,0.0320919,-7.8e-06,0.0321355,0.0087687,0.0003695,0.0305017,0.0005015,-0.0002058,-0.000128,0.0065923,0.004237,0.0037054,-0.000102,0.0056408,-0.0001674,0.0051304,-0.0001672,-0.0001695,0.0047815,-0.0011507,0.0085483,-0.0006941,-0.0006953,-2.46e-05,-0.0006835,-0.0006842,0.0173856,0.0001009,-2.46e-05,0.0058496,0.0058526,0.0168814,-4.3e-06,0.0262899,-1.1e-05,0.0265059,0.0012711,-0.0007601,-0.0007398,0.0254331,0.0169262,9.8e-06,-2.27e-05,8.8e-06,0.0251546,-0.0007476,-0.000726,0.0244533,2.6e-06,0.0084286,-0.0007098,0.0177614,-1.94e-05,1.37e-05,-2.21e-05,1.26e-05,-0.0007116,-0.0007135,-0.0003197,0.0228384,-2.02e-05,6.2e-06,-0.0006158,0.0227531,6.7e-06,-0.0008734,-0.0006641,-0.0010496,-0.0006371,0.0234031,-0.0010954,-0.0010893,5.54e-05,5.44e-05,-2.25e-05,-1.8e-05,-1.81e-05,-0.0006454,-0.0006407,-0.0043725,-1.95e-05,-1.96e-05,-0.0017885,-1.82e-05,-0.0059505,-0.0216626,-1.69e-05,-0.0006309,-1.57e-05,-0.0007913,-0.0006141,-1.12e-05,-1.36e-05,-3.11e-05,-1.09e-05,-1.11e-05,-3.11e-05,-1.25e-05,-0.0009196,-3.05e-05,-1e-05,-1e-05,-1.11e-05,-0.0026325,-0.0004184,-5.1e-06,-2.47e-05,-3.21e-05,-4.5e-06,-4.1e-06,-2.32e-05,-3.6e-06,-3.8e-06,-0.0017141,-0.00044,-0.0079923,-2.71e-05,-0.0161731,5.47e-05,6.09e-05,6.54e-05,0.0026587,0.0024422,-0.0008614,-0.0082476,-5.35e-05,-1.13e-05,-1.13e-05,-1.15e-05,-7.62e-05,2.14e-05,-9.28e-05,-0.0083163,-0.0001089,-0.0008072,-0.0008073,-0.003551,-0.0005767,0.0076826,0.0075328,0.0075282,0.010453,3.69e-05,-5.7e-05,-6.69e-05,0.0117458,9.2e-05,0.0001725,8.19e-05,-0.0144112,-0.0005377,0.0034598,-0.0008841,-5.82e-05,-0.0008391,0.0031339,-0.0012653,0.0001094,6.07e-05,6.02e-05,6.1e-06,6.42e-05,-0.0135514,0.0001637,5.43e-05,-0.0011857,0.0025748,-0.0135817,-0.0016562,-0.0016002,-0.0016003,0.0001169,6.69e-05,0.00012,5.16e-05,7.81e-05,4.67e-05,-0.0073237,0.0001683,-0.0043714,0.0001576,0.0002001,0.0001769,0.0017444,-0.0087785,-0.0007647,0.0005268,0.0014526,-0.0012442,0.0005406,-0.0106301,-0.0028543,0.0004775,0.0005092,0.0004548,-0.0007973,0.0003963,0.0003976,0.0003954,-0.0055801,-0.0020141,-0.0020141
0.0004424,-0.0032019,0.0067299,0.0165409,0.0010014,-0.020235,0.0617948,6.28e-05,6.02e-05,5.97e-05,0.0004484,7.2e-06,9.5e-06,5.5e-06,0.0004084,5.37e-05,5.1e-06,0.0491354,5.94e-05,5.6e-06,5.85e-05,0.0472484,0.0001316,0.0464854,7.06e-05,4.13e-05,4.13e-05,4.13e-05,4.09e-05,4.05e-05,-6.13e-05,3.16e-05,0.0006618,0.0004032,0.000657,-5.82e-05,0.0006635,-5.49e-05,-5.43e-05,-5.02e-05,0.0006418,0.0393561,0.0003919,0.0007997,-3.63e-05,4.65e-05,0.0007631,0.0007612,0.0007546,0.0007488,0.000743,7.42e-05,6.71e-05,0.0355063,0.000784,0.0002955,0.0003358,0.0003393,0.0344721,0.034472,0.0001619,0.0001234,0.0008919,0.0008868,0.0008671,0.032855,0.0328551,0.0002235,-3.41e-05,-6.71e-05,0.0002266,0.0009181,0.0009236,0.0317277,0.031728,0.0010188,0.0317259,0.0208515,0.0147131,-1.39e-05,-0.0016359,4.3e-06,0.0001077,-0.0016866,-0.000217,-6.06e-05,0.030874,0.0308771,-2.8e-06,0.0017144,0.0018455,0.0303045,0.0018075,0.0297151,0.0018195,0.0297157,0.0291145,0.0017187,0.0004554,0.0262228,0.0278684,0.027223,-0.0026214,0.027222,0.0272222,0.0007322,-0.0026849,-0.0026683,0.0017126,0.0017101,0.0007361,-0.0026245,0.0004732,-0.0025948,0.0005548,0.0247733,0.0258457,0.025853,0.0011144,-4.11e-05,-0.002698,-0.0026886,-0.0026929,0.0001581,0.0251453,0.0251501,0.0001599,-0.0027158,0.0020264,0.0244384,-0.0002055,-0.0026498,-0.002662,-0.002649,-0.0026508,0.0236874,0.0236868,-0.0004191,0.0001153,-0.0026572,-0.0026588,-0.0004241,9.53e-05,-0.0026356,-0.0004274,0.0229335,0.0214092,0.0229374,0.0002716,0.0001148,0.0001149,-0.0026575,-0.0026774,-0.0026586,-0.0026548,-0.0026521,0.0221426,0.0221421,-0.0013227,-0.0026379,-0.0026308,9.4e-05,-0.0026378,-0.0013378,-0.0001951,-0.0026328,0.0213217,-0.0026705,0.0200895,0.0213086,-0.0026244,-0.0026136,-0.0026416,-0.0026149,-0.0026102,-0.0026236,-0.0026138,0.0006024,-0.0026307,-0.0026047,-0.0026078,-0.0026105,0.0187104,0.0196015,-0.0026089,-0.0025916,-0.0026157,-0.0025905,-0.0026057,-0.0025855,-0.0025916,-0.0025985,0.0005553,0.0195532,-0.000724,-0.0026643,0.0003157,-0.0026693,-0.0026724,-0.0026658,0.0185524,0.0187017,0.0185471,-0.0006815,-0.0028464,-0.0028166,-0.0028169,-0.0028129,-0.0028434,-0.002794,-0.0028321,-0.0006873,-0.0028218,0.0183597,0.0183643,0.0169792,0.0183895,0.0014608,0.0013269,0.00137,0.0014908,-0.0033963,-0.0034137,-0.0034036,0.0015341,-0.0033718,-0.0033852,-0.003334,0.0003699,0.0172078,0.0166455,0.0171743,-0.0041709,0.0171498,0.016751,0.0170789,-0.0042908,-0.0042772,-0.0042695,-0.0042671,-0.0042671,0.0003555,-0.0042583,-0.0042296,0.0158036,0.0156418,0.0003607,0.0157211,0.0157216,0.0157251,-0.0049394,-0.0049363,-0.0049278,-0.0049413,-0.0049269,-0.004911,0.0009664,-0.0048575,0.0136073,-0.0049329,-0.0048936,-0.0044356,0.004779,0.0009902,0.0068739,-0.0121347,0.0067538,0.0060394,-0.012762,-3.49e-05,0.0054246,-0.0117418,-0.0117314,-0.011698,-0.0077304,-0.010153,-0.0101569,-0.0101504,-0.0001597,0.0057076,0.0057076
0.0050525,-0.0103268,0.0221694,0.0598592,0.0004975,0.0576111,2.9e-06,0.0592054,0.0565337,0.056229,0.0002541,0.0016229,0.0036743,0.0003221,0.0002375,0.0501052,0.0003109,5.94e-05,0.0469172,0.0002899,0.0461783,4.8e-06,0.0007936,5.5e-05,0.0434957,0.0021687,0.0021659,0.0021677,0.0021432,0.0021231,-0.0417923,-0.0029353,-0.0003317,-3.1e-06,-0.0002909,-0.0401667,-0.000197,-0.0397333,-0.039299,-0.0118149,0.0004348,8.62e-05,-2e-07,0.0004373,-0.011335,0.0302278,0.0009752,0.0009787,0.0009633,0.0009642,0.0009507,0.0286027,0.0285483,-1.73e-05,0.0002512,0.0001769,-8.1e-06,-6.5e-06,0.0001111,-4.59e-05,6.04e-05,0.0002495,0.0002458,0.000235,0.000229,-7.8e-05,-1.19e-05,0.0244976,4.09e-05,-5.47e-05,-0.008248,-0.0038438,-0.0032662,-6.75e-05,-6.76e-05,-0.0035002,-6.56e-05,-0.0001079,-0.0029463,0.0002957,-1.14e-05,8.44e-05,0.0293332,-1.71e-05,0.0069602,0.0304629,0.0001626,0.0001749,0.0292817,0.0130017,0.0048278,2.25e-05,0.0062735,4.57e-05,0.0059002,4.63e-05,3.68e-05,0.0055163,-0.0259833,-0.0044799,0.0003117,0.0002811,-6.3e-06,0.0002972,0.0002963,-0.0202098,-2.3e-05,-6.9e-06,0.0045095,0.0044734,-0.0196956,1.24e-05,-0.0048673,6.6e-06,-0.0047014,0.0019881,0.0001779,0.0001966,-0.0048816,0.0183733,7.67e-05,-1.28e-05,7.44e-05,2.2e-05,0.000173,0.0001848,-0.0004382,-3.6e-06,0.004198,0.0001768,0.0153594,-1.54e-05,1.3e-06,5.07e-05,-8e-07,0.0001593,0.0002239,0.0223623,9.3e-05,4.85e-05,-7.9e-06,0.0223632,0.0002128,-7.9e-06,0.0223629,0.0001605,0.00774,-0.0003792,0.0007649,0.0215888,0.0215888,-2.55e-05,-2.52e-05,3.87e-05,-2.95e-05,-2.96e-05,-0.0003135,-0.0003832,-0.0037554,3.94e-05,3.77e-05,0.0207576,3.62e-05,-0.0036447,0.0006585,3.45e-05,-0.0003765,3.34e-05,0.0067446,-0.000873,-3.92e-05,2.71e-05,-5.2e-05,-4.1e-05,-4.11e-05,-5.24e-05,2.58e-05,0.0199819,-5.35e-05,-4.27e-05,-4.25e-05,2.4e-05,-0.0019413,-0.0007218,2.97e-05,-5.1e-05,-5.45e-05,5.53e-05,5.27e-05,-5.66e-05,4.92e-05,6.7e-05,0.0190508,-0.0007301,-0.0012419,-5.48e-05,0.0107429,5.19e-05,6.35e-05,7.21e-05,0.0050589,0.0046513,-0.0015068,-0.0009207,-7.7e-05,-7.39e-05,-7.38e-05,-7.42e-05,-8.01e-05,-1.7e-05,-8.58e-05,-0.0008819,-8.79e-05,-0.0014979,-0.0014979,-0.0017233,-0.0014188,0.0153702,0.013953,0.0144391,0.0145451,-1.26e-05,5.18e-05,5.73e-05,0.012329,2.51e-05,0.00011,1.29e-05,0.0095292,-0.0013647,0.0028423,-0.0017249,9.02e-05,-0.001679,0.0024949,-0.0021212,8.68e-05,3.53e-05,3.43e-05,6.99e-05,3.13e-05,0.0090547,0.0001354,1.92e-05,-0.0019922,0.0019616,0.0091389,-0.0024088,-0.0024348,-0.0024349,0.0001328,0.0001555,0.0001291,0.0001636,0.0001484,0.0001598,0.0123051,0.0001647,-0.0015516,0.0001619,0.0001465,7.13e-05,0.0024567,0.0016271,-0.0022116,0.0013811,0.0018347,-0.0031511,0.001483,0.0062907,-0.0026308,0.0014273,0.0013898,0.00138,-1.94e-05,0.002856,0.0028556,0.0028562,-0.0001389,0.0005463,0.0005463
0.0565076,0.0610785,0.0274143,-0.0017964,4.62e-05,-0.0008189,1.5e-06,-0.0011219,-0.0010489,-0.0010418,-4.39e-05,0.0509764,0.0498929,0.0496677,-5.16e-05,0.0003151,0.048989,5.6e-06,0.0002899,0.04546,0.0002861,-0.0002395,2.21e-05,4.61e-05,0.0002679,-0.0423606,-0.0423608,-0.0423607,-0.0419669,-0.041569,-0.0066355,-0.0407419,1.21e-05,-0.0001604,-0.0001678,-0.0018858,4.2e-06,-0.0018649,-0.0018448,0.0359583,0.0005225,0.0002066,8.6e-06,0.0005162,0.0347004,0.0205526,0.0001674,0.000168,0.0001647,0.0001658,0.0001603,0.0194317,-0.0192361,-0.000147,-0.0015011,2.69e-05,6.1e-06,7.1e-06,4.09e-05,2.36e-05,1.41e-05,3.45e-05,-0.0014523,-0.0014282,-0.0013849,-1.3e-06,9.1e-06,-0.0182798,-2.3e-05,4.66e-05,-0.02794,0.0049052,0.0048887,0.0001297,0.000113,0.0070641,0.0001341,7.95e-05,0.0061613,0.0297804,-7.3e-06,0.0298208,0.0081378,0.0003428,0.0283051,0.0004664,-0.0001903,-0.0001181,0.0061183,0.0039308,0.0034371,-9.4e-05,0.0052332,-0.0001548,0.0047595,-0.0001546,-0.0001568,0.0044358,-0.0010691,0.0079329,-0.0006435,-0.0006447,-2.29e-05,-0.0006337,-0.0006344,0.0161324,9.36e-05,-2.28e-05,0.005427,0.0054298,0.0156646,-4e-06,0.0243961,-1.03e-05,0.0245965,0.0011796,-0.0007049,-0.000686,0.0236007,0.0157078,9e-06,-2.12e-05,8.1e-06,0.023343,-0.0006932,-0.0006731,0.0226922,2.4e-06,0.0078204,-0.0006582,0.0164829,-1.81e-05,1.26e-05,-2.06e-05,1.17e-05,-0.0006599,-0.0006616,-0.0002958,0.0211936,-1.88e-05,5.7e-06,-0.0005705,0.0211145,6.2e-06,-0.0008096,-0.0006158,-0.0009733,-0.0005908,0.0217175,-0.0010156,-0.00101,5.14e-05,5.04e-05,-2.09e-05,-1.68e-05,-1.68e-05,-0.0005985,-0.0005941,-0.0040565,-1.81e-05,-1.82e-05,-0.0016588,-1.69e-05,-0.0055209,-0.0201024,-1.57e-05,-0.0005851,-1.47e-05,-0.0007336,-0.0005695,-1.05e-05,-1.26e-05,-2.89e-05,-1.02e-05,-1.03e-05,-2.89e-05,-1.16e-05,-0.0008525,-2.83e-05,-9.4e-06,-9.3e-06,-1.03e-05,-0.0024422,-0.0003879,-4.8e-06,-2.3e-05,-2.98e-05,-4.2e-06,-3.8e-06,-2.16e-05,-3.4e-06,-3.6e-06,-0.0015898,-0.000408,-0.0074157,-2.52e-05,-0.015008,5.07e-05,5.64e-05,6.07e-05,0.0024678,0.0022668,-0.000799,-0.0076526,-4.97e-05,-1.06e-05,-1.06e-05,-1.07e-05,-7.08e-05,1.98e-05,-8.61e-05,-0.0077163,-0.0001011,-0.0007488,-0.0007488,-0.0032946,-0.0005349,0.00713,0.0069911,0.0069868,0.0097005,3.42e-05,-5.3e-05,-6.21e-05,0.0108998,8.53e-05,0.00016,7.6e-05,-0.0133731,-0.0004987,0.0032109,-0.0008202,-5.41e-05,-0.0007784,0.0029084,-0.0011739,0.0001015,5.63e-05,5.58e-05,5.5e-06,5.95e-05,-0.0125753,0.0001519,5.03e-05,-0.0011001,0.0023896,-0.0126033,-0.0015366,-0.0014847,-0.0014848,0.0001084,6.2e-05,0.0001113,4.78e-05,7.24e-05,4.33e-05,-0.0067954,0.0001561,-0.0040565,0.0001461,0.0001856,0.0001641,0.0016189,-0.0081467,-0.0007095,0.0004887,0.0013482,-0.0011545,0.0005014,-0.0098639,-0.0026488,0.0004429,0.0004723,0.0004219,-0.0007401,0.0003675,0.0003688,0.0003667,-0.0051787,-0.0018691,-0.0018691
0.0049713,-0.0101624,0.0218243,0.0589155,0.0004938,0.0567038,2.8e-06,0.058273,0.0556433,0.0553434,0.0002537,0.0015981,0.0036172,0.0003178,0.0002372,0.0493161,0.0003068,5.85e-05,0.0461783,0.0002861,0.0454511,4.7e-06,0.0007781,5.41e-05,0.0428107,0.0021338,0.0021311,0.0021329,0.0021088,0.002089,-0.0411342,-0.0028897,-0.0003293,-3.1e-06,-0.000289,-0.0395342,-0.0001966,-0.0391076,-0.0386802,-0.0116283,0.0004254,8.48e-05,-1e-07,0.0004279,-0.0111559,0.0297521,0.0009574,0.0009608,0.0009457,0.0009466,0.0009333,0.0281524,0.0280984,-1.7e-05,0.0002449,0.0001741,-8e-06,-6.4e-06,0.0001094,-4.51e-05,5.94e-05,0.0002455,0.0002396,0.000229,0.0002232,-7.67e-05,-1.17e-05,0.0241111,4.03e-05,-5.38e-05,-0.0081192,-0.0037852,-0.0032168,-6.64e-05,-6.65e-05,-0.003447,-6.45e-05,-0.0001061,-0.0029016,0.0002917,-1.12e-05,8.38e-05,0.0288713,-1.68e-05,0.0068516,0.0299832,0.0001601,0.0001722,0.0288207,0.0127952,0.0047498,2.23e-05,0.0061729,4.51e-05,0.0058055,4.56e-05,3.63e-05,0.0054277,-0.0255747,-0.0044091,0.0003069,0.0002768,-6.2e-06,0.0002926,0.0002917,-0.0198915,-2.26e-05,-6.8e-06,0.0044368,0.0044013,-0.0193854,1.22e-05,-0.00479,6.5e-06,-0.0046268,0.0019563,0.0001752,0.0001936,-0.0048046,0.0180846,7.55e-05,-1.26e-05,7.32e-05,2.25e-05,0.0001704,0.000182,-0.0004305,-3.5e-06,0.0041305,0.0001742,0.0151184,-1.52e-05,1.3e-06,4.99e-05,-8e-07,0.0001569,0.0002205,0.0220104,9.24e-05,4.77e-05,-7.7e-06,0.0220113,0.0002103,-7.8e-06,0.022011,0.000158,0.0076183,-0.0003731,0.0007536,0.021249,0.021249,-2.51e-05,-2.48e-05,3.81e-05,-2.91e-05,-2.91e-05,-0.0003085,-0.0003771,-0.003695,3.88e-05,3.71e-05,0.0204309,3.56e-05,-0.003586,0.0006474,3.39e-05,-0.0003704,3.29e-05,0.0066386,-0.0008592,-3.86e-05,2.66e-05,-5.12e-05,-4.03e-05,-4.05e-05,-5.16e-05,2.54e-05,0.0196675,-5.26e-05,-4.2e-05,-4.19e-05,2.37e-05,-0.0019102,-0.0007104,2.92e-05,-5.02e-05,-5.37e-05,5.44e-05,5.18e-05,-5.58e-05,4.84e-05,6.6e-05,0.018751,-0.0007185,-0.0012212,-5.39e-05,0.0105731,5.1e-05,6.25e-05,7.1e-05,0.0049794,0.0045783,-0.001483,-0.0009052,-7.58e-05,-7.27e-05,-7.27e-05,-7.3e-05,-7.88e-05,-1.68e-05,-8.44e-05,-0.000867,-8.65e-05,-0.0014742,-0.0014743,-0.0016958,-0.0013965,0.0151286,0.0137339,0.0142123,0.0143162,-1.24e-05,5.1e-05,5.64e-05,0.0121347,2.47e-05,0.0001083,1.27e-05,0.0093786,-0.0013432,0.0027975,-0.0016977,8.88e-05,-0.0016525,0.0024555,-0.0020878,8.54e-05,3.47e-05,3.38e-05,6.88e-05,3.08e-05,0.0089115,0.0001332,1.89e-05,-0.0019608,0.0019307,0.0089944,-0.0023708,-0.0023964,-0.0023965,0.0001307,0.000153,0.000127,0.000161,0.0001461,0.0001573,0.0121116,0.0001621,-0.0015275,0.0001593,0.0001442,7.02e-05,0.0024181,0.0016006,-0.0021767,0.0013593,0.0018058,-0.0031014,0.0014596,0.0061918,-0.0025895,0.0014048,0.0013679,0.0013582,-1.92e-05,0.0028108,0.0028105,0.002811,-0.0001375,0.0005375,0.0005375
0.0011234,-0.0036876,0.0049013,0.0162395,-0.0006612,-0.0195272,0.0594452,2.6e-06,2.1e-06,2.2e-06,-0.0010093,-0.0002702,-0.0002648,-0.000263,-0.0009512,-4.3e-06,-0.0002589,0.0472484,4.8e-06,-0.0002395,4.7e-06,0.0454685,0.0013356,0.0447256,2.56e-05,0.0002651,0.0002651,0.0002651,0.0002626,0.0002601,3.26e-05,0.0002531,0.0017413,0.0003885,0.0017039,1.66e-05,0.0017092,2.43e-05,2.41e-05,-0.0002252,0.001638,0.0378476,0.0003767,0.0017779,-0.0002015,-9.65e-05,0.0016943,0.0016924,0.0016734,0.0016678,0.0016494,-1.5e-05,0.0001396,0.0341404,0.0016714,0.0002837,0.0003244,0.000326,0.0331443,0.0331451,0.0001554,0.0001182,0.0017477,0.0017287,0.0016955,0.0315883,0.0315884,0.0004692,-3.25e-05,-5.79e-05,0.0006336,0.0016695,0.0016762,0.030502,0.0305025,0.0017436,0.0304994,0.0200454,0.0148255,-0.0002715,-0.0015738,-0.0002445,7.42e-05,-0.0016238,-0.0005676,-0.0001143,0.0296492,0.0296524,-8.19e-05,0.0023214,0.0025298,0.0291041,0.0024514,0.0285371,0.0024703,0.0285378,0.0279597,0.0023293,0.0007103,0.0251345,0.0267662,0.026144,-0.0025197,0.0261446,0.0261448,0.000703,-0.0025817,-0.0025647,0.0022837,0.0022814,0.0007173,-0.0025202,0.000231,-0.0024925,0.0003467,0.0240038,0.0248102,0.0248195,0.0010616,-0.0002912,-0.0025944,-0.0025843,-0.0025895,-0.0001739,0.0241378,0.024144,-0.0001613,-0.0026088,0.0024978,0.0234603,-0.0005281,-0.002547,-0.0025564,-0.0025466,-0.0025457,0.0227378,0.0227368,-0.0005303,-0.0001957,-0.0025544,-0.002554,-0.0005324,-0.0002211,-0.0025318,-0.0005328,0.0220157,0.0205096,0.0220223,9e-07,-7.4e-06,-7.4e-06,-0.0025549,-0.0025741,-0.0025556,-0.0025516,-0.002549,0.0212572,0.0212571,-0.0017883,-0.0025356,-0.0025288,-1.97e-05,-0.0025355,-0.001786,6.43e-05,-0.0025307,0.0204686,-0.0025669,0.0192482,0.0204588,-0.0025221,-0.0025121,-0.0025402,-0.002513,-0.0025084,-0.0025229,-0.0025122,0.0004691,-0.0025296,-0.0025031,-0.002506,-0.002509,0.0178028,0.0188311,-0.0025072,-0.0024917,-0.0025155,-0.0024895,-0.0025041,-0.0024858,-0.0024905,-0.0024972,0.0004301,0.0187832,-0.0011311,-0.0025612,0.000514,-0.0025657,-0.0025687,-0.0025625,0.0177591,0.0179071,0.0178257,-0.0010607,-0.0027363,-0.0027055,-0.0027058,-0.0027019,-0.0027346,-0.0026843,-0.0027244,-0.0010654,-0.0027152,0.0176484,0.0176528,0.0161833,0.0176863,0.0012306,0.0010105,0.0010759,0.0013475,-0.0032619,-0.0032773,-0.0032674,0.0015597,-0.0032382,-0.0032505,-0.0032019,0.0005686,0.016551,0.016038,0.0165163,-0.0040056,0.016493,0.0161372,0.0164218,-0.0041226,-0.0041099,-0.0041025,-0.0040994,-0.0041002,0.0005413,-0.0040911,-0.0040642,0.0151957,0.0150666,0.0005404,0.0151146,0.0151137,0.015117,-0.004747,-0.0047427,-0.0047359,-0.004747,-0.004734,-0.0047179,0.0007852,-0.0046688,0.013201,-0.0047411,-0.0047052,-0.0042659,0.0045843,0.0013024,0.0065869,-0.0116494,0.006479,0.0057817,-0.0122506,-0.0001363,0.0052857,-0.0112724,-0.0112604,-0.0112258,-0.0073879,-0.0096994,-0.0097032,-0.0096968,0.0001231,0.0055995,0.0055996
0.0367294,-0.0107514,-0.0504443,0.0151926,-0.059003,0.0005042,0.0010174,0.001007,0.0009462,0.0009504,-0.0523569,3.5e-06,2.08e-05,-7.1e-06,-0.0488518,0.0008445,2.65e-05,0.0001316,0.0007936,2.21e-05,0.0007781,0.0013356,0.0439999,0.0010568,0.0009601,1.55e-05,1.55e-05,1.55e-05,1.53e-05,1.51e-05,-0.0003209,-5.07e-05,0.0401507,-9e-07,0.0389277,1.01e-05,0.038931,0.0002038,0.0002035,-5.15e-05,0.0372409,0.0002552,-3.8e-06,0.0368034,0.0001034,0.0005913,0.0350075,0.0350074,0.0345437,0.0345438,0.0340737,0.0022736,0.0005647,-2.43e-05,0.0330763,2e-06,5.89e-05,-8.8e-06,-3.88e-05,-1.91e-05,-5.2e-06,3e-06,0.0320853,0.0315797,0.0310673,-9.68e-05,-9.32e-05,0.0070395,5.6e-06,0.0002472,0.0091747,0.029346,0.0294243,-0.0001608,-0.0001561,0.0289601,-0.0001908,-0.0001285,0.0257063,-0.0035339,-3e-05,-0.0031914,0.0021765,-1.15e-05,-0.007113,-0.0002323,-0.0013697,-0.0013465,-3.57e-05,0.0259662,0.0284047,-0.0012673,0.0273147,-0.0012903,0.0274698,-0.0012831,-0.0012854,0.025781,0.0082321,-0.0015811,-0.0011963,-0.001259,2.4e-05,-0.0011971,-0.0012007,0.0019835,1.33e-05,2.88e-05,0.0244735,0.0244787,0.0023091,0.0001184,-0.0036397,8.87e-05,-0.0022357,0.0070205,-0.0016206,-0.001533,0.00399,-0.0050367,2e-07,2.39e-05,5e-07,-0.0072721,-0.0015824,-0.0015221,-0.0070312,9.19e-05,0.0217406,-0.0014929,-0.0079253,2.88e-05,0.0001164,1.65e-05,0.000114,-0.0015095,-0.0015195,-0.0034284,-0.0069887,1.99e-05,9.17e-05,-0.003383,-0.0072188,8.82e-05,-0.0033314,-0.0014015,-0.0025131,-0.0013242,-0.0051616,-0.0032674,-0.0032685,1.99e-05,2.14e-05,2.41e-05,3.4e-05,3.38e-05,-0.0013494,-0.0013391,-0.0197826,2.78e-05,2.76e-05,-0.0031589,2.85e-05,-0.0194534,0.0052564,2.82e-05,-0.0013267,3.08e-05,-0.0022488,-0.0012477,4.39e-05,3.33e-05,-1.71e-05,4.52e-05,4.49e-05,-1.65e-05,3.68e-05,-0.0030491,-1.41e-05,4.83e-05,4.84e-05,3.87e-05,-0.0074104,-0.0007036,5.05e-05,-1.8e-06,-2.47e-05,5.06e-05,5.16e-05,3.6e-06,5.37e-05,5.13e-05,-0.0030162,-0.0007624,-0.0173347,1.14e-05,0.0053147,4.82e-05,4.54e-05,4.29e-05,-0.0021205,-0.0020229,-0.0005258,-0.0162904,6.8e-06,9.3e-05,9.3e-05,9.29e-05,-3.86e-05,8.33e-05,-6.71e-05,-0.0162673,-9.63e-05,-0.0004091,-0.0004093,-0.0059258,-2.58e-05,-0.0040648,-0.0074915,-0.006595,-0.0004052,0.0001404,0.0001777,0.0001815,0.0059017,0.0001583,0.000198,0.000154,0.0056601,1.55e-05,0.0019863,-0.000157,0.0001679,-0.0001345,0.0018268,-0.0003469,0.000137,0.0001131,0.000113,0.0001342,0.0001113,0.0052959,0.0001609,0.000107,-0.0003201,0.0015456,0.005085,-0.0004944,-0.0005381,-0.0005381,0.0001167,0.0001553,0.000113,0.0001678,0.0001456,0.0001682,-0.0058742,0.0001047,0.0033777,0.000111,4.93e-05,3.6e-06,6.12e-05,0.0112329,-0.001082,0.0008428,-0.0001778,-0.0013239,0.0009215,-0.0053137,0.0018698,0.0008066,0.0008844,0.0009628,0.0014922,0.0025232,0.0025208,0.0025249,0.0090377,0.0037202,0.0037202
0.0012454,-0.0031984,0.0053132,0.0159449,-0.0003034,-0.019155,0.0584801,5.67e-05,5.41e-05,5.38e-05,-0.0006857,5.17e-05,5.25e-05,4.93e-05,-0.0006492,4.95e-05,4.89e-05,0.0464854,5.5e-05,4.61e-05,5.41e-05,0.0447256,0.0010568,0.0439981,7.05e-05,8e-07,8e-07,8e-07,8e-07,8e-07,-5.44e-05,-6.4e-06,0.0014772,0.0003813,0.0014466,-4.09e-05,0.0014529,-3.38e-05,-3.34e-05,-1.19e-05,0.0013967,0.0372369,0.0003707,0.0015369,3.2e-06,6.31e-05,0.0014637,0.0014618,0.0014458,0.0014403,0.0014249,0.0001246,4.72e-05,0.0335888,0.0014413,0.0002795,0.0003189,0.0003208,0.0326102,0.0326106,0.0001531,0.0001167,0.0015224,0.0015069,0.0014775,0.0310791,0.0310794,0.0003348,-3.21e-05,-5.81e-05,0.0003871,0.0014964,0.001503,0.0300115,0.0300119,0.0015852,0.0300092,0.0197231,0.0144703,-6.16e-05,-0.0015482,-3.71e-05,0.0001439,-0.0015954,-0.0003335,-7.37e-05,0.0291779,0.0291814,-9.3e-06,0.0021706,0.002349,0.0286414,0.0022911,0.0280833,0.0023054,0.028084,0.0275153,0.0021741,0.0006145,0.0247824,0.0263378,0.0257259,-0.0024794,0.0257263,0.0257264,0.000757,-0.0025395,-0.0025236,0.002142,0.0021397,0.0007669,-0.0024803,0.0003942,-0.0024528,0.0005012,0.0235849,0.0244153,0.0244241,0.0011617,-0.0001388,-0.0025524,-0.0025429,-0.0025475,1.62e-05,0.0237535,0.0237594,2.26e-05,-0.0025672,0.0023831,0.0230867,-0.0003536,-0.0025062,-0.0025158,-0.0025057,-0.0025052,0.0223759,0.0223751,-0.0004781,-2.01e-05,-0.0025133,-0.0025133,-0.0004821,-4.41e-05,-0.0024915,-0.0004844,0.0216651,0.0201962,0.0216706,0.0001666,3e-05,3.01e-05,-0.0025135,-0.0025324,-0.0025146,-0.0025108,-0.0025082,0.0209181,0.0209179,-0.0016728,-0.0024949,-0.0024882,1.24e-05,-0.0024949,-0.0016813,-9.13e-05,-0.0024901,0.0201421,-0.0025257,0.0189539,0.0201316,-0.0024818,-0.0024718,-0.0024993,-0.0024728,-0.0024683,-0.0024823,-0.0024719,0.0004967,-0.002489,-0.0024631,-0.002466,-0.0024687,0.0175418,0.0185282,-0.002467,-0.0024517,-0.002475,-0.0024496,-0.002464,-0.0024459,-0.0024506,-0.0024571,0.0004526,0.0184813,-0.0010584,-0.0025202,0.0003937,-0.0025242,-0.0025271,-0.0025209,0.0175061,0.0176493,0.0175345,-0.0009964,-0.0026926,-0.0026626,-0.0026628,-0.002659,-0.0026908,-0.0026414,-0.0026807,-0.0010015,-0.0026716,0.0173597,0.0173641,0.0159346,0.0173962,0.0012961,0.0010973,0.0011569,0.0014047,-0.0032099,-0.0032257,-0.0032161,0.0015813,-0.0031863,-0.0031981,-0.0031507,0.0004542,0.0162792,0.0157907,0.0162437,-0.0039422,0.016221,0.0158869,0.0161492,-0.0040561,-0.0040438,-0.0040366,-0.0040339,-0.0040343,0.0004338,-0.004025,-0.0039989,0.0149434,0.0148314,0.0004342,0.0148614,0.0148611,0.0148643,-0.0046702,-0.0046665,-0.0046594,-0.004671,-0.0046579,-0.0046423,0.0007789,-0.0045929,0.0129413,-0.0046641,-0.0046282,-0.004196,0.0045228,0.0011669,0.0064801,-0.0114618,0.0063859,0.0056855,-0.0120536,-0.0001569,0.00517,-0.0110909,-0.0110794,-0.0110462,-0.0072821,-0.0095522,-0.0095559,-0.0095496,3.59e-05,0.0054764,0.0054764
0.0048698,-0.0096299,0.020295,0.0555712,0.0001606,0.0534012,2.66e-05,0.0548878,0.0524108,0.0521284,-3.13e-05,0.0015032,0.003405,0.0002974,-2.88e-05,0.0464512,0.0002872,7.06e-05,0.0434957,0.0002679,0.0428107,2.56e-05,0.0009601,7.05e-05,0.0403248,0.0020113,0.0020088,0.0020105,0.0019878,0.0019691,-0.0387424,-0.0027203,-0.0001026,-2.8e-06,-7.09e-05,-0.0372339,1.61e-05,-0.0368312,-0.0364286,-0.0109534,0.0005932,9.31e-05,0,0.0005933,-0.0105076,0.0280233,0.0010827,0.0010859,0.0010693,0.0010702,0.0010552,0.0265255,0.0264672,-5.4e-06,0.0004018,0.0001641,-7.1e-06,-6e-06,0.0001132,-3.22e-05,5.6e-05,0.0002313,0.0003917,0.0003791,0.000371,-6.28e-05,-1.5e-06,0.0227454,3.8e-05,-4.95e-05,-0.0075983,-0.0034133,-0.0028775,-5.38e-05,-5.39e-05,-0.0030968,-5.22e-05,-9.43e-05,-0.0025958,0.0002554,-1.12e-05,6.13e-05,0.0272025,-1.64e-05,0.0064151,0.0282375,0.0001531,0.0001646,0.0271434,0.0121852,0.0046206,2.36e-05,0.0059551,4.48e-05,0.00561,4.53e-05,3.64e-05,0.0052454,-0.024044,-0.0041531,0.0002913,0.0002625,-6.5e-06,0.0002777,0.0002768,-0.0187243,-2.21e-05,-7.1e-06,0.0043054,0.004272,-0.0182459,1.13e-05,-0.0045309,5.8e-06,-0.0043699,0.0018862,0.0001645,0.0001823,-0.004505,0.0170058,7.03e-05,-1.26e-05,6.82e-05,-1.72e-05,0.0001599,0.0001711,-0.0004425,-3.6e-06,0.0040028,0.0001637,0.0141971,-1.5e-05,1e-06,4.63e-05,-9e-07,0.0001472,0.000207,0.0207119,5.01e-05,4.42e-05,-7.6e-06,0.0207131,0.00016,-7.7e-06,0.020713,0.0001486,0.0071685,-0.0003513,0.0006823,0.0199959,0.0199959,-2.44e-05,-2.41e-05,3.52e-05,-2.8e-05,-2.81e-05,-0.0002908,-0.0003553,-0.0035824,3.59e-05,3.43e-05,0.019226,3.29e-05,-0.003478,0.0006376,3.13e-05,-0.0003493,3.03e-05,0.0062468,-0.0008092,-3.69e-05,2.45e-05,-4.91e-05,-3.85e-05,-3.87e-05,-4.95e-05,2.34e-05,0.0185077,-5.04e-05,-4.01e-05,-4e-05,2.17e-05,-0.0018316,-0.0006667,2.7e-05,-4.8e-05,-5.14e-05,5.07e-05,4.83e-05,-5.33e-05,4.51e-05,6.16e-05,0.0176447,-0.0006747,-0.0012396,-5.15e-05,0.009986,4.75e-05,5.83e-05,6.63e-05,0.0046843,0.004307,-0.0013938,-0.0009366,-7.22e-05,-6.88e-05,-6.88e-05,-6.91e-05,-7.53e-05,-1.62e-05,-8.07e-05,-0.0009005,-8.28e-05,-0.001385,-0.0013851,-0.0016225,-0.0013098,0.0142275,0.0128963,0.0133515,0.0134813,-1.2e-05,4.79e-05,5.3e-05,0.0114592,2.31e-05,0.000102,1.18e-05,0.0088627,-0.0012598,0.0026499,-0.0015945,8.32e-05,-0.0015518,0.0023271,-0.0019629,7.99e-05,3.2e-05,3.11e-05,6.42e-05,2.83e-05,0.008421,0.000125,1.71e-05,-0.0018435,0.0018309,0.0084979,-0.0022306,-0.002255,-0.0022551,0.0001222,0.0001434,0.0001187,0.000151,0.0001369,0.0001475,0.0113772,0.0001517,-0.0014169,0.0001491,0.0001346,6.48e-05,0.0022791,0.0015661,-0.0020535,0.0012809,0.0017018,-0.0029259,0.0013755,0.0058045,-0.0024274,0.0013236,0.0012893,0.0012806,-1.27e-05,0.0026572,0.0026569,0.0026574,-8.26e-05,0.0005272,0.0005272
-0.0524151,-0.0574729,-0.0243899,0.0047991,-9.3e-06,0.0037403,5.33e-05,0.0041235,0.0039165,0.0038941,6.07e-05,-0.0474334,-0.0463168,-0.0462811,6.66e-05,0.0023109,-0.0456491,4.13e-05,0.0021687,-0.0423606,0.0021338,0.0002651,1.55e-05,8e-07,0.0020113,0.0395994,0.0395993,0.0395993,0.039231,0.0388591,0.0040128,0.0378251,-3.27e-05,0.0001497,0.0001372,-0.0003303,-1.82e-05,-0.0003272,-0.0003234,-0.0341329,-0.0004683,-0.0001533,-7.7e-06,-0.0004621,-0.0329354,-0.0175868,-0.0001089,-0.0001092,-0.0001069,-0.0001079,-0.0001034,-0.0166266,0.0194151,0.0001675,0.0014091,-1.56e-05,-5.8e-06,-6.7e-06,-1.9e-06,6.1e-06,-9.8e-06,-1.91e-05,0.0013635,0.0013406,0.0012999,2.62e-05,1.99e-05,0.0183124,2.35e-05,-4.63e-05,0.0256147,-0.0047749,-0.0047295,-9.64e-05,-8.08e-05,-0.0067693,-0.0001004,-6.12e-05,-0.0058865,-0.0277441,4.8e-06,-0.0277928,-0.006061,-0.0003219,-0.0260222,0.0011488,0.0002133,0.0001467,-0.004181,-0.0029898,-0.0029547,0.0001157,-0.0045536,0.0001731,-0.0041315,0.0001729,0.0001739,-0.0038496,-0.0003547,-0.0076042,0.0006408,0.0006397,1.87e-05,0.0006304,0.0006309,-0.0160881,-9.08e-05,1.86e-05,-0.0048257,-0.0048302,-0.0156253,2e-06,-0.0229931,7.6e-06,-0.0231714,-0.0009752,0.0006893,0.0006727,-0.0222527,-0.0136863,-6.8e-06,1.67e-05,-6.1e-06,-0.0217571,0.0006776,0.0006595,-0.0211744,-4.8e-06,-0.0070724,0.0006445,-0.0145654,1.37e-05,-1.41e-05,1.95e-05,-1.33e-05,0.0006445,0.0006494,0.0014382,-0.0197499,1.77e-05,-8.1e-06,0.0016944,-0.01967,-8.5e-06,0.0019172,0.0006028,0.0013288,0.0005514,-0.0202035,0.0020694,0.0020642,-5.16e-05,-5.07e-05,1.91e-05,1.17e-05,1.18e-05,0.0005613,0.0005536,0.0035873,1.66e-05,1.66e-05,0.0026258,1.53e-05,0.004958,0.018772,1.41e-05,0.0005448,1.3e-05,0.0010525,0.0005044,5.4e-06,1.09e-05,2.19e-05,5.1e-06,5.2e-06,2.19e-05,9.8e-06,0.0018343,2.13e-05,4.2e-06,4.1e-06,8.6e-06,0.002193,0.0003415,3.7e-06,1.65e-05,2.27e-05,4.5e-06,4e-06,1.49e-05,3.4e-06,4.5e-06,0.0024731,0.0003597,0.0068494,1.83e-05,0.0145479,-4.69e-05,-5.17e-05,-5.52e-05,-0.0020207,-0.0018545,0.0006829,0.0070869,3.98e-05,3.5e-06,3.5e-06,3.6e-06,5.93e-05,-2.19e-05,7.33e-05,0.0071483,8.72e-05,0.0006364,0.0006364,0.0029972,0.0004411,-0.0058454,-0.0057894,-0.0057602,-0.0082849,-3.55e-05,4.9e-05,5.79e-05,-0.0095187,-8.12e-05,-0.0001465,-7.31e-05,0.0129608,0.0004091,-0.0028308,0.00069,5.14e-05,0.0006535,-0.0025668,0.0009991,-9.39e-05,-5.44e-05,-5.4e-05,-5.3e-06,-5.76e-05,0.0121925,-0.0001383,-4.97e-05,0.0009359,-0.0021118,0.012223,0.0013211,0.0012713,0.0012714,-9.85e-05,-5.41e-05,-0.0001014,-4.05e-05,-6.41e-05,-3.64e-05,0.0069756,-0.0001412,0.0037123,-0.0001322,-0.0001697,-0.0001532,-0.0013771,0.0076781,0.0005526,-0.0003945,-0.0011553,0.0009178,-0.0004017,0.0095223,0.0023369,-0.0003491,-0.0003785,-0.0003319,0.0006818,-0.0002034,-0.0002046,-0.0002026,0.0048189,0.0017753,0.0017753
-0.0524155,-0.0574724,-0.0243913,0.0047955,-9.4e-06,0.0037369,5.33e-05,0.00412,0.0039132,0.0038908,6.07e-05,-0.0474336,-0.0463171,-0.0462812,6.66e-05,0.002308,-0.0456492,4.13e-05,0.0021659,-0.0423608,0.0021311,0.0002651,1.55e-05,8e-07,0.0020088,0.0395993,0.0395993,0.0395993,0.039231,0.0388591,0.0040153,0.0378254,-3.27e-05,0.0001497,0.0001373,-0.0003279,-1.82e-05,-0.0003248,-0.000321,-0.0341322,-0.0004683,-0.0001533,-7.7e-06,-0.0004622,-0.0329348,-0.0175887,-0.0001089,-0.0001092,-0.0001069,-0.0001079,-0.0001034,-0.0166284,0.0194134,0.0001675,0.0014091,-1.56e-05,-5.8e-06,-6.7e-06,-1.9e-06,6.1e-06,-9.8e-06,-1.91e-05,0.0013635,0.0013406,0.0012999,2.62e-05,1.99e-05,0.018311,2.35e-05,-4.63e-05,0.0256152,-0.0047746,-0.0047293,-9.64e-05,-8.08e-05,-0.0067691,-0.0001004,-6.12e-05,-0.0058863,-0.0277441,4.8e-06,-0.0277929,-0.0060628,-0.0003219,-0.0260227,0.001147,0.0002133,0.0001466,-0.0041828,-0.0029906,-0.002955,0.0001157,-0.004554,0.0001731,-0.0041318,0.0001729,0.0001739,-0.00385,-0.0003531,-0.0076039,0.0006408,0.0006397,1.87e-05,0.0006304,0.0006309,-0.0160869,-9.08e-05,1.86e-05,-0.004826,-0.0048305,-0.0156242,2e-06,-0.0229929,7.6e-06,-0.0231711,-0.0009753,0.0006893,0.0006727,-0.0222524,-0.0136875,-6.8e-06,1.67e-05,-6.1e-06,-0.0217571,0.0006776,0.0006595,-0.0211744,-4.8e-06,-0.0070727,0.0006445,-0.0145663,1.37e-05,-1.41e-05,1.95e-05,-1.33e-05,0.0006445,0.0006494,0.0014369,-0.01975,1.77e-05,-8.1e-06,0.0016931,-0.01967,-8.5e-06,0.0019158,0.0006028,0.0013283,0.0005514,-0.0202035,0.0020682,0.002063,-5.16e-05,-5.07e-05,1.91e-05,1.17e-05,1.18e-05,0.0005613,0.0005536,0.0035875,1.66e-05,1.66e-05,0.0026246,1.53e-05,0.0049582,0.018772,1.41e-05,0.0005448,1.3e-05,0.0010521,0.0005045,5.4e-06,1.09e-05,2.19e-05,5.1e-06,5.2e-06,2.19e-05,9.8e-06,0.0018331,2.13e-05,4.2e-06,4.1e-06,8.6e-06,0.0021931,0.0003415,3.7e-06,1.65e-05,2.27e-05,4.5e-06,4e-06,1.49e-05,3.4e-06,4.5e-06,0.002472,0.0003598,0.0068495,1.83e-05,0.0145473,-4.69e-05,-5.17e-05,-5.52e-05,-0.002021,-0.0018547,0.000683,0.0070869,3.98e-05,3.5e-06,3.5e-06,3.7e-06,5.93e-05,-2.19e-05,7.33e-05,0.0071484,8.72e-05,0.0006365,0.0006365,0.0029973,0.0004412,-0.0058464,-0.0057902,-0.005761,-0.0082857,-3.55e-05,4.9e-05,5.79e-05,-0.0095195,-8.12e-05,-0.0001465,-7.31e-05,0.0129602,0.0004092,-0.002831,0.0006901,5.14e-05,0.0006536,-0.002567,0.0009992,-9.39e-05,-5.44e-05,-5.4e-05,-5.3e-06,-5.76e-05,0.0121919,-0.0001383,-4.97e-05,0.000936,-0.0021119,0.0122225,0.0013213,0.0012715,0.0012716,-9.85e-05,-5.41e-05,-0.0001014,-4.05e-05,-6.41e-05,-3.64e-05,0.0069748,-0.0001413,0.0037124,-0.0001322,-0.0001698,-0.0001532,-0.0013773,0.007678,0.0005527,-0.0003946,-0.0011554,0.000918,-0.0004018,0.0095219,0.0023371,-0.0003492,-0.0003785,-0.000332,0.0006818,-0.0002036,-0.0002047,-0.0002028,0.0048189,0.0017753,0.0017753
-0.0524152,-0.0574727,-0.0243903,0.0047979,-9.3e-06,0.0037391,5.33e-05,0.0041223,0.0039154,0.003893,6.07e-05,-0.0474334,-0.0463168,-0.0462811,6.66e-05,0.0023099,-0.0456491,4.13e-05,0.0021677,-0.0423607,0.0021329,0.0002651,1.55e-05,8e-07,0.0020105,0.0395993,0.0395993,0.0395993,0.039231,0.0388591,0.0040136,0.0378252,-3.27e-05,0.0001497,0.0001372,-0.0003294,-1.82e-05,-0.0003264,-0.0003226,-0.0341326,-0.0004683,-0.0001533,-7.7e-06,-0.0004621,-0.0329351,-0.0175874,-0.0001089,-0.0001092,-0.0001069,-0.0001079,-0.0001034,-0.0166272,0.0194145,0.0001675,0.0014091,-1.56e-05,-5.8e-06,-6.7e-06,-1.9e-06,6.1e-06,-9.8e-06,-1.91e-05,0.0013635,0.0013406,0.0012999,2.62e-05,1.99e-05,0.0183119,2.35e-05,-4.63e-05,0.0256149,-0.0047748,-0.0047294,-9.64e-05,-8.08e-05,-0.0067693,-0.0001004,-6.12e-05,-0.0058864,-0.0277441,4.8e-06,-0.0277928,-0.0060616,-0.0003219,-0.0260224,0.0011482,0.0002133,0.0001467,-0.0041816,-0.00299,-0.0029548,0.0001157,-0.0045537,0.0001731,-0.0041316,0.0001729,0.0001739,-0.0038497,-0.0003542,-0.0076041,0.0006408,0.0006397,1.87e-05,0.0006304,0.0006309,-0.0160877,-9.08e-05,1.86e-05,-0.0048258,-0.0048303,-0.0156249,2e-06,-0.022993,7.6e-06,-0.0231713,-0.0009752,0.0006893,0.0006727,-0.0222526,-0.0136867,-6.8e-06,1.67e-05,-6.1e-06,-0.0217571,0.0006776,0.0006595,-0.0211744,-4.8e-06,-0.0070725,0.0006445,-0.0145657,1.37e-05,-1.41e-05,1.95e-05,-1.33e-05,0.0006445,0.0006494,0.0014378,-0.0197499,1.77e-05,-8.1e-06,0.001694,-0.01967,-8.5e-06,0.0019167,0.0006028,0.0013286,0.0005514,-0.0202035,0.002069,0.0020638,-5.16e-05,-5.07e-05,1.91e-05,1.17e-05,1.18e-05,0.0005613,0.0005536,0.0035873,1.66e-05,1.66e-05,0.0026254,1.53e-05,0.0049581,0.018772,1.41e-05,0.0005448,1.3e-05,0.0010523,0.0005045,5.4e-06,1.09e-05,2.19e-05,5.1e-06,5.2e-06,2.19e-05,9.8e-06,0.0018339,2.13e-05,4.2e-06,4.1e-06,8.6e-06,0.002193,0.0003415,3.7e-06,1.65e-05,2.27e-05,4.5e-06,4e-06,1.49e-05,3.4e-06,4.5e-06,0.0024727,0.0003597,0.0068494,1.83e-05,0.0145477,-4.69e-05,-5.17e-05,-5.52e-05,-0.0020208,-0.0018546,0.000683,0.0070869,3.98e-05,3.5e-06,3.5e-06,3.6e-06,5.93e-05,-2.19e-05,7.33e-05,0.0071483,8.72e-05,0.0006364,0.0006365,0.0029972,0.0004412,-0.0058458,-0.0057896,-0.0057605,-0.0082852,-3.55e-05,4.9e-05,5.79e-05,-0.009519,-8.12e-05,-0.0001465,-7.31e-05,0.0129606,0.0004091,-0.0028308,0.0006901,5.14e-05,0.0006535,-0.0025669,0.0009991,-9.39e-05,-5.44e-05,-5.4e-05,-5.3e-06,-5.76e-05,0.0121923,-0.0001383,-4.97e-05,0.0009359,-0.0021119,0.0122229,0.0013212,0.0012714,0.0012715,-9.85e-05,-5.41e-05,-0.0001014,-4.05e-05,-6.41e-05,-3.64e-05,0.0069753,-0.0001413,0.0037123,-0.0001322,-0.0001698,-0.0001532,-0.0013772,0.0076781,0.0005526,-0.0003946,-0.0011554,0.0009179,-0.0004017,0.0095221,0.002337,-0.0003492,-0.0003785,-0.000332,0.0006818,-0.0002035,-0.0002046,-0.0002026,0.0048189,0.0017753,0.0017753
-0.0519284,-0.0569375,-0.0241657,0.0047477,-9.3e-06,0.003699,5.28e-05,0.0040785,0.0038738,0.0038516,6.01e-05,-0.0469927,-0.0458867,-0.045851,6.59e-05,0.0022838,-0.0452248,4.09e-05,0.0021432,-0.0419669,0.0021088,0.0002626,1.53e-05,8e-07,0.0019878,0.039231,0.039231,0.039231,0.0388661,0.0384977,0.0039802,0.0374739,-3.23e-05,0.0001483,0.000136,-0.0003227,-1.8e-05,-0.0003197,-0.0003159,-0.0338143,-0.000464,-0.0001519,-7.6e-06,-0.0004579,-0.0326279,-0.0174267,-0.000108,-0.0001083,-0.000106,-0.000107,-0.0001025,-0.0164753,0.0192314,0.000166,0.001396,-1.55e-05,-5.8e-06,-6.6e-06,-1.9e-06,6e-06,-9.8e-06,-1.89e-05,0.0013508,0.0013281,0.0012878,2.59e-05,1.97e-05,0.0181394,2.33e-05,-4.59e-05,0.0253775,-0.00473,-0.0046851,-9.55e-05,-8.01e-05,-0.006706,-9.94e-05,-6.07e-05,-0.0058314,-0.0274862,4.7e-06,-0.0275345,-0.006008,-0.0003189,-0.0257811,0.0011347,0.0002113,0.0001453,-0.0041455,-0.0029634,-0.0029277,0.0001147,-0.004512,0.0001715,-0.0040937,0.0001713,0.0001723,-0.0038145,-0.0003485,-0.007533,0.0006348,0.0006338,1.85e-05,0.0006245,0.000625,-0.0159363,-9e-05,1.84e-05,-0.0047814,-0.0047858,-0.0154779,2e-06,-0.0227788,7.5e-06,-0.0229555,-0.0009663,0.0006829,0.0006664,-0.0220453,-0.0135612,-6.8e-06,1.65e-05,-6e-06,-0.0215548,0.0006712,0.0006533,-0.0209775,-4.8e-06,-0.0070071,0.0006385,-0.0144317,1.36e-05,-1.39e-05,1.93e-05,-1.31e-05,0.0006385,0.0006434,0.0014223,-0.0195663,1.75e-05,-8e-06,0.0016761,-0.0194872,-8.4e-06,0.0018968,0.0005972,0.0013156,0.0005463,-0.0200157,0.0020478,0.0020426,-5.11e-05,-5.02e-05,1.9e-05,1.16e-05,1.17e-05,0.0005561,0.0005485,0.0035543,1.65e-05,1.65e-05,0.0025991,1.51e-05,0.0049123,0.0185974,1.4e-05,0.0005398,1.29e-05,0.0010419,0.0004998,5.4e-06,1.08e-05,2.17e-05,5e-06,5.1e-06,2.17e-05,9.8e-06,0.001815,2.11e-05,4.2e-06,4.1e-06,8.5e-06,0.0021728,0.0003384,3.6e-06,1.63e-05,2.25e-05,4.4e-06,4e-06,1.48e-05,3.4e-06,4.5e-06,0.002448,0.0003565,0.0067859,1.81e-05,0.0144115,-4.65e-05,-5.12e-05,-5.47e-05,-0.0020025,-0.0018377,0.0006767,0.0070211,3.94e-05,3.5e-06,3.5e-06,3.6e-06,5.88e-05,-2.17e-05,7.27e-05,0.007082,8.64e-05,0.0006306,0.0006307,0.0029695,0.0004372,-0.0057928,-0.0057371,-0.0057082,-0.0082095,-3.52e-05,4.86e-05,5.73e-05,-0.0094316,-8.04e-05,-0.0001451,-7.24e-05,0.0128392,0.0004055,-0.0028048,0.0006838,5.09e-05,0.0006476,-0.0025432,0.00099,-9.3e-05,-5.39e-05,-5.35e-05,-5.3e-06,-5.7e-05,0.0120781,-0.000137,-4.92e-05,0.0009274,-0.0020924,0.0121084,0.0013091,0.0012598,0.0012599,-9.76e-05,-5.36e-05,-0.0001005,-4.01e-05,-6.35e-05,-3.61e-05,0.0069093,-0.00014,0.0036779,-0.000131,-0.0001682,-0.0001518,-0.0013646,0.0076066,0.0005477,-0.000391,-0.0011448,0.0009096,-0.0003981,0.009433,0.0023155,-0.0003461,-0.0003751,-0.000329,0.0006755,-0.0002018,-0.000203,-0.000201,0.0047741,0.0017587,0.0017587
-0.051436,-0.0563978,-0.0239365,0.0047029,-9.2e-06,0.0036642,5.23e-05,0.00404,0.0038372,0.0038153,5.95e-05,-0.0465471,-0.0454516,-0.0454162,6.53e-05,0.0022623,-0.044796,4.05e-05,0.0021231,-0.041569,0.002089,0.0002601,1.51e-05,8e-07,0.0019691,0.0388591,0.0388591,0.0388591,0.0384977,0.0381327,0.0039423,0.0371186,-3.2e-05,0.0001469,0.0001347,-0.0003197,-1.78e-05,-0.0003168,-0.0003131,-0.0334937,-0.0004596,-0.0001505,-7.5e-06,-0.0004535,-0.0323186,-0.0172614,-0.0001069,-0.0001072,-0.000105,-0.000106,-0.0001016,-0.016319,0.0190492,0.0001644,0.0013827,-1.53e-05,-5.7e-06,-6.5e-06,-1.9e-06,6e-06,-9.7e-06,-1.88e-05,0.001338,0.0013155,0.0012756,2.57e-05,1.95e-05,0.0179675,2.31e-05,-4.55e-05,0.0251369,-0.0046852,-0.0046407,-9.46e-05,-7.93e-05,-0.0066424,-9.85e-05,-6.01e-05,-0.0057761,-0.0272256,4.7e-06,-0.0272734,-0.0059509,-0.0003159,-0.0255367,0.001124,0.0002093,0.0001439,-0.0041061,-0.0029353,-0.0029,0.0001136,-0.0044692,0.0001698,-0.0040549,0.0001697,0.0001706,-0.0037783,-0.0003453,-0.0074616,0.0006288,0.0006277,1.83e-05,0.0006186,0.0006191,-0.0157852,-8.91e-05,1.82e-05,-0.004736,-0.0047404,-0.0153312,2e-06,-0.0225629,7.5e-06,-0.0227378,-0.0009572,0.0006764,0.0006601,-0.0218363,-0.0134326,-6.7e-06,1.64e-05,-6e-06,-0.0213505,0.0006649,0.0006471,-0.0207786,-4.7e-06,-0.0069407,0.0006324,-0.0142948,1.35e-05,-1.38e-05,1.91e-05,-1.3e-05,0.0006324,0.0006373,0.0014089,-0.0193808,1.73e-05,-7.9e-06,0.0016603,-0.0193024,-8.3e-06,0.0018789,0.0005915,0.0013031,0.0005411,-0.019826,0.0020284,0.0020233,-5.06e-05,-4.97e-05,1.88e-05,1.15e-05,1.16e-05,0.0005508,0.0005433,0.0035206,1.63e-05,1.63e-05,0.0025745,1.5e-05,0.0048657,0.0184211,1.38e-05,0.0005347,1.28e-05,0.0010321,0.0004951,5.3e-06,1.07e-05,2.15e-05,5e-06,5.1e-06,2.15e-05,9.7e-06,0.0017979,2.09e-05,4.1e-06,4.1e-06,8.4e-06,0.0021522,0.0003352,3.6e-06,1.62e-05,2.22e-05,4.4e-06,3.9e-06,1.46e-05,3.4e-06,4.4e-06,0.0024248,0.0003531,0.0067215,1.79e-05,0.0142749,-4.6e-05,-5.07e-05,-5.41e-05,-0.0019835,-0.0018203,0.0006703,0.0069545,3.91e-05,3.5e-06,3.5e-06,3.6e-06,5.82e-05,-2.15e-05,7.2e-05,0.0070148,8.56e-05,0.0006246,0.0006247,0.0029414,0.000433,-0.0057379,-0.0056827,-0.0056541,-0.0081316,-3.49e-05,4.81e-05,5.68e-05,-0.0093422,-7.97e-05,-0.0001437,-7.17e-05,0.0127175,0.0004016,-0.0027782,0.0006773,5.04e-05,0.0006414,-0.0025191,0.0009807,-9.21e-05,-5.34e-05,-5.3e-05,-5.2e-06,-5.65e-05,0.0119636,-0.0001357,-4.87e-05,0.0009186,-0.0020726,0.0119936,0.0012967,0.0012478,0.0012479,-9.67e-05,-5.31e-05,-9.95e-05,-3.97e-05,-6.29e-05,-3.57e-05,0.0068439,-0.0001386,0.003643,-0.0001297,-0.0001666,-0.0001503,-0.0013517,0.0075344,0.0005425,-0.0003873,-0.0011339,0.000901,-0.0003943,0.0093436,0.0022935,-0.0003428,-0.0003715,-0.0003259,0.0006691,-0.0001999,-0.0002011,-0.0001991,0.0047289,0.0017421,0.0017421
-0.0121002,0.0005282,-0.0240245,-0.0528944,-0.0009705,-0.0511537,-4.8e-06,-0.0525295,-0.0501623,-0.049892,-0.0006824,-0.0085959,-0.0102697,-0.0072547,-0.0006357,-0.0446328,-0.0071492,-6.13e-05,-0.0417923,-0.0066355,-0.0411342,3.26e-05,-0.0003209,-5.44e-05,-0.0387424,0.0040128,0.0040153,0.0040136,0.0039802,0.0039423,0.0381253,0.0083278,0.000648,2.52e-05,0.0006261,0.036015,0.0005184,0.035628,0.0352387,0.0054708,-0.0001316,-0.0001105,-1.2e-06,-0.0001368,0.0052215,-0.0297824,-0.0005824,-0.0005856,-0.0005756,-0.0005765,-0.0005678,-0.0281638,-0.0227058,2.94e-05,0.000279,-0.0001612,6.8e-06,4.7e-06,-0.0001111,3.12e-05,-5.58e-05,-0.0002269,0.0002682,0.00027,0.0002646,6.28e-05,2.6e-06,-0.0191775,-3.31e-05,4.43e-05,0.0113418,0.002992,0.0024809,3.48e-05,3.73e-05,0.0023799,3.22e-05,8e-05,0.0019824,-0.0044723,1.12e-05,-0.0042869,-0.0272305,-3.27e-05,-0.0102287,-0.0271809,-0.0001356,-0.0001565,-0.0269208,-0.0118946,-0.0045286,-2.35e-05,-0.006077,-3.57e-05,-0.005677,-3.61e-05,-2.73e-05,-0.0053047,0.023349,0.0028557,-0.0002027,-0.0001758,9.5e-06,-0.0001911,-0.0001902,0.0157419,7.9e-06,1.01e-05,-0.0045592,-0.0045274,0.0153527,-9e-06,0.0008773,-3.2e-06,0.0007139,-0.0018774,-7.84e-05,-9.69e-05,0.0010689,-0.0186013,-6.9e-05,1.51e-05,-6.69e-05,-0.0033586,-7.52e-05,-8.8e-05,-0.0028556,4.1e-06,-0.0046419,-8.26e-05,-0.016053,1.7e-05,-1.4e-06,-4.16e-05,5e-07,-6.68e-05,-0.0001241,-0.0198922,-0.0031178,-3.99e-05,7.5e-06,-0.0198541,-0.0032153,7.5e-06,-0.0198199,-7.29e-05,-0.0067784,0.0004045,-0.0037732,-0.0191014,-0.0191022,1.62e-05,1.61e-05,-3.08e-05,2.94e-05,2.95e-05,0.0003471,0.0004086,0.0037371,-3.18e-05,-3.02e-05,-0.0182705,-2.91e-05,0.0038469,0.0022806,-2.78e-05,0.0004016,-2.69e-05,-0.0059236,0.0008421,3.72e-05,-2.15e-05,5.07e-05,3.87e-05,3.89e-05,5.1e-05,-2.06e-05,-0.0176924,5.19e-05,4.02e-05,4.01e-05,-1.91e-05,0.0020017,0.0006871,-2.48e-05,4.9e-05,5.3e-05,-4.77e-05,-4.54e-05,5.39e-05,-4.24e-05,-5.82e-05,-0.0167599,0.0006968,0.0019927,5.29e-05,-0.0074093,-5.24e-05,-6.36e-05,-7.19e-05,-0.0048709,-0.0044792,0.0014453,0.0017493,7.61e-05,6.85e-05,6.85e-05,6.88e-05,8.14e-05,1.36e-05,8.83e-05,0.0017239,9.21e-05,0.0014313,0.0014314,0.0019407,0.0013343,-0.0147167,-0.013466,-0.0138902,-0.0143106,8.2e-06,-3.65e-05,-4.01e-05,-0.0124508,-3.23e-05,-0.000118,-2.02e-05,-0.0065554,0.0012817,-0.0029657,0.0016458,-7.05e-05,0.0015993,-0.0026155,0.0020465,-8.95e-05,-3.75e-05,-3.66e-05,-6.11e-05,-3.44e-05,-0.0062482,-0.0001396,-2.25e-05,0.0019218,-0.0020703,-0.0063211,0.0023523,0.0023678,0.0023679,-0.0001315,-0.0001449,-0.0001286,-0.00015,-0.0001401,-0.000146,-0.0100509,-0.0001667,0.0019775,-0.0001627,-0.0001551,-8.57e-05,-0.002414,-0.0002063,0.0020572,-0.0012882,-0.0018248,0.0029538,-0.0013798,-0.0042621,0.0027287,-0.0013233,-0.0012934,-0.0012768,0.0001356,-0.0025694,-0.0025693,-0.0025695,0.00093,-0.0001922,-0.0001922
-0.0508982,-0.0541343,-0.0258343,-0.0017863,-8.81e-05,-0.0025684,4.91e-05,-0.0023713,-0.0022843,-0.0022733,8.2e-06,-0.0457597,-0.044906,-0.0445131,1.72e-05,-0.0031396,-0.0439045,3.16e-05,-0.0029353,-0.0407419,-0.0028897,0.0002531,-5.07e-05,-6.4e-06,-0.0027203,0.0378251,0.0378254,0.0378252,0.0374739,0.0371186,0.0083278,0.036666,2.16e-05,0.0001442,0.0001801,0.0039802,2.06e-05,0.0039369,0.0038941,-0.0315394,-0.0004803,-0.0001579,-7.4e-06,-0.0004748,-0.0304399,-0.0201358,-0.0001936,-0.0001943,-0.0001907,-0.0001917,-0.0001862,-0.0190384,0.0156047,0.0001615,0.0013418,-3.39e-05,-4.7e-06,-5.7e-06,-1.5e-05,9.5e-06,-1.59e-05,-4.5e-05,0.0012981,0.001277,0.0012383,3.23e-05,1.92e-05,0.0149812,1.82e-05,-3.86e-05,0.0255036,-0.0041648,-0.0041829,-8.66e-05,-7.17e-05,-0.0061185,-9.07e-05,-4.81e-05,-0.0053312,-0.0266967,5.9e-06,-0.0267208,-0.0089625,-0.0003075,-0.0257566,-0.0021554,0.0001859,0.0001205,-0.0071512,-0.0042531,-0.0033437,0.0001072,-0.0050356,0.0001598,-0.0045899,0.0001596,0.0001616,-0.0042787,0.0024428,-0.0068304,0.000581,0.0005832,1.87e-05,0.0005725,0.0005731,-0.0132984,-8.47e-05,1.87e-05,-0.0051096,-0.0051101,-0.0129085,8e-07,-0.0215785,6.8e-06,-0.0217669,-0.0011477,0.0006418,0.0006238,-0.020862,-0.0151214,-1.46e-05,1.75e-05,-1.37e-05,-0.0209153,0.0006311,0.0006124,-0.0203059,-4.1e-06,-0.0072367,0.0005989,-0.015645,1.49e-05,-1.35e-05,1.34e-05,-1.25e-05,0.0006008,0.0005986,-0.0010119,-0.0189937,1.19e-05,-6.8e-06,-0.0007658,-0.0189298,-7.2e-06,-0.0005516,0.0005607,0.000447,0.0005691,-0.0195007,-0.0003225,-0.0003275,-4.67e-05,-4.59e-05,1.44e-05,1.46e-05,1.46e-05,0.0005716,0.0005716,0.0038407,1.19e-05,1.21e-05,0.0003012,1.09e-05,0.0051464,0.0179727,1e-05,0.0005625,9.1e-06,0.0002881,0.0005769,9.5e-06,7.7e-06,2.67e-05,9.4e-06,9.5e-06,2.68e-05,6.8e-06,-0.0003764,2.63e-05,8.7e-06,8.6e-06,5.8e-06,0.0023113,0.0004044,5e-07,2.14e-05,2.77e-05,-1.5e-06,-1.7e-06,2.05e-05,-1.8e-06,-2.7e-06,0.0003371,0.0004228,0.0067079,2.35e-05,0.0128342,-5.05e-05,-5.63e-05,-6.06e-05,-0.0024849,-0.0022815,0.0008166,0.0069023,4.66e-05,1.14e-05,1.14e-05,1.16e-05,6.57e-05,-1.9e-05,7.97e-05,0.0069572,9.32e-05,0.000771,0.0007711,0.0030616,0.0005751,-0.0072641,-0.0070601,-0.0070837,-0.0095187,-3.26e-05,4.18e-05,4.97e-05,-0.0104646,-8.05e-05,-0.0001523,-7.14e-05,0.0114389,0.0005386,-0.0030244,0.000847,4e-05,0.000807,-0.0027336,0.0011864,-9.93e-05,-5.59e-05,-5.53e-05,-1.24e-05,-5.85e-05,0.0107511,-0.0001472,-4.96e-05,0.0011119,-0.0022393,0.0107714,0.0015266,0.0014815,0.0014816,-0.0001087,-6.84e-05,-0.000111,-5.62e-05,-7.72e-05,-5.18e-05,0.0053847,-0.0001531,0.0037347,-0.0001441,-0.0001786,-0.0001547,-0.0015865,0.0072099,0.000767,-0.0005261,-0.001307,0.0012184,-0.0005438,0.008476,0.002528,-0.0004875,-0.0005116,-0.0004658,0.0006583,-0.0004996,-0.0005007,-0.0004988,0.00465,0.0016491,0.0016491
0.033419,-0.0096198,-0.0464762,0.0127036,-0.0538635,-0.0010611,0.0016116,-0.0004137,-0.000409,-0.0003983,-0.0477969,-3.51e-05,-6.55e-05,-1.55e-05,-0.0445972,-0.0003572,1.55e-05,0.0006618,-0.0003317,1.21e-05,-0.0003293,0.0017413,0.0401507,0.0014772,-0.0001026,-3.27e-05,-3.27e-05,-3.27e-05,-3.23e-05,-3.2e-05,0.000648,2.16e-05,0.036668,3.7e-06,0.0355505,0.0009135,0.0355515,0.0010806,0.0010705,0.0002172,0.0339942,0.0006659,9e-07,0.0335965,0.0003481,-0.0001414,0.0319445,0.0319443,0.0315212,0.0315213,0.0310923,0.0014313,-0.0001262,0.0003706,0.0301981,1.1e-06,5.77e-05,-4.1e-06,0.000343,0.0003646,-4.3e-06,-1.5e-06,0.0292948,0.0288334,0.0283655,0.0002764,0.0002783,0.0058776,3.8e-06,0.0002261,0.0085648,0.0268863,0.0269448,0.0002053,0.0002096,0.0265273,0.0001779,0.0001155,0.0236958,-0.003234,-4.52e-05,-0.0029163,0.0013271,-2.87e-05,-0.0066536,-0.000899,-0.0009129,-0.0008919,-0.0006925,0.0234302,0.0258419,-0.0008226,0.0248138,-0.0008506,0.024964,-0.0008439,-0.0008525,0.0234298,0.0081054,-0.001053,-0.0007911,-0.0008548,-6.9e-06,-0.0007986,-0.0008019,0.0022735,-1.7e-05,-3.1e-06,0.0222587,0.0222643,0.0025592,7.88e-05,-0.0032087,5.21e-05,-0.0019298,0.0066379,-0.0011978,-0.0011182,0.0037639,-0.0050129,-3.13e-05,-7.6e-06,-3.09e-05,-0.0066382,-0.0011706,-0.0011157,-0.0064079,5.39e-05,0.0197744,-0.0010967,-0.0075838,-2.7e-06,7.68e-05,-1.54e-05,7.48e-05,-0.0011198,-0.0011304,-0.0036381,-0.0063815,-1.23e-05,5.45e-05,-0.0035967,-0.0065945,5.16e-05,-0.0035497,-0.0010295,-0.0022319,-0.0009468,-0.004727,-0.0034678,-0.0034688,-1.07e-05,-9.5e-06,-8.2e-06,2.4e-06,2.2e-06,-0.0009801,-0.0009691,-0.0179892,-4.6e-06,-4.7e-06,-0.0033502,-3.9e-06,-0.0176913,0.0047823,-4.1e-06,-0.000967,-2.2e-06,-0.0019828,-0.0008838,1.2e-05,9e-07,-4.36e-05,1.32e-05,1.31e-05,-4.28e-05,4.1e-06,-0.0032269,-4.07e-05,1.62e-05,1.64e-05,5.9e-06,-0.0065143,-0.0004094,1.66e-05,-2.91e-05,-5.02e-05,1.63e-05,1.71e-05,-2.4e-05,1.92e-05,1.66e-05,-0.0031764,-0.0004635,-0.0158045,-1.78e-05,0.0046138,1.33e-05,1.04e-05,8e-06,-0.0018448,-0.0017449,-0.000241,-0.0148579,-2.35e-05,5.55e-05,5.55e-05,5.54e-05,-6.48e-05,4.55e-05,-9.06e-05,-0.0148377,-0.0001171,-0.0001368,-0.0001369,-0.0051831,0.0002117,-0.004041,-0.0071388,-0.0063309,-0.0006814,9.1e-05,0.0001234,0.0001268,0.0051264,0.0001067,0.0001409,0.0001034,0.0049569,0.0002351,0.0019331,8.54e-05,0.0001052,0.0001046,0.0017965,-8.01e-05,7.57e-05,5.52e-05,5.52e-05,7.38e-05,5.37e-05,0.004635,9.68e-05,5.05e-05,-7.26e-05,0.0015396,0.0044406,-0.0002233,-0.0002625,-0.0002626,4.89e-05,8.37e-05,4.57e-05,9.49e-05,7.51e-05,9.57e-05,-0.0056288,3.82e-05,0.003269,4.32e-05,-1.24e-05,-4.73e-05,5.33e-05,0.010229,-0.0008619,0.0006041,-0.000129,-0.0010708,0.0006668,-0.0049925,0.0018262,0.0005744,0.0006464,0.0007186,0.0012772,0.0021269,0.0021246,0.0021285,0.008252,0.0034469,0.0034469
-0.0001976,-0.0002407,-4.05e-05,0.0001382,1.06e-05,-0.0001663,0.0005071,1.2e-06,1.1e-06,1.1e-06,6.1e-06,-0.0001799,-0.0001761,-0.0001752,5.6e-06,-3.4e-06,-0.0001728,0.0004032,-3.1e-06,-0.0001604,-3.1e-06,0.0003885,-9e-07,0.0003813,-2.8e-06,0.0001497,0.0001497,0.0001497,0.0001483,0.0001469,2.52e-05,0.0001442,3.7e-06,0.0352009,5e-06,8.8e-06,4.4e-06,8.7e-06,8.6e-06,-0.0001337,2.3e-06,0.000444,0.0329256,4.6e-06,-0.0001289,-7.79e-05,5.6e-06,5.6e-06,5.5e-06,5.5e-06,5.4e-06,-7.34e-05,7.06e-05,0.0005182,1.24e-05,0.0291852,0.0291856,0.0291855,0.0009085,0.0009132,0.0287399,0.0287389,2.04e-05,2.03e-05,1.98e-05,0.0011845,0.0011864,8.14e-05,0.0273592,0.0268818,0.0001048,8.4e-06,8.8e-06,0.0014599,0.0014548,5.3e-06,0.0014527,0.020447,0.0015388,-0.0001021,0.026349,-0.0001011,-1.37e-05,0.0263434,-9.87e-05,1.3e-06,0.0037417,0.0037323,-1.16e-05,0.0001148,0.0001231,0.0036561,0.0001167,0.0035813,0.0001197,0.0035781,0.0035008,0.0001146,2.79e-05,0.0031647,0.0033486,0.0032696,0.0231542,0.0032994,0.0032968,1.69e-05,0.0225841,0.0225861,0.0001151,0.0001148,2.02e-05,0.0220116,-1.9e-05,0.0220146,-1.36e-05,0.003097,0.0032272,0.0032229,3.81e-05,-3.79e-05,0.0214114,0.0214124,0.0214119,-3.96e-05,0.0031965,0.0031971,-3.82e-05,0.0207993,0.0001563,0.0031201,-4.96e-05,0.0201769,0.0201754,0.0201771,0.0201765,0.0030953,0.0030916,-2.56e-05,-3.82e-05,0.0195276,0.0195271,-2.39e-05,-3.96e-05,0.0195296,-2.36e-05,0.0030403,0.0028719,0.0030381,-2.51e-05,4.21e-05,4.21e-05,0.0188555,0.0188532,0.0188556,0.0188559,0.0188562,0.0029977,0.0029983,-9.85e-05,0.0181613,0.018162,4.51e-05,0.0181613,-9.62e-05,2.76e-05,0.0181618,0.0029349,0.0181578,0.0028132,0.0029467,0.0174391,0.0174405,0.0174372,0.0174402,0.0174407,0.0174394,0.0174404,0.0001139,0.0174384,0.0174413,0.017441,0.0174408,0.0028208,0.0028834,0.016686,0.0166883,0.0166854,0.0166884,0.0166863,0.016689,0.0166881,0.0166871,0.0001256,0.003116,4.5e-06,0.0166796,9.41e-05,0.0166786,0.0166782,0.0166789,0.0032147,0.0032265,0.0031619,1.14e-05,0.0158638,0.0158675,0.0158674,0.015868,0.0158642,0.0158707,0.0158656,2.95e-05,0.0158669,0.0039045,0.0038882,0.0036855,0.0038706,0.0002527,0.0002574,0.0002578,0.0002143,0.0149415,0.0149383,0.0149401,0.0001667,0.0149452,0.0149414,0.0149517,0.0001057,0.0044277,0.0042349,0.0043853,0.0147943,0.0044765,0.0043241,0.0044532,0.0138697,0.0138735,0.0138753,0.0138759,0.0138758,0.0001131,0.013876,0.0138844,0.0049728,0.0048276,0.000116,0.0049211,0.0049182,0.0049101,0.0127362,0.0127371,0.0127395,0.0127355,0.0127397,0.0127442,0.0003053,0.0127588,0.0050583,0.0116837,0.0116957,0.0118302,0.011525,0.0003722,0.0108334,0.0067651,0.0109275,0.0109618,0.0058592,0.0001068,0.009778,0.0051956,0.0052075,0.0052548,0.0091059,-0.0043416,-0.0043363,-0.0043453,0.0041452,-0.008076,-0.008076
0.0321808,-0.0095762,-0.0451511,0.0123694,-0.0522216,-0.0009926,0.0015818,-0.0003564,-0.0003539,-0.0003438,-0.0463399,-0.0002345,-0.0002582,-0.0002111,-0.0432377,-0.0003134,-0.0001784,0.000657,-0.0002909,-0.0001678,-0.000289,0.0017039,0.0389277,0.0014466,-7.09e-05,0.0001372,0.0001373,0.0001372,0.000136,0.0001347,0.0006261,0.0001801,0.0355505,5e-06,0.0344678,0.0008658,0.0344682,0.001028,0.0010185,6.04e-05,0.0329567,0.0006572,1.6e-06,0.0325712,0.0001926,-0.0001977,0.0309712,0.0309711,0.0305609,0.030561,0.0301451,0.0013304,-2.69e-05,0.000371,0.0292842,1.7e-06,5.66e-05,-3.4e-06,0.0003433,0.0003641,-3.5e-06,-8e-07,0.0284082,0.0279609,0.027507,0.0002782,0.00028,0.0057875,4.3e-06,0.0002195,0.0084087,0.0260453,0.0261024,0.0002084,0.0002127,0.0256889,0.0001818,0.0001185,0.022952,-0.003253,-4.38e-05,-0.0029453,0.0012744,-2.92e-05,-0.0065581,-0.0008528,-0.0008745,-0.0008544,-0.0006757,0.0227101,0.0250447,-0.0007876,0.0240418,-0.0008147,0.024189,-0.0008082,-0.0008168,0.0227026,0.0078451,-0.001047,-0.0007555,-0.0008175,-7e-06,-0.000763,-0.0007662,0.0021269,-1.72e-05,-3.3e-06,0.0215626,0.0215679,0.0024061,7.61e-05,-0.0032105,5.02e-05,-0.0019712,0.0064401,-0.0011503,-0.0010731,0.0035529,-0.0049097,-3.08e-05,-7.7e-06,-3.04e-05,-0.0065282,-0.0011241,-0.001071,-0.0063026,5.19e-05,0.0191444,-0.0010529,-0.0074075,-2.9e-06,7.4e-05,-1.52e-05,7.2e-05,-0.0010755,-0.0010857,-0.003511,-0.0062708,-1.22e-05,5.24e-05,-0.0034698,-0.0064769,4.95e-05,-0.0034232,-0.0009884,-0.002148,-0.0009086,-0.0046682,-0.0033434,-0.0033444,-1.1e-05,-9.9e-06,-8.3e-06,1.9e-06,1.8e-06,-0.0009411,-0.0009305,-0.0174279,-4.9e-06,-4.9e-06,-0.0032274,-4.2e-06,-0.0171333,0.0047164,-4.3e-06,-0.0009288,-2.5e-06,-0.0019086,-0.0008485,1.11e-05,5e-07,-4.27e-05,1.24e-05,1.22e-05,-4.19e-05,3.6e-06,-0.0031115,-3.99e-05,1.53e-05,1.54e-05,5.4e-06,-0.0063015,-0.0003897,1.57e-05,-2.87e-05,-4.91e-05,1.54e-05,1.62e-05,-2.37e-05,1.82e-05,1.57e-05,-0.0030602,-0.0004421,-0.0152946,-1.77e-05,0.0045399,1.23e-05,9.4e-06,7.1e-06,-0.0017891,-0.0016916,-0.0002257,-0.0143757,-2.32e-05,5.32e-05,5.32e-05,5.32e-05,-6.32e-05,4.35e-05,-8.81e-05,-0.0143559,-0.0001138,-0.0001249,-0.000125,-0.0050079,0.0002122,-0.0039352,-0.006939,-0.0061553,-0.0006887,8.73e-05,0.0001191,0.0001224,0.004936,0.0001024,0.0001353,9.92e-05,0.0048653,0.0002344,0.0018687,9.03e-05,0.0001012,0.0001088,0.0017372,-6.9e-05,7.2e-05,5.23e-05,5.22e-05,7.05e-05,5.08e-05,0.0045498,9.23e-05,4.77e-05,-6.24e-05,0.0014895,0.0043615,-0.000207,-0.0002453,-0.0002454,4.58e-05,7.98e-05,4.27e-05,9.06e-05,7.13e-05,9.14e-05,-0.0054217,3.53e-05,0.0031887,4.01e-05,-1.39e-05,-4.76e-05,4.87e-05,0.0099509,-0.000832,0.0005811,-0.0001269,-0.0010336,0.0006416,-0.0047971,0.0017812,0.0005526,0.0006222,0.0006924,0.001239,0.0020593,0.0020571,0.0020608,0.0080209,0.0033513,0.0033513
-0.0057854,0.0064727,-0.0207611,-0.0509491,-0.0013536,-0.0492832,1.9e-06,-0.0506332,-0.0483493,-0.0480886,-0.0010376,-0.003226,-0.0049431,-0.0020654,-0.0009681,-0.0428962,-0.0020308,-5.82e-05,-0.0401667,-0.0018858,-0.0395342,1.66e-05,1.01e-05,-4.09e-05,-0.0372339,-0.0003303,-0.0003279,-0.0003294,-0.0003227,-0.0003197,0.036015,0.0039802,0.0009135,8.8e-06,0.0008658,0.0344573,0.0007793,0.0340885,0.033716,0.0088191,0.0001931,-8.46e-05,1e-07,0.0001843,0.008456,-0.0266111,-0.0002918,-0.0002948,-0.0002888,-0.0002896,-0.0002852,-0.025153,-0.0237401,1.3e-05,0.0003579,-0.000152,8e-06,5.5e-06,-0.0001037,3.17e-05,-5.19e-05,-0.0002144,0.0003452,0.0003457,0.0003411,5.91e-05,2.2e-06,-0.0202049,-3.38e-05,4.94e-05,0.0082122,0.0035745,0.0030818,4.47e-05,4.54e-05,0.0031965,4.24e-05,8.38e-05,0.0027012,-0.0013815,1.02e-05,-0.0011968,-0.025373,2.8e-06,-0.0070905,-0.0261016,-0.0001596,-0.0001723,-0.0252908,-0.010866,-0.0038118,-4.14e-05,-0.0051314,-5.94e-05,-0.0047923,-5.97e-05,-5.14e-05,-0.0044784,0.0224135,0.00352,-0.0002677,-0.0002423,7.4e-06,-0.0002555,-0.0002547,0.0167526,1.73e-05,8e-06,-0.0036726,-0.0036418,0.0163343,-7.9e-06,0.003231,-3.1e-06,0.0031038,-0.0016391,-0.0001571,-0.0001725,0.0033915,-0.0163755,-6.52e-05,1.29e-05,-6.32e-05,-0.000974,-0.0001526,-0.0001625,-0.0005528,5.2e-06,-0.0035351,-0.0001556,-0.0138683,1.51e-05,1e-06,-4.17e-05,2.8e-06,-0.0001407,-0.0001961,-0.0191888,-0.0009529,-3.98e-05,8.7e-06,-0.019179,-0.0010562,8.7e-06,-0.0191693,-0.0001414,-0.006635,0.0003209,-0.0015184,-0.0184982,-0.0184984,2.11e-05,2.09e-05,-3.13e-05,2.72e-05,2.72e-05,0.0002647,0.0003244,0.0030512,-3.19e-05,-3.04e-05,-0.0177617,-2.92e-05,0.0030143,0.0002431,-2.78e-05,0.0003186,-2.68e-05,-0.0057871,0.0007444,3.53e-05,-2.15e-05,4.6e-05,3.69e-05,3.7e-05,4.64e-05,-2.04e-05,-0.017125,4.73e-05,3.83e-05,3.82e-05,-1.89e-05,0.0016303,0.0006173,-2.37e-05,4.51e-05,4.81e-05,-4.57e-05,-4.34e-05,5e-05,-4.05e-05,-5.57e-05,-0.0163007,0.0006242,0.0010585,4.87e-05,-0.0085736,-4.48e-05,-5.5e-05,-6.26e-05,-0.0044568,-0.0040992,0.0013072,0.0008085,6.85e-05,6.58e-05,6.58e-05,6.61e-05,7.13e-05,1.59e-05,7.62e-05,0.0007779,7.81e-05,0.0012996,0.0012996,0.001498,0.0012302,-0.0134803,-0.0123157,-0.0127177,-0.0128091,1.26e-05,-3.88e-05,-4.32e-05,-0.010856,-2.13e-05,-9.6e-05,-1.06e-05,-0.007588,0.0011834,-0.0025211,0.0015007,-7.17e-05,0.0014602,-0.0022152,0.0018498,-7.48e-05,-2.95e-05,-2.86e-05,-5.7e-05,-2.62e-05,-0.0072162,-0.0001179,-1.56e-05,0.0017373,-0.0017442,-0.0072905,0.002107,0.0021267,0.0021268,-0.0001147,-0.0001318,-0.0001117,-0.0001381,-0.0001263,-0.0001347,-0.0103827,-0.0001439,0.0015251,-0.000141,-0.0001303,-6.59e-05,-0.0021615,-0.0009235,0.0019009,-0.0011845,-0.0016232,0.0027177,-0.0012708,-0.0051138,0.0023762,-0.001223,-0.0011908,-0.0011793,6.82e-05,-0.002417,-0.0024167,-0.0024171,0.0004474,-0.0003432,-0.0003432
0.0324053,-0.0093671,-0.0450049,0.0124837,-0.0522226,-0.0008845,0.0015898,-0.0002435,-0.0002461,-0.0002366,-0.0463415,-3.9e-05,-6.28e-05,-2.32e-05,-0.0432392,-0.0002132,6.9e-06,0.0006635,-0.000197,4.2e-06,-0.0001966,0.0017092,0.038931,0.0014529,1.61e-05,-1.82e-05,-1.82e-05,-1.82e-05,-1.8e-05,-1.78e-05,0.0005184,2.06e-05,0.0355515,4.4e-06,0.0344682,0.0007793,0.0344694,0.0009424,0.0009338,0.0001727,0.032961,0.0006632,1.6e-06,0.0325755,0.000301,-6.05e-05,0.0309752,0.0309751,0.0305648,0.0305649,0.0301489,0.0014603,-4.29e-05,0.000375,0.0292804,2.2e-06,5.66e-05,-3.3e-06,0.0003481,0.0003686,-3.4e-06,-2e-07,0.0284046,0.0279572,0.0275035,0.0002823,0.0002843,0.0057673,4.3e-06,0.0002196,0.0082874,0.0260574,0.0261156,0.0002129,0.0002171,0.0257099,0.0001863,0.0001213,0.0229722,-0.0031402,-4.4e-05,-0.0028328,0.0013632,-2.82e-05,-0.0064379,-0.0007908,-0.0008709,-0.0008506,-0.0005947,0.0227518,0.0250685,-0.000784,0.0240752,-0.0008113,0.0242199,-0.0008049,-0.0008136,0.0227314,0.0077901,-0.0010226,-0.0007537,-0.0008159,-7.4e-06,-0.0007613,-0.0007645,0.002148,-1.73e-05,-3.7e-06,0.0215931,0.0215984,0.0024265,7.57e-05,-0.0031282,4.98e-05,-0.0018878,0.006452,-0.0011493,-0.001072,0.0036326,-0.0048144,-3.1e-05,-8.1e-06,-3.06e-05,-0.0064403,-0.0011232,-0.00107,-0.0062181,5.15e-05,0.0191832,-0.0010519,-0.0073153,-3.4e-06,7.37e-05,-1.56e-05,7.17e-05,-0.0010747,-0.0010848,-0.0034681,-0.0061909,-1.26e-05,5.2e-05,-0.0034279,-0.0063971,4.92e-05,-0.0033823,-0.0009875,-0.0021337,-0.0009087,-0.004585,-0.0033046,-0.0033056,-1.12e-05,-1.01e-05,-8.7e-06,1.4e-06,1.3e-06,-0.0009412,-0.0009307,-0.0174516,-5.2e-06,-5.3e-06,-0.0031928,-4.5e-06,-0.0171622,0.0046421,-4.7e-06,-0.000929,-2.8e-06,-0.0018955,-0.0008497,1.07e-05,2e-07,-4.32e-05,1.19e-05,1.17e-05,-4.25e-05,3.3e-06,-0.0030752,-4.05e-05,1.48e-05,1.49e-05,5e-06,-0.0063124,-0.0003901,1.54e-05,-2.92e-05,-4.97e-05,1.51e-05,1.59e-05,-2.43e-05,1.8e-05,1.54e-05,-0.0030286,-0.0004425,-0.0153258,-1.82e-05,0.0045048,1.22e-05,9.4e-06,7.1e-06,-0.0017674,-0.0016715,-0.0002293,-0.0144071,-2.4e-05,5.26e-05,5.26e-05,5.26e-05,-6.4e-05,4.32e-05,-8.9e-05,-0.0143874,-0.0001147,-0.0001283,-0.0001284,-0.0050217,0.0002097,-0.0038779,-0.0068852,-0.0061005,-0.0006232,8.69e-05,0.0001185,0.0001219,0.0050019,0.0001023,0.0001357,9.91e-05,0.004834,0.0002321,0.0018887,8.6e-05,0.0001007,0.0001047,0.0017554,-7.55e-05,7.2e-05,5.2e-05,5.2e-05,7.01e-05,5.05e-05,0.0045205,9.26e-05,4.74e-05,-6.84e-05,0.0015045,0.0043322,-0.0002156,-0.0002537,-0.0002538,4.58e-05,7.97e-05,4.27e-05,9.05e-05,7.13e-05,9.13e-05,-0.0054231,3.56e-05,0.0031722,4.03e-05,-1.36e-05,-4.75e-05,6.03e-05,0.009924,-0.0008382,0.0005841,-0.0001173,-0.0010435,0.0006448,-0.0048221,0.0017667,0.0005556,0.0006252,0.0006952,0.0012352,0.0020651,0.0020629,0.0020666,0.0080014,0.0033462,0.0033462
-0.005561,0.0063567,-0.0207605,-0.0503362,-0.001599,-0.0487544,9e-06,-0.0500869,-0.0478277,-0.0475698,-0.0012571,-0.0031908,-0.0048894,-0.0020427,-0.0011729,-0.0424334,-0.0020083,-5.49e-05,-0.0397333,-0.0018649,-0.0391076,2.43e-05,0.0002038,-3.38e-05,-0.0368312,-0.0003272,-0.0003248,-0.0003264,-0.0003197,-0.0003168,0.035628,0.0039369,0.0010806,8.7e-06,0.001028,0.0340885,0.0009424,0.0337246,0.033356,0.008725,0.0003551,-8.09e-05,1e-07,0.0003445,0.0083664,-0.0263234,-0.0001344,-0.0001374,-0.0001335,-0.0001343,-0.000132,-0.0248735,-0.0234837,1.43e-05,0.0004998,-0.0001504,8.1e-06,5.4e-06,-0.0001013,3.27e-05,-5.14e-05,-0.0002121,0.0004829,0.0004811,0.0004744,5.95e-05,3.2e-06,-0.0199579,-3.34e-05,4.99e-05,0.0081644,0.0036656,0.0031785,4.48e-05,4.56e-05,0.00329,4.25e-05,8.33e-05,0.0027862,-0.001382,9.9e-06,-0.0011977,-0.0250918,2.6e-06,-0.0070456,-0.0258232,-0.0001626,-0.0001751,-0.0250202,-0.0106352,-0.0036458,-4.52e-05,-0.004956,-6.31e-05,-0.0046199,-6.34e-05,-5.53e-05,-0.0043168,0.0222099,0.0034766,-0.0002689,-0.0002441,7.3e-06,-0.0002569,-0.0002561,0.0165823,1.71e-05,7.9e-06,-0.0035254,-0.0034949,0.0161699,-7.4e-06,0.0031807,-2.8e-06,0.003061,-0.0015895,-0.0001615,-0.0001763,0.0033732,-0.0162222,-6.46e-05,1.27e-05,-6.26e-05,-0.0009953,-0.0001569,-0.0001664,-0.0005775,5.4e-06,-0.0034014,-0.0001595,-0.0137546,1.49e-05,1.4e-06,-4.13e-05,3.2e-06,-0.0001449,-0.0001997,-0.0189985,-0.0009732,-3.94e-05,8.9e-06,-0.0189886,-0.0010764,8.9e-06,-0.0189789,-0.0001451,-0.0065742,0.0003126,-0.0015246,-0.0183146,-0.0183148,2.08e-05,2.06e-05,-3.09e-05,2.69e-05,2.7e-05,0.0002568,0.0003159,0.0029313,-3.16e-05,-3.01e-05,-0.0175855,-2.89e-05,0.0028962,0.0002633,-2.75e-05,0.0003102,-2.65e-05,-0.0057342,0.0007319,3.5e-05,-2.12e-05,4.53e-05,3.66e-05,3.67e-05,4.57e-05,-2.01e-05,-0.0169551,4.66e-05,3.8e-05,3.79e-05,-1.86e-05,0.001581,0.0006084,-2.34e-05,4.45e-05,4.73e-05,-4.51e-05,-4.28e-05,4.94e-05,-3.99e-05,-5.5e-05,-0.0161395,0.000615,0.0009707,4.81e-05,-0.0084586,-4.42e-05,-5.43e-05,-6.18e-05,-0.0044177,-0.0040634,0.0012916,0.000728,6.77e-05,6.54e-05,6.54e-05,6.57e-05,7.02e-05,1.6e-05,7.5e-05,0.0006978,7.67e-05,0.0012846,0.0012847,0.0014566,0.0012177,-0.0133538,-0.0122168,-0.0126105,-0.0126736,1.29e-05,-3.78e-05,-4.21e-05,-0.0107137,-2.05e-05,-9.43e-05,-9.9e-06,-0.007482,0.0011716,-0.0024846,0.0014847,-7.03e-05,0.0014447,-0.0021827,0.0018292,-7.36e-05,-2.88e-05,-2.8e-05,-5.6e-05,-2.56e-05,-0.0071157,-0.0001161,-1.52e-05,0.001718,-0.001718,-0.0071902,0.0020829,0.0021023,0.0021024,-0.0001132,-0.00013,-0.0001102,-0.0001361,-0.0001245,-0.0001327,-0.0102975,-0.0001421,0.0015242,-0.0001393,-0.0001289,-6.54e-05,-0.0021378,-0.0008642,0.0018761,-0.0011686,-0.0016063,0.002683,-0.0012537,-0.0050826,0.0023592,-0.0012069,-0.0011746,-0.0011629,7.37e-05,-0.0023804,-0.0023802,-0.0023805,0.0004824,-0.0003229,-0.0003229
-0.005499,0.0062864,-0.0205359,-0.0497854,-0.0015841,-0.0482215,8.9e-06,-0.0495394,-0.0473049,-0.0470498,-0.0012456,-0.0031563,-0.0048363,-0.0020206,-0.0011622,-0.0419696,-0.0019867,-5.43e-05,-0.039299,-0.0018448,-0.0386802,2.41e-05,0.0002035,-3.34e-05,-0.0364286,-0.0003234,-0.000321,-0.0003226,-0.0003159,-0.0003131,0.0352387,0.0038941,0.0010705,8.6e-06,0.0010185,0.033716,0.0009338,0.033356,0.0329915,0.0086294,0.0003529,-8e-05,1e-07,0.0003423,0.0082747,-0.0260358,-0.0001314,-0.0001344,-0.0001305,-0.0001313,-0.0001291,-0.0246017,-0.0232269,1.42e-05,0.0004958,-0.0001487,8.1e-06,5.4e-06,-0.0001001,3.24e-05,-5.08e-05,-0.0002098,0.000479,0.0004772,0.0004705,5.88e-05,3.2e-06,-0.0197393,-3.3e-05,4.94e-05,0.0080757,0.0036268,0.0031451,4.44e-05,4.51e-05,0.0032552,4.2e-05,8.23e-05,0.0027568,-0.0013672,9.8e-06,-0.0011849,-0.0248175,2.6e-06,-0.0069691,-0.025541,-0.0001609,-0.0001732,-0.0247468,-0.0105179,-0.0036047,-4.48e-05,-0.0049007,-6.25e-05,-0.0045683,-6.28e-05,-5.48e-05,-0.0042685,0.0219675,0.0034385,-0.000266,-0.0002415,7.2e-06,-0.0002541,-0.0002534,0.0164011,1.69e-05,7.8e-06,-0.0034858,-0.0034556,0.0159932,-7.3e-06,0.0031457,-2.7e-06,0.0030273,-0.0015719,-0.0001598,-0.0001744,0.0033363,-0.0160452,-6.39e-05,1.26e-05,-6.2e-05,-0.0009849,-0.0001552,-0.0001646,-0.0005716,5.4e-06,-0.0033633,-0.0001578,-0.0136047,1.48e-05,1.4e-06,-4.08e-05,3.1e-06,-0.0001433,-0.0001976,-0.018791,-0.000963,-3.89e-05,8.8e-06,-0.0187813,-0.0010651,8.8e-06,-0.0187716,-0.0001436,-0.0065024,0.0003091,-0.0015083,-0.0181145,-0.0181148,2.06e-05,2.04e-05,-3.06e-05,2.66e-05,2.67e-05,0.000254,0.0003124,0.0028984,-3.12e-05,-2.98e-05,-0.0173934,-2.86e-05,0.0028638,0.0002608,-2.72e-05,0.0003068,-2.62e-05,-0.0056716,0.0007238,3.46e-05,-2.1e-05,4.48e-05,3.62e-05,3.63e-05,4.52e-05,-1.99e-05,-0.01677,4.61e-05,3.76e-05,3.75e-05,-1.84e-05,0.0015634,0.0006017,-2.31e-05,4.41e-05,4.68e-05,-4.46e-05,-4.24e-05,4.89e-05,-3.95e-05,-5.44e-05,-0.0159633,0.0006082,0.0009594,4.76e-05,-0.0083658,-4.37e-05,-5.37e-05,-6.11e-05,-0.0043695,-0.0040191,0.0012775,0.0007194,6.7e-05,6.47e-05,6.47e-05,6.49e-05,6.94e-05,1.58e-05,7.42e-05,0.0006895,7.59e-05,0.0012706,0.0012706,0.0014404,0.0012044,-0.0132081,-0.0120836,-0.012473,-0.0125352,1.28e-05,-3.73e-05,-4.16e-05,-0.0105964,-2.03e-05,-9.32e-05,-9.8e-06,-0.0073999,0.0011588,-0.0024574,0.0014684,-6.96e-05,0.0014289,-0.0021588,0.0018092,-7.28e-05,-2.85e-05,-2.77e-05,-5.54e-05,-2.53e-05,-0.0070377,-0.0001148,-1.5e-05,0.0016992,-0.0016992,-0.0071114,0.0020602,0.0020793,0.0020794,-0.0001119,-0.0001285,-0.000109,-0.0001346,-0.0001232,-0.0001312,-0.0101851,-0.0001405,0.0015077,-0.0001377,-0.0001275,-6.47e-05,-0.0021145,-0.0008542,0.0018555,-0.0011558,-0.0015888,0.0026536,-0.0012399,-0.0050272,0.0023336,-0.0011937,-0.0011618,-0.0011502,7.3e-05,-0.0023543,-0.0023541,-0.0023544,0.0004775,-0.0003192,-0.0003192
0.0436041,0.0510336,0.0158766,-0.016761,-0.0002727,-0.0154242,-4.65e-05,-0.0160887,-0.0153449,-0.0152611,-0.0002608,0.0399884,0.0386028,0.039285,-0.0002519,-0.0126135,0.03875,-5.02e-05,-0.0118149,0.0359583,-0.0116283,-0.0002252,-5.15e-05,-1.19e-05,-0.0109534,-0.0341329,-0.0341322,-0.0341326,-0.0338143,-0.0334937,0.0054708,-0.0315394,0.0002172,-0.0001337,6.04e-05,0.0088191,0.0001727,0.008725,0.0086294,0.031535,0.0004161,0.0001105,-1e-07,0.000409,0.0304152,0.0085305,-1.11e-05,-1.15e-05,-1.16e-05,-1.09e-05,-1.33e-05,0.0080645,-0.0225758,-0.000141,-0.0011536,-3.02e-05,1e-06,1.2e-06,-2.43e-05,2.4e-06,-1.03e-05,-4.26e-05,-0.0011167,-0.0010964,-0.001062,-8.1e-06,-1.68e-05,-0.020758,-3.42e-05,4.64e-05,-0.0200001,0.0049641,0.004803,9.37e-05,8.05e-05,0.0065858,9.66e-05,6.93e-05,0.0057067,0.0235179,-6.9e-06,0.0236052,-0.0010752,0.0002722,0.0206265,-0.0074531,-0.0002225,-0.0001684,-0.0026693,-0.0001447,0.0015702,-0.0001094,0.0026192,-0.0001631,0.0023401,-0.0001631,-0.0001619,0.002177,0.0058493,0.0074114,-0.000617,-0.0006097,-1.9e-05,-0.000605,-0.0006052,0.0179818,7.78e-05,-1.86e-05,0.0032172,0.0032287,0.0174799,-8.3e-06,0.0205752,-1.19e-05,0.0206957,0.0004254,-0.0006309,-0.0006204,0.0199712,0.0077171,-1.47e-05,-1.55e-05,-1.48e-05,0.0184741,-0.0006197,-0.0006066,0.0180772,1.1e-06,0.0051856,-0.000592,0.0090967,-1.22e-05,8.1e-06,-3.12e-05,7.9e-06,-0.0005883,-0.0006063,-0.0059866,0.0167531,-2.9e-05,5.1e-06,-0.0062045,0.016659,5.4e-06,-0.0063938,-0.0005528,-0.0027844,-0.0003941,0.0170014,-0.0063585,-0.0063541,4.57e-05,4.49e-05,-2.81e-05,-7.2e-06,-7.3e-06,-0.0004165,-0.0003951,-0.0023105,-2.59e-05,-2.56e-05,-0.0066546,-2.41e-05,-0.0034986,-0.0160865,-2.27e-05,-0.000389,-2.16e-05,-0.002337,-0.0002489,5e-07,-1.82e-05,-1.1e-05,1.2e-06,1.1e-06,-1.09e-05,-1.71e-05,-0.0058164,-1.01e-05,2.3e-06,2.3e-06,-1.56e-05,-0.0014756,-0.0001407,-1.25e-05,-6.4e-06,-1.1e-05,-1.86e-05,-1.76e-05,-3.8e-06,-1.64e-05,-2.11e-05,-0.0061616,-0.0001547,-0.0056115,-7e-06,-0.0146382,2.58e-05,2.74e-05,2.85e-05,0.0006349,0.0005804,-0.0002636,-0.0058786,-2.05e-05,1e-05,1e-05,9.9e-06,-3.65e-05,1.94e-05,-4.73e-05,-0.005939,-5.88e-05,-0.0002257,-0.0002258,-0.0022015,-7.54e-05,0.001691,0.0019344,0.0018089,0.0039515,3.05e-05,-5.5e-05,-6.37e-05,0.0054905,6.13e-05,9.89e-05,5.7e-05,-0.0130296,-5.96e-05,0.0018069,-0.0002224,-6.51e-05,-0.000201,0.0016558,-0.0004015,5.92e-05,3.66e-05,3.64e-05,-1.25e-05,4.01e-05,-0.0122765,8.68e-05,3.59e-05,-0.0003752,0.0013815,-0.0123211,-0.0006147,-0.0005669,-0.000567,5.36e-05,1.11e-05,5.68e-05,-2.1e-06,2.11e-05,-4.8e-06,-0.0085647,8.31e-05,-0.0028185,7.62e-05,0.0001113,0.000113,0.0006464,-0.0068415,-5.5e-06,4.37e-05,0.0005893,-0.0001171,2.86e-05,-0.0094499,-0.0014246,-4.5e-06,2.86e-05,-8.6e-06,-0.0005726,-0.0004252,-0.0004241,-0.000426,-0.0040421,-0.0016134,-0.0016134
0.0316961,-0.0084033,-0.0424346,0.012711,-0.0499338,-9.65e-05,0.0015284,0.0005367,0.0004998,0.0005049,-0.044314,0.0005612,0.0005533,0.0005443,-0.0413476,0.0004618,0.0005653,0.0006418,0.0004348,0.0005225,0.0004254,0.001638,0.0372409,0.0013967,0.0005932,-0.0004683,-0.0004683,-0.0004683,-0.000464,-0.0004596,-0.0001316,-0.0004803,0.0339942,2.3e-06,0.0329567,0.0001931,0.032961,0.0003551,0.0003529,0.0004161,0.0315328,0.0006428,1.6e-06,0.0311641,0.0005309,0.0005743,0.0296369,0.0296368,0.0292442,0.0292443,0.0288463,0.0019944,0.0001184,0.0003613,0.0279877,4.7e-06,5.41e-05,-3.2e-06,0.0003393,0.0003566,-2.3e-06,3.4e-06,0.0271506,0.0267229,0.0262894,0.0002732,0.0002761,0.0056321,4.3e-06,0.0002097,0.0075001,0.0249239,0.024987,0.0002083,0.0002121,0.0246205,0.0001829,0.0001181,0.0220014,-0.002662,-4.26e-05,-0.0023703,0.0017834,-2.36e-05,-0.0057442,-0.0003485,-0.0008289,-0.0008085,-0.0001126,0.0219743,0.0240763,-0.0007466,0.0231657,-0.0007732,0.0232939,-0.000767,-0.0007755,0.0218617,0.0070944,-0.000944,-0.0007203,-0.0007803,-7.9e-06,-0.0007278,-0.0007309,0.0019698,-1.62e-05,-4.3e-06,0.020771,0.0207756,0.0022376,7.21e-05,-0.0027796,4.72e-05,-0.0015889,0.0062129,-0.0011013,-0.001027,0.0036767,-0.0041835,-2.89e-05,-8.6e-06,-2.86e-05,-0.0058944,-0.0010764,-0.0010252,-0.0056954,4.88e-05,0.0184894,-0.0010079,-0.0066062,-4.1e-06,7.02e-05,-1.49e-05,6.83e-05,-0.0010301,-0.0010388,-0.0030245,-0.0056793,-1.2e-05,4.93e-05,-0.0029892,-0.0058758,4.66e-05,-0.0029482,-0.0009462,-0.0019465,-0.0008777,-0.0041287,-0.0028865,-0.0028874,-1.09e-05,-9.8e-06,-8.4e-06,4e-07,3e-07,-0.0009081,-0.000899,-0.0167849,-5.1e-06,-5.1e-06,-0.0027978,-4.4e-06,-0.0165232,0.0042204,-4.6e-06,-0.0008973,-2.8e-06,-0.0017293,-0.0008278,9.2e-06,0,-4.28e-05,1.04e-05,1.02e-05,-4.21e-05,2.9e-06,-0.0026864,-4.01e-05,1.31e-05,1.32e-05,4.6e-06,-0.0060875,-0.0003844,1.46e-05,-2.92e-05,-4.89e-05,1.48e-05,1.55e-05,-2.46e-05,1.74e-05,1.52e-05,-0.0026625,-0.000435,-0.0147567,-1.88e-05,0.0042801,1.25e-05,1.01e-05,8.1e-06,-0.0015931,-0.0015089,-0.0002458,-0.0138766,-2.49e-05,4.88e-05,4.88e-05,4.88e-05,-6.35e-05,4.09e-05,-8.76e-05,-0.013858,-0.0001124,-0.0001486,-0.0001487,-0.0048602,0.0001782,-0.0034245,-0.0063207,-0.0055639,-0.0002937,8.29e-05,0.0001129,0.0001161,0.0050698,9.87e-05,0.0001325,9.53e-05,0.0045974,0.0002005,0.0018822,5.24e-05,9.63e-05,7.14e-05,0.0017467,-0.0001113,7.05e-05,5.02e-05,5.02e-05,6.74e-05,4.88e-05,0.0043003,9.14e-05,4.56e-05,-0.0001022,0.0014937,0.0041211,-0.0002533,-0.0002896,-0.0002896,4.61e-05,7.83e-05,4.32e-05,8.86e-05,7.03e-05,8.92e-05,-0.0051004,3.73e-05,0.002969,4.17e-05,-9.6e-06,-4.32e-05,0.000109,0.0094198,-0.000838,0.0005808,-7.18e-05,-0.0010519,0.0006403,-0.00464,0.0016255,0.0005536,0.0006201,0.0006863,0.0011716,0.0020155,0.0020134,0.0020169,0.0075914,0.0031868,0.0031868
0.0007334,-0.0023375,0.0053575,0.0133362,0.0006028,-0.0161669,0.0494988,9.24e-05,8.85e-05,8.79e-05,0.0001817,0.0002333,0.0002319,0.0002252,0.0001616,8.43e-05,0.0002219,0.0393561,8.62e-05,0.0002066,8.48e-05,0.0378476,0.0002552,0.0372369,9.31e-05,-0.0001533,-0.0001533,-0.0001533,-0.0001519,-0.0001505,-0.0001105,-0.0001579,0.0006659,0.000444,0.0006572,-8.46e-05,0.0006632,-8.09e-05,-8e-05,0.0001105,0.0006428,0.031525,0.0004279,0.0007678,0.000117,0.0001528,0.0007313,0.0007298,0.0007229,0.0007182,0.000712,0.0001745,-8.7e-06,0.0284393,0.0007335,0.0003379,0.0003702,0.0003728,0.0276131,0.027613,0.0002293,0.0001986,0.0008169,0.0008112,0.0007938,0.0263184,0.0263186,0.0001399,6.74e-05,4.03e-05,8.25e-05,0.0008538,0.0008588,0.0254168,0.025417,0.000943,0.0254153,0.0167713,0.0119019,0.0001094,-0.0012192,0.0001251,0.0001515,-0.0012582,-6.71e-05,-2.48e-05,0.0247356,0.0247385,4.65e-05,0.0014885,0.0015936,0.0242799,0.0015686,0.0238072,0.0015763,0.0238077,0.0233259,0.0014881,0.0003688,0.0210403,0.0223256,0.0218082,-0.0020194,0.0218078,0.0218079,0.0006502,-0.0020718,-0.0020589,0.0014825,0.0014805,0.0006526,-0.0020254,0.0004716,-0.0020018,0.0005428,0.019883,0.0207034,0.0207096,0.0010077,3.33e-05,-0.0020867,-0.0020793,-0.0020826,0.0002058,0.0201425,0.0201467,0.0002048,-0.0021029,0.0017351,0.0195765,-0.0001069,-0.0020525,-0.0020618,-0.0020518,-0.0020528,0.0189748,0.0189743,-0.0003322,0.000163,-0.0020606,-0.0020616,-0.0003373,0.0001459,-0.002043,-0.0003408,0.0183714,0.0171502,0.0183745,0.0002972,9.24e-05,9.25e-05,-0.0020629,-0.0020789,-0.0020641,-0.0020611,-0.0020589,0.0177377,0.0177373,-0.0011476,-0.0020498,-0.0020442,7.26e-05,-0.0020498,-0.001165,-0.0002274,-0.0020458,0.0170801,-0.002076,0.0160942,0.0170696,-0.0020415,-0.0020329,-0.0020556,-0.002034,-0.0020302,-0.0020412,-0.002033,0.0004835,-0.0020469,-0.0020258,-0.0020282,-0.0020304,0.0149582,0.0157048,-0.0020316,-0.002018,-0.0020375,-0.0020169,-0.0020291,-0.0020132,-0.0020177,-0.0020232,0.000442,0.0156666,-0.0006725,-0.0020763,0.0002123,-0.0020798,-0.0020822,-0.0020769,0.0148779,0.0149967,0.0148595,-0.0006357,-0.0022251,-0.0022008,-0.002201,-0.0021978,-0.002223,-0.0021825,-0.0022141,-0.0006405,-0.002206,0.0147126,0.0147162,0.013576,0.0147387,0.0012002,0.0010797,0.0011176,0.0012473,-0.0026678,-0.0026821,-0.0026739,0.0013069,-0.0026479,-0.0026581,-0.0026177,0.0002633,0.0137945,0.0133698,0.0137652,-0.003289,0.0137462,0.0134524,0.0136865,-0.0033876,-0.0033771,-0.0033709,-0.0033691,-0.0033689,0.0002538,-0.0033613,-0.003339,0.0126674,0.0125621,0.0002571,0.0125983,0.0125988,0.0126015,-0.0039111,-0.0039086,-0.0039018,-0.0039126,-0.0039011,-0.0038884,0.000734,-0.0038452,0.0109083,-0.0039093,-0.0038779,-0.0035109,0.0038768,0.0007973,0.0055346,-0.0096897,0.005454,0.0048632,-0.0101948,-8.48e-05,0.0043712,-0.0093806,-0.0093719,-0.009345,-0.0061583,-0.0081346,-0.0081377,-0.0081325,-0.0001061,0.0045481,0.0045481
1e-05,-1.27e-05,6.41e-05,0.0001292,1.45e-05,-0.0001624,0.0004928,-6e-07,-5e-07,-5e-07,9.3e-06,9.6e-06,9.4e-06,9.4e-06,8.6e-06,-2e-07,9.2e-06,0.0003919,-2e-07,8.6e-06,-1e-07,0.0003767,-3.8e-06,0.0003707,0,-7.7e-06,-7.7e-06,-7.7e-06,-7.6e-06,-7.5e-06,-1.2e-06,-7.4e-06,9e-07,0.0329256,1.6e-06,1e-07,1.6e-06,1e-07,1e-07,-1e-07,1.6e-06,0.0004279,0.030798,3.8e-06,0,0,3.6e-06,3.6e-06,3.6e-06,3.5e-06,3.5e-06,1e-07,0,0.0004949,4.3e-06,0.0272993,0.0272996,0.0272996,0.0008604,0.0008646,0.0268827,0.0268818,1.21e-05,1.21e-05,1.18e-05,0.0011178,0.0011197,1.29e-05,0.0255911,0.0251447,-3e-07,2.3e-05,2.34e-05,0.0013756,0.0013708,2.77e-05,0.0013688,0.0191322,0.0014634,8.6e-06,0.0246457,9.7e-06,1.65e-05,0.0246416,7.1e-06,4e-06,0.0035087,0.0035001,1.16e-05,0.0001203,0.0001259,0.0034287,0.0001263,0.0033584,0.0001274,0.0033554,0.0032829,0.0001216,2.09e-05,0.0029957,0.0031384,0.0030643,0.021657,0.0030923,0.0030898,7.14e-05,0.0211241,0.0211256,0.0001256,0.0001253,7.28e-05,0.0205883,6.75e-05,0.0205911,7.32e-05,0.002908,0.0030241,0.0030201,0.0001178,2.04e-05,0.020027,0.0200278,0.0200274,4.49e-05,0.0029952,0.0029959,4.4e-05,0.0194544,0.0001727,0.0029236,1.22e-05,0.0188721,0.0188708,0.0188723,0.0188719,0.0029002,0.0028967,-2.4e-05,3.87e-05,0.0182648,0.0182644,-2.34e-05,3.72e-05,0.0182668,-2.4e-05,0.0028487,0.0026898,0.0028467,5.27e-05,3.7e-05,3.7e-05,0.0176364,0.0176342,0.0176362,0.0176365,0.0176368,0.0028086,0.0028092,-0.0001054,0.0169868,0.0169875,3.74e-05,0.0169868,-0.0001084,-4.47e-05,0.0169873,0.0027497,0.0169835,0.0026353,0.0027607,0.0163113,0.0163126,0.0163094,0.0163123,0.0163128,0.0163115,0.0163126,0.0001047,0.0163106,0.0163134,0.0163131,0.0163129,0.0026361,0.0027016,0.0156069,0.015609,0.0156062,0.0156091,0.0156072,0.0156096,0.0156089,0.015608,0.000113,0.0029191,-2.07e-05,0.0156008,3.58e-05,0.0156001,0.0155997,0.0156005,0.0030214,0.0030319,0.0029604,-1.51e-05,0.0148376,0.0148412,0.0148411,0.0148417,0.0148379,0.0148443,0.0148392,1.6e-06,0.0148403,0.0036551,0.0036398,0.0034413,0.0036241,0.0002626,0.0002666,0.000267,0.0002353,0.013975,0.0139717,0.0139734,0.0001945,0.0139787,0.0139754,0.0139847,5.23e-05,0.004145,0.0039774,0.0041042,0.0138368,0.0041896,0.0040599,0.0041664,0.0129724,0.0129759,0.0129775,0.012978,0.012978,6.2e-05,0.0129785,0.0129861,0.0046523,0.0045286,6.46e-05,0.0046024,0.0045998,0.0045923,0.011912,0.0119127,0.0119151,0.0119112,0.0119152,0.0119193,0.000263,0.0119333,0.0047211,0.0109277,0.010939,0.0110649,0.0107874,0.0003193,0.0101329,0.0063259,0.0102282,0.0102512,0.0054785,6.6e-05,0.0091383,0.0048578,0.0048691,0.0049132,0.0085124,-0.0040629,-0.0040579,-0.0040663,0.0038586,-0.0075591,-0.0075591
0.0313253,-0.0083171,-0.0419094,0.0126267,-0.049343,-0.0001544,0.0017186,0.0005399,0.000503,0.0005081,-0.0437912,0.0005547,0.0005472,0.0005378,-0.0408598,0.0004644,0.0005585,0.0007997,0.0004373,0.0005162,0.0004279,0.0017779,0.0368034,0.0015369,0.0005933,-0.0004621,-0.0004622,-0.0004621,-0.0004579,-0.0004535,-0.0001368,-0.0004748,0.0335965,4.6e-06,0.0325712,0.0001843,0.0325755,0.0003445,0.0003423,0.000409,0.0311641,0.0007678,3.8e-06,0.0308003,0.0005226,0.0005723,0.029291,0.0292909,0.0289029,0.028903,0.0285096,0.0019756,0.0001218,0.0004766,0.0276611,6.4e-06,5.54e-05,-1.3e-06,0.0004514,0.0004685,-1e-06,4.6e-06,0.0268342,0.0264116,0.0259831,0.0003807,0.0003835,0.0055705,4.9e-06,0.0002077,0.0074115,0.0246331,0.0246957,0.0003127,0.0003165,0.0243337,0.0002877,0.0001875,0.0217917,-0.0026308,-4.69e-05,-0.0023425,0.0017674,-2.83e-05,-0.0056764,-0.0003398,-0.000715,-0.0006948,-0.0001067,0.0217237,0.0238,-0.0006357,0.0229003,-0.0006639,0.0230269,-0.0006578,-0.0006683,0.0216112,0.0070083,-0.0008452,-0.0006179,-0.0006793,-1.6e-05,-0.0006274,-0.0006305,0.0019459,-2.44e-05,-1.27e-05,0.0205331,0.0205377,0.0022106,6.3e-05,-0.0027462,3.85e-05,-0.0015692,0.0062236,-0.0010012,-0.0009277,0.0036363,-0.0041315,-3.71e-05,-1.7e-05,-3.67e-05,-0.0058246,-0.000979,-0.0009283,-0.005628,3.96e-05,0.0182794,-0.0009136,-0.0065268,-1.24e-05,6.1e-05,-2.3e-05,5.91e-05,-0.0009381,-0.0009467,-0.0029868,-0.0056121,-2.03e-05,4.03e-05,-0.0029519,-0.0058064,3.77e-05,-0.0029115,-0.0008578,-0.0018502,-0.0007901,-0.0040792,-0.0028487,-0.0028496,-1.92e-05,-1.82e-05,-1.68e-05,-8.1e-06,-8.2e-06,-0.0008228,-0.0008138,-0.0165925,-1.34e-05,-1.34e-05,-0.0027613,-1.28e-05,-0.0163339,0.0041703,-1.29e-05,-0.0008149,-1.13e-05,-0.0016402,-0.0007463,7e-07,-8.3e-06,-5.07e-05,1.9e-06,1.7e-06,-4.99e-05,-5.4e-06,-0.0026496,-4.8e-05,4.7e-06,4.8e-06,-3.8e-06,-0.0059531,-0.0003139,6.1e-06,-3.72e-05,-5.67e-05,6.3e-06,7e-06,-3.26e-05,8.9e-06,6.8e-06,-0.0026263,-0.000364,-0.0145857,-2.71e-05,0.0042325,3.9e-06,1.4e-06,-6e-07,-0.001511,-0.0014274,-0.0001806,-0.0137158,-3.38e-05,3.92e-05,3.92e-05,3.92e-05,-7.19e-05,3.14e-05,-9.57e-05,-0.0136974,-0.0001202,-8.52e-05,-8.52e-05,-0.004746,0.0002379,-0.0033768,-0.0062397,-0.0054916,-0.000283,7.09e-05,0.0001005,0.0001037,0.0050173,8.66e-05,0.00012,8.34e-05,0.0045461,0.000256,0.0019167,0.0001094,8.15e-05,0.0001281,0.0017831,-5.27e-05,5.56e-05,3.56e-05,3.56e-05,5.26e-05,3.43e-05,0.0042524,7.64e-05,3.12e-05,-4.79e-05,0.0015293,0.0040753,-0.0001977,-0.0002335,-0.0002335,2.93e-05,6.11e-05,2.64e-05,7.13e-05,5.32e-05,7.2e-05,-0.0050352,2.09e-05,0.0029798,2.49e-05,-2.56e-05,-5.73e-05,0.0001245,0.0093126,-0.000805,0.0005335,-4.76e-05,-0.0010194,0.0005901,-0.0045845,0.0016245,0.0005079,0.0005736,0.0006392,0.001132,0.0019579,0.0019558,0.0019594,0.0075016,0.0031684,0.0031684
0.042212,0.0491957,0.0151784,-0.0160368,-0.0004661,-0.0148092,-2.67e-05,-0.0154417,-0.0147278,-0.0146473,-0.0004321,0.0385912,0.037257,0.0379106,-0.0004114,-0.0121011,0.0373945,-3.63e-05,-0.011335,0.0347004,-0.0111559,-0.0002015,0.0001034,3.2e-06,-0.0105076,-0.0329354,-0.0329348,-0.0329351,-0.0326279,-0.0323186,0.0052215,-0.0304399,0.0003481,-0.0001289,0.0001926,0.008456,0.000301,0.0083664,0.0082747,0.0304152,0.0005309,0.000117,0,0.0005226,0.0293358,0.0082751,0.0001118,0.0001113,0.0001097,0.0001103,0.0001064,0.007829,-0.021745,-0.0001277,-0.0009984,-2.88e-05,1.2e-06,1.2e-06,-1.52e-05,1.04e-05,-9.8e-06,-4.07e-05,-0.0009662,-0.0009484,-0.000917,-4e-07,-8.7e-06,-0.0199739,-3.29e-05,4.55e-05,-0.0192796,0.0048868,0.0047323,9.73e-05,8.46e-05,0.0064509,1e-04,7.13e-05,0.0055953,0.022683,-7.2e-06,0.0227682,-0.0009902,0.0002622,0.0198895,-0.0071517,-0.0002119,-0.0001596,-0.0025363,-3.19e-05,0.0016204,-0.0001027,0.0026309,-0.0001547,0.0023616,-0.0001547,-0.0001537,0.0021978,0.0056378,0.0071467,-0.0005925,-0.0005858,-1.88e-05,-0.0005811,-0.0005813,0.0173321,7.45e-05,-1.85e-05,0.0031957,0.0032068,0.0168496,-8.2e-06,0.0198361,-1.18e-05,0.0199574,0.0004433,-0.000608,-0.0005976,0.0192797,0.0074546,-1.47e-05,-1.55e-05,-1.48e-05,0.0178026,-0.0005972,-0.0005844,0.0174197,7e-07,0.0050855,-0.0005704,0.0087718,-1.23e-05,7.6e-06,-3.06e-05,7.4e-06,-0.0005671,-0.0005844,-0.0057587,0.0161429,-2.85e-05,4.6e-06,-0.0059688,0.0160514,4.9e-06,-0.0061513,-0.0005326,-0.0026801,-0.0003799,0.0163897,-0.0061179,-0.0061137,4.35e-05,4.27e-05,-2.76e-05,-7.5e-06,-7.6e-06,-0.0004017,-0.0003812,-0.0023034,-2.55e-05,-2.51e-05,-0.0064044,-2.37e-05,-0.0034487,-0.0155045,-2.24e-05,-0.0003754,-2.13e-05,-0.0022491,-0.0002406,0,-1.81e-05,-1.14e-05,6e-07,6e-07,-1.12e-05,-1.7e-05,-0.0055961,-1.05e-05,1.7e-06,1.7e-06,-1.55e-05,-0.0014478,-0.0001345,-1.24e-05,-6.9e-06,-1.13e-05,-1.83e-05,-1.74e-05,-4.3e-06,-1.62e-05,-2.07e-05,-0.0059304,-0.0001482,-0.0054768,-7.4e-06,-0.0140929,2.45e-05,2.6e-05,2.71e-05,0.0006166,0.0005639,-0.0002539,-0.0057306,-2.05e-05,9.2e-06,9.2e-06,9.1e-06,-3.62e-05,1.84e-05,-4.67e-05,-0.0057887,-5.78e-05,-0.0002169,-0.000217,-0.0021432,-7.04e-05,0.001639,0.0018601,0.0017428,0.0038319,2.91e-05,-5.32e-05,-6.15e-05,0.0053358,5.9e-05,9.55e-05,5.48e-05,-0.0125411,-5.52e-05,0.0017584,-0.0002134,-6.31e-05,-0.0001927,0.0016116,-0.0003875,5.67e-05,3.47e-05,3.46e-05,-1.25e-05,3.81e-05,-0.0118162,8.35e-05,3.41e-05,-0.0003621,0.0013448,-0.0118598,-0.0005944,-0.0005485,-0.0005486,5.12e-05,1.03e-05,5.42e-05,-2.4e-06,1.99e-05,-5e-06,-0.0082683,7.97e-05,-0.0027071,7.3e-05,0.0001066,0.0001081,0.0006284,-0.0065609,-1.04e-05,4.41e-05,0.0005722,-0.0001204,2.98e-05,-0.009129,-0.0013706,-2.4e-06,2.98e-05,-5.9e-06,-0.0005493,-0.0004002,-0.0003991,-0.0004009,-0.0038696,-0.001542,-0.001542
0.0286175,0.0207213,0.0264211,0.0376207,0.000243,0.0365882,1.13e-05,0.0374783,0.0357971,0.0356048,5.74e-05,0.023879,0.0247095,0.0224582,4.91e-05,0.0322842,0.022147,4.65e-05,0.0302278,0.0205526,0.0297521,-9.65e-05,0.0005913,6.31e-05,0.0280233,-0.0175868,-0.0175887,-0.0175874,-0.0174267,-0.0172614,-0.0297824,-0.0201358,-0.0001414,-7.79e-05,-0.0001977,-0.0266111,-6.05e-05,-0.0263234,-0.0260358,0.0085305,0.0005743,0.0001528,0,0.0005723,0.0082751,0.0285994,0.0007582,0.0007606,0.0007485,0.0007496,0.0007377,0.0270575,0.0096962,-7.29e-05,-0.000457,0.0001222,-5.7e-06,-4.4e-06,9.34e-05,-1.5e-05,4.17e-05,0.0001722,-0.0004402,-0.0004372,-0.0004224,-4.7e-05,0,0.0075369,1.28e-05,-1.69e-05,-0.0177933,-0.0002199,0.0001434,1.81e-05,1.05e-05,0.0009671,2.12e-05,-3.37e-05,0.0009141,0.0135258,-1.39e-05,0.0134089,0.0224662,0.0001393,0.0171342,0.01975,1.99e-05,6.02e-05,0.0215247,0.0101442,0.0046836,-2.67e-05,0.0064139,-3.91e-05,0.0059625,-3.86e-05,-4.58e-05,0.0055684,-0.0171333,0.0006803,-8.74e-05,-0.0001077,-1.72e-05,-9.25e-05,-9.33e-05,-0.0057334,2.43e-05,-1.75e-05,0.0053645,0.0053426,-0.0056126,3.5e-06,0.0078015,-3.1e-06,0.008,0.0018179,-0.0002017,-0.0001811,0.0074485,0.0188151,5.04e-05,-2.04e-05,4.86e-05,0.0104601,-0.0001997,-0.000183,0.0098737,-3.8e-06,0.0062325,-0.0001814,0.0172243,-2.06e-05,4e-06,2.07e-05,2.3e-06,-0.0001935,-0.0001528,0.0142068,0.0095431,2.02e-05,-4.9e-06,0.0140844,0.0095842,-4.8e-06,0.0139772,-0.000173,0.0045271,-0.0005077,0.0102119,0.0133885,0.013391,4.2e-06,3.9e-06,1.3e-05,-2.89e-05,-2.9e-05,-0.0004692,-0.000512,-0.004259,1.48e-05,1.36e-05,0.0125673,1.33e-05,-0.0048435,-0.0085751,1.27e-05,-0.0005036,1.25e-05,0.0039962,-0.0008151,-3.21e-05,9.4e-06,-4.87e-05,-3.31e-05,-3.33e-05,-4.89e-05,9.1e-06,0.0124312,-4.93e-05,-3.38e-05,-3.37e-05,8.5e-06,-0.0023498,-0.000636,1.47e-05,-4.52e-05,-5.06e-05,3.14e-05,2.99e-05,-4.82e-05,2.79e-05,3.92e-05,0.0115036,-0.0006505,-0.0041475,-4.86e-05,0.0001764,5.38e-05,6.39e-05,7.13e-05,0.0043491,0.0039978,-0.0013236,-0.0040459,-7.38e-05,-5.41e-05,-5.41e-05,-5.44e-05,-8.53e-05,-4.1e-06,-9.59e-05,-0.0040495,-0.000104,-0.0012953,-0.0012954,-0.0025897,-0.0011482,0.0130475,0.0120705,0.0123819,0.0136758,5.3e-06,7.7e-06,7.1e-06,0.0128019,5.25e-05,0.0001405,4.05e-05,0.0001309,-0.0010973,0.0032665,-0.0014727,3.17e-05,-0.0014245,0.0029079,-0.0018857,9.92e-05,4.59e-05,4.51e-05,4.55e-05,4.48e-05,0.0001833,0.000153,3.29e-05,-0.0017701,0.0023327,0.0002244,-0.0022332,-0.0022267,-0.0022268,0.0001319,0.0001257,0.0001308,0.0001246,0.0001258,0.0001202,0.0048395,0.0001737,-0.0028062,0.0001676,0.0001753,0.0001174,0.0023006,-0.0025875,-0.0017388,0.0011041,0.0017801,-0.0025413,0.0011753,-0.0003925,-0.0028717,0.0011134,0.0011026,0.0010738,-0.0003435,0.0020002,0.0020005,0.0019999,-0.0023949,-0.0004792,-0.0004792
0.0294428,-0.0084721,-0.0397852,0.0127372,-0.046917,0.0005476,0.0016368,0.00123,0.0011624,0.0011635,-0.0416397,0.0001803,0.0002055,0.0001581,-0.0388523,0.0010389,0.0001825,0.0007631,0.0009752,0.0001674,0.0009574,0.0016943,0.0350075,0.0014637,0.0010827,-0.0001089,-0.0001089,-0.0001089,-0.000108,-0.0001069,-0.0005824,-0.0001936,0.0319445,5.6e-06,0.0309712,-0.0002918,0.0309752,-0.0001344,-0.0001314,-1.11e-05,0.0296369,0.0007313,3.6e-06,0.029291,0.0001118,0.0007582,0.0278647,0.0278646,0.0274955,0.0274956,0.0271214,0.0020812,0.0005958,0.0004555,0.0263181,8.1e-06,5.26e-05,-1.3e-06,0.0004317,0.0004462,-2e-07,7.2e-06,0.0255314,0.0251292,0.0247213,0.0003624,0.0003658,0.0057219,5.3e-06,0.0001966,0.0071502,0.0233436,0.0234101,0.0002969,0.0003006,0.0230475,0.0002731,0.0001773,0.0206437,-0.0027124,-4.47e-05,-0.0024411,0.0019731,-2.96e-05,-0.0055183,3.8e-05,-0.0006754,-0.0006566,0.0002049,0.0207854,0.0226657,-0.0006023,0.0218145,-0.0006285,0.0219338,-0.0006227,-0.0006327,0.0205852,0.0063614,-0.0009133,-0.0005781,-0.0006369,-1.52e-05,-0.0005874,-0.0005903,0.0014926,-2.42e-05,-1.2e-05,0.0195409,0.0195448,0.0017539,6.01e-05,-0.0028452,3.67e-05,-0.0017253,0.0059347,-0.0009439,-0.0008739,0.0032299,-0.003822,-3.45e-05,-1.62e-05,-3.42e-05,-0.0057065,-0.0009229,-0.0008747,-0.0055203,3.76e-05,0.0173768,-0.000861,-0.0061414,-1.19e-05,5.79e-05,-2.12e-05,5.6e-05,-0.0008844,-0.0008919,-0.0025706,-0.0054882,-1.86e-05,3.81e-05,-0.0025354,-0.0056709,3.56e-05,-0.0024953,-0.0008084,-0.0016589,-0.0007507,-0.0040261,-0.0024434,-0.0024442,-1.9e-05,-1.81e-05,-1.54e-05,-8e-06,-8.1e-06,-0.000781,-0.0007733,-0.0157944,-1.22e-05,-1.23e-05,-0.0023655,-1.17e-05,-0.0155367,0.0041182,-1.18e-05,-0.0007743,-1.03e-05,-0.0014729,-0.0007152,2e-07,-7.6e-06,-4.87e-05,1.3e-06,1.2e-06,-4.8e-05,-4.8e-06,-0.0022744,-4.62e-05,3.9e-06,4e-06,-3.3e-06,-0.005666,-0.0003036,6.2e-06,-3.59e-05,-5.45e-05,6.6e-06,7.2e-06,-3.16e-05,9e-06,7.2e-06,-0.002258,-0.0003512,-0.0138318,-2.64e-05,0.0042614,3.8e-06,1.6e-06,-2e-07,-0.0013933,-0.0013173,-0.0001833,-0.012999,-3.28e-05,3.64e-05,3.64e-05,3.64e-05,-6.89e-05,2.94e-05,-9.15e-05,-0.0129806,-0.0001147,-9.28e-05,-9.28e-05,-0.0045095,0.0002138,-0.0030785,-0.0058169,-0.0050996,-0.0001648,6.69e-05,9.65e-05,9.96e-05,0.0048404,8.19e-05,0.0001142,7.88e-05,0.0045333,0.0002314,0.0018342,9e-05,7.88e-05,0.0001081,0.0017053,-6.63e-05,5.31e-05,3.37e-05,3.37e-05,5.07e-05,3.24e-05,0.0042426,7.3e-05,2.94e-05,-6.09e-05,0.0014612,0.0040754,-0.0002051,-0.0002398,-0.0002399,2.85e-05,5.93e-05,2.57e-05,6.92e-05,5.17e-05,6.99e-05,-0.004592,2.05e-05,0.0028448,2.44e-05,-2.41e-05,-5.5e-05,0.0001364,0.0089339,-0.0007866,0.0005198,-3.28e-05,-0.0009985,0.0005748,-0.0042134,0.0015326,0.0004964,0.0005583,0.0006209,0.0010813,0.001893,0.001891,0.0018944,0.0071693,0.0030332,0.0030332
0.0294437,-0.008472,-0.0397835,0.0127409,-0.0469168,0.0005527,0.0016343,0.0012343,0.0011665,0.0011676,-0.0416396,0.0001809,0.0002063,0.0001587,-0.0388522,0.0010426,0.0001831,0.0007612,0.0009787,0.000168,0.0009608,0.0016924,0.0350074,0.0014618,0.0010859,-0.0001092,-0.0001092,-0.0001092,-0.0001083,-0.0001072,-0.0005856,-0.0001943,0.0319443,5.6e-06,0.0309711,-0.0002948,0.0309751,-0.0001374,-0.0001344,-1.15e-05,0.0296368,0.0007298,3.6e-06,0.0292909,0.0001113,0.0007606,0.0278646,0.0278646,0.0274955,0.0274955,0.0271214,0.0020836,0.0005977,0.0004541,0.026318,8.1e-06,5.26e-05,-1.3e-06,0.0004304,0.0004448,-2e-07,7.2e-06,0.0255313,0.025129,0.0247212,0.0003611,0.0003645,0.0057235,5.3e-06,0.0001966,0.0071492,0.0233433,0.0234098,0.0002957,0.0002993,0.0230472,0.0002718,0.0001765,0.0206429,-0.002712,-4.47e-05,-0.0024407,0.0019754,-2.95e-05,-0.0055174,4.03e-05,-0.0006766,-0.0006578,0.0002072,0.0207863,0.0226659,-0.0006035,0.0218149,-0.0006297,0.0219342,-0.0006239,-0.0006339,0.0205856,0.0063594,-0.0009146,-0.0005792,-0.0006379,-1.51e-05,-0.0005885,-0.0005914,0.0014913,-2.41e-05,-1.19e-05,0.0195412,0.0195451,0.0017526,6.02e-05,-0.0028453,3.68e-05,-0.0017254,0.0059338,-0.0009449,-0.0008749,0.0032297,-0.0038205,-3.43e-05,-1.61e-05,-3.41e-05,-0.0057063,-0.0009239,-0.0008757,-0.0055201,3.77e-05,0.0173771,-0.0008619,-0.0061401,-1.18e-05,5.8e-05,-2.11e-05,5.61e-05,-0.0008854,-0.0008928,-0.002569,-0.0054879,-1.85e-05,3.82e-05,-0.0025338,-0.0056706,3.57e-05,-0.0024936,-0.0008093,-0.0016592,-0.0007517,-0.0040258,-0.0024418,-0.0024427,-1.89e-05,-1.8e-05,-1.53e-05,-7.9e-06,-8e-06,-0.0007819,-0.0007742,-0.0157946,-1.21e-05,-1.22e-05,-0.002364,-1.16e-05,-0.0155369,0.004118,-1.17e-05,-0.0007752,-1.02e-05,-0.0014732,-0.0007161,3e-07,-7.5e-06,-4.86e-05,1.4e-06,1.3e-06,-4.79e-05,-4.7e-06,-0.0022729,-4.61e-05,4e-06,4.1e-06,-3.2e-06,-0.0056669,-0.0003044,6.3e-06,-3.58e-05,-5.44e-05,6.7e-06,7.3e-06,-3.15e-05,9.1e-06,7.3e-06,-0.0022566,-0.000352,-0.0138319,-2.63e-05,0.004262,4e-06,1.8e-06,-1e-07,-0.0013936,-0.0013176,-0.0001842,-0.0129991,-3.27e-05,3.65e-05,3.65e-05,3.65e-05,-6.88e-05,2.96e-05,-9.14e-05,-0.0129806,-0.0001146,-9.36e-05,-9.37e-05,-0.0045103,0.000213,-0.0030773,-0.0058158,-0.0050985,-0.0001637,6.7e-05,9.66e-05,9.98e-05,0.0048413,8.2e-05,0.0001143,7.89e-05,0.0045339,0.0002306,0.0018338,8.92e-05,7.9e-05,0.0001072,0.0017048,-6.72e-05,5.33e-05,3.39e-05,3.39e-05,5.09e-05,3.26e-05,0.0042431,7.32e-05,2.95e-05,-6.17e-05,0.0014607,0.0040759,-0.0002059,-0.0002407,-0.0002407,2.87e-05,5.95e-05,2.59e-05,6.94e-05,5.19e-05,7.01e-05,-0.0045912,2.07e-05,0.0028441,2.46e-05,-2.39e-05,-5.48e-05,0.0001364,0.0089339,-0.000787,0.0005204,-3.29e-05,-0.000999,0.0005754,-0.004213,0.0015322,0.000497,0.0005588,0.0006214,0.0010816,0.0018936,0.0018916,0.001895,0.0071692,0.003033,0.003033
0.0290522,-0.0083609,-0.0392577,0.0125703,-0.0462953,0.000541,0.0016171,0.001215,0.0011482,0.0011493,-0.041088,0.0001773,0.0002023,0.0001554,-0.0383375,0.0010262,0.0001795,0.0007546,0.0009633,0.0001647,0.0009457,0.0016734,0.0345437,0.0014458,0.0010693,-0.0001069,-0.0001069,-0.0001069,-0.000106,-0.000105,-0.0005756,-0.0001907,0.0315212,5.5e-06,0.0305609,-0.0002888,0.0305648,-0.0001335,-0.0001305,-1.16e-05,0.0292442,0.0007229,3.6e-06,0.0289029,0.0001097,0.0007485,0.0274955,0.0274955,0.0271313,0.0271313,0.0267621,0.0020541,0.0005887,0.0004506,0.0259695,8e-06,5.19e-05,-1.2e-06,0.0004271,0.0004414,-2e-07,7.1e-06,0.0251931,0.0247963,0.0243938,0.0003586,0.000362,0.0056468,5.3e-06,0.000194,0.0070556,0.0230342,0.0230998,0.000294,0.0002976,0.022742,0.0002705,0.0001756,0.0203706,-0.0026768,-4.42e-05,-0.0024091,0.0019475,-2.93e-05,-0.0054453,3.82e-05,-0.0006655,-0.0006469,0.0002028,0.0205103,0.0223655,-0.0005934,0.0215256,-0.0006192,0.0216433,-0.0006135,-0.0006234,0.0203126,0.0062765,-0.0009006,-0.0005695,-0.0006275,-1.5e-05,-0.0005788,-0.0005816,0.0014722,-2.4e-05,-1.19e-05,0.0192821,0.0192859,0.0017301,5.92e-05,-0.0028079,3.61e-05,-0.0017029,0.0058569,-0.0009305,-0.0008615,0.0031867,-0.0037712,-3.41e-05,-1.61e-05,-3.38e-05,-0.0056312,-0.0009098,-0.0008623,-0.0054475,3.7e-05,0.0171466,-0.0008488,-0.0060599,-1.18e-05,5.7e-05,-2.1e-05,5.52e-05,-0.0008719,-0.0008793,-0.0025361,-0.0054157,-1.85e-05,3.75e-05,-0.0025014,-0.005596,3.51e-05,-0.0024617,-0.0007969,-0.0016361,-0.00074,-0.003973,-0.0024105,-0.0024114,-1.88e-05,-1.79e-05,-1.53e-05,-8e-06,-8.1e-06,-0.00077,-0.0007623,-0.0155852,-1.21e-05,-1.22e-05,-0.0023337,-1.16e-05,-0.0153309,0.0040638,-1.18e-05,-0.0007634,-1.03e-05,-0.0014526,-0.0007051,1e-07,-7.6e-06,-4.81e-05,1.2e-06,1.1e-06,-4.74e-05,-4.9e-06,-0.0022438,-4.57e-05,3.8e-06,3.9e-06,-3.3e-06,-0.0055904,-0.0002989,6e-06,-3.55e-05,-5.38e-05,6.5e-06,7e-06,-3.12e-05,8.8e-06,7e-06,-0.0022277,-0.0003459,-0.0136485,-2.61e-05,0.0042054,3.7e-06,1.5e-06,-3e-07,-0.0013742,-0.0012991,-0.0001803,-0.0128267,-3.24e-05,3.58e-05,3.58e-05,3.58e-05,-6.81e-05,2.9e-05,-9.04e-05,-0.0128085,-0.0001133,-9.1e-05,-9.1e-05,-0.0044492,0.0002116,-0.0030374,-0.0057396,-0.0050318,-0.0001623,6.59e-05,9.51e-05,9.82e-05,0.0047764,8.07e-05,0.0001125,7.76e-05,0.0044736,0.0002289,0.0018105,8.94e-05,7.76e-05,0.0001071,0.0016832,-6.49e-05,5.22e-05,3.32e-05,3.31e-05,4.99e-05,3.18e-05,0.0041868,7.19e-05,2.88e-05,-5.96e-05,0.0014423,0.0040218,-0.0002019,-0.0002362,-0.0002362,2.8e-05,5.84e-05,2.52e-05,6.81e-05,5.08e-05,6.88e-05,-0.0045308,2.01e-05,0.0028075,2.39e-05,-2.4e-05,-5.44e-05,0.0001347,0.0088157,-0.000776,0.0005126,-3.21e-05,-0.0009851,0.0005668,-0.0041573,0.0015125,0.0004895,0.0005505,0.0006123,0.0010667,0.0018677,0.0018657,0.001869,0.0070743,0.0029932,0.0029932
0.0290537,-0.0083592,-0.0392576,0.0125695,-0.0462956,0.0005445,0.0016098,0.0012161,0.0011493,0.0011504,-0.0410882,0.0001786,0.0002036,0.0001566,-0.0383377,0.0010272,0.0001807,0.0007488,0.0009642,0.0001658,0.0009466,0.0016678,0.0345438,0.0014403,0.0010702,-0.0001079,-0.0001079,-0.0001079,-0.000107,-0.000106,-0.0005765,-0.0001917,0.0315213,5.5e-06,0.030561,-0.0002896,0.0305649,-0.0001343,-0.0001313,-1.09e-05,0.0292443,0.0007182,3.5e-06,0.028903,0.0001103,0.0007496,0.0274956,0.0274955,0.0271313,0.0271314,0.0267621,0.0020551,0.0005888,0.0004464,0.0259694,8e-06,5.18e-05,-1.3e-06,0.000423,0.0004373,-3e-07,7.1e-06,0.0251931,0.0247962,0.0243938,0.0003548,0.0003581,0.0056469,5.3e-06,0.000194,0.0070548,0.0230342,0.0230999,0.0002902,0.0002939,0.0227421,0.0002667,0.0001731,0.020369,-0.0026761,-4.4e-05,-0.0024084,0.0019483,-2.91e-05,-0.0054445,3.88e-05,-0.0006691,-0.0006505,0.0002035,0.0205106,0.0223655,-0.0005969,0.0215257,-0.0006227,0.0216435,-0.000617,-0.0006269,0.0203127,0.006276,-0.0009036,-0.0005728,-0.0006308,-1.48e-05,-0.000582,-0.0005848,0.0014722,-2.37e-05,-1.16e-05,0.0192822,0.019286,0.00173,5.95e-05,-0.0028074,3.64e-05,-0.0017024,0.005854,-0.0009336,-0.0008646,0.0031871,-0.0037704,-3.38e-05,-1.58e-05,-3.35e-05,-0.0056307,-0.0009128,-0.0008653,-0.005447,3.73e-05,0.0171467,-0.0008517,-0.0060592,-1.15e-05,5.73e-05,-2.07e-05,5.55e-05,-0.0008748,-0.0008821,-0.0025356,-0.0054152,-1.82e-05,3.78e-05,-0.0025009,-0.0055955,3.54e-05,-0.0024613,-0.0007997,-0.0016385,-0.0007428,-0.0039725,-0.0024101,-0.002411,-1.85e-05,-1.76e-05,-1.5e-05,-7.7e-06,-7.8e-06,-0.0007726,-0.000765,-0.0155853,-1.18e-05,-1.19e-05,-0.0023333,-1.13e-05,-0.015331,0.0040634,-1.15e-05,-0.0007659,-1e-05,-0.0014549,-0.0007076,4e-07,-7.3e-06,-4.78e-05,1.5e-06,1.4e-06,-4.71e-05,-4.6e-06,-0.0022435,-4.54e-05,4.1e-06,4.2e-06,-3e-06,-0.0055927,-0.0003013,6.3e-06,-3.52e-05,-5.35e-05,6.8e-06,7.3e-06,-3.09e-05,9.1e-06,7.3e-06,-0.0022274,-0.0003482,-0.0136487,-2.58e-05,0.0042052,4e-06,1.9e-06,1e-07,-0.0013762,-0.0013012,-0.0001825,-0.0128269,-3.21e-05,3.61e-05,3.61e-05,3.61e-05,-6.78e-05,2.93e-05,-9.01e-05,-0.0128087,-0.000113,-9.32e-05,-9.33e-05,-0.0044513,0.0002093,-0.0030371,-0.0057393,-0.0050315,-0.000162,6.63e-05,9.55e-05,9.86e-05,0.0047768,8.11e-05,0.0001129,7.8e-05,0.0044735,0.0002268,0.0018087,8.73e-05,7.81e-05,0.0001051,0.0016814,-6.7e-05,5.27e-05,3.37e-05,3.36e-05,5.04e-05,3.23e-05,0.0041866,7.24e-05,2.93e-05,-6.15e-05,0.0014406,0.0040216,-0.0002038,-0.0002381,-0.0002382,2.86e-05,5.9e-05,2.58e-05,6.87e-05,5.14e-05,6.94e-05,-0.0045309,2.07e-05,0.0028058,2.45e-05,-2.34e-05,-5.39e-05,0.0001343,0.0088155,-0.0007769,0.000514,-3.28e-05,-0.0009859,0.0005684,-0.0041575,0.0015117,0.0004909,0.0005519,0.0006137,0.0010676,0.0018689,0.0018669,0.0018703,0.0070742,0.0029926,0.0029926
0.0286542,-0.00825,-0.0387248,0.0123995,-0.0456654,0.0005348,0.0015935,0.0011991,0.0011332,0.0011343,-0.0405289,0.0001725,0.0001972,0.0001509,-0.0378159,0.0010128,0.0001748,0.000743,0.0009507,0.0001603,0.0009333,0.0016494,0.0340737,0.0014249,0.0010552,-0.0001034,-0.0001034,-0.0001034,-0.0001025,-0.0001016,-0.0005678,-0.0001862,0.0310923,5.4e-06,0.0301451,-0.0002852,0.0301489,-0.000132,-0.0001291,-1.33e-05,0.0288463,0.000712,3.5e-06,0.0285096,0.0001064,0.0007377,0.0271214,0.0271214,0.0267621,0.0267621,0.0263979,0.0020255,0.0005819,0.0004436,0.0256162,7.9e-06,5.12e-05,-1.2e-06,0.0004204,0.0004345,-2e-07,7e-06,0.0248504,0.0244589,0.024062,0.0003529,0.0003562,0.0055711,5.2e-06,0.0001913,0.0069608,0.0227205,0.0227852,0.0002892,0.0002927,0.0224321,0.000266,0.0001727,0.0200927,-0.0026418,-4.36e-05,-0.0023777,0.001921,-2.89e-05,-0.0053725,3.8e-05,-0.0006572,-0.0006389,0.0002001,0.0202312,0.022061,-0.0005861,0.0212325,-0.0006116,0.0213487,-0.0006059,-0.0006157,0.020036,0.0061909,-0.0008894,-0.0005625,-0.0006197,-1.48e-05,-0.0005716,-0.0005744,0.0014512,-2.36e-05,-1.17e-05,0.0190195,0.0190233,0.0017056,5.84e-05,-0.0027709,3.57e-05,-0.0016809,0.0057765,-0.0009185,-0.0008504,0.0031421,-0.0037204,-3.35e-05,-1.58e-05,-3.33e-05,-0.0055557,-0.0008981,-0.0008512,-0.0053744,3.66e-05,0.016913,-0.0008378,-0.0059781,-1.16e-05,5.63e-05,-2.07e-05,5.45e-05,-0.0008607,-0.0008679,-0.0025013,-0.005343,-1.81e-05,3.71e-05,-0.0024671,-0.0055208,3.47e-05,-0.0024279,-0.0007867,-0.0016143,-0.0007306,-0.00392,-0.0023774,-0.0023783,-1.85e-05,-1.76e-05,-1.5e-05,-7.8e-06,-7.9e-06,-0.00076,-0.0007525,-0.015373,-1.19e-05,-1.19e-05,-0.0023016,-1.14e-05,-0.015122,0.0040095,-1.15e-05,-0.0007535,-1e-05,-0.0014332,-0.000696,2e-07,-7.4e-06,-4.74e-05,1.3e-06,1.1e-06,-4.67e-05,-4.7e-06,-0.002213,-4.5e-05,3.8e-06,3.9e-06,-3.2e-06,-0.0055147,-0.0002954,6e-06,-3.49e-05,-5.3e-05,6.4e-06,7e-06,-3.07e-05,8.8e-06,7e-06,-0.0021971,-0.0003417,-0.0134624,-2.57e-05,0.004149,3.7e-06,1.6e-06,-2e-07,-0.001356,-0.001282,-0.0001783,-0.0126518,-3.19e-05,3.54e-05,3.54e-05,3.54e-05,-6.71e-05,2.86e-05,-8.91e-05,-0.0126339,-0.0001117,-9.02e-05,-9.03e-05,-0.004389,0.0002082,-0.0029963,-0.0056617,-0.0049635,-0.0001605,6.51e-05,9.39e-05,9.7e-05,0.004711,7.97e-05,0.0001111,7.67e-05,0.0044135,0.0002253,0.0017853,8.77e-05,7.67e-05,0.0001053,0.0016598,-6.45e-05,5.16e-05,3.28e-05,3.28e-05,4.93e-05,3.15e-05,0.0041305,7.11e-05,2.86e-05,-5.92e-05,0.0014222,0.0039678,-0.0001995,-0.0002334,-0.0002334,2.77e-05,5.77e-05,2.5e-05,6.73e-05,5.03e-05,6.8e-05,-0.0044687,1.99e-05,0.0027691,2.37e-05,-2.35e-05,-5.35e-05,0.0001327,0.0086961,-0.0007656,0.0005059,-3.19e-05,-0.0009719,0.0005594,-0.0041002,0.0014918,0.0004832,0.0005433,0.0006043,0.0010524,0.0018425,0.0018406,0.0018439,0.0069783,0.0029525,0.0029525
0.0284864,0.0191711,0.0230138,0.0361599,-0.0020691,0.0345928,8.19e-05,0.0354642,0.0338727,0.0336911,-0.0019858,0.0225756,0.0233612,0.0212322,-0.0018571,0.0305484,0.0209393,7.42e-05,0.0286027,0.0194317,0.0281524,-1.5e-05,0.0022736,0.0001246,0.0265255,-0.0166266,-0.0166284,-0.0166272,-0.0164753,-0.016319,-0.0281638,-0.0190384,0.0014313,-7.34e-05,0.0013304,-0.025153,0.0014603,-0.0248735,-0.0246017,0.0080645,0.0019944,0.0001745,1e-07,0.0019756,0.007829,0.0270575,0.0020812,0.0020836,0.0020541,0.0020551,0.0020255,0.0256655,0.0091852,-5.17e-05,0.0008573,0.0001157,-2.9e-06,-4.3e-06,0.0001045,2.7e-06,3.93e-05,0.000163,0.0008346,0.0008177,0.0008117,-3.14e-05,1.32e-05,0.0073967,1.23e-05,-6.4e-06,-0.0164634,0.0009367,0.0012831,2.71e-05,2.01e-05,0.0020439,2.88e-05,-2.62e-05,0.0018738,0.0126498,-1.51e-05,0.0125527,0.021321,0.0001305,0.0159208,0.0186589,-1.87e-05,2.02e-05,0.0203446,0.0106016,0.0055352,-5.91e-05,0.0071283,-7.2e-05,0.0067077,-7.13e-05,-7.85e-05,0.0062693,-0.0158737,0.0005956,-0.0001151,-0.000137,-1.67e-05,-0.0001202,-0.0001211,-0.0053402,2.21e-05,-1.68e-05,0.0060256,0.0060052,-0.0052133,6.6e-06,0.0072347,-8e-07,0.0074772,0.0020046,-0.0002406,-0.0002177,0.0071987,0.0175895,4.63e-05,-1.97e-05,4.46e-05,0.0096059,-0.0002376,-0.0002195,0.0090609,-1.4e-06,0.00674,-0.0002172,0.0159732,-1.97e-05,7e-06,1.89e-05,5.3e-06,-0.0002297,-0.0001916,0.0132947,0.00875,1.85e-05,-2.4e-06,0.0131807,0.0087798,-2.4e-06,0.0130814,-0.0002064,0.004192,-0.0005198,0.0094534,0.0125276,0.0125299,3.4e-06,3.2e-06,1.19e-05,-2.73e-05,-2.74e-05,-0.0004848,-0.0005248,-0.0047976,1.37e-05,1.26e-05,0.0117556,1.24e-05,-0.0053374,-0.0079024,1.18e-05,-0.0005169,1.17e-05,0.0036999,-0.0008082,-2.99e-05,8.9e-06,-4.8e-05,-3.08e-05,-3.1e-05,-4.82e-05,8.7e-06,0.0116316,-4.85e-05,-3.14e-05,-3.13e-05,8.3e-06,-0.0025004,-0.0006186,1.46e-05,-4.41e-05,-5.01e-05,3.04e-05,2.9e-05,-4.68e-05,2.71e-05,3.78e-05,0.010756,-0.0006346,-0.0045968,-4.69e-05,0.0003726,5.14e-05,6.08e-05,6.77e-05,0.0040379,0.0037097,-0.0012622,-0.0044601,-7.09e-05,-4.9e-05,-4.89e-05,-4.92e-05,-8.36e-05,-2e-06,-9.47e-05,-0.0044626,-0.0001035,-0.0012309,-0.001231,-0.0026703,-0.0010769,0.0121757,0.0111186,0.0114479,0.0129125,8.8e-06,1.24e-05,1.21e-05,0.0123324,5.41e-05,0.0001388,4.26e-05,0.0003432,-0.0010278,0.0031738,-0.0013894,3.44e-05,-0.001343,0.0028286,-0.0017873,9.7e-05,4.57e-05,4.49e-05,4.6e-05,4.45e-05,0.0003787,0.0001488,3.32e-05,-0.0016776,0.0022733,0.0004093,-0.0021222,-0.0021177,-0.0021178,0.0001267,0.0001224,0.0001255,0.0001218,0.0001221,0.0001176,0.0043454,0.0001658,-0.0025142,0.0001602,0.0001652,0.0001089,0.0021795,-0.0020083,-0.0016822,0.0010703,0.0016793,-0.0024507,0.0011403,-0.000579,-0.002639,0.0010779,0.0010707,0.0010466,-0.0002705,0.0019837,0.001984,0.0019836,-0.001912,-0.0003052,-0.0003052
-0.020969,-0.0324176,0.0017428,0.0373882,0.0001655,0.0355426,4.46e-05,0.0366609,0.0349969,0.0348077,6.83e-05,-0.0207774,-0.019061,-0.0210134,6.86e-05,0.0304858,-0.0207303,6.71e-05,0.0285483,-0.0192361,0.0280984,0.0001396,0.0005647,4.72e-05,0.0264672,0.0194151,0.0194134,0.0194145,0.0192314,0.0190492,-0.0227058,0.0156047,-0.0001262,7.06e-05,-2.69e-05,-0.0237401,-4.29e-05,-0.0234837,-0.0232269,-0.0225758,0.0001184,-8.7e-06,0,0.0001218,-0.021745,0.0096962,0.0005958,0.0005977,0.0005887,0.0005888,0.0005819,0.0091852,0.0256614,7.6e-05,0.000862,9.99e-05,-4.1e-06,-3.7e-06,7.35e-05,-1.5e-05,3.4e-05,0.0001409,0.0008359,0.000818,0.0007948,-2.52e-05,1.08e-05,0.0227908,3.77e-05,-5e-05,0.0069101,-0.0043836,-0.0040235,-7.56e-05,-6.85e-05,-0.0050963,-7.64e-05,-8.4e-05,-0.0043695,-0.012544,-2.2e-06,-0.0126896,0.0144544,-0.0001552,-0.0078487,0.0184158,0.0001989,0.0001757,0.0152808,0.0063203,0.0015412,7.2e-05,0.0016554,0.0001117,0.0016299,0.0001119,0.0001067,0.00153,-0.0154045,-0.0061106,0.0004819,0.0004631,6.7e-06,0.0004684,0.0004681,-0.0192347,-5.34e-05,6.2e-06,0.0004888,0.0004656,-0.01872,1.01e-05,-0.0133996,9.2e-06,-0.0133809,0.0007423,0.0004241,0.0004276,-0.0130528,0.0045096,4.35e-05,1.7e-06,4.25e-05,-0.0099696,0.0004157,0.0004145,-0.0099724,-2.6e-06,-0.0007289,0.0004028,0.0023309,-1.3e-06,-4e-06,4.02e-05,-4.9e-06,0.0003923,0.0004325,0.0137844,-0.0090078,3.8e-05,-6.8e-06,0.0139024,-0.0089013,-7e-06,0.0140044,0.0003739,0.005155,3.36e-05,-0.0088172,0.0136198,0.0136174,-3.73e-05,-3.67e-05,3.29e-05,-1.06e-05,-1.06e-05,7.64e-05,3.2e-05,-0.0006035,3.21e-05,3.1e-05,0.0133868,2.96e-05,9.02e-05,0.0089975,2.8e-05,3.17e-05,2.69e-05,0.004444,-0.0002782,-1.93e-05,2.21e-05,-1.94e-05,-2.05e-05,-2.05e-05,-1.96e-05,2.09e-05,0.012569,-2.05e-05,-2.19e-05,-2.18e-05,1.93e-05,-0.0001456,-0.0002634,2.03e-05,-2.13e-05,-2.06e-05,3.57e-05,3.39e-05,-2.53e-05,3.17e-05,4.26e-05,0.0123149,-0.0002601,0.0023723,-2.27e-05,0.0129849,1.01e-05,1.48e-05,1.83e-05,0.002046,0.0018831,-0.0005679,0.0026719,-2.6e-05,-4.06e-05,-4.06e-05,-4.07e-05,-1.9e-05,-1.89e-05,-1.6e-05,0.0027229,-1.09e-05,-0.0005837,-0.0005837,0.0003536,-0.0006259,0.0063405,0.0055268,0.0058275,0.004746,-2.27e-05,5.39e-05,6.12e-05,0.0028924,-2.14e-05,-1.4e-06,-2.49e-05,0.0115458,-0.000609,0.0003814,-0.0006922,7.73e-05,-0.0006819,0.0002979,-0.0007838,8.6e-06,-3.6e-06,-4e-06,3.93e-05,-7.4e-06,0.0109143,1.68e-05,-1.09e-05,-0.0007372,0.0001924,0.0109773,-0.0008057,-0.0008439,-0.0008439,3.32e-05,6.69e-05,2.96e-05,7.79e-05,5.82e-05,7.76e-05,0.0104102,3.23e-05,0.0008006,3.47e-05,8.3e-06,-2.82e-05,0.0008145,0.0044967,-0.0010449,0.0006296,0.0005507,-0.0014301,0.000686,0.0080457,-0.000468,0.0006774,0.0006421,0.0006578,0.000303,0.0015861,0.0015854,0.0015867,0.0021452,0.0011425,0.0011425
2.75e-05,-0.0024747,0.0048811,0.0118452,0.0008816,-0.0146912,0.0446521,-2.57e-05,-2.44e-05,-2.44e-05,0.0004647,-0.0001657,-0.000163,-0.0001609,0.0004265,-2.55e-05,-0.0001591,0.0355063,-1.73e-05,-0.000147,-1.7e-05,0.0341404,-2.43e-05,0.0335888,-5.4e-06,0.0001675,0.0001675,0.0001675,0.000166,0.0001644,2.94e-05,0.0001615,0.0003706,0.0005182,0.000371,1.3e-05,0.000375,1.43e-05,1.42e-05,-0.000141,0.0003613,0.0284393,0.0004949,0.0004766,-0.0001277,-7.29e-05,0.0004555,0.0004541,0.0004506,0.0004464,0.0004436,-5.17e-05,7.6e-05,0.0256601,0.0004822,0.0004009,0.0004301,0.0004329,0.0249145,0.0249147,0.0003017,0.0002735,0.0005628,0.0005604,0.0005474,0.0237483,0.0237483,0.0001735,0.0001513,0.0001236,0.0002417,0.000573,0.0005762,0.0229353,0.0229355,0.0006393,0.022934,0.0151985,0.0105555,-9.95e-05,-0.0010125,-8.72e-05,9.4e-06,-0.0010504,-0.0002399,-8.18e-05,0.0223371,0.0223389,-5.77e-05,0.0011409,0.0012407,0.0219246,0.0012085,0.0214985,0.0012188,0.0214989,0.021064,0.001152,0.0003423,0.018952,0.0201636,0.019697,-0.0017452,0.0196962,0.0196964,0.0004954,-0.0017951,-0.0017828,0.0011491,0.0011472,0.0004982,-0.0017552,0.0002773,-0.0017336,0.0003316,0.0178954,0.0187028,0.0187077,0.000723,-9.05e-05,-0.001812,-0.001805,-0.0018083,5.67e-05,0.0181964,0.0181996,6.01e-05,-0.0018289,0.0013759,0.0176847,-0.0002004,-0.001785,-0.0017941,-0.0017844,-0.001786,0.017142,0.0171414,-0.00032,3.21e-05,-0.0017945,-0.0017959,-0.0003228,1.83e-05,-0.0017791,-0.0003246,0.0165964,0.0154889,0.0165996,0.0001376,6.91e-05,6.91e-05,-0.0017992,-0.0018136,-0.0017998,-0.0017971,-0.0017951,0.016025,0.0160247,-0.0008853,-0.0017893,-0.0017842,5.69e-05,-0.0017893,-0.0008923,-8.96e-05,-0.0017857,0.0154314,-0.001813,0.0145346,0.0154224,-0.0017842,-0.0017764,-0.0017964,-0.0017774,-0.001774,-0.0017834,-0.0017766,0.0004227,-0.0017886,-0.00177,-0.0017722,-0.0017742,0.0135682,0.0141862,-0.001778,-0.0017651,-0.0017825,-0.0017647,-0.0017757,-0.0017608,-0.0017655,-0.0017705,0.0003922,0.014153,-0.0004506,-0.0018178,0.0002507,-0.0018219,-0.0018242,-0.0018194,0.0134177,0.0135265,0.013428,-0.0004222,-0.0019545,-0.0019333,-0.0019335,-0.0019306,-0.0019522,-0.0019171,-0.0019439,-0.0004262,-0.0019363,0.0132968,0.0133001,0.0123214,0.0133163,0.0010259,0.0009406,0.0009688,0.00103,-0.0023585,-0.002371,-0.0023636,0.0010429,-0.002341,-0.0023512,-0.0023136,0.0002851,0.0124658,0.0120356,0.0124432,-0.002919,0.0124258,0.0121142,0.0123768,-0.003012,-0.0030019,-0.0029964,-0.0029946,-0.0029946,0.0002737,-0.0029889,-0.0029674,0.0114582,0.0113191,0.000278,0.0114007,0.0114011,0.0114035,-0.0034881,-0.0034858,-0.0034797,-0.0034894,-0.003479,-0.0034674,0.0007234,-0.0034289,0.0098711,-0.0034902,-0.0034617,-0.0031296,0.0035188,0.0007125,0.0050445,-0.0087304,0.0049443,0.0044456,-0.0091898,1.46e-05,0.0039895,-0.0084563,-0.008449,-0.0084246,-0.0055288,-0.0073758,-0.0073785,-0.0073739,-9.59e-05,0.0040677,0.0040677
0.0257005,-0.0100904,-0.0389053,0.0112835,-0.044352,-0.0002894,0.0016271,0.0003705,0.0003415,0.0003466,-0.0393581,-0.0017086,-0.0016741,-0.0016636,-0.0367231,0.0002656,-0.0016156,0.000784,0.0002512,-0.0015011,0.0002449,0.0016714,0.0330763,0.0014413,0.0004018,0.0014091,0.0014091,0.0014091,0.001396,0.0013827,0.000279,0.0013418,0.0301981,1.24e-05,0.0292842,0.0003579,0.0292804,0.0004998,0.0004958,-0.0011536,0.0279877,0.0007335,4.3e-06,0.0276611,-0.0009984,-0.000457,0.0263181,0.026318,0.0259695,0.0259694,0.0256162,0.0008573,0.000862,0.0004822,0.0249273,5.1e-06,5.06e-05,-4e-07,0.0004497,0.0004663,-8e-07,2.7e-06,0.0241821,0.0238013,0.0234143,0.0003863,0.0003882,0.0057294,5.8e-06,0.0001853,0.0078918,0.0219404,0.0219957,0.000318,0.0003221,0.0215772,0.0002953,0.0001936,0.0193481,-0.0036522,-4.35e-05,-0.0033942,0.0011561,-4.19e-05,-0.0063446,-0.0004097,-0.0005936,-0.0005786,-0.000441,0.019322,0.0212323,-0.0005268,0.020342,-0.0005504,0.0204773,-0.000545,-0.000555,0.0192197,0.0064177,-0.001055,-0.0004911,-0.000547,-1.64e-05,-0.000501,-0.0005037,0.0011086,-2.91e-05,-1.35e-05,0.0182107,0.0182148,0.0013654,5.37e-05,-0.0035084,3.2e-05,-0.0024595,0.0055706,-0.0008354,-0.0007702,0.0022636,-0.0044429,-3.71e-05,-1.75e-05,-3.67e-05,-0.0062437,-0.0008168,-0.0007721,-0.0060376,3.24e-05,0.0160829,-0.0007605,-0.0066212,-1.34e-05,5.11e-05,-2.31e-05,4.95e-05,-0.0007834,-0.0007913,-0.0027341,-0.0059601,-2.07e-05,3.28e-05,-0.0026908,-0.0061316,3.05e-05,-0.0026442,-0.0007141,-0.0016136,-0.0006529,-0.0046065,-0.002576,-0.002577,-2.26e-05,-2.17e-05,-1.74e-05,-9.6e-06,-9.7e-06,-0.0006832,-0.0006751,-0.0147296,-1.45e-05,-1.45e-05,-0.0024673,-1.4e-05,-0.0144343,0.0046148,-1.42e-05,-0.0006776,-1.28e-05,-0.0014342,-0.0006153,-2e-06,-1.02e-05,-4.73e-05,-9e-07,-1e-06,-4.66e-05,-7.6e-06,-0.002399,-4.5e-05,1.6e-06,1.7e-06,-6.1e-06,-0.0052148,-0.0002372,2.5e-06,-3.54e-05,-5.27e-05,2.6e-06,3.2e-06,-3.13e-05,4.9e-06,2.9e-06,-0.0023436,-0.0002814,-0.0127869,-2.64e-05,0.0044235,-2.1e-06,-4.5e-06,-6.5e-06,-0.0014538,-0.0013687,-9.88e-05,-0.0119956,-3.15e-05,3.25e-05,3.25e-05,3.24e-05,-6.48e-05,2.4e-05,-8.55e-05,-0.0119764,-0.0001069,-1.55e-05,-1.55e-05,-0.0040959,0.0002655,-0.0033837,-0.0059471,-0.0052758,-0.0007116,5.8e-05,8.83e-05,9.15e-05,0.0040066,6.99e-05,9.64e-05,6.75e-05,0.0046381,0.0002785,0.0015984,0.0001616,7.01e-05,0.0001764,0.0014926,3.21e-05,3.99e-05,2.41e-05,2.41e-05,4.15e-05,2.27e-05,0.004341,5.63e-05,2.04e-05,3.11e-05,0.0012869,0.0041828,-8.35e-05,-0.0001179,-0.0001179,1.5e-05,4.55e-05,1.23e-05,5.52e-05,3.8e-05,5.61e-05,-0.0042647,5.3e-06,0.0028761,9.3e-06,-3.78e-05,-6.45e-05,4.18e-05,0.0087191,-0.0006774,0.0004385,-9.69e-05,-0.0008493,0.0004877,-0.0037118,0.0015893,0.0004179,0.0004758,0.000537,0.0010394,0.0017224,0.0017205,0.0017237,0.0069666,0.0029345,0.0029345
5.22e-05,-2.3e-05,0.0001414,0.0003228,1.04e-05,9.45e-05,0.0003713,0.0002223,0.0002123,0.0002111,5.8e-06,3.5e-05,4.21e-05,2.94e-05,5.3e-06,0.0001888,2.9e-05,0.0002955,0.0001769,2.69e-05,0.0001741,0.0002837,2e-06,0.0002795,0.0001641,-1.56e-05,-1.56e-05,-1.56e-05,-1.55e-05,-1.53e-05,-0.0001612,-3.39e-05,1.1e-06,0.0291852,1.7e-06,-0.000152,2.2e-06,-0.0001504,-0.0001487,-3.02e-05,4.7e-06,0.0003379,0.0272993,6.4e-06,-2.88e-05,0.0001222,8.1e-06,8.1e-06,8e-06,8e-06,7.9e-06,0.0001157,9.99e-05,0.0004009,5.1e-06,0.0241988,0.0241983,0.0241983,0.0007264,0.0007296,0.0238292,0.0238292,1.19e-05,1.19e-05,1.16e-05,0.0009556,0.0009575,9.66e-05,0.0226844,0.0222885,-4.23e-05,8.5e-06,1.11e-05,0.0011854,0.0011811,1.48e-05,0.0011794,0.0169365,0.0012743,2.04e-05,0.0218479,2.06e-05,0.0001285,0.0218445,4.37e-05,0.0001186,0.0030778,0.0030702,0.0001231,0.0001569,0.0001308,0.0030071,0.0001373,0.0029454,0.0001367,0.0029427,0.002879,0.00013,-7.99e-05,0.0026138,0.0027532,0.0026881,0.0191997,0.0027129,0.0027107,-7.1e-06,0.0187275,0.0187288,0.0001301,0.0001297,-4.1e-06,0.0182526,5.06e-05,0.018255,5.63e-05,0.0025598,0.0026535,0.00265,9.45e-05,9.34e-05,0.0177553,0.0177556,0.0177557,4.86e-05,0.0026285,0.0026292,4.58e-05,0.0172474,0.0001711,0.0025659,7.51e-05,0.0167312,0.0167301,0.0167316,0.0167311,0.0025458,0.002543,6.32e-05,4.27e-05,0.0161931,0.0161926,6.36e-05,4.17e-05,0.0161947,6.3e-05,0.002501,0.0023902,0.0024972,5.77e-05,0.0001135,0.0001135,0.0156358,0.0156339,0.0156359,0.0156359,0.0156362,0.0024646,0.0024648,-0.0001089,0.0150602,0.0150608,0.0001105,0.0150602,-0.0001117,-4.47e-05,0.0150606,0.002413,0.0150573,0.0023396,0.0024209,0.0144612,0.0144625,0.0144595,0.014462,0.0144625,0.0144613,0.0144625,0.000167,0.0144605,0.014463,0.0144627,0.0144628,0.0023081,0.002371,0.013837,0.0138385,0.0138361,0.013839,0.0138374,0.0138391,0.0138388,0.0138381,0.0001706,0.0025638,-2.62e-05,0.0138314,6.62e-05,0.0138312,0.0138309,0.0138316,0.0026785,0.002686,0.0025984,-2.01e-05,0.0131549,0.0131581,0.0131581,0.0131585,0.0131551,0.0131611,0.0131563,-5.2e-06,0.0131572,0.0032145,0.0032009,0.0030242,0.0031874,0.0002918,0.0002899,0.0002921,0.0002657,0.0123912,0.0123885,0.01239,0.0002219,0.0123946,0.012392,0.0123999,7.69e-05,0.0036505,0.00352,0.0036129,0.0122699,0.0036888,0.0035916,0.0036665,0.0115039,0.0115067,0.0115081,0.0115086,0.0115086,8.4e-05,0.0115094,0.0115156,0.0040991,0.004006,8.66e-05,0.0040531,0.0040508,0.0040441,0.0105647,0.0105654,0.0105675,0.0105641,0.0105676,0.0105713,0.0002755,0.0105837,0.0041631,0.0096923,0.0097023,0.0098131,0.0095669,0.0002855,0.0089659,0.0056257,0.0090666,0.0090679,0.0048756,7.81e-05,0.0080836,0.0043241,0.0043339,0.0043729,0.0075534,-0.0035796,-0.0035751,-0.0035826,0.0034184,-0.006705,-0.006705
5.82e-05,-2.58e-05,-2.16e-05,0.0001206,-7.13e-05,-0.0001494,0.0004234,-1.05e-05,-1e-05,-1e-05,-6.63e-05,6.6e-06,6e-06,6.6e-06,-6.19e-05,-8.7e-06,6.6e-06,0.0003358,-8.1e-06,6.1e-06,-8e-06,0.0003244,5.89e-05,0.0003189,-7.1e-06,-5.8e-06,-5.8e-06,-5.8e-06,-5.8e-06,-5.7e-06,6.8e-06,-4.7e-06,5.77e-05,0.0291856,5.66e-05,8e-06,5.66e-05,8.1e-06,8.1e-06,1e-06,5.41e-05,0.0003702,0.0272996,5.54e-05,1.2e-06,-5.7e-06,5.26e-05,5.26e-05,5.19e-05,5.18e-05,5.12e-05,-2.9e-06,-4.1e-06,0.0004301,5.06e-05,0.0241983,0.0241987,0.0241986,0.0007543,0.0007581,0.0238291,0.0238283,5.61e-05,5.54e-05,5.43e-05,0.0009828,0.0009844,1.72e-05,0.0226842,0.0222889,1.52e-05,6.25e-05,6.28e-05,0.0012115,0.0012072,6.59e-05,0.0012054,0.0169538,0.0013305,1.6e-06,0.0218465,3e-06,1.18e-05,0.021843,-6e-06,-2.7e-06,0.0031007,0.0030931,4.4e-06,0.0001405,0.0001505,0.0030302,0.0001489,0.0029679,0.0001502,0.0029653,0.0029011,0.0001428,3.52e-05,0.0026475,0.0027735,0.0027079,0.0191976,0.0027327,0.0027305,6.93e-05,0.0187253,0.0187267,0.0001446,0.0001444,7.1e-05,0.0182505,5.47e-05,0.0182529,6.17e-05,0.0025813,0.0026721,0.0026687,0.00011,6.9e-06,0.0177527,0.0177535,0.0177532,2.87e-05,0.0026467,0.0026473,2.83e-05,0.0172453,0.0001824,0.0025835,-3.9e-06,0.0167291,0.0167281,0.0167292,0.016729,0.0025629,0.0025598,-3.04e-05,2.37e-05,0.0161907,0.0161905,-2.97e-05,2.19e-05,0.0161926,-3.02e-05,0.0025176,0.0023741,0.002516,3.85e-05,2.4e-05,2.4e-05,0.0156337,0.0156318,0.0156336,0.0156339,0.0156342,0.0024824,0.0024829,-0.0001204,0.0150579,0.0150586,2.47e-05,0.0150579,-0.0001225,-3.16e-05,0.0150584,0.0024305,0.015055,0.0023266,0.0024404,0.0144592,0.0144603,0.0144575,0.0144601,0.0144606,0.0144593,0.0144603,8.45e-05,0.0144585,0.0144611,0.0144608,0.0144606,0.0023221,0.0023892,0.0138348,0.0138366,0.0138341,0.0138368,0.0138351,0.0138372,0.0138366,0.0138358,9.21e-05,0.0025819,-4.23e-05,0.0138294,3.77e-05,0.0138288,0.0138285,0.0138291,0.0026697,0.0026791,0.0026192,-3.6e-05,0.0131529,0.0131562,0.0131562,0.0131566,0.0131531,0.0131589,0.0131542,-2.11e-05,0.0131552,0.0032352,0.0032217,0.0030383,0.0032083,0.0002234,0.0002224,0.0002239,0.0002045,0.0123886,0.0123858,0.0123872,0.0001777,0.0123919,0.012389,0.0123972,5.29e-05,0.0036703,0.0035238,0.003634,0.0122663,0.0037097,0.0035967,0.003689,0.0115001,0.0115031,0.0115046,0.011505,0.011505,6.11e-05,0.0115055,0.0115122,0.00412,0.0040122,6.31e-05,0.0040756,0.0040733,0.0040666,0.0105603,0.0105609,0.010563,0.0105596,0.0105631,0.0105668,0.0002224,0.0105791,0.0041868,0.0096877,0.0096977,0.0098091,0.0095605,0.0002987,0.0089792,0.0056112,0.0090641,0.0090841,0.0048603,5.01e-05,0.0081022,0.0043097,0.0043198,0.004359,0.0075495,-0.0035959,-0.0035915,-0.003599,0.0034334,-0.0066966,-0.0066966
3.1e-06,-8.7e-06,5.86e-05,0.000102,1.97e-05,-0.0001484,0.0004266,-8.6e-06,-8.2e-06,-8.1e-06,1.45e-05,7.8e-06,7.3e-06,7.8e-06,1.35e-05,-7e-06,7.7e-06,0.0003393,-6.5e-06,7.1e-06,-6.4e-06,0.000326,-8.8e-06,0.0003208,-6e-06,-6.7e-06,-6.7e-06,-6.7e-06,-6.6e-06,-6.5e-06,4.7e-06,-5.7e-06,-4.1e-06,0.0291855,-3.4e-06,5.5e-06,-3.3e-06,5.4e-06,5.4e-06,1.2e-06,-3.2e-06,0.0003728,0.0272996,-1.3e-06,1.2e-06,-4.4e-06,-1.3e-06,-1.3e-06,-1.2e-06,-1.3e-06,-1.2e-06,-4.3e-06,-3.7e-06,0.0004329,-4e-07,0.0241983,0.0241986,0.0241986,0.000757,0.0007608,0.0238291,0.0238282,6.7e-06,6.7e-06,6.5e-06,0.0009855,0.0009871,7.4e-06,0.0226842,0.0222885,0,1.72e-05,1.74e-05,0.0012141,0.0012099,2.13e-05,0.0012082,0.0169556,0.001292,7.7e-06,0.0218464,8.6e-06,1.04e-05,0.0218429,6e-06,-5e-07,0.0031052,0.0030976,6.3e-06,0.0001014,0.0001072,0.0030344,0.0001074,0.0029722,0.0001085,0.0029695,0.0029053,0.0001036,2.1e-05,0.0026518,0.0027775,0.0027119,0.0191974,0.0027367,0.0027345,6.55e-05,0.0187251,0.0187264,0.0001074,0.0001072,6.66e-05,0.0182501,6.06e-05,0.0182526,6.55e-05,0.0025725,0.0026765,0.002673,0.0001042,1.61e-05,0.0177525,0.0177532,0.0177529,4.04e-05,0.002651,0.0026516,3.96e-05,0.017245,0.0001495,0.0025877,9.5e-06,0.0167289,0.0167277,0.016729,0.0167286,0.002567,0.002564,-2.38e-05,3.49e-05,0.0161905,0.0161901,-2.33e-05,3.35e-05,0.0161923,-2.38e-05,0.0025215,0.00238,0.0025198,4.7e-05,3.03e-05,3.03e-05,0.0156335,0.0156316,0.0156334,0.0156336,0.0156339,0.0024861,0.0024867,-9.03e-05,0.0150576,0.0150583,3.08e-05,0.0150576,-9.3e-05,-4.01e-05,0.0150581,0.0024341,0.0150548,0.002332,0.0024439,0.0144589,0.0144601,0.0144573,0.0144598,0.0144603,0.0144591,0.01446,9.04e-05,0.0144583,0.0144608,0.0144605,0.0144603,0.0023348,0.0023917,0.0138345,0.0138364,0.0138339,0.0138365,0.0138348,0.013837,0.0138363,0.0138355,9.79e-05,0.0025845,-1.59e-05,0.0138292,2.98e-05,0.0138285,0.0138282,0.0138288,0.0026747,0.002684,0.0026213,-1.11e-05,0.0131526,0.0131558,0.0131558,0.0131562,0.0131529,0.0131586,0.0131541,3.7e-06,0.0131551,0.0032372,0.0032236,0.0030486,0.0032096,0.0002309,0.0002351,0.0002352,0.0002063,0.0123881,0.0123852,0.0123867,0.0001697,0.0123914,0.0123884,0.0123967,4.45e-05,0.0036715,0.0035222,0.0036354,0.0122657,0.0037111,0.0035954,0.0036906,0.0114996,0.0115026,0.0115041,0.0115045,0.0115045,5.32e-05,0.011505,0.0115116,0.0041216,0.0040112,5.55e-05,0.0040774,0.0040752,0.0040684,0.0105597,0.0105603,0.0105625,0.010559,0.0105625,0.0105662,0.0002321,0.0105786,0.0041824,0.0096872,0.0096972,0.0098088,0.0095609,0.0002814,0.0089812,0.0056091,0.009065,0.0090864,0.004858,5.84e-05,0.0080995,0.0043077,0.0043176,0.0043567,0.0075466,-0.0036004,-0.003596,-0.0036035,0.0034193,-0.0067019,-0.0067019
0.0002531,-0.0021806,0.0049292,0.0116489,0.0008809,-0.0141107,0.0433509,0.0001305,0.0001248,0.000124,0.0004724,4.86e-05,5.24e-05,4.44e-05,0.0004339,0.0001119,4.34e-05,0.0344721,0.0001111,4.09e-05,0.0001094,0.0331443,-3.88e-05,0.0326102,0.0001132,-1.9e-06,-1.9e-06,-1.9e-06,-1.9e-06,-1.9e-06,-0.0001111,-1.5e-05,0.000343,0.0009085,0.0003433,-0.0001037,0.0003481,-0.0001013,-0.0001001,-2.43e-05,0.0003393,0.0276131,0.0008604,0.0004514,-1.52e-05,9.34e-05,0.0004317,0.0004304,0.0004271,0.000423,0.0004204,0.0001045,7.35e-05,0.0249145,0.0004497,0.0007264,0.0007543,0.000757,0.0241964,0.0241961,0.0006247,0.0005979,0.0005286,0.0005265,0.0005143,0.0230668,0.0230671,0.0001586,0.0004626,0.0004301,9.64e-05,0.0005542,0.0005588,0.0222813,0.0222814,0.0006284,0.0222801,0.0149898,0.0102712,2.54e-05,-0.0006789,3.68e-05,0.0001206,-0.0007143,-9.74e-05,5.1e-06,0.0217268,0.0217288,4.8e-05,0.0011497,0.0012216,0.0213254,0.0012019,0.0209107,0.0012089,0.020911,0.0204879,0.0011423,0.0002546,0.0184546,0.0196109,0.0191569,-0.0014271,0.0191566,0.0191567,0.0004911,-0.0014817,-0.0014701,0.0011413,0.0011394,0.0004932,-0.0014499,0.0003563,-0.0014289,0.0004098,0.0174148,0.0181909,0.0181958,0.0007834,2.73e-05,-0.0015117,-0.0015052,-0.0015081,0.0001523,0.017699,0.0177023,0.0001517,-0.0015354,0.0013719,0.0172016,-8.34e-05,-0.0015001,-0.0015088,-0.0014993,-0.0015009,0.0166744,0.016674,-0.0002503,0.0001198,-0.0015166,-0.0015181,-0.0002541,0.0001065,-0.0015018,-0.0002568,0.0161443,0.0150867,0.016146,0.0002256,0.0001232,0.0001232,-0.0015289,-0.0015429,-0.0015296,-0.0015271,-0.0015252,0.0155879,0.0155875,-0.0008793,-0.0015274,-0.0015225,0.0001065,-0.0015274,-0.0008919,-0.0001686,-0.0015239,0.0150108,-0.0015504,0.0141579,0.0150009,-0.001531,-0.0015232,-0.0015429,-0.0015243,-0.001521,-0.0015303,-0.0015234,0.0004635,-0.0015353,-0.0015172,-0.0015193,-0.0015211,0.0131915,0.0138011,-0.0015334,-0.0015212,-0.0015381,-0.0015204,-0.0015311,-0.001517,-0.0015212,-0.001526,0.0004285,0.0137715,-0.0004639,-0.0015724,0.0002105,-0.0015758,-0.001578,-0.0015733,0.0130867,0.0131905,0.0130644,-0.0004368,-0.0017147,-0.0016939,-0.0016942,-0.0016913,-0.0017125,-0.0016779,-0.0017045,-0.0004407,-0.0016971,0.0129458,0.0129488,0.0119876,0.0129653,0.001071,0.0009852,0.0010135,0.0010813,-0.002117,-0.0021294,-0.0021223,0.0010896,-0.0020997,-0.0021091,-0.0020731,0.0002472,0.0121463,0.0117522,0.0121218,-0.002663,0.0121062,0.0118274,0.0120557,-0.0027633,-0.0027537,-0.0027483,-0.0027467,-0.0027466,0.0002384,-0.0027404,-0.0027202,0.0111706,0.0110579,0.0002428,0.0111113,0.0111118,0.011114,-0.0032383,-0.0032362,-0.0032301,-0.0032397,-0.0032296,-0.0032184,0.0007138,-0.0031803,0.0096185,-0.0032523,-0.0032243,-0.0029007,0.003562,0.0006628,0.0050134,-0.0083914,0.0049362,0.0044293,-0.0088476,-5.5e-06,0.0039669,-0.0081436,-0.0081364,-0.0081124,-0.0052656,-0.0072018,-0.0072044,-0.0072,-7.02e-05,0.0038479,0.0038479
0.0002345,-0.0021734,0.0048194,0.0114566,0.0008492,-0.0143034,0.0433515,-6.71e-05,-6.39e-05,-6.37e-05,0.000445,2.48e-05,2.22e-05,2.55e-05,0.0004082,-5.58e-05,2.48e-05,0.034472,-4.59e-05,2.36e-05,-4.51e-05,0.0331451,-1.91e-05,0.0326106,-3.22e-05,6.1e-06,6.1e-06,6.1e-06,6e-06,6e-06,3.12e-05,9.5e-06,0.0003646,0.0009132,0.0003641,3.17e-05,0.0003686,3.27e-05,3.24e-05,2.4e-06,0.0003566,0.027613,0.0008646,0.0004685,1.04e-05,-1.5e-05,0.0004462,0.0004448,0.0004414,0.0004373,0.0004345,2.7e-06,-1.5e-05,0.0249147,0.0004663,0.0007296,0.0007581,0.0007608,0.0241961,0.0241964,0.0006282,0.0006008,0.0005446,0.0005423,0.0005298,0.0230672,0.0230673,8.66e-05,0.000466,0.0004339,0.0001388,0.0005803,0.0005829,0.0222817,0.0222818,0.0006523,0.0222804,0.0149927,0.0102921,1.19e-05,-0.0006755,2.42e-05,2.05e-05,-0.000711,-0.0001345,-9.73e-05,0.0217261,0.0217281,-5.24e-05,0.0011179,0.0012186,0.0213252,0.0011929,0.0209104,0.0012014,0.0209107,0.0204877,0.0011354,0.0003463,0.0184664,0.0196099,0.019156,-0.0014241,0.0191557,0.0191558,0.0005541,-0.0014787,-0.0014672,0.0011367,0.001135,0.0005548,-0.001447,0.000362,-0.001426,0.0004156,0.0174117,0.0181902,0.018195,0.0007933,-4.25e-05,-0.0015092,-0.0015024,-0.0015056,0.0001402,0.0176983,0.0177016,0.0001414,-0.0015327,0.0013661,0.0172009,-0.0001449,-0.0014974,-0.0015061,-0.0014969,-0.0014983,0.0166738,0.0166732,-0.0003269,0.0001083,-0.0015143,-0.0015155,-0.0003306,9.45e-05,-0.0014992,-0.0003332,0.0161437,0.0150603,0.0161472,0.0002126,4.95e-05,4.95e-05,-0.0015263,-0.0015404,-0.0015273,-0.0015245,-0.0015226,0.0155889,0.0155887,-0.0008753,-0.0015252,-0.0015202,3.59e-05,-0.0015252,-0.0008876,-0.0001609,-0.0015216,0.015012,-0.0015481,0.0141348,0.0150038,-0.0015285,-0.001521,-0.0015405,-0.0015219,-0.0015186,-0.0015278,-0.0015212,0.0003953,-0.0015328,-0.0015147,-0.0015169,-0.0015189,0.0131955,0.0138037,-0.0015313,-0.0015188,-0.0015358,-0.0015184,-0.0015291,-0.0015146,-0.0015192,-0.001524,0.0003637,0.0137741,-0.0004659,-0.00157,0.0001826,-0.0015738,-0.001576,-0.0015714,0.0130682,0.0131735,0.0130699,-0.0004393,-0.0017124,-0.0016916,-0.0016918,-0.001689,-0.0017102,-0.0016757,-0.0017021,-0.0004432,-0.0016948,0.0129514,0.0129544,0.0119921,0.0129707,0.0010149,0.0009321,0.0009593,0.0010289,-0.002115,-0.0021275,-0.0021204,0.0010474,-0.0020978,-0.0021075,-0.0020712,0.000223,0.0121517,0.0117431,0.0121283,-0.0026612,0.0121126,0.0118195,0.0120636,-0.0027617,-0.002752,-0.0027466,-0.0027451,-0.0027449,0.0002152,-0.002739,-0.0027184,0.0111781,0.0110519,0.0002192,0.0111203,0.0111208,0.0111231,-0.0032371,-0.003235,-0.0032289,-0.0032386,-0.0032284,-0.0032172,0.0006721,-0.0031792,0.0096276,-0.0032513,-0.0032234,-0.0028995,0.0035548,0.000666,0.005022,-0.0083949,0.0049309,0.0044411,-0.0088515,-2.58e-05,0.0039789,-0.0081474,-0.0081401,-0.008116,-0.0052634,-0.0072108,-0.0072134,-0.007209,-6.28e-05,0.0038476,0.0038476
1.94e-05,-3.8e-06,6.65e-05,0.0001285,1.28e-05,6.9e-06,0.0002034,7.57e-05,7.23e-05,7.19e-05,9.7e-06,1.75e-05,1.98e-05,1.54e-05,9e-06,6.44e-05,1.52e-05,0.0001619,6.04e-05,1.41e-05,5.94e-05,0.0001554,-5.2e-06,0.0001531,5.6e-05,-9.8e-06,-9.8e-06,-9.8e-06,-9.8e-06,-9.7e-06,-5.58e-05,-1.59e-05,-4.3e-06,0.0287399,-3.5e-06,-5.19e-05,-3.4e-06,-5.14e-05,-5.08e-05,-1.03e-05,-2.3e-06,0.0002293,0.0268827,-1e-06,-9.8e-06,4.17e-05,-2e-07,-2e-07,-2e-07,-3e-07,-2e-07,3.93e-05,3.4e-05,0.0003017,-8e-07,0.0238292,0.0238291,0.0238291,0.0006247,0.0006282,0.0234659,0.0234655,5.6e-06,5.7e-06,5.5e-06,0.0008551,0.0008568,3.92e-05,0.0223391,0.0219495,-1.61e-05,1.08e-05,1.19e-05,0.0010843,0.0010801,1.53e-05,0.0010784,0.0166242,0.0012191,1.22e-05,0.0215197,1.28e-05,5.3e-05,0.0215164,2.03e-05,4.32e-05,0.0029498,0.0029423,4.88e-05,0.0001147,0.0001083,0.0028819,0.0001109,0.0028227,0.0001114,0.0028201,0.002759,0.0001062,-1.76e-05,0.0025142,0.0026377,0.0025754,0.0189144,0.0025998,0.0025976,3.56e-05,0.0184495,0.0184507,0.0001086,0.0001083,3.74e-05,0.0179816,5.45e-05,0.0179839,5.93e-05,0.0024499,0.0025452,0.0025417,9.55e-05,4.42e-05,0.0174919,0.0174924,0.0174923,4.22e-05,0.0025225,0.0025231,4.07e-05,0.016992,0.0001487,0.0024627,3.39e-05,0.0164835,0.0164824,0.0164837,0.0164833,0.0024449,0.002442,9.6e-06,3.68e-05,0.0159535,0.0159531,1.02e-05,3.56e-05,0.0159551,9.6e-06,0.0024027,0.0022795,0.0024003,4.93e-05,5.98e-05,5.98e-05,0.0154048,0.015403,0.0154048,0.015405,0.0154052,0.00237,0.0023705,-9.15e-05,0.0148378,0.0148384,5.91e-05,0.0148378,-9.41e-05,-4.05e-05,0.0148382,0.0023216,0.0148351,0.0022354,0.0023306,0.014248,0.0142492,0.0142464,0.0142489,0.0142493,0.0142482,0.0142492,0.0001151,0.0142474,0.0142498,0.0142495,0.0142494,0.00223,0.0022855,0.0136331,0.0136348,0.0136325,0.013635,0.0136334,0.0136353,0.0136349,0.0136341,0.0001212,0.0024754,-1.71e-05,0.0136279,4.17e-05,0.0136275,0.0136272,0.0136278,0.0025764,0.0025844,0.0025141,-1.21e-05,0.0129623,0.0129654,0.0129653,0.0129658,0.0129626,0.0129681,0.0129637,2.6e-06,0.0129646,0.0031212,0.0031079,0.0029393,0.0030942,0.0002449,0.0002473,0.000248,0.0002201,0.0122115,0.0122088,0.0122102,0.0001813,0.0122147,0.0122119,0.0122198,5.45e-05,0.0035533,0.0034149,0.0035173,0.0120938,0.003592,0.003486,0.0035714,0.0113398,0.0113426,0.011344,0.0113444,0.0113445,6.26e-05,0.011345,0.0113513,0.0040004,0.0038985,6.49e-05,0.0039565,0.0039543,0.0039477,0.0104165,0.0104171,0.0104192,0.0104158,0.0104193,0.0104228,0.0002414,0.0104349,0.0040684,0.0095573,0.009567,0.0096752,0.0094024,0.0002755,0.0088171,0.0055683,0.0089062,0.0089221,0.004831,6.49e-05,0.0079532,0.0042854,0.0042952,0.0043335,0.0074588,-0.0035057,-0.0035013,-0.0035087,0.0033675,-0.0066192,-0.0066192
6.76e-05,-1.82e-05,0.0001562,0.0003575,7.3e-06,0.0002546,0.0001548,0.0003137,0.0002996,0.000298,4.3e-06,4.56e-05,5.57e-05,3.77e-05,4e-06,0.0002664,3.72e-05,0.0001234,0.0002495,3.45e-05,0.0002455,0.0001182,3e-06,0.0001167,0.0002313,-1.91e-05,-1.91e-05,-1.91e-05,-1.89e-05,-1.88e-05,-0.0002269,-4.5e-05,-1.5e-06,0.0287389,-8e-07,-0.0002144,-2e-07,-0.0002121,-0.0002098,-4.26e-05,3.4e-06,0.0001986,0.0268818,4.6e-06,-4.07e-05,0.0001722,7.2e-06,7.2e-06,7.1e-06,7.1e-06,7e-06,0.000163,0.0001409,0.0002735,2.7e-06,0.0238292,0.0238283,0.0238282,0.0005979,0.0006008,0.0234655,0.0234659,9e-06,9e-06,8.7e-06,0.0008288,0.0008308,0.0001308,0.0223388,0.0219488,-6.03e-05,1e-07,3.5e-06,0.001059,0.0010548,6.8e-06,0.0010531,0.016607,0.0012011,2.56e-05,0.0215204,2.54e-05,0.0001747,0.0215173,5.97e-05,0.0001661,0.0029257,0.0029183,0.0001694,0.0001703,0.000131,0.0028578,0.0001401,0.0027991,0.0001389,0.0027965,0.0027358,0.0001319,-0.0001221,0.0024785,0.0026165,0.0025545,0.018916,0.002579,0.0025769,-3.93e-05,0.0184511,0.0184524,0.0001305,0.0001301,-3.56e-05,0.0179833,4.44e-05,0.0179856,5.01e-05,0.0024396,0.002525,0.0025216,8.54e-05,0.0001243,0.017494,0.0174941,0.0174943,5.12e-05,0.0025028,0.0025035,4.76e-05,0.0169938,0.0001698,0.0024436,0.000102,0.0164852,0.0164842,0.0164857,0.0164851,0.0024264,0.0024237,9.95e-05,4.53e-05,0.0159554,0.0159548,9.99e-05,4.45e-05,0.0159568,9.93e-05,0.0023848,0.002293,0.0023802,6.07e-05,0.0001459,0.0001459,0.0154065,0.0154047,0.0154067,0.0154066,0.0154068,0.0023508,0.002351,-0.0001096,0.0148397,0.0148403,0.0001416,0.0148397,-0.0001123,-4.56e-05,0.0148401,0.0023028,0.014837,0.0022461,0.0023098,0.0142496,0.014251,0.014248,0.0142504,0.0142509,0.0142497,0.014251,0.0001944,0.014249,0.0142513,0.014251,0.0142513,0.0022055,0.0022668,0.013635,0.0136363,0.013634,0.013637,0.0136354,0.0136368,0.0136368,0.0136361,0.0001965,0.0024567,-2.67e-05,0.0136295,7.9e-05,0.0136295,0.0136293,0.0136299,0.0025829,0.002589,0.0024929,-2.04e-05,0.0129639,0.012967,0.012967,0.0129674,0.0129642,0.01297,0.0129652,-5.5e-06,0.0129662,0.0031003,0.0030869,0.0029168,0.0030736,0.0003082,0.0003045,0.0003073,0.0002815,0.0122138,0.0122114,0.0122128,0.000235,0.0122172,0.0122149,0.0122223,8.76e-05,0.0035339,0.0034147,0.0034963,0.0120972,0.0035713,0.0034842,0.0035487,0.0113433,0.0113459,0.0113473,0.0113479,0.0113477,9.4e-05,0.0113488,0.0113545,0.0039793,0.0038951,9.67e-05,0.0039336,0.0039313,0.0039246,0.0104208,0.0104215,0.0104235,0.0104202,0.0104236,0.0104271,0.0002866,0.0104392,0.00405,0.0095617,0.0095714,0.0096788,0.009409,0.0002791,0.0088021,0.0055837,0.0089086,0.0089038,0.0048473,8.54e-05,0.0079372,0.0043006,0.0043102,0.0043485,0.0074645,-0.0034857,-0.0034813,-0.0034887,0.0033658,-0.0066217,-0.0066217
0.0249363,-0.0097919,-0.037718,0.0109919,-0.04302,-0.0003325,0.0017437,0.0003619,0.0003337,0.0003386,-0.0381772,-0.001653,-0.0016196,-0.0016096,-0.0356213,0.0002599,-0.0015631,0.0008919,0.0002458,-0.0014523,0.0002396,0.0017477,0.0320853,0.0015224,0.0003917,0.0013635,0.0013635,0.0013635,0.0013508,0.001338,0.0002682,0.0012981,0.0292948,2.04e-05,0.0284082,0.0003452,0.0284046,0.0004829,0.000479,-0.0011167,0.0271506,0.0008169,1.21e-05,0.0268342,-0.0009662,-0.0004402,0.0255314,0.0255313,0.0251931,0.0251931,0.0248504,0.0008346,0.0008359,0.0005628,0.0241821,1.19e-05,5.61e-05,6.7e-06,0.0005286,0.0005446,5.6e-06,9e-06,0.0234596,0.0230901,0.0227147,0.0004628,0.0004647,0.0055578,1.12e-05,0.0001852,0.0076532,0.0212855,0.0213392,0.0003936,0.0003976,0.0209336,0.0003716,0.0002479,0.0188083,-0.0035403,-4.1e-05,-0.00329,0.0011236,-3.96e-05,-0.0061523,-0.0003963,-0.0004925,-0.0004779,-0.0004261,0.0187484,0.0206014,-0.0004292,0.0197378,-0.0004538,0.0198691,-0.0004485,-0.0004598,0.0186489,0.0062254,-0.0009521,-0.0004013,-0.0004572,-1.81e-05,-0.0004125,-0.0004151,0.0010779,-3.06e-05,-1.55e-05,0.0176701,0.0176741,0.001327,4.97e-05,-0.0034001,2.87e-05,-0.0023824,0.0054706,-0.0007406,-0.0006774,0.0022005,-0.0043078,-3.87e-05,-1.96e-05,-3.83e-05,-0.0060542,-0.0007245,-0.0006811,-0.0058543,2.85e-05,0.0156071,-0.0006718,-0.0064213,-1.59e-05,4.67e-05,-2.53e-05,4.52e-05,-0.000696,-0.0007036,-0.0026524,-0.0057794,-2.31e-05,2.88e-05,-0.0026104,-0.0059458,2.66e-05,-0.0025652,-0.0006308,-0.0015072,-0.0005714,-0.0044659,-0.0024977,-0.0024987,-2.5e-05,-2.42e-05,-2.01e-05,-1.25e-05,-1.25e-05,-0.000603,-0.0005951,-0.0142922,-1.73e-05,-1.73e-05,-0.0023924,-1.68e-05,-0.0140058,0.0044743,-1.7e-05,-0.0005997,-1.58e-05,-0.0013367,-0.0005394,-5.3e-06,-1.32e-05,-4.93e-05,-4.2e-06,-4.3e-06,-4.86e-05,-1.07e-05,-0.0023247,-4.7e-05,-1.8e-06,-1.7e-06,-9.3e-06,-0.0050082,-0.0001771,-1.1e-06,-3.78e-05,-5.46e-05,-9e-07,-4e-07,-3.38e-05,1.3e-06,-6e-07,-0.0022712,-0.0002201,-0.0124062,-2.92e-05,0.004291,-5.7e-06,-8.1e-06,-1e-05,-0.0013596,-0.0012766,-4.58e-05,-0.0116385,-3.48e-05,2.73e-05,2.73e-05,2.73e-05,-6.72e-05,1.92e-05,-8.72e-05,-0.0116199,-0.0001079,3.48e-05,3.47e-05,-0.0039274,0.0003074,-0.0032771,-0.0057641,-0.0051128,-0.0006849,5.03e-05,7.96e-05,8.28e-05,0.0038921,6.19e-05,8.76e-05,5.97e-05,0.0044994,0.000317,0.0015963,0.0002034,5.99e-05,0.0002178,0.0014939,7.76e-05,3.02e-05,1.48e-05,1.48e-05,3.17e-05,1.36e-05,0.0042112,4.62e-05,1.14e-05,7.33e-05,0.0012914,0.0040577,-3.82e-05,-7.15e-05,-7.15e-05,4e-06,3.36e-05,1.4e-06,4.3e-05,2.63e-05,4.4e-05,-0.0041343,-5.1e-06,0.0028269,-1.7e-06,-4.72e-05,-7.19e-05,5.6e-05,0.0084599,-0.0006366,0.0003944,-7.35e-05,-0.0008057,0.0004403,-0.0036012,0.0015578,0.0003752,0.0004314,0.0004908,0.0009894,0.0016429,0.001641,0.0016442,0.0067578,0.00286,0.00286
0.0245443,-0.009635,-0.0371251,0.0108129,-0.0423421,-0.0003395,0.0017275,0.0003475,0.0003201,0.000325,-0.0375758,-0.0016259,-0.0015933,-0.0015829,-0.0350601,0.0002484,-0.0015372,0.0008868,0.000235,-0.0014282,0.000229,0.0017287,0.0315797,0.0015069,0.0003791,0.0013406,0.0013406,0.0013406,0.0013281,0.0013155,0.00027,0.001277,0.0288334,2.03e-05,0.0279609,0.0003457,0.0279572,0.0004811,0.0004772,-0.0010964,0.0267229,0.0008112,1.21e-05,0.0264116,-0.0009484,-0.0004372,0.0251292,0.025129,0.0247963,0.0247962,0.0244589,0.0008177,0.000818,0.0005604,0.0238013,1.19e-05,5.54e-05,6.7e-06,0.0005265,0.0005423,5.7e-06,9e-06,0.0230901,0.0227265,0.0223569,0.0004615,0.0004634,0.0054662,1.12e-05,0.0001824,0.0075332,0.020951,0.0210038,0.0003933,0.0003972,0.0206047,0.0003716,0.0002479,0.0185153,-0.0034838,-4.06e-05,-0.0032374,0.0011018,-3.92e-05,-0.0060557,-0.0003945,-0.0004791,-0.0004648,-0.0004235,0.0184515,0.0202765,-0.0004169,0.0194264,-0.0004412,0.0195557,-0.000436,-0.0004473,0.0183547,0.0061312,-0.0009315,-0.0003899,-0.0004451,-1.82e-05,-0.0004011,-0.0004037,0.0010645,-3.05e-05,-1.56e-05,0.0173916,0.0173954,0.0013095,4.85e-05,-0.0033451,2.79e-05,-0.0023434,0.0053887,-0.0007243,-0.000662,0.0021674,-0.0042423,-3.85e-05,-1.97e-05,-3.81e-05,-0.0059582,-0.0007085,-0.0006659,-0.0057614,2.76e-05,0.0153612,-0.0006568,-0.006322,-1.6e-05,4.56e-05,-2.53e-05,4.4e-05,-0.0006807,-0.0006883,-0.002614,-0.0056878,-2.31e-05,2.8e-05,-0.0025727,-0.0058516,2.58e-05,-0.0025282,-0.0006167,-0.0014807,-0.0005582,-0.004395,-0.0024615,-0.0024625,-2.51e-05,-2.43e-05,-2.02e-05,-1.27e-05,-1.28e-05,-0.0005894,-0.0005816,-0.0140668,-1.75e-05,-1.75e-05,-0.0023578,-1.7e-05,-0.0137851,0.0044032,-1.71e-05,-0.0005863,-1.59e-05,-0.001313,-0.0005268,-5.6e-06,-1.34e-05,-4.9e-05,-4.5e-06,-4.6e-06,-4.82e-05,-1.09e-05,-0.0022909,-4.67e-05,-2.1e-06,-2.1e-06,-9.5e-06,-0.0049256,-0.0001706,-1.4e-06,-3.76e-05,-5.42e-05,-1.3e-06,-8e-07,-3.36e-05,9e-07,-1e-06,-0.0022382,-0.0002129,-0.0122109,-2.92e-05,0.0042214,-6e-06,-8.4e-06,-1.02e-05,-0.0013354,-0.0012537,-4.14e-05,-0.0114554,-3.47e-05,2.64e-05,2.64e-05,2.64e-05,-6.65e-05,1.84e-05,-8.63e-05,-0.0114371,-0.0001066,3.78e-05,3.78e-05,-0.0038622,0.0003061,-0.0032273,-0.0056749,-0.0050339,-0.0006757,4.9e-05,7.78e-05,8.09e-05,0.0038295,6.04e-05,8.57e-05,5.82e-05,0.0044268,0.0003153,0.0015739,0.0002036,5.83e-05,0.0002177,0.0014731,7.98e-05,2.9e-05,1.38e-05,1.39e-05,3.05e-05,1.26e-05,0.0041432,4.47e-05,1.05e-05,7.53e-05,0.0012737,0.0039922,-3.44e-05,-6.72e-05,-6.72e-05,3.1e-06,3.22e-05,5e-07,4.15e-05,2.51e-05,4.24e-05,-0.004071,-5.9e-06,0.002785,-2.6e-06,-4.74e-05,-7.15e-05,5.57e-05,0.0083264,-0.000625,0.0003858,-7.13e-05,-0.0007914,0.0004309,-0.0035456,0.0015346,0.0003669,0.0004223,0.0004808,0.0009724,0.0016147,0.0016128,0.001616,0.0066512,0.0028158,0.0028158
0.0241708,-0.0094507,-0.0365123,0.0106319,-0.0416551,-0.0003349,0.0016927,0.0003385,0.0003117,0.0003165,-0.0369661,-0.0015769,-0.0015455,-0.0015352,-0.0344912,0.0002421,-0.0014905,0.0008671,0.000229,-0.0013849,0.0002232,0.0016955,0.0310673,0.0014775,0.000371,0.0012999,0.0012999,0.0012999,0.0012878,0.0012756,0.0002646,0.0012383,0.0283655,1.98e-05,0.027507,0.0003411,0.0275035,0.0004744,0.0004705,-0.001062,0.0262894,0.0007938,1.18e-05,0.0259831,-0.000917,-0.0004224,0.0247213,0.0247212,0.0243938,0.0243938,0.024062,0.0008117,0.0007948,0.0005474,0.0234143,1.16e-05,5.43e-05,6.5e-06,0.0005143,0.0005298,5.5e-06,8.7e-06,0.0227147,0.0223569,0.0219934,0.0004505,0.0004523,0.0053681,1.09e-05,0.0001794,0.0073989,0.0206133,0.0206652,0.0003835,0.0003873,0.0202736,0.0003621,0.0002416,0.0182161,-0.003414,-3.98e-05,-0.0031716,0.0010861,-3.83e-05,-0.0059452,-0.0003894,-0.0004748,-0.0004607,-0.0004154,0.018153,0.0199486,-0.0004135,0.019113,-0.0004373,0.01924,-0.0004322,-0.0004433,0.0180584,0.0060324,-0.0009155,-0.0003869,-0.0004411,-1.76e-05,-0.0003978,-0.0004004,0.0010553,-2.98e-05,-1.51e-05,0.0171114,0.0171152,0.0012961,4.8e-05,-0.0032798,2.77e-05,-0.0022943,0.005299,-0.0007156,-0.0006544,0.0021428,-0.0041673,-3.76e-05,-1.92e-05,-3.73e-05,-0.0058511,-0.0007001,-0.0006581,-0.0056578,2.74e-05,0.015115,-0.0006491,-0.0062128,-1.56e-05,4.51e-05,-2.46e-05,4.36e-05,-0.0006725,-0.00068,-0.0025727,-0.0055861,-2.25e-05,2.78e-05,-0.0025322,-0.0057473,2.56e-05,-0.0024885,-0.0006095,-0.0014598,-0.0005519,-0.0043141,-0.0024231,-0.002424,-2.44e-05,-2.36e-05,-1.96e-05,-1.22e-05,-1.23e-05,-0.0005825,-0.0005748,-0.01384,-1.69e-05,-1.69e-05,-0.0023213,-1.65e-05,-0.0135635,0.0043228,-1.66e-05,-0.0005794,-1.54e-05,-0.0012945,-0.0005208,-5.3e-06,-1.29e-05,-4.79e-05,-4.2e-06,-4.3e-06,-4.72e-05,-1.05e-05,-0.0022552,-4.57e-05,-1.9e-06,-1.8e-06,-9.2e-06,-0.0048487,-0.0001701,-1.2e-06,-3.67e-05,-5.31e-05,-1.1e-06,-6e-07,-3.29e-05,1.1e-06,-8e-07,-0.0022036,-0.0002117,-0.0120159,-2.85e-05,0.0041457,-5.6e-06,-8e-06,-9.8e-06,-0.0013149,-0.0012346,-4.31e-05,-0.0112728,-3.39e-05,2.62e-05,2.62e-05,2.62e-05,-6.52e-05,1.84e-05,-8.47e-05,-0.0112548,-0.0001047,3.49e-05,3.49e-05,-0.0038028,0.000299,-0.0031726,-0.0055805,-0.00495,-0.0006613,4.85e-05,7.68e-05,7.99e-05,0.0037715,5.97e-05,8.47e-05,5.76e-05,0.0043485,0.0003082,0.0015478,0.0001982,5.77e-05,0.0002121,0.0014486,7.62e-05,2.9e-05,1.41e-05,1.41e-05,3.04e-05,1.29e-05,0.0040699,4.45e-05,1.08e-05,7.2e-05,0.0012523,0.0039213,-3.61e-05,-6.84e-05,-6.84e-05,3.6e-06,3.22e-05,1.1e-06,4.13e-05,2.52e-05,4.22e-05,-0.0040086,-5.2e-06,0.0027366,-2e-06,-4.6e-05,-6.98e-05,5.48e-05,0.0081874,-0.0006158,0.000381,-7.04e-05,-0.0007796,0.0004254,-0.0034928,0.0015081,0.0003624,0.0004168,0.0004743,0.0009571,0.0015896,0.0015878,0.0015909,0.006541,0.0027687,0.0027687
0.0001256,-0.0020768,0.0046533,0.0108516,0.0009137,-0.0136731,0.0413164,-0.0001064,-0.0001014,-0.000101,0.0005169,-3.8e-06,-7.3e-06,-1.6e-06,0.0004756,-8.97e-05,-2e-06,0.032855,-7.8e-05,-1.3e-06,-7.67e-05,0.0315883,-9.68e-05,0.0310791,-6.28e-05,2.62e-05,2.62e-05,2.62e-05,2.59e-05,2.57e-05,6.28e-05,3.23e-05,0.0002764,0.0011845,0.0002782,5.91e-05,0.0002823,5.95e-05,5.88e-05,-8.1e-06,0.0002732,0.0263184,0.0011178,0.0003807,-4e-07,-4.7e-05,0.0003624,0.0003611,0.0003586,0.0003548,0.0003529,-3.14e-05,-2.52e-05,0.0237483,0.0003863,0.0009556,0.0009828,0.0009855,0.0230668,0.0230672,0.0008551,0.0008288,0.0004628,0.0004615,0.0004505,0.0219937,0.0219937,6.26e-05,0.0006882,0.000653,0.0001362,0.0005013,0.0005033,0.0212476,0.0212476,0.0005693,0.0212463,0.0144707,0.0097755,2e-06,-0.0004085,1.33e-05,-8.9e-06,-0.0004426,-0.000135,-0.0001137,0.0207407,0.0207424,-7.33e-05,0.0010094,0.001107,0.0203577,0.0010825,0.0199618,0.0010908,0.0199621,0.0195582,0.0010313,0.0003343,0.0176287,0.0187202,0.0182871,-0.0011506,0.0182869,0.018287,0.0005309,-0.0012077,-0.0011967,0.0010351,0.0010335,0.0005309,-0.0011827,0.0003428,-0.0011627,0.0003913,0.0166065,0.0173671,0.0173714,0.0007412,-5.23e-05,-0.0012472,-0.0012407,-0.0012438,0.0001348,0.0168979,0.0169009,0.0001362,-0.0012752,0.001258,0.016423,-0.0001431,-0.001247,-0.0012555,-0.0012465,-0.001248,0.0159205,0.0159199,-0.0003211,0.0001049,-0.0012689,-0.0012701,-0.0003245,9.21e-05,-0.0012545,-0.000327,0.0154147,0.0143775,0.0154182,0.0002005,3.88e-05,3.89e-05,-0.0012864,-0.0012998,-0.0012873,-0.0012846,-0.0012828,0.0148858,0.0148856,-0.0007954,-0.0012915,-0.0012867,2.65e-05,-0.0012915,-0.000807,-0.0001531,-0.0012881,0.0143355,-0.0013134,0.0134951,0.0143279,-0.0013011,-0.001294,-0.0013124,-0.0012948,-0.0012916,-0.0013003,-0.0012941,0.0003697,-0.0013051,-0.0012879,-0.00129,-0.0012919,0.0126161,0.0131825,-0.0013105,-0.0012985,-0.0013146,-0.0012982,-0.0013084,-0.0012944,-0.001299,-0.0013036,0.0003406,0.0131565,-0.0004088,-0.0013473,0.0001652,-0.0013512,-0.0013532,-0.0013488,0.0124816,0.0125823,0.0124861,-0.0003853,-0.0014902,-0.0014706,-0.0014708,-0.0014681,-0.001488,-0.0014555,-0.0014803,-0.0003889,-0.0014733,0.0123796,0.0123823,0.0114746,0.0123969,0.0009625,0.0008908,0.0009147,0.0009683,-0.0018825,-0.0018945,-0.0018877,0.0009753,-0.0018662,-0.0018756,-0.0018407,0.0002032,0.0116212,0.0112218,0.0115992,-0.0024045,0.011585,0.0112961,0.0115389,-0.0025085,-0.0024991,-0.0024939,-0.0024925,-0.0024922,0.0001965,-0.0024869,-0.0024669,0.0106995,0.0105702,0.0002007,0.0106448,0.0106453,0.0106474,-0.0029716,-0.0029697,-0.0029637,-0.0029731,-0.0029633,-0.0029527,0.0006484,-0.0029163,0.0092172,-0.0029946,-0.0029677,-0.0026577,0.0034879,0.0006209,0.0048864,-0.0079426,0.004795,0.0043352,-0.0083861,-1.38e-05,0.0038789,-0.0077207,-0.0077137,-0.0076905,-0.004937,-0.0069172,-0.0069196,-0.0069155,-3.63e-05,0.0035886,0.0035886
0.0001472,-0.0020785,0.0046876,0.0109362,0.000911,-0.0135923,0.0413166,-2.34e-05,-2.21e-05,-2.21e-05,0.0005142,9.6e-06,8.8e-06,9.7e-06,0.0004732,-1.92e-05,9.2e-06,0.0328551,-1.19e-05,9.1e-06,-1.17e-05,0.0315884,-9.32e-05,0.0310794,-1.5e-06,1.99e-05,1.99e-05,1.99e-05,1.97e-05,1.95e-05,2.6e-06,1.92e-05,0.0002783,0.0011864,0.00028,2.2e-06,0.0002843,3.2e-06,3.2e-06,-1.68e-05,0.0002761,0.0263186,0.0011197,0.0003835,-8.7e-06,0,0.0003658,0.0003645,0.000362,0.0003581,0.0003562,1.32e-05,1.08e-05,0.0237483,0.0003882,0.0009575,0.0009844,0.0009871,0.0230671,0.0230673,0.0008568,0.0008308,0.0004647,0.0004634,0.0004523,0.0219937,0.0219938,9.34e-05,0.0006898,0.0006544,0.000119,0.0004987,0.0005015,0.0212476,0.0212477,0.0005676,0.0212464,0.0144717,0.0097743,8.8e-06,-0.0004071,1.97e-05,3.43e-05,-0.0004411,-0.0001195,-7.08e-05,0.020741,0.0207428,-3.08e-05,0.00103,0.0011162,0.0203579,0.001094,0.019962,0.0011018,0.0199623,0.0195584,0.0010415,0.000298,0.0176243,0.0187207,0.0182875,-0.0011493,0.0182873,0.0182874,0.0005062,-0.0012065,-0.0011954,0.0010441,0.0010424,0.0005068,-0.0011815,0.0003411,-0.0011615,0.0003899,0.0166101,0.0173673,0.0173717,0.0007398,-2.33e-05,-0.0012459,-0.0012395,-0.0012425,0.0001395,0.0168982,0.0169012,0.0001401,-0.001274,0.0012669,0.0164232,-0.0001184,-0.0012459,-0.0012544,-0.0012453,-0.0012469,0.0159207,0.0159201,-0.0002899,0.0001093,-0.0012677,-0.001269,-0.0002934,9.67e-05,-0.0012535,-0.0002959,0.0154149,0.0143882,0.0154177,0.000206,6.87e-05,6.88e-05,-0.0012853,-0.0012987,-0.0012862,-0.0012836,-0.0012818,0.0148853,0.0148851,-0.0008027,-0.0012904,-0.0012857,5.52e-05,-0.0012904,-0.0008145,-0.0001563,-0.001287,0.0143349,-0.0013123,0.0135045,0.0143267,-0.0013002,-0.001293,-0.0013115,-0.0012939,-0.0012907,-0.0012994,-0.0012931,0.0003974,-0.0013042,-0.001287,-0.0012891,-0.0012909,0.0126126,0.0131815,-0.0013096,-0.0012976,-0.0013137,-0.0012972,-0.0013074,-0.0012936,-0.001298,-0.0013026,0.0003669,0.0131555,-0.0004131,-0.0013465,0.0001773,-0.0013502,-0.0013522,-0.0013478,0.0124894,0.0125894,0.012484,-0.0003892,-0.0014895,-0.0014698,-0.00147,-0.0014673,-0.0014873,-0.0014546,-0.0014796,-0.0003928,-0.0014725,0.0123775,0.0123802,0.0114713,0.012395,0.0009854,0.0009115,0.0009362,0.0009909,-0.0018816,-0.0018936,-0.0018868,0.0009954,-0.0018653,-0.0018746,-0.0018398,0.000214,0.0116194,0.0112269,0.0115969,-0.0024035,0.0115827,0.0113006,0.011536,-0.0025076,-0.0024983,-0.0024931,-0.0024916,-0.0024914,0.0002068,-0.0024859,-0.0024661,0.0106968,0.0105739,0.0002111,0.0106413,0.0106419,0.0106439,-0.0029707,-0.0029687,-0.0029628,-0.0029722,-0.0029624,-0.0029517,0.0006639,-0.0029153,0.0092146,-0.0029937,-0.0029668,-0.002657,0.0034924,0.0006221,0.0048837,-0.0079402,0.0047985,0.0043311,-0.0083835,-7.4e-06,0.0038753,-0.0077183,-0.0077113,-0.0076881,-0.0049366,-0.0069132,-0.0069157,-0.0069116,-3.68e-05,0.0035887,0.0035887
-0.0147374,-0.0317919,-0.0071235,0.0343302,-0.0086511,0.0304147,0.0003743,0.031518,0.0300843,0.029923,-0.0077416,-0.0198236,-0.0183105,-0.0199736,-0.0072188,0.0261595,-0.0196992,0.0002235,0.0244976,-0.0182798,0.0241111,0.0004692,0.0070395,0.0003348,0.0227454,0.0183124,0.018311,0.0183119,0.0181394,0.0179675,-0.0191775,0.0149812,0.0058776,8.14e-05,0.0057875,-0.0202049,0.0057673,-0.0199579,-0.0197393,-0.020758,0.0056321,0.0001399,1.29e-05,0.0055705,-0.0199739,0.0075369,0.0057219,0.0057235,0.0056468,0.0056469,0.0055711,0.0073967,0.0227908,0.0001735,0.0057294,9.66e-05,1.72e-05,7.4e-06,0.0001586,8.66e-05,3.92e-05,0.0001308,0.0055578,0.0054662,0.0053681,6.26e-05,9.34e-05,0.0212649,4.44e-05,2.3e-06,0.0084077,0.0004317,0.0007518,1.4e-06,8.9e-06,-0.0003222,-3.9e-06,-2.41e-05,-0.000108,-0.0124547,-8e-07,-0.0125297,0.0123434,-0.0001432,-0.0089172,0.0156802,6.71e-05,4.78e-05,0.0128014,0.0091152,0.0054159,-3.17e-05,0.0052779,-5e-07,0.0052986,8e-07,-5.8e-06,0.0049744,-0.0118895,-0.0056994,0.0003441,0.0003167,1.13e-05,0.0003301,0.0003293,-0.0167917,-4.68e-05,1.12e-05,0.0038496,0.0038304,-0.0162844,2.71e-05,-0.0129811,2.22e-05,-0.0127638,0.0017076,0.0002278,0.0002432,-0.0115134,0.0024635,3.7e-05,6.1e-06,3.62e-05,-0.0105501,0.0002238,0.0002309,-0.0104902,1.12e-05,0.0023055,0.0002225,0.0001395,3.8e-06,1.32e-05,3.75e-05,1.22e-05,0.0002089,0.0002418,0.0112768,-0.0095989,3.57e-05,7.2e-06,0.0113956,-0.0095391,6.5e-06,0.0115001,0.0002052,0.0041343,-7.5e-05,-0.0091845,0.0111911,0.0111886,-3.17e-05,-3.1e-05,3.18e-05,-4e-06,-4e-06,-4.43e-05,-8.09e-05,-0.003303,3.14e-05,3.05e-05,0.0110343,2.93e-05,-0.0026018,0.0092873,2.79e-05,-8.21e-05,2.71e-05,0.0035526,-0.0003358,-1.07e-05,2.32e-05,-1.91e-05,-1.15e-05,-1.15e-05,-1.92e-05,2.27e-05,0.0103207,-1.96e-05,-1.22e-05,-1.21e-05,2.16e-05,-0.0010726,-0.0002546,2.37e-05,-1.89e-05,-2.15e-05,3.69e-05,3.55e-05,-2.16e-05,3.39e-05,4.28e-05,0.0101384,-0.0002597,-0.0002573,-1.82e-05,0.0124971,1.22e-05,1.55e-05,1.8e-05,0.0013883,0.0012723,-0.0004745,0.000164,-2.16e-05,-2.27e-05,-2.27e-05,-2.28e-05,-2.15e-05,-6.8e-06,-2.25e-05,0.0002136,-2.19e-05,-0.0004729,-0.000473,-0.0003951,-0.0004605,0.004526,0.0033253,0.0037161,0.0036046,-4.2e-06,7.03e-05,7.75e-05,0.0029123,-2.5e-06,1.75e-05,-5.6e-06,0.0112528,-0.0004446,0.0005426,-0.0005285,8.65e-05,-0.0005181,0.0004602,-0.0006209,1.62e-05,4e-06,3.7e-06,4.59e-05,4e-07,0.0106266,2.48e-05,-2.7e-06,-0.0005837,0.0003461,0.0106501,-0.0006508,-0.000692,-0.0006921,3.15e-05,6.79e-05,2.78e-05,7.98e-05,5.86e-05,7.98e-05,0.008298,2.72e-05,0.0013949,3e-05,-3.2e-06,-3.89e-05,0.0006579,0.0058503,-0.0010005,0.00061,0.0004136,-0.00135,0.0006673,0.006483,6.4e-06,0.0006479,0.0006282,0.0006555,0.0004918,0.0016843,0.0016832,0.001685,0.0033914,0.0016205,0.0016205
-2.06e-05,-3.93e-05,-5e-06,4.35e-05,-7e-06,6.49e-05,-4.28e-05,5.24e-05,5e-05,4.98e-05,-6e-06,-2.46e-05,-2.23e-05,-2.51e-05,-5.6e-06,4.37e-05,-2.48e-05,-3.41e-05,4.09e-05,-2.3e-05,4.03e-05,-3.25e-05,5.6e-06,-3.21e-05,3.8e-05,2.35e-05,2.35e-05,2.35e-05,2.33e-05,2.31e-05,-3.31e-05,1.82e-05,3.8e-06,0.0273592,4.3e-06,-3.38e-05,4.3e-06,-3.34e-05,-3.3e-05,-3.42e-05,4.3e-06,6.74e-05,0.0255911,4.9e-06,-3.29e-05,1.28e-05,5.3e-06,5.3e-06,5.3e-06,5.3e-06,5.2e-06,1.23e-05,3.77e-05,0.0001513,5.8e-06,0.0226844,0.0226842,0.0226842,0.0004626,0.000466,0.0223391,0.0223388,1.12e-05,1.12e-05,1.09e-05,0.0006882,0.0006898,4.44e-05,0.0212671,0.0208964,1.13e-05,1.17e-05,1.26e-05,0.0009106,0.0009066,1.37e-05,0.000905,0.0157465,0.0011069,-1.31e-05,0.0204932,-1.25e-05,3.39e-05,0.0204899,-6.7e-06,3.03e-05,0.0026897,0.0026825,3.15e-05,0.0001016,9.89e-05,0.0026272,9.93e-05,0.0025731,0.0001002,0.0025707,0.0025148,9.56e-05,-6.6e-06,0.0022879,0.0024045,0.0023476,0.0180167,0.0023708,0.0023688,2.57e-05,0.0175743,0.0175755,9.72e-05,9.7e-05,2.77e-05,0.0171287,3.13e-05,0.0171308,3.57e-05,0.0022376,0.0023241,0.0023208,7.05e-05,2.2e-05,0.0166627,0.0166633,0.0166631,1.91e-05,0.0023052,0.0023058,1.84e-05,0.016187,0.0001317,0.0022509,1.26e-05,0.0157026,0.0157016,0.0157028,0.0157024,0.0022369,0.0022341,2.4e-06,1.59e-05,0.015198,0.0151976,3.1e-06,1.48e-05,0.0151995,2.8e-06,0.0021996,0.0020855,0.0021974,2.69e-05,4.9e-05,4.9e-05,0.0146757,0.014674,0.0146757,0.0146758,0.0146761,0.0021717,0.0021721,-8.26e-05,0.0141358,0.0141364,4.93e-05,0.0141358,-8.38e-05,-2.06e-05,0.0141362,0.0021287,0.0141333,0.0020489,0.0021375,0.0135743,0.0135754,0.0135729,0.0135751,0.0135755,0.0135745,0.0135753,0.0001003,0.0135738,0.0135759,0.0135756,0.0135756,0.002052,0.0021011,0.0129889,0.0129904,0.0129883,0.0129906,0.0129891,0.0129909,0.0129904,0.0129897,0.0001072,0.0022821,-1.16e-05,0.0129842,4.81e-05,0.0129837,0.0129834,0.0129839,0.0023774,0.0023848,0.0023234,-6.6e-06,0.0123512,0.012354,0.012354,0.0123544,0.0123514,0.0123564,0.0123524,7.4e-06,0.0123533,0.0029021,0.0028894,0.0027349,0.0028761,0.0002155,0.000218,0.0002186,0.0001909,0.0116384,0.011636,0.0116373,0.0001552,0.0116413,0.0116387,0.0116461,5.93e-05,0.0033177,0.0031842,0.0032839,0.0115295,0.0033551,0.0032518,0.0033361,0.0108119,0.0108146,0.0108159,0.0108163,0.0108163,6.64e-05,0.0108167,0.0108227,0.0037493,0.0036493,6.86e-05,0.0037083,0.0037062,0.0036998,0.0099354,0.009936,0.0099379,0.0099348,0.009938,0.0099414,0.0002257,0.0099525,0.0038257,0.0091174,0.0091265,0.0092277,0.0089307,0.0002673,0.0083687,0.0053469,0.0084511,0.0084725,0.0046474,6.62e-05,0.0075542,0.0041241,0.0041333,0.0041698,0.0071314,-0.0032992,-0.003295,-0.0033021,0.0032129,-0.0063211,-0.0063211
0.0002585,1.97e-05,-0.0002938,-1.47e-05,-0.000335,-4.3e-05,-7.95e-05,-7.05e-05,-6.74e-05,-6.7e-05,-0.0002965,5.05e-05,4.68e-05,5.07e-05,-0.0002766,-5.84e-05,5.02e-05,-6.71e-05,-5.47e-05,4.66e-05,-5.38e-05,-5.79e-05,0.0002472,-5.81e-05,-4.95e-05,-4.63e-05,-4.63e-05,-4.63e-05,-4.59e-05,-4.55e-05,4.43e-05,-3.86e-05,0.0002261,0.0268818,0.0002195,4.94e-05,0.0002196,4.99e-05,4.94e-05,4.64e-05,0.0002097,4.03e-05,0.0251447,0.0002077,4.55e-05,-1.69e-05,0.0001966,0.0001966,0.000194,0.000194,0.0001913,-6.4e-06,-5e-05,0.0001236,0.0001853,0.0222885,0.0222889,0.0222885,0.0004301,0.0004339,0.0219495,0.0219488,0.0001852,0.0001824,0.0001794,0.000653,0.0006544,2.3e-06,0.0208964,0.0205337,3.65e-05,0.0001889,0.0001889,0.0008721,0.0008682,0.0001912,0.0008664,0.0154571,0.0012353,1.26e-05,0.0201369,1.56e-05,-4.6e-06,0.0201345,-1.72e-05,-3.55e-05,0.0026131,0.0026062,-2.21e-05,0.0002207,0.0002481,0.0025531,0.0002422,0.0025001,0.000244,0.0024977,0.0024433,0.0002305,9.24e-05,0.0022427,0.0023349,0.0022791,0.0177046,0.0023023,0.0023003,0.0001034,0.0172701,0.0172711,0.0002285,0.0002283,0.0001054,0.0168326,5.8e-05,0.0168344,7e-05,0.0022178,0.0022552,0.0022524,0.0001371,-2.12e-05,0.016374,0.0163748,0.0163744,1.41e-05,0.0022373,0.0022382,1.48e-05,0.0159072,0.0002513,0.002185,-3.87e-05,0.0154309,0.0154304,0.0154309,0.0154312,0.0021717,0.0021688,-6.43e-05,9.1e-06,0.0149349,0.0149351,-6.37e-05,6.4e-06,0.0149369,-6.41e-05,0.0021363,0.0020024,0.0021358,2.94e-05,-1.75e-05,-1.74e-05,0.014422,0.0144204,0.0144217,0.0144221,0.0144223,0.0021107,0.0021113,-0.0001879,0.0138913,0.0138918,-1.58e-05,0.0138913,-0.0001898,-2.32e-05,0.0138917,0.0020693,0.0138889,0.0019713,0.0020795,0.0133398,0.0133407,0.0133381,0.0133406,0.013341,0.0133396,0.0133407,3.75e-05,0.013339,0.0133414,0.0133412,0.0133409,0.0019626,0.0020478,0.0127645,0.0127658,0.0127637,0.0127661,0.0127647,0.0127664,0.012766,0.0127652,4.53e-05,0.0022254,-0.0001155,0.0127598,3.06e-05,0.0127595,0.0127591,0.0127597,0.0023044,0.0023126,0.0022691,-0.0001059,0.012138,0.0121413,0.0121412,0.0121416,0.012138,0.0121435,0.0121388,-9.22e-05,0.0121395,0.0028385,0.002826,0.0026412,0.0028153,0.0001665,0.0001529,0.0001574,0.0001683,0.0114388,0.0114363,0.0114376,0.0001746,0.0114417,0.0114393,0.0114463,4.86e-05,0.0032501,0.003127,0.0032162,0.011332,0.0032863,0.0031927,0.0032669,0.0106272,0.0106297,0.010631,0.0106314,0.0106314,5.58e-05,0.010632,0.0106377,0.0036738,0.0035828,5.66e-05,0.0036328,0.0036305,0.0036243,0.0097662,0.0097669,0.0097687,0.0097658,0.0097688,0.0097722,0.0001521,0.0097829,0.0037653,0.0089624,0.008971,0.00907,0.0087693,0.0003081,0.0082156,0.0052647,0.0082963,0.0083182,0.004578,7.2e-06,0.0074306,0.0040625,0.0040721,0.0041083,0.0070197,-0.0032262,-0.0032221,-0.003229,0.0031994,-0.0061984,-0.0061984
-0.0277719,-0.0379567,-0.031378,-0.0061168,-0.0126188,-0.0095946,0.0004816,-0.0094942,-0.0090828,-0.0090327,-0.0111143,-0.0315628,-0.0312545,-0.0305336,-0.0103639,-0.0088124,-0.0301081,0.0002266,-0.008248,-0.02794,-0.0081192,0.0006336,0.0091747,0.0003871,-0.0075983,0.0256147,0.0256152,0.0256149,0.0253775,0.0251369,0.0113418,0.0255036,0.0085648,0.0001048,0.0084087,0.0082122,0.0082874,0.0081644,0.0080757,-0.0200001,0.0075001,8.25e-05,-3e-07,0.0074115,-0.0192796,-0.0177933,0.0071502,0.0071492,0.0070556,0.0070548,0.0069608,-0.0164634,0.0069101,0.0002417,0.0078918,-4.23e-05,1.52e-05,0,9.64e-05,0.0001388,-1.61e-05,-6.03e-05,0.0076532,0.0075332,0.0073989,0.0001362,0.000119,0.0084077,1.13e-05,3.65e-05,0.0205378,0.0038899,0.0038152,3.56e-05,4.68e-05,0.0024235,2.62e-05,3.57e-05,0.0022499,-0.019074,-3.7e-06,-0.018989,-0.0096823,-0.0002138,-0.0200987,-0.0056849,-6.81e-05,-0.0001096,-0.0089035,0.0008168,0.0030725,-8.34e-05,0.0014854,-5.76e-05,0.0018745,-5.63e-05,-5.64e-05,0.0017821,0.0069656,-0.0043022,0.0002075,0.0001975,1.17e-05,0.0002011,0.0002009,-0.0059262,-5.94e-05,1.26e-05,0.0010735,0.0010792,-0.0056605,1.67e-05,-0.014884,1.54e-05,-0.0147381,0.0005228,0.0001699,0.0001736,-0.0127733,-0.0139323,-2.8e-05,1.13e-05,-2.69e-05,-0.0158677,0.0001687,0.0001671,-0.0153365,9.5e-06,-0.0009183,0.0001624,-0.0144917,1.09e-05,7.7e-06,-1.8e-06,8.2e-06,0.0001598,0.0001473,-0.0044739,-0.0145015,-1.9e-06,8.2e-06,-0.0042958,-0.0145228,7.3e-06,-0.0041382,0.0001522,-0.0012017,0.0002479,-0.0145529,-0.0038599,-0.0038636,-3.2e-05,-3.12e-05,2e-06,1.35e-05,1.36e-05,0.0002323,0.0002441,-0.0010508,9e-07,1.3e-06,-0.0032964,9e-07,-0.000102,0.0133324,4e-07,0.0002365,3e-07,-0.0011237,0.0003308,1.34e-05,9e-07,1.4e-05,1.39e-05,1.39e-05,1.43e-05,1.2e-06,-0.0036294,1.45e-05,1.44e-05,1.43e-05,1.2e-06,0.0003498,0.0003008,-8e-07,1.35e-05,1.34e-05,-5.6e-06,-5.2e-06,1.48e-05,-4.3e-06,-7.9e-06,-0.0030068,0.0003019,0.0010905,1.8e-05,0.0084503,-3.95e-05,-4.57e-05,-5.03e-05,-0.0027714,-0.0025552,0.000724,0.0014011,3.51e-05,2.9e-05,2.89e-05,2.91e-05,3.9e-05,-1.7e-06,4.34e-05,0.0014382,4.68e-05,0.0007156,0.0007157,0.0011419,0.0006519,-0.0079291,-0.008322,-0.0082146,-0.0085856,-1.8e-06,4.82e-05,5.36e-05,-0.0075953,-3.59e-05,-8.83e-05,-2.88e-05,0.0077337,0.0006239,-0.0019757,0.0008477,3.67e-05,0.0008187,-0.0017624,0.0010937,-6.53e-05,-3.35e-05,-3.3e-05,-4e-06,-3.51e-05,0.0072502,-9.95e-05,-2.81e-05,0.0010259,-0.0014148,0.007208,0.0013297,0.0012931,0.0012932,-8.49e-05,-5.22e-05,-8.67e-05,-4.23e-05,-5.93e-05,-3.86e-05,0.0007678,-0.0001219,0.003537,-0.0001145,-0.0001489,-0.0001302,-0.0013897,0.0070985,0.0006254,-0.0004154,-0.0011565,0.0010085,-0.0004272,0.0038212,0.0025083,-0.0004016,-0.0003965,-0.000347,0.0007415,-0.0002366,-0.0002378,-0.0002357,0.0051176,0.0018632,0.0018632
0.0302008,0.0003347,-0.0327268,0.0046214,-0.039471,-0.0055066,0.0017302,-0.005008,-0.0047898,-0.0047577,-0.035024,0.0053642,0.005066,0.0053378,-0.0326806,-0.0041066,0.0052878,0.0009181,-0.0038438,0.0049052,-0.0037852,0.0016695,0.029346,0.0014964,-0.0034133,-0.0047749,-0.0047746,-0.0047748,-0.00473,-0.0046852,0.002992,-0.0041648,0.0268863,8.4e-06,0.0260453,0.0035745,0.0260574,0.0036656,0.0036268,0.0049641,0.0249239,0.0008538,2.3e-05,0.0246331,0.0048868,-0.0002199,0.0233436,0.0233433,0.0230342,0.0230342,0.0227205,0.0009367,-0.0043836,0.000573,0.0219404,8.5e-06,6.25e-05,1.72e-05,0.0005542,0.0005803,1.08e-05,1e-07,0.0212855,0.020951,0.0206133,0.0005013,0.0004987,0.0004317,1.17e-05,0.0001889,0.0038899,0.0205264,0.0205228,0.0004527,0.0004541,0.0204714,0.0004329,0.0002982,0.0183799,0.0008308,-3.32e-05,0.0010843,-0.0004179,1.67e-05,-0.002351,-0.0029672,-0.000425,-0.0004028,-0.0021124,0.0165928,0.0189396,-0.0003427,0.0182687,-0.0003769,0.0183565,-0.000372,-0.0003832,0.0172268,0.0078361,0.0006691,-0.0004233,-0.0004735,-1.78e-05,-0.0004324,-0.0004349,0.0049819,-1.21e-05,-1.56e-05,0.0165543,0.0165614,0.0051007,4.5e-05,0.0006709,2.55e-05,0.0016171,0.005057,-0.0007355,-0.0006765,0.005698,-0.0033945,-4.02e-05,-1.91e-05,-3.98e-05,-0.002336,-0.0007202,-0.0006787,-0.0022021,2.72e-05,0.0150208,-0.0006689,-0.0049616,-1.53e-05,4.49e-05,-3e-05,4.35e-05,-0.0006914,-0.0007043,-0.0044316,-0.0023865,-2.78e-05,2.81e-05,-0.0044311,-0.0025605,2.62e-05,-0.0044225,-0.0006273,-0.0021471,-0.0005222,-0.0011688,-0.00432,-0.0043202,-1.36e-05,-1.31e-05,-2.46e-05,-1.11e-05,-1.12e-05,-0.0005596,-0.0005457,-0.0133342,-2.2e-05,-2.18e-05,-0.0042394,-2.11e-05,-0.0132831,0.0012745,-2.09e-05,-0.000551,-1.96e-05,-0.0018734,-0.0004501,-3.2e-06,-1.65e-05,-4.5e-05,-2e-06,-2.1e-06,-4.43e-05,-1.4e-05,-0.0039972,-4.27e-05,5e-07,6e-07,-1.23e-05,-0.0047166,-0.0001099,-4.8e-06,-3.38e-05,-5e-05,-6.7e-06,-6e-06,-2.95e-05,-4e-06,-7.4e-06,-0.0039683,-0.0001514,-0.0122869,-2.61e-05,0.000926,-3.4e-06,-5.8e-06,-7.8e-06,-0.0013089,-0.0012246,2.05e-05,-0.0116438,-3.33e-05,2.88e-05,2.88e-05,2.88e-05,-6.56e-05,2.06e-05,-8.56e-05,-0.011639,-0.0001064,0.0001003,0.0001002,-0.0038657,0.0003727,-0.0033649,-0.00554,-0.004986,-0.0005623,4.92e-05,5.84e-05,5.95e-05,0.0039927,6.36e-05,9e-05,6.14e-05,0.0014487,0.0003794,0.0016934,0.0002625,3.51e-05,0.0002774,0.0015885,0.000133,2.91e-05,1.33e-05,1.34e-05,1.88e-05,1.3e-05,0.0013359,4.65e-05,1.09e-05,0.0001254,0.0013759,0.001184,-7e-07,-2.18e-05,-2.18e-05,3e-07,1.9e-05,-1.4e-06,2.5e-05,1.45e-05,2.56e-05,-0.0058014,-4.1e-06,0.0021991,-2.6e-06,-3.75e-05,-5.54e-05,7.28e-05,0.0064926,-0.0004697,0.0002841,-2.46e-05,-0.0006054,0.0003174,-0.0052109,0.0013081,0.0002564,0.0003153,0.0003638,0.000793,0.0012835,0.001282,0.0012846,0.0054945,0.0023262,0.0023262
0.0302951,0.0001638,-0.0325444,0.0053828,-0.0395566,-0.0047995,0.0017377,-0.0042785,-0.0040933,-0.0040648,-0.0351023,0.0053617,0.0050891,0.0053198,-0.0327537,-0.0034898,0.0052701,0.0009236,-0.0032662,0.0048887,-0.0032168,0.0016762,0.0294243,0.001503,-0.0028775,-0.0047295,-0.0047293,-0.0047294,-0.0046851,-0.0046407,0.0024809,-0.0041829,0.0269448,8.8e-06,0.0261024,0.0030818,0.0261156,0.0031785,0.0031451,0.004803,0.024987,0.0008588,2.34e-05,0.0246957,0.0047323,0.0001434,0.0234101,0.0234098,0.0230998,0.0230999,0.0227852,0.0012831,-0.0040235,0.0005762,0.0219957,1.11e-05,6.28e-05,1.74e-05,0.0005588,0.0005829,1.19e-05,3.5e-06,0.0213392,0.0210038,0.0206652,0.0005033,0.0005015,0.0007518,1.26e-05,0.0001889,0.0038152,0.0205228,0.0205264,0.0004546,0.0004559,0.0204705,0.0004348,0.0002989,0.0183824,0.0008158,-3.32e-05,0.0010672,-5.77e-05,1.65e-05,-0.0022891,-0.0025935,-0.0004221,-0.0003997,-0.0017554,0.0167914,0.0190418,-0.0003414,0.0183862,-0.0003754,0.0184698,-0.0003705,-0.0003819,0.0173329,0.0075302,0.0006106,-0.0004184,-0.0004692,-1.78e-05,-0.0004278,-0.0004302,0.0047296,-1.24e-05,-1.56e-05,0.0166456,0.0166523,0.0048555,4.53e-05,0.0005947,2.57e-05,0.001545,0.0050942,-0.0007331,-0.0006737,0.0056339,-0.0031836,-3.93e-05,-1.92e-05,-3.89e-05,-0.0023574,-0.0007178,-0.0006761,-0.0022285,2.73e-05,0.015103,-0.0006664,-0.0047925,-1.54e-05,4.5e-05,-2.93e-05,4.36e-05,-0.0006892,-0.0007014,-0.0041621,-0.0024056,-2.72e-05,2.81e-05,-0.0041614,-0.0025784,2.63e-05,-0.0041526,-0.0006251,-0.0020534,-0.0005264,-0.001177,-0.0040594,-0.0040595,-1.4e-05,-1.34e-05,-2.42e-05,-1.15e-05,-1.15e-05,-0.0005632,-0.0005501,-0.0134094,-2.15e-05,-2.13e-05,-0.0039885,-2.06e-05,-0.0133559,0.0012996,-2.04e-05,-0.0005554,-1.92e-05,-0.0017918,-0.0004605,-3.6e-06,-1.62e-05,-4.57e-05,-2.5e-06,-2.5e-06,-4.5e-05,-1.36e-05,-0.003756,-4.34e-05,0,1e-07,-1.2e-05,-0.0047491,-0.0001178,-4.4e-06,-3.45e-05,-5.07e-05,-6e-06,-5.4e-06,-3.02e-05,-3.4e-06,-6.6e-06,-0.0037382,-0.0001595,-0.0123259,-2.68e-05,0.0010729,-2.8e-06,-5.1e-06,-6.9e-06,-0.0012494,-0.0011698,3.3e-06,-0.0116772,-3.43e-05,2.79e-05,2.79e-05,2.8e-05,-6.67e-05,2.04e-05,-8.68e-05,-0.0116718,-0.0001076,8.33e-05,8.33e-05,-0.003893,0.0003573,-0.0031854,-0.0053832,-0.0048219,-0.0003883,4.91e-05,5.92e-05,6.04e-05,0.0041488,6.4e-05,9.15e-05,6.17e-05,0.0015805,0.0003646,0.0017316,0.0002431,3.63e-05,0.0002586,0.0016224,0.0001085,3.01e-05,1.36e-05,1.37e-05,1.96e-05,1.33e-05,0.001461,4.81e-05,1.1e-05,0.0001024,0.0014029,0.0013098,-2.88e-05,-5.04e-05,-5.04e-05,1.7e-06,2.08e-05,0,2.69e-05,1.62e-05,2.75e-05,-0.0056563,-2.3e-06,0.0021884,-8e-07,-3.6e-05,-5.49e-05,0.0001029,0.0065338,-0.0004975,0.0003011,-2.2e-06,-0.000645,0.0003357,-0.0051375,0.0012805,0.000274,0.0003325,0.000381,0.0007948,0.0013214,0.0013198,0.0013224,0.0055092,0.0023399,0.0023399
0.0002285,-0.001815,0.0046538,0.0104612,0.0009731,-0.0131972,0.0398975,-9.72e-05,-9.26e-05,-9.22e-05,0.0005794,0.0001434,0.0001373,0.0001415,0.0005342,-7.83e-05,0.0001392,0.0317277,-6.75e-05,0.0001297,-6.64e-05,0.030502,-0.0001608,0.0300115,-5.38e-05,-9.64e-05,-9.64e-05,-9.64e-05,-9.55e-05,-9.46e-05,3.48e-05,-8.66e-05,0.0002053,0.0014599,0.0002084,4.47e-05,0.0002129,4.48e-05,4.44e-05,9.37e-05,0.0002083,0.0254168,0.0013756,0.0003127,9.73e-05,1.81e-05,0.0002969,0.0002957,0.000294,0.0002902,0.0002892,2.71e-05,-7.56e-05,0.0229353,0.000318,0.0011854,0.0012115,0.0012141,0.0222813,0.0222817,0.0010843,0.001059,0.0003936,0.0003933,0.0003835,0.0212476,0.0212476,1.4e-06,0.0009106,0.0008721,3.56e-05,0.0004527,0.0004546,0.0205301,0.02053,0.0005253,0.0205289,0.014157,0.0094309,9.32e-05,-0.0001574,0.0001036,1.68e-05,-0.0001894,-3.68e-05,-0.0001028,0.0200621,0.0200638,-4.8e-05,0.0009495,0.0010373,0.0196916,0.0010207,0.0193085,0.0010271,0.0193088,0.0189181,0.0009711,0.0003027,0.0170752,0.0181061,0.0176873,-0.0009028,0.0176873,0.0176874,0.0005532,-0.0009627,-0.0009524,0.0009796,0.000978,0.0005515,-0.0009442,0.0004066,-0.0009248,0.0004519,0.0160558,0.0167989,0.016803,0.0007778,5.8e-06,-0.0010116,-0.0010055,-0.0010083,0.0002089,0.0163456,0.0163484,0.0002079,-0.0010443,0.0012063,0.0158863,-7.58e-05,-0.0010226,-0.0010309,-0.0010222,-0.0010237,0.0154009,0.0154002,-0.000302,0.0001734,-0.0010496,-0.0010509,-0.0003062,0.0001612,-0.0010358,-0.0003093,0.0149119,0.0139109,0.0149152,0.0002646,4.37e-05,4.37e-05,-0.0010724,-0.0010853,-0.0010734,-0.0010709,-0.0010691,0.0144007,0.0144005,-0.000751,-0.0010837,-0.0010792,2.97e-05,-0.0010837,-0.000767,-0.0002141,-0.0010804,0.0138688,-0.0011049,0.0130585,0.0138614,-0.0010996,-0.0010926,-0.0011104,-0.0010934,-0.0010903,-0.0010987,-0.0010928,0.0003636,-0.0011034,-0.0010868,-0.0010888,-0.0010906,0.0122112,0.0127546,-0.0011154,-0.0011037,-0.0011193,-0.0011035,-0.0011134,-0.0010998,-0.0011042,-0.0011087,0.0003333,0.0127316,-0.0003899,-0.001151,0.0001104,-0.0011545,-0.0011565,-0.0011522,0.0120923,0.0121888,0.0120831,-0.0003694,-0.0012964,-0.0012774,-0.0012776,-0.001275,-0.0012943,-0.0012627,-0.0012868,-0.0003729,-0.00128,0.0119869,0.0119893,0.011112,0.0120033,0.0009613,0.0008967,0.0009185,0.0009683,-0.0016834,-0.0016954,-0.0016888,0.000968,-0.0016675,-0.0016764,-0.0016429,0.0001512,0.0112593,0.0108805,0.0112371,-0.002189,0.0112242,0.0109524,0.0111786,-0.0022973,-0.0022883,-0.0022833,-0.0022821,-0.0022817,0.0001476,-0.0022763,-0.0022572,0.010373,0.0102548,0.0001519,0.0103186,0.0103193,0.0103212,-0.0027546,-0.0027529,-0.002747,-0.0027563,-0.0027467,-0.0027365,0.0006202,-0.0027008,0.0089283,-0.0027862,-0.0027599,-0.0024594,0.0034766,0.0005622,0.0048149,-0.0076081,0.0047328,0.0042828,-0.0080444,-3.18e-05,0.0038224,-0.007408,-0.0074012,-0.0073785,-0.0046896,-0.0067205,-0.0067228,-0.0067189,-2.67e-05,0.0033814,0.0033814
0.0002117,-0.0018385,0.0046384,0.0104635,0.0009668,-0.013197,0.039898,-9.68e-05,-9.22e-05,-9.18e-05,0.0005738,0.0001247,0.0001189,0.0001233,0.000529,-7.85e-05,0.0001212,0.031728,-6.76e-05,0.000113,-6.65e-05,0.0305025,-0.0001561,0.0300119,-5.39e-05,-8.08e-05,-8.08e-05,-8.08e-05,-8.01e-05,-7.93e-05,3.73e-05,-7.17e-05,0.0002096,0.0014548,0.0002127,4.54e-05,0.0002171,4.56e-05,4.51e-05,8.05e-05,0.0002121,0.025417,0.0013708,0.0003165,8.46e-05,1.05e-05,0.0003006,0.0002993,0.0002976,0.0002939,0.0002927,2.01e-05,-6.85e-05,0.0229355,0.0003221,0.0011811,0.0012072,0.0012099,0.0222814,0.0222818,0.0010801,0.0010548,0.0003976,0.0003972,0.0003873,0.0212476,0.0212477,8.9e-06,0.0009066,0.0008682,4.68e-05,0.0004541,0.0004559,0.02053,0.02053,0.0005258,0.0205288,0.0141541,0.0094313,8.19e-05,-0.0001613,9.23e-05,1.4e-05,-0.0001934,-4.79e-05,-0.000103,0.0200617,0.0200634,-5.03e-05,0.0009508,0.001039,0.0196912,0.0010217,0.0193082,0.0010283,0.0193084,0.0189177,0.0009722,0.0003041,0.0170719,0.0181059,0.0176871,-0.0009062,0.0176871,0.0176872,0.0005475,-0.0009661,-0.0009557,0.0009802,0.0009786,0.000546,-0.0009474,0.0003973,-0.000928,0.0004426,0.0160559,0.0167987,0.0168028,0.0007695,-5e-07,-0.0010148,-0.0010086,-0.0010114,0.0001996,0.0163454,0.0163482,0.0001988,-0.0010473,0.0012057,0.0158861,-8.27e-05,-0.0010256,-0.0010339,-0.0010251,-0.0010266,0.0154007,0.0154,-0.0003022,0.0001649,-0.0010525,-0.0010537,-0.0003064,0.0001527,-0.0010387,-0.0003094,0.0149117,0.0139107,0.014915,0.0002561,4.36e-05,4.37e-05,-0.0010751,-0.0010881,-0.0010762,-0.0010736,-0.0010719,0.0144005,0.0144003,-0.0007516,-0.0010864,-0.0010818,2.99e-05,-0.0010864,-0.000767,-0.0002061,-0.0010831,0.0138686,-0.0011076,0.0130582,0.0138612,-0.0011021,-0.0010952,-0.001113,-0.001096,-0.0010929,-0.0011013,-0.0010954,0.0003636,-0.0011059,-0.0010894,-0.0010914,-0.0010932,0.012211,0.0127544,-0.0011179,-0.0011062,-0.0011217,-0.0011059,-0.0011158,-0.0011023,-0.0011067,-0.0011112,0.0003335,0.0127314,-0.000389,-0.0011535,0.0001165,-0.001157,-0.001159,-0.0011547,0.0120908,0.0121874,0.012083,-0.0003683,-0.0012987,-0.0012797,-0.0012799,-0.0012773,-0.0012966,-0.001265,-0.0012891,-0.0003718,-0.0012823,0.0119867,0.0119891,0.0111122,0.012003,0.0009582,0.0008933,0.0009152,0.0009647,-0.0016856,-0.0016975,-0.001691,0.0009646,-0.0016697,-0.0016787,-0.0016451,0.0001567,0.011259,0.010879,0.0112368,-0.0021912,0.0112239,0.010951,0.0111785,-0.0022994,-0.0022903,-0.0022853,-0.0022841,-0.0022837,0.0001528,-0.0022783,-0.0022592,0.0103728,0.0102535,0.0001571,0.0103185,0.0103192,0.0103211,-0.0027565,-0.0027548,-0.0027489,-0.0027582,-0.0027486,-0.0027384,0.000622,-0.0027027,0.0089295,-0.002788,-0.0027617,-0.0024612,0.0034744,0.0005664,0.0048135,-0.0076092,0.0047307,0.0042815,-0.0080455,-2.88e-05,0.0038222,-0.0074089,-0.0074021,-0.0073794,-0.0046905,-0.0067198,-0.0067221,-0.0067183,-2.44e-05,0.0033837,0.0033837
0.0325912,0.0032482,-0.0308025,0.0048642,-0.0389362,-0.005178,0.0018485,-0.0046451,-0.0044421,-0.0044118,-0.0345557,0.0077947,0.0074596,0.0076968,-0.0322442,-0.0037394,0.0076143,0.0010188,-0.0035002,0.0070641,-0.003447,0.0017436,0.0289601,0.0015852,-0.0030968,-0.0067693,-0.0067691,-0.0067693,-0.006706,-0.0066424,0.0023799,-0.0061185,0.0265273,5.3e-06,0.0256889,0.0031965,0.0257099,0.00329,0.0032552,0.0065858,0.0246205,0.000943,2.77e-05,0.0243337,0.0064509,0.0009671,0.0230475,0.0230472,0.022742,0.0227421,0.0224321,0.0020439,-0.0050963,0.0006393,0.0215772,1.48e-05,6.59e-05,2.13e-05,0.0006284,0.0006523,1.53e-05,6.8e-06,0.0209336,0.0206047,0.0202736,0.0005693,0.0005676,-0.0003222,1.37e-05,0.0001912,0.0024235,0.0204714,0.0204705,0.0005253,0.0005258,0.0205249,0.000506,0.0003475,0.018452,0.0022775,-3.39e-05,0.0025284,0.0001596,3.23e-05,-0.0008949,-0.0027244,-0.0003566,-0.0003311,-0.0016116,0.0166443,0.0188875,-0.0002729,0.0183219,-0.0003108,0.0183831,-0.000306,-0.0003186,0.0172502,0.0075263,0.0010818,-0.0003832,-0.0004345,-2.21e-05,-0.0003933,-0.0003957,0.0055861,-1.11e-05,-2.01e-05,0.0166291,0.0166361,0.0056835,4.07e-05,0.001827,2.12e-05,0.0027715,0.0051159,-0.0006997,-0.0006404,0.0067494,-0.0024724,-4.26e-05,-2.37e-05,-4.22e-05,-0.001163,-0.0006856,-0.0006436,-0.0010654,2.31e-05,0.015232,-0.0006349,-0.0039988,-1.98e-05,4.11e-05,-3.41e-05,3.97e-05,-0.000659,-0.0006714,-0.0042553,-0.0013175,-3.19e-05,2.41e-05,-0.0042683,-0.0014924,2.23e-05,-0.0042715,-0.0005953,-0.0020709,-0.0004936,-8.61e-05,-0.0041838,-0.0041837,-1.5e-05,-1.46e-05,-2.91e-05,-1.59e-05,-1.6e-05,-0.0005323,-0.0005188,-0.0133797,-2.63e-05,-2.62e-05,-0.0041407,-2.54e-05,-0.0134003,0.000278,-2.51e-05,-0.0005254,-2.39e-05,-0.0017981,-0.0004281,-7.9e-06,-2.08e-05,-5.02e-05,-6.7e-06,-6.8e-06,-4.94e-05,-1.82e-05,-0.0038657,-4.78e-05,-4.2e-06,-4.1e-06,-1.65e-05,-0.0047414,-8.66e-05,-8.8e-06,-3.88e-05,-5.52e-05,-1.06e-05,-9.9e-06,-3.45e-05,-7.9e-06,-1.12e-05,-0.0038789,-0.0001286,-0.0124944,-3.15e-05,0.0002442,-4.8e-06,-6.9e-06,-8.5e-06,-0.001098,-0.0010267,1.49e-05,-0.0118694,-4.05e-05,2.28e-05,2.28e-05,2.28e-05,-7.33e-05,1.66e-05,-9.38e-05,-0.0118676,-0.0001151,9.58e-05,9.58e-05,-0.0039462,0.0003757,-0.0028769,-0.0050385,-0.0044891,9.1e-06,4.41e-05,4.92e-05,4.99e-05,0.0045489,6.1e-05,9.12e-05,5.85e-05,0.0008328,0.0003817,0.0018832,0.0002484,2.47e-05,0.0002654,0.0017631,0.0001008,2.59e-05,7.9e-06,7.9e-06,1.1e-05,7.7e-06,0.0007576,4.59e-05,5.2e-06,9.48e-05,0.0015223,0.0006069,-5.36e-05,-7.21e-05,-7.21e-05,-3.5e-06,1.29e-05,-5e-06,1.81e-05,8.8e-06,1.86e-05,-0.0059811,-5.1e-06,0.0019938,-4.4e-06,-3.69e-05,-5.51e-05,0.0001778,0.0060195,-0.0004943,0.0002854,6.92e-05,-0.0006574,0.0003179,-0.0055863,0.001159,0.0002569,0.0003162,0.0003616,0.0007294,0.0012776,0.0012761,0.0012786,0.0051672,0.0022191,0.0022191
0.0002092,-0.0018021,0.0046918,0.0104532,0.0010133,-0.0131939,0.0398947,-9.5e-05,-9.04e-05,-9.01e-05,0.0006151,0.0001484,0.0001423,0.0001464,0.0005675,-7.63e-05,0.0001439,0.0317259,-6.56e-05,0.0001341,-6.45e-05,0.0304994,-0.0001908,0.0300092,-5.22e-05,-0.0001004,-0.0001004,-0.0001004,-9.94e-05,-9.85e-05,3.22e-05,-9.07e-05,0.0001779,0.0014527,0.0001818,4.24e-05,0.0001863,4.25e-05,4.2e-05,9.66e-05,0.0001829,0.0254153,0.0013688,0.0002877,1e-04,2.12e-05,0.0002731,0.0002718,0.0002705,0.0002667,0.000266,2.88e-05,-7.64e-05,0.022934,0.0002953,0.0011794,0.0012054,0.0012082,0.0222801,0.0222804,0.0010784,0.0010531,0.0003716,0.0003716,0.0003621,0.0212463,0.0212464,-3.9e-06,0.000905,0.0008664,2.62e-05,0.0004329,0.0004348,0.0205289,0.0205288,0.000506,0.0205277,0.0141522,0.009413,9.85e-05,-0.0001628,0.0001087,1.76e-05,-0.0001947,-2.88e-05,-0.000101,0.0200613,0.020063,-4.58e-05,0.0009328,0.0010184,0.0196907,0.0010028,0.0193077,0.001009,0.0193079,0.0189173,0.0009542,0.0002957,0.0170753,0.0181053,0.0176865,-0.0009075,0.0176865,0.0176866,0.0005523,-0.0009673,-0.000957,0.0009635,0.0009619,0.0005504,-0.0009487,0.0004112,-0.0009293,0.0004555,0.0160498,0.0167984,0.0168025,0.000777,1.17e-05,-0.0010159,-0.0010098,-0.0010126,0.0002161,0.0163451,0.0163479,0.0002149,-0.0010485,0.0011923,0.0158858,-6.8e-05,-0.0010267,-0.0010351,-0.0010262,-0.0010278,0.0154004,0.0153998,-0.0002985,0.0001802,-0.0010535,-0.0010549,-0.0003028,0.0001682,-0.0010398,-0.0003059,0.0149114,0.0139116,0.0149146,0.0002703,4.69e-05,4.7e-05,-0.0010762,-0.0010891,-0.0010772,-0.0010747,-0.0010729,0.0144002,0.0144,-0.000738,-0.0010874,-0.0010828,3.27e-05,-0.0010874,-0.0007543,-0.0002196,-0.0010841,0.0138683,-0.0011086,0.013059,0.0138609,-0.0011031,-0.0010961,-0.0011139,-0.001097,-0.0010939,-0.0011022,-0.0010963,0.0003666,-0.0011068,-0.0010903,-0.0010923,-0.0010942,0.0122147,0.0127537,-0.0011188,-0.0011071,-0.0011226,-0.0011069,-0.0011168,-0.0011032,-0.0011076,-0.0011121,0.0003362,0.0127308,-0.0003788,-0.0011544,0.0001058,-0.0011579,-0.0011599,-0.0011556,0.012093,0.0121894,0.012082,-0.000359,-0.0012996,-0.0012806,-0.0012808,-0.0012782,-0.0012974,-0.0012659,-0.0012899,-0.0003626,-0.0012831,0.0119856,0.011988,0.0111144,0.0120018,0.0009655,0.0009031,0.0009243,0.0009702,-0.0016864,-0.0016985,-0.0016919,0.0009656,-0.0016705,-0.0016795,-0.0016459,0.0001465,0.0112577,0.0108782,0.0112355,-0.002192,0.0112227,0.0109501,0.0111772,-0.0023001,-0.0022911,-0.002286,-0.0022849,-0.0022844,0.0001432,-0.002279,-0.0022599,0.0103715,0.0102526,0.0001477,0.0103171,0.0103179,0.0103198,-0.0027571,-0.0027555,-0.0027495,-0.0027589,-0.0027493,-0.0027391,0.0006241,-0.0027033,0.008924,-0.0027885,-0.0027622,-0.0024616,0.0034743,0.0005538,0.004813,-0.0076095,0.0047307,0.0042809,-0.0080457,-2.88e-05,0.0038185,-0.0074091,-0.0074023,-0.0073798,-0.0046923,-0.0067208,-0.0067231,-0.0067193,-3.42e-05,0.0033802,0.0033802
0.0001185,-0.0011808,0.0030504,0.0067874,0.000668,-0.0087508,0.0262204,-0.0001439,-0.0001372,-0.0001365,0.0004063,8.6e-05,7.94e-05,8.67e-05,0.0003749,-0.0001193,8.52e-05,0.0208515,-0.0001079,7.95e-05,-0.0001061,0.0200454,-0.0001285,0.0197231,-9.43e-05,-6.12e-05,-6.12e-05,-6.12e-05,-6.07e-05,-6.01e-05,8e-05,-4.81e-05,0.0001155,0.020447,0.0001185,8.38e-05,0.0001213,8.33e-05,8.23e-05,6.93e-05,0.0001181,0.0167713,0.0191322,0.0001875,7.13e-05,-3.37e-05,0.0001773,0.0001765,0.0001756,0.0001731,0.0001727,-2.62e-05,-8.4e-05,0.0151985,0.0001936,0.0169365,0.0169538,0.0169556,0.0149898,0.0149927,0.0166242,0.016607,0.0002479,0.0002479,0.0002416,0.0144707,0.0144717,-2.41e-05,0.0157465,0.0154571,3.57e-05,0.0002982,0.0002989,0.014157,0.0141541,0.0003475,0.0141522,0.0205305,0.0069863,6.07e-05,0.0144926,6.82e-05,-2.17e-05,0.0144694,-3.17e-05,-0.0001057,0.0151164,0.0151124,-6.52e-05,0.0006577,0.0007281,0.0148284,0.0007157,0.0145378,0.0007211,0.0145362,0.0142394,0.0006826,0.0002406,0.0128762,0.0136258,0.0133098,0.0122383,0.0133263,0.0133249,0.0004248,0.0118838,0.0118914,0.0006922,0.0006911,0.0004238,0.0115784,0.0003074,0.0115927,0.0003393,0.0121504,0.0127089,0.0127092,0.000575,-9.9e-06,0.0112022,0.0112067,0.0112046,0.0001609,0.0123972,0.0123994,0.0001603,0.0108419,0.0008687,0.0120563,-6.26e-05,0.0105113,0.010505,0.0105116,0.0105104,0.0117269,0.0117244,-0.000239,0.0001344,0.010134,0.010133,-0.0002414,0.0001255,0.0101442,-0.0002437,0.0113786,0.0106243,0.0113802,2e-04,2.28e-05,2.29e-05,0.0097471,0.0097374,0.0097463,0.0097482,0.0097495,0.0110233,0.0110236,-0.0005353,0.009355,0.0093584,1.52e-05,0.009355,-0.0005474,-0.0001647,0.0093574,0.0106428,0.0093393,0.0100392,0.0106452,0.0089448,0.00895,0.0089367,0.0089494,0.0089517,0.0089455,0.0089498,0.0002729,0.008942,0.0089543,0.0089528,0.0089515,0.0095036,0.0098903,0.0085172,0.0085262,0.0085145,0.0085263,0.0085187,0.0085291,0.0085257,0.0085222,0.0002595,0.0100042,-0.0002543,0.0084907,7.91e-05,0.0084878,0.0084862,0.0084895,0.0096416,0.009711,0.0096082,-0.0002385,0.0079442,0.0079586,0.0079585,0.0079605,0.0079458,0.00797,0.0079515,-0.0002309,0.0079566,0.009957,0.0099495,0.0092653,0.009949,0.0007599,0.0007238,0.0007371,0.0007471,0.0071817,0.0071719,0.0071772,0.0007226,0.0071942,0.0071863,0.0072138,0.0001165,0.0097739,0.009421,0.0097359,0.0067712,0.009778,0.0095172,0.0097354,0.0061889,0.0061969,0.0062012,0.0062021,0.0062025,0.0001206,0.0062061,0.0062232,0.0094994,0.0093424,0.0001249,0.0094352,0.0094342,0.009431,0.0052637,0.0052651,0.0052705,0.0052621,0.0052707,0.0052798,0.0005463,0.0053113,0.0085995,0.0046602,0.0046841,0.0049541,0.0086439,0.0005487,0.0091334,-0.0012006,0.0091301,0.0088591,-0.0019863,1.45e-05,0.0078989,-0.00194,-0.0019289,-0.0018881,0.0019927,-0.0067787,-0.0067772,-0.0067797,0.0022647,-0.002281,-0.002281
0.0288978,0.0018111,-0.0254038,0.0091425,-0.0342258,-0.0101029,0.0190064,-0.0039203,-0.0037492,-0.0037234,-0.0304994,0.0068008,0.006513,0.0067127,-0.028462,-0.0031504,0.006641,0.0147131,-0.0029463,0.0061613,-0.0029016,0.0148255,0.0257063,0.0144703,-0.0025958,-0.0058865,-0.0058863,-0.0058864,-0.0058314,-0.0057761,0.0019824,-0.0053312,0.0236958,0.0015388,0.022952,0.0027012,0.0229722,0.0027862,0.0027568,0.0057067,0.0220014,0.0119019,0.0014634,0.0217917,0.0055953,0.0009141,0.0206437,0.0206429,0.0203706,0.020369,0.0200927,0.0018738,-0.0043695,0.0105555,0.0193481,0.0012743,0.0013305,0.001292,0.0102712,0.0102921,0.0012191,0.0012011,0.0188083,0.0185153,0.0182161,0.0097755,0.0097743,-0.000108,0.0011069,0.0012353,0.0022499,0.0183799,0.0183824,0.0094309,0.0094313,0.018452,0.009413,0.0069863,0.0205246,0.0019488,0.000574,0.0021756,0.0002415,0.0006175,-0.0008967,-0.0023417,0.0085031,0.008526,-0.0013551,0.0152681,0.01727,0.0084133,0.0167583,0.0082115,0.016816,0.0082157,0.0080327,0.0157829,0.0067242,0.008418,0.0076213,0.0073914,0.000179,0.0074288,0.0074266,0.0050629,0.0001476,0.0001447,0.0152257,0.015231,0.005153,0.0001877,0.0016856,0.0001788,0.0025459,0.0116172,0.0067678,0.0068222,0.0062322,-0.0021826,6.92e-05,8.84e-05,7.09e-05,-0.001037,0.0065824,0.006621,-0.0009499,9.74e-05,0.0140713,0.0064257,-0.0035926,5.28e-05,0.0001033,4.06e-05,0.0001053,0.0061925,0.0061813,-0.0038228,-0.0011811,1.4e-05,6.3e-05,-0.0038351,-0.0013413,6.8e-05,-0.0038384,0.006035,0.0043159,0.0061245,-4.45e-05,-0.0036076,-0.0036075,1.4e-06,-3.9e-06,-1.1e-05,1.5e-06,2.2e-06,0.0058656,0.0058773,-0.0122362,-3.08e-05,-2.86e-05,-0.0035762,-2.99e-05,-0.0122553,0.0002369,-2.83e-05,0.0056385,-3.8e-05,0.0041813,0.0057201,-4.01e-05,-4.82e-05,-8.25e-05,-3.63e-05,-3.5e-05,-7.66e-05,-4.6e-05,-0.0031911,-7.72e-05,-3.12e-05,-3.2e-05,-4.35e-05,0.0011635,0.005541,-6.67e-05,-8.86e-05,-0.0001099,-6.29e-05,-6.67e-05,-8.3e-05,-6.09e-05,-6.57e-05,-0.0032167,0.0054996,-0.0112648,-0.0001028,0.0003724,-8.05e-05,-8.32e-05,-8.27e-05,0.0043747,0.0044795,0.0053448,-0.0106973,-0.0001949,-0.0001303,-0.0001304,-0.0001293,-0.0002231,-0.0001292,-0.000238,-0.0106963,-0.0002539,0.0053937,0.0053943,0.0014196,0.0056485,-0.0020986,-0.0040557,-0.0035553,0.0004582,-0.0003115,-0.0003116,-0.000308,0.0044829,-0.0002894,-0.0002665,-0.0002808,0.0009027,0.0053447,0.0065146,0.0052151,-0.0005516,0.0052269,0.0064409,0.0050597,-0.0006218,-0.0006339,-0.0006316,-0.0006279,-0.0006311,0.0008293,-0.0005946,-0.0006225,0.0047176,0.005936,0.0006976,0.0045605,0.004544,0.0045446,-0.0008756,-0.00086,-0.0008735,-0.0008568,-0.0008609,-0.0008475,-0.0049663,-0.0008531,0.0057951,-0.000917,-0.0009344,-0.0008167,0.0019682,0.00565,0.0019237,-0.0028775,0.0024009,0.0015482,-0.0030611,-0.0049171,0.0029424,-0.0028556,-0.0027998,-0.0027482,-0.0011547,-0.0018854,-0.0018876,-0.0018839,0.0047125,0.0032487,0.0032487
0.0340721,0.0408437,0.0221099,-0.0021888,0.0047941,-0.0003658,-9.01e-05,-0.000602,-0.0005589,-0.0005557,0.0041979,0.0334004,0.0326967,0.0325393,0.0039099,0.0003195,0.0320919,-1.39e-05,0.0002957,0.0297804,0.0002917,-0.0002715,-0.0035339,-6.16e-05,0.0002554,-0.0277441,-0.0277441,-0.0277441,-0.0274862,-0.0272256,-0.0044723,-0.0266967,-0.003234,-0.0001021,-0.003253,-0.0013815,-0.0031402,-0.001382,-0.0013672,0.0235179,-0.002662,0.0001094,8.6e-06,-0.0026308,0.022683,0.0135258,-0.0027124,-0.002712,-0.0026768,-0.0026761,-0.0026418,0.0126498,-0.012544,-9.95e-05,-0.0036522,2.04e-05,1.6e-06,7.7e-06,2.54e-05,1.19e-05,1.22e-05,2.56e-05,-0.0035403,-0.0034838,-0.003414,2e-06,8.8e-06,-0.0124547,-1.31e-05,1.26e-05,-0.019074,0.0008308,0.0008158,9.32e-05,8.19e-05,0.0022775,9.85e-05,6.07e-05,0.0019488,0.0197955,0,0.0197936,0.0052616,0.0002279,0.0191421,0.0004345,-1.77e-05,2.77e-05,0.004117,0.0005261,-2.37e-05,3.67e-05,0.0012461,-1.1e-06,0.0009219,-1.6e-06,-2.7e-06,0.0008448,-0.0014589,0.0053047,-0.0003277,-0.0003234,-1.47e-05,-0.0003212,-0.0003213,0.0103351,6.24e-05,-1.51e-05,0.001596,0.0015973,0.0100042,-9.9e-06,0.0162581,-1.17e-05,0.0162767,0.00021,-0.0003338,-0.0003284,0.0151211,0.0107632,8.3e-06,-1.37e-05,7.7e-06,0.0158791,-0.0003292,-0.0003208,0.0154317,-3.8e-06,0.0033834,-0.0003133,0.0114933,-1.22e-05,9e-07,-1.26e-05,5e-07,-0.000313,-0.0003131,0.0001639,0.0144484,-1.17e-05,-1.7e-06,-1.97e-05,0.0144156,-1.1e-06,-0.0001805,-0.0002928,-0.0004096,-0.0002846,0.0146466,-0.0003235,-0.0003197,3.39e-05,3.32e-05,-1.36e-05,-1.19e-05,-1.19e-05,-0.0002872,-0.0002855,-0.0010742,-1.21e-05,-1.22e-05,-0.0007567,-1.14e-05,-0.0020597,-0.013591,-1.06e-05,-0.0002804,-1.01e-05,-0.0002774,-0.0002784,-8.7e-06,-9.1e-06,-1.6e-05,-8.7e-06,-8.7e-06,-1.6e-05,-8.7e-06,-0.0002401,-1.58e-05,-8.4e-06,-8.3e-06,-8e-06,-0.0010113,-0.0002026,-5.3e-06,-1.34e-05,-1.6e-05,-4.9e-06,-4.7e-06,-1.29e-05,-4.6e-06,-4.5e-06,-0.0007292,-0.000211,-0.0034633,-1.58e-05,-0.010222,3.13e-05,3.53e-05,3.83e-05,0.0018037,0.0016627,-0.0004889,-0.0037017,-3.17e-05,-1.3e-05,-1.3e-05,-1.31e-05,-4.18e-05,7.9e-06,-4.96e-05,-0.0037452,-5.7e-05,-0.0004653,-0.0004653,-0.0016884,-0.0003558,0.0050544,0.0052349,0.0051614,0.00644,1.27e-05,-4.71e-05,-5.34e-05,0.0067086,4.49e-05,9.1e-05,3.91e-05,-0.0091832,-0.000335,0.0019514,-0.000533,-4.68e-05,-0.0005073,0.0017648,-0.0007508,5.75e-05,2.96e-05,2.93e-05,-5.2e-06,3.18e-05,-0.0086328,8.88e-05,2.62e-05,-0.0007039,0.0014459,-0.0086339,-0.0009774,-0.0009399,-0.0009399,6.39e-05,3.04e-05,6.6e-05,2.02e-05,3.79e-05,1.71e-05,-0.0039332,9.62e-05,-0.0029372,8.9e-05,0.0001198,0.0001091,0.0010648,-0.0062378,-0.0003856,0.0002594,0.0009041,-0.0006608,0.0002618,-0.0060102,-0.0018957,0.0002324,0.0002452,0.0002058,-0.0006035,4.86e-05,4.96e-05,4.79e-05,-0.0041222,-0.0015242,-0.0015242
-4.57e-05,0.0001053,-0.0002034,-0.0005705,7e-07,0.0006626,-0.0020579,-1.37e-05,-1.31e-05,-1.3e-05,1.53e-05,-8.5e-06,-8.8e-06,-8e-06,1.46e-05,-1.18e-05,-7.8e-06,-0.0016359,-1.14e-05,-7.3e-06,-1.12e-05,-0.0015738,-3e-05,-0.0015482,-1.12e-05,4.8e-06,4.8e-06,4.8e-06,4.7e-06,4.7e-06,1.12e-05,5.9e-06,-4.52e-05,0.026349,-4.38e-05,1.02e-05,-4.4e-05,9.9e-06,9.8e-06,-6.9e-06,-4.26e-05,-0.0012192,0.0246457,-4.69e-05,-7.2e-06,-1.39e-05,-4.47e-05,-4.47e-05,-4.42e-05,-4.4e-05,-4.36e-05,-1.51e-05,-2.2e-06,-0.0010125,-4.35e-05,0.0218479,0.0218465,0.0218464,-0.0006789,-0.0006755,0.0215197,0.0215204,-4.1e-05,-4.06e-05,-3.98e-05,-0.0004085,-0.0004071,-8e-07,0.0204932,0.0201369,-3.7e-06,-3.32e-05,-3.32e-05,-0.0001574,-0.0001613,-3.39e-05,-0.0001628,0.0144926,0.000574,0,0.0197997,0,1e-07,0.0197984,7.9e-06,1e-07,0.0015851,0.0015781,2.3e-06,1.2e-05,1.18e-05,0.0015437,1.33e-05,0.0015107,1.39e-05,0.0015083,0.0014741,1.42e-05,-4e-07,0.0013574,0.001408,0.0013743,0.0174456,0.0013967,0.0013947,2.58e-05,0.0170215,0.017022,1.82e-05,1.81e-05,2.67e-05,0.01659,3.05e-05,0.0165911,3.1e-05,0.0013414,0.001397,0.0013934,4.18e-05,1.23e-05,0.0161434,0.0161437,0.0161436,2.61e-05,0.0014016,0.0014019,2.55e-05,0.0156856,4.41e-05,0.0013723,1.4e-05,0.0152168,0.0152162,0.0152169,0.0152166,0.0013833,0.0013806,-4.9e-06,2.34e-05,0.0147308,0.0147305,-4.1e-06,2.3e-05,0.0147315,-4.4e-06,0.0013719,0.0013045,0.0013702,2.72e-05,2.31e-05,2.31e-05,0.0142276,0.0142267,0.0142275,0.0142276,0.0142277,0.0013712,0.0013717,-2.03e-05,0.0137066,0.013707,2.46e-05,0.0137066,-2.19e-05,-2.46e-05,0.0137069,0.0013567,0.0137053,0.0013131,0.0013661,0.0131653,0.0131659,0.0131645,0.0131657,0.0131659,0.0131654,0.0131658,5.81e-05,0.013165,0.0131661,0.013166,0.013166,0.0013731,0.0013861,0.0126005,0.0126016,0.0126004,0.0126016,0.0126007,0.0126019,0.0126015,0.012601,6.7e-05,0.0015622,2.31e-05,0.0125979,1.62e-05,0.0125975,0.0125973,0.0125977,0.0016826,0.0016851,0.0016353,2.54e-05,0.011994,0.0119957,0.0119956,0.0119959,0.0119942,0.0119973,0.0119948,3.91e-05,0.0119953,0.002199,0.0021865,0.0020861,0.0021727,0.0001493,0.0001599,0.0001579,0.0001239,0.011325,0.0113231,0.011324,8.64e-05,0.011327,0.0113248,0.0113303,2.68e-05,0.0026366,0.0025219,0.0026055,0.0112451,0.0026749,0.002584,0.0026594,0.0105577,0.01056,0.010561,0.0105612,0.0105613,3.52e-05,0.0105613,0.0105662,0.003099,0.0030037,3.72e-05,0.0030626,0.0030606,0.0030544,0.0097343,0.0097347,0.0097364,0.0097337,0.0097363,0.009739,0.000175,0.0097481,0.0032403,0.0089459,0.0089534,0.0090361,0.0084473,0.0002131,0.0078422,0.0055461,0.0079215,0.0079705,0.0048924,5.88e-05,0.0071025,0.004355,0.0043635,0.0043975,0.0071225,-0.0028523,-0.0028482,-0.0028552,0.0030933,-0.0062807,-0.0062807
0.0343896,0.0408618,0.0216376,-0.0023429,0.004328,-0.0006371,-6.02e-05,-0.0008699,-0.0008148,-0.0008102,0.0037849,0.0334396,0.0327255,0.0325832,0.0035245,9.39e-05,0.0321355,4.3e-06,8.44e-05,0.0298208,8.38e-05,-0.0002445,-0.0031914,-3.71e-05,6.13e-05,-0.0277928,-0.0277929,-0.0277928,-0.0275345,-0.0272734,-0.0042869,-0.0267208,-0.0029163,-0.0001011,-0.0029453,-0.0011968,-0.0028328,-0.0011977,-0.0011849,0.0236052,-0.0023703,0.0001251,9.7e-06,-0.0023425,0.0227682,0.0134089,-0.0024411,-0.0024407,-0.0024091,-0.0024084,-0.0023777,0.0125527,-0.0126896,-8.72e-05,-0.0033942,2.06e-05,3e-06,8.6e-06,3.68e-05,2.42e-05,1.28e-05,2.54e-05,-0.00329,-0.0032374,-0.0031716,1.33e-05,1.97e-05,-0.0125297,-1.25e-05,1.56e-05,-0.018989,0.0010843,0.0010672,0.0001036,9.23e-05,0.0025284,0.0001087,6.82e-05,0.0021756,0.0197936,0,0.0197954,0.0051501,0.0002283,0.0190797,0.0002917,-1.84e-05,2.72e-05,0.0039864,0.0006743,0.0001812,3.73e-05,0.0014373,-1e-06,0.0011157,-1.4e-06,-2.8e-06,0.0010267,-0.0012744,0.0053297,-0.0003292,-0.0003255,-1.47e-05,-0.0003228,-0.000323,0.0104596,6.24e-05,-1.51e-05,0.0017732,0.0017747,0.0101284,-9.4e-06,0.0162746,-1.13e-05,0.0163036,0.0002659,-0.0003388,-0.0003328,0.0151971,0.0106527,7.6e-06,-1.38e-05,7e-06,0.0158432,-0.0003341,-0.0003253,0.0153992,-3.4e-06,0.0035428,-0.0003178,0.0113747,-1.23e-05,1.5e-06,-1.31e-05,1e-06,-0.0003178,-0.0003183,3.28e-05,0.0144124,-1.22e-05,-1.3e-06,-0.0001508,0.0143772,-7e-07,-0.0003114,-0.000297,-0.0004586,-0.0002856,0.0146224,-0.0004503,-0.0004465,3.38e-05,3.31e-05,-1.4e-05,-1.19e-05,-1.19e-05,-0.000289,-0.0002869,-0.0012166,-1.25e-05,-1.25e-05,-0.0008793,-1.17e-05,-0.0022013,-0.0135712,-1.09e-05,-0.000282,-1.04e-05,-0.0003198,-0.0002771,-8.6e-06,-9.3e-06,-1.63e-05,-8.5e-06,-8.6e-06,-1.63e-05,-8.9e-06,-0.0003574,-1.61e-05,-8.2e-06,-8.2e-06,-8.2e-06,-0.0010561,-0.0001981,-5.5e-06,-1.36e-05,-1.64e-05,-5.2e-06,-5e-06,-1.3e-05,-4.9e-06,-4.8e-06,-0.0008426,-0.000207,-0.003601,-1.6e-05,-0.0102436,3.1e-05,3.5e-05,3.79e-05,0.0017724,0.0016339,-0.0004801,-0.0038328,-3.18e-05,-1.25e-05,-1.25e-05,-1.25e-05,-4.24e-05,8.2e-06,-5.04e-05,-0.0038764,-5.8e-05,-0.0004556,-0.0004557,-0.001724,-0.0003433,0.0049581,0.005118,0.0050494,0.0063787,1.32e-05,-4.68e-05,-5.31e-05,0.0067083,4.53e-05,9.14e-05,3.96e-05,-0.009195,-0.0003228,0.0019627,-0.0005208,-4.7e-05,-0.0004951,0.0017763,-0.0007386,5.71e-05,2.93e-05,2.9e-05,-5.5e-06,3.15e-05,-0.0086446,8.84e-05,2.59e-05,-0.0006925,0.0014568,-0.0086477,-0.0009658,-0.0009285,-0.0009285,6.29e-05,2.96e-05,6.5e-05,1.94e-05,3.71e-05,1.64e-05,-0.0040424,9.5e-05,-0.0029022,8.79e-05,0.0001183,0.0001077,0.0010573,-0.0061641,-0.0003817,0.000256,0.0008981,-0.0006552,0.0002583,-0.0060903,-0.001869,0.0002285,0.0002421,0.0002033,-0.0005948,5.18e-05,5.28e-05,5.11e-05,-0.0040551,-0.0014974,-0.0014974
0.0144409,0.0038369,0.0167057,0.0376079,-0.0019302,0.0357689,0.0001222,0.0367558,0.0351005,0.0349119,-0.001845,0.0099336,0.0110237,0.0088932,-0.0017231,0.0313272,0.0087687,0.0001077,0.0293332,0.0081378,0.0288713,7.42e-05,0.0021765,0.0001439,0.0272025,-0.006061,-0.0060628,-0.0060616,-0.006008,-0.0059509,-0.0272305,-0.0089625,0.0013271,-1.37e-05,0.0012744,-0.025373,0.0013632,-0.0250918,-0.0248175,-0.0010752,0.0017834,0.0001515,1.65e-05,0.0017674,-0.0009902,0.0224662,0.0019731,0.0019754,0.0019475,0.0019483,0.001921,0.021321,0.0144544,9.4e-06,0.0011561,0.0001285,1.18e-05,1.04e-05,0.0001206,2.05e-05,5.3e-05,0.0001747,0.0011236,0.0011018,0.0010861,-8.9e-06,3.43e-05,0.0123434,3.39e-05,-4.6e-06,-0.0096823,-0.0004179,-5.77e-05,1.68e-05,1.4e-05,0.0001596,1.76e-05,-2.17e-05,0.0002415,0.0052616,1e-07,0.0051501,0.0197962,5.85e-05,0.0090219,0.0190658,5.8e-05,7.92e-05,0.0193261,0.0097867,0.0046971,-9.3e-06,0.0058712,-7.2e-06,0.0055615,-6.5e-06,-1.37e-05,0.005201,-0.0160728,-0.0014292,7.42e-05,5.17e-05,-1e-07,6.6e-05,6.51e-05,-0.0097005,9.2e-06,-6e-07,0.0046968,0.0046751,-0.0094493,1.8e-05,0.0010969,1.21e-05,0.001289,0.0017476,-3.89e-05,-2.06e-05,0.0012405,0.0140125,5.55e-05,-4.7e-06,5.39e-05,0.003822,-3.94e-05,-2.62e-05,0.0034304,7.5e-06,0.0048178,-2.84e-05,0.0121587,-6.1e-06,1.3e-05,3.42e-05,1.15e-05,-4.12e-05,-1.6e-06,0.0137595,0.0035009,3.3e-05,4.9e-06,0.0137137,0.0035529,4.8e-06,0.0136737,-2.97e-05,0.004589,-0.0003588,0.0040814,0.0131581,0.013159,-1.2e-06,-1.2e-06,2.64e-05,-1.51e-05,-1.51e-05,-0.0003213,-0.0003636,-0.0038075,2.71e-05,2.6e-05,0.0125314,2.54e-05,-0.0039822,-0.0029076,2.45e-05,-0.0003584,2.41e-05,0.0040187,-0.0006623,-2.02e-05,2.03e-05,-3.38e-05,-2.12e-05,-2.14e-05,-3.4e-05,1.99e-05,0.0121938,-3.45e-05,-2.2e-05,-2.19e-05,1.9e-05,-0.0018945,-0.0005177,2.37e-05,-3.18e-05,-3.61e-05,3.97e-05,3.82e-05,-3.49e-05,3.62e-05,4.72e-05,0.0114854,-0.0005286,-0.002734,-3.42e-05,0.0042745,4.7e-05,5.52e-05,6.12e-05,0.003531,0.0032456,-0.0010736,-0.0025354,-5.31e-05,-4.09e-05,-4.09e-05,-4.12e-05,-6.04e-05,-5e-07,-6.77e-05,-0.0025215,-7.28e-05,-0.0010547,-0.0010547,-0.0018531,-0.0009533,0.010678,0.0096393,0.0099758,0.010753,5.7e-06,3.2e-05,3.4e-05,0.0098217,3.89e-05,0.0001064,2.96e-05,0.0038172,-0.000913,0.0024336,-0.0012005,5.43e-05,-0.0011636,0.0021581,-0.0015168,7.77e-05,3.68e-05,3.61e-05,5.03e-05,3.48e-05,0.003647,0.0001177,2.55e-05,-0.0014239,0.0017229,0.0036866,-0.0017668,-0.0017756,-0.0017757,0.0001055,0.000113,0.0001035,0.000116,0.00011,0.0001129,0.0062602,0.0001333,-0.0015285,0.0001295,0.0001245,7.28e-05,0.0018288,1.84e-05,-0.0015304,0.0009659,0.0013868,-0.0022044,0.0010334,0.0019932,-0.002021,0.0009851,0.0009698,0.0009579,-9.08e-05,0.0019259,0.0019258,0.001926,-0.0006467,0.0001592,0.0001592
0.0004038,0.0005763,-2.44e-05,-0.0006055,-2.5e-05,0.0006673,-0.0021213,-3.24e-05,-3.08e-05,-3.06e-05,-7.7e-06,0.0003839,0.0003749,0.0003746,-6.9e-06,-1.79e-05,0.0003695,-0.0016866,-1.71e-05,0.0003428,-1.68e-05,-0.0016238,-1.15e-05,-0.0015954,-1.64e-05,-0.0003219,-0.0003219,-0.0003219,-0.0003189,-0.0003159,-3.27e-05,-0.0003075,-2.87e-05,0.0263434,-2.92e-05,2.8e-06,-2.82e-05,2.6e-06,2.6e-06,0.0002722,-2.36e-05,-0.0012582,0.0246416,-2.83e-05,0.0002622,0.0001393,-2.96e-05,-2.95e-05,-2.93e-05,-2.91e-05,-2.89e-05,0.0001305,-0.0001552,-0.0010504,-4.19e-05,0.0218445,0.021843,0.0218429,-0.0007143,-0.000711,0.0215164,0.0215173,-3.96e-05,-3.92e-05,-3.83e-05,-0.0004426,-0.0004411,-0.0001432,0.0204899,0.0201345,-0.0002138,1.67e-05,1.65e-05,-0.0001894,-0.0001934,3.23e-05,-0.0001947,0.0144694,0.0006175,0.0002279,0.0197984,0.0002283,5.85e-05,0.0197998,0.0002219,-1.7e-06,0.0015508,0.0015443,4.42e-05,4.92e-05,4.75e-05,0.0015108,6.22e-05,0.0014779,5.92e-05,0.0014755,0.001442,5.65e-05,-1e-06,0.0013912,0.0013733,0.0013403,0.0174456,0.0013628,0.0013608,0.0001537,0.0170224,0.0170221,6.77e-05,6.77e-05,0.0001511,0.0165903,0.0002172,0.0165912,0.0002198,0.0013272,0.0013638,0.0013604,0.000225,0.000128,0.0161439,0.0161439,0.0161441,0.0002027,0.0013692,0.0013697,0.0001972,0.0156861,0.0001107,0.001341,0.0001351,0.0152172,0.0152168,0.0152172,0.0152172,0.0013528,0.00135,-1.21e-05,0.0001835,0.0147312,0.0147311,-1.34e-05,0.0001825,0.0147321,-1.55e-05,0.0013425,0.0012721,0.0013411,0.0001919,1e-05,1e-05,0.0142286,0.0142277,0.014228,0.0142281,0.0142283,0.0013429,0.0013435,-5.79e-05,0.0137072,0.0137075,6.7e-06,0.0137072,-7.06e-05,-0.0001771,0.0137074,0.0013293,0.0137059,0.0012843,0.001339,0.0131659,0.0131665,0.013165,0.0131664,0.0131666,0.0131659,0.0131665,4.61e-05,0.0131655,0.0131668,0.0131667,0.0131666,0.0013319,0.0013624,0.0126013,0.0126022,0.012601,0.0126024,0.0126015,0.0126025,0.0126023,0.0126018,4.96e-05,0.0015383,-4.04e-05,0.0125986,-9.93e-05,0.0125988,0.0125987,0.012599,0.0016803,0.0016813,0.0016097,-3.96e-05,0.0119948,0.0119968,0.0119967,0.011997,0.0119948,0.0119986,0.0119953,-2.64e-05,0.0119956,0.0021739,0.0021615,0.0020406,0.0021494,0.0001983,0.0002067,0.000205,0.0001943,0.0113272,0.0113246,0.0113255,0.0001691,0.0113295,0.0113279,0.0113328,-7.58e-05,0.0026148,0.0025293,0.0025812,0.0112474,0.0026509,0.002589,0.0026325,0.0105614,0.0105633,0.0105643,0.0105642,0.0105646,-6.14e-05,0.0105653,0.0105695,0.0030739,0.0030058,-5.97e-05,0.0030342,0.0030326,0.0030264,0.0097389,0.0097389,0.0097409,0.0097378,0.0097406,0.009743,0.000117,0.0097529,0.0031961,0.0089508,0.0089586,0.0090406,0.0084531,0.0001537,0.0078284,0.0055618,0.0079233,0.0079541,0.0049089,-2.05e-05,0.0070767,0.00437,0.0043788,0.0044124,0.0071244,-0.002838,-0.0028338,-0.0028408,0.0030569,-0.0062986,-0.0062986
0.0298313,0.0382396,0.0285866,0.0051294,0.0098106,0.0079794,-0.0004272,0.0078573,0.0075192,0.007478,0.008627,0.0319344,0.0315601,0.0309309,0.008043,0.0074371,0.0305017,-0.000217,0.0069602,0.0283051,0.0068516,-0.0005676,-0.007113,-0.0003335,0.0064151,-0.0260222,-0.0260227,-0.0260224,-0.0257811,-0.0255367,-0.0102287,-0.0257566,-0.0066536,-9.87e-05,-0.0065581,-0.0070905,-0.0064379,-0.0070456,-0.0069691,0.0206265,-0.0057442,-6.71e-05,7.1e-06,-0.0056764,0.0198895,0.0171342,-0.0055183,-0.0055174,-0.0054453,-0.0054445,-0.0053725,0.0159208,-0.0078487,-0.0002399,-0.0063446,4.37e-05,-6e-06,6e-06,-9.74e-05,-0.0001345,2.03e-05,5.97e-05,-0.0061523,-0.0060557,-0.0059452,-0.000135,-0.0001195,-0.0089172,-6.7e-06,-1.72e-05,-0.0200987,-0.002351,-0.0022891,-3.68e-05,-4.79e-05,-0.0008949,-2.88e-05,-3.17e-05,-0.0008967,0.0191421,7.9e-06,0.0190797,0.0090219,0.0002219,0.0197966,0.0048157,1e-06,4.38e-05,0.0081233,7.75e-05,-0.0018354,2.58e-05,-0.0003261,-2.3e-06,-0.0007012,-3.3e-06,-3.2e-06,-0.0006806,-0.0058491,0.0044224,-0.0002747,-0.0002669,-6e-06,-0.0002679,-0.0002679,0.0067243,6.59e-05,-6.7e-06,2.7e-06,-1.8e-06,0.0064556,-7.2e-06,0.0150492,-7.1e-06,0.0149668,-0.0002338,-0.0002542,-0.0002542,0.0132938,0.0133024,3.01e-05,-5.8e-06,2.91e-05,0.0157138,-0.000251,-0.0002468,0.0152017,-9e-07,0.0018935,-0.0002404,0.0138166,-5.3e-06,1.9e-06,4.9e-06,1.3e-06,-0.0002381,-0.000228,0.0036762,0.0143414,5.1e-06,2e-07,0.003498,0.0143478,1e-06,0.0033409,-0.0002252,0.0008584,-0.0003018,0.0144647,0.0030859,0.0030896,3.78e-05,3.71e-05,1.6e-06,-7.5e-06,-7.6e-06,-0.0002894,-0.0002987,0.0001867,2.7e-06,2.4e-06,0.0025457,2.9e-06,-0.0007617,-0.0132667,3.4e-06,-0.0002907,3.6e-06,0.0008229,-0.0003671,-6.9e-06,3.2e-06,-1.02e-05,-7.2e-06,-7.3e-06,-1.04e-05,3.1e-06,0.0029127,-1.05e-05,-7.5e-06,-7.5e-06,3.3e-06,-0.0006634,-0.0003143,5.6e-06,-9.1e-06,-1e-05,9.6e-06,9.3e-06,-1e-05,8.7e-06,1.16e-05,0.0023118,-0.0003181,-0.0019372,-1.29e-05,-0.0086255,4.39e-05,4.97e-05,5.4e-05,0.0025505,0.0023489,-0.0007103,-0.0022093,-2.99e-05,-1.95e-05,-1.95e-05,-1.96e-05,-3.61e-05,9.3e-06,-4.18e-05,-0.002247,-4.66e-05,-0.0006961,-0.0006961,-0.0013983,-0.0006147,0.0073603,0.0076298,0.007551,0.0082345,1.19e-05,-3.88e-05,-4.44e-05,0.0076153,4.62e-05,9.87e-05,3.92e-05,-0.0078447,-0.000586,0.0020182,-0.0008104,-2.91e-05,-0.0007812,0.0018048,-0.001057,7.26e-05,4.08e-05,4.04e-05,1.09e-05,4.25e-05,-0.0073586,0.0001071,3.56e-05,-0.0009911,0.0014546,-0.0073289,-0.0012949,-0.0012592,-0.0012593,8.98e-05,5.79e-05,9.15e-05,4.82e-05,6.48e-05,4.46e-05,-0.0014498,0.0001257,-0.0033639,0.0001183,0.0001506,0.0001317,0.0013392,-0.006679,-0.0006169,0.0004204,0.0011102,-0.0009886,0.0004329,-0.0043317,-0.0023644,0.0004029,0.0004028,0.000357,-0.0006752,0.0002764,0.0002775,0.0002756,-0.0047272,-0.0017189,-0.0017189
0.0030029,-0.0061445,0.0154118,0.0385793,0.0013241,0.0374472,-0.0001374,0.0384323,0.0366984,0.0365005,0.0010536,0.0013663,0.0026919,0.0005136,0.0009833,0.0325329,0.0005015,-6.06e-05,0.0304629,0.0004664,0.0299832,-0.0001143,-0.0002323,-7.37e-05,0.0282375,0.0011488,0.001147,0.0011482,0.0011347,0.001124,-0.0271809,-0.0021554,-0.000899,1.3e-06,-0.0008528,-0.0261016,-0.0007908,-0.0258232,-0.025541,-0.0074531,-0.0003485,-2.48e-05,4e-06,-0.0003398,-0.0071517,0.01975,3.8e-05,4.03e-05,3.82e-05,3.88e-05,3.8e-05,0.0186589,0.0184158,-8.18e-05,-0.0004097,0.0001186,-2.7e-06,-5e-07,5.1e-06,-9.73e-05,4.32e-05,0.0001661,-0.0003963,-0.0003945,-0.0003894,-0.0001137,-7.08e-05,0.0156802,3.03e-05,-3.55e-05,-0.0056849,-0.0029672,-0.0025935,-0.0001028,-0.000103,-0.0027244,-0.000101,-0.0001057,-0.0023417,0.0004345,1e-07,0.0002917,0.0190658,-1.7e-06,0.0048157,0.0197939,6.73e-05,7.53e-05,0.0190578,0.0080246,0.0026706,-2.38e-05,0.0036392,-7.5e-06,0.0033912,-7.3e-06,-1.22e-05,0.0031688,-0.0170246,-0.0028858,0.0001643,0.0001468,3.9e-06,0.0001562,0.0001557,-0.0130635,-6.1e-06,3.4e-06,0.0025431,0.0025196,-0.0127379,1.44e-05,-0.0029512,1.1e-05,-0.0028662,0.0011308,8.82e-05,9.89e-05,-0.0030962,0.0121161,5.83e-05,-5e-07,5.68e-05,0.0002805,8.58e-05,9.25e-05,-2.65e-05,4.5e-06,0.0024012,8.84e-05,0.0102127,-2.5e-06,7.1e-06,4.07e-05,5.8e-06,7.88e-05,0.0001209,0.0145825,0.0003088,3.91e-05,1.4e-06,0.0145807,0.00039,1.4e-06,0.0145782,7.94e-05,0.0050223,-0.0002723,0.000717,0.0140719,0.0140719,-8.7e-06,-8.5e-06,3.26e-05,-1.19e-05,-1.2e-05,-0.0002277,-0.0002731,-0.0021254,3.28e-05,3.17e-05,0.0135263,3.08e-05,-0.002068,0.0002156,2.96e-05,-0.0002673,2.9e-05,0.0043754,-0.000591,-1.86e-05,2.46e-05,-2.59e-05,-1.98e-05,-1.99e-05,-2.63e-05,2.38e-05,0.0130245,-2.7e-05,-2.09e-05,-2.09e-05,2.26e-05,-0.0011866,-0.0004976,2.59e-05,-2.57e-05,-2.76e-05,4.25e-05,4.08e-05,-2.95e-05,3.85e-05,5.02e-05,0.0124147,-0.0005019,-0.0005561,-2.83e-05,0.0067951,4.08e-05,4.85e-05,5.42e-05,0.0033009,0.003033,-0.0010109,-0.0003667,-4.25e-05,-4.18e-05,-4.18e-05,-4.2e-05,-4.39e-05,-4.6e-06,-4.72e-05,-0.0003423,-4.82e-05,-0.0010063,-0.0010063,-0.0010719,-0.0009602,0.0100935,0.0092306,0.009531,0.0095111,-1.5e-06,3.92e-05,4.26e-05,0.0079717,2.3e-05,7.79e-05,1.5e-05,0.0060108,-0.0009231,0.0017999,-0.001156,6.58e-05,-0.0011263,0.0015748,-0.0014122,6.51e-05,3.18e-05,3.11e-05,5.36e-05,2.92e-05,0.0057137,9.65e-05,2.13e-05,-0.0013258,0.0012323,0.0057718,-0.001596,-0.0016118,-0.0016119,9.65e-05,0.0001103,9.42e-05,0.0001153,0.0001059,0.0001127,0.008049,0.0001176,-0.0011163,0.0001156,0.0001068,5.77e-05,0.0015968,0.0008142,-0.0014345,0.0009107,0.0011912,-0.0020417,0.0009767,0.004116,-0.0017661,0.00094,0.0009145,0.0009064,-2.59e-05,0.0018339,0.0018337,0.001834,-0.0002746,0.0002678,0.0002678
-0.0011612,-0.001951,0.0058524,0.0100949,0.0025818,-0.0125419,0.0388001,0.0002037,0.0001951,0.0001936,0.002014,-0.0002079,-0.0001957,-0.0002072,0.001873,0.0001676,-0.0002058,0.030874,0.0001626,-0.0001903,0.0001601,0.0296492,-0.0013697,0.0291779,0.0001531,0.0002133,0.0002133,0.0002133,0.0002113,0.0002093,-0.0001356,0.0001859,-0.0009129,0.0037417,-0.0008745,-0.0001596,-0.0008709,-0.0001626,-0.0001609,-0.0002225,-0.0008289,0.0247356,0.0035087,-0.000715,-0.0002119,1.99e-05,-0.0006754,-0.0006766,-0.0006655,-0.0006691,-0.0006572,-1.87e-05,0.0001989,0.0223371,-0.0005936,0.0030778,0.0031007,0.0031052,0.0217268,0.0217261,0.0029498,0.0029257,-0.0004925,-0.0004791,-0.0004748,0.0207407,0.020741,6.71e-05,0.0026897,0.0026131,-6.81e-05,-0.000425,-0.0004221,0.0200621,0.0200617,-0.0003566,0.0200613,0.0151164,0.0085031,-1.77e-05,0.0015851,-1.84e-05,5.8e-05,0.0015508,1e-06,6.73e-05,0.0197944,0.0197944,6.98e-05,0.0002558,0.0002336,0.0194243,0.0002429,0.019048,0.0002462,0.0190478,0.0186629,0.0002383,-6.41e-05,0.0167781,0.0178656,0.0174547,0.0006484,0.017455,0.017455,0.0002666,0.0005519,0.0005625,0.0002706,0.0002686,0.000262,0.0005301,0.000304,0.00055,0.0003091,0.0156248,0.0165979,0.0165992,0.0004629,0.0001353,0.0004285,0.0004336,0.0004318,0.0002443,0.016154,0.016155,0.0002387,0.0003534,0.0005515,0.0156996,0.0001136,0.0003353,0.0003246,0.0003365,0.0003318,0.0152264,0.0152261,-7.82e-05,0.0002169,0.0002668,0.0002631,-8.16e-05,0.0002125,0.000278,-8.44e-05,0.014744,0.0138335,0.0147418,0.000256,0.0002586,0.0002587,0.0001995,0.0001867,0.0001992,0.000201,0.0002028,0.0142401,0.0142392,-0.0001822,0.0001433,0.0001478,0.0002421,0.0001433,-0.0001962,-0.0002126,0.0001465,0.0137176,0.0001223,0.0129865,0.0137063,7.94e-05,8.69e-05,7.04e-05,8.54e-05,8.84e-05,8.19e-05,8.66e-05,0.0005587,7.73e-05,9.18e-05,8.98e-05,8.87e-05,0.0122707,0.0126104,1.44e-05,2.71e-05,1.24e-05,2.63e-05,1.65e-05,3.07e-05,2.55e-05,2.12e-05,0.000529,0.0126051,0.0001442,-1.98e-05,0.0001256,-2.43e-05,-2.61e-05,-2.18e-05,0.0120393,0.0121304,0.0119694,0.000139,-0.0002148,-0.0001987,-0.0001989,-0.0001964,-0.0002113,-0.0001838,-0.0002031,0.0001368,-0.0001955,0.0119213,0.0119226,0.0112248,0.0119234,0.0010984,0.0011241,0.0011231,0.0009797,-0.0006558,-0.0006678,-0.0006613,0.0007817,-0.0006408,-0.0006509,-0.0006163,0.0001389,0.0112357,0.0107977,0.0112162,-0.0011568,0.0112091,0.010878,0.0111694,-0.0013233,-0.0013136,-0.0013086,-0.0013074,-0.001307,0.000138,-0.0013031,-0.0012824,0.0104198,0.0102414,0.0001489,0.010369,0.0103702,0.0103715,-0.0018419,-0.0018409,-0.0018342,-0.0018445,-0.0018345,-0.0018246,0.0008977,-0.0017879,0.0089406,-0.0019419,-0.0019143,-0.0016122,0.004141,0.0003242,0.005419,-0.0069709,0.0053282,0.0049147,-0.0074567,0.0002235,0.0043135,-0.0068783,-0.0068734,-0.0068502,-0.0039959,-0.006878,-0.0068798,-0.0068767,3.15e-05,0.002668,0.0026681
-0.0010512,-0.0018624,0.0058754,0.0101156,0.0025512,-0.0125302,0.0388044,0.0002168,0.0002076,0.0002061,0.0019867,-0.0001266,-0.0001157,-0.0001284,0.0018475,0.0001807,-0.000128,0.0308771,0.0001749,-0.0001181,0.0001722,0.0296524,-0.0013465,0.0291814,0.0001646,0.0001467,0.0001466,0.0001467,0.0001453,0.0001439,-0.0001565,0.0001205,-0.0008919,0.0037323,-0.0008544,-0.0001723,-0.0008506,-0.0001751,-0.0001732,-0.0001684,-0.0008085,0.0247385,0.0035001,-0.0006948,-0.0001596,6.02e-05,-0.0006566,-0.0006578,-0.0006469,-0.0006505,-0.0006389,2.02e-05,0.0001757,0.0223389,-0.0005786,0.0030702,0.0030931,0.0030976,0.0217288,0.0217281,0.0029423,0.0029183,-0.0004779,-0.0004648,-0.0004607,0.0207424,0.0207428,4.78e-05,0.0026825,0.0026062,-0.0001096,-0.0004028,-0.0003997,0.0200638,0.0200634,-0.0003311,0.020063,0.0151124,0.008526,2.77e-05,0.0015781,2.72e-05,7.92e-05,0.0015443,4.38e-05,7.53e-05,0.0197944,0.0197945,8.66e-05,0.0002788,0.0002551,0.0194244,0.000267,0.019048,0.0002696,0.0190479,0.0186629,0.0002602,-6.78e-05,0.0167895,0.0178649,0.0174539,0.0006421,0.0174543,0.0174543,0.0002883,0.0005459,0.0005564,0.0002931,0.0002912,0.0002833,0.0005242,0.0003396,0.0005441,0.0003458,0.0156315,0.0165968,0.0165981,0.0005012,0.0001621,0.0004228,0.0004278,0.000426,0.0002775,0.0161529,0.016154,0.0002709,0.0003479,0.0005764,0.0156986,0.0001394,0.0003298,0.0003192,0.000331,0.0003264,0.0152252,0.015225,-7.5e-05,0.0002469,0.0002615,0.0002579,-7.88e-05,0.0002423,0.0002728,-8.2e-05,0.014743,0.0138331,0.0147408,0.0002879,0.0002605,0.0002606,0.0001945,0.0001817,0.0001941,0.0001959,0.0001976,0.0142389,0.0142381,-0.0001999,0.0001384,0.0001429,0.0002428,0.0001383,-0.0002161,-0.0002415,0.0001416,0.0137165,0.0001174,0.0129863,0.0137051,7.46e-05,8.21e-05,6.56e-05,8.06e-05,8.37e-05,7.71e-05,8.19e-05,0.0005606,7.25e-05,8.7e-05,8.51e-05,8.39e-05,0.012263,0.0126097,9.9e-06,2.25e-05,7.8e-06,2.18e-05,1.2e-05,2.62e-05,2.1e-05,1.67e-05,0.0005296,0.0126043,0.000123,-2.44e-05,0.0001072,-2.87e-05,-3.06e-05,-2.62e-05,0.0120436,0.0121344,0.0119679,0.0001181,-0.0002193,-0.0002031,-0.0002033,-0.0002007,-0.0002158,-0.0001881,-0.0002077,0.0001158,-0.0002001,0.0119197,0.011921,0.0112162,0.0119224,0.0011114,0.0011346,0.0011343,0.0009984,-0.0006598,-0.0006719,-0.0006654,0.0008052,-0.0006447,-0.0006546,-0.0006202,0.000123,0.0112345,0.0108044,0.0112144,-0.0011609,0.0112073,0.0108841,0.0111668,-0.0013269,-0.0013173,-0.0013123,-0.0013112,-0.0013107,0.0001231,-0.0013067,-0.0012862,0.0104171,0.0102461,0.0001338,0.0103654,0.0103667,0.010368,-0.0018453,-0.0018443,-0.0018376,-0.0018479,-0.0018379,-0.0018281,0.0008869,-0.0017912,0.0089351,-0.001945,-0.0019173,-0.0016153,0.0041415,0.0003175,0.0054143,-0.0069719,0.0053283,0.0049089,-0.0074574,0.0002066,0.0043074,-0.0068789,-0.006874,-0.0068508,-0.0039992,-0.0068749,-0.0068767,-0.0068736,2.69e-05,0.0026696,0.0026696
0.0100856,0.0016719,0.0180098,0.036891,0.0010306,0.0358242,-5.93e-05,0.0367565,0.0351009,0.0349118,0.000787,0.0076702,0.0088075,0.0066883,0.0007332,0.0312721,0.0065923,-2.8e-06,0.0292817,0.0061183,0.0288207,-8.19e-05,-3.57e-05,-9.3e-06,0.0271434,-0.004181,-0.0041828,-0.0041816,-0.0041455,-0.0041061,-0.0269208,-0.0071512,-0.0006925,-1.16e-05,-0.0006757,-0.0252908,-0.0005947,-0.0250202,-0.0247468,-0.0026693,-0.0001126,4.65e-05,1.16e-05,-0.0001067,-0.0025363,0.0215247,0.0002049,0.0002072,0.0002028,0.0002035,0.0002001,0.0203446,0.0152808,-5.77e-05,-0.000441,0.0001231,4.4e-06,6.3e-06,4.8e-05,-5.24e-05,4.88e-05,0.0001694,-0.0004261,-0.0004235,-0.0004154,-7.33e-05,-3.08e-05,0.0128014,3.15e-05,-2.21e-05,-0.0089035,-0.0021124,-0.0017554,-4.8e-05,-5.03e-05,-0.0016116,-4.58e-05,-6.52e-05,-0.0013551,0.004117,2.3e-06,0.0039864,0.0193261,4.42e-05,0.0081233,0.0190578,6.98e-05,8.66e-05,0.0190571,0.0083041,0.0031134,-5.8e-06,0.0042626,1.5e-06,0.0039662,1.7e-06,-4e-06,0.003705,-0.0164407,-0.0017577,0.0001038,8.58e-05,2.5e-06,9.65e-05,9.58e-05,-0.0105185,7.3e-06,1.9e-06,0.0032226,0.0032004,-0.0102629,1.51e-05,0.0001955,1.1e-05,0.000308,0.0012899,1.9e-05,3.21e-05,-1.03e-05,0.0135688,5.82e-05,-1.9e-06,5.66e-05,0.0031507,1.75e-05,2.68e-05,0.0027759,6e-06,0.0033739,2.4e-05,0.011826,-3.6e-06,9.8e-06,3.75e-05,8.4e-06,1.36e-05,5.38e-05,0.0139464,0.0029109,3.61e-05,3.3e-06,0.0139106,0.002978,3.3e-06,0.0138785,1.94e-05,0.0047132,-0.0003148,0.003376,0.0133677,0.0133685,-1.1e-06,-1.1e-06,2.94e-05,-1.27e-05,-1.28e-05,-0.0002739,-0.0003169,-0.0026306,2.99e-05,2.88e-05,0.0127642,2.81e-05,-0.0027568,-0.0022787,2.72e-05,-0.0003111,2.66e-05,0.0041217,-0.0006196,-1.85e-05,2.26e-05,-2.82e-05,-1.96e-05,-1.97e-05,-2.85e-05,2.2e-05,0.0123842,-2.9e-05,-2.06e-05,-2.05e-05,2.1e-05,-0.0014536,-0.0005068,2.48e-05,-2.72e-05,-3e-05,4.08e-05,3.93e-05,-3.06e-05,3.71e-05,4.82e-05,0.0117069,-0.0005138,-0.0015322,-3e-05,0.0046734,4.6e-05,5.4e-05,6e-05,0.0034886,0.003207,-0.0010512,-0.0013756,-4.71e-05,-4.11e-05,-4.11e-05,-4.13e-05,-5.12e-05,-1.6e-06,-5.64e-05,-0.00136,-5.94e-05,-0.0010401,-0.0010402,-0.0014453,-0.0009676,0.010563,0.0097029,0.0099945,0.0103399,2.5e-06,3.08e-05,3.3e-05,0.0090383,3.25e-05,9.47e-05,2.37e-05,0.004126,-0.0009285,0.0021557,-0.0011929,5.53e-05,-0.0011591,0.0019014,-0.0014838,7.37e-05,3.59e-05,3.53e-05,5.07e-05,3.39e-05,0.0039387,0.0001102,2.52e-05,-0.0013929,0.0015056,0.0039901,-0.0017075,-0.0017164,-0.0017165,0.0001037,0.0001113,0.0001018,0.0001143,0.0001083,0.0001114,0.0068553,0.0001298,-0.0015474,0.0001264,0.0001227,7.33e-05,0.0017425,-0.0001864,-0.0014604,0.0009266,0.0013204,-0.0021007,0.0009911,0.0026984,-0.0020101,0.0009491,0.0009286,0.0009149,-0.0001177,0.0018048,0.0018048,0.0018048,-0.0008711,4.42e-05,4.42e-05
0.0276292,-0.0039913,-0.02107,0.0252464,-0.0343585,0.0149207,0.0026349,0.0162841,0.0155422,0.015464,-0.03056,0.0047414,0.0052071,0.0042777,-0.0285152,0.0138835,0.004237,0.0017144,0.0130017,0.0039308,0.0127952,0.0023214,0.0259662,0.0021706,0.0121852,-0.0029898,-0.0029906,-0.00299,-0.0029634,-0.0029353,-0.0118946,-0.0042531,0.0234302,0.0001148,0.0227101,-0.010866,0.0227518,-0.0106352,-0.0105179,-0.0001447,0.0219743,0.0014885,0.0001203,0.0217237,-3.19e-05,0.0101442,0.0207854,0.0207863,0.0205103,0.0205106,0.0202312,0.0106016,0.0063203,0.0011409,0.019322,0.0001569,0.0001405,0.0001014,0.0011497,0.0011179,0.0001147,0.0001703,0.0187484,0.0184515,0.018153,0.0010094,0.00103,0.0091152,0.0001016,0.0002207,0.0008168,0.0165928,0.0167914,0.0009495,0.0009508,0.0166443,0.0009328,0.0006577,0.0152681,0.0005261,1.2e-05,0.0006743,0.0097867,4.92e-05,7.75e-05,0.0080246,0.0002558,0.0002788,0.0083041,0.0190512,0.0182612,0.0002675,0.0181593,0.0002354,0.018111,0.0002398,0.0002156,0.0169896,-0.0021865,-0.0005747,0.0002584,0.0001919,6e-07,0.0002334,0.000231,-0.0028412,-4.2e-06,-2e-07,0.0160395,0.0160331,-0.0025529,5.86e-05,-0.0013511,4e-05,-0.0004656,0.005565,-9.78e-05,-3.98e-05,0.0030641,0.0032776,3.2e-06,-9e-06,2.9e-06,-0.0022724,-9.9e-05,-5.87e-05,-0.0023091,3.23e-05,0.0145699,-6.62e-05,0.0008436,-9.4e-06,4.85e-05,8e-07,4.68e-05,-0.0001056,-9.44e-05,0.0039179,-0.0022707,0,2.9e-05,0.0039214,-0.0023807,2.77e-05,0.0039312,-6.33e-05,0.0012263,-0.0001598,-0.0009728,0.0037629,0.0037627,-1.61e-05,-1.59e-05,-2.6e-06,-1.45e-05,-1.46e-05,-0.000184,-0.0001962,-0.0129647,-1.6e-06,-2e-06,0.0035497,-2e-06,-0.0128667,0.0015468,-2.3e-06,-0.0002136,-2.3e-06,0.0010921,-0.0002989,-1.45e-05,-2.8e-06,-5.57e-05,-1.39e-05,-1.39e-05,-5.49e-05,-1e-06,0.0034922,-5.39e-05,-1.21e-05,-1.2e-05,-2e-07,-0.0044344,1.87e-05,6.3e-06,-4.68e-05,-6.25e-05,1.38e-05,1.32e-05,-4.49e-05,1.4e-05,1.71e-05,0.0031994,-2.05e-05,-0.0111257,-4.27e-05,0.0047175,1.35e-05,1.53e-05,1.67e-05,0.0009388,0.0008752,-0.0001551,-0.0104475,-6.21e-05,-6.5e-06,-6.5e-06,-6.5e-06,-9.12e-05,6.3e-06,-0.0001103,-0.0104291,-0.0001289,-8.4e-05,-8.4e-05,-0.0036338,0.0001804,0.0023713,-2.8e-05,0.0006273,0.0045109,1.92e-05,5.02e-05,5.35e-05,0.0077133,4.49e-05,9.66e-05,3.95e-05,0.0047359,0.0001849,0.0027543,-4.05e-05,2.92e-05,-1.21e-05,0.0025465,-0.0002901,1.63e-05,-1.47e-05,-1.49e-05,2.9e-06,-1.63e-05,0.0044633,4.86e-05,-2.15e-05,-0.0002741,0.002161,0.0043601,-0.0005269,-0.000555,-0.0005551,-7.8e-06,1.7e-05,-1.04e-05,2.51e-05,1.06e-05,2.5e-05,-0.0006975,5e-07,0.0016854,-3.5e-06,-3.9e-05,-7.21e-05,0.0010234,0.0063528,-0.0010204,0.0005251,0.0007579,-0.0014772,0.0005758,-0.0022662,0.00038,0.0005202,0.0005586,0.0005988,0.0005808,0.0019201,0.0019186,0.0019212,0.0048226,0.0023262,0.0023262
0.0283447,-0.0034178,-0.0281575,0.0157144,-0.0378995,0.0048124,0.0028623,0.0059842,0.005706,0.0056813,-0.0336697,0.0039592,0.0040772,0.0037355,-0.0314168,0.0051539,0.0037054,0.0018455,0.0048278,0.0034371,0.0047498,0.0025298,0.0284047,0.002349,0.0046206,-0.0029547,-0.002955,-0.0029548,-0.0029277,-0.0029,-0.0045286,-0.0033437,0.0258419,0.0001231,0.0250447,-0.0038118,0.0250685,-0.0036458,-0.0036047,0.0015702,0.0240763,0.0015936,0.0001259,0.0238,0.0016204,0.0046836,0.0226657,0.0226659,0.0223655,0.0223655,0.022061,0.0055352,0.0015412,0.0012407,0.0212323,0.0001308,0.0001505,0.0001072,0.0012216,0.0012186,0.0001083,0.000131,0.0206014,0.0202765,0.0199486,0.001107,0.0011162,0.0054159,9.89e-05,0.0002481,0.0030725,0.0189396,0.0190418,0.0010373,0.001039,0.0188875,0.0010184,0.0007281,0.01727,-2.37e-05,1.18e-05,0.0001812,0.0046971,4.75e-05,-0.0018354,0.0026706,0.0002336,0.0002551,0.0031134,0.0182612,0.0190509,0.0002733,0.0186143,0.0002348,0.0186451,0.0002395,0.0002152,0.0174949,0.0028584,0.0001117,0.0002164,0.0001498,-4e-07,0.0001921,0.0001896,0.0006592,-4.3e-06,-1e-06,0.0166349,0.016635,0.0008811,5.95e-05,-0.0009489,4.04e-05,-1.19e-05,0.0056844,-0.0001462,-8.64e-05,0.0039252,-0.0003892,-1.45e-05,-9.3e-06,-1.44e-05,-0.0029299,-0.0001463,-0.0001047,-0.0028655,3.39e-05,0.0150372,-0.0001111,-0.0024725,-9.1e-06,5.07e-05,-1.11e-05,4.93e-05,-0.0001505,-0.0001512,-0.000198,-0.0029031,-1.15e-05,3.13e-05,-0.0001894,-0.0030469,2.99e-05,-0.0001742,-0.0001046,-0.0002084,-0.0001022,-0.0016206,-0.0001996,-0.0001999,-1.54e-05,-1.52e-05,-1.22e-05,-1.17e-05,-1.17e-05,-0.0001416,-0.000141,-0.0134297,-1.12e-05,-1.13e-05,-0.0002546,-1.1e-05,-0.0133175,0.0019353,-1.11e-05,-0.0001612,-1.08e-05,-0.0001587,-0.000155,-9.5e-06,-1e-05,-5.19e-05,-8.5e-06,-8.5e-06,-5.09e-05,-7.8e-06,-0.0001763,-4.97e-05,-6.2e-06,-6.2e-06,-6.6e-06,-0.0044532,0.0001615,-6e-07,-4.24e-05,-5.88e-05,2.5e-06,2.4e-06,-3.91e-05,4e-06,3.8e-06,-0.000297,0.0001204,-0.0118531,-3.7e-05,0.0032947,1.9e-06,1.5e-06,1.2e-06,-4.47e-05,-2.87e-05,0.0001368,-0.0111676,-5.32e-05,6.6e-06,6.6e-06,6.7e-06,-8.41e-05,8.7e-06,-0.0001037,-0.011154,-0.0001235,0.0002123,0.0002123,-0.0036001,0.0004832,-0.0006246,-0.0029754,-0.0023526,0.0018488,2.22e-05,4.5e-05,4.76e-05,0.0057972,4.19e-05,8.03e-05,3.87e-05,0.0035301,0.0004773,0.0023874,0.0003079,1.46e-05,0.0003291,0.0022344,0.0001198,-1.5e-06,-2.44e-05,-2.44e-05,-1.11e-05,-2.54e-05,0.0033114,2.33e-05,-2.86e-05,0.0001106,0.0019279,0.0031814,-7.55e-05,-0.0001021,-0.000102,-3.69e-05,-1.33e-05,-3.9e-05,-5.8e-06,-1.91e-05,-5.1e-06,-0.0031278,-3.51e-05,0.0022325,-3.85e-05,-7.52e-05,-9.63e-05,0.0005955,0.0068082,-0.0006692,0.0002958,0.0004329,-0.0009735,0.0003312,-0.003583,0.0009925,0.0002819,0.0003311,0.0003783,0.0006591,0.0015358,0.0015342,0.001537,0.0054271,0.002481,0.002481
-0.0009722,-0.001778,0.0056441,0.0097549,0.0024263,-0.0124822,0.0380861,2.39e-05,2.34e-05,2.29e-05,0.0018815,-0.0001039,-0.0001002,-0.0001021,0.0017495,1.81e-05,-0.000102,0.0303045,2.25e-05,-9.4e-05,2.23e-05,0.0291041,-0.0012673,0.0286414,2.36e-05,0.0001157,0.0001157,0.0001157,0.0001147,0.0001136,-2.35e-05,0.0001072,-0.0008226,0.0036561,-0.0007876,-4.14e-05,-0.000784,-4.52e-05,-4.48e-05,-0.0001094,-0.0007466,0.0242799,0.0034287,-0.0006357,-0.0001027,-2.67e-05,-0.0006023,-0.0006035,-0.0005934,-0.0005969,-0.0005861,-5.91e-05,7.2e-05,0.0219246,-0.0005268,0.0030071,0.0030302,0.0030344,0.0213254,0.0213252,0.0028819,0.0028578,-0.0004292,-0.0004169,-0.0004135,0.0203577,0.0203579,-3.17e-05,0.0026272,0.0025531,-8.34e-05,-0.0003427,-0.0003414,0.0196916,0.0196912,-0.0002729,0.0196907,0.0148284,0.0084133,3.67e-05,0.0015437,3.73e-05,-9.3e-06,0.0015108,2.58e-05,-2.38e-05,0.0194243,0.0194244,-5.8e-06,0.0002675,0.0002733,0.0190618,0.0002798,0.0186923,0.0002835,0.0186921,0.0183143,0.0002731,2.68e-05,0.0164939,0.0175301,0.0171268,0.0006257,0.0171272,0.0171272,0.0003583,0.0005316,0.0005417,0.0003075,0.0003057,0.000352,0.0005103,0.0003565,0.0005298,0.0003639,0.0153444,0.0162854,0.0162868,0.0005245,0.0001016,0.0004105,0.0004157,0.0004137,0.0002747,0.0158498,0.0158509,0.0002696,0.0003375,0.0005842,0.0154041,8.56e-05,0.0003198,0.0003095,0.0003208,0.0003166,0.0149396,0.0149391,-0.0001498,0.0002437,0.0002527,0.0002495,-0.0001536,0.0002384,0.0002641,-0.0001568,0.0144664,0.0135476,0.0144661,0.0002844,0.0001818,0.0001819,0.0001874,0.0001748,0.0001867,0.0001887,0.0001904,0.0139733,0.0139727,-0.0002117,0.0001322,0.0001366,0.0001669,0.0001321,-0.0002282,-0.0002425,0.0001353,0.0134608,0.0001116,0.0127201,0.0134513,7e-05,7.72e-05,6.11e-05,7.59e-05,7.89e-05,7.24e-05,7.69e-05,0.0004818,6.79e-05,8.22e-05,8.03e-05,7.89e-05,0.0120305,0.0123765,6.5e-06,1.9e-05,4.6e-06,1.8e-05,8.4e-06,2.26e-05,1.72e-05,1.3e-05,0.000454,0.0123711,9.87e-05,-2.7e-05,7.01e-05,-3.15e-05,-3.34e-05,-2.91e-05,0.011802,0.0118924,0.0117491,9.4e-05,-0.000218,-0.000202,-0.0002022,-0.0001997,-0.0002148,-0.0001876,-0.0002068,9.16e-05,-0.0001993,0.0117018,0.0117031,0.0110038,0.0117048,0.0010398,0.0010627,0.001062,0.0009376,-0.0006503,-0.0006623,-0.000656,0.0007638,-0.0006355,-0.0006454,-0.0006114,9.08e-05,0.0110295,0.0105984,0.0110105,-0.0011424,0.0110034,0.0106773,0.0109646,-0.0013051,-0.0012955,-0.0012906,-0.0012897,-0.001289,9.23e-05,-0.0012853,-0.001265,0.0102284,0.0100521,0.0001023,0.0101785,0.0101799,0.0101812,-0.0018138,-0.0018129,-0.0018062,-0.0018164,-0.0018066,-0.0017969,0.00082,-0.0017608,0.0087757,-0.0019115,-0.0018843,-0.0015878,0.0040555,0.0003167,0.0053172,-0.006847,0.0052219,0.0048235,-0.0073235,0.0001708,0.0042351,-0.0067557,-0.0067506,-0.0067277,-0.0039252,-0.0067523,-0.0067541,-0.0067511,3.51e-05,0.0026238,0.0026238
0.029792,-0.0010612,-0.0251184,0.0171019,-0.0363873,0.0065684,0.0027906,0.0077499,0.0073933,0.0073593,-0.0323366,0.006014,0.0061525,0.0056988,-0.0301733,0.0066982,0.0056408,0.0018075,0.0062735,0.0052332,0.0061729,0.0024514,0.0273147,0.0022911,0.0059551,-0.0045536,-0.004554,-0.0045537,-0.004512,-0.0044692,-0.006077,-0.0050356,0.0248138,0.0001167,0.0240418,-0.0051314,0.0240752,-0.004956,-0.0049007,0.0026192,0.0231657,0.0015686,0.0001263,0.0229003,0.0026309,0.0064139,0.0218145,0.0218149,0.0215256,0.0215257,0.0212325,0.0071283,0.0016554,0.0012085,0.020342,0.0001373,0.0001489,0.0001074,0.0012019,0.0011929,0.0001109,0.0001401,0.0197378,0.0194264,0.019113,0.0010825,0.001094,0.0052779,9.93e-05,0.0002422,0.0014854,0.0182687,0.0183862,0.0010207,0.0010217,0.0183219,0.0010028,0.0007157,0.0167583,0.0012461,1.33e-05,0.0014373,0.0058712,6.22e-05,-0.0003261,0.0036392,0.0002429,0.000267,0.0042626,0.0181593,0.0186143,0.0002798,0.0183208,0.0002406,0.0183174,0.0002452,0.0002211,0.0171855,0.0018019,0.0003053,0.0002103,0.0001448,0,0.0001864,0.000184,0.0006162,5e-07,-7e-07,0.0163664,0.0163654,0.0008274,5.88e-05,-4.85e-05,4e-05,0.0008658,0.005596,-0.0001466,-8.77e-05,0.0046,0.0009258,-9.6e-06,-9e-06,-9.6e-06,-0.0018271,-0.0001468,-0.0001056,-0.0018086,3.38e-05,0.0149223,-0.0001119,-0.0011472,-8.9e-06,5.04e-05,-8.7e-06,4.89e-05,-0.0001509,-0.0001494,0.0005708,-0.0018897,-9.1e-06,3.11e-05,0.0005675,-0.0020271,2.98e-05,0.000572,-0.0001054,4.11e-05,-0.0001207,-0.0006123,0.0005125,0.0005124,-1.26e-05,-1.24e-05,-1.03e-05,-1.2e-05,-1.2e-05,-0.0001571,-0.0001588,-0.0132031,-9.3e-06,-9.4e-06,0.0004036,-9.2e-06,-0.0131535,0.0010321,-9.2e-06,-0.0001781,-9e-06,6.35e-05,-0.0001887,-1.02e-05,-8.5e-06,-5.22e-05,-9.3e-06,-9.3e-06,-5.12e-05,-6.4e-06,0.0004865,-5.01e-05,-7.1e-06,-7.1e-06,-5.1e-06,-0.0044355,0.0001271,9e-07,-4.28e-05,-5.9e-05,4.8e-06,4.6e-06,-3.98e-05,6e-06,6.5e-06,0.0003071,8.65e-05,-0.0117432,-3.79e-05,0.0029026,6.4e-06,6.6e-06,6.9e-06,0.0002491,0.0002419,5.81e-05,-0.0110836,-5.55e-05,3.8e-06,3.8e-06,3.8e-06,-8.62e-05,9e-06,-0.0001059,-0.0110719,-0.0001255,0.0001331,0.0001331,-0.0036455,0.0004052,0.0002342,-0.0020791,-0.001464,0.0026903,2.23e-05,4.26e-05,4.5e-05,0.0064573,4.46e-05,8.76e-05,4.07e-05,0.0031559,0.0004021,0.002539,0.0002133,1.42e-05,0.0002371,0.0023673,3.9e-06,5e-06,-2.07e-05,-2.07e-05,-8.9e-06,-2.16e-05,0.0029631,3.27e-05,-2.55e-05,2e-06,0.0020319,0.0028399,-0.0002097,-0.000234,-0.000234,-2.77e-05,-6.2e-06,-2.97e-05,7e-07,-1.16e-05,1.1e-06,-0.0028654,-2.28e-05,0.0019291,-2.68e-05,-6.09e-05,-8.43e-05,0.0007303,0.0062528,-0.0007433,0.0003455,0.0005424,-0.0010874,0.0003831,-0.0036412,0.0007554,0.0003319,0.0003792,0.000422,0.0005974,0.0015824,0.0015809,0.0015835,0.0049902,0.0023259,0.0023259
-0.0010686,-0.0018215,0.0055634,0.009583,0.0024437,-0.0122082,0.0373444,5.53e-05,5.34e-05,5.27e-05,0.0019023,-0.0001713,-0.0001652,-0.0001685,0.001769,4.3e-05,-0.0001674,0.0297151,4.57e-05,-0.0001548,4.51e-05,0.0285371,-0.0012903,0.0280833,4.48e-05,0.0001731,0.0001731,0.0001731,0.0001715,0.0001698,-3.57e-05,0.0001598,-0.0008506,0.0035813,-0.0008147,-5.94e-05,-0.0008113,-6.31e-05,-6.25e-05,-0.0001631,-0.0007732,0.0238072,0.0033584,-0.0006639,-0.0001547,-3.91e-05,-0.0006285,-0.0006297,-0.0006192,-0.0006227,-0.0006116,-7.2e-05,0.0001117,0.0214985,-0.0005504,0.0029454,0.0029679,0.0029722,0.0209107,0.0209104,0.0028227,0.0027991,-0.0004538,-0.0004412,-0.0004373,0.0199618,0.019962,-5e-07,0.0025731,0.0025001,-5.76e-05,-0.0003769,-0.0003754,0.0193085,0.0193082,-0.0003108,0.0193077,0.0145378,0.0082115,-1.1e-06,0.0015107,-1e-06,-7.2e-06,0.0014779,-2.3e-06,-7.5e-06,0.019048,0.019048,1.5e-06,0.0002354,0.0002348,0.0186923,0.0002406,0.0183301,0.0002445,0.0183299,0.0179595,0.0002365,4.9e-06,0.0161613,0.0171913,0.0167959,0.000611,0.0167961,0.0167961,0.0003162,0.0005185,0.0005286,0.0002697,0.0002679,0.0003105,0.0004978,0.0003172,0.0005169,0.0003228,0.0150374,0.0159712,0.0159725,0.0004748,9.32e-05,0.0004001,0.0004053,0.0004033,0.0002451,0.015544,0.0155451,0.0002405,0.0003285,0.0005405,0.0151068,7.8e-05,0.0003113,0.0003011,0.0003123,0.000308,0.0146514,0.014651,-0.0001309,0.0002174,0.0002457,0.0002423,-0.0001343,0.0002126,0.0002566,-0.0001371,0.0141873,0.013292,0.0141865,0.0002549,0.0001947,0.0001948,0.0001815,0.0001692,0.000181,0.0001829,0.0001846,0.0137034,0.0137028,-0.0001824,0.0001276,0.0001319,0.0001804,0.0001275,-0.0001968,-0.0002154,0.0001307,0.0132008,0.0001074,0.0124795,0.0131911,6.67e-05,7.37e-05,5.8e-05,7.24e-05,7.53e-05,6.91e-05,7.34e-05,0.0004876,6.46e-05,7.86e-05,7.67e-05,7.54e-05,0.0118067,0.0121365,4.4e-06,1.68e-05,2.6e-06,1.58e-05,6.4e-06,2.03e-05,1.5e-05,1.08e-05,0.0004608,0.0121312,0.0001252,-2.84e-05,8.93e-05,-3.29e-05,-3.47e-05,-3.05e-05,0.0115738,0.0116624,0.0115212,0.00012,-0.0002156,-2e-04,-0.0002002,-0.0001977,-0.0002123,-0.0001858,-0.0002044,0.0001178,-0.0001971,0.0114745,0.0114758,0.0107995,0.0114768,0.0010223,0.001048,0.0010465,0.0009141,-0.0006395,-0.0006512,-0.000645,0.000734,-0.0006251,-0.0006349,-0.0006015,0.0001063,0.0108145,0.0103867,0.0107963,-0.0011219,0.0107893,0.0104645,0.0107518,-0.0012815,-0.0012721,-0.0012673,-0.0012663,-0.0012657,0.0001069,-0.0012622,-0.0012421,0.0100297,0.0098522,0.000117,0.0099815,0.0099827,0.009984,-0.0017802,-0.0017792,-0.0017727,-0.0017827,-0.0017731,-0.0017636,0.0008263,-0.0017283,0.0086056,-0.0018759,-0.0018492,-0.0015584,0.0039743,0.0003104,0.0052136,-0.0067155,0.0051185,0.0047299,-0.0071827,0.0001903,0.0041519,-0.0066256,-0.0066208,-0.0065984,-0.0038505,-0.0066222,-0.006624,-0.006621,3.12e-05,0.0025725,0.0025725
0.0293009,-0.0016528,-0.0257628,0.0167043,-0.0366083,0.0061156,0.0028094,0.0072944,0.006958,0.0069264,-0.0325305,0.0054724,0.0056059,0.0051811,-0.0303541,0.0062995,0.0051304,0.0018195,0.0059002,0.0047595,0.0058055,0.0024703,0.0274698,0.0023054,0.00561,-0.0041315,-0.0041318,-0.0041316,-0.0040937,-0.0040549,-0.005677,-0.0045899,0.024964,0.0001197,0.024189,-0.0047923,0.0242199,-0.0046199,-0.0045683,0.0023401,0.0232939,0.0015763,0.0001274,0.0230269,0.0023616,0.0059625,0.0219338,0.0219342,0.0216433,0.0216435,0.0213487,0.0067077,0.0016299,0.0012188,0.0204773,0.0001367,0.0001502,0.0001085,0.0012089,0.0012014,0.0001114,0.0001389,0.0198691,0.0195557,0.01924,0.0010908,0.0011018,0.0052986,0.0001002,0.000244,0.0018745,0.0183565,0.0184698,0.0010271,0.0010283,0.0183831,0.001009,0.0007211,0.016816,0.0009219,1.39e-05,0.0011157,0.0055615,5.92e-05,-0.0007012,0.0033912,0.0002462,0.0002696,0.0039662,0.018111,0.0186451,0.0002835,0.0183174,0.0002445,0.0183225,0.0002491,0.0002249,0.0171908,0.00205,0.0002593,0.000217,0.0001514,6e-07,0.000193,0.0001906,0.0006172,-1e-07,-2e-07,0.0163646,0.0163639,0.0008303,5.93e-05,-0.0002761,4.05e-05,0.0006401,0.0055999,-0.0001402,-8.14e-05,0.004409,0.0005982,-1.02e-05,-8.5e-06,-1.02e-05,-0.002096,-0.0001406,-9.94e-05,-0.0020663,3.42e-05,0.0148882,-0.0001059,-0.0014694,-8.4e-06,5.08e-05,-8.7e-06,4.93e-05,-0.000145,-0.000144,0.0003833,-0.0021359,-9.2e-06,3.15e-05,0.0003831,-0.0022743,3.01e-05,0.0003902,-9.98e-05,-1.43e-05,-0.0001108,-0.0008625,0.0003393,0.0003392,-1.28e-05,-1.26e-05,-1.03e-05,-1.14e-05,-1.15e-05,-0.0001479,-0.000149,-0.0132042,-9.4e-06,-9.4e-06,0.0002442,-9.2e-06,-0.0131391,0.0012546,-9.2e-06,-0.0001686,-9e-06,1.42e-05,-0.0001752,-9.6e-06,-8.4e-06,-5.15e-05,-8.7e-06,-8.7e-06,-5.06e-05,-6.3e-06,0.0003253,-4.94e-05,-6.5e-06,-6.5e-06,-5.1e-06,-0.0044173,0.0001392,9e-07,-4.22e-05,-5.84e-05,4.6e-06,4.4e-06,-3.91e-05,5.8e-06,6.1e-06,0.0001611,9.86e-05,-0.0117203,-3.72e-05,0.0029924,5.6e-06,5.6e-06,5.7e-06,0.0001802,0.0001787,8.11e-05,-0.0110569,-5.44e-05,4.7e-06,4.7e-06,4.7e-06,-8.51e-05,9.1e-06,-0.0001047,-0.0110448,-0.0001243,0.0001559,0.0001559,-0.0036151,0.0004265,2.35e-05,-0.0022897,-0.0016752,0.0024729,2.22e-05,4.31e-05,4.55e-05,0.0062682,4.39e-05,8.55e-05,4.01e-05,0.0032397,0.0004226,0.0024946,0.0002393,1.42e-05,0.0002624,0.0023282,3.6e-05,3.2e-06,-2.17e-05,-2.17e-05,-9.6e-06,-2.26e-05,0.003041,3e-05,-2.63e-05,3.21e-05,0.0020012,0.0029167,-0.0001724,-0.0001972,-0.0001972,-3.02e-05,-8.3e-06,-3.22e-05,-1.2e-06,-1.37e-05,-8e-07,-0.0029141,-2.61e-05,0.0019994,-2.99e-05,-6.46e-05,-8.73e-05,0.0006958,0.0063659,-0.0007202,0.0003298,0.0005152,-0.0010534,0.0003666,-0.0036084,0.0008123,0.0003162,0.0003638,0.0004075,0.0006092,0.0015625,0.001561,0.0015636,0.0050784,0.0023557,0.0023557
-0.0010622,-0.0018231,0.0055555,0.0095862,0.0024339,-0.0122079,0.0373453,5.6e-05,5.4e-05,5.33e-05,0.0018937,-0.0001711,-0.0001649,-0.0001682,0.0017609,4.36e-05,-0.0001672,0.0297157,4.63e-05,-0.0001546,4.56e-05,0.0285378,-0.0012831,0.028084,4.53e-05,0.0001729,0.0001729,0.0001729,0.0001713,0.0001697,-3.61e-05,0.0001596,-0.0008439,0.0035781,-0.0008082,-5.97e-05,-0.0008049,-6.34e-05,-6.28e-05,-0.0001631,-0.000767,0.0238077,0.0033554,-0.0006578,-0.0001547,-3.86e-05,-0.0006227,-0.0006239,-0.0006135,-0.000617,-0.0006059,-7.13e-05,0.0001119,0.0214989,-0.000545,0.0029427,0.0029653,0.0029695,0.020911,0.0209107,0.0028201,0.0027965,-0.0004485,-0.000436,-0.0004322,0.0199621,0.0199623,8e-07,0.0025707,0.0024977,-5.63e-05,-0.000372,-0.0003705,0.0193088,0.0193084,-0.000306,0.0193079,0.0145362,0.0082157,-1.6e-06,0.0015083,-1.4e-06,-6.5e-06,0.0014755,-3.3e-06,-7.3e-06,0.0190478,0.0190479,1.7e-06,0.0002398,0.0002395,0.0186921,0.0002452,0.0183299,0.0002491,0.0183297,0.0179593,0.0002408,6.1e-06,0.016161,0.0171911,0.0167957,0.0006088,0.016796,0.016796,0.0003164,0.0005164,0.0005266,0.0002738,0.000272,0.0003108,0.0004958,0.0003167,0.0005149,0.0003225,0.0150387,0.015971,0.0159723,0.0004756,9.26e-05,0.0003982,0.0004033,0.0004013,0.000244,0.0155438,0.0155448,0.0002394,0.0003266,0.0005442,0.0151066,7.69e-05,0.0003095,0.0002992,0.0003105,0.0003062,0.0146511,0.0146508,-0.0001312,0.0002163,0.0002439,0.0002405,-0.0001346,0.0002115,0.0002548,-0.0001375,0.014187,0.0132917,0.0141863,0.0002542,0.0001944,0.0001944,0.0001797,0.0001674,0.0001792,0.0001812,0.0001828,0.0137032,0.0137026,-0.0001857,0.0001259,0.0001302,0.0001801,0.0001259,-0.0002001,-0.0002146,0.000129,0.0132006,0.0001057,0.0124792,0.0131909,6.5e-05,7.21e-05,5.64e-05,7.08e-05,7.37e-05,6.75e-05,7.18e-05,0.0004872,6.3e-05,7.7e-05,7.51e-05,7.38e-05,0.0118054,0.0121363,2.9e-06,1.52e-05,1.1e-06,1.43e-05,4.8e-06,1.87e-05,1.35e-05,9.3e-06,0.0004604,0.0121311,0.0001223,-2.99e-05,9.02e-05,-3.44e-05,-3.62e-05,-3.21e-05,0.0115734,0.011662,0.011521,0.0001173,-0.000217,-0.0002015,-0.0002017,-0.0001992,-0.0002137,-0.0001873,-0.0002059,0.000115,-0.0001985,0.0114743,0.0114756,0.0107984,0.0114767,0.0010218,0.0010469,0.0010456,0.0009142,-0.0006409,-0.0006526,-0.0006464,0.0007351,-0.0006264,-0.0006363,-0.0006029,0.0001073,0.0108143,0.0103869,0.0107961,-0.0011233,0.0107891,0.0104647,0.0107515,-0.0012828,-0.0012734,-0.0012686,-0.0012676,-0.001267,0.0001078,-0.0012635,-0.0012434,0.0100294,0.0098522,0.0001178,0.0099811,0.0099823,0.0099836,-0.0017813,-0.0017804,-0.0017739,-0.0017839,-0.0017743,-0.0017648,0.0008254,-0.0017295,0.0086058,-0.001877,-0.0018504,-0.0015595,0.0039734,0.0003122,0.0052125,-0.0067161,0.0051175,0.0047287,-0.0071832,0.0001894,0.0041513,-0.0066261,-0.0066213,-0.0065989,-0.0038512,-0.0066215,-0.0066233,-0.0066203,3.23e-05,0.0025739,0.0025739
-0.0010717,-0.0017846,0.0054685,0.0093725,0.0024224,-0.011971,0.0365892,4.43e-05,4.28e-05,4.22e-05,0.0018889,-0.0001738,-0.000168,-0.0001706,0.0017566,3.36e-05,-0.0001695,0.0291145,3.68e-05,-0.0001568,3.63e-05,0.0279597,-0.0012854,0.0275153,3.64e-05,0.0001739,0.0001739,0.0001739,0.0001723,0.0001706,-2.73e-05,0.0001616,-0.0008525,0.0035008,-0.0008168,-5.14e-05,-0.0008136,-5.53e-05,-5.48e-05,-0.0001619,-0.0007755,0.0233259,0.0032829,-0.0006683,-0.0001537,-4.58e-05,-0.0006327,-0.0006339,-0.0006234,-0.0006269,-0.0006157,-7.85e-05,0.0001067,0.021064,-0.000555,0.002879,0.0029011,0.0029053,0.0204879,0.0204877,0.002759,0.0027358,-0.0004598,-0.0004473,-0.0004433,0.0195582,0.0195584,-5.8e-06,0.0025148,0.0024433,-5.64e-05,-0.0003832,-0.0003819,0.0189181,0.0189177,-0.0003186,0.0189173,0.0142394,0.0080327,-2.7e-06,0.0014741,-2.8e-06,-1.37e-05,0.001442,-3.2e-06,-1.22e-05,0.0186629,0.0186629,-4e-06,0.0002156,0.0002152,0.0183143,0.0002211,0.0179595,0.0002249,0.0179593,0.0175964,0.0002179,5.2e-06,0.0158346,0.0168437,0.0164564,0.0005932,0.0164566,0.0164566,0.0003103,0.0005028,0.0005127,0.0002512,0.0002494,0.0003046,0.0004826,0.0003106,0.0005014,0.0003154,0.0147291,0.0156486,0.0156498,0.0004615,8.9e-05,0.0003871,0.0003921,0.0003901,0.000241,0.01523,0.015231,0.0002365,0.000317,0.0005176,0.0148016,7.59e-05,0.0003004,0.0002903,0.0003013,0.000297,0.0143554,0.014355,-0.0001302,0.0002139,0.0002362,0.0002328,-0.0001335,0.0002094,0.0002469,-0.0001363,0.0139006,0.0130228,0.0138999,0.0002497,0.0001889,0.000189,0.0001734,0.0001614,0.0001729,0.0001748,0.0001765,0.0134266,0.013426,-0.0001682,0.0001208,0.000125,0.0001751,0.0001207,-0.0001823,-0.0002115,0.0001238,0.0129341,0.000101,0.0122268,0.0129247,6.13e-05,6.82e-05,5.28e-05,6.69e-05,6.98e-05,6.37e-05,6.79e-05,0.000476,5.93e-05,7.29e-05,7.11e-05,6.98e-05,0.0115716,0.0118911,4e-07,1.26e-05,-1.3e-06,1.16e-05,2.3e-06,1.6e-05,1.08e-05,6.7e-06,0.00045,0.0118859,0.000132,-3.17e-05,8.49e-05,-3.61e-05,-3.79e-05,-3.38e-05,0.0113391,0.0114259,0.0112882,0.0001264,-0.0002149,-0.0001997,-0.0001999,-0.0001974,-0.0002116,-0.0001858,-0.0002039,0.0001242,-0.0001967,0.0112423,0.0112435,0.0105839,0.0112443,0.0010003,0.0010273,0.0010253,0.0008924,-0.0006301,-0.0006416,-0.0006355,0.0007131,-0.000616,-0.0006257,-0.0005929,0.0001014,0.0105952,0.0101741,0.0105776,-0.0011027,0.0105707,0.0102505,0.0105341,-0.0012589,-0.0012497,-0.0012449,-0.001244,-0.0012434,0.0001021,-0.00124,-0.0012203,0.0098265,0.0096507,0.0001121,0.0097794,0.0097807,0.0097819,-0.0017472,-0.0017463,-0.00174,-0.0017497,-0.0017403,-0.001731,0.0008111,-0.0016964,0.0084296,-0.0018408,-0.0018146,-0.0015297,0.0038908,0.0002993,0.0051067,-0.0065821,0.0050121,0.004633,-0.0070397,0.000189,0.0040656,-0.0064936,-0.0064889,-0.006467,-0.0037755,-0.0064891,-0.0064909,-0.006488,2.59e-05,0.0025208,0.0025208
0.0274592,-0.0015889,-0.0242064,0.0156556,-0.0343581,0.0057098,0.0026506,0.0068202,0.0065056,0.0064761,-0.0305309,0.0051006,0.0052257,0.0048287,-0.0284883,0.0058896,0.0047815,0.0017187,0.0055163,0.0044358,0.0054277,0.0023293,0.025781,0.0021741,0.0052454,-0.0038496,-0.00385,-0.0038497,-0.0038145,-0.0037783,-0.0053047,-0.0042787,0.0234298,0.0001146,0.0227026,-0.0044784,0.0227314,-0.0043168,-0.0042685,0.002177,0.0218617,0.0014881,0.0001216,0.0216112,0.0021978,0.0055684,0.0205852,0.0205856,0.0203126,0.0203127,0.020036,0.0062693,0.00153,0.001152,0.0192197,0.00013,0.0001428,0.0001036,0.0011423,0.0011354,0.0001062,0.0001319,0.0186489,0.0183547,0.0180584,0.0010313,0.0010415,0.0049744,9.56e-05,0.0002305,0.0017821,0.0172268,0.0173329,0.0009711,0.0009722,0.0172502,0.0009542,0.0006826,0.0157829,0.0008448,1.42e-05,0.0010267,0.005201,5.65e-05,-0.0006806,0.0031688,0.0002383,0.0002602,0.003705,0.0169896,0.0174949,0.0002731,0.0171855,0.0002365,0.0171908,0.0002408,0.0002179,0.016129,0.0019365,0.0002461,0.0002105,0.0001487,1.3e-06,0.0001877,0.0001855,0.0005775,5e-07,6e-07,0.0153534,0.0153527,0.0007776,5.63e-05,-0.0002734,3.87e-05,0.0005862,0.0052597,-0.0001252,-7e-05,0.0041244,0.0005425,-9e-06,-7.3e-06,-9e-06,-0.0019831,-0.0001257,-8.71e-05,-0.0019545,3.27e-05,0.0139663,-9.34e-05,-0.0013973,-7.3e-06,4.82e-05,-7.6e-06,4.68e-05,-0.0001302,-0.0001293,0.0003498,-0.0020191,-8.1e-06,3e-05,0.0003497,-0.0021489,2.88e-05,0.0003566,-8.79e-05,-1.13e-05,-9.8e-05,-0.0008245,0.0003095,0.0003093,-1.16e-05,-1.14e-05,-9.2e-06,-1.02e-05,-1.02e-05,-0.0001331,-0.0001341,-0.0123884,-8.3e-06,-8.4e-06,0.000221,-8.2e-06,-0.0123263,0.0011909,-8.2e-06,-0.0001528,-8e-06,1.55e-05,-0.0001587,-8.6e-06,-7.5e-06,-4.79e-05,-7.7e-06,-7.7e-06,-4.7e-05,-5.5e-06,0.0002971,-4.59e-05,-5.6e-06,-5.6e-06,-4.4e-06,-0.0041389,0.0001358,1.2e-06,-3.92e-05,-5.44e-05,4.6e-06,4.5e-06,-3.63e-05,5.8e-06,6.1e-06,0.0001438,9.78e-05,-0.0109944,-3.45e-05,0.0028139,5.5e-06,5.6e-06,5.7e-06,0.0001695,0.0001685,8.17e-05,-0.0103718,-5.07e-05,4.7e-06,4.7e-06,4.8e-06,-7.95e-05,8.8e-06,-9.79e-05,-0.0103604,-0.0001162,0.0001519,0.0001519,-0.0033858,0.0004057,1.06e-05,-0.0021597,-0.0015832,0.0023081,2.09e-05,4.06e-05,4.28e-05,0.0058703,4.12e-05,8.02e-05,3.77e-05,0.0030454,0.0004017,0.0023418,0.0002301,1.32e-05,0.0002516,0.002186,3.97e-05,2.7e-06,-2.06e-05,-2.06e-05,-9.2e-06,-2.15e-05,0.0028587,2.79e-05,-2.49e-05,3.56e-05,0.0018795,0.002742,-0.0001559,-0.0001791,-0.0001791,-2.89e-05,-8.3e-06,-3.08e-05,-1.6e-06,-1.34e-05,-1.2e-06,-0.0027357,-2.5e-05,0.0018834,-2.87e-05,-6.12e-05,-8.24e-05,0.0006526,0.0059796,-0.0006723,0.0003063,0.0004839,-0.0009845,0.0003405,-0.0033828,0.0007671,0.0002935,0.0003381,0.0003793,0.000571,0.0014624,0.001461,0.0014634,0.00477,0.0022127,0.0022127
0.0032962,0.0023775,-0.0227794,-0.030157,-0.0118994,-0.032166,0.0007808,-0.0327578,-0.031283,-0.0311126,-0.0104571,-0.001926,-0.0030435,-0.0011772,-0.0097572,-0.0277496,-0.0011507,0.0004554,-0.0259833,-0.0010691,-0.0255747,0.0007103,0.0082321,0.0006145,-0.024044,-0.0003547,-0.0003531,-0.0003542,-0.0003485,-0.0003453,0.023349,0.0024428,0.0081054,2.79e-05,0.0078451,0.0224135,0.0077901,0.0222099,0.0219675,0.0058493,0.0070944,0.0003688,2.09e-05,0.0070083,0.0056378,-0.0171333,0.0063614,0.0063594,0.0062765,0.006276,0.0061909,-0.0158737,-0.0154045,0.0003423,0.0064177,-7.99e-05,3.52e-05,2.1e-05,0.0002546,0.0003463,-1.76e-05,-0.0001221,0.0062254,0.0061312,0.0060324,0.0003343,0.000298,-0.0118895,-6.6e-06,9.24e-05,0.0069656,0.0078361,0.0075302,0.0003027,0.0003041,0.0075263,0.0002957,0.0002406,0.0067242,-0.0014589,-4e-07,-0.0012744,-0.0160728,-1e-06,-0.0058491,-0.0170246,-6.41e-05,-6.78e-05,-0.0164407,-0.0021865,0.0028584,2.68e-05,0.0018019,4.9e-06,0.00205,6.1e-06,5.2e-06,0.0019365,0.016122,0.0022732,-0.0001324,-0.0001338,-3.3e-06,-0.0001308,-0.0001309,0.0113318,7e-07,-2.8e-06,0.0022197,0.0022407,0.011119,3.9e-06,0.0015088,1.7e-06,0.0016899,0.0004877,-0.0001594,-0.0001528,0.0030428,-0.0115429,-5.65e-05,-1.3e-06,-5.51e-05,-0.0019126,-0.0001559,-0.000151,-0.0015956,5.9e-06,0.0018094,-0.0001478,-0.0104506,8e-07,8e-06,-3.85e-05,8.8e-06,-0.0001484,-0.0001863,-0.0131304,-0.0018535,-3.7e-05,8e-06,-0.0131165,-0.0019642,7.6e-06,-0.0131014,-0.0001358,-0.0045842,0.0001796,-0.0018767,-0.0126483,-0.0126486,2.4e-06,2.4e-06,-3.11e-05,8.8e-06,8.9e-06,0.0001307,0.0001715,-0.0017388,-3.1e-05,-3e-05,-0.0121512,-2.91e-05,-0.0017064,0.0010708,-2.81e-05,0.0001622,-2.74e-05,-0.0039949,0.000454,1.55e-05,-2.33e-05,1.09e-05,1.69e-05,1.7e-05,1.14e-05,-2.19e-05,-0.0117088,1.24e-05,1.85e-05,1.84e-05,-2.06e-05,-0.0001527,0.0004572,-2.19e-05,1.33e-05,1.06e-05,-3.6e-05,-3.45e-05,1.75e-05,-3.2e-05,-4.25e-05,-0.0111693,0.0004503,-0.0025834,1.73e-05,-0.0046324,-3.64e-05,-4.36e-05,-4.89e-05,-0.0031091,-0.0028574,0.000928,-0.0025512,2.71e-05,4.19e-05,4.19e-05,4.21e-05,2.04e-05,7.9e-06,1.83e-05,-0.0025671,1.41e-05,0.0009437,0.0009437,1.98e-05,0.0009712,-0.0094921,-0.0093767,-0.0094702,-0.0083624,1.02e-05,-1.67e-05,-1.88e-05,-0.0059085,-8e-06,-4.91e-05,-1.6e-06,-0.0039206,0.0009376,-0.0010972,0.0011104,-4.72e-05,0.0010882,-0.0009279,0.0013,-5.62e-05,-3.11e-05,-3.05e-05,-4.52e-05,-2.92e-05,-0.0037441,-7.92e-05,-2.28e-05,0.0012202,-0.0006861,-0.003832,0.0014258,0.0014307,0.0014307,-9.27e-05,-9.67e-05,-9.13e-05,-9.85e-05,-9.48e-05,-9.6e-05,-0.0078667,-0.0001129,0.0017424,-0.0001112,-0.0001153,-7.76e-05,-0.0013376,0.0014808,0.0011035,-0.0007235,-0.0010145,0.0015803,-0.0007714,-0.004354,0.0019436,-0.0007526,-0.0007169,-0.0006946,0.000252,-0.0011988,-0.0011991,-0.0011986,0.0019636,0.0005158,0.0005158
0.008323,0.0103673,0.0080598,0.0021867,0.0026115,-0.0165318,0.0329543,-0.0059204,-0.0056486,-0.0056183,0.0020855,0.0087714,0.008384,0.0086674,0.0019387,-0.0047884,0.0085483,0.0262228,-0.0044799,0.0079329,-0.0044091,0.0251345,-0.0015811,0.0247824,-0.0041531,-0.0076042,-0.0076039,-0.0076041,-0.007533,-0.0074616,0.0028557,-0.0068304,-0.001053,0.0031647,-0.001047,0.00352,-0.0010226,0.0034766,0.0034385,0.0074114,-0.000944,0.0210403,0.0029957,-0.0008452,0.0071467,0.0006803,-0.0009133,-0.0009146,-0.0009006,-0.0009036,-0.0008894,0.0005956,-0.0061106,0.018952,-0.001055,0.0026138,0.0026475,0.0026518,0.0184546,0.0184664,0.0025142,0.0024785,-0.0009521,-0.0009315,-0.0009155,0.0176287,0.0176243,-0.0056994,0.0022879,0.0022427,-0.0043022,0.0006691,0.0006106,0.0170752,0.0170719,0.0010818,0.0170753,0.0128762,0.008418,0.0053047,0.0013574,0.0053297,-0.0014292,0.0013912,0.0044224,-0.0028858,0.0167781,0.0167895,-0.0017577,-0.0005747,0.0001117,0.0164939,0.0003053,0.0161613,0.0002593,0.016161,0.0158346,0.0002461,0.0022732,0.0161301,0.0150421,0.0146964,0.0005566,0.0146965,0.0146965,0.0051027,0.000497,0.0004834,0.0005609,0.0005633,0.0049616,0.0004564,0.0051299,0.000473,0.0051426,0.0132336,0.0139708,0.0139727,0.0050648,0.0011348,0.0003667,0.0003744,0.0003696,0.0044333,0.0135959,0.0135988,0.0043561,0.0003088,0.0012795,0.0132151,0.0015769,0.0002911,0.0002852,0.0002852,0.0002913,0.0128146,0.0128078,-0.0023154,0.0040167,0.0002263,0.0002326,-0.0023678,0.0039887,0.0002454,-0.0024133,0.0124117,0.0108295,0.0124674,0.0040625,-0.0020823,-0.0020812,0.0001887,0.0001777,0.0001691,0.0001781,0.0001796,0.0120334,0.0120403,-0.0003524,0.0001217,0.0001257,-0.0021295,0.0001223,-0.0006396,-0.0038792,0.0001254,0.011598,0.0001051,0.0102496,0.0116399,7.62e-05,7.57e-05,6.71e-05,8.15e-05,8.41e-05,7.69e-05,7.57e-05,-0.0016402,7.31e-05,8.72e-05,8.56e-05,7.79e-05,0.0102398,0.010722,1.49e-05,3.08e-05,1.76e-05,2.25e-05,1.45e-05,3.47e-05,2.25e-05,1.71e-05,-0.0017048,0.0107153,-0.0009443,-9.2e-06,-0.0036844,-1.03e-05,-1.2e-05,-8.4e-06,0.0101837,0.010265,0.0101808,-0.0010311,-0.0001773,-0.0001577,-0.0001578,-0.0001556,-0.0001775,-0.0001451,-0.0001724,-0.0010484,-0.0001682,0.0101474,0.0101485,0.0091661,0.0101766,0.0007112,0.0008757,0.0008188,0.0011232,-0.0005448,-0.0005772,-0.0005739,0.0013405,-0.0005268,-0.0005307,-0.0005064,-0.0032629,0.0095933,0.0094505,0.0095565,-0.0009967,0.0095532,0.0095005,0.0094944,-0.0011101,-0.0011046,-0.0011004,-0.0011121,-0.001098,-0.0030711,-0.001089,-0.0010776,0.0088579,0.0089224,-0.0030736,0.0087795,0.0087927,0.0087939,-0.0015543,-0.0015643,-0.0015469,-0.0015708,-0.0015562,-0.0015544,-0.001629,-0.001503,0.0070005,-0.0016358,-0.0016033,-0.0013426,0.0035673,-0.0014294,0.0047095,-0.0059758,0.0045909,0.0042969,-0.0063973,-0.0021566,0.003442,-0.0059102,-0.0058977,-0.0058866,-0.0035329,-0.0060827,-0.006084,-0.0060818,-0.0009535,0.001846,0.001846
-0.0015866,-0.0024422,0.0050336,0.0093572,0.0022814,-0.0111064,0.0350234,0.0004075,0.0003894,0.0003869,0.0017747,-0.000712,-0.0006824,-0.0007024,0.0016504,0.0003274,-0.0006941,0.0278684,0.0003117,-0.0006435,0.0003069,0.0267662,-0.0011963,0.0263378,0.0002913,0.0006408,0.0006408,0.0006408,0.0006348,0.0006288,-0.0002027,0.000581,-0.0007911,0.0033486,-0.0007555,-0.0002677,-0.0007537,-0.0002689,-0.000266,-0.000617,-0.0007203,0.0223256,0.0031384,-0.0006179,-0.0005925,-8.74e-05,-0.0005781,-0.0005792,-0.0005695,-0.0005728,-0.0005625,-0.0001151,0.0004819,0.0201636,-0.0004911,0.0027532,0.0027735,0.0027775,0.0196109,0.0196099,0.0026377,0.0026165,-0.0004013,-0.0003899,-0.0003869,0.0187202,0.0187207,0.0003441,0.0024045,0.0023349,0.0002075,-0.0004233,-0.0004184,0.0181061,0.0181059,-0.0003832,0.0181053,0.0136258,0.0076213,-0.0003277,0.001408,-0.0003292,7.42e-05,0.0013733,-0.0002747,0.0001643,0.0178656,0.0178649,0.0001038,0.0002584,0.0002164,0.0175301,0.0002103,0.0171913,0.000217,0.0171911,0.0168437,0.0002105,-0.0001324,0.0150421,0.0161303,0.0157593,0.0005654,0.0157595,0.0157595,2.4e-06,0.0004775,0.0004884,0.0002246,0.0002227,5.3e-06,0.0004596,2e-07,0.0004776,4.4e-06,0.0141018,0.0149859,0.014987,0.0001582,2e-05,0.0003684,0.000373,0.0003713,-2.84e-05,0.0145851,0.014586,-2.81e-05,0.000301,0.0004498,0.0141748,-2.08e-05,0.0002853,0.0002754,0.0002866,0.0002819,0.0137476,0.0137476,9.4e-06,-3.03e-05,0.0002243,0.0002206,9.2e-06,-3.32e-05,0.000234,9.2e-06,0.0133119,0.0125199,0.0133078,3.5e-06,0.0003182,0.0003182,0.0001631,0.0001516,0.0001638,0.0001652,0.0001668,0.0128552,0.0128541,-0.0001524,0.0001139,0.000118,0.0003071,0.0001139,-0.0001492,2.41e-05,0.0001168,0.0123833,9.5e-05,0.0117496,0.0123712,5.65e-05,6.35e-05,4.85e-05,6.19e-05,6.47e-05,5.89e-05,6.33e-05,0.0005817,5.47e-05,6.77e-05,6.59e-05,6.51e-05,0.0110859,0.0113811,-1.3e-06,1e-05,-3.2e-06,9.6e-06,7e-07,1.33e-05,8.8e-06,5e-06,0.0005593,0.0113763,0.0001881,-3.23e-05,0.0003122,-3.67e-05,-3.84e-05,-3.45e-05,0.010855,0.010938,0.010804,0.0001879,-0.0002074,-0.0001932,-0.0001934,-0.0001911,-0.0002041,-0.0001799,-0.0001966,0.0001867,-0.0001896,0.0107595,0.0107607,0.010152,0.0107598,0.0009684,0.0009851,0.0009868,0.0008347,-0.0006052,-0.0006149,-0.0006089,0.0006411,-0.000592,-0.0006016,-0.0005699,0.0003033,0.0101384,0.0097213,0.0101228,-0.001056,0.010116,0.0097955,0.0100826,-0.0012071,-0.0011981,-0.0011936,-0.0011919,-0.0011922,0.0002921,-0.0011893,-0.00117,0.0094052,0.0092236,0.0003024,0.0093623,0.0093627,0.0093639,-0.0016742,-0.0016727,-0.0016673,-0.0016757,-0.0016671,-0.0016578,0.0009197,-0.0016259,0.0081054,-0.0017639,-0.0017394,-0.0014669,0.0037199,0.0003924,0.0048806,-0.0062976,0.0047924,0.0044263,-0.006735,0.0003222,0.0039048,-0.006212,-0.006208,-0.0061865,-0.0036059,-0.0061961,-0.0061978,-0.006195,8.59e-05,0.0024399,0.0024399
-0.001647,-0.0023802,0.0050006,0.0090825,0.0023491,-0.0108767,0.0342106,0.0003691,0.0003527,0.0003504,0.0018407,-0.0007141,-0.0006858,-0.0007036,0.0017121,0.0002949,-0.0006953,0.027223,0.0002811,-0.0006447,0.0002768,0.026144,-0.001259,0.0257259,0.0002625,0.0006397,0.0006397,0.0006397,0.0006338,0.0006277,-0.0001758,0.0005832,-0.0008548,0.0032696,-0.0008175,-0.0002423,-0.0008159,-0.0002441,-0.0002415,-0.0006097,-0.0007803,0.0218082,0.0030643,-0.0006793,-0.0005858,-0.0001077,-0.0006369,-0.0006379,-0.0006275,-0.0006308,-0.0006197,-0.000137,0.0004631,0.019697,-0.000547,0.0026881,0.0027079,0.0027119,0.0191569,0.019156,0.0025754,0.0025545,-0.0004572,-0.0004451,-0.0004411,0.0182871,0.0182875,0.0003167,0.0023476,0.0022791,0.0001975,-0.0004735,-0.0004692,0.0176873,0.0176871,-0.0004345,0.0176865,0.0133098,0.0073914,-0.0003234,0.0013743,-0.0003255,5.17e-05,0.0013403,-0.0002669,0.0001468,0.0174547,0.0174539,8.58e-05,0.0001919,0.0001498,0.0171268,0.0001448,0.0167959,0.0001514,0.0167957,0.0164564,0.0001487,-0.0001338,0.0146964,0.0157593,0.015397,0.0005512,0.0153971,0.0153971,2e-06,0.0004654,0.000476,0.0001654,0.0001635,4e-06,0.0004477,1.3e-06,0.0004653,2.5e-06,0.0137596,0.0146424,0.0146432,0.0001404,1.59e-05,0.0003589,0.0003634,0.0003617,-2.1e-05,0.0142508,0.0142515,-2.08e-05,0.0002929,0.0003902,0.0138497,-1.7e-05,0.0002777,0.0002679,0.000279,0.0002743,0.0134324,0.0134325,6e-06,-2.27e-05,0.0002182,0.0002144,5.8e-06,-2.51e-05,0.0002275,5.8e-06,0.0130066,0.0122319,0.0130027,6.1e-06,0.0003079,0.0003079,0.0001585,0.0001472,0.0001591,0.0001605,0.000162,0.0125606,0.0125596,-0.0001053,0.0001104,0.0001144,0.0002974,0.0001104,-0.0001023,1.94e-05,0.0001132,0.0120996,9.19e-05,0.0114792,0.0120878,5.44e-05,6.12e-05,4.67e-05,5.96e-05,6.23e-05,5.68e-05,6.09e-05,0.0005656,5.27e-05,6.53e-05,6.35e-05,6.27e-05,0.0108461,0.0111195,-2.1e-06,9.1e-06,-3.7e-06,8.5e-06,-2e-07,1.23e-05,7.7e-06,4e-06,0.0005443,0.0111149,0.0002224,-3.23e-05,0.0002944,-3.67e-05,-3.84e-05,-3.46e-05,0.0106048,0.0106859,0.0105558,0.00022,-0.0002033,-0.0001896,-0.0001898,-0.0001875,-2e-04,-0.0001766,-0.0001925,0.0002188,-0.0001856,0.0105121,0.0105132,0.0099309,0.0105115,0.0009448,0.0009687,0.0009683,0.0008061,-0.0005922,-0.0006017,-0.0005958,0.0006047,-0.0005793,-0.0005888,-0.0005577,0.0002849,0.0099043,0.0094896,0.0098897,-0.0010326,0.009883,0.0095627,0.0098511,-0.0011801,-0.0011713,-0.0011668,-0.0011652,-0.0011655,0.0002747,-0.0011628,-0.0011438,0.0091892,0.009005,0.0002851,0.009148,0.0091485,0.0091497,-0.0016364,-0.0016349,-0.0016296,-0.001638,-0.0016294,-0.0016204,0.0009071,-0.0015892,0.0079128,-0.0017239,-0.0016999,-0.0014336,0.0036314,0.0003624,0.0047706,-0.0061547,0.00468,0.004328,-0.0065821,0.0003262,0.0038123,-0.0060709,-0.0060672,-0.0060463,-0.0035257,-0.0060591,-0.0060608,-0.006058,6.71e-05,0.0023766,0.0023766
-2.61e-05,0.0001337,-0.00041,-0.0008754,-9.52e-05,0.001076,-0.0032961,-6.6e-06,-6.3e-06,-6.2e-06,-6.09e-05,-2.58e-05,-2.55e-05,-2.5e-05,-5.63e-05,-6.2e-06,-2.46e-05,-0.0026214,-6.3e-06,-2.29e-05,-6.2e-06,-0.0025197,2.4e-05,-0.0024794,-6.5e-06,1.87e-05,1.87e-05,1.87e-05,1.85e-05,1.83e-05,9.5e-06,1.87e-05,-6.9e-06,0.0231542,-7e-06,7.4e-06,-7.4e-06,7.3e-06,7.2e-06,-1.9e-05,-7.9e-06,-0.0020194,0.021657,-1.6e-05,-1.88e-05,-1.72e-05,-1.52e-05,-1.51e-05,-1.5e-05,-1.48e-05,-1.48e-05,-1.67e-05,6.7e-06,-0.0017452,-1.64e-05,0.0191997,0.0191976,0.0191974,-0.0014271,-0.0014241,0.0189144,0.018916,-1.81e-05,-1.82e-05,-1.76e-05,-0.0011506,-0.0011493,1.13e-05,0.0180167,0.0177046,1.17e-05,-1.78e-05,-1.78e-05,-0.0009028,-0.0009062,-2.21e-05,-0.0009075,0.0122383,0.000179,-1.47e-05,0.0174456,-1.47e-05,-1e-07,0.0174456,-6e-06,3.9e-06,0.0006484,0.0006421,2.5e-06,6e-07,-4e-07,0.0006257,0,0.000611,6e-07,0.0006088,0.0005932,1.3e-06,-3.3e-06,0.0005566,0.0005654,0.0005512,0.0153999,0.000571,0.0005693,-2e-07,0.0150285,0.0150286,2.9e-06,2.9e-06,1.2e-06,0.0146479,1.8e-06,0.0146481,1.9e-06,0.0005909,0.0006039,0.0006007,5.8e-06,1.7e-06,0.014257,0.014257,0.014257,1.9e-06,0.0006249,0.0006251,1.8e-06,0.013855,1.4e-05,0.0006162,3.1e-06,0.0134412,0.013441,0.0134413,0.0134411,0.000644,0.0006416,3.8e-06,1.7e-06,0.0130141,0.013014,4.8e-06,1.6e-06,0.0130143,4.7e-06,0.0006523,0.0006292,0.0006507,3.3e-06,1.59e-05,1.59e-05,0.0125717,0.0125714,0.0125717,0.0125717,0.0125718,0.0006707,0.0006712,-8.9e-06,0.0121133,0.0121134,1.8e-05,0.0121133,-9e-06,-3.2e-06,0.0121134,0.0006777,0.0121129,0.0006687,0.0006863,0.011637,0.0116373,0.0116367,0.0116372,0.0116373,0.0116371,0.0116373,3.5e-05,0.0116369,0.0116374,0.0116373,0.0116373,0.0007482,0.0007457,0.0111402,0.0111407,0.0111402,0.0111407,0.0111403,0.0111408,0.0111406,0.0111404,4.42e-05,0.0009016,1.93e-05,0.0111392,1.95e-05,0.011139,0.0111389,0.011139,0.0010294,0.0010282,0.0009905,2.16e-05,0.0106127,0.0106135,0.0106135,0.0106137,0.0106127,0.0106144,0.010613,3.38e-05,0.0106132,0.0014906,0.0014796,0.0014188,0.0014672,9e-05,9.82e-05,9.66e-05,7.03e-05,0.010038,0.0100368,0.0100374,4.34e-05,0.0100391,0.0100376,0.0100412,2.72e-05,0.0019036,0.0018177,0.0018769,0.0099865,0.0019385,0.0018696,0.0019264,0.0093849,0.0093866,0.0093873,0.0093875,0.0093875,3.42e-05,0.0093873,0.0093909,0.0023436,0.0022651,3.55e-05,0.0023135,0.0023116,0.0023061,0.0086767,0.008677,0.0086782,0.0086763,0.0086782,0.0086802,0.000127,0.0086868,0.0025263,0.0079833,0.0079889,0.0080505,0.0073108,0.0001802,0.0067274,0.0051689,0.0068007,0.00686,0.0046094,5.02e-05,0.0061163,0.0041123,0.0041196,0.0041488,0.0064497,-0.0022598,-0.0022561,-0.0022624,0.002736,-0.0056537,-0.0056537
-0.0015805,-0.002384,0.0049432,0.009122,0.0022665,-0.0108574,0.0342105,0.000389,0.0003717,0.0003694,0.0017673,-0.0007014,-0.0006727,-0.0006918,0.0016437,0.000312,-0.0006835,0.027222,0.0002972,-0.0006337,0.0002926,0.0261446,-0.0011971,0.0257263,0.0002777,0.0006304,0.0006304,0.0006304,0.0006245,0.0006186,-0.0001911,0.0005725,-0.0007986,0.0032994,-0.000763,-0.0002555,-0.0007613,-0.0002569,-0.0002541,-0.000605,-0.0007278,0.0218078,0.0030923,-0.0006274,-0.0005811,-9.25e-05,-0.0005874,-0.0005885,-0.0005788,-0.000582,-0.0005716,-0.0001202,0.0004684,0.0196962,-0.000501,0.0027129,0.0027327,0.0027367,0.0191566,0.0191557,0.0025998,0.002579,-0.0004125,-0.0004011,-0.0003978,0.0182869,0.0182873,0.0003301,0.0023708,0.0023023,0.0002011,-0.0004324,-0.0004278,0.0176873,0.0176871,-0.0003933,0.0176865,0.0133263,0.0074288,-0.0003212,0.0013967,-0.0003228,6.6e-05,0.0013628,-0.0002679,0.0001562,0.017455,0.0174543,9.65e-05,0.0002334,0.0001921,0.0171272,0.0001864,0.0167961,0.000193,0.016796,0.0164566,0.0001877,-0.0001308,0.0146965,0.0157595,0.0153971,0.000571,0.0153973,0.0153973,2.2e-06,0.0004847,0.0004953,0.0002025,0.0002006,4.8e-06,0.0004667,5e-07,0.0004843,3.8e-06,0.0137722,0.0146419,0.0146429,0.0001502,1.84e-05,0.0003772,0.0003817,0.00038,-2.56e-05,0.0142504,0.0142511,-2.54e-05,0.0003108,0.000424,0.0138494,-1.93e-05,0.000295,0.0002853,0.0002963,0.0002917,0.0134321,0.0134321,8.2e-06,-2.74e-05,0.0002349,0.0002312,8e-06,-3.01e-05,0.0002443,8e-06,0.0130064,0.0122324,0.0130024,4.3e-06,0.0003099,0.0003099,0.0001746,0.0001633,0.0001753,0.0001766,0.0001782,0.0125603,0.0125593,-0.0001352,0.000126,0.0001299,0.0002992,0.0001259,-0.0001321,2.22e-05,0.0001288,0.0120993,0.0001074,0.0114798,0.0120875,6.93e-05,7.62e-05,6.16e-05,7.46e-05,7.73e-05,7.17e-05,7.59e-05,0.0005675,6.76e-05,8.02e-05,7.85e-05,7.77e-05,0.0108363,0.01112,1.23e-05,2.33e-05,1.05e-05,2.28e-05,1.42e-05,2.65e-05,2.2e-05,1.83e-05,0.0005458,0.0111155,0.0001959,-1.8e-05,0.0003017,-2.24e-05,-2.4e-05,-2.02e-05,0.0106062,0.0106872,0.0105565,0.0001951,-0.0001898,-0.000176,-0.0001761,-0.0001738,-0.0001865,-0.0001629,-0.0001791,0.0001939,-0.0001722,0.0105136,0.0105147,0.0099239,0.0105136,0.0009458,0.0009645,0.0009655,0.0008126,-0.0005792,-0.0005886,-0.0005828,0.0006196,-0.0005663,-0.0005757,-0.0005447,0.0002927,0.009907,0.0094971,0.0098919,-0.0010196,0.0098853,0.0095699,0.0098529,-0.001168,-0.0011591,-0.0011547,-0.0011531,-0.0011534,0.0002821,-0.0011506,-0.0011317,0.0091916,0.009012,0.0002922,0.0091499,0.0091503,0.0091515,-0.0016252,-0.0016237,-0.0016184,-0.0016267,-0.0016182,-0.0016091,0.0009013,-0.0015779,0.0079199,-0.0017136,-0.0016897,-0.0014234,0.0036423,0.000377,0.0047772,-0.0061468,0.0046898,0.004334,-0.0065748,0.0003184,0.0038216,-0.0060644,-0.0060606,-0.0060396,-0.0035158,-0.006058,-0.0060596,-0.0060569,8.21e-05,0.0023745,0.0023745
-0.0015844,-0.0023838,0.0049466,0.0091197,0.0022714,-0.0108586,0.0342107,0.0003879,0.0003706,0.0003682,0.0017716,-0.0007022,-0.0006735,-0.0006924,0.0016477,0.000311,-0.0006842,0.0272222,0.0002963,-0.0006344,0.0002917,0.0261448,-0.0012007,0.0257264,0.0002768,0.0006309,0.0006309,0.0006309,0.000625,0.0006191,-0.0001902,0.0005731,-0.0008019,0.0032968,-0.0007662,-0.0002547,-0.0007645,-0.0002561,-0.0002534,-0.0006052,-0.0007309,0.0218079,0.0030898,-0.0006305,-0.0005813,-9.33e-05,-0.0005903,-0.0005914,-0.0005816,-0.0005848,-0.0005744,-0.0001211,0.0004681,0.0196964,-0.0005037,0.0027107,0.0027305,0.0027345,0.0191567,0.0191558,0.0025976,0.0025769,-0.0004151,-0.0004037,-0.0004004,0.018287,0.0182874,0.0003293,0.0023688,0.0023003,0.0002009,-0.0004349,-0.0004302,0.0176874,0.0176872,-0.0003957,0.0176866,0.0133249,0.0074266,-0.0003213,0.0013947,-0.000323,6.51e-05,0.0013608,-0.0002679,0.0001557,0.017455,0.0174543,9.58e-05,0.000231,0.0001896,0.0171272,0.000184,0.0167961,0.0001906,0.016796,0.0164566,0.0001855,-0.0001309,0.0146965,0.0157595,0.0153971,0.0005693,0.0153973,0.0153973,2.2e-06,0.000483,0.0004936,0.0002003,0.0001984,4.7e-06,0.000465,6e-07,0.0004826,3.7e-06,0.0137715,0.0146419,0.0146429,0.0001496,1.82e-05,0.0003756,0.0003801,0.0003784,-2.54e-05,0.0142504,0.0142512,-2.51e-05,0.0003093,0.000422,0.0138495,-1.91e-05,0.0002935,0.0002838,0.0002948,0.0002901,0.0134321,0.0134322,8e-06,-2.71e-05,0.0002334,0.0002297,7.9e-06,-2.98e-05,0.0002429,7.9e-06,0.0130064,0.0122324,0.0130025,4.4e-06,0.0003098,0.0003098,0.0001732,0.0001619,0.0001739,0.0001752,0.0001767,0.0125603,0.0125593,-0.0001335,0.0001246,0.0001286,0.0002991,0.0001246,-0.0001303,2.21e-05,0.0001274,0.0120993,0.0001061,0.0114798,0.0120875,6.8e-05,7.48e-05,6.03e-05,7.33e-05,7.59e-05,7.04e-05,7.46e-05,0.0005674,6.63e-05,7.89e-05,7.72e-05,7.64e-05,0.0108369,0.01112,1.1e-05,2.21e-05,9.2e-06,2.15e-05,1.29e-05,2.53e-05,2.08e-05,1.71e-05,0.0005457,0.0111155,0.0001975,-1.93e-05,0.0003013,-2.36e-05,-2.53e-05,-2.15e-05,0.0106061,0.0106871,0.0105564,0.0001965,-0.0001909,-0.0001772,-0.0001773,-0.0001751,-0.0001877,-0.0001642,-0.0001803,0.0001953,-0.0001734,0.0105135,0.0105146,0.0099242,0.0105134,0.0009457,0.0009647,0.0009657,0.0008123,-0.0005803,-0.0005898,-0.0005839,0.0006187,-0.0005674,-0.0005768,-0.0005458,0.0002923,0.0099068,0.0094966,0.0098917,-0.0010208,0.0098851,0.0095694,0.0098527,-0.0011691,-0.0011602,-0.0011558,-0.0011541,-0.0011544,0.0002817,-0.0011517,-0.0011328,0.0091914,0.0090115,0.0002918,0.0091497,0.0091501,0.0091513,-0.0016261,-0.0016247,-0.0016194,-0.0016277,-0.0016192,-0.0016101,0.0009017,-0.0015789,0.0079194,-0.0017145,-0.0016906,-0.0014243,0.0036414,0.0003761,0.0047766,-0.0061475,0.0046889,0.0043334,-0.0065755,0.0003189,0.0038208,-0.006065,-0.0060611,-0.0060401,-0.0035166,-0.006058,-0.0060596,-0.0060569,8.11e-05,0.0023748,0.0023748
0.0199572,0.0257077,-0.00237,-0.0255614,-0.0032923,-0.0255708,0.000995,-0.026035,-0.0248529,-0.024718,-0.0028773,0.0175259,0.0162493,0.0176216,-0.0026888,-0.0215815,0.0173856,0.0007322,-0.0202098,0.0161324,-0.0198915,0.000703,0.0019835,0.000757,-0.0187243,-0.0160881,-0.0160869,-0.0160877,-0.0159363,-0.0157852,0.0157419,-0.0132984,0.0022735,1.69e-05,0.0021269,0.0167526,0.002148,0.0165823,0.0164011,0.0179818,0.0019698,0.0006502,7.14e-05,0.0019459,0.0173321,-0.0057334,0.0014926,0.0014913,0.0014722,0.0014722,0.0014512,-0.0053402,-0.0192347,0.0004954,0.0011086,-7.1e-06,6.93e-05,6.55e-05,0.0004911,0.0005541,3.56e-05,-3.93e-05,0.0010779,0.0010645,0.0010553,0.0005309,0.0005062,-0.0167917,2.57e-05,0.0001034,-0.0059262,0.0049819,0.0047296,0.0005532,0.0005475,0.0055861,0.0005523,0.0004248,0.0050629,0.0103351,2.58e-05,0.0104596,-0.0097005,0.0001537,0.0067243,-0.0130635,0.0002666,0.0002883,-0.0105185,-0.0028412,0.0006592,0.0003583,0.0006162,0.0003162,0.0006172,0.0003164,0.0003103,0.0005775,0.0113318,0.0051027,2.4e-06,2e-06,-2e-07,2.2e-06,2.2e-06,0.0146535,4.61e-05,-1.4e-06,0.0012998,0.0013167,0.0142803,1.2e-06,0.0106517,4e-07,0.0107266,0.0003123,-1.49e-05,-1.15e-05,0.0107853,-0.0026204,-3.05e-05,-1.1e-06,-2.97e-05,0.0079575,-1.73e-05,-1.2e-05,0.0079372,5.3e-06,0.0021518,-1.26e-05,-0.0011902,-3e-07,7.8e-06,-3.05e-05,8.4e-06,-1.8e-05,-4.72e-05,-0.0099953,0.0071724,-3.01e-05,6.9e-06,-0.0100916,0.0070797,7.2e-06,-0.0101743,-8.6e-06,-0.0035071,0.0002386,0.0071669,-0.0099003,-0.0098984,2.58e-05,2.51e-05,-2.77e-05,4e-06,4e-06,0.0001938,0.0002262,-0.0008838,-2.78e-05,-2.7e-05,-0.0097643,-2.6e-05,-0.0014384,-0.0072007,-2.47e-05,0.0002145,-2.43e-05,-0.0029958,0.0004395,8.7e-06,-2.12e-05,4.2e-06,9.8e-06,9.9e-06,4.7e-06,-2.01e-05,-0.0091258,5.4e-06,1.11e-05,1.11e-05,-1.87e-05,-0.0001311,0.0004414,-2e-05,6e-06,3.5e-06,-3.06e-05,-2.95e-05,9.3e-06,-2.75e-05,-3.56e-05,-0.0089844,0.0004344,-0.0030374,6.5e-06,-0.0097432,-1.08e-05,-1.4e-05,-1.63e-05,-0.0011355,-0.0010231,0.0006288,-0.0032058,2.8e-06,2.04e-05,2.04e-05,2.05e-05,-5.8e-06,6.5e-06,-1.01e-05,-0.0032443,-1.6e-05,0.0006476,0.0006476,-0.0004771,0.0007104,-0.0043104,-0.0039277,-0.0040923,-0.0028399,1.7e-06,-5.57e-05,-6.1e-05,-0.0011167,4.9e-06,-3.3e-06,7.3e-06,-0.0086129,0.0006851,0.0002812,0.0007167,-8.51e-05,0.0007127,0.0003172,0.0007508,-3.32e-05,-2.8e-05,-2.77e-05,-5.99e-05,-2.51e-05,-0.0081411,-3.45e-05,-2.28e-05,0.0007042,0.0003323,-0.0081987,0.0007183,0.0007459,0.0007459,-6.38e-05,-8.81e-05,-6.11e-05,-9.61e-05,-8.17e-05,-9.56e-05,-0.0080632,-5.99e-05,-0.0003827,-6.51e-05,-4.69e-05,-1.72e-05,-0.0003891,-0.0030118,0.0007741,-0.0005521,-0.0001996,0.0009974,-0.0005988,-0.0065371,0.0003938,-0.0005874,-0.0005563,-0.0005653,-0.0002781,-0.0011376,-0.0011372,-0.0011379,-0.0013102,-0.0006379,-0.0006379
0.0001079,0.0003008,-0.0003447,-0.0009268,-8.28e-05,0.0010788,-0.0033762,-3.14e-05,-3e-05,-2.98e-05,-4.95e-05,0.0001044,0.0001011,0.0001023,-4.57e-05,-2.4e-05,0.0001009,-0.0026849,-2.3e-05,9.36e-05,-2.26e-05,-0.0025817,1.33e-05,-0.0025395,-2.21e-05,-9.08e-05,-9.08e-05,-9.08e-05,-9e-05,-8.91e-05,7.9e-06,-8.47e-05,-1.7e-05,0.0225841,-1.72e-05,1.73e-05,-1.73e-05,1.71e-05,1.69e-05,7.78e-05,-1.62e-05,-0.0020718,0.0211241,-2.44e-05,7.45e-05,2.43e-05,-2.42e-05,-2.41e-05,-2.4e-05,-2.37e-05,-2.36e-05,2.21e-05,-5.34e-05,-0.0017951,-2.91e-05,0.0187275,0.0187253,0.0187251,-0.0014817,-0.0014787,0.0184495,0.0184511,-3.06e-05,-3.05e-05,-2.98e-05,-0.0012077,-0.0012065,-4.68e-05,0.0175743,0.0172701,-5.94e-05,-1.21e-05,-1.24e-05,-0.0009627,-0.0009661,-1.11e-05,-0.0009673,0.0118838,0.0001476,6.24e-05,0.0170215,6.24e-05,9.2e-06,0.0170224,6.59e-05,-6.1e-06,0.0005519,0.0005459,7.3e-06,-4.2e-06,-4.3e-06,0.0005316,5e-07,0.0005185,-1e-07,0.0005164,0.0005028,5e-07,7e-07,0.000497,0.0004775,0.0004654,0.0150285,0.0004847,0.000483,4.61e-05,0.0146667,0.0146665,5.3e-06,5.3e-06,4.59e-05,0.014295,6.54e-05,0.0142951,6.54e-05,0.0005127,0.0005203,0.0005172,6.4e-05,3.62e-05,0.0139139,0.0139138,0.0139139,6.26e-05,0.0005426,0.0005429,6.09e-05,0.0135218,2.21e-05,0.0005361,4.17e-05,0.013118,0.0131179,0.013118,0.013118,0.0005652,0.0005628,-3.4e-06,5.69e-05,0.0127013,0.0127013,-3.2e-06,5.67e-05,0.0127015,-3.9e-06,0.0005753,0.0005532,0.000574,5.88e-05,5.4e-06,5.4e-06,0.01227,0.0122698,0.0122698,0.0122699,0.0122699,0.0005956,0.000596,-1e-05,0.0118226,0.0118227,6.1e-06,0.0118226,-1.38e-05,-5.53e-05,0.0118227,0.0006045,0.0118224,0.0005962,0.0006132,0.0113581,0.0113583,0.0113578,0.0113582,0.0113583,0.0113581,0.0113583,2.37e-05,0.0113579,0.0113583,0.0113583,0.0113583,0.0006772,0.0006758,0.0108734,0.0108738,0.0108733,0.0108738,0.0108735,0.0108739,0.0108738,0.0108735,3.12e-05,0.000828,5.9e-06,0.0108726,-2.52e-05,0.0108725,0.0108725,0.0108726,0.0009608,0.0009588,0.0009165,7.2e-06,0.0103594,0.0103602,0.0103602,0.0103603,0.0103593,0.010361,0.0103595,1.89e-05,0.0103597,0.001405,0.0013942,0.0013333,0.0013825,9.74e-05,0.0001067,0.0001046,8.42e-05,0.0098003,0.009799,0.0097995,6.04e-05,0.0098015,0.0098002,0.0098034,-1.33e-05,0.0018113,0.0017365,0.0017847,0.0097519,0.0018449,0.0017862,0.0018325,0.0091658,0.0091673,0.009168,0.009168,0.0091682,-4.2e-06,0.0091682,0.0091714,0.002243,0.0021738,-2.9e-06,0.0022129,0.0022112,0.0022058,0.0084767,0.0084768,0.0084781,0.0084761,0.008478,0.0084798,0.0001008,0.0084864,0.0024183,0.0078004,0.0078059,0.0078648,0.007122,0.0001494,0.0065436,0.0050741,0.0066189,0.0066744,0.0045299,2.27e-05,0.0059458,0.0040423,0.0040495,0.0040777,0.0063093,-0.0021786,-0.0021749,-0.0021811,0.0026541,-0.0055355,-0.0055355
-2.24e-05,0.0001357,-0.0004223,-0.0008903,-0.0001027,0.0010946,-0.003355,-7.3e-06,-7e-06,-6.9e-06,-6.72e-05,-2.58e-05,-2.56e-05,-2.5e-05,-6.22e-05,-6.8e-06,-2.46e-05,-0.0026683,-6.9e-06,-2.28e-05,-6.8e-06,-0.0025647,2.88e-05,-0.0025236,-7.1e-06,1.86e-05,1.86e-05,1.86e-05,1.84e-05,1.82e-05,1.01e-05,1.87e-05,-3.1e-06,0.0225861,-3.3e-06,8e-06,-3.7e-06,7.9e-06,7.8e-06,-1.86e-05,-4.3e-06,-0.0020589,0.0211256,-1.27e-05,-1.85e-05,-1.75e-05,-1.2e-05,-1.19e-05,-1.19e-05,-1.16e-05,-1.17e-05,-1.68e-05,6.2e-06,-0.0017828,-1.35e-05,0.0187288,0.0187267,0.0187264,-0.0014701,-0.0014672,0.0184507,0.0184524,-1.55e-05,-1.56e-05,-1.51e-05,-0.0011967,-0.0011954,1.12e-05,0.0175755,0.0172711,1.26e-05,-1.56e-05,-1.56e-05,-0.0009524,-0.0009557,-2.01e-05,-0.000957,0.0118914,0.0001447,-1.51e-05,0.017022,-1.51e-05,-6e-07,0.0170221,-6.7e-06,3.4e-06,0.0005625,0.0005564,1.9e-06,-2e-07,-1e-06,0.0005417,-7e-07,0.0005286,-2e-07,0.0005266,0.0005127,6e-07,-2.8e-06,0.0004834,0.0004884,0.000476,0.0150286,0.0004953,0.0004936,-1.4e-06,0.0146665,0.0146666,2e-06,2e-06,-1e-07,0.0142951,0,0.0142952,1e-07,0.0005213,0.0005305,0.0005274,3.5e-06,7e-07,0.0139138,0.0139139,0.0139139,3e-07,0.0005525,0.0005527,2e-07,0.0135218,1.17e-05,0.0005457,2e-06,0.013118,0.0131178,0.013118,0.0131179,0.0005745,0.0005721,3.9e-06,2e-07,0.0127013,0.0127012,4.8e-06,2e-07,0.0127015,4.8e-06,0.0005843,0.0005649,0.0005827,1.7e-06,1.45e-05,1.45e-05,0.0122698,0.0122695,0.0122698,0.0122698,0.0122698,0.0006041,0.0006045,-8.2e-06,0.0118226,0.0118227,1.66e-05,0.0118226,-8.1e-06,-1.8e-06,0.0118226,0.0006128,0.0118223,0.0006065,0.0006212,0.011358,0.0113582,0.0113577,0.0113581,0.0113582,0.011358,0.0113582,3.21e-05,0.0113578,0.0113582,0.0113582,0.0113582,0.0006867,0.000683,0.0108733,0.0108736,0.0108732,0.0108737,0.0108733,0.0108738,0.0108736,0.0108734,4.12e-05,0.0008352,1.83e-05,0.0108724,1.9e-05,0.0108722,0.0108721,0.0108722,0.0009618,0.0009603,0.0009242,2.06e-05,0.0103592,0.01036,0.0103599,0.0103601,0.0103592,0.0103607,0.0103594,3.25e-05,0.0103596,0.0014126,0.0014018,0.001345,0.0013897,8.36e-05,9.16e-05,9e-05,6.49e-05,0.0097998,0.0097987,0.0097992,3.93e-05,0.0098009,0.0097994,0.0098028,2.65e-05,0.0018181,0.0017357,0.0017921,0.0097513,0.0018522,0.0017861,0.0018406,0.0091648,0.0091663,0.009167,0.0091672,0.0091672,3.32e-05,0.009167,0.0091705,0.0022505,0.0021744,3.45e-05,0.0022213,0.0022194,0.002214,0.0084753,0.0084757,0.0084768,0.008475,0.0084768,0.0084787,0.0001209,0.008485,0.0024341,0.007799,0.0078043,0.0078634,0.0071209,0.0001751,0.006547,0.0050698,0.0066188,0.0066782,0.0045254,4.83e-05,0.0059545,0.0040382,0.0040453,0.0040737,0.0063094,-0.0021812,-0.0021775,-0.0021837,0.0026706,-0.0055276,-0.0055276
0.0275151,0.0002854,-0.0225921,0.013907,-0.032636,0.0044619,0.0026194,0.0055168,0.005262,0.005239,-0.0290007,0.0061853,0.0062428,0.0059124,-0.0270608,0.0048145,0.0058496,0.0017126,0.0045095,0.005427,0.0044368,0.0022837,0.0244735,0.002142,0.0043054,-0.0048257,-0.004826,-0.0048258,-0.0047814,-0.004736,-0.0045592,-0.0051096,0.0222587,0.0001151,0.0215626,-0.0036726,0.0215931,-0.0035254,-0.0034858,0.0032172,0.020771,0.0014825,0.0001256,0.0205331,0.0031957,0.0053645,0.0195409,0.0195412,0.0192821,0.0192822,0.0190195,0.0060256,0.0004888,0.0011491,0.0182107,0.0001301,0.0001446,0.0001074,0.0011413,0.0011367,0.0001086,0.0001305,0.0176701,0.0173916,0.0171114,0.0010351,0.0010441,0.0038496,9.72e-05,0.0002285,0.0010735,0.0165543,0.0166456,0.0009796,0.0009802,0.0166291,0.0009635,0.0006922,0.0152257,0.001596,1.82e-05,0.0017732,0.0046968,6.77e-05,2.7e-06,0.0025431,0.0002706,0.0002931,0.0032226,0.0160395,0.0166349,0.0003075,0.0163664,0.0002697,0.0163646,0.0002738,0.0002512,0.0153534,0.0022197,0.0005609,0.0002246,0.0001654,2.9e-06,0.0002025,0.0002003,0.0012998,5.3e-06,2e-06,0.0146591,0.0146591,0.0014692,5.51e-05,0.0004716,3.83e-05,0.0012909,0.0050374,-9.71e-05,-4.44e-05,0.0046283,0.0006475,-7.9e-06,-5.7e-06,-7.9e-06,-0.0012577,-9.83e-05,-6.13e-05,-0.0012407,3.25e-05,0.0134113,-6.79e-05,-0.001127,-5.9e-06,4.74e-05,-7.3e-06,4.61e-05,-0.0001039,-0.0001041,-2.79e-05,-0.0013507,-7.9e-06,2.99e-05,-3.53e-05,-0.0014781,2.88e-05,-3.52e-05,-6.39e-05,-0.0001224,-6.43e-05,-0.0002125,-7.25e-05,-7.24e-05,-8.3e-06,-8.2e-06,-9e-06,-8.8e-06,-8.8e-06,-0.0001002,-9.99e-05,-0.0118177,-8.3e-06,-8.3e-06,-0.0001607,-8e-06,-0.0117997,0.0005814,-8e-06,-0.0001189,-7.8e-06,-7.7e-05,-0.0001163,-7.3e-06,-7.3e-06,-4.49e-05,-6.4e-06,-6.4e-06,-4.4e-05,-5.4e-06,-5.38e-05,-4.3e-05,-4.3e-06,-4.3e-06,-4.2e-06,-0.0039342,0.000163,9e-07,-3.66e-05,-5.12e-05,3.9e-06,3.7e-06,-3.37e-05,5.1e-06,5.1e-06,-0.0002045,0.0001265,-0.0106223,-3.23e-05,0.0021018,6.1e-06,6.1e-06,6.2e-06,0.0001791,0.0001794,0.0001113,-0.0100423,-4.86e-05,5.2e-06,5.2e-06,5.2e-06,-7.64e-05,9e-06,-9.41e-05,-0.0100338,-0.0001119,0.0001791,0.0001791,-0.0032478,0.0004247,-3.79e-05,-0.0020808,-0.0015409,0.0022261,1.96e-05,3.49e-05,3.67e-05,0.0056763,3.97e-05,7.74e-05,3.63e-05,0.0023847,0.0004192,0.0022941,0.0002532,7e-06,0.000274,0.0021437,6.89e-05,8e-07,-2.18e-05,-2.17e-05,-1.28e-05,-2.24e-05,0.0022361,2.53e-05,-2.56e-05,6.31e-05,0.0018454,0.0021233,-0.0001241,-0.0001444,-0.0001443,-3.12e-05,-1.32e-05,-3.28e-05,-7.4e-06,-1.76e-05,-7e-06,-0.0029721,-2.66e-05,0.0017282,-3.07e-05,-6.03e-05,-7.89e-05,0.0006357,0.0054368,-0.0006084,0.0002642,0.0004811,-0.0009034,0.0002941,-0.0035761,0.0007106,0.0002503,0.0002941,0.000332,0.0005126,0.0013359,0.0013346,0.0013368,0.0043945,0.0020499,0.0020499
0.0275198,0.0002961,-0.0226144,0.0138619,-0.0326443,0.0044186,0.0026163,0.0054712,0.0052185,0.0051957,-0.0290078,0.0061874,0.0062433,0.0059154,-0.0270674,0.004776,0.0058526,0.0017101,0.0044734,0.0054298,0.0044013,0.0022814,0.0244787,0.0021397,0.004272,-0.0048302,-0.0048305,-0.0048303,-0.0047858,-0.0047404,-0.0045274,-0.0051101,0.0222643,0.0001148,0.0215679,-0.0036418,0.0215984,-0.0034949,-0.0034556,0.0032287,0.0207756,0.0014805,0.0001253,0.0205377,0.0032068,0.0053426,0.0195448,0.0195451,0.0192859,0.019286,0.0190233,0.0060052,0.0004656,0.0011472,0.0182148,0.0001297,0.0001444,0.0001072,0.0011394,0.001135,0.0001083,0.0001301,0.0176741,0.0173954,0.0171152,0.0010335,0.0010424,0.0038304,9.7e-05,0.0002283,0.0010792,0.0165614,0.0166523,0.000978,0.0009786,0.0166361,0.0009619,0.0006911,0.015231,0.0015973,1.81e-05,0.0017747,0.0046751,6.77e-05,-1.8e-06,0.0025196,0.0002686,0.0002912,0.0032004,0.0160331,0.016635,0.0003057,0.0163654,0.0002679,0.0163639,0.000272,0.0002494,0.0153527,0.0022407,0.0005633,0.0002227,0.0001635,2.9e-06,0.0002006,0.0001984,0.0013167,5.3e-06,2e-06,0.0146591,0.0146592,0.0014857,5.5e-05,0.0004765,3.83e-05,0.0012959,0.0050356,-9.88e-05,-4.62e-05,0.0046341,0.0006337,-8e-06,-5.7e-06,-8e-06,-0.0012571,-1e-04,-6.3e-05,-0.0012398,3.25e-05,0.0134114,-6.96e-05,-0.0011387,-5.9e-06,4.74e-05,-7.4e-06,4.61e-05,-0.0001055,-0.0001058,-4.56e-05,-0.0013503,-7.9e-06,2.99e-05,-5.3e-05,-0.0014778,2.88e-05,-5.29e-05,-6.55e-05,-0.0001299,-6.55e-05,-0.0002123,-8.96e-05,-8.96e-05,-8.3e-06,-8.2e-06,-9e-06,-8.8e-06,-8.8e-06,-0.0001013,-0.000101,-0.0118176,-8.3e-06,-8.3e-06,-0.0001772,-8e-06,-0.0117998,0.0005803,-8e-06,-0.0001199,-7.8e-06,-8.36e-05,-0.0001169,-7.2e-06,-7.3e-06,-4.49e-05,-6.3e-06,-6.3e-06,-4.4e-05,-5.4e-06,-6.97e-05,-4.29e-05,-4.3e-06,-4.3e-06,-4.2e-06,-0.0039348,0.0001624,9e-07,-3.65e-05,-5.12e-05,3.8e-06,3.7e-06,-3.37e-05,5.1e-06,5e-06,-0.0002197,0.0001259,-0.0106241,-3.22e-05,0.0020932,6.1e-06,6.1e-06,6.1e-06,0.0001741,0.0001747,0.0001114,-0.0100442,-4.85e-05,5.3e-06,5.3e-06,5.3e-06,-7.63e-05,9.1e-06,-9.4e-05,-0.0100357,-0.0001118,0.0001791,0.0001791,-0.0032484,0.0004247,-4.99e-05,-0.0020921,-0.0015525,0.0022154,1.97e-05,3.49e-05,3.67e-05,0.0056682,3.97e-05,7.74e-05,3.64e-05,0.0023772,0.0004193,0.0022915,0.0002535,7e-06,0.0002743,0.0021414,6.95e-05,9e-07,-2.17e-05,-2.16e-05,-1.27e-05,-2.23e-05,0.002229,2.53e-05,-2.55e-05,6.36e-05,0.0018434,0.0021161,-0.0001232,-0.0001435,-0.0001435,-3.11e-05,-1.31e-05,-3.27e-05,-7.3e-06,-1.76e-05,-6.9e-06,-0.0029828,-2.65e-05,0.0017288,-3.07e-05,-6.02e-05,-7.88e-05,0.0006335,0.0054365,-0.0006073,0.0002638,0.0004793,-0.0009016,0.0002938,-0.0035823,0.0007123,0.0002499,0.0002937,0.0003317,0.0005131,0.0013346,0.0013333,0.0013356,0.0043954,0.0020497,0.0020497
0.0196915,0.0248844,-0.0027757,-0.0247798,-0.0037127,-0.0249315,0.0010052,-0.0253706,-0.0242189,-0.0240873,-0.0032514,0.0170153,0.0157724,0.0171104,-0.0030378,-0.0210323,0.0168814,0.0007361,-0.0196956,0.0156646,-0.0193854,0.0007173,0.0023091,0.0007669,-0.0182459,-0.0156253,-0.0156242,-0.0156249,-0.0154779,-0.0153312,0.0153527,-0.0129085,0.0025592,2.02e-05,0.0024061,0.0163343,0.0024265,0.0161699,0.0159932,0.0174799,0.0022376,0.0006526,7.28e-05,0.0022106,0.0168496,-0.0056126,0.0017539,0.0017526,0.0017301,0.00173,0.0017056,-0.0052133,-0.01872,0.0004982,0.0013654,-4.1e-06,7.1e-05,6.66e-05,0.0004932,0.0005548,3.74e-05,-3.56e-05,0.001327,0.0013095,0.0012961,0.0005309,0.0005068,-0.0162844,2.77e-05,0.0001054,-0.0056605,0.0051007,0.0048555,0.0005515,0.000546,0.0056835,0.0005504,0.0004238,0.005153,0.0100042,2.67e-05,0.0101284,-0.0094493,0.0001511,0.0064556,-0.0127379,0.000262,0.0002833,-0.0102629,-0.0025529,0.0008811,0.000352,0.0008274,0.0003105,0.0008303,0.0003108,0.0003046,0.0007776,0.011119,0.0049616,5.3e-06,4e-06,1.2e-06,4.8e-06,4.7e-06,0.0142803,4.59e-05,-1e-07,0.0014692,0.0014857,0.0139199,3.2e-06,0.0103196,2.1e-06,0.0104044,0.0003736,-1.6e-05,-1.2e-05,0.0105163,-0.0026192,-2.89e-05,1e-07,-2.81e-05,0.0076635,-1.83e-05,-1.26e-05,0.0076466,6.8e-06,0.0022733,-1.34e-05,-0.0012507,7e-07,9.4e-06,-2.88e-05,1e-05,-1.91e-05,-4.76e-05,-0.0097731,0.0069034,-2.84e-05,8.2e-06,-0.0098663,0.0068111,8.5e-06,-0.0099461,-9.4e-06,-0.0034296,0.0002322,0.0069129,-0.009678,-0.0096761,2.59e-05,2.52e-05,-2.61e-05,4.8e-06,4.9e-06,0.0001881,0.0002197,-0.0010254,-2.63e-05,-2.55e-05,-0.0095436,-2.45e-05,-0.0015612,-0.0069473,-2.32e-05,0.000208,-2.29e-05,-0.0029299,0.000428,9.4e-06,-1.98e-05,4.5e-06,1.05e-05,1.06e-05,5e-06,-1.88e-05,-0.008921,5.7e-06,1.18e-05,1.18e-05,-1.74e-05,-0.0001794,0.0004335,-1.86e-05,6.3e-06,3.7e-06,-2.89e-05,-2.79e-05,9.6e-06,-2.59e-05,-3.38e-05,-0.008782,0.0004262,-0.0030991,6.9e-06,-0.0094322,-9.8e-06,-1.29e-05,-1.52e-05,-0.0011202,-0.0010094,0.0006179,-0.003254,3.1e-06,2.1e-05,2.1e-05,2.11e-05,-5.6e-06,7.3e-06,-1.01e-05,-0.0032912,-1.59e-05,0.0006371,0.0006371,-0.0005035,0.0007013,-0.0042459,-0.003902,-0.0040547,-0.0027847,2.8e-06,-5.28e-05,-5.79e-05,-0.0010527,6e-06,-1.8e-06,8.3e-06,-0.0083296,0.0006765,0.0002942,0.0007063,-8.18e-05,0.0007025,0.0003284,0.0007384,-3.18e-05,-2.7e-05,-2.66e-05,-5.78e-05,-2.41e-05,-0.0078739,-3.29e-05,-2.19e-05,0.0006925,0.000341,-0.0079318,0.0007054,0.0007318,0.0007318,-6.22e-05,-8.56e-05,-5.97e-05,-9.33e-05,-7.94e-05,-9.27e-05,-0.0079009,-5.86e-05,-0.0003324,-6.37e-05,-4.66e-05,-1.77e-05,-0.0003779,-0.0028286,0.0007503,-0.0005362,-0.0001941,0.0009662,-0.0005815,-0.0064046,0.0004068,-0.0005709,-0.00054,-0.000548,-0.0002598,-0.0010928,-0.0010924,-0.0010931,-0.0011927,-0.0005859,-0.0005859
7.76e-05,0.0001323,-0.0004991,-0.0008232,-0.0002213,0.0010989,-0.0032982,1.65e-05,1.57e-05,1.56e-05,-0.0001729,-4.2e-06,-3.6e-06,-4.4e-06,-0.0001608,1.38e-05,-4.3e-06,-0.0026245,1.24e-05,-4e-06,1.22e-05,-0.0025202,0.0001184,-0.0024803,1.13e-05,2e-06,2e-06,2e-06,2e-06,2e-06,-9e-06,8e-07,7.88e-05,0.0220116,7.61e-05,-7.9e-06,7.57e-05,-7.4e-06,-7.3e-06,-8.3e-06,7.21e-05,-0.0020254,0.0205883,6.3e-05,-8.2e-06,3.5e-06,6.01e-05,6.02e-05,5.92e-05,5.95e-05,5.84e-05,6.6e-06,1.01e-05,-0.0017552,5.37e-05,0.0182526,0.0182505,0.0182501,-0.0014499,-0.001447,0.0179816,0.0179833,4.97e-05,4.85e-05,4.8e-05,-0.0011827,-0.0011815,2.71e-05,0.0171287,0.0168326,1.67e-05,4.5e-05,4.53e-05,-0.0009442,-0.0009474,4.07e-05,-0.0009487,0.0115784,0.0001877,-9.9e-06,0.01659,-9.4e-06,1.8e-05,0.0165903,-7.2e-06,1.44e-05,0.0005301,0.0005242,1.51e-05,5.86e-05,5.95e-05,0.0005103,5.88e-05,0.0004978,5.93e-05,0.0004958,0.0004826,5.63e-05,3.9e-06,0.0004564,0.0004596,0.0004477,0.0146479,0.0004667,0.000465,1.2e-06,0.014295,0.0142951,5.51e-05,5.5e-05,3.2e-06,0.0139332,2e-07,0.0139332,3.3e-06,0.0005114,0.0005007,0.0004978,1.86e-05,3.4e-06,0.0135615,0.0135615,0.0135615,-5.4e-06,0.0005226,0.0005229,-5.4e-06,0.0131795,5.96e-05,0.0005165,-1.9e-06,0.0127858,0.0127859,0.0127859,0.012786,0.0005449,0.0005426,5.2e-06,-5.7e-06,0.0123798,0.0123798,6.1e-06,-6.2e-06,0.01238,6.1e-06,0.000555,0.0005373,0.0005535,-1e-07,1.5e-05,1.5e-05,0.0119592,0.011959,0.0119592,0.0119592,0.0119593,0.0005746,0.0005751,-5.08e-05,0.0115234,0.0115234,1.68e-05,0.0115234,-5.07e-05,1.3e-06,0.0115234,0.0005835,0.0115231,0.0005788,0.0005918,0.0110706,0.0110708,0.0110701,0.0110707,0.0110708,0.0110705,0.0110708,3.18e-05,0.0110703,0.0110708,0.0110708,0.0110708,0.0006431,0.0006541,0.0105982,0.0105985,0.010598,0.0105987,0.0105983,0.0105986,0.0105986,0.0105984,4.01e-05,0.0008023,-2.07e-05,0.0105973,2.73e-05,0.0105973,0.0105972,0.0105973,0.0009267,0.0009252,0.0008896,-1.63e-05,0.0100972,0.0100981,0.0100981,0.0100982,0.0100971,0.0100989,0.0100972,-4.7e-06,0.0100973,0.0013659,0.0013554,0.0012883,0.0013445,8.1e-05,8.12e-05,8.17e-05,7.09e-05,0.0095526,0.0095516,0.0095522,5.86e-05,0.0095537,0.0095524,0.0095555,3.54e-05,0.0017626,0.0016897,0.0017367,0.0095058,0.0017954,0.0017382,0.0017834,0.0089343,0.0089357,0.0089363,0.0089366,0.0089365,4.14e-05,0.0089365,0.0089397,0.0021836,0.0021162,4.23e-05,0.0021545,0.0021526,0.0021474,0.0082626,0.008263,0.008264,0.0082624,0.0082641,0.008266,0.0001071,0.0082721,0.0023702,0.0076035,0.0076086,0.0076658,0.0069391,0.0001905,0.0063738,0.0049494,0.006448,0.0065011,0.0044193,3.47e-05,0.0058022,0.0039437,0.0039508,0.0039786,0.0061556,-0.0021144,-0.0021108,-0.0021168,0.0026192,-0.0053829,-0.0053829
0.0268561,0.0347532,0.0165465,-0.008361,0.0047682,-0.0067713,0.0005307,-0.0069422,-0.0066156,-0.0065799,0.004201,0.027221,0.0264206,0.0266561,0.0039139,-0.005195,0.0262899,0.0004732,-0.0048673,0.0243961,-0.00479,0.000231,-0.0036397,0.0003942,-0.0045309,-0.0229931,-0.0229929,-0.022993,-0.0227788,-0.0225629,0.0008773,-0.0215785,-0.0032087,-1.9e-05,-0.0032105,0.003231,-0.0031282,0.0031807,0.0031457,0.0205752,-0.0027796,0.0004716,6.75e-05,-0.0027462,0.0198361,0.0078015,-0.0028452,-0.0028453,-0.0028079,-0.0028074,-0.0027709,0.0072347,-0.0133996,0.0002773,-0.0035084,5.06e-05,5.47e-05,6.06e-05,0.0003563,0.000362,5.45e-05,4.44e-05,-0.0034001,-0.0033451,-0.0032798,0.0003428,0.0003411,-0.0129811,3.13e-05,5.8e-05,-0.014884,0.0006709,0.0005947,0.0004066,0.0003973,0.001827,0.0004112,0.0003074,0.0016856,0.0162581,3.05e-05,0.0162746,0.0010969,0.0002172,0.0150492,-0.0029512,0.000304,0.0003396,0.0001955,-0.0013511,-0.0009489,0.0003565,-4.85e-05,0.0003172,-0.0002761,0.0003167,0.0003106,-0.0002734,0.0015088,0.0051299,2e-07,1.3e-06,1.8e-06,5e-07,6e-07,0.0106517,6.54e-05,0,0.0004716,0.0004765,0.0103196,2e-07,0.0139241,2e-07,0.0139012,0.0001051,-4.5e-06,-3.3e-06,0.0128857,0.0069068,8.2e-06,-4e-07,8e-06,0.0131328,-7.8e-06,-3.1e-06,0.0128122,4.4e-06,0.0020156,-3.8e-06,0.0078746,-7e-07,6.8e-06,-8e-06,6.8e-06,-8.9e-06,-1.59e-05,-0.0022488,0.0119469,-8.3e-06,5e-06,-0.0024003,0.0119102,5.7e-06,-0.0025329,-1.7e-06,-0.0009202,6.26e-05,0.0120108,-0.0025615,-0.0025584,3.6e-05,3.51e-05,-1e-05,-1.3e-06,-1.3e-06,4.56e-05,5.44e-05,-0.0001915,-9.9e-06,-9.7e-06,-0.0028283,-8.9e-06,-0.001017,-0.0113003,-8.1e-06,4.93e-05,-8e-06,-0.0007208,0.0001037,1e-07,-7.1e-06,-3.7e-06,4e-07,4e-07,-3.5e-06,-6.7e-06,-0.0023168,-3.4e-06,9e-07,9e-07,-6e-06,-0.0003158,0.0001241,-5.9e-06,-2.7e-06,-4.4e-06,-8.1e-06,-7.9e-06,-1.7e-06,-7.3e-06,-9.1e-06,-0.0026177,0.0001189,-0.0024547,-5.3e-06,-0.0096282,2.12e-05,2.32e-05,2.48e-05,0.0011528,0.0010815,-3.82e-05,-0.0027003,-1.9e-05,-5e-06,-5e-06,-5e-06,-2.63e-05,6.3e-06,-3.15e-05,-0.0027405,-3.69e-05,-2.21e-05,-2.21e-05,-0.0009329,5.36e-05,0.0025514,0.0029032,0.0027772,0.0037233,1.3e-06,-5.55e-05,-6.12e-05,0.0040908,2.36e-05,5.14e-05,2.06e-05,-0.0086488,5.33e-05,0.0014362,-6.78e-05,-6.71e-05,-5.21e-05,0.0013246,-0.0002014,1.65e-05,-3e-07,-4e-07,-3.28e-05,2.1e-06,-0.0081405,3.68e-05,-8e-07,-0.0001893,0.0011148,-0.0081473,-0.0003666,-0.0003324,-0.0003324,8.6e-06,-2.19e-05,1.09e-05,-3.14e-05,-1.47e-05,-3.32e-05,-0.0044657,3.26e-05,-0.0021461,2.44e-05,5.27e-05,5.75e-05,0.0006732,-0.0054505,2.77e-05,-5.98e-05,0.0006313,-0.0001006,-7.8e-05,-0.0055346,-0.0012258,-8.53e-05,-7.17e-05,-0.0001037,-0.000577,-0.0004173,-0.0004164,-0.0004179,-0.0034955,-0.0013218,-0.0013218
4.47e-05,0.0001305,-0.0004672,-0.00083,-0.0001808,0.0010799,-0.0032615,9.3e-06,8.8e-06,8.8e-06,-0.0001372,-1.14e-05,-1.09e-05,-1.13e-05,-0.0001275,7.5e-06,-1.1e-05,-0.0025948,6.6e-06,-1.03e-05,6.5e-06,-0.0024925,8.87e-05,-0.0024528,5.8e-06,7.6e-06,7.6e-06,7.6e-06,7.5e-06,7.5e-06,-3.2e-06,6.8e-06,5.21e-05,0.0220146,5.02e-05,-3.1e-06,4.98e-05,-2.8e-06,-2.7e-06,-1.19e-05,4.72e-05,-0.0020018,0.0205911,3.85e-05,-1.18e-05,-3.1e-06,3.67e-05,3.68e-05,3.61e-05,3.64e-05,3.57e-05,-8e-07,9.2e-06,-0.0017336,3.2e-05,0.018255,0.0182529,0.0182526,-0.0014289,-0.001426,0.0179839,0.0179856,2.87e-05,2.79e-05,2.77e-05,-0.0011627,-0.0011615,2.22e-05,0.0171308,0.0168344,1.54e-05,2.55e-05,2.57e-05,-0.0009248,-0.000928,2.12e-05,-0.0009293,0.0115927,0.0001788,-1.17e-05,0.0165911,-1.13e-05,1.21e-05,0.0165912,-7.1e-06,1.1e-05,0.00055,0.0005441,1.1e-05,4e-05,4.04e-05,0.0005298,4e-05,0.0005169,4.05e-05,0.0005149,0.0005014,3.87e-05,1.7e-06,0.000473,0.0004776,0.0004653,0.0146481,0.0004843,0.0004826,4e-07,0.0142951,0.0142952,3.83e-05,3.83e-05,2.1e-06,0.0139332,2e-07,0.0139333,2.3e-06,0.0005215,0.0005177,0.0005148,1.39e-05,2.6e-06,0.0135615,0.0135615,0.0135615,-3.6e-06,0.0005392,0.0005395,-3.6e-06,0.0131794,4.46e-05,0.0005326,-7e-07,0.0127858,0.0127858,0.0127858,0.0127858,0.0005605,0.0005582,4.7e-06,-3.8e-06,0.0123797,0.0123796,5.6e-06,-4.2e-06,0.0123799,5.6e-06,0.0005701,0.0005514,0.0005686,5e-07,1.5e-05,1.5e-05,0.011959,0.0119588,0.0119591,0.0119591,0.0119591,0.0005893,0.0005897,-3.73e-05,0.0115232,0.0115232,1.68e-05,0.0115232,-3.71e-05,3e-07,0.0115232,0.0005977,0.0115229,0.000592,0.0006059,0.0110703,0.0110705,0.0110699,0.0110704,0.0110705,0.0110702,0.0110705,3.21e-05,0.0110701,0.0110706,0.0110705,0.0110705,0.0006602,0.0006668,0.0105979,0.0105982,0.0105977,0.0105983,0.010598,0.0105983,0.0105983,0.0105981,4.06e-05,0.000815,-8.3e-06,0.010597,2.47e-05,0.0105969,0.0105968,0.0105969,0.0009387,0.0009372,0.0009017,-4.6e-06,0.0100967,0.0100976,0.0100976,0.0100977,0.0100966,0.0100983,0.0100968,7.1e-06,0.0100969,0.0013778,0.0013673,0.0013035,0.0013562,8.2e-05,8.46e-05,8.44e-05,6.91e-05,0.0095516,0.0095506,0.0095511,5.26e-05,0.0095527,0.0095514,0.0095546,3.26e-05,0.0017736,0.001698,0.0017479,0.0095043,0.0018065,0.0017468,0.0017947,0.0089326,0.0089341,0.0089347,0.0089349,0.0089349,3.87e-05,0.0089349,0.0089381,0.0021942,0.0021245,3.97e-05,0.0021652,0.0021634,0.0021581,0.0082605,0.0082609,0.0082619,0.0082602,0.008262,0.0082639,0.0001113,0.00827,0.0023773,0.0076013,0.0076064,0.0076639,0.0069424,0.0001845,0.0063799,0.0049418,0.0064527,0.006507,0.0044112,3.89e-05,0.0058057,0.0039362,0.0039433,0.0039711,0.0061507,-0.0021229,-0.0021193,-0.0021254,0.002614,-0.0053823,-0.0053823
0.0282887,0.0346423,0.0151361,-0.0076813,0.0028922,-0.0066196,0.0006602,-0.0067391,-0.0064221,-0.0063872,0.0025346,0.0274489,0.0266504,0.0268741,0.002359,-0.0050179,0.0265059,0.0005548,-0.0047014,0.0245965,-0.0046268,0.0003467,-0.0022357,0.0005012,-0.0043699,-0.0231714,-0.0231711,-0.0231713,-0.0229555,-0.0227378,0.0007139,-0.0217669,-0.0019298,-1.36e-05,-0.0019712,0.0031038,-0.0018878,0.003061,0.0030273,0.0206957,-0.0015889,0.0005428,7.32e-05,-0.0015692,0.0199574,0.008,-0.0017253,-0.0017254,-0.0017029,-0.0017024,-0.0016809,0.0074772,-0.0133809,0.0003316,-0.0024595,5.63e-05,6.17e-05,6.55e-05,0.0004098,0.0004156,5.93e-05,5.01e-05,-0.0023824,-0.0023434,-0.0022943,0.0003913,0.0003899,-0.0127638,3.57e-05,7e-05,-0.0147381,0.0016171,0.001545,0.0004519,0.0004426,0.0027715,0.0004555,0.0003393,0.0025459,0.0162767,3.1e-05,0.0163036,0.001289,0.0002198,0.0149668,-0.0028662,0.0003091,0.0003458,0.000308,-0.0004656,-1.19e-05,0.0003639,0.0008658,0.0003228,0.0006401,0.0003225,0.0003154,0.0005862,0.0016899,0.0051426,4.4e-06,2.5e-06,1.9e-06,3.8e-06,3.7e-06,0.0107266,6.54e-05,1e-07,0.0012909,0.0012959,0.0104044,3.3e-06,0.0139012,2.3e-06,0.0139245,0.0003791,-1.76e-05,-1.35e-05,0.0131033,0.0068696,7.6e-06,-6e-07,7.4e-06,0.0130036,-2.07e-05,-1.4e-05,0.0126865,6.3e-06,0.0027579,-1.48e-05,0.0077395,-9e-07,9.6e-06,-8.4e-06,9.5e-06,-2.18e-05,-2.88e-05,-0.0022936,0.0118175,-8.7e-06,6.8e-06,-0.0024448,0.0117734,7.5e-06,-0.0025769,-1.21e-05,-0.0009475,5.32e-05,0.0119441,-0.0026057,-0.0026027,3.56e-05,3.47e-05,-1.04e-05,-1.6e-06,-1.6e-06,3.43e-05,4.33e-05,-0.0008526,-1.03e-05,-1.01e-05,-0.0028744,-9.3e-06,-0.0016736,-0.0112191,-8.4e-06,3.73e-05,-8.3e-06,-0.0007436,9.28e-05,-1e-07,-7.4e-06,-6e-06,3e-07,3e-07,-5.7e-06,-6.9e-06,-0.0023573,-5.5e-06,9e-07,9e-07,-6.1e-06,-0.0005384,0.0001291,-5.7e-06,-4.5e-06,-7e-06,-7.8e-06,-7.5e-06,-3.3e-06,-6.9e-06,-8.8e-06,-0.0026632,0.0001219,-0.0030441,-6.8e-06,-0.0094922,2.15e-05,2.35e-05,2.51e-05,0.0011407,0.0010706,-3.33e-05,-0.0032564,-2.12e-05,-4.3e-06,-4.3e-06,-4.3e-06,-3.01e-05,7.1e-06,-3.63e-05,-0.0032961,-4.26e-05,-1.34e-05,-1.34e-05,-0.0011139,7.57e-05,0.0025011,0.0027387,0.0026428,0.0037984,2.9e-06,-5.3e-05,-5.85e-05,0.0043654,2.61e-05,5.58e-05,2.3e-05,-0.0084981,7.52e-05,0.0015487,-5.39e-05,-6.6e-05,-3.72e-05,0.0014298,-0.0001964,1.7e-05,-9e-07,-9e-07,-3.28e-05,1.5e-06,-0.0079994,3.85e-05,-1.6e-06,-0.0001846,0.0012056,-0.0080128,-0.0003708,-0.0003378,-0.0003378,7.4e-06,-2.19e-05,9.6e-06,-3.11e-05,-1.5e-05,-3.29e-05,-0.0046444,3.15e-05,-0.0020387,2.32e-05,4.96e-05,5.35e-05,0.0006988,-0.0051219,-4e-06,-4.48e-05,0.0006493,-0.0001459,-6.11e-05,-0.0057284,-0.0011756,-7.1e-05,-5.5e-05,-8.47e-05,-0.0005435,-0.0003435,-0.0003427,-0.000344,-0.0032303,-0.0012022,-0.0012022
0.0076427,-0.002145,-0.0029832,0.0130058,-0.0087583,-0.0078922,0.031287,0.0024655,0.0023525,0.0023413,-0.008003,0.0013704,0.0014264,0.0012838,-0.0074725,0.0021179,0.0012711,0.0247733,0.0019881,0.0011796,0.0019563,0.0240038,0.0070205,0.0235849,0.0018862,-0.0009752,-0.0009753,-0.0009752,-0.0009663,-0.0009572,-0.0018774,-0.0011477,0.0066379,0.003097,0.0064401,-0.0016391,0.006452,-0.0015895,-0.0015719,0.0004254,0.0062129,0.019883,0.002908,0.0062236,0.0004433,0.0018179,0.0059347,0.0059338,0.0058569,0.005854,0.0057765,0.0020046,0.0007423,0.0178954,0.0055706,0.0025598,0.0025813,0.0025725,0.0174148,0.0174117,0.0024499,0.0024396,0.0054706,0.0053887,0.005299,0.0166065,0.0166101,0.0017076,0.0022376,0.0022178,0.0005228,0.005057,0.0050942,0.0160558,0.0160559,0.0051159,0.0160498,0.0121504,0.0116172,0.00021,0.0013414,0.0002659,0.0017476,0.0013272,-0.0002338,0.0011308,0.0156248,0.0156315,0.0012899,0.005565,0.0056844,0.0153444,0.005596,0.0150374,0.0055999,0.0150387,0.0147291,0.0052597,0.0004877,0.0132336,0.0141018,0.0137596,0.0005909,0.0137722,0.0137715,0.0003123,0.0005127,0.0005213,0.0050374,0.0050356,0.0003736,0.0005114,0.0001051,0.0005215,0.0003791,0.0139294,0.0130008,0.0130191,0.0016116,0.0003049,0.0004092,0.0004135,0.0004117,-0.0004636,0.0126521,0.012665,-0.0004594,0.000361,0.0048184,0.0123053,-0.0003305,0.000332,0.000341,0.000333,0.0003462,0.0119221,0.0119224,0.0001104,-0.0004932,0.0002759,0.0002848,0.0001081,-0.000537,0.0002961,0.0001083,0.0115566,0.0108868,0.0115502,-8.64e-05,0.0003611,0.0003611,0.0002193,0.0002093,0.0002201,0.000221,0.0002223,0.0111454,0.0111442,-0.0040371,0.000174,0.0001775,0.000319,0.000174,-0.0040262,0.0002371,0.0001765,0.0107287,0.0001576,0.0102271,0.0107166,0.000121,0.0001274,0.0001016,0.0001259,0.0001283,0.0001109,0.0001278,0.0005884,0.0001076,0.0001316,0.0001301,0.0001298,0.0083397,0.0099489,7.06e-05,6.77e-05,5.14e-05,8.11e-05,7.33e-05,7.14e-05,8.08e-05,7.76e-05,0.0005155,0.0099336,-0.0033313,3.23e-05,0.0010329,4.15e-05,4.01e-05,4.36e-05,0.0095243,0.0095947,0.0094282,-0.0031387,-0.0001288,-9.88e-05,-9.89e-05,-9.69e-05,-0.000135,-8.57e-05,-0.0001343,-0.0031366,-0.0001341,0.0094151,0.009416,0.00776,0.0094962,0.0008986,0.0002338,0.0004154,0.0015207,-0.0004556,-0.0004585,-0.0004527,0.0024757,-0.0004374,-0.0004329,-0.0004192,0.0011105,0.0089572,0.0092282,0.0088874,-0.0008513,0.0088889,0.0092421,0.0087905,-0.0009887,-0.0009885,-0.0009846,-0.0009799,-0.0009836,0.0010487,-0.000965,-0.0009654,0.0082029,0.0086472,0.0010209,0.0081022,0.0080957,0.0080968,-0.0014096,-0.0014022,-0.0014042,-0.0014029,-0.0013988,-0.0013872,-0.0001097,-0.0013659,0.0076277,-0.0014918,-0.0014803,-0.0012495,0.0035001,0.0021488,0.0040752,-0.0053482,0.0043755,0.0035799,-0.0057216,-0.000855,0.0036573,-0.0052848,-0.0052671,-0.0052357,-0.002924,-0.0049472,-0.0049491,-0.0049459,0.0015437,0.0027644,0.0027644
-0.0020407,-0.0022623,0.00514,0.0083776,0.0027978,-0.0104294,0.0324717,0.000241,0.0002305,0.0002288,0.0022516,-0.000784,-0.0007587,-0.0007691,0.0020958,0.0001849,-0.0007601,0.0258457,0.0001779,-0.0007049,0.0001752,0.0248102,-0.0016206,0.0244153,0.0001645,0.0006893,0.0006893,0.0006893,0.0006829,0.0006764,-7.84e-05,0.0006418,-0.0011978,0.0032272,-0.0011503,-0.0001571,-0.0011493,-0.0001615,-0.0001598,-0.0006309,-0.0011013,0.0207034,0.0030241,-0.0010012,-0.000608,-0.0002017,-0.0009439,-0.0009449,-0.0009305,-0.0009336,-0.0009185,-0.0002406,0.0004241,0.0187028,-0.0008354,0.0026535,0.0026721,0.0026765,0.0181909,0.0181902,0.0025452,0.002525,-0.0007406,-0.0007243,-0.0007156,0.0173671,0.0173673,0.0002278,0.0023241,0.0022552,0.0001699,-0.0007355,-0.0007331,0.0167989,0.0167987,-0.0006997,0.0167984,0.0127089,0.0067678,-0.0003338,0.001397,-0.0003388,-3.89e-05,0.0013638,-0.0002542,8.82e-05,0.0165979,0.0165968,1.9e-05,-9.78e-05,-0.0001462,0.0162854,-0.0001466,0.0159712,-0.0001402,0.015971,0.0156486,-0.0001252,-0.0001594,0.0139708,0.0149859,0.0146424,0.0006039,0.0146419,0.0146419,-1.49e-05,0.0005203,0.0005305,-9.71e-05,-9.88e-05,-1.6e-05,0.0005007,-4.5e-06,0.0005177,-1.76e-05,0.0130008,0.0139295,0.0139294,5.59e-05,2e-07,0.0004152,0.0004195,0.000418,2.9e-06,0.0135572,0.0135573,2.9e-06,0.0003498,0.0001386,0.0131753,4e-07,0.0003338,0.0003236,0.0003351,0.0003296,0.0127792,0.0127792,7e-07,2.8e-06,0.000275,0.0002708,7e-07,2.7e-06,0.0002833,6e-07,0.0123736,0.0116359,0.01237,1.03e-05,0.0002888,0.0002888,0.000216,0.0002052,0.0002166,0.0002179,0.0002193,0.0119503,0.0119493,0.0001049,0.0001679,0.0001716,0.0002805,0.0001678,0.0001074,7.3e-06,0.0001705,0.0115123,0.0001502,0.0109198,0.0115012,0.0001121,0.0001186,0.0001055,0.0001171,0.0001196,0.0001151,0.0001183,0.000534,0.0001112,0.0001224,0.0001208,0.00012,0.0103868,0.0105757,5.57e-05,6.7e-05,5.5e-05,6.57e-05,5.74e-05,7e-05,6.49e-05,6.14e-05,0.0005167,0.0105728,0.0003952,2.76e-05,0.0002404,2.26e-05,2.11e-05,2.47e-05,0.0100862,0.0101634,0.010042,0.0003828,-0.0001375,-0.0001254,-0.0001256,-0.0001234,-0.0001339,-0.0001132,-0.0001265,0.0003816,-0.0001196,0.0100019,0.0100029,0.009508,0.0099969,0.0008962,0.0009547,0.0009448,0.0007254,-0.0005115,-0.0005208,-0.0005153,0.0004746,-0.0004997,-0.0005094,-0.000479,0.0002269,0.0094218,0.0089937,0.0094107,-0.0009304,0.0094043,0.0090662,0.0093776,-0.0010737,-0.0010649,-0.0010607,-0.0010593,-0.0010594,0.0002199,-0.0010577,-0.0010387,0.0087503,0.0085432,0.0002318,0.0087143,0.0087152,0.0087163,-0.0015107,-0.0015097,-0.0015043,-0.0015127,-0.0015044,-0.001496,0.0009113,-0.0014659,0.0075084,-0.0015976,-0.0015742,-0.0013203,0.0034798,0.0002508,0.0045827,-0.0058312,0.0044772,0.0041677,-0.0062411,0.0003702,0.0036454,-0.0057568,-0.0057539,-0.0057346,-0.0033284,-0.0057977,-0.0057992,-0.0057966,1.8e-06,0.0021951,0.0021951
-0.0019427,-0.0022626,0.0050602,0.0084311,0.0026811,-0.0104107,0.0324826,0.000264,0.0002525,0.0002507,0.0021479,-0.0007624,-0.0007367,-0.0007486,0.001999,0.0002049,-0.0007398,0.025853,0.0001966,-0.000686,0.0001936,0.0248195,-0.001533,0.0244241,0.0001823,0.0006727,0.0006727,0.0006727,0.0006664,0.0006601,-9.69e-05,0.0006238,-0.0011182,0.0032229,-0.0010731,-0.0001725,-0.001072,-0.0001763,-0.0001744,-0.0006204,-0.001027,0.0207096,0.0030201,-0.0009277,-0.0005976,-0.0001811,-0.0008739,-0.0008749,-0.0008615,-0.0008646,-0.0008504,-0.0002177,0.0004276,0.0187077,-0.0007702,0.00265,0.0026687,0.002673,0.0181958,0.018195,0.0025417,0.0025216,-0.0006774,-0.000662,-0.0006544,0.0173714,0.0173717,0.0002432,0.0023208,0.0022524,0.0001736,-0.0006765,-0.0006737,0.016803,0.0168028,-0.0006404,0.0168025,0.0127092,0.0068222,-0.0003284,0.0013934,-0.0003328,-2.06e-05,0.0013604,-0.0002542,9.89e-05,0.0165992,0.0165981,3.21e-05,-3.98e-05,-8.64e-05,0.0162868,-8.77e-05,0.0159725,-8.14e-05,0.0159723,0.0156498,-7e-05,-0.0001528,0.0139727,0.014987,0.0146432,0.0006007,0.0146429,0.0146429,-1.15e-05,0.0005172,0.0005274,-4.44e-05,-4.62e-05,-1.2e-05,0.0004978,-3.3e-06,0.0005148,-1.35e-05,0.0130191,0.0139294,0.0139295,7.19e-05,3.3e-06,0.0004122,0.0004165,0.000415,-1.9e-06,0.0135571,0.0135573,-1.8e-06,0.000347,0.0001868,0.0131753,-3e-06,0.000331,0.000321,0.0003323,0.000327,0.0127791,0.0127791,1.8e-06,-2.3e-06,0.0002723,0.0002682,1.8e-06,-2.9e-06,0.0002807,1.7e-06,0.0123736,0.0116361,0.0123699,9.4e-06,0.0002897,0.0002897,0.0002133,0.0002026,0.0002139,0.0002152,0.0002167,0.0119501,0.0119491,6.25e-05,0.0001653,0.0001691,0.0002811,0.0001653,6.5e-05,9.6e-06,0.000168,0.011512,0.0001477,0.01092,0.0115009,0.0001097,0.0001161,0.0001029,0.0001146,0.0001172,0.0001125,0.0001159,0.000535,0.0001086,0.00012,0.0001183,0.0001176,0.0103728,0.0105764,5.34e-05,6.45e-05,5.25e-05,6.34e-05,5.51e-05,6.75e-05,6.26e-05,5.91e-05,0.000517,0.0105733,0.0003572,2.51e-05,0.0002487,2.03e-05,1.88e-05,2.24e-05,0.0100871,0.0101643,0.0100424,0.0003469,-0.0001399,-0.0001276,-0.0001278,-0.0001256,-0.0001364,-0.0001153,-0.0001291,0.0003457,-0.0001222,0.0100024,0.0100034,0.0094963,0.0099983,0.0008968,0.0009479,0.00094,0.0007341,-0.0005136,-0.0005228,-0.0005173,0.0004955,-0.0005016,-0.0005112,-0.000481,0.0002361,0.0094231,0.0090019,0.0094114,-0.0009325,0.009405,0.0090738,0.0093775,-0.0010757,-0.0010669,-0.0010627,-0.0010613,-0.0010614,0.0002286,-0.0010596,-0.0010408,0.0087502,0.0085496,0.00024,0.0087135,0.0087143,0.0087154,-0.0015127,-0.0015116,-0.0015062,-0.0015145,-0.0015063,-0.0014978,0.0009014,-0.0014678,0.0075142,-0.0015994,-0.0015761,-0.0013223,0.0034808,0.0002704,0.0045791,-0.0058314,0.0044777,0.004163,-0.0062411,0.0003579,0.0036466,-0.0057568,-0.0057538,-0.0057343,-0.003328,-0.0057924,-0.0057939,-0.0057914,1.7e-05,0.0022038,0.0022038
0.0322233,0.031808,0.0073313,-0.0056746,-0.0054546,-0.0071055,0.0014851,-0.0069333,-0.0066102,-0.006573,-0.0048738,0.0263213,0.0255364,0.0257816,-0.0045533,-0.005211,0.0254331,0.0011144,-0.0048816,0.0236007,-0.0048046,0.0010616,0.00399,0.0011617,-0.004505,-0.0222527,-0.0222524,-0.0222526,-0.0220453,-0.0218363,0.0010689,-0.020862,0.0037639,3.81e-05,0.0035529,0.0033915,0.0036326,0.0033732,0.0033363,0.0199712,0.0036767,0.0010077,0.0001178,0.0036363,0.0192797,0.0074485,0.0032299,0.0032297,0.0031867,0.0031871,0.0031421,0.0071987,-0.0130528,0.000723,0.0022636,9.45e-05,0.00011,0.0001042,0.0007834,0.0007933,9.55e-05,8.54e-05,0.0022005,0.0021674,0.0021428,0.0007412,0.0007398,-0.0115134,7.05e-05,0.0001371,-0.0127733,0.005698,0.0056339,0.0007778,0.0007695,0.0067494,0.000777,0.000575,0.0062322,0.0151211,4.18e-05,0.0151971,0.0012405,0.000225,0.0132938,-0.0030962,0.0004629,0.0005012,-1.03e-05,0.0030641,0.0039252,0.0005245,0.0046,0.0004748,0.004409,0.0004756,0.0004615,0.0041244,0.0030428,0.0050648,0.0001582,0.0001404,5.8e-06,0.0001502,0.0001496,0.0107853,6.4e-05,3.5e-06,0.0046283,0.0046341,0.0105163,1.86e-05,0.0128857,1.39e-05,0.0131033,0.0016116,5.59e-05,7.19e-05,0.0131927,0.0056991,3.9e-06,4e-07,3.8e-06,0.0114636,5.02e-05,6.5e-05,0.0111977,1.53e-05,0.0056613,6.01e-05,0.0061597,-4e-07,2.16e-05,-1e-05,2.14e-05,4.26e-05,3.38e-05,-0.0029139,0.0103638,-1.07e-05,1.47e-05,-0.0030527,0.010288,1.52e-05,-0.0031723,5.83e-05,-0.00109,0.0001372,0.0107352,-0.0031768,-0.003174,3.16e-05,3.08e-05,-1.26e-05,-2e-06,-2e-06,0.0001058,0.0001166,-0.0035562,-1.26e-05,-1.23e-05,-0.0034111,-1.15e-05,-0.0042994,-0.0100401,-1.06e-05,0.000103,-1.06e-05,-0.0008625,0.0001722,-6e-07,-9.6e-06,-1.48e-05,1e-07,1e-07,-1.43e-05,-8.7e-06,-0.0028857,-1.38e-05,1.2e-06,1.2e-06,-7.5e-06,-0.0013127,0.0002618,-6.5e-06,-1.17e-05,-1.75e-05,-8.6e-06,-8.4e-06,-9.7e-06,-7.3e-06,-9.7e-06,-0.0031656,0.0002465,-0.0053361,-1.28e-05,-0.0084726,1.83e-05,1.97e-05,2.08e-05,0.0009636,0.0009159,0.0001271,-0.0053969,-3.03e-05,-1.6e-06,-1.6e-06,-1.6e-06,-4.5e-05,7.6e-06,-5.48e-05,-0.0054322,-6.48e-05,0.0001612,0.0001612,-0.0016786,0.0002997,0.0016916,0.0014543,0.0014829,0.003456,3.3e-06,-4.59e-05,-5.07e-05,0.0049037,2.8e-05,6.1e-05,2.5e-05,-0.0074575,0.0002917,0.0019307,0.000147,-6.91e-05,0.0001655,0.0017992,-1.32e-05,3.7e-06,-1.61e-05,-1.61e-05,-4.41e-05,-1.39e-05,-0.0070251,2.75e-05,-1.69e-05,-1.34e-05,0.0015383,-0.0070682,-0.0002131,-0.0001873,-0.0001873,-1.78e-05,-4.07e-05,-1.6e-05,-4.8e-05,-3.53e-05,-4.92e-05,-0.0053913,4.3e-06,-0.0013059,-5.1e-06,1.23e-05,1.58e-05,0.0007239,-0.0033514,-3.89e-05,-6.98e-05,0.0006713,-0.0002086,-8.39e-05,-0.0063031,-0.0007648,-9.81e-05,-7.13e-05,-8.83e-05,-0.0003896,-0.0001289,-0.0001286,-0.0001292,-0.0018329,-0.000585,-0.000585
0.016895,0.0182238,0.0242184,0.0209557,0.0073904,0.0222361,-0.0001854,0.0226744,0.0216607,0.0215433,0.0064559,0.0181245,0.0185539,0.0171675,0.0060203,0.019624,0.0169262,-4.11e-05,0.0183733,0.0157078,0.0180846,-0.0002912,-0.0050367,-0.0001388,0.0170058,-0.0136863,-0.0136875,-0.0136867,-0.0135612,-0.0134326,-0.0186013,-0.0151214,-0.0050129,-3.79e-05,-0.0049097,-0.0163755,-0.0048144,-0.0162222,-0.0160452,0.0077171,-0.0041835,3.33e-05,2.04e-05,-0.0041315,0.0074546,0.0188151,-0.003822,-0.0038205,-0.0037712,-0.0037704,-0.0037204,0.0175895,0.0045096,-9.05e-05,-0.0044429,9.34e-05,6.9e-06,1.61e-05,2.73e-05,-4.25e-05,4.42e-05,0.0001243,-0.0043078,-0.0042423,-0.0041673,-5.23e-05,-2.33e-05,0.0024635,2.2e-05,-2.12e-05,-0.0139323,-0.0033945,-0.0031836,5.8e-06,-5e-07,-0.0024724,1.17e-05,-9.9e-06,-0.0021826,0.0107632,1.23e-05,0.0106527,0.0140125,0.000128,0.0133024,0.0121161,0.0001353,0.0001621,0.0135688,0.0032776,-0.0003892,0.0001016,0.0009258,9.32e-05,0.0005982,9.26e-05,8.9e-05,0.0005425,-0.0115429,0.0011348,2e-05,1.59e-05,1.7e-06,1.84e-05,1.82e-05,-0.0026204,3.62e-05,7e-07,0.0006475,0.0006337,-0.0026192,3.4e-06,0.0069068,2.6e-06,0.0068696,0.0003049,2e-07,3.3e-06,0.0056991,0.0131963,4.72e-05,-1.1e-06,4.6e-05,0.0089023,-1.7e-06,2.5e-06,0.0084695,2.1e-06,0.001679,1.6e-06,0.0126339,-2.3e-06,4.1e-06,2.42e-05,3.2e-06,-3e-06,2.29e-05,0.0090722,0.0081582,2.32e-05,8e-07,0.0089727,0.008206,1.3e-06,0.0088843,1e-07,0.002982,-0.000212,0.0083785,0.0085022,0.0085043,1.79e-05,1.76e-05,1.78e-05,-8.7e-06,-8.8e-06,-0.000185,-0.0002121,-0.0004533,1.82e-05,1.75e-05,0.0079429,1.73e-05,-0.0009524,-0.0072787,1.7e-05,-0.000207,1.67e-05,0.0026437,-0.0004057,-1.23e-05,1.41e-05,-1.63e-05,-1.31e-05,-1.32e-05,-1.65e-05,1.36e-05,0.007902,-1.7e-05,-1.39e-05,-1.38e-05,1.31e-05,-0.0007139,-0.0003487,1.54e-05,-1.61e-05,-1.7e-05,2.55e-05,2.45e-05,-1.85e-05,2.31e-05,3.03e-05,0.0072805,-0.0003515,-0.0009201,-1.99e-05,-0.0015899,4.34e-05,5.03e-05,5.54e-05,0.0030682,0.0028276,-0.0008175,-0.0010028,-3.67e-05,-3.26e-05,-3.26e-05,-3.27e-05,-3.96e-05,1.3e-06,-4.36e-05,-0.0010122,-4.61e-05,-0.0008104,-0.0008104,-0.0010994,-0.0007528,0.0089578,0.0087724,0.0088521,0.0090712,1.1e-06,-8.1e-06,-9.5e-06,0.0078474,3.12e-05,8.53e-05,2.37e-05,-0.0015462,-0.0007227,0.0019579,-0.000953,8.5e-06,-0.0009233,0.0017375,-0.0012063,6.39e-05,3.11e-05,3.06e-05,2.47e-05,3.08e-05,-0.0014139,9.73e-05,2.35e-05,-0.0011321,0.0013863,-0.001365,-0.0014238,-0.0014108,-0.0014109,8.68e-05,7.51e-05,8.68e-05,7.19e-05,7.7e-05,6.88e-05,0.0032007,0.000117,-0.0024217,0.0001113,0.0001263,9.46e-05,0.0015111,-0.0035259,-0.000979,0.0006219,0.0012014,-0.0014692,0.0006568,-0.0002743,-0.0021668,0.0006275,0.0006134,0.0005827,-0.0004303,0.0009454,0.000946,0.000945,-0.0029287,-0.0008903,-0.0008903
4e-07,0.0001686,-0.0003335,-0.0008047,-6.23e-05,0.0012091,-0.0033932,9.72e-05,9.28e-05,9.23e-05,-3.15e-05,1.23e-05,1.54e-05,9.9e-06,-2.88e-05,8.24e-05,9.8e-06,-0.002698,7.67e-05,9e-06,7.55e-05,-0.0025944,2e-07,-0.0025524,7.03e-05,-6.8e-06,-6.8e-06,-6.8e-06,-6.8e-06,-6.7e-06,-6.9e-05,-1.46e-05,-3.13e-05,0.0214114,-3.08e-05,-6.52e-05,-3.1e-05,-6.46e-05,-6.39e-05,-1.47e-05,-2.89e-05,-0.0020867,0.020027,-3.71e-05,-1.47e-05,5.04e-05,-3.45e-05,-3.43e-05,-3.41e-05,-3.38e-05,-3.35e-05,4.63e-05,4.35e-05,-0.001812,-3.71e-05,0.0177553,0.0177527,0.0177525,-0.0015117,-0.0015092,0.0174919,0.017494,-3.87e-05,-3.85e-05,-3.76e-05,-0.0012472,-0.0012459,3.7e-05,0.0166627,0.016374,-2.8e-05,-4.02e-05,-3.93e-05,-0.0010116,-0.0010148,-4.26e-05,-0.0010159,0.0112022,6.92e-05,8.3e-06,0.0161434,7.6e-06,5.55e-05,0.0161439,3.01e-05,5.83e-05,0.0004285,0.0004228,5.82e-05,3.2e-06,-1.45e-05,0.0004105,-9.6e-06,0.0004001,-1.02e-05,0.0003982,0.0003871,-9e-06,-5.65e-05,0.0003667,0.0003684,0.0003589,0.014257,0.0003772,0.0003756,-3.05e-05,0.0139139,0.0139138,-7.9e-06,-8e-06,-2.89e-05,0.0135615,8.2e-06,0.0135615,7.6e-06,0.0004092,0.0004152,0.0004122,3.9e-06,4.72e-05,0.0132005,0.0132003,0.0132005,1.99e-05,0.0004385,0.0004387,1.84e-05,0.0128287,3e-06,0.0004344,4.6e-05,0.0124456,0.0124455,0.0124458,0.0124456,0.0004643,0.0004622,4.7e-05,1.85e-05,0.0120508,0.0120505,4.77e-05,1.88e-05,0.0120507,4.75e-05,0.0004761,0.000477,0.0004736,1.98e-05,5.33e-05,5.33e-05,0.0116415,0.0116413,0.0116416,0.0116415,0.0116415,0.0004967,0.000497,0,0.0112176,0.0112176,5.34e-05,0.0112176,-9e-07,-1.66e-05,0.0112176,0.0005076,0.0112174,0.0005192,0.0005148,0.0107769,0.0107772,0.0107767,0.010777,0.010777,0.0107769,0.0107772,6.54e-05,0.0107768,0.0107771,0.010777,0.0107772,0.0005865,0.0005793,0.0103175,0.0103176,0.0103173,0.0103178,0.0103175,0.0103177,0.0103178,0.0103176,7.2e-05,0.0007237,2.37e-05,0.0103167,2.28e-05,0.0103167,0.0103167,0.0103168,0.0008603,0.0008575,0.0008098,2.56e-05,0.0098307,0.0098313,0.0098313,0.0098314,0.0098307,0.0098321,0.0098309,3.69e-05,0.009831,0.0012734,0.0012631,0.0012154,0.0012516,0.0001091,0.0001166,0.0001152,8.9e-05,0.0093023,0.0093014,0.0093018,5.75e-05,0.0093033,0.0093021,0.009305,2.84e-05,0.0016619,0.0015944,0.0016366,0.0092591,0.0016938,0.0016411,0.0016821,0.0087036,0.0087049,0.0087055,0.0087057,0.0087057,3.47e-05,0.0087057,0.0087086,0.0020753,0.0020119,3.62e-05,0.002047,0.0020453,0.0020402,0.0080523,0.0080526,0.0080536,0.0080519,0.0080536,0.0080554,0.0001325,0.0080613,0.0022534,0.0074111,0.0074161,0.0074704,0.00674,0.0001529,0.0061796,0.0048503,0.0062561,0.0063051,0.0043365,5.4e-05,0.005619,0.003871,0.0038777,0.0039044,0.0060067,-0.0020294,-0.0020259,-0.0020318,0.002523,-0.0052627,-0.0052627
-2.5e-05,0.0001418,-0.0004214,-0.0009062,-9.69e-05,0.0010957,-0.0033806,-1.48e-05,-1.42e-05,-1.41e-05,-6.18e-05,-2.41e-05,-2.41e-05,-2.31e-05,-5.72e-05,-1.31e-05,-2.27e-05,-0.0026886,-1.28e-05,-2.12e-05,-1.26e-05,-0.0025843,2.39e-05,-0.0025429,-1.26e-05,1.67e-05,1.67e-05,1.67e-05,1.65e-05,1.64e-05,1.51e-05,1.75e-05,-7.6e-06,0.0214124,-7.7e-06,1.29e-05,-8.1e-06,1.27e-05,1.26e-05,-1.55e-05,-8.6e-06,-0.0020793,0.0200278,-1.7e-05,-1.55e-05,-2.04e-05,-1.62e-05,-1.61e-05,-1.61e-05,-1.58e-05,-1.58e-05,-1.97e-05,1.7e-06,-0.001805,-1.75e-05,0.0177556,0.0177535,0.0177532,-0.0015052,-0.0015024,0.0174924,0.0174941,-1.96e-05,-1.97e-05,-1.92e-05,-0.0012407,-0.0012395,6.1e-06,0.0166633,0.0163748,1.13e-05,-1.91e-05,-1.92e-05,-0.0010055,-0.0010086,-2.37e-05,-0.0010098,0.0112067,8.84e-05,-1.37e-05,0.0161437,-1.38e-05,-4.7e-06,0.0161439,-5.8e-06,-5e-07,0.0004336,0.0004278,-1.9e-06,-9e-06,-9.3e-06,0.0004157,-9e-06,0.0004053,-8.5e-06,0.0004033,0.0003921,-7.3e-06,-1.3e-06,0.0003744,0.000373,0.0003634,0.014257,0.0003817,0.0003801,-1.1e-06,0.0139138,0.0139139,-5.7e-06,-5.7e-06,1e-07,0.0135615,-4e-07,0.0135615,-6e-07,0.0004135,0.0004195,0.0004165,4e-07,-1.1e-06,0.0132003,0.0132003,0.0132003,5e-07,0.0004426,0.0004428,5e-07,0.0128287,2.7e-06,0.0004385,1.3e-06,0.0124456,0.0124455,0.0124456,0.0124456,0.0004682,0.000466,2.4e-06,5e-07,0.0120506,0.0120505,3.3e-06,5e-07,0.0120507,3.3e-06,0.0004799,0.0004656,0.0004785,1.2e-06,1.08e-05,1.08e-05,0.0116415,0.0116413,0.0116415,0.0116415,0.0116415,0.0005013,0.0005017,-1.8e-06,0.0112174,0.0112175,1.3e-05,0.0112174,-1.7e-06,-1.8e-06,0.0112174,0.0005122,0.0112172,0.0005094,0.0005203,0.0107769,0.010777,0.0107766,0.010777,0.010777,0.0107769,0.010777,2.61e-05,0.0107768,0.010777,0.010777,0.010777,0.0005913,0.0005844,0.0103173,0.0103176,0.0103173,0.0103176,0.0103173,0.0103177,0.0103176,0.0103174,3.5e-05,0.0007288,2.09e-05,0.0103167,1.51e-05,0.0103165,0.0103164,0.0103165,0.0008515,0.0008496,0.0008165,2.28e-05,0.0098307,0.0098313,0.0098313,0.0098314,0.0098307,0.0098319,0.0098308,3.41e-05,0.009831,0.0012801,0.0012699,0.0012208,0.0012583,7.3e-05,8.13e-05,7.96e-05,5.49e-05,0.0093021,0.0093011,0.0093016,3.05e-05,0.009303,0.0093016,0.0093047,2.22e-05,0.0016682,0.0015913,0.0016438,0.0092586,0.0017009,0.0016388,0.0016902,0.0087029,0.0087043,0.0087049,0.0087051,0.0087051,2.87e-05,0.0087049,0.0087081,0.0020829,0.0020107,2.99e-05,0.0020555,0.0020538,0.0020486,0.0080513,0.0080516,0.0080527,0.008051,0.0080527,0.0080545,0.0001102,0.0080603,0.0022637,0.0074101,0.007415,0.0074695,0.0067355,0.0001618,0.0061853,0.0048456,0.0062532,0.0063126,0.0043315,4.54e-05,0.0056281,0.0038663,0.003873,0.0038998,0.0060068,-0.0020357,-0.0020322,-0.0020381,0.0025319,-0.0052595,-0.0052595
-7e-07,0.0001675,-0.0003348,-0.0008058,-6.27e-05,0.0012041,-0.0033867,9.43e-05,9e-05,8.96e-05,-3.18e-05,1.12e-05,1.43e-05,8.9e-06,-2.92e-05,8e-05,8.8e-06,-0.0026929,7.44e-05,8.1e-06,7.32e-05,-0.0025895,5e-07,-0.0025475,6.82e-05,-6.1e-06,-6.1e-06,-6.1e-06,-6e-06,-6e-06,-6.69e-05,-1.37e-05,-3.09e-05,0.0214119,-3.04e-05,-6.32e-05,-3.06e-05,-6.26e-05,-6.2e-05,-1.48e-05,-2.86e-05,-0.0020826,0.0200274,-3.67e-05,-1.48e-05,4.86e-05,-3.42e-05,-3.41e-05,-3.38e-05,-3.35e-05,-3.33e-05,4.46e-05,4.25e-05,-0.0018083,-3.67e-05,0.0177557,0.0177532,0.0177529,-0.0015081,-0.0015056,0.0174923,0.0174943,-3.83e-05,-3.81e-05,-3.73e-05,-0.0012438,-0.0012425,3.62e-05,0.0166631,0.0163744,-2.69e-05,-3.98e-05,-3.89e-05,-0.0010083,-0.0010114,-4.22e-05,-0.0010126,0.0112046,7.09e-05,7.7e-06,0.0161436,7e-06,5.39e-05,0.0161441,2.91e-05,5.68e-05,0.0004318,0.000426,5.66e-05,2.9e-06,-1.44e-05,0.0004137,-9.6e-06,0.0004033,-1.02e-05,0.0004013,0.0003901,-9e-06,-5.51e-05,0.0003696,0.0003713,0.0003617,0.014257,0.00038,0.0003784,-2.97e-05,0.0139139,0.0139139,-7.9e-06,-8e-06,-2.81e-05,0.0135615,8e-06,0.0135615,7.4e-06,0.0004117,0.000418,0.000415,3.8e-06,4.6e-05,0.0132005,0.0132003,0.0132005,1.94e-05,0.0004411,0.0004413,1.8e-05,0.0128287,3e-06,0.000437,4.49e-05,0.0124456,0.0124455,0.0124458,0.0124456,0.0004668,0.0004647,4.59e-05,1.8e-05,0.0120507,0.0120505,4.66e-05,1.83e-05,0.0120507,4.64e-05,0.0004785,0.0004789,0.0004761,1.93e-05,5.22e-05,5.23e-05,0.0116415,0.0116413,0.0116416,0.0116415,0.0116415,0.0004991,0.0004994,0,0.0112175,0.0112176,5.24e-05,0.0112175,-9e-07,-1.62e-05,0.0112176,0.0005099,0.0112174,0.000521,0.0005171,0.0107768,0.0107771,0.0107766,0.0107769,0.010777,0.0107769,0.0107771,6.45e-05,0.0107767,0.010777,0.010777,0.0107771,0.0005886,0.0005814,0.0103174,0.0103176,0.0103172,0.0103178,0.0103175,0.0103176,0.0103177,0.0103176,7.11e-05,0.0007258,2.37e-05,0.0103166,2.26e-05,0.0103167,0.0103166,0.0103167,0.000862,0.0008592,0.0008118,2.56e-05,0.0098306,0.0098312,0.0098312,0.0098313,0.0098306,0.009832,0.0098308,3.69e-05,0.0098309,0.0012754,0.0012652,0.0012173,0.0012537,0.0001083,0.0001158,0.0001145,8.83e-05,0.0093022,0.0093012,0.0093017,5.69e-05,0.0093032,0.009302,0.0093048,2.82e-05,0.0016638,0.001596,0.0016386,0.0092589,0.0016957,0.0016428,0.0016841,0.0087033,0.0087046,0.0087052,0.0087054,0.0087054,3.46e-05,0.0087054,0.0087084,0.0020772,0.0020135,3.61e-05,0.0020489,0.0020471,0.002042,0.0080519,0.0080522,0.0080532,0.0080515,0.0080532,0.008055,0.0001321,0.0080609,0.0022551,0.0074107,0.0074157,0.0074701,0.0067405,0.0001532,0.0061806,0.0048491,0.0062569,0.0063061,0.0043352,5.39e-05,0.0056199,0.0038698,0.0038764,0.0039031,0.0060061,-0.0020306,-0.0020271,-0.002033,0.0025232,-0.0052622,-0.0052622
0.0229418,0.0331351,0.0224561,-0.0033726,0.0097951,-0.0005717,5.49e-05,-0.0007373,-0.00069,-0.0006871,0.0086466,0.0261792,0.02562,0.0255087,0.0080623,2.67e-05,0.0251546,0.0001581,2.2e-05,0.023343,2.25e-05,-0.0001739,-0.0072721,1.62e-05,-1.72e-05,-0.0217571,-0.0217571,-0.0217571,-0.0215548,-0.0213505,-0.0033586,-0.0209153,-0.0066382,-3.96e-05,-0.0065282,-0.000974,-0.0064403,-0.0009953,-0.0009849,0.0184741,-0.0058944,0.0002058,4.49e-05,-0.0058246,0.0178026,0.0104601,-0.0057065,-0.0057063,-0.0056312,-0.0056307,-0.0055557,0.0096059,-0.0099696,5.67e-05,-0.0062437,4.86e-05,2.87e-05,4.04e-05,0.0001523,0.0001402,4.22e-05,5.12e-05,-0.0060542,-0.0059582,-0.0058511,0.0001348,0.0001395,-0.0105501,1.91e-05,1.41e-05,-0.0158677,-0.002336,-0.0023574,0.0002089,0.0001996,-0.001163,0.0002161,0.0001609,-0.001037,0.0158791,2.61e-05,0.0158432,0.003822,0.0002027,0.0157138,0.0002805,0.0002443,0.0002775,0.0031507,-0.0022724,-0.0029299,0.0002747,-0.0018271,0.0002451,-0.002096,0.000244,0.000241,-0.0019831,-0.0019126,0.0044333,-2.84e-05,-2.1e-05,1.9e-06,-2.56e-05,-2.54e-05,0.0079575,6.26e-05,3e-07,-0.0012577,-0.0012571,0.0076635,-5.4e-06,0.0131328,-3.6e-06,0.0130036,-0.0004636,2.9e-06,-1.9e-06,0.0114636,0.0089023,1.99e-05,5e-07,1.94e-05,0.0131926,0,4e-07,0.0128184,5e-07,0.0004251,6e-07,0.0097777,0,1.2e-06,8e-07,1.2e-06,-3e-07,5e-07,0.0004162,0.0120417,3e-07,1e-06,0.0002675,0.0120391,1.9e-06,0.0001362,1.7e-06,-2.8e-06,1.7e-06,0.0120089,2.18e-05,2.48e-05,3.56e-05,3.48e-05,-2.3e-06,-1.8e-06,-1.8e-06,-9e-07,-4e-07,0.0011864,-2.2e-06,-2.2e-06,-0.0003267,-1.7e-06,0.0003798,-0.0111947,-1e-06,-9e-07,-1e-06,7.16e-05,-6e-06,-1.7e-06,-1e-06,-1.2e-06,-1.7e-06,-1.7e-06,-1.2e-06,-1.1e-06,7.11e-05,-1.3e-06,-1.8e-06,-1.8e-06,-7e-07,4.29e-05,-9e-06,-7e-07,-1.3e-06,-1.1e-06,-3e-07,-4e-07,-1.5e-06,-5e-07,-2e-07,-0.0003133,-9.5e-06,-0.0009414,-4.9e-06,-0.0085852,2.79e-05,3.14e-05,3.4e-05,0.0016893,0.0015704,-0.0002531,-0.0012358,-1.83e-05,-1.24e-05,-1.24e-05,-1.25e-05,-2.17e-05,4.9e-06,-2.48e-05,-0.0012724,-2.76e-05,-0.0002464,-0.0002464,-0.0006458,-2e-04,0.0043416,0.0048369,0.0046865,0.0050559,-5e-07,-5.14e-05,-5.67e-05,0.0046276,2.29e-05,5.47e-05,1.9e-05,-0.0078026,-0.0001918,0.0013852,-0.0003286,-5.33e-05,-0.0003108,0.0012567,-0.0004791,3.02e-05,1.1e-05,1.08e-05,-1.85e-05,1.3e-05,-0.0073327,5.23e-05,9.1e-06,-0.0004496,0.0010333,-0.0073122,-0.0006453,-0.0006114,-0.0006114,3.35e-05,3.3e-06,3.56e-05,-6.1e-06,1.02e-05,-8.4e-06,-0.0025125,6.03e-05,-0.0025878,5.26e-05,8.33e-05,8.16e-05,0.0008521,-0.0060393,-0.0001481,7.59e-05,0.000759,-0.0003395,6.61e-05,-0.0041855,-0.0016392,5.8e-05,6.02e-05,2.15e-05,-0.0006442,-0.0002702,-0.0002692,-0.000271,-0.0041515,-0.0015647,-0.0015647
-0.0019995,-0.0022096,0.0050028,0.008149,0.0027296,-0.0101467,0.0315917,0.0002346,0.0002244,0.0002227,0.0021974,-0.0007711,-0.0007463,-0.0007564,0.0020454,0.0001798,-0.0007476,0.0251453,0.000173,-0.0006932,0.0001704,0.0241378,-0.0015824,0.0237535,0.0001599,0.0006776,0.0006776,0.0006776,0.0006712,0.0006649,-7.52e-05,0.0006311,-0.0011706,0.0031965,-0.0011241,-0.0001526,-0.0011232,-0.0001569,-0.0001552,-0.0006197,-0.0010764,0.0201425,0.0029952,-0.000979,-0.0005972,-0.0001997,-0.0009229,-0.0009239,-0.0009098,-0.0009128,-0.0008981,-0.0002376,0.0004157,0.0181964,-0.0008168,0.0026285,0.0026467,0.002651,0.017699,0.0176983,0.0025225,0.0025028,-0.0007245,-0.0007085,-0.0007001,0.0168979,0.0168982,0.0002238,0.0023052,0.0022373,0.0001687,-0.0007202,-0.0007178,0.0163456,0.0163454,-0.0006856,0.0163451,0.0123972,0.0065824,-0.0003292,0.0014016,-0.0003341,-3.94e-05,0.0013692,-0.000251,8.58e-05,0.016154,0.0161529,1.75e-05,-9.9e-05,-0.0001463,0.0158498,-0.0001468,0.015544,-0.0001406,0.0155438,0.01523,-0.0001257,-0.0001559,0.0135959,0.0145851,0.0142508,0.0006249,0.0142504,0.0142504,-1.73e-05,0.0005426,0.0005525,-9.83e-05,-1e-04,-1.83e-05,0.0005226,-7.8e-06,0.0005392,-2.07e-05,0.0126521,0.0135572,0.0135571,5.02e-05,-1.7e-06,0.0004385,0.0004426,0.0004411,0,0.013195,0.013195,1e-07,0.0003738,0.000131,0.0128233,-1.2e-06,0.0003573,0.0003473,0.0003585,0.0003532,0.0124379,0.0124379,1.1e-06,2e-07,0.000299,0.0002949,1.2e-06,1e-07,0.0003071,1.1e-06,0.0120432,0.0113254,0.0120397,7.3e-06,0.0002816,0.0002816,0.0002405,0.0002301,0.0002411,0.0002424,0.0002438,0.0116313,0.0116304,0.0001051,0.0001926,0.0001963,0.0002737,0.0001926,0.0001077,9.6e-06,0.0001952,0.011205,0.0001754,0.0106286,0.0111943,0.0001372,0.0001435,0.0001307,0.000142,0.0001445,0.0001401,0.0001432,0.0005203,0.0001363,0.0001472,0.0001456,0.0001449,0.010111,0.0102937,8.11e-05,9.21e-05,8.05e-05,9.08e-05,8.28e-05,9.5e-05,9.01e-05,8.66e-05,0.0005035,0.0102912,0.0003879,5.37e-05,0.0002357,4.89e-05,4.74e-05,5.09e-05,0.0098177,0.0098928,0.009775,0.0003758,-0.0001082,-9.65e-05,-9.66e-05,-9.45e-05,-0.0001046,-8.45e-05,-9.75e-05,0.0003746,-9.08e-05,0.0097371,0.0097381,0.0092574,0.0097321,0.0008717,0.0009291,0.0009194,0.0007046,-0.0004736,-0.0004826,-0.0004773,0.0004595,-0.000462,-0.0004715,-0.0004419,0.0002223,0.0091735,0.0087559,0.0091627,-0.0008813,0.0091566,0.0088266,0.0091306,-0.0010223,-0.0010136,-0.0010096,-0.0010082,-0.0010083,0.0002155,-0.0010067,-0.0009881,0.0085212,0.0083187,0.000227,0.0084862,0.008487,0.0084881,-0.0014492,-0.0014482,-0.001443,-0.0014511,-0.0014431,-0.0014349,0.000889,-0.0014056,0.0073131,-0.0015355,-0.0015127,-0.0012654,0.0034038,0.0002444,0.0044761,-0.0056623,0.0043732,0.0040727,-0.0060626,0.0003626,0.0035625,-0.0055924,-0.0055896,-0.0055708,-0.0032235,-0.0056478,-0.0056493,-0.0056468,8.1e-06,0.0021224,0.0021224
-0.0019233,-0.0022001,0.0049516,0.008184,0.0026492,-0.0101352,0.0315989,0.0002489,0.000238,0.0002363,0.002126,-0.0007484,-0.0007235,-0.0007346,0.0019787,0.0001924,-0.000726,0.0251501,0.0001848,-0.0006731,0.000182,0.024144,-0.0015221,0.0237594,0.0001711,0.0006595,0.0006595,0.0006595,0.0006533,0.0006471,-8.8e-05,0.0006124,-0.0011157,0.0031971,-0.001071,-0.0001625,-0.00107,-0.0001664,-0.0001646,-0.0006066,-0.0010252,0.0201467,0.0029959,-0.0009283,-0.0005844,-0.000183,-0.0008747,-0.0008757,-0.0008623,-0.0008653,-0.0008512,-0.0002195,0.0004145,0.0181996,-0.0007721,0.0026292,0.0026473,0.0026516,0.0177023,0.0177016,0.0025231,0.0025035,-0.0006811,-0.0006659,-0.0006581,0.0169009,0.0169012,0.0002309,0.0023058,0.0022382,0.0001671,-0.0006787,-0.0006761,0.0163484,0.0163482,-0.0006436,0.0163479,0.0123994,0.006621,-0.0003208,0.0014019,-0.0003253,-2.62e-05,0.0013697,-0.0002468,9.25e-05,0.016155,0.016154,2.68e-05,-5.87e-05,-0.0001047,0.0158509,-0.0001056,0.0155451,-9.94e-05,0.0155448,0.015231,-8.71e-05,-0.000151,0.0135988,0.014586,0.0142515,0.0006251,0.0142511,0.0142512,-1.2e-05,0.0005429,0.0005527,-6.13e-05,-6.3e-05,-1.26e-05,0.0005229,-3.1e-06,0.0005395,-1.4e-05,0.012665,0.0135573,0.0135573,6.5e-05,2.5e-06,0.0004387,0.0004428,0.0004413,4e-07,0.013195,0.0131951,4e-07,0.0003741,0.0001653,0.0128234,-1.4e-06,0.0003575,0.0003476,0.0003587,0.0003535,0.0124379,0.0124379,1.3e-06,0,0.0002992,0.0002952,1.3e-06,-4e-07,0.0003073,1.2e-06,0.0120433,0.0113254,0.0120397,9.9e-06,0.0002816,0.0002816,0.0002407,0.0002302,0.0002413,0.0002425,0.0002439,0.0116312,0.0116303,7.54e-05,0.0001928,0.0001964,0.0002734,0.0001927,7.78e-05,8.1e-06,0.0001953,0.011205,0.0001756,0.0106286,0.0111942,0.0001373,0.0001436,0.0001308,0.0001422,0.0001447,0.0001401,0.0001434,0.0005203,0.0001363,0.0001474,0.0001458,0.000145,0.0101012,0.0102943,8.12e-05,9.21e-05,8.05e-05,9.09e-05,8.29e-05,9.5e-05,9.02e-05,8.68e-05,0.0005031,0.0102917,0.0003607,5.38e-05,0.0002388,4.91e-05,4.75e-05,5.11e-05,0.0098188,0.0098939,0.0097753,0.0003499,-0.0001082,-9.63e-05,-9.65e-05,-9.44e-05,-0.0001047,-8.43e-05,-9.76e-05,0.0003487,-9.09e-05,0.0097376,0.0097386,0.0092491,0.0097333,0.0008729,0.0009252,0.0009168,0.0007117,-0.0004734,-0.0004824,-0.0004771,0.0004753,-0.0004618,-0.0004712,-0.0004417,0.0002263,0.0091747,0.0087623,0.0091635,-0.0008812,0.0091574,0.0088325,0.0091309,-0.0010222,-0.0010136,-0.0010095,-0.0010081,-0.0010082,0.0002193,-0.0010065,-0.0009881,0.0085215,0.0083238,0.0002305,0.0084859,0.0084867,0.0084877,-0.0014492,-0.0014482,-0.0014429,-0.0014511,-0.001443,-0.0014348,0.0008808,-0.0014055,0.0073169,-0.0015355,-0.0015128,-0.0012655,0.0034058,0.0002566,0.0044747,-0.0056616,0.0043748,0.0040705,-0.0060618,0.0003525,0.003564,-0.0055918,-0.0055889,-0.0055699,-0.0032223,-0.0056446,-0.0056461,-0.0056436,1.82e-05,0.0021272,0.0021272
0.0222946,0.0323048,0.0215624,-0.0038481,0.0094557,-0.0011234,6.28e-05,-0.0012968,-0.0012246,-0.0012188,0.0083484,0.0254366,0.0248728,0.0247974,0.0077842,-0.0004648,0.0244533,0.0001599,-0.0004382,0.0226922,-0.0004305,-0.0001613,-0.0070312,2.26e-05,-0.0004425,-0.0211744,-0.0211744,-0.0211744,-0.0209775,-0.0207786,-0.0028556,-0.0203059,-0.0064079,-3.82e-05,-0.0063026,-0.0005528,-0.0062181,-0.0005775,-0.0005716,0.0180772,-0.0056954,0.0002048,4.4e-05,-0.005628,0.0174197,0.0098737,-0.0055203,-0.0055201,-0.0054475,-0.005447,-0.0053744,0.0090609,-0.0099724,6.01e-05,-0.0060376,4.58e-05,2.83e-05,3.96e-05,0.0001517,0.0001414,4.07e-05,4.76e-05,-0.0058543,-0.0057614,-0.0056578,0.0001362,0.0001401,-0.0104902,1.84e-05,1.48e-05,-0.0153365,-0.0022021,-0.0022285,0.0002079,0.0001988,-0.0010654,0.0002149,0.0001603,-0.0009499,0.0154317,2.55e-05,0.0153992,0.0034304,0.0001972,0.0152017,-2.65e-05,0.0002387,0.0002709,0.0027759,-0.0023091,-0.0028655,0.0002696,-0.0018086,0.0002405,-0.0020663,0.0002394,0.0002365,-0.0019545,-0.0015956,0.0043561,-2.81e-05,-2.08e-05,1.8e-06,-2.54e-05,-2.51e-05,0.0079372,6.09e-05,2e-07,-0.0012407,-0.0012398,0.0076466,-5.4e-06,0.0128122,-3.6e-06,0.0126865,-0.0004594,2.9e-06,-1.8e-06,0.0111977,0.0084695,1.84e-05,5e-07,1.8e-05,0.0128184,1e-07,4e-07,0.0124595,5e-07,0.0003955,6e-07,0.0093471,0,1.1e-06,1e-07,1.1e-06,-2e-07,-1e-07,0.0001814,0.0116991,-3e-07,1e-06,3.69e-05,0.0116952,1.8e-06,-9.07e-05,1.7e-06,-7.85e-05,7.1e-06,0.0116626,-0.0001942,-0.0001912,3.46e-05,3.39e-05,-2.8e-06,-1.6e-06,-1.6e-06,3.8e-06,5e-06,0.0011691,-2.7e-06,-2.7e-06,-0.0005247,-2.1e-06,0.0003842,-0.0108849,-1.5e-06,4.4e-06,-1.5e-06,3.8e-06,4.3e-06,-1.4e-06,-1.4e-06,-9e-07,-1.5e-06,-1.4e-06,-9e-07,-1.5e-06,-0.0001302,-1e-06,-1.5e-06,-1.5e-06,-1.1e-06,5.54e-05,2e-07,-1.1e-06,-1e-06,-8e-07,-1e-06,-1e-06,-1.1e-06,-1.1e-06,-1e-06,-0.0004947,-2e-07,-0.0009217,-4.4e-06,-0.0084467,2.65e-05,2.97e-05,3.21e-05,0.001593,0.0014816,-0.0002293,-0.0012099,-1.73e-05,-1.15e-05,-1.15e-05,-1.15e-05,-2.06e-05,4.8e-06,-2.36e-05,-0.0012458,-2.63e-05,-0.0002228,-0.0002228,-0.000615,-0.000178,0.0040661,0.0045579,0.0044079,0.0047725,-5e-07,-5.07e-05,-5.59e-05,0.0043846,2.19e-05,5.2e-05,1.82e-05,-0.0076735,-0.0001707,0.0013232,-0.0003003,-5.29e-05,-0.0002835,0.0012016,-0.000443,2.82e-05,1e-05,9.8e-06,-1.9e-05,1.2e-05,-0.0072124,4.92e-05,8.4e-06,-0.0004157,0.0009892,-0.0071935,-0.0006021,-0.0005689,-0.000569,3.08e-05,1.3e-06,3.29e-05,-7.9e-06,8.1e-06,-1.01e-05,-0.0025696,5.66e-05,-0.0024953,4.91e-05,7.9e-05,7.81e-05,0.0008052,-0.0058755,-0.0001224,5.95e-05,0.0007207,-0.0002997,4.9e-05,-0.0041367,-0.0015651,4.16e-05,4.43e-05,6.8e-06,-0.0006255,-0.0002895,-0.0002885,-0.0002902,-0.0040253,-0.0015219,-0.0015219
6.14e-05,0.0001568,-0.0004851,-0.0008828,-0.0001884,0.0011171,-0.0034136,-3.9e-06,-3.8e-06,-3.7e-06,-0.0001428,2.5e-06,2.3e-06,2.5e-06,-0.0001327,-3.3e-06,2.6e-06,-0.0027158,-3.6e-06,2.4e-06,-3.5e-06,-0.0026088,9.19e-05,-0.0025672,-3.6e-06,-4.8e-06,-4.8e-06,-4.8e-06,-4.8e-06,-4.7e-06,4.1e-06,-4.1e-06,5.39e-05,0.0207993,5.19e-05,5.2e-06,5.15e-05,5.4e-06,5.4e-06,1.1e-06,4.88e-05,-0.0021029,0.0194544,3.96e-05,7e-07,-3.8e-06,3.76e-05,3.77e-05,3.7e-05,3.73e-05,3.66e-05,-1.4e-06,-2.6e-06,-0.0018289,3.24e-05,0.0172474,0.0172453,0.017245,-0.0015354,-0.0015327,0.016992,0.0169938,2.85e-05,2.76e-05,2.74e-05,-0.0012752,-0.001274,1.12e-05,0.016187,0.0159072,9.5e-06,2.72e-05,2.73e-05,-0.0010443,-0.0010473,2.31e-05,-0.0010485,0.0108419,9.74e-05,-3.8e-06,0.0156856,-3.4e-06,7.5e-06,0.0156861,-9e-07,4.5e-06,0.0003534,0.0003479,6e-06,3.23e-05,3.39e-05,0.0003375,3.38e-05,0.0003285,3.42e-05,0.0003266,0.000317,3.27e-05,5.9e-06,0.0003088,0.000301,0.0002929,0.013855,0.0003108,0.0003093,5.3e-06,0.0135218,0.0135218,3.25e-05,3.25e-05,6.8e-06,0.0131795,4.4e-06,0.0131794,6.3e-06,0.000361,0.0003498,0.000347,1.53e-05,2.1e-06,0.0128287,0.0128287,0.0128287,5e-07,0.0003738,0.0003741,5e-07,0.0124678,3.69e-05,0.0003714,1e-07,0.0120955,0.0120956,0.0120955,0.0120956,0.0004018,0.0003997,1.3e-06,0,0.0117118,0.0117118,2.1e-06,-3e-07,0.0117119,2.1e-06,0.000415,0.0004036,0.0004137,3.6e-06,8.1e-06,8.1e-06,0.0113143,0.0113142,0.0113143,0.0113143,0.0113143,0.0004375,0.0004379,-3.25e-05,0.0109023,0.0109024,1e-05,0.0109023,-3.26e-05,-3.1e-06,0.0109024,0.0004498,0.0109023,0.0004494,0.0004578,0.0104744,0.0104745,0.0104741,0.0104745,0.0104745,0.0104743,0.0104745,2.21e-05,0.0104742,0.0104745,0.0104745,0.0104745,0.0005215,0.0005246,0.010028,0.0100281,0.0100278,0.0100282,0.010028,0.0100282,0.0100282,0.010028,3.04e-05,0.0006649,-9.2e-06,0.0100274,1.65e-05,0.0100273,0.0100273,0.0100273,0.0007865,0.0007844,0.0007523,-5.8e-06,0.0095556,0.0095563,0.0095563,0.0095564,0.0095555,0.0095569,0.0095556,5.2e-06,0.0095557,0.0012033,0.0011933,0.0011387,0.0011828,6.75e-05,7.02e-05,6.99e-05,5.68e-05,0.0090436,0.0090427,0.0090431,4.31e-05,0.0090445,0.0090433,0.009046,2.44e-05,0.0015836,0.0015157,0.0015594,0.009003,0.001615,0.0015611,0.0016041,0.0084635,0.0084648,0.0084654,0.0084655,0.0084655,3.05e-05,0.0084654,0.0084683,0.0019884,0.0019239,3.14e-05,0.0019614,0.0019597,0.0019547,0.0078319,0.0078322,0.0078332,0.0078316,0.0078332,0.0078349,9.44e-05,0.0078404,0.0021731,0.007209,0.0072136,0.0072655,0.0065341,0.0001688,0.0059914,0.0047347,0.0060608,0.0061161,0.0042367,3.19e-05,0.0054568,0.0037824,0.0037891,0.0038151,0.0058535,-0.0019514,-0.001948,-0.0019537,0.0024713,-0.0051163,-0.0051163
0.0281879,0.0042125,-0.0181041,0.0126234,-0.0289689,0.0039136,0.0029612,0.0050449,0.0048135,0.0047924,-0.0257529,0.0088628,0.00885,0.0085293,-0.024031,0.0044823,0.0084286,0.0020264,0.004198,0.0078204,0.0041305,0.0024978,0.0217406,0.0023831,0.0040028,-0.0070724,-0.0070727,-0.0070725,-0.0070071,-0.0069407,-0.0046419,-0.0072367,0.0197744,0.0001563,0.0191444,-0.0035351,0.0191832,-0.0034014,-0.0033633,0.0051856,0.0184894,0.0017351,0.0001727,0.0182794,0.0050855,0.0062325,0.0173768,0.0173771,0.0171466,0.0171467,0.016913,0.00674,-0.0007289,0.0013759,0.0160829,0.0001711,0.0001824,0.0001495,0.0013719,0.0013661,0.0001487,0.0001698,0.0156071,0.0153612,0.015115,0.001258,0.0012669,0.0023055,0.0001317,0.0002513,-0.0009183,0.0150208,0.015103,0.0012063,0.0012057,0.015232,0.0011923,0.0008687,0.0140713,0.0033834,4.41e-05,0.0035428,0.0048178,0.0001107,0.0018935,0.0024012,0.0005515,0.0005764,0.0033739,0.0145699,0.0150372,0.0005842,0.0149223,0.0005405,0.0148882,0.0005442,0.0005176,0.0139663,0.0018094,0.0012795,0.0004498,0.0003902,1.4e-05,0.000424,0.000422,0.0021518,2.21e-05,1.17e-05,0.0134113,0.0134114,0.0022733,5.96e-05,0.0020156,4.46e-05,0.0027579,0.0048184,0.0001386,0.0001868,0.0056613,0.001679,3e-06,2.7e-06,3e-06,0.0004251,0.000131,0.0001653,0.0003955,3.69e-05,0.0124632,0.000153,0.0001414,1e-06,5.03e-05,-1e-07,4.92e-05,0.0001131,0.000113,3.4e-05,0.0002004,-1.7e-06,3.32e-05,9.2e-06,8.24e-05,3.25e-05,-6.5e-06,0.0001437,8.03e-05,0.000143,0.00125,-5.03e-05,-4.99e-05,1.1e-06,9e-07,-4.1e-06,-3.8e-06,-3.8e-06,0.0001027,0.000103,-0.0107906,-4.2e-06,-4.2e-06,-0.0001744,-3.9e-06,-0.010871,-0.0008097,-3.8e-06,7.82e-05,-4e-06,0.000119,7.96e-05,-4.2e-06,-4.1e-06,-3.91e-05,-3.3e-06,-3.3e-06,-3.81e-05,-2.3e-06,-2.38e-05,-3.72e-05,-1.4e-06,-1.4e-06,-1.1e-06,-0.0034655,0.0003226,2.5e-06,-3.21e-05,-4.58e-05,5.5e-06,5.2e-06,-2.94e-05,6.6e-06,6.5e-06,-0.0002102,0.0002887,-0.009935,-2.92e-05,0.0009194,1.02e-05,1.06e-05,1.11e-05,0.0005365,0.0005235,0.0002363,-0.0094339,-4.86e-05,2e-06,2e-06,2.1e-06,-7.47e-05,7.9e-06,-9.14e-05,-0.0094305,-0.0001081,0.0002992,0.0002992,-0.0029277,0.0005319,0.0005091,-0.001321,-0.0008396,0.0026865,1.05e-05,1.83e-05,1.95e-05,0.0058219,3.2e-05,7.06e-05,2.88e-05,0.0012746,0.0005185,0.0024378,0.0003481,-1.44e-05,0.0003694,0.0022843,0.0001588,-1.25e-05,-3.55e-05,-3.54e-05,-3.07e-05,-3.58e-05,0.0011934,1.32e-05,-3.89e-05,0.0001467,0.0019726,0.0010917,-5.08e-05,-6.54e-05,-6.54e-05,-4.88e-05,-3.58e-05,-5e-05,-3.16e-05,-3.9e-05,-3.12e-05,-0.003032,-4.06e-05,0.0014097,-4.76e-05,-7.08e-05,-8.42e-05,0.0007493,0.0043077,-0.0005062,0.0001591,0.0006111,-0.0008093,0.0001789,-0.0038037,0.000519,0.0001453,0.0001861,0.0002168,0.0003427,0.0011096,0.0011085,0.0011104,0.003566,0.0017439,0.0017439
-0.0018857,-0.0021394,0.0048236,0.0079447,0.0025927,-0.0098515,0.0307043,0.0002385,0.0002281,0.0002264,0.0020822,-0.0007318,-0.0007077,-0.0007182,0.001938,0.000184,-0.0007098,0.0244384,0.0001768,-0.0006582,0.0001742,0.0234603,-0.0014929,0.0230867,0.0001637,0.0006445,0.0006445,0.0006445,0.0006385,0.0006324,-8.26e-05,0.0005989,-0.0010967,0.0031201,-0.0010529,-0.0001556,-0.0010519,-0.0001595,-0.0001578,-0.000592,-0.0010079,0.0195765,0.0029236,-0.0009136,-0.0005704,-0.0001814,-0.000861,-0.0008619,-0.0008488,-0.0008517,-0.0008378,-0.0002172,0.0004028,0.0176847,-0.0007605,0.0025659,0.0025835,0.0025877,0.0172016,0.0172009,0.0024627,0.0024436,-0.0006718,-0.0006568,-0.0006491,0.016423,0.0164232,0.0002225,0.0022509,0.002185,0.0001624,-0.0006689,-0.0006664,0.0158863,0.0158861,-0.0006349,0.0158858,0.0120563,0.0064257,-0.0003133,0.0013723,-0.0003178,-2.84e-05,0.001341,-0.0002404,8.84e-05,0.0156996,0.0156986,2.4e-05,-6.62e-05,-0.0001111,0.0154041,-0.0001119,0.0151068,-0.0001059,0.0151066,0.0148016,-9.34e-05,-0.0001478,0.0132151,0.0141748,0.0138497,0.0006162,0.0138494,0.0138495,-1.26e-05,0.0005361,0.0005457,-6.79e-05,-6.96e-05,-1.34e-05,0.0005165,-3.8e-06,0.0005326,-1.48e-05,0.0123053,0.0131753,0.0131753,6.01e-05,1.6e-06,0.0004344,0.0004385,0.000437,6e-07,0.0128233,0.0128234,6e-07,0.0003714,0.000153,0.0124621,-1.1e-06,0.0003551,0.0003454,0.0003562,0.0003512,0.0120875,0.0120875,1.2e-06,3e-07,0.0002982,0.0002942,1.2e-06,0,0.0003061,1.2e-06,0.011704,0.0110064,0.0117006,9.3e-06,0.0002736,0.0002736,0.000241,0.0002309,0.0002416,0.0002429,0.0002442,0.0113036,0.0113027,7.99e-05,0.0001942,0.0001978,0.0002657,0.0001942,8.23e-05,8e-06,0.0001967,0.0108894,0.0001775,0.0103293,0.0108789,0.0001401,0.0001462,0.0001337,0.0001448,0.0001472,0.0001428,0.0001459,0.0005056,0.0001391,0.0001498,0.0001483,0.0001475,0.009819,0.0100043,8.53e-05,9.59e-05,8.46e-05,9.47e-05,8.69e-05,9.87e-05,9.4e-05,9.07e-05,0.000489,0.0100019,0.0003566,5.86e-05,0.0002312,5.4e-05,5.25e-05,5.59e-05,0.0095423,0.0096153,0.0095002,0.0003459,-9.91e-05,-8.76e-05,-8.77e-05,-8.57e-05,-9.57e-05,-7.59e-05,-8.87e-05,0.0003447,-8.22e-05,0.0094638,0.0094647,0.0089909,0.0094594,0.0008481,0.0009001,0.0008917,0.0006902,-0.0004543,-0.0004631,-0.0004579,0.0004585,-0.0004431,-0.0004522,-0.0004236,0.0002189,0.0089168,0.0085148,0.008906,-0.0008507,0.0089001,0.0085832,0.0088744,-0.000988,-0.0009796,-0.0009757,-0.0009743,-0.0009744,0.0002121,-0.0009728,-0.0009549,0.0082824,0.0080893,0.0002231,0.008248,0.0082487,0.0082498,-0.0014034,-0.0014024,-0.0013973,-0.0014052,-0.0013974,-0.0013894,0.0008578,-0.0013609,0.0071111,-0.0014876,-0.0014655,-0.0012252,0.0033135,0.0002466,0.0043527,-0.0054992,0.004255,0.0039601,-0.0058884,0.0003447,0.0034666,-0.0054319,-0.0054291,-0.0054107,-0.0031281,-0.0054875,-0.0054889,-0.0054865,1.69e-05,0.0020628,0.0020628
0.0151929,0.0206485,0.0265287,0.0161068,0.0111629,0.0186079,-0.0004426,0.0188448,0.0180054,0.0179071,0.0098152,0.018913,0.0191926,0.0180161,0.0091545,0.0164056,0.0177614,-0.0002055,0.0153594,0.0164829,0.0151184,-0.0005281,-0.0079253,-0.0003536,0.0141971,-0.0145654,-0.0145663,-0.0145657,-0.0144317,-0.0142948,-0.016053,-0.015645,-0.0075838,-4.96e-05,-0.0074075,-0.0138683,-0.0073153,-0.0137546,-0.0136047,0.0090967,-0.0066062,-0.0001069,1.22e-05,-0.0065268,0.0087718,0.0172243,-0.0061414,-0.0061401,-0.0060599,-0.0060592,-0.0059781,0.0159732,0.0023309,-0.0002004,-0.0066212,7.51e-05,-3.9e-06,9.5e-06,-8.34e-05,-0.0001449,3.39e-05,0.000102,-0.0064213,-0.006322,-0.0062128,-0.0001431,-0.0001184,0.0001395,1.26e-05,-3.87e-05,-0.0144917,-0.0049616,-0.0047925,-7.58e-05,-8.27e-05,-0.0039988,-6.8e-05,-6.26e-05,-0.0035926,0.0114933,1.4e-05,0.0113747,0.0121587,0.0001351,0.0138166,0.0102127,0.0001136,0.0001394,0.011826,0.0008436,-0.0024725,8.56e-05,-0.0011472,7.8e-05,-0.0014694,7.69e-05,7.59e-05,-0.0013973,-0.0104506,0.0015769,-2.08e-05,-1.7e-05,3.1e-06,-1.93e-05,-1.91e-05,-0.0011902,4.17e-05,2e-06,-0.001127,-0.0011387,-0.0012507,-1.9e-06,0.0078746,-7e-07,0.0077395,-0.0003305,4e-07,-3e-06,0.0061597,0.0126339,4.6e-05,1.3e-06,4.49e-05,0.0097777,-1.2e-06,-1.4e-06,0.0093471,1e-07,0.0001414,-1.1e-06,0.0124625,1e-07,4e-07,2.32e-05,-2e-07,-1.3e-06,2.12e-05,0.007875,0.0089734,2.23e-05,-7e-07,0.0077678,0.0090271,0,0.0076719,-2e-06,0.0025707,-0.0001846,0.009042,0.0073294,0.0073316,2.31e-05,2.27e-05,1.74e-05,-5.4e-06,-5.4e-06,-0.0001578,-0.0001811,0.0009936,1.76e-05,1.7e-05,0.0068044,1.69e-05,0.0004407,-0.0080103,1.68e-05,-0.0001745,1.65e-05,0.0022865,-0.0003466,-8.7e-06,1.42e-05,-8.1e-06,-9.4e-06,-9.5e-06,-8.4e-06,1.35e-05,0.006818,-9e-06,-1.03e-05,-1.03e-05,1.3e-05,-0.0002143,-0.0003258,1.45e-05,-8.9e-06,-8.2e-06,2.3e-05,2.21e-05,-1.13e-05,2.07e-05,2.7e-05,0.0062405,-0.0003245,0.0001493,-1.31e-05,-0.0028756,4.24e-05,4.89e-05,5.36e-05,0.00287,0.002645,-0.0007604,-2.54e-05,-2.79e-05,-2.89e-05,-2.89e-05,-2.91e-05,-2.81e-05,2.4e-06,-3.02e-05,-3.99e-05,-3.09e-05,-0.0007601,-0.0007601,-0.0007192,-0.0007285,0.0083679,0.0084912,0.0084821,0.0083423,6e-07,-1.66e-05,-1.88e-05,0.0068726,2.8e-05,7.55e-05,2.13e-05,-0.0027491,-0.0007003,0.0016537,-0.0009023,6e-07,-0.0008762,0.0014599,-0.0011241,6.15e-05,3.27e-05,3.22e-05,2.18e-05,3.28e-05,-0.0025493,9.1e-05,2.62e-05,-0.0010548,0.0011548,-0.0024925,-0.0013161,-0.0012978,-0.0012979,8.52e-05,6.87e-05,8.57e-05,6.4e-05,7.19e-05,6.09e-05,0.0026794,0.0001148,-0.0026556,0.0001091,0.0001296,0.0001038,0.0013627,-0.004499,-0.0008055,0.0005248,0.001097,-0.0012258,0.0005505,-0.0005018,-0.0021864,0.0005281,0.0005118,0.0004757,-0.0005164,0.0006408,0.0006416,0.0006403,-0.0035939,-0.0012133,-0.0012133
-1.71e-05,0.0001428,-0.0004211,-0.0008952,-0.0001026,0.0010764,-0.0033318,-1.82e-05,-1.74e-05,-1.73e-05,-6.72e-05,-2.07e-05,-2.1e-05,-1.98e-05,-6.22e-05,-1.59e-05,-1.94e-05,-0.0026498,-1.54e-05,-1.81e-05,-1.52e-05,-0.002547,2.88e-05,-0.0025062,-1.5e-05,1.37e-05,1.37e-05,1.37e-05,1.36e-05,1.35e-05,1.7e-05,1.49e-05,-2.7e-06,0.0201769,-2.9e-06,1.51e-05,-3.4e-06,1.49e-05,1.48e-05,-1.22e-05,-4.1e-06,-0.0020525,0.0188721,-1.24e-05,-1.23e-05,-2.06e-05,-1.19e-05,-1.18e-05,-1.18e-05,-1.15e-05,-1.16e-05,-1.97e-05,-1.3e-06,-0.001785,-1.34e-05,0.0167312,0.0167291,0.0167289,-0.0015001,-0.0014974,0.0164835,0.0164852,-1.59e-05,-1.6e-05,-1.56e-05,-0.001247,-0.0012459,3.8e-06,0.0157026,0.0154309,1.09e-05,-1.53e-05,-1.54e-05,-0.0010226,-0.0010256,-1.98e-05,-0.0010267,0.0105113,5.28e-05,-1.22e-05,0.0152168,-1.23e-05,-6.1e-06,0.0152172,-5.3e-06,-2.5e-06,0.0003353,0.0003298,-3.6e-06,-9.4e-06,-9.1e-06,0.0003198,-8.9e-06,0.0003113,-8.4e-06,0.0003095,0.0003004,-7.3e-06,8e-07,0.0002911,0.0002853,0.0002777,0.0134412,0.000295,0.0002935,-3e-07,0.013118,0.013118,-5.9e-06,-5.9e-06,7e-07,0.0127858,-7e-07,0.0127858,-9e-07,0.000332,0.0003338,0.000331,-4e-07,-2.3e-06,0.0124456,0.0124456,0.0124456,0,0.0003573,0.0003575,0,0.0120955,1e-06,0.0003551,1e-07,0.0117343,0.0117343,0.0117343,0.0117343,0.0003849,0.0003828,1.1e-06,0,0.0113621,0.011362,2e-06,1e-07,0.0113621,2e-06,0.0003977,0.0003871,0.0003964,6e-07,7.8e-06,7.8e-06,0.0109766,0.0109764,0.0109766,0.0109766,0.0109766,0.0004198,0.0004202,-1.4e-06,0.0105769,0.0105769,1e-05,0.0105769,-1.3e-06,-1.3e-06,0.0105769,0.000432,0.0105768,0.0004316,0.0004397,0.0101617,0.0101619,0.0101616,0.0101618,0.0101618,0.0101618,0.0101619,2.13e-05,0.0101616,0.0101619,0.0101618,0.0101619,0.0005118,0.0005042,0.0097286,0.0097289,0.0097286,0.0097289,0.0097286,0.0097289,0.0097288,0.0097287,2.98e-05,0.0006404,1.86e-05,0.0097282,1.29e-05,0.009728,0.0097279,0.009728,0.0007579,0.0007558,0.0007256,2.04e-05,0.0092706,0.0092712,0.0092711,0.0092712,0.0092706,0.0092717,0.0092707,3.11e-05,0.0092708,0.0011629,0.0011532,0.0011093,0.0011423,6.39e-05,7.16e-05,7e-05,4.76e-05,0.0087738,0.0087729,0.0087733,2.55e-05,0.0087746,0.0087734,0.0087761,1.96e-05,0.0015314,0.0014604,0.0015084,0.0087347,0.0015623,0.0015049,0.0015523,0.0082113,0.0082126,0.0082132,0.0082133,0.0082133,2.58e-05,0.0082131,0.0082161,0.0019254,0.0018579,2.69e-05,0.0018998,0.0018982,0.0018933,0.0075988,0.0075991,0.0076001,0.0075985,0.0076001,0.0076017,9.95e-05,0.0076071,0.0021015,0.0069945,0.0069991,0.0070494,0.0063357,0.0001513,0.0058124,0.004595,0.0058766,0.0059343,0.0041121,4.12e-05,0.0052911,0.0036712,0.0036776,0.0037027,0.005679,-0.0018941,-0.0018908,-0.0018964,0.0023874,-0.0049693,-0.0049693
9.54e-05,0.0001601,-0.0004975,-0.0008513,-0.0002198,0.0011003,-0.0033454,1.9e-06,1.8e-06,1.8e-06,-0.0001713,1.41e-05,1.38e-05,1.37e-05,-0.0001593,1.9e-06,1.37e-05,-0.002662,1.3e-06,1.26e-05,1.3e-06,-0.0025564,0.0001164,-0.0025158,1e-06,-1.41e-05,-1.41e-05,-1.41e-05,-1.39e-05,-1.38e-05,-1.4e-06,-1.35e-05,7.68e-05,0.0201754,7.4e-05,1e-06,7.37e-05,1.4e-06,1.4e-06,8.1e-06,7.02e-05,-0.0020618,0.0188708,6.1e-05,7.6e-06,4e-06,5.79e-05,5.8e-05,5.7e-05,5.73e-05,5.63e-05,7e-06,-4e-06,-0.0017941,5.11e-05,0.0167301,0.0167281,0.0167277,-0.0015088,-0.0015061,0.0164824,0.0164842,4.67e-05,4.56e-05,4.51e-05,-0.0012555,-0.0012544,1.32e-05,0.0157016,0.0154304,7.7e-06,4.49e-05,4.5e-05,-0.0010309,-0.0010339,4.11e-05,-0.0010351,0.010505,0.0001033,9e-07,0.0152162,1.5e-06,1.3e-05,0.0152168,1.9e-06,7.1e-06,0.0003246,0.0003192,9.8e-06,4.85e-05,5.07e-05,0.0003095,5.04e-05,0.0003011,5.08e-05,0.0002992,0.0002903,4.82e-05,8e-06,0.0002852,0.0002754,0.0002679,0.013441,0.0002853,0.0002838,7.8e-06,0.0131179,0.0131178,4.74e-05,4.74e-05,9.4e-06,0.0127859,6.8e-06,0.0127858,9.6e-06,0.000341,0.0003236,0.000321,2.16e-05,4.1e-06,0.0124455,0.0124455,0.0124455,1.2e-06,0.0003473,0.0003476,1.1e-06,0.0120956,5.03e-05,0.0003454,4e-07,0.0117343,0.0117344,0.0117343,0.0117344,0.0003754,0.0003733,1.3e-06,4e-07,0.0113621,0.0113622,2.1e-06,0,0.0113623,2e-06,0.0003886,0.0003784,0.0003874,5.1e-06,7.5e-06,7.5e-06,0.0109766,0.0109765,0.0109766,0.0109766,0.0109766,0.0004109,0.0004113,-4.43e-05,0.0105769,0.010577,9.2e-06,0.0105769,-4.45e-05,-4.1e-06,0.010577,0.0004233,0.0105769,0.0004236,0.0004311,0.0101618,0.0101619,0.0101615,0.0101619,0.0101619,0.0101617,0.0101619,2.08e-05,0.0101616,0.010162,0.0101619,0.010162,0.00049,0.0004973,0.0097288,0.0097289,0.0097286,0.009729,0.0097288,0.0097289,0.009729,0.0097288,2.86e-05,0.0006334,-2.11e-05,0.0097282,1.67e-05,0.0097282,0.0097281,0.0097282,0.0007522,0.00075,0.0007187,-1.72e-05,0.0092707,0.0092714,0.0092714,0.0092715,0.0092706,0.009272,0.0092706,-6.5e-06,0.0092706,0.0011563,0.0011467,0.0010904,0.0011367,6.51e-05,6.56e-05,6.58e-05,5.75e-05,0.0087744,0.0087736,0.008774,4.81e-05,0.0087753,0.0087742,0.0087768,2.48e-05,0.0015262,0.0014631,0.0015025,0.0087355,0.0015565,0.0015069,0.0015457,0.0082122,0.0082135,0.008214,0.0082142,0.0082142,3.07e-05,0.0082141,0.0082169,0.0019192,0.0018591,3.14e-05,0.0018929,0.0018912,0.0018863,0.0076,0.0076003,0.0076012,0.0075997,0.0076012,0.0076029,8.69e-05,0.0076082,0.0021013,0.0069957,0.0070002,0.0070502,0.0063361,0.0001684,0.0058069,0.0046003,0.0058756,0.0059279,0.0041177,2.6e-05,0.0052905,0.0036763,0.0036828,0.0037081,0.005683,-0.0018852,-0.0018819,-0.0018875,0.0024017,-0.0049641,-0.0049642
-2.48e-05,0.0001276,-0.0003759,-0.0008147,-8.38e-05,0.0011575,-0.0033311,6.53e-05,6.24e-05,6.2e-05,-5.08e-05,-2.17e-05,-1.89e-05,-2.25e-05,-4.69e-05,5.47e-05,-2.21e-05,-0.002649,5.07e-05,-2.06e-05,4.99e-05,-0.0025466,1.65e-05,-0.0025057,4.63e-05,1.95e-05,1.95e-05,1.95e-05,1.93e-05,1.91e-05,-4.16e-05,1.34e-05,-1.54e-05,0.0201771,-1.52e-05,-4.17e-05,-1.56e-05,-4.13e-05,-4.08e-05,-3.12e-05,-1.49e-05,-0.0020518,0.0188723,-2.3e-05,-3.06e-05,2.07e-05,-2.12e-05,-2.11e-05,-2.1e-05,-2.07e-05,-2.07e-05,1.89e-05,4.02e-05,-0.0017844,-2.31e-05,0.0167316,0.0167292,0.016729,-0.0014993,-0.0014969,0.0164837,0.0164857,-2.53e-05,-2.53e-05,-2.46e-05,-0.0012465,-0.0012453,3.75e-05,0.0157028,0.0154309,-1.8e-06,-3e-05,-2.93e-05,-0.0010222,-0.0010251,-3.41e-05,-0.0010262,0.0105116,4.06e-05,-1.26e-05,0.0152169,-1.31e-05,3.42e-05,0.0152172,4.9e-06,4.07e-05,0.0003365,0.000331,3.75e-05,8e-07,-1.11e-05,0.0003208,-8.7e-06,0.0003123,-8.7e-06,0.0003105,0.0003013,-7.6e-06,-3.85e-05,0.0002852,0.0002866,0.000279,0.0134413,0.0002963,0.0002948,-3.05e-05,0.013118,0.013118,-7.3e-06,-7.4e-06,-2.88e-05,0.0127859,-8e-06,0.0127858,-8.4e-06,0.000333,0.0003351,0.0003323,-1e-05,2.42e-05,0.0124458,0.0124456,0.0124458,8e-07,0.0003585,0.0003587,1e-07,0.0120955,-1e-07,0.0003562,2.32e-05,0.0117343,0.0117343,0.0117345,0.0117343,0.000386,0.000384,3.38e-05,1e-06,0.0113622,0.011362,3.47e-05,1.2e-06,0.0113621,3.47e-05,0.0003988,0.0003992,0.0003967,1.9e-06,3.94e-05,3.94e-05,0.0109766,0.0109764,0.0109767,0.0109766,0.0109766,0.0004202,0.0004205,-4e-07,0.010577,0.010577,4.04e-05,0.010577,-2e-07,-7e-07,0.010577,0.0004322,0.0105769,0.0004422,0.0004392,0.0101617,0.0101619,0.0101615,0.0101618,0.0101618,0.0101617,0.0101619,5.05e-05,0.0101616,0.0101618,0.0101618,0.0101619,0.0005118,0.0005038,0.0097287,0.0097288,0.0097286,0.009729,0.0097287,0.0097289,0.0097289,0.0097288,5.78e-05,0.00064,2.26e-05,0.0097281,2.74e-05,0.0097281,0.009728,0.0097281,0.0007659,0.0007632,0.000724,2.46e-05,0.0092705,0.009271,0.009271,0.0092711,0.0092705,0.0092717,0.0092707,3.53e-05,0.0092707,0.0011613,0.0011516,0.0011092,0.0011407,8.64e-05,9.33e-05,9.2e-05,6.77e-05,0.0087738,0.0087729,0.0087734,4.05e-05,0.0087746,0.0087735,0.0087761,3.22e-05,0.0015298,0.0014639,0.0015064,0.0087347,0.0015603,0.001508,0.0015498,0.0082114,0.0082126,0.0082132,0.0082134,0.0082133,3.78e-05,0.0082132,0.0082161,0.001923,0.0018603,3.91e-05,0.0018969,0.0018953,0.0018904,0.007599,0.0075993,0.0076002,0.0075987,0.0076002,0.0076019,0.0001192,0.0076072,0.0020987,0.0069947,0.0069992,0.0070494,0.0063392,0.0001507,0.0058098,0.0045965,0.0058793,0.0059304,0.0041137,5.23e-05,0.0052871,0.0036728,0.003679,0.0037042,0.0056785,-0.0018911,-0.0018878,-0.0018933,0.0023848,-0.0049695,-0.0049695
9.2e-05,0.0001591,-0.0004947,-0.0008509,-0.0002164,0.0010932,-0.0033314,-7e-07,-7e-07,-7e-07,-0.0001683,1.3e-05,1.26e-05,1.27e-05,-0.0001565,-3e-07,1.26e-05,-0.0026508,-8e-07,1.17e-05,-8e-07,-0.0025457,0.000114,-0.0025052,-9e-07,-1.33e-05,-1.33e-05,-1.33e-05,-1.31e-05,-1.3e-05,5e-07,-1.25e-05,7.48e-05,0.0201765,7.2e-05,2.8e-06,7.17e-05,3.2e-06,3.1e-06,7.9e-06,6.83e-05,-0.0020528,0.0188719,5.91e-05,7.4e-06,2.3e-06,5.6e-05,5.61e-05,5.52e-05,5.55e-05,5.45e-05,5.3e-06,-4.9e-06,-0.001786,4.95e-05,0.0167311,0.016729,0.0167286,-0.0015009,-0.0014983,0.0164833,0.0164851,4.52e-05,4.4e-05,4.36e-05,-0.001248,-0.0012469,1.22e-05,0.0157024,0.0154312,8.2e-06,4.35e-05,4.36e-05,-0.0010237,-0.0010266,3.97e-05,-0.0010278,0.0105104,0.0001053,5e-07,0.0152166,1e-06,1.15e-05,0.0152172,1.3e-06,5.8e-06,0.0003318,0.0003264,8.4e-06,4.68e-05,4.93e-05,0.0003166,4.89e-05,0.000308,4.93e-05,0.0003062,0.000297,4.68e-05,8.8e-06,0.0002913,0.0002819,0.0002743,0.0134411,0.0002917,0.0002901,8.4e-06,0.013118,0.0131179,4.61e-05,4.61e-05,1e-05,0.012786,6.8e-06,0.0127858,9.5e-06,0.0003462,0.0003296,0.000327,2.14e-05,3.2e-06,0.0124456,0.0124456,0.0124456,1.2e-06,0.0003532,0.0003535,1.1e-06,0.0120956,4.92e-05,0.0003512,-2e-07,0.0117343,0.0117344,0.0117343,0.0117344,0.0003809,0.0003788,5e-07,4e-07,0.0113621,0.0113621,1.2e-06,-1e-07,0.0113622,1.2e-06,0.000394,0.0003832,0.0003928,5e-06,6.8e-06,6.8e-06,0.0109766,0.0109764,0.0109766,0.0109766,0.0109766,0.0004161,0.0004165,-4.32e-05,0.0105769,0.0105769,8.5e-06,0.0105769,-4.35e-05,-4e-06,0.0105769,0.0004284,0.0105768,0.0004281,0.0004361,0.0101618,0.0101619,0.0101614,0.0101618,0.0101619,0.0101616,0.0101619,2.03e-05,0.0101615,0.0101619,0.0101619,0.0101619,0.0004949,0.0005019,0.0097287,0.0097288,0.0097285,0.009729,0.0097287,0.0097289,0.0097289,0.0097287,2.81e-05,0.000638,-2.01e-05,0.0097281,1.63e-05,0.0097281,0.009728,0.0097281,0.0007563,0.0007542,0.0007231,-1.62e-05,0.0092705,0.0092713,0.0092713,0.0092713,0.0092704,0.0092718,0.0092705,-5.6e-06,0.0092705,0.0011607,0.0011511,0.0010948,0.001141,6.49e-05,6.55e-05,6.58e-05,5.71e-05,0.0087741,0.0087732,0.0087737,4.74e-05,0.008775,0.0087739,0.0087765,2.44e-05,0.0015303,0.0014667,0.0015067,0.008735,0.0015606,0.0015106,0.0015499,0.0082117,0.0082129,0.0082135,0.0082136,0.0082136,3.03e-05,0.0082136,0.0082163,0.0019231,0.0018626,3.1e-05,0.0018968,0.0018951,0.0018902,0.0075992,0.0075995,0.0076004,0.0075989,0.0076005,0.0076021,8.71e-05,0.0076074,0.0021045,0.0069949,0.0069994,0.0070495,0.0063374,0.0001681,0.005809,0.0045976,0.0058774,0.0059299,0.0041148,2.62e-05,0.0052921,0.0036737,0.0036802,0.0037055,0.0056815,-0.0018879,-0.0018846,-0.0018902,0.0024014,-0.0049633,-0.0049633
-0.0019081,-0.0020853,0.0047287,0.0076662,0.0025966,-0.0095624,0.0297596,0.0002167,0.0002072,0.0002057,0.0020924,-0.0007342,-0.0007108,-0.0007201,0.0019477,0.0001655,-0.0007116,0.0236874,0.0001593,-0.0006599,0.0001569,0.0227378,-0.0015095,0.0223759,0.0001472,0.0006445,0.0006445,0.0006445,0.0006385,0.0006324,-6.68e-05,0.0006008,-0.0011198,0.0030953,-0.0010755,-0.0001407,-0.0010747,-0.0001449,-0.0001433,-0.0005883,-0.0010301,0.0189748,0.0029002,-0.0009381,-0.0005671,-0.0001935,-0.0008844,-0.0008854,-0.0008719,-0.0008748,-0.0008607,-0.0002297,0.0003923,0.017142,-0.0007834,0.0025458,0.0025629,0.002567,0.0166744,0.0166738,0.0024449,0.0024264,-0.000696,-0.0006807,-0.0006725,0.0159205,0.0159207,0.0002089,0.0022369,0.0021717,0.0001598,-0.0006914,-0.0006892,0.0154009,0.0154007,-0.000659,0.0154004,0.0117269,0.0061925,-0.000313,0.0013833,-0.0003178,-4.12e-05,0.0013528,-0.0002381,7.88e-05,0.0152264,0.0152252,1.36e-05,-0.0001056,-0.0001505,0.0149396,-0.0001509,0.0146514,-0.000145,0.0146511,0.0143554,-0.0001302,-0.0001484,0.0128146,0.0137476,0.0134324,0.000644,0.0134321,0.0134321,-1.8e-05,0.0005652,0.0005745,-0.0001039,-0.0001055,-1.91e-05,0.0005449,-8.9e-06,0.0005605,-2.18e-05,0.0119221,0.0127792,0.0127791,4.26e-05,-3e-06,0.0004643,0.0004682,0.0004668,-3e-07,0.0124379,0.0124379,-2e-07,0.0004018,0.0001131,0.0120875,-1.3e-06,0.0003849,0.0003754,0.000386,0.0003809,0.0117245,0.0117245,1e-06,1e-07,0.0003284,0.0003245,1e-06,1e-07,0.0003359,1e-06,0.0113524,0.0106759,0.0113491,5.9e-06,0.0002655,0.0002655,0.0002716,0.0002618,0.0002722,0.0002734,0.0002747,0.0109643,0.0109635,0.0001081,0.0002249,0.0002283,0.0002581,0.0002248,0.0001106,9.7e-06,0.0002273,0.0105627,0.0002087,0.0100193,0.0105526,0.0001709,0.0001769,0.0001649,0.0001755,0.0001778,0.0001737,0.0001766,0.0004905,0.0001701,0.0001804,0.0001789,0.0001782,0.0095348,0.0097038,0.0001163,0.0001267,0.0001157,0.0001254,0.0001179,0.0001294,0.0001247,0.0001215,0.0004748,0.0097021,0.000374,9.05e-05,0.0002214,8.59e-05,8.45e-05,8.78e-05,0.009256,0.0093269,0.0092159,0.0003622,-6.4e-05,-5.29e-05,-5.31e-05,-5.11e-05,-6.06e-05,-4.17e-05,-5.38e-05,0.0003611,-4.75e-05,0.0091819,0.0091828,0.0087322,0.009177,0.0008214,0.000877,0.0008675,0.0006621,-0.0004104,-0.000419,-0.0004139,0.0004284,-0.0003996,-0.0004085,-0.0003806,0.0002084,0.0086521,0.0082565,0.0086419,-0.0007949,0.0086364,0.0083235,0.008612,-0.0009299,-0.0009217,-0.0009179,-0.0009166,-0.0009166,0.0002021,-0.0009152,-0.0008976,0.0080392,0.0078465,0.0002131,0.0080062,0.008007,0.008008,-0.0013348,-0.0013338,-0.0013288,-0.0013366,-0.0013289,-0.0013212,0.0008408,-0.0012936,0.0069001,-0.0014185,-0.001397,-0.0011638,0.0032334,0.0002273,0.0042431,-0.0053181,0.0041454,0.0038636,-0.0056974,0.0003451,0.0033789,-0.0052561,-0.0052534,-0.0052356,-0.0030152,-0.0053319,-0.0053332,-0.0053309,1.44e-05,0.0019786,0.0019786
-0.0019129,-0.0020997,0.0047706,0.0077449,0.002612,-0.0094827,0.0297585,0.0002983,0.0002851,0.0002832,0.0021059,-0.0007343,-0.000708,-0.0007219,0.0019603,0.0002345,-0.0007135,0.0236868,0.0002239,-0.0006616,0.0002205,0.0227368,-0.0015195,0.0223751,0.000207,0.0006494,0.0006494,0.0006494,0.0006434,0.0006373,-0.0001241,0.0005986,-0.0011304,0.0030916,-0.0010857,-0.0001961,-0.0010848,-0.0001997,-0.0001976,-0.0006063,-0.0010388,0.0189743,0.0028967,-0.0009467,-0.0005844,-0.0001528,-0.0008919,-0.0008928,-0.0008793,-0.0008821,-0.0008679,-0.0001916,0.0004325,0.0171414,-0.0007913,0.002543,0.0025598,0.002564,0.016674,0.0166732,0.002442,0.0024237,-0.0007036,-0.0006883,-0.00068,0.0159199,0.0159201,0.0002418,0.0022341,0.0021688,0.0001473,-0.0007043,-0.0007014,0.0154002,0.0154,-0.0006714,0.0153998,0.0117244,0.0061813,-0.0003131,0.0013806,-0.0003183,-1.6e-06,0.00135,-0.000228,0.0001209,0.0152261,0.015225,5.38e-05,-9.44e-05,-0.0001512,0.0149391,-0.0001494,0.014651,-0.000144,0.0146508,0.014355,-0.0001293,-0.0001863,0.0128078,0.0137476,0.0134325,0.0006416,0.0134321,0.0134322,-4.72e-05,0.0005628,0.0005721,-0.0001041,-0.0001058,-4.76e-05,0.0005426,-1.59e-05,0.0005582,-2.88e-05,0.0119224,0.0127792,0.0127791,3.38e-05,2.29e-05,0.0004622,0.000466,0.0004647,5e-07,0.0124379,0.0124379,-1e-07,0.0003997,0.000113,0.0120875,2.12e-05,0.0003828,0.0003733,0.000384,0.0003788,0.0117245,0.0117246,3.28e-05,1e-06,0.0003265,0.0003224,3.28e-05,1.2e-06,0.0003339,3.28e-05,0.0113524,0.0106867,0.0113484,7.2e-06,0.0002962,0.0002962,0.0002697,0.0002598,0.0002703,0.0002714,0.0002728,0.0109637,0.0109627,0.0001081,0.000223,0.0002265,0.0002876,0.000223,0.0001107,1.02e-05,0.0002255,0.0105619,0.0002069,0.0100287,0.0105511,0.0001691,0.0001751,0.000163,0.0001736,0.000176,0.0001718,0.0001748,0.0005188,0.0001682,0.0001785,0.000177,0.0001764,0.0095336,0.0097025,0.0001146,0.0001249,0.0001139,0.0001238,0.0001162,0.0001276,0.0001231,0.0001198,0.000502,0.0097007,0.000377,8.87e-05,0.0002355,8.43e-05,8.28e-05,8.62e-05,0.0092629,0.0093331,0.0092134,0.0003654,-6.57e-05,-5.47e-05,-5.48e-05,-5.29e-05,-6.23e-05,-4.34e-05,-5.55e-05,0.0003643,-4.92e-05,0.0091793,0.0091802,0.0087309,0.0091744,0.0008433,0.0008978,0.0008887,0.0006817,-0.000412,-0.0004205,-0.0004154,0.0004434,-0.0004011,-0.0004099,-0.0003821,0.0002208,0.0086495,0.0082591,0.008639,-0.0007963,0.0086334,0.0083256,0.0086086,-0.0009312,-0.0009231,-0.0009192,-0.0009179,-0.000918,0.0002139,-0.0009164,-0.000899,0.0080359,0.007848,0.000225,0.0080024,0.0080031,0.0080041,-0.0013359,-0.0013349,-0.00133,-0.0013377,-0.00133,-0.0013223,0.0008595,-0.0012947,0.0068966,-0.0014195,-0.001398,-0.0011649,0.0032355,0.0002271,0.0042391,-0.005317,0.0041467,0.0038584,-0.0056961,0.0003556,0.0033739,-0.0052547,-0.0052521,-0.0052343,-0.0030165,-0.005328,-0.0053293,-0.0053271,1.17e-05,0.0019792,0.0019793
-0.0013031,-0.0045604,0.0146442,0.0271786,0.005333,0.0276914,-0.0006351,0.028233,0.0269601,0.026814,0.0046474,0.0002907,0.0012804,-0.0003179,0.0043367,0.0238821,-0.0003197,-0.0004191,0.0223623,-0.0002958,0.0220104,-0.0005303,-0.0034284,-0.0004781,0.0207119,0.0014382,0.0014369,0.0014378,0.0014223,0.0014089,-0.0198922,-0.0010119,-0.0036381,-2.56e-05,-0.003511,-0.0191888,-0.0034681,-0.0189985,-0.018791,-0.0059866,-0.0030245,-0.0003322,-2.4e-05,-0.0029868,-0.0057587,0.0142068,-0.0025706,-0.002569,-0.0025361,-0.0025356,-0.0025013,0.0132947,0.0137844,-0.00032,-0.0027341,6.32e-05,-3.04e-05,-2.38e-05,-0.0002503,-0.0003269,9.6e-06,9.95e-05,-0.0026524,-0.002614,-0.0025727,-0.0003211,-0.0002899,0.0112768,2.4e-06,-6.43e-05,-0.0044739,-0.0044316,-0.0041621,-0.000302,-0.0003022,-0.0042553,-0.0002985,-0.000239,-0.0038228,0.0001639,-4.9e-06,3.28e-05,0.0137595,-1.21e-05,0.0036762,0.0145825,-7.82e-05,-7.5e-05,0.0139464,0.0039179,-0.000198,-0.0001498,0.0005708,-0.0001309,0.0003833,-0.0001312,-0.0001302,0.0003498,-0.0131304,-0.0023154,9.4e-06,6e-06,3.8e-06,8.2e-06,8e-06,-0.0099953,-3.4e-06,3.9e-06,-2.79e-05,-4.56e-05,-0.0097731,5.2e-06,-0.0022488,4.7e-06,-0.0022936,0.0001104,7e-07,1.8e-06,-0.0029139,0.0090722,4.7e-05,2.4e-06,4.59e-05,0.0004162,1.1e-06,1.3e-06,0.0001814,1.3e-06,3.4e-05,1.2e-06,0.007875,1.1e-06,1.3e-06,3.38e-05,5e-07,1e-06,3.28e-05,0.010996,0.0004464,3.29e-05,-5e-07,0.0109952,0.0005245,-4e-07,0.0109929,-1.5e-06,0.003736,-0.0002665,0.0006033,0.0106143,0.0106143,-2.7e-06,-2.5e-06,2.83e-05,-5.2e-06,-5.3e-06,-0.0002258,-0.00026,-3.39e-05,2.86e-05,2.77e-05,0.0102138,2.7e-05,4.7e-06,5.31e-05,2.61e-05,-0.0002506,2.57e-05,0.0032466,-0.000495,-1.01e-05,2.24e-05,-1.07e-05,-1.12e-05,-1.13e-05,-1.11e-05,2.15e-05,0.0098212,-1.17e-05,-1.24e-05,-1.23e-05,2.04e-05,-0.0004317,-0.0004563,2.25e-05,-1.15e-05,-1.09e-05,3.46e-05,3.34e-05,-1.48e-05,3.14e-05,4.02e-05,0.0093805,-0.0004547,0.0009828,-1.38e-05,0.004817,3.33e-05,3.91e-05,4.34e-05,0.0024124,0.0022096,-0.0008339,0.0010479,-2.17e-05,-2.83e-05,-2.83e-05,-2.84e-05,-1.91e-05,-8e-07,-1.93e-05,0.0010651,-1.77e-05,-0.000839,-0.0008391,-0.000433,-0.0008367,0.0076202,0.0072415,0.0073961,0.0068844,2.2e-06,3.08e-05,3.31e-05,0.0052673,1.8e-05,5.46e-05,1.23e-05,0.0041908,-0.0008046,0.0010064,-0.0009585,5.68e-05,-0.0009387,0.000856,-0.0011274,5.8e-05,3.57e-05,3.52e-05,5.09e-05,3.39e-05,0.0039879,7.84e-05,2.82e-05,-0.0010578,0.0006397,0.0040466,-0.0012369,-0.0012461,-0.0012462,8.82e-05,9.61e-05,8.66e-05,9.91e-05,9.34e-05,9.7e-05,0.006448,0.0001032,-0.0011194,0.0001028,0.0001001,6.41e-05,0.0011044,-0.0001253,-0.0010249,0.0006862,0.000813,-0.0014417,0.0007341,0.0035618,-0.0014488,0.0007094,0.0006843,0.000673,-6.85e-05,0.0012366,0.0012367,0.0012366,-0.0008002,-8.84e-05,-8.84e-05
0.0205139,0.0301625,0.0208666,-0.0031028,0.0094131,-0.000414,6.8e-06,-0.0005772,-0.0005383,-0.0005362,0.0083117,0.023771,0.0232668,0.0231602,0.0077503,0.0001023,0.0228384,0.0001153,9.3e-05,0.0211936,9.24e-05,-0.0001957,-0.0069887,-2.01e-05,5.01e-05,-0.0197499,-0.01975,-0.0197499,-0.0195663,-0.0193808,-0.0031178,-0.0189937,-0.0063815,-3.82e-05,-0.0062708,-0.0009529,-0.0061909,-0.0009732,-0.000963,0.0167531,-0.0056793,0.000163,3.87e-05,-0.0056121,0.0161429,0.0095431,-0.0054882,-0.0054879,-0.0054157,-0.0054152,-0.005343,0.00875,-0.0090078,3.21e-05,-0.0059601,4.27e-05,2.37e-05,3.49e-05,0.0001198,0.0001083,3.68e-05,4.53e-05,-0.0057794,-0.0056878,-0.0055861,0.0001049,0.0001093,-0.0095989,1.59e-05,9.1e-06,-0.0145015,-0.0023865,-0.0024056,0.0001734,0.0001649,-0.0013175,0.0001802,0.0001344,-0.0011811,0.0144484,2.34e-05,0.0144124,0.0035009,0.0001835,0.0143414,0.0003088,0.0002169,0.0002469,0.0029109,-0.0022707,-0.0029031,0.0002437,-0.0018897,0.0002174,-0.0021359,0.0002163,0.0002139,-0.0020191,-0.0018535,0.0040167,-3.03e-05,-2.27e-05,1.7e-06,-2.74e-05,-2.71e-05,0.0071724,5.69e-05,2e-07,-0.0013507,-0.0013503,0.0069034,-5.7e-06,0.0119469,-3.8e-06,0.0118175,-0.0004932,2.8e-06,-2.3e-06,0.0103638,0.0081582,1.85e-05,5e-07,1.8e-05,0.0120417,2e-07,0,0.0116991,0,0.0002004,3e-07,0.0089734,0,4e-07,1e-06,4e-07,1e-07,1e-06,0.0004464,0.0109944,6e-07,5e-07,0.0003111,0.0109943,1.3e-06,0.0001914,1.3e-06,2.08e-05,-2e-07,0.0109496,8.53e-05,8.81e-05,3.25e-05,3.17e-05,-1.8e-06,-1.5e-06,-1.5e-06,-1.9e-06,-1.6e-06,0.0012458,-1.7e-06,-1.7e-06,-0.0002334,-1.3e-06,0.0005107,-0.0102089,-7e-07,-1.6e-06,-7e-07,8.51e-05,-7.9e-06,-1.5e-06,-7e-07,-5e-07,-1.6e-06,-1.6e-06,-6e-07,-8e-07,0.0001251,-7e-07,-1.7e-06,-1.7e-06,-5e-07,9.04e-05,-1.42e-05,-5e-07,-8e-07,-4e-07,-2e-07,-2e-07,-1e-06,-3e-07,0,-0.0002257,-1.41e-05,-0.0007038,-4.1e-06,-0.0078233,2.56e-05,2.87e-05,3.11e-05,0.0015506,0.0014411,-0.0002382,-0.0009797,-1.62e-05,-1.16e-05,-1.16e-05,-1.16e-05,-1.88e-05,4.3e-06,-2.14e-05,-0.001013,-2.37e-05,-0.000233,-0.000233,-0.0005467,-0.0001941,0.004003,0.0044805,0.0043369,0.0046178,-6e-07,-4.71e-05,-5.2e-05,0.0041696,2.05e-05,4.91e-05,1.69e-05,-0.0071179,-0.0001864,0.0012356,-0.0003096,-4.82e-05,-0.0002936,0.0011197,-0.0004452,2.8e-05,1.07e-05,1.05e-05,-1.63e-05,1.24e-05,-0.0066889,4.78e-05,9e-06,-0.0004177,0.000919,-0.0066682,-0.0005946,-0.0005635,-0.0005635,3.16e-05,3.9e-06,3.36e-05,-4.7e-06,1.03e-05,-6.8e-06,-0.0022089,5.61e-05,-0.0023897,4.91e-05,7.75e-05,7.59e-05,0.000774,-0.0055799,-0.0001331,7.01e-05,0.0006895,-0.0003059,6.11e-05,-0.0037425,-0.0015128,5.41e-05,5.54e-05,1.95e-05,-0.0005943,-0.0002569,-0.0002559,-0.0002575,-0.0038492,-0.0014551,-0.0014551
-1.99e-05,0.0001302,-0.000381,-0.0008193,-8.87e-05,0.001158,-0.0033414,6.25e-05,5.96e-05,5.93e-05,-5.51e-05,-1.97e-05,-1.71e-05,-2.05e-05,-5.09e-05,5.23e-05,-2.02e-05,-0.0026572,4.85e-05,-1.88e-05,4.77e-05,-0.0025544,1.99e-05,-0.0025133,4.42e-05,1.77e-05,1.77e-05,1.77e-05,1.75e-05,1.73e-05,-3.99e-05,1.19e-05,-1.23e-05,0.0195276,-1.22e-05,-3.98e-05,-1.26e-05,-3.94e-05,-3.89e-05,-2.9e-05,-1.2e-05,-0.0020606,0.0182648,-2.03e-05,-2.85e-05,2.02e-05,-1.86e-05,-1.85e-05,-1.85e-05,-1.82e-05,-1.81e-05,1.85e-05,3.8e-05,-0.0017945,-2.07e-05,0.0161931,0.0161907,0.0161905,-0.0015166,-0.0015143,0.0159535,0.0159554,-2.31e-05,-2.31e-05,-2.25e-05,-0.0012689,-0.0012677,3.57e-05,0.015198,0.0149349,-1.9e-06,-2.78e-05,-2.72e-05,-0.0010496,-0.0010525,-3.19e-05,-0.0010535,0.010134,1.4e-05,-1.17e-05,0.0147308,-1.22e-05,3.3e-05,0.0147312,5.1e-06,3.91e-05,0.0002668,0.0002615,3.61e-05,0,-1.15e-05,0.0002527,-9.1e-06,0.0002457,-9.2e-06,0.0002439,0.0002362,-8.1e-06,-3.7e-05,0.0002263,0.0002243,0.0002182,0.0130141,0.0002349,0.0002334,-3.01e-05,0.0127013,0.0127013,-7.9e-06,-7.9e-06,-2.84e-05,0.0123798,-8.3e-06,0.0123797,-8.7e-06,0.0002759,0.000275,0.0002723,-1.07e-05,2.32e-05,0.0120508,0.0120506,0.0120507,3e-07,0.000299,0.0002992,-3e-07,0.0117118,-1.7e-06,0.0002982,2.23e-05,0.0113621,0.0113621,0.0113622,0.0113621,0.0003284,0.0003265,3.29e-05,6e-07,0.0110019,0.0110018,3.38e-05,8e-07,0.0110019,3.38e-05,0.0003422,0.0003453,0.0003402,1.4e-06,3.74e-05,3.74e-05,0.0106287,0.0106286,0.0106288,0.0106287,0.0106287,0.0003644,0.0003647,1e-07,0.0102419,0.010242,3.84e-05,0.0102419,4e-07,-3e-07,0.0102419,0.0003777,0.0102419,0.0003895,0.0003845,0.00984,0.0098402,0.0098398,0.00984,0.0098401,0.00984,0.0098402,4.72e-05,0.0098399,0.0098401,0.00984,0.0098402,0.000459,0.0004502,0.0094209,0.009421,0.0094207,0.0094211,0.0094209,0.009421,0.0094211,0.0094209,5.43e-05,0.0005822,2.14e-05,0.0094204,2.59e-05,0.0094204,0.0094204,0.0094204,0.0007058,0.0007029,0.0006654,2.33e-05,0.0089779,0.0089783,0.0089783,0.0089784,0.0089779,0.0089789,0.008978,3.37e-05,0.008978,0.001089,0.0010796,0.0010407,0.0010691,8.05e-05,8.7e-05,8.58e-05,6.27e-05,0.0084981,0.0084974,0.0084978,3.7e-05,0.0084989,0.0084978,0.0085003,3.06e-05,0.0014479,0.0013855,0.0014253,0.0084618,0.0014775,0.0014279,0.0014675,0.0079555,0.0079567,0.0079572,0.0079574,0.0079574,3.6e-05,0.0079573,0.0079599,0.0018311,0.001771,3.72e-05,0.001806,0.0018044,0.0017997,0.007364,0.0073643,0.0073652,0.0073638,0.0073652,0.0073668,0.0001126,0.0073719,0.0020056,0.0067792,0.0067835,0.0068312,0.0061263,0.0001448,0.0056098,0.0044719,0.0056774,0.0057282,0.0040057,4.99e-05,0.0051069,0.0035771,0.0035831,0.0036074,0.0055107,-0.0018107,-0.0018075,-0.0018129,0.0023092,-0.0048203,-0.0048203
6.54e-05,0.0001586,-0.000477,-0.0008695,-0.0001869,0.0010881,-0.0033419,-9.4e-06,-9.1e-06,-9e-06,-0.000142,6.1e-06,5.6e-06,6.2e-06,-0.000132,-7.9e-06,6.2e-06,-0.0026588,-7.9e-06,5.7e-06,-7.7e-06,-0.002554,9.17e-05,-0.0025133,-7.6e-06,-8.1e-06,-8.1e-06,-8.1e-06,-8e-06,-7.9e-06,7.5e-06,-6.8e-06,5.45e-05,0.0195271,5.24e-05,8.7e-06,5.2e-05,8.9e-06,8.8e-06,5.1e-06,4.93e-05,-0.0020616,0.0182644,4.03e-05,4.6e-06,-4.9e-06,3.81e-05,3.82e-05,3.75e-05,3.78e-05,3.71e-05,-2.4e-06,-6.8e-06,-0.0017959,3.28e-05,0.0161926,0.0161905,0.0161901,-0.0015181,-0.0015155,0.0159531,0.0159548,2.88e-05,2.8e-05,2.78e-05,-0.0012701,-0.001269,7.2e-06,0.0151976,0.0149351,8.2e-06,2.81e-05,2.81e-05,-0.0010509,-0.0010537,2.41e-05,-0.0010549,0.010133,6.3e-05,-1.7e-06,0.0147305,-1.3e-06,4.9e-06,0.0147311,2e-07,1.4e-06,0.0002631,0.0002579,3.3e-06,2.9e-05,3.13e-05,0.0002495,3.11e-05,0.0002423,3.15e-05,0.0002405,0.0002328,3e-05,8e-06,0.0002326,0.0002206,0.0002144,0.013014,0.0002312,0.0002297,6.9e-06,0.0127013,0.0127012,2.99e-05,2.99e-05,8.2e-06,0.0123798,5e-06,0.0123796,6.8e-06,0.0002848,0.0002708,0.0002682,1.47e-05,8e-07,0.0120505,0.0120505,0.0120505,1e-06,0.0002949,0.0002952,1e-06,0.0117118,3.32e-05,0.0002942,-7e-07,0.011362,0.0113622,0.011362,0.0113621,0.0003245,0.0003224,-5e-07,5e-07,0.0110018,0.0110018,3e-07,2e-07,0.0110019,3e-07,0.0003385,0.0003303,0.0003373,3.7e-06,4.8e-06,4.8e-06,0.0106287,0.0106286,0.0106287,0.0106287,0.0106287,0.0003614,0.0003618,-3.01e-05,0.0102418,0.0102418,6.7e-06,0.0102418,-3.03e-05,-3.4e-06,0.0102418,0.0003748,0.0102418,0.0003764,0.0003824,0.00984,0.0098401,0.0098398,0.00984,0.0098401,0.0098399,0.0098401,1.71e-05,0.0098398,0.0098401,0.0098401,0.0098401,0.0004472,0.000449,0.0094208,0.0094209,0.0094207,0.009421,0.0094208,0.009421,0.009421,0.0094208,2.49e-05,0.0005809,-9.8e-06,0.0094204,1.33e-05,0.0094204,0.0094203,0.0094203,0.0006967,0.0006944,0.0006652,-6.6e-06,0.0089779,0.0089785,0.0089785,0.0089786,0.0089778,0.008979,0.0089778,3.7e-06,0.0089779,0.001089,0.0010797,0.0010305,0.0010698,5.87e-05,6.12e-05,6.09e-05,4.93e-05,0.0084984,0.0084975,0.0084979,3.75e-05,0.0084992,0.0084981,0.0085005,2.09e-05,0.0014487,0.0013864,0.0014261,0.008462,0.0014783,0.0014288,0.0014682,0.0079557,0.0079569,0.0079574,0.0079576,0.0079576,2.67e-05,0.0079575,0.0079601,0.0018319,0.0017718,2.75e-05,0.0018067,0.0018051,0.0018004,0.0073642,0.0073645,0.0073653,0.0073639,0.0073654,0.0073669,8.4e-05,0.007372,0.0020104,0.0067793,0.0067836,0.0068313,0.006124,0.0001569,0.00561,0.0044722,0.0056752,0.0057289,0.0040061,2.8e-05,0.0051115,0.0035773,0.0035835,0.0036079,0.005513,-0.0018095,-0.0018063,-0.0018117,0.0023214,-0.0048159,-0.0048159
-0.0016065,-0.0049408,0.0144264,0.0272059,0.0052716,0.0277013,-0.0006405,0.0282433,0.0269697,0.0268235,0.0045934,-1.74e-05,0.000979,-0.0006181,0.0042864,0.0238831,-0.0006158,-0.0004241,0.0223632,-0.0005705,0.0220113,-0.0005324,-0.003383,-0.0004821,0.0207131,0.0016944,0.0016931,0.001694,0.0016761,0.0016603,-0.0198541,-0.0007658,-0.0035967,-2.39e-05,-0.0034698,-0.019179,-0.0034279,-0.0189886,-0.0187813,-0.0062045,-0.0029892,-0.0003373,-2.34e-05,-0.0029519,-0.0059688,0.0140844,-0.0025354,-0.0025338,-0.0025014,-0.0025009,-0.0024671,0.0131807,0.0139024,-0.0003228,-0.0026908,6.36e-05,-2.97e-05,-2.33e-05,-0.0002541,-0.0003306,1.02e-05,9.99e-05,-0.0026104,-0.0025727,-0.0025322,-0.0003245,-0.0002934,0.0113956,3.1e-06,-6.37e-05,-0.0042958,-0.0044311,-0.0041614,-0.0003062,-0.0003064,-0.0042683,-0.0003028,-0.0002414,-0.0038351,-1.97e-05,-4.1e-06,-0.0001508,0.0137137,-1.34e-05,0.003498,0.0145807,-8.16e-05,-7.88e-05,0.0139106,0.0039214,-0.0001894,-0.0001536,0.0005675,-0.0001343,0.0003831,-0.0001346,-0.0001335,0.0003497,-0.0131165,-0.0023678,9.2e-06,5.8e-06,4.8e-06,8e-06,7.9e-06,-0.0100916,-3.2e-06,4.8e-06,-3.53e-05,-5.3e-05,-0.0098663,6.1e-06,-0.0024003,5.6e-06,-0.0024448,0.0001081,7e-07,1.8e-06,-0.0030527,0.0089727,4.77e-05,3.3e-06,4.66e-05,0.0002675,1.2e-06,1.3e-06,3.69e-05,2.1e-06,9.2e-06,1.2e-06,0.0077678,2e-06,2.1e-06,3.47e-05,1.2e-06,1e-06,3.28e-05,0.0109952,0.0003111,3.38e-05,3e-07,0.0109961,0.0003894,4e-07,0.0109953,-1.5e-06,0.0037374,-0.0002666,0.0004666,0.0106179,0.0106179,-2.3e-06,-2.1e-06,2.92e-05,-4.4e-06,-4.4e-06,-0.0002258,-0.0002601,-2.99e-05,2.94e-05,2.85e-05,0.0102214,2.78e-05,1.79e-05,0.0001801,2.69e-05,-0.0002506,2.65e-05,0.003247,-0.000495,-9.4e-06,2.31e-05,-9.8e-06,-1.04e-05,-1.05e-05,-1.03e-05,2.23e-05,0.0098239,-1.09e-05,-1.16e-05,-1.15e-05,2.12e-05,-0.0004266,-0.0004567,2.32e-05,-1.07e-05,-1.02e-05,3.53e-05,3.41e-05,-1.4e-05,3.21e-05,4.09e-05,0.0093877,-0.000455,0.0010097,-1.3e-05,0.0049137,3.37e-05,3.95e-05,4.37e-05,0.0023936,0.0021922,-0.0008316,0.0010773,-2.07e-05,-2.75e-05,-2.75e-05,-2.76e-05,-1.8e-05,-1e-07,-1.82e-05,0.001095,-1.65e-05,-0.0008368,-0.0008368,-0.0004209,-0.0008353,0.0075734,0.0071919,0.0073474,0.0068258,2.9e-06,3.2e-05,3.43e-05,0.0052079,1.83e-05,5.45e-05,1.27e-05,0.0042778,-0.0008033,0.0009875,-0.0009555,5.81e-05,-0.0009359,0.0008387,-0.0011224,5.83e-05,3.63e-05,3.58e-05,5.18e-05,3.44e-05,0.0040697,7.84e-05,2.88e-05,-0.001053,0.0006255,0.0041284,-0.0012298,-0.0012393,-0.0012394,8.85e-05,9.67e-05,8.68e-05,9.98e-05,9.39e-05,9.77e-05,0.0064834,0.0001032,-0.0010928,0.0001028,9.98e-05,6.39e-05,0.0010945,-6.44e-05,-0.0010223,0.0006856,0.0008043,-0.0014366,0.0007336,0.0036162,-0.0014313,0.0007089,0.0006838,0.0006728,-6.14e-05,0.0012381,0.0012381,0.001238,-0.0007595,-7.4e-05,-7.4e-05
0.0202343,0.030086,0.0211408,-0.0030276,0.0097253,-0.0002543,-2.31e-05,-0.0004235,-0.0003915,-0.0003903,0.0085885,0.0236859,0.0231889,0.023074,0.0080086,0.0002302,0.0227531,9.53e-05,0.0002128,0.0211145,0.0002103,-0.0002211,-0.0072188,-4.41e-05,0.00016,-0.01967,-0.01967,-0.01967,-0.0194872,-0.0193024,-0.0032153,-0.0189298,-0.0065945,-3.96e-05,-0.0064769,-0.0010562,-0.0063971,-0.0010764,-0.0010651,0.016659,-0.0058758,0.0001459,3.72e-05,-0.0058064,0.0160514,0.0095842,-0.0056709,-0.0056706,-0.005596,-0.0055955,-0.0055208,0.0087798,-0.0089013,1.83e-05,-0.0061316,4.17e-05,2.19e-05,3.35e-05,0.0001065,9.45e-05,3.56e-05,4.45e-05,-0.0059458,-0.0058516,-0.0057473,9.21e-05,9.67e-05,-0.0095391,1.48e-05,6.4e-06,-0.0145228,-0.0025605,-0.0025784,0.0001612,0.0001527,-0.0014924,0.0001682,0.0001255,-0.0013413,0.0144156,2.3e-05,0.0143772,0.0035529,0.0001825,0.0143478,0.00039,0.0002125,0.0002423,0.002978,-0.0023807,-0.0030469,0.0002384,-0.0020271,0.0002126,-0.0022743,0.0002115,0.0002094,-0.0021489,-0.0019642,0.0039887,-3.32e-05,-2.51e-05,1.6e-06,-3.01e-05,-2.98e-05,0.0070797,5.67e-05,2e-07,-0.0014781,-0.0014778,0.0068111,-6.2e-06,0.0119102,-4.2e-06,0.0117734,-0.000537,2.7e-06,-2.9e-06,0.010288,0.008206,1.88e-05,5e-07,1.83e-05,0.0120391,1e-07,-4e-07,0.0116952,-3e-07,8.24e-05,0,0.0090271,1e-07,0,1.2e-06,-1e-07,1e-07,1.2e-06,0.0005245,0.0109943,8e-07,2e-07,0.0003894,0.0109959,1e-06,0.0002699,1e-06,4.77e-05,-2.4e-06,0.0109407,0.0001616,0.0001643,3.24e-05,3.17e-05,-1.5e-06,-1.5e-06,-1.5e-06,-3.4e-06,-3.4e-06,0.0013478,-1.5e-06,-1.5e-06,-0.0001588,-1e-06,0.0006139,-0.0101995,-4e-07,-3.2e-06,-5e-07,0.0001081,-1.12e-05,-1.6e-06,-5e-07,-2e-07,-1.6e-06,-1.6e-06,-3e-07,-6e-07,0.0001955,-4e-07,-1.7e-06,-1.7e-06,-3e-07,0.0001211,-1.96e-05,-4e-07,-6e-07,-1e-07,0,0,-8e-07,-2e-07,2e-07,-0.0001566,-1.92e-05,-0.0006023,-4e-06,-0.0077966,2.57e-05,2.89e-05,3.13e-05,0.0015634,0.0014525,-0.0002455,-0.0008825,-1.59e-05,-1.18e-05,-1.18e-05,-1.19e-05,-1.82e-05,4.2e-06,-2.07e-05,-0.0009158,-2.28e-05,-0.000241,-0.000241,-0.0005211,-0.0002043,0.0040521,0.0045443,0.0043972,0.0046409,-8e-07,-4.71e-05,-5.2e-05,0.0041515,2.02e-05,4.88e-05,1.67e-05,-0.0070992,-0.0001962,0.0012202,-0.0003189,-4.78e-05,-0.0003029,0.0011047,-0.0004539,2.84e-05,1.11e-05,1.09e-05,-1.57e-05,1.29e-05,-0.0066709,4.82e-05,9.4e-06,-0.0004259,0.0009055,-0.0066488,-0.0006021,-0.0005709,-0.000571,3.26e-05,4.8e-06,3.45e-05,-3.8e-06,1.12e-05,-6e-06,-0.0021338,5.7e-05,-0.0024101,5.02e-05,7.87e-05,7.71e-05,0.000775,-0.0056209,-0.0001352,7.3e-05,0.0006897,-0.0003081,6.41e-05,-0.0036805,-0.0015275,5.73e-05,5.8e-05,2.18e-05,-0.0005983,-0.000259,-0.0002581,-0.0002597,-0.0038883,-0.0014719,-0.0014719
6.32e-05,0.0001586,-0.0004695,-0.000863,-0.0001817,0.0010785,-0.0033128,-9.6e-06,-9.2e-06,-9.1e-06,-0.0001376,6.6e-06,6.1e-06,6.7e-06,-0.0001278,-8e-06,6.7e-06,-0.0026356,-7.9e-06,6.2e-06,-7.8e-06,-0.0025318,8.82e-05,-0.0024915,-7.7e-06,-8.5e-06,-8.5e-06,-8.5e-06,-8.4e-06,-8.3e-06,7.5e-06,-7.2e-06,5.16e-05,0.0195296,4.95e-05,8.7e-06,4.92e-05,8.9e-06,8.8e-06,5.4e-06,4.66e-05,-0.002043,0.0182668,3.77e-05,4.9e-06,-4.8e-06,3.56e-05,3.57e-05,3.51e-05,3.54e-05,3.47e-05,-2.4e-06,-7e-06,-0.0017791,3.05e-05,0.0161947,0.0161926,0.0161923,-0.0015018,-0.0014992,0.0159551,0.0159568,2.66e-05,2.58e-05,2.56e-05,-0.0012545,-0.0012535,6.5e-06,0.0151995,0.0149369,7.3e-06,2.62e-05,2.63e-05,-0.0010358,-0.0010387,2.23e-05,-0.0010398,0.0101442,6.8e-05,-1.1e-06,0.0147315,-7e-07,4.8e-06,0.0147321,1e-06,1.4e-06,0.000278,0.0002728,3.3e-06,2.77e-05,2.99e-05,0.0002641,2.98e-05,0.0002566,3.01e-05,0.0002548,0.0002469,2.88e-05,7.6e-06,0.0002454,0.000234,0.0002275,0.0130143,0.0002443,0.0002429,7.2e-06,0.0127015,0.0127015,2.88e-05,2.88e-05,8.5e-06,0.01238,5.7e-06,0.0123799,7.5e-06,0.0002961,0.0002833,0.0002807,1.52e-05,1.3e-06,0.0120507,0.0120507,0.0120507,1.9e-06,0.0003071,0.0003073,1.8e-06,0.0117119,3.25e-05,0.0003061,0,0.0113621,0.0113623,0.0113621,0.0113622,0.0003359,0.0003339,-4e-07,1.3e-06,0.0110019,0.0110019,4e-07,1e-06,0.011002,3e-07,0.0003496,0.0003408,0.0003484,4.5e-06,5.1e-06,5.1e-06,0.0106287,0.0106286,0.0106287,0.0106287,0.0106287,0.0003722,0.0003726,-2.92e-05,0.0102418,0.0102418,6.9e-06,0.0102418,-2.94e-05,-4.1e-06,0.0102418,0.0003852,0.0102418,0.0003862,0.0003927,0.0098399,0.00984,0.0098397,0.00984,0.00984,0.0098399,0.00984,1.76e-05,0.0098398,0.00984,0.00984,0.00984,0.0004567,0.0004585,0.0094207,0.0094208,0.0094206,0.0094209,0.0094207,0.0094209,0.0094209,0.0094207,2.54e-05,0.0005903,-8.8e-06,0.0094203,1.28e-05,0.0094202,0.0094202,0.0094202,0.0007058,0.0007036,0.0006742,-5.7e-06,0.0089776,0.0089782,0.0089782,0.0089783,0.0089775,0.0089787,0.0089776,4.6e-06,0.0089776,0.001098,0.0010886,0.0010392,0.0010787,5.98e-05,6.25e-05,6.21e-05,5.02e-05,0.0084978,0.0084969,0.0084973,3.78e-05,0.0084986,0.0084975,0.0085,2.05e-05,0.0014571,0.0013944,0.0014345,0.008461,0.0014867,0.0014368,0.0014766,0.0079546,0.0079558,0.0079563,0.0079565,0.0079565,2.63e-05,0.0079564,0.0079591,0.0018397,0.0017794,2.71e-05,0.0018145,0.0018128,0.0018081,0.0073627,0.007363,0.0073639,0.0073624,0.0073639,0.0073655,8.48e-05,0.0073705,0.0020168,0.0067777,0.006782,0.00683,0.006127,0.0001564,0.005614,0.0044669,0.0056792,0.0057326,0.0040004,2.83e-05,0.0051146,0.003572,0.0035783,0.0036027,0.0055098,-0.0018148,-0.0018116,-0.0018169,0.0023208,-0.0048141,-0.0048141
-0.0018605,-0.0052745,0.0142227,0.0272324,0.005202,0.027708,-0.0006436,0.0282507,0.0269767,0.0268305,0.0045322,-0.0002854,0.0007167,-0.0008793,0.0042293,0.0238827,-0.0008734,-0.0004274,0.0223629,-0.0008096,0.022011,-0.0005328,-0.0033314,-0.0004844,0.020713,0.0019172,0.0019158,0.0019167,0.0018968,0.0018789,-0.0198199,-0.0005516,-0.0035497,-2.36e-05,-0.0034232,-0.0191693,-0.0033823,-0.0189789,-0.0187716,-0.0063938,-0.0029482,-0.0003408,-2.4e-05,-0.0029115,-0.0061513,0.0139772,-0.0024953,-0.0024936,-0.0024617,-0.0024613,-0.0024279,0.0130814,0.0140044,-0.0003246,-0.0026442,6.3e-05,-3.02e-05,-2.38e-05,-0.0002568,-0.0003332,9.6e-06,9.93e-05,-0.0025652,-0.0025282,-0.0024885,-0.000327,-0.0002959,0.0115001,2.8e-06,-6.41e-05,-0.0041382,-0.0044225,-0.0041526,-0.0003093,-0.0003094,-0.0042715,-0.0003059,-0.0002437,-0.0038384,-0.0001805,-4.4e-06,-0.0003114,0.0136737,-1.55e-05,0.0033409,0.0145782,-8.44e-05,-8.2e-05,0.0138785,0.0039312,-0.0001742,-0.0001568,0.000572,-0.0001371,0.0003902,-0.0001375,-0.0001363,0.0003566,-0.0131014,-0.0024133,9.2e-06,5.8e-06,4.7e-06,8e-06,7.9e-06,-0.0101743,-3.9e-06,4.8e-06,-3.52e-05,-5.29e-05,-0.0099461,6.1e-06,-0.0025329,5.6e-06,-0.0025769,0.0001083,6e-07,1.7e-06,-0.0031723,0.0088843,4.75e-05,3.3e-06,4.64e-05,0.0001362,1.1e-06,1.2e-06,-9.07e-05,2.1e-06,-6.5e-06,1.2e-06,0.0076719,2e-06,2e-06,3.47e-05,1.2e-06,1e-06,3.28e-05,0.0109929,0.0001914,3.38e-05,3e-07,0.0109953,0.0002699,3e-07,0.0109958,-1.6e-06,0.0037381,-0.0002667,0.0003464,0.0106195,0.0106195,-2.7e-06,-2.4e-06,2.92e-05,-4.4e-06,-4.4e-06,-0.0002258,-0.0002601,-3.17e-05,2.94e-05,2.85e-05,0.0102265,2.78e-05,2.41e-05,0.000292,2.69e-05,-0.0002507,2.65e-05,0.0032468,-0.000495,-9.3e-06,2.32e-05,-9.8e-06,-1.04e-05,-1.05e-05,-1.02e-05,2.23e-05,0.0098249,-1.09e-05,-1.16e-05,-1.15e-05,2.12e-05,-0.0004238,-0.0004569,2.32e-05,-1.07e-05,-1.01e-05,3.53e-05,3.41e-05,-1.4e-05,3.21e-05,4.09e-05,0.0093926,-0.0004551,0.0010284,-1.29e-05,0.0049989,3.34e-05,3.92e-05,4.33e-05,0.0023768,0.0021765,-0.0008293,0.0010985,-2.05e-05,-2.74e-05,-2.73e-05,-2.75e-05,-1.77e-05,-2e-07,-1.78e-05,0.0011165,-1.62e-05,-0.0008347,-0.0008347,-0.0004118,-0.0008339,0.0075311,0.0071464,0.007303,0.0067743,2.8e-06,3.25e-05,3.49e-05,0.0051575,1.81e-05,5.39e-05,1.25e-05,0.0043548,-0.0008019,0.0009718,-0.0009526,5.86e-05,-0.0009332,0.0008244,-0.0011179,5.8e-05,3.62e-05,3.57e-05,5.2e-05,3.43e-05,0.0041421,7.79e-05,2.87e-05,-0.0010488,0.0006136,0.0042007,-0.0012235,-0.0012333,-0.0012334,8.82e-05,9.67e-05,8.65e-05,9.99e-05,9.38e-05,9.78e-05,0.0065122,0.0001026,-0.0010685,0.0001023,9.9e-05,6.31e-05,0.0010856,-8.4e-06,-0.0010205,0.0006848,0.0007964,-0.0014327,0.0007328,0.0036618,-0.0014157,0.0007083,0.0006831,0.0006725,-5.54e-05,0.0012399,0.00124,0.0012399,-0.0007217,-6e-05,-6e-05
-0.0017682,-0.0020038,0.0045256,0.0074483,0.0024336,-0.0092516,0.0288136,0.0002169,0.0002074,0.0002059,0.0019545,-0.0006849,-0.0006625,-0.000672,0.0018191,0.0001669,-0.0006641,0.0229335,0.0001605,-0.0006158,0.000158,0.0220157,-0.0014015,0.0216651,0.0001486,0.0006028,0.0006028,0.0006028,0.0005972,0.0005915,-7.29e-05,0.0005607,-0.0010295,0.0030403,-0.0009884,-0.0001414,-0.0009875,-0.0001451,-0.0001436,-0.0005528,-0.0009462,0.0183714,0.0028487,-0.0008578,-0.0005326,-0.000173,-0.0008084,-0.0008093,-0.0007969,-0.0007997,-0.0007867,-0.0002064,0.0003739,0.0165964,-0.0007141,0.002501,0.0025176,0.0025215,0.0161443,0.0161437,0.0024027,0.0023848,-0.0006308,-0.0006167,-0.0006095,0.0154147,0.0154149,0.0002052,0.0021996,0.0021363,0.0001522,-0.0006273,-0.0006251,0.0149119,0.0149117,-0.0005953,0.0149114,0.0113786,0.006035,-0.0002928,0.0013719,-0.000297,-2.97e-05,0.0013425,-0.0002252,7.94e-05,0.014744,0.014743,1.94e-05,-6.33e-05,-0.0001046,0.0144664,-0.0001054,0.0141873,-9.98e-05,0.014187,0.0139006,-8.79e-05,-0.0001358,0.0124117,0.0133119,0.0130066,0.0006523,0.0130064,0.0130064,-8.6e-06,0.0005753,0.0005843,-6.39e-05,-6.55e-05,-9.4e-06,0.000555,-1.7e-06,0.0005701,-1.21e-05,0.0115566,0.0123736,0.0123736,5.83e-05,1e-07,0.0004761,0.0004799,0.0004785,1.7e-06,0.0120432,0.0120433,1.7e-06,0.000415,0.0001437,0.011704,-2e-06,0.0003977,0.0003886,0.0003988,0.000394,0.0113524,0.0113524,-1.5e-06,1.3e-06,0.0003422,0.0003385,-1.5e-06,1e-06,0.0003496,-1.6e-06,0.0109924,0.0103363,0.0109892,9.7e-06,0.0002544,0.0002544,0.0002865,0.0002769,0.000287,0.0002882,0.0002894,0.0106166,0.0106158,7.52e-05,0.0002403,0.0002436,0.000247,0.0002402,7.73e-05,6.4e-06,0.0002426,0.0102277,0.0002246,0.0097009,0.010218,0.0001872,0.0001929,0.0001812,0.0001916,0.0001939,0.0001898,0.0001927,0.0004725,0.0001863,0.0001963,0.0001949,0.0001942,0.0092231,0.009397,0.0001334,0.0001433,0.0001327,0.0001422,0.0001349,0.000146,0.0001416,0.0001384,0.000457,0.0093956,0.0003346,0.0001083,0.0002152,0.000104,0.0001026,0.0001058,0.0089641,0.0090326,0.0089249,0.0003245,-4.22e-05,-3.14e-05,-3.16e-05,-2.97e-05,-3.9e-05,-2.05e-05,-3.25e-05,0.0003235,-2.64e-05,0.0088931,0.008894,0.0084487,0.008889,0.0007953,0.0008443,0.0008363,0.0006472,-0.0003786,-0.0003868,-0.0003819,0.0004298,-0.000368,-0.0003766,-0.0003497,0.0002038,0.0083816,0.0080034,0.0083713,-0.000751,0.0083661,0.0080679,0.0083419,-0.0008828,-0.0008749,-0.0008712,-0.00087,-0.00087,0.0001976,-0.0008685,-0.0008516,0.0077881,0.007606,0.0002079,0.0077556,0.0077563,0.0077572,-0.0012762,-0.0012753,-0.0012705,-0.0012779,-0.0012705,-0.0012631,0.0008042,-0.0012363,0.006689,-0.0013586,-0.0013378,-0.0011119,0.0031459,0.0002319,0.0041193,-0.0051388,0.0040275,0.0037514,-0.005507,0.0003227,0.0032843,-0.0050807,-0.005078,-0.0050606,-0.0029062,-0.0051635,-0.0051648,-0.0051626,2.87e-05,0.0019097,0.0019097
-0.0024964,-0.0038186,0.0090838,0.0162268,0.0041401,0.0007116,0.0268611,0.009795,0.0093535,0.0093024,0.0034528,-0.0008747,-0.0005107,-0.0010608,0.0032177,0.0082617,-0.0010496,0.0214092,0.00774,-0.0009733,0.0076183,0.0205096,-0.0025131,0.0201962,0.0071685,0.0013288,0.0013283,0.0013286,0.0013156,0.0013031,-0.0067784,0.000447,-0.0022319,0.0028719,-0.002148,-0.006635,-0.0021337,-0.0065742,-0.0065024,-0.0027844,-0.0019465,0.0171502,0.0026898,-0.0018502,-0.0026801,0.0045271,-0.0016589,-0.0016592,-0.0016361,-0.0016385,-0.0016143,0.004192,0.005155,0.0154889,-0.0016136,0.0023902,0.0023741,0.00238,0.0150867,0.0150603,0.0022795,0.002293,-0.0015072,-0.0014807,-0.0014598,0.0143775,0.0143882,0.0041343,0.0020855,0.0020024,-0.0012017,-0.0021471,-0.0020534,0.0139109,0.0139107,-0.0020709,0.0139116,0.0106243,0.0043159,-0.0004096,0.0013045,-0.0004586,0.004589,0.0012721,0.0008584,0.0050223,0.0138335,0.0138331,0.0047132,0.0012263,-0.0002084,0.0135476,4.11e-05,0.013292,-1.43e-05,0.0132917,0.0130228,-1.13e-05,-0.0045842,0.0108295,0.0125199,0.0122319,0.0006292,0.0122324,0.0122324,-0.0035071,0.0005532,0.0005649,-0.0001224,-0.0001299,-0.0034296,0.0005373,-0.0009202,0.0005514,-0.0009475,0.0108868,0.0116359,0.0116361,-0.00109,0.002982,0.000477,0.0004656,0.0004789,-2.8e-06,0.0113254,0.0113254,-7.85e-05,0.0004036,8.03e-05,0.0110064,0.0025707,0.0003871,0.0003784,0.0003992,0.0003832,0.0106759,0.0106867,0.003736,2.08e-05,0.0003453,0.0003303,0.0037374,4.77e-05,0.0003408,0.0037381,0.0103363,0.0109916,0.0102432,7.72e-05,0.0038514,0.0038514,0.00028,0.0002711,0.0002915,0.0002811,0.0002823,0.0099069,0.0098945,9.97e-05,0.0002472,0.00025,0.0037126,0.0002466,0.000124,0.0001502,0.0002486,0.0095328,0.0002315,0.0102266,0.0094406,0.0001836,0.0002001,0.000178,0.0001874,0.0001895,0.0001859,0.0001996,0.003786,0.0001824,0.0001915,0.0001901,0.0002006,0.0085437,0.0086807,0.0001436,0.0001416,0.0001318,0.000156,0.0001487,0.000143,0.0001543,0.0001543,0.0036265,0.0086801,0.0007087,0.0001079,0.0019308,0.0001193,0.0001199,0.0001244,0.0092304,0.0092273,0.0081115,0.000722,-3.66e-05,-2.9e-05,-2.91e-05,-2.74e-05,-3.25e-05,-9.6e-06,-2.64e-05,0.0007273,-2e-05,0.00808,0.0080807,0.0078205,0.0080752,0.0032913,0.0032122,0.0032565,0.002883,-0.0003458,-0.0003433,-0.0003379,0.0021174,-0.0003308,-0.000327,-0.0003155,0.0016967,0.0076093,0.0078432,0.0075496,-0.0006768,0.0075512,0.0078549,0.0074671,-0.0008018,-0.0008017,-0.0007983,-0.0007915,-0.0007977,0.0016171,-0.0007818,-0.0007823,0.0069701,0.0073513,0.001647,0.0068817,0.006879,0.0068798,-0.001162,-0.0011582,-0.0011572,-0.0011596,-0.0011547,-0.0011463,0.0029931,-0.0011197,0.0059328,-0.0012354,-0.001217,-0.0010166,0.0033281,0.0002201,0.0035354,-0.0045956,0.0040592,0.0030513,-0.004926,0.0015801,0.0026166,-0.0045338,-0.00454,-0.0045272,-0.0027448,-0.0044395,-0.0044407,-0.0044386,-0.0002151,0.0017688,0.0017688
-0.001719,-0.001868,0.0041885,0.0067878,0.0023121,-0.0099177,0.0288211,-0.000465,-0.0004437,-0.0004417,0.0018487,-0.0006718,-0.0006737,-0.0006447,0.0017205,-0.0004094,-0.0006371,0.0229374,-0.0003792,-0.0005908,-0.0003731,0.0220223,-0.0013242,0.0216706,-0.0003513,0.0005514,0.0005514,0.0005514,0.0005463,0.0005411,0.0004045,0.0005691,-0.0009468,0.0030381,-0.0009086,0.0003209,-0.0009087,0.0003126,0.0003091,-0.0003941,-0.0008777,0.0183745,0.0028467,-0.0007901,-0.0003799,-0.0005077,-0.0007507,-0.0007517,-0.00074,-0.0007428,-0.0007306,-0.0005198,3.36e-05,0.0165996,-0.0006529,0.0024972,0.002516,0.0025198,0.016146,0.0161472,0.0024003,0.0023802,-0.0005714,-0.0005582,-0.0005519,0.0154182,0.0154177,-7.5e-05,0.0021974,0.0021358,0.0002479,-0.0005222,-0.0005264,0.0149152,0.014915,-0.0004936,0.0149146,0.0113802,0.0061245,-0.0002846,0.0013702,-0.0002856,-0.0003588,0.0013411,-0.0003018,-0.0002723,0.0147418,0.0147408,-0.0003148,-0.0001598,-0.0001022,0.0144661,-0.0001207,0.0141865,-0.0001108,0.0141863,0.0138999,-9.8e-05,0.0001796,0.0124674,0.0133078,0.0130027,0.0006507,0.0130024,0.0130025,0.0002386,0.000574,0.0005827,-6.43e-05,-6.55e-05,0.0002322,0.0005535,6.26e-05,0.0005686,5.32e-05,0.0115502,0.01237,0.0123699,0.0001372,-0.000212,0.0004736,0.0004785,0.0004761,1.7e-06,0.0120397,0.0120397,7.1e-06,0.0004137,0.000143,0.0117006,-0.0001846,0.0003964,0.0003874,0.0003967,0.0003928,0.0113491,0.0113484,-0.0002665,-2e-07,0.0003402,0.0003373,-0.0002666,-2.4e-06,0.0003484,-0.0002667,0.0109892,0.0102432,0.0109925,4.4e-06,-1.8e-06,-1.8e-06,0.0002854,0.0002759,0.0002852,0.0002871,0.0002884,0.010619,0.010619,7.7e-05,0.0002385,0.0002419,2e-07,0.0002385,7.76e-05,-3.4e-06,0.0002409,0.0102308,0.0002229,0.0096198,0.010227,0.0001864,0.0001914,0.0001805,0.0001909,0.0001931,0.000189,0.0001911,0.0002355,0.0001855,0.0001956,0.0001941,0.0001927,0.0092309,0.0094053,0.0001318,0.0001426,0.000132,0.0001404,0.0001331,0.0001454,0.0001398,0.0001365,0.0002303,0.0094038,0.0003102,0.0001077,9.23e-05,0.0001023,0.0001007,0.0001038,0.0089045,0.0089779,0.0089422,0.0002983,-4.26e-05,-3.17e-05,-3.18e-05,-2.99e-05,-3.95e-05,-2.14e-05,-3.3e-05,0.0002968,-2.69e-05,0.0089105,0.0089114,0.0084562,0.0089063,0.0006145,0.000673,0.0006612,0.0004847,-0.0003794,-0.0003884,-0.0003835,0.0003061,-0.0003692,-0.0003786,-0.0003507,9.67e-05,0.0083983,0.0079777,0.0083916,-0.000753,0.0083859,0.0080457,0.0083662,-0.0008847,-0.0008763,-0.0008726,-0.0008717,-0.0008714,9.57e-05,-0.0008709,-0.0008529,0.0078108,0.007589,0.0001046,0.0077826,0.0077835,0.0077844,-0.0012787,-0.001278,-0.0012729,-0.0012807,-0.0012732,-0.0012658,0.0006465,-0.0012391,0.0067119,-0.0013613,-0.0013405,-0.0011137,0.0031184,0.0002301,0.0041422,-0.0051542,0.0040068,0.0037843,-0.0055234,0.0002335,0.0033166,-0.0050967,-0.0050934,-0.0050757,-0.0029048,-0.0051919,-0.0051932,-0.005191,4.46e-05,0.0019105,0.0019105
0.0227446,0.0302666,0.0194189,-0.001635,0.0069887,0.0003162,0.0002374,0.0002538,0.0002549,0.0002531,0.0061555,0.0243753,0.0238871,0.0237314,0.0057383,0.0008198,0.0234031,0.0002716,0.0007649,0.0217175,0.0007536,9e-07,-0.0051616,0.0001666,0.0006823,-0.0202035,-0.0202035,-0.0202035,-0.0200157,-0.019826,-0.0037732,-0.0195007,-0.004727,-2.51e-05,-0.0046682,-0.0015184,-0.004585,-0.0015246,-0.0015083,0.0170014,-0.0041287,0.0002972,5.27e-05,-0.0040792,0.0163897,0.0102119,-0.0040261,-0.0040258,-0.003973,-0.0039725,-0.00392,0.0094534,-0.0088172,0.0001376,-0.0046065,5.77e-05,3.85e-05,4.7e-05,0.0002256,0.0002126,4.93e-05,6.07e-05,-0.0044659,-0.004395,-0.0043141,0.0002005,0.000206,-0.0091845,2.69e-05,2.94e-05,-0.0145529,-0.0011688,-0.001177,0.0002646,0.0002561,-8.61e-05,0.0002703,2e-04,-4.45e-05,0.0146466,2.72e-05,0.0146224,0.0040814,0.0001919,0.0144647,0.000717,0.000256,0.0002879,0.003376,-0.0009728,-0.0016206,0.0002844,-0.0006123,0.0002549,-0.0008625,0.0002542,0.0002497,-0.0008245,-0.0018767,0.0040625,3.5e-06,6.1e-06,3.3e-06,4.3e-06,4.4e-06,0.0071669,5.88e-05,1.7e-06,-0.0002125,-0.0002123,0.0069129,-1e-07,0.0120108,5e-07,0.0119441,-8.64e-05,1.03e-05,9.4e-06,0.0107352,0.0083785,1.98e-05,1.2e-06,1.93e-05,0.0120089,7.3e-06,9.9e-06,0.0116626,3.6e-06,0.00125,9.3e-06,0.009042,6e-07,5.1e-06,1.9e-06,5e-06,5.9e-06,7.2e-06,0.0006033,0.0109496,1.4e-06,3.7e-06,0.0004666,0.0109407,4.5e-06,0.0003464,9.7e-06,7.72e-05,4.4e-06,0.0109958,0.0002317,0.0002345,3.28e-05,3.2e-05,-1.3e-06,-1.5e-06,-1.5e-06,0,-2e-07,0.0003281,-1.2e-06,-1.2e-06,-0.0001012,-7e-07,-0.0004086,-0.0102132,-2e-07,-2e-06,-2e-07,0.0001376,-1.16e-05,-1.6e-06,-3e-07,-3.5e-06,-1.6e-06,-1.6e-06,-3.5e-06,-2e-07,0.0002622,-3.5e-06,-1.5e-06,-1.5e-06,2e-07,-0.0002114,3.4e-06,5e-07,-3.2e-06,-4e-06,1.2e-06,1.2e-06,-3.2e-06,1.1e-06,1.6e-06,-0.0001084,7e-07,-0.0015228,-6.3e-06,-0.0076288,2.72e-05,3.04e-05,3.29e-05,0.0016176,0.0015048,-0.0002316,-0.0017539,-2e-05,-1.12e-05,-1.12e-05,-1.13e-05,-2.48e-05,5.4e-06,-2.87e-05,-0.0017865,-3.24e-05,-0.0002213,-0.0002213,-0.000799,-0.000163,0.0041294,0.0044444,0.0043444,0.0049136,8e-07,-4.43e-05,-4.9e-05,0.0047094,2.39e-05,5.61e-05,2e-05,-0.0069068,-0.0001557,0.0014451,-0.0002947,-4.76e-05,-0.0002767,0.0013148,-0.0004478,2.83e-05,8.8e-06,8.6e-06,-1.73e-05,1.05e-05,-0.0064901,5.05e-05,6.7e-06,-0.0004204,0.0010862,-0.0064774,-0.0006153,-0.0005858,-0.0005858,2.94e-05,3e-06,3.12e-05,-5.1e-06,9.1e-06,-7.2e-06,-0.0023591,5.46e-05,-0.0022742,4.71e-05,7.32e-05,7e-05,0.0008474,-0.0051842,-0.0001906,9.48e-05,0.0007472,-0.0003937,8.83e-05,-0.0039893,-0.0014812,7.8e-05,8.24e-05,4.92e-05,-0.0005615,-0.0001425,-0.0001416,-0.0001431,-0.0035361,-0.0013013,-0.0013013
-0.002126,-0.0054283,0.0137226,0.0264606,0.005103,0.0265373,4.1e-05,0.0272802,0.0260498,0.0259086,0.0044429,-0.0005379,0.0004352,-0.0011045,0.004146,0.0230558,-0.0010954,0.0001148,0.0215888,-0.0010156,0.021249,-7.4e-06,-0.0032674,3e-05,0.0199959,0.0020694,0.0020682,0.002069,0.0020478,0.0020284,-0.0191014,-0.0003225,-0.0034678,4.21e-05,-0.0033434,-0.0184982,-0.0033046,-0.0183146,-0.0181145,-0.0063585,-0.0028865,9.24e-05,3.7e-05,-0.0028487,-0.0061179,0.0133885,-0.0024434,-0.0024418,-0.0024105,-0.0024101,-0.0023774,0.0125276,0.0136198,6.91e-05,-0.002576,0.0001135,2.4e-05,3.03e-05,0.0001232,4.95e-05,5.98e-05,0.0001459,-0.0024977,-0.0024615,-0.0024231,3.88e-05,6.87e-05,0.0111911,4.9e-05,-1.75e-05,-0.0038599,-0.00432,-0.0040594,4.37e-05,4.36e-05,-0.0041838,4.69e-05,2.28e-05,-0.0036076,-0.0003235,2.31e-05,-0.0004503,0.0131581,1e-05,0.0030859,0.0140719,0.0002586,0.0002605,0.0133677,0.0037629,-0.0001996,0.0001818,0.0005125,0.0001947,0.0003393,0.0001944,0.0001889,0.0003095,-0.0126483,-0.0020823,0.0003182,0.0003079,1.59e-05,0.0003099,0.0003098,-0.0099003,5.4e-06,1.45e-05,-7.25e-05,-8.96e-05,-0.009678,1.5e-05,-0.0025615,1.5e-05,-0.0026057,0.0003611,0.0002888,0.0002897,-0.0031768,0.0085022,5.33e-05,1.08e-05,5.22e-05,2.18e-05,0.0002816,0.0002816,-0.0001942,8.1e-06,-5.03e-05,0.0002736,0.0073294,7.8e-06,7.5e-06,3.94e-05,6.8e-06,0.0002655,0.0002962,0.0106143,8.53e-05,3.74e-05,4.8e-06,0.0106179,0.0001616,5.1e-06,0.0106195,0.0002544,0.0038514,-1.8e-06,0.0002317,0.0102632,0.0102631,7e-07,7e-07,3.18e-05,-6e-07,-6e-07,2.92e-05,-3.9e-06,-6e-07,3.1e-05,3.03e-05,0.0098867,2.95e-05,6.03e-05,0.000377,2.87e-05,-3.8e-06,2.79e-05,0.0033613,-0.00024,-7.5e-06,2.4e-05,-8e-06,-8.4e-06,-8.5e-06,-8.2e-06,2.31e-05,0.0095002,-8.9e-06,-9.5e-06,-9.5e-06,2.21e-05,-0.0001823,-0.0002231,2.28e-05,-9.6e-06,-9.3e-06,3.46e-05,3.33e-05,-1.27e-05,3.15e-05,3.99e-05,0.0090861,-0.0002214,0.0010439,-1.26e-05,0.0049006,3.17e-05,3.71e-05,4.12e-05,0.002489,0.0022981,-0.0005917,0.001112,-2.31e-05,-2.97e-05,-2.97e-05,-2.98e-05,-2.03e-05,-3.4e-06,-2.01e-05,0.0011296,-1.83e-05,-0.000598,-0.000598,-0.0001853,-0.0005985,0.0072553,0.0068872,0.0070378,0.0065072,-8.6e-06,2.02e-05,2.27e-05,0.004933,6.1e-06,4.01e-05,1.1e-06,0.0042706,-0.0005796,0.001105,-0.0007237,3.71e-05,-0.0007053,0.0009657,-0.0008822,3.29e-05,1.22e-05,1.18e-05,2.78e-05,1.05e-05,0.0040614,5.21e-05,5.6e-06,-0.0008286,0.0007542,0.0041184,-0.0009958,-0.0010055,-0.0010055,5.31e-05,6.16e-05,5.16e-05,6.46e-05,5.89e-05,6.3e-05,0.0063401,6.78e-05,-0.0008603,6.49e-05,6.2e-05,3.26e-05,0.0011105,3.16e-05,-0.0008882,0.000539,0.0008532,-0.0012923,0.0005769,0.0035922,-0.0012806,0.0005635,0.0005391,0.0005294,-0.0001189,0.0010759,0.001076,0.0010759,-0.0006755,-5.3e-06,-5.3e-06
-0.00212,-0.0054205,0.0137273,0.02646,0.0051045,0.0265372,4.1e-05,0.02728,0.0260497,0.0259085,0.0044443,-0.0005316,0.0004413,-0.0010984,0.0041472,0.0230558,-0.0010893,0.0001149,0.0215888,-0.00101,0.021249,-7.4e-06,-0.0032685,3.01e-05,0.0199959,0.0020642,0.002063,0.0020638,0.0020426,0.0020233,-0.0191022,-0.0003275,-0.0034688,4.21e-05,-0.0033444,-0.0184984,-0.0033056,-0.0183148,-0.0181148,-0.0063541,-0.0028874,9.25e-05,3.7e-05,-0.0028496,-0.0061137,0.013391,-0.0024442,-0.0024427,-0.0024114,-0.002411,-0.0023783,0.0125299,0.0136174,6.91e-05,-0.002577,0.0001135,2.4e-05,3.03e-05,0.0001232,4.95e-05,5.98e-05,0.0001459,-0.0024987,-0.0024625,-0.002424,3.89e-05,6.88e-05,0.0111886,4.9e-05,-1.74e-05,-0.0038636,-0.0043202,-0.0040595,4.37e-05,4.37e-05,-0.0041837,4.7e-05,2.29e-05,-0.0036075,-0.0003197,2.31e-05,-0.0004465,0.013159,1e-05,0.0030896,0.0140719,0.0002587,0.0002606,0.0133685,0.0037627,-0.0001999,0.0001819,0.0005124,0.0001948,0.0003392,0.0001944,0.000189,0.0003093,-0.0126486,-0.0020812,0.0003182,0.0003079,1.59e-05,0.0003099,0.0003098,-0.0098984,5.4e-06,1.45e-05,-7.24e-05,-8.96e-05,-0.0096761,1.5e-05,-0.0025584,1.5e-05,-0.0026027,0.0003611,0.0002888,0.0002897,-0.003174,0.0085043,5.33e-05,1.08e-05,5.23e-05,2.48e-05,0.0002816,0.0002816,-0.0001912,8.1e-06,-4.99e-05,0.0002736,0.0073316,7.8e-06,7.5e-06,3.94e-05,6.8e-06,0.0002655,0.0002962,0.0106143,8.81e-05,3.74e-05,4.8e-06,0.0106179,0.0001643,5.1e-06,0.0106195,0.0002544,0.0038514,-1.8e-06,0.0002345,0.0102631,0.0102631,7e-07,7e-07,3.18e-05,-6e-07,-6e-07,2.92e-05,-3.9e-06,-6e-07,3.1e-05,3.03e-05,0.0098865,2.95e-05,6.01e-05,0.0003744,2.87e-05,-3.8e-06,2.79e-05,0.0033613,-0.00024,-7.5e-06,2.4e-05,-8e-06,-8.4e-06,-8.5e-06,-8.2e-06,2.31e-05,0.0095002,-8.9e-06,-9.5e-06,-9.5e-06,2.21e-05,-0.0001824,-0.0002231,2.28e-05,-9.6e-06,-9.3e-06,3.46e-05,3.33e-05,-1.27e-05,3.15e-05,3.99e-05,0.009086,-0.0002214,0.0010434,-1.26e-05,0.0048986,3.17e-05,3.72e-05,4.12e-05,0.0024894,0.0022985,-0.0005917,0.0011115,-2.31e-05,-2.97e-05,-2.97e-05,-2.98e-05,-2.03e-05,-3.4e-06,-2.01e-05,0.0011291,-1.83e-05,-0.0005981,-0.0005981,-0.0001855,-0.0005986,0.0072562,0.0068882,0.0070388,0.0065084,-8.6e-06,2.02e-05,2.27e-05,0.0049342,6.1e-06,4.01e-05,1.1e-06,0.0042688,-0.0005797,0.0011054,-0.0007237,3.71e-05,-0.0007054,0.0009661,-0.0008823,3.29e-05,1.22e-05,1.18e-05,2.78e-05,1.05e-05,0.0040597,5.21e-05,5.6e-06,-0.0008287,0.0007545,0.0041167,-0.0009959,-0.0010056,-0.0010057,5.31e-05,6.16e-05,5.16e-05,6.46e-05,5.89e-05,6.3e-05,0.0063394,6.78e-05,-0.0008608,6.49e-05,6.2e-05,3.27e-05,0.0011107,3.04e-05,-0.0008883,0.000539,0.0008533,-0.0012924,0.000577,0.0035911,-0.001281,0.0005635,0.0005391,0.0005294,-0.000119,0.0010759,0.0010759,0.0010759,-0.0006764,-5.6e-06,-5.6e-06
6.08e-05,0.0002412,-0.0003751,-0.0009167,-9.1e-05,0.0010654,-0.0033416,-3.32e-05,-3.17e-05,-3.16e-05,-5.7e-05,5.69e-05,5.45e-05,5.61e-05,-5.26e-05,-2.67e-05,5.54e-05,-0.0026575,-2.55e-05,5.14e-05,-2.51e-05,-0.0025549,1.99e-05,-0.0025135,-2.44e-05,-5.16e-05,-5.16e-05,-5.16e-05,-5.11e-05,-5.06e-05,1.62e-05,-4.67e-05,-1.07e-05,0.0188555,-1.1e-05,2.11e-05,-1.12e-05,2.08e-05,2.06e-05,4.57e-05,-1.09e-05,-0.0020629,0.0176364,-1.92e-05,4.35e-05,4.2e-06,-1.9e-05,-1.89e-05,-1.88e-05,-1.85e-05,-1.85e-05,3.4e-06,-3.73e-05,-0.0017992,-2.26e-05,0.0156358,0.0156337,0.0156335,-0.0015289,-0.0015263,0.0154048,0.0154065,-2.5e-05,-2.51e-05,-2.44e-05,-0.0012864,-0.0012853,-3.17e-05,0.0146757,0.014422,-3.2e-05,-1.36e-05,-1.4e-05,-0.0010724,-0.0010751,-1.5e-05,-0.0010762,0.0097471,1.4e-06,3.39e-05,0.0142276,3.38e-05,-1.2e-06,0.0142286,3.78e-05,-8.7e-06,0.0001995,0.0001945,-1.1e-06,-1.61e-05,-1.54e-05,0.0001874,-1.26e-05,0.0001815,-1.28e-05,0.0001797,0.0001734,-1.16e-05,2.4e-06,0.0001887,0.0001631,0.0001585,0.0125717,0.0001746,0.0001732,2.58e-05,0.01227,0.0122698,-8.3e-06,-8.3e-06,2.59e-05,0.0119592,3.6e-05,0.011959,3.56e-05,0.0002193,0.000216,0.0002133,3.16e-05,1.79e-05,0.0116415,0.0116415,0.0116415,3.56e-05,0.0002405,0.0002407,3.46e-05,0.0113143,1.1e-06,0.000241,2.31e-05,0.0109766,0.0109766,0.0109766,0.0109766,0.0002716,0.0002697,-2.7e-06,3.25e-05,0.0106287,0.0106287,-2.3e-06,3.24e-05,0.0106287,-2.7e-06,0.0002865,0.00028,0.0002854,3.28e-05,7e-07,7e-07,0.0102685,0.0102685,0.0102684,0.0102684,0.0102684,0.0003101,0.0003106,1.2e-06,0.0098948,0.0098948,2e-06,0.0098948,-9e-07,-3.16e-05,0.0098948,0.0003246,0.0098948,0.000327,0.000332,0.0095068,0.0095068,0.0095066,0.0095068,0.0095068,0.0095068,0.0095068,1.2e-05,0.0095067,0.0095068,0.0095068,0.0095068,0.0004073,0.0003987,0.0091019,0.0091021,0.0091019,0.0091021,0.0091019,0.0091021,0.009102,0.0091019,1.93e-05,0.0005262,1.17e-05,0.0091017,-1.5e-05,0.0091016,0.0091016,0.0091016,0.0006428,0.0006401,0.000609,1.27e-05,0.0086747,0.0086751,0.0086751,0.0086752,0.0086746,0.0086756,0.0086747,2.26e-05,0.0086747,0.0010185,0.0010095,0.0009706,0.0009994,6.2e-05,7.03e-05,6.84e-05,5.01e-05,0.0082125,0.0082116,0.0082119,3.08e-05,0.0082132,0.0082122,0.0082145,-6.2e-06,0.0013674,0.0013075,0.0013457,0.0081786,0.0013962,0.0013483,0.0013867,0.0076902,0.0076913,0.0076918,0.0076918,0.0076919,1e-06,0.0076918,0.0076943,0.0017402,0.0016817,1.9e-06,0.001716,0.0017145,0.00171,0.0071201,0.0071203,0.0071212,0.0071197,0.0071212,0.0071226,7.71e-05,0.0071276,0.0019077,0.0065554,0.0065596,0.0066049,0.0059056,0.0001235,0.0054065,0.0043395,0.0054689,0.0055231,0.0038904,2.3e-05,0.0049214,0.0034745,0.0034805,0.0035038,0.0053347,-0.0017333,-0.0017302,-0.0017355,0.0022228,-0.0046688,-0.0046688
6.08e-05,0.0002408,-0.00038,-0.0009225,-9.35e-05,0.001074,-0.0033667,-3.28e-05,-3.14e-05,-3.12e-05,-5.9e-05,5.59e-05,5.35e-05,5.51e-05,-5.45e-05,-2.64e-05,5.44e-05,-0.0026774,-2.52e-05,5.04e-05,-2.48e-05,-0.0025741,2.14e-05,-0.0025324,-2.41e-05,-5.07e-05,-5.07e-05,-5.07e-05,-5.02e-05,-4.97e-05,1.61e-05,-4.59e-05,-9.5e-06,0.0188532,-9.9e-06,2.09e-05,-1.01e-05,2.06e-05,2.04e-05,4.49e-05,-9.8e-06,-0.0020789,0.0176342,-1.82e-05,4.27e-05,3.9e-06,-1.81e-05,-1.8e-05,-1.79e-05,-1.76e-05,-1.76e-05,3.2e-06,-3.67e-05,-0.0018136,-2.17e-05,0.0156339,0.0156318,0.0156316,-0.0015429,-0.0015404,0.015403,0.0154047,-2.42e-05,-2.43e-05,-2.36e-05,-0.0012998,-0.0012987,-3.1e-05,0.014674,0.0144204,-3.12e-05,-1.31e-05,-1.34e-05,-0.0010853,-0.0010881,-1.46e-05,-0.0010891,0.0097374,-3.9e-06,3.32e-05,0.0142267,3.31e-05,-1.2e-06,0.0142277,3.71e-05,-8.5e-06,0.0001867,0.0001817,-1.1e-06,-1.59e-05,-1.52e-05,0.0001748,-1.24e-05,0.0001692,-1.26e-05,0.0001674,0.0001614,-1.14e-05,2.4e-06,0.0001777,0.0001516,0.0001472,0.0125714,0.0001633,0.0001619,2.51e-05,0.0122698,0.0122695,-8.2e-06,-8.2e-06,2.52e-05,0.011959,3.51e-05,0.0119588,3.47e-05,0.0002093,0.0002052,0.0002026,3.08e-05,1.76e-05,0.0116413,0.0116413,0.0116413,3.48e-05,0.0002301,0.0002302,3.39e-05,0.0113142,9e-07,0.0002309,2.27e-05,0.0109764,0.0109765,0.0109764,0.0109764,0.0002618,0.0002598,-2.5e-06,3.17e-05,0.0106286,0.0106286,-2.1e-06,3.17e-05,0.0106286,-2.4e-06,0.0002769,0.0002711,0.0002759,3.2e-05,7e-07,7e-07,0.0102685,0.0102684,0.0102684,0.0102683,0.0102683,0.0003009,0.0003014,1.1e-06,0.0098948,0.0098948,2e-06,0.0098948,-1e-06,-3.09e-05,0.0098948,0.0003157,0.0098948,0.0003187,0.0003231,0.0095068,0.0095068,0.0095067,0.0095068,0.0095068,0.0095068,0.0095068,1.18e-05,0.0095067,0.0095068,0.0095068,0.0095068,0.0003993,0.0003906,0.009102,0.0091021,0.009102,0.0091021,0.009102,0.0091022,0.0091021,0.009102,1.91e-05,0.0005181,1.15e-05,0.0091018,-1.46e-05,0.0091017,0.0091017,0.0091017,0.000635,0.0006322,0.0006013,1.25e-05,0.0086749,0.0086753,0.0086753,0.0086754,0.0086748,0.0086758,0.0086749,2.24e-05,0.0086749,0.0010108,0.0010018,0.0009633,0.0009917,6.12e-05,6.95e-05,6.75e-05,4.94e-05,0.008213,0.0082121,0.0082124,3.02e-05,0.0082137,0.0082127,0.008215,-5.9e-06,0.0013602,0.0013005,0.0013385,0.0081794,0.001389,0.0013413,0.0013795,0.0076911,0.0076922,0.0076927,0.0076927,0.0076928,1.3e-06,0.0076927,0.0076952,0.0017334,0.0016751,2.3e-06,0.0017093,0.0017079,0.0017033,0.0071214,0.0071215,0.0071225,0.007121,0.0071224,0.0071238,7.67e-05,0.0071288,0.0019021,0.0065567,0.0065608,0.006606,0.0059029,0.0001237,0.005403,0.004344,0.0054655,0.00552,0.0038952,2.31e-05,0.0049187,0.003479,0.003485,0.0035083,0.0053373,-0.0017289,-0.0017258,-0.001731,0.002223,-0.0046705,-0.0046705
-1.99e-05,0.0001286,-0.0003922,-0.0008307,-9.48e-05,0.0011466,-0.003343,5.02e-05,4.79e-05,4.76e-05,-6.04e-05,-2.24e-05,-2.02e-05,-2.28e-05,-5.58e-05,4.19e-05,-2.25e-05,-0.0026586,3.87e-05,-2.09e-05,3.81e-05,-0.0025556,2.41e-05,-0.0025146,3.52e-05,1.91e-05,1.91e-05,1.91e-05,1.9e-05,1.88e-05,-3.08e-05,1.44e-05,-8.2e-06,0.0188556,-8.3e-06,-3.13e-05,-8.7e-06,-3.09e-05,-3.06e-05,-2.81e-05,-8.4e-06,-0.0020641,0.0176362,-1.68e-05,-2.76e-05,1.3e-05,-1.54e-05,-1.53e-05,-1.53e-05,-1.5e-05,-1.5e-05,1.19e-05,3.29e-05,-0.0017998,-1.74e-05,0.0156359,0.0156336,0.0156334,-0.0015296,-0.0015273,0.0154048,0.0154067,-2.01e-05,-2.02e-05,-1.96e-05,-0.0012873,-0.0012862,3.18e-05,0.0146757,0.0144217,2e-06,-2.46e-05,-2.42e-05,-0.0010734,-0.0010762,-2.91e-05,-0.0010772,0.0097463,-1.1e-05,-1.36e-05,0.0142275,-1.4e-05,2.64e-05,0.014228,1.6e-06,3.26e-05,0.0001992,0.0001941,2.94e-05,-2.6e-06,-1.22e-05,0.0001867,-1.03e-05,0.000181,-1.03e-05,0.0001792,0.0001729,-9.2e-06,-3.11e-05,0.0001691,0.0001638,0.0001591,0.0125717,0.0001753,0.0001739,-2.77e-05,0.0122698,0.0122698,-9e-06,-9e-06,-2.61e-05,0.0119592,-1e-05,0.0119591,-1.04e-05,0.0002201,0.0002166,0.0002139,-1.26e-05,1.78e-05,0.0116416,0.0116415,0.0116416,-2.3e-06,0.0002411,0.0002413,-2.8e-06,0.0113143,-4.1e-06,0.0002416,1.74e-05,0.0109766,0.0109766,0.0109767,0.0109766,0.0002722,0.0002703,2.83e-05,-1.8e-06,0.0106288,0.0106287,2.92e-05,-1.5e-06,0.0106287,2.92e-05,0.000287,0.0002915,0.0002852,-1.3e-06,3.18e-05,3.18e-05,0.0102684,0.0102684,0.0102685,0.0102684,0.0102684,0.00031,0.0003103,1.1e-06,0.0098949,0.0098949,3.3e-05,0.0098949,1.5e-06,1.8e-06,0.0098949,0.0003244,0.0098949,0.0003368,0.0003311,0.0095067,0.0095069,0.0095066,0.0095068,0.0095068,0.0095068,0.0095069,4.07e-05,0.0095067,0.0095068,0.0095068,0.0095069,0.0004075,0.0003978,0.009102,0.009102,0.0091019,0.0091022,0.009102,0.0091021,0.0091021,0.009102,4.78e-05,0.0005253,2.06e-05,0.0091017,2.41e-05,0.0091016,0.0091016,0.0091016,0.0006452,0.0006423,0.0006077,2.25e-05,0.0086747,0.0086751,0.0086751,0.0086751,0.0086747,0.0086756,0.0086747,3.25e-05,0.0086748,0.0010172,0.0010081,0.0009726,0.0009979,7.14e-05,7.78e-05,7.66e-05,5.46e-05,0.0082125,0.0082118,0.0082121,3.08e-05,0.0082132,0.0082121,0.0082144,2.87e-05,0.0013659,0.001306,0.0013442,0.0081789,0.0013947,0.0013468,0.0013852,0.0076902,0.0076913,0.0076918,0.007692,0.0076919,3.39e-05,0.0076918,0.0076943,0.0017387,0.0016803,3.5e-05,0.0017147,0.0017131,0.0017086,0.0071202,0.0071205,0.0071213,0.00712,0.0071214,0.0071228,0.0001045,0.0071276,0.0019119,0.0065554,0.0065596,0.0066048,0.0059062,0.0001396,0.0054043,0.0043409,0.0054691,0.0055203,0.003892,4.71e-05,0.004922,0.0034761,0.003482,0.0035054,0.0053361,-0.0017295,-0.0017265,-0.0017317,0.0022315,-0.0046649,-0.0046649
-1.24e-05,0.0001469,-0.0004339,-0.0009132,-0.0001102,0.001061,-0.003338,-3.61e-05,-3.45e-05,-3.43e-05,-7.38e-05,-1.96e-05,-2.05e-05,-1.83e-05,-6.83e-05,-3.1e-05,-1.8e-05,-0.0026548,-2.95e-05,-1.68e-05,-2.91e-05,-0.0025516,3.4e-05,-0.0025108,-2.8e-05,1.17e-05,1.17e-05,1.17e-05,1.16e-05,1.15e-05,2.94e-05,1.46e-05,2.4e-06,0.0188559,1.9e-06,2.72e-05,1.4e-06,2.69e-05,2.66e-05,-7.2e-06,4e-07,-0.0020611,0.0176365,-8.1e-06,-7.5e-06,-2.89e-05,-8e-06,-7.9e-06,-8e-06,-7.7e-06,-7.8e-06,-2.73e-05,-1.06e-05,-0.0017971,-9.6e-06,0.0156359,0.0156339,0.0156336,-0.0015271,-0.0015245,0.015405,0.0154066,-1.25e-05,-1.27e-05,-1.22e-05,-0.0012846,-0.0012836,-4e-06,0.0146758,0.0144221,1.35e-05,-1.11e-05,-1.15e-05,-0.0010709,-0.0010736,-1.59e-05,-0.0010747,0.0097482,1.5e-06,-1.19e-05,0.0142276,-1.19e-05,-1.51e-05,0.0142281,-7.5e-06,-1.19e-05,0.000201,0.0001959,-1.27e-05,-1.45e-05,-1.17e-05,0.0001887,-1.2e-05,0.0001829,-1.14e-05,0.0001812,0.0001748,-1.02e-05,8.8e-06,0.0001781,0.0001652,0.0001605,0.0125717,0.0001766,0.0001752,4e-06,0.0122699,0.0122698,-8.8e-06,-8.8e-06,4.8e-06,0.0119592,-1.3e-06,0.0119591,-1.6e-06,0.000221,0.0002179,0.0002152,-2e-06,-8.7e-06,0.0116415,0.0116415,0.0116415,-1.8e-06,0.0002424,0.0002425,-1.6e-06,0.0113143,-3.8e-06,0.0002429,-5.4e-06,0.0109766,0.0109766,0.0109766,0.0109766,0.0002734,0.0002714,-5.2e-06,-1.5e-06,0.0106287,0.0106287,-4.4e-06,-1.5e-06,0.0106287,-4.4e-06,0.0002882,0.0002811,0.0002871,-1.5e-06,-6e-07,-6e-07,0.0102684,0.0102683,0.0102684,0.0102684,0.0102684,0.0003118,0.0003122,1.2e-06,0.0098948,0.0098948,1.8e-06,0.0098948,1.3e-06,1e-07,0.0098948,0.0003262,0.0098948,0.0003279,0.0003337,0.0095067,0.0095068,0.0095066,0.0095068,0.0095068,0.0095068,0.0095068,1.07e-05,0.0095067,0.0095068,0.0095068,0.0095068,0.0004097,0.0004002,0.0091019,0.0091021,0.0091019,0.0091021,0.0091019,0.0091021,0.009102,0.0091019,1.91e-05,0.0005277,1.72e-05,0.0091017,8.3e-06,0.0091015,0.0091015,0.0091015,0.000639,0.0006367,0.0006112,1.89e-05,0.0086747,0.0086751,0.0086751,0.0086752,0.0086747,0.0086755,0.0086747,2.89e-05,0.0086748,0.0010206,0.0010116,0.0009747,0.0010013,4.88e-05,5.64e-05,5.47e-05,3.43e-05,0.0082124,0.0082116,0.008212,1.55e-05,0.0082131,0.0082119,0.0082143,1.49e-05,0.0013693,0.001304,0.001348,0.0081786,0.0013984,0.0013453,0.0013895,0.0076899,0.0076911,0.0076916,0.0076917,0.0076917,2.08e-05,0.0076914,0.0076941,0.0017427,0.0016793,2.17e-05,0.0017192,0.0017177,0.0017131,0.0071198,0.00712,0.0071209,0.0071195,0.0071209,0.0071224,8.44e-05,0.0071272,0.0019157,0.006555,0.0065591,0.0066044,0.0059033,0.0001393,0.0054078,0.0043383,0.0054671,0.0055251,0.0038891,3.56e-05,0.0049266,0.0034734,0.0034793,0.0035028,0.0053359,-0.0017339,-0.0017308,-0.001736,0.0022335,-0.0046646,-0.0046646
-1.26e-05,0.0001466,-0.0004334,-0.0009124,-0.0001099,0.0010598,-0.0033346,-3.61e-05,-3.45e-05,-3.43e-05,-7.36e-05,-1.97e-05,-2.06e-05,-1.84e-05,-6.81e-05,-3.11e-05,-1.81e-05,-0.0026521,-2.96e-05,-1.68e-05,-2.91e-05,-0.002549,3.38e-05,-0.0025082,-2.81e-05,1.18e-05,1.18e-05,1.18e-05,1.17e-05,1.16e-05,2.95e-05,1.46e-05,2.2e-06,0.0188562,1.8e-06,2.72e-05,1.3e-06,2.7e-05,2.67e-05,-7.3e-06,3e-07,-0.0020589,0.0176368,-8.2e-06,-7.6e-06,-2.9e-05,-8.1e-06,-8e-06,-8.1e-06,-7.8e-06,-7.9e-06,-2.74e-05,-1.06e-05,-0.0017951,-9.7e-06,0.0156362,0.0156342,0.0156339,-0.0015252,-0.0015226,0.0154052,0.0154068,-1.25e-05,-1.28e-05,-1.23e-05,-0.0012828,-0.0012818,-4e-06,0.0146761,0.0144223,1.36e-05,-1.12e-05,-1.15e-05,-0.0010691,-0.0010719,-1.6e-05,-0.0010729,0.0097495,2.2e-06,-1.19e-05,0.0142277,-1.19e-05,-1.51e-05,0.0142283,-7.6e-06,-1.2e-05,0.0002028,0.0001976,-1.28e-05,-1.46e-05,-1.17e-05,0.0001904,-1.2e-05,0.0001846,-1.15e-05,0.0001828,0.0001765,-1.02e-05,8.9e-06,0.0001796,0.0001668,0.000162,0.0125718,0.0001782,0.0001767,4e-06,0.0122699,0.0122698,-8.8e-06,-8.8e-06,4.9e-06,0.0119593,-1.3e-06,0.0119591,-1.6e-06,0.0002223,0.0002193,0.0002167,-2e-06,-8.8e-06,0.0116415,0.0116415,0.0116415,-1.8e-06,0.0002438,0.0002439,-1.6e-06,0.0113143,-3.8e-06,0.0002442,-5.4e-06,0.0109766,0.0109766,0.0109766,0.0109766,0.0002747,0.0002728,-5.3e-06,-1.5e-06,0.0106287,0.0106287,-4.4e-06,-1.5e-06,0.0106287,-4.4e-06,0.0002894,0.0002823,0.0002884,-1.5e-06,-6e-07,-6e-07,0.0102684,0.0102683,0.0102684,0.0102684,0.0102684,0.0003131,0.0003135,1.2e-06,0.0098948,0.0098948,1.8e-06,0.0098948,1.3e-06,1e-07,0.0098948,0.0003274,0.0098948,0.0003291,0.0003349,0.0095067,0.0095068,0.0095066,0.0095068,0.0095068,0.0095068,0.0095068,1.08e-05,0.0095067,0.0095068,0.0095068,0.0095068,0.0004108,0.0004013,0.0091019,0.009102,0.0091019,0.009102,0.0091019,0.0091021,0.009102,0.0091019,1.92e-05,0.0005288,1.73e-05,0.0091017,8.3e-06,0.0091015,0.0091014,0.0091015,0.0006401,0.0006377,0.0006122,1.9e-05,0.0086747,0.0086751,0.0086751,0.0086751,0.0086746,0.0086755,0.0086747,2.89e-05,0.0086748,0.0010217,0.0010126,0.0009757,0.0010024,4.89e-05,5.64e-05,5.48e-05,3.44e-05,0.0082123,0.0082115,0.0082119,1.55e-05,0.008213,0.0082118,0.0082143,1.49e-05,0.0013702,0.0013049,0.001349,0.0081785,0.0013994,0.0013462,0.0013904,0.0076898,0.0076909,0.0076914,0.0076916,0.0076916,2.08e-05,0.0076913,0.007694,0.0017436,0.0016802,2.18e-05,0.0017201,0.0017186,0.001714,0.0071196,0.0071199,0.0071207,0.0071193,0.0071207,0.0071222,8.45e-05,0.007127,0.0019165,0.0065548,0.0065589,0.0066043,0.0059036,0.0001393,0.0054083,0.0043377,0.0054676,0.0055255,0.0038885,3.56e-05,0.0049269,0.0034728,0.0034787,0.0035022,0.0053356,-0.0017345,-0.0017314,-0.0017366,0.0022335,-0.0046643,-0.0046643
-0.0017492,-0.0018358,0.0041343,0.0065977,0.0023291,-0.0095081,0.0278209,-0.0003817,-0.0003642,-0.0003626,0.0018707,-0.0006786,-0.0006774,-0.0006531,0.0017411,-0.0003392,-0.0006454,0.0221426,-0.0003135,-0.0005985,-0.0003085,0.0212572,-0.0013494,0.0209181,-0.0002908,0.0005613,0.0005613,0.0005613,0.0005561,0.0005508,0.0003471,0.0005716,-0.0009801,0.0029977,-0.0009411,0.0002647,-0.0009412,0.0002568,0.000254,-0.0004165,-0.0009081,0.0177377,0.0028086,-0.0008228,-0.0004017,-0.0004692,-0.000781,-0.0007819,-0.00077,-0.0007726,-0.00076,-0.0004848,7.64e-05,0.016025,-0.0006832,0.0024646,0.0024824,0.0024861,0.0155879,0.0155889,0.00237,0.0023508,-0.000603,-0.0005894,-0.0005825,0.0148858,0.0148853,-4.43e-05,0.0021717,0.0021107,0.0002323,-0.0005596,-0.0005632,0.0144007,0.0144005,-0.0005323,0.0144002,0.0110233,0.0058656,-0.0002872,0.0013712,-0.000289,-0.0003213,0.0013429,-0.0002894,-0.0002277,0.0142401,0.0142389,-0.0002739,-0.000184,-0.0001416,0.0139733,-0.0001571,0.0137034,-0.0001479,0.0137032,0.0134266,-0.0001331,0.0001307,0.0120334,0.0128552,0.0125606,0.0006707,0.0125603,0.0125603,0.0001938,0.0005956,0.0006041,-0.0001002,-0.0001013,0.0001881,0.0005746,4.56e-05,0.0005893,3.43e-05,0.0111454,0.0119503,0.0119501,0.0001058,-0.000185,0.0004967,0.0005013,0.0004991,-9e-07,0.0116313,0.0116312,3.8e-06,0.0004375,0.0001027,0.0113036,-0.0001578,0.0004198,0.0004109,0.0004202,0.0004161,0.0109643,0.0109637,-0.0002258,-1.9e-06,0.0003644,0.0003614,-0.0002258,-3.4e-06,0.0003722,-0.0002258,0.0106166,0.0099069,0.010619,0,2.92e-05,2.92e-05,0.0003101,0.0003009,0.00031,0.0003118,0.0003131,0.0102585,0.0102584,0.0001047,0.0002637,0.000267,3.04e-05,0.0002637,0.0001058,1.3e-06,0.000266,0.0098835,0.0002486,0.0093033,0.0098791,0.0002119,0.0002168,0.0002063,0.0002162,0.0002184,0.0002146,0.0002166,0.000256,0.0002112,0.0002208,0.0002194,0.0002181,0.0089274,0.009085,0.000158,0.0001684,0.0001581,0.0001663,0.0001592,0.000171,0.0001657,0.0001625,0.0002504,0.0090841,0.000331,0.0001346,0.0001022,0.0001294,0.0001279,0.0001309,0.0086094,0.0086797,0.0086376,0.0003183,-1.2e-05,-1.6e-06,-1.7e-06,2e-07,-8.9e-06,8.4e-06,-2.5e-06,0.000317,3.4e-06,0.0086081,0.0086089,0.0081795,0.0086034,0.0006136,0.0006741,0.0006618,0.0004797,-0.000339,-0.0003476,-0.0003429,0.0002935,-0.0003291,-0.0003382,-0.0003113,0.0001035,0.0081139,0.0077069,0.0081075,-0.0006998,0.0081021,0.0077728,0.0080832,-0.0008287,-0.0008206,-0.0008169,-0.0008161,-0.0008158,0.0001021,-0.0008153,-0.0007979,0.0075481,0.007333,0.0001112,0.0075207,0.0075216,0.0075225,-0.001211,-0.0012103,-0.0012054,-0.0012129,-0.0012056,-0.0011985,0.0006526,-0.0011727,0.0064836,-0.0012927,-0.0012725,-0.0010534,0.0030332,0.0002114,0.0040182,-0.0049631,0.0038895,0.0036725,-0.0053212,0.0002476,0.0032151,-0.0049103,-0.0049073,-0.0048903,-0.0027893,-0.0050209,-0.0050222,-0.0050201,3.89e-05,0.0018251,0.0018251
-0.0017412,-0.0018167,0.0040909,0.0065121,0.0023129,-0.0095938,0.0278206,-0.0004698,-0.0004483,-0.0004463,0.0018566,-0.0006756,-0.0006777,-0.0006484,0.001728,-0.0004136,-0.0006407,0.0221421,-0.0003832,-0.0005941,-0.0003771,0.0212571,-0.0013391,0.0209179,-0.0003553,0.0005536,0.0005536,0.0005536,0.0005485,0.0005433,0.0004086,0.0005716,-0.0009691,0.0029983,-0.0009305,0.0003244,-0.0009307,0.0003159,0.0003124,-0.0003951,-0.000899,0.0177373,0.0028092,-0.0008138,-0.0003812,-0.000512,-0.0007733,-0.0007742,-0.0007623,-0.000765,-0.0007525,-0.0005248,3.2e-05,0.0160247,-0.0006751,0.0024648,0.0024829,0.0024867,0.0155875,0.0155887,0.0023705,0.002351,-0.0005951,-0.0005816,-0.0005748,0.0148856,0.0148851,-8.09e-05,0.0021721,0.0021113,0.0002441,-0.0005457,-0.0005501,0.0144005,0.0144003,-0.0005188,0.0144,0.0110236,0.0058773,-0.0002855,0.0013717,-0.0002869,-0.0003636,0.0013435,-0.0002987,-0.0002731,0.0142392,0.0142381,-0.0003169,-0.0001962,-0.000141,0.0139727,-0.0001588,0.0137028,-0.000149,0.0137026,0.013426,-0.0001341,0.0001715,0.0120403,0.0128541,0.0125596,0.0006712,0.0125593,0.0125593,0.0002262,0.000596,0.0006045,-9.99e-05,-0.000101,0.0002197,0.0005751,5.44e-05,0.0005897,4.33e-05,0.0111442,0.0119493,0.0119491,0.0001166,-0.0002121,0.000497,0.0005017,0.0004994,-4e-07,0.0116304,0.0116303,5e-06,0.0004379,0.000103,0.0113027,-0.0001811,0.0004202,0.0004113,0.0004205,0.0004165,0.0109635,0.0109627,-0.00026,-1.6e-06,0.0003647,0.0003618,-0.0002601,-3.4e-06,0.0003726,-0.0002601,0.0106158,0.0098945,0.010619,-2e-07,-3.9e-06,-3.9e-06,0.0003106,0.0003014,0.0003103,0.0003122,0.0003135,0.0102584,0.0102584,0.0001047,0.000264,0.0002672,-1.5e-06,0.000264,0.0001056,-4e-07,0.0002663,0.0098835,0.0002489,0.0092924,0.0098799,0.0002123,0.0002171,0.0002067,0.0002166,0.0002188,0.000215,0.0002169,0.0002253,0.0002116,0.0002212,0.0002198,0.0002184,0.0089279,0.0090857,0.0001582,0.0001688,0.0001585,0.0001665,0.0001595,0.0001714,0.0001659,0.0001627,0.000221,0.0090848,0.0003276,0.000135,8.6e-05,0.0001296,0.0001281,0.0001311,0.0086015,0.0086724,0.0086395,0.0003146,-1.16e-05,-1.1e-06,-1.2e-06,6e-07,-8.5e-06,8.8e-06,-2.1e-06,0.0003132,3.8e-06,0.0086101,0.0086109,0.0081801,0.0086053,0.0005903,0.0006521,0.0006393,0.0004589,-0.0003386,-0.0003473,-0.0003426,0.0002778,-0.0003288,-0.000338,-0.0003109,8.94e-05,0.0081158,0.0077034,0.0081098,-0.0006996,0.0081044,0.0077698,0.008086,-0.0008285,-0.0008203,-0.0008167,-0.0008159,-0.0008155,8.87e-05,-0.0008152,-0.0007976,0.0075508,0.0073307,9.76e-05,0.007524,0.0075249,0.0075258,-0.0012109,-0.0012102,-0.0012053,-0.0012128,-0.0012055,-0.0011984,0.000632,-0.0011727,0.0064864,-0.0012926,-0.0012724,-0.0010532,0.0030299,0.000211,0.0040212,-0.0049647,0.003887,0.0036769,-0.0053229,0.0002358,0.0032194,-0.004912,-0.0049089,-0.0048918,-0.0027887,-0.0050245,-0.0050257,-0.0050236,4.1e-05,0.0018249,0.0018249
-0.0218401,0.0002343,0.0184149,-0.0113767,0.0263789,-0.0037762,-0.0020397,-0.0046094,-0.0043965,-0.0043771,0.0234398,-0.0046325,-0.0046918,-0.0044183,0.0218718,-0.0040095,-0.0043725,-0.0013227,-0.0037554,-0.0040565,-0.003695,-0.0017883,-0.0197826,-0.0016728,-0.0035824,0.0035873,0.0035875,0.0035873,0.0035543,0.0035206,0.0037371,0.0038407,-0.0179892,-9.85e-05,-0.0174279,0.0030512,-0.0174516,0.0029313,0.0028984,-0.0023105,-0.0167849,-0.0011476,-0.0001054,-0.0165925,-0.0023034,-0.004259,-0.0157944,-0.0157946,-0.0155852,-0.0155853,-0.015373,-0.0047976,-0.0006035,-0.0008853,-0.0147296,-0.0001089,-0.0001204,-9.03e-05,-0.0008793,-0.0008753,-9.15e-05,-0.0001096,-0.0142922,-0.0140668,-0.01384,-0.0007954,-0.0008027,-0.003303,-8.26e-05,-0.0001879,-0.0010508,-0.0133342,-0.0134094,-0.000751,-0.0007516,-0.0133797,-0.000738,-0.0005353,-0.0122362,-0.0010742,-2.03e-05,-0.0012166,-0.0038075,-5.79e-05,0.0001867,-0.0021254,-0.0001822,-0.0001999,-0.0026306,-0.0129647,-0.0134297,-0.0002117,-0.0132031,-0.0001824,-0.0132042,-0.0001857,-0.0001682,-0.0123884,-0.0017388,-0.0003524,-0.0001524,-0.0001053,-8.9e-06,-0.0001352,-0.0001335,-0.0008838,-1e-05,-8.2e-06,-0.0118177,-0.0118176,-0.0010254,-5.08e-05,-0.0001915,-3.73e-05,-0.0008526,-0.0040371,0.0001049,6.25e-05,-0.0035562,-0.0004533,0,-1.8e-06,0,0.0011864,0.0001051,7.54e-05,0.0011691,-3.25e-05,-0.0107906,7.99e-05,0.0009936,-1.4e-06,-4.43e-05,-4e-07,-4.32e-05,0.0001081,0.0001081,-3.39e-05,0.0012458,1e-07,-3.01e-05,-2.99e-05,0.0013478,-2.92e-05,-3.17e-05,7.52e-05,9.97e-05,7.7e-05,0.0003281,-6e-07,-6e-07,1.2e-06,1.1e-06,1.1e-06,1.2e-06,1.2e-06,0.0001047,0.0001047,0.0095297,7e-07,7e-07,6.8e-05,5e-07,0.0095042,-0.000618,5e-07,0.0001191,3e-07,6.56e-05,0.0001183,2e-07,1e-07,3.06e-05,-5e-07,-5e-07,2.98e-05,-1.4e-06,-1e-05,2.9e-05,-2.1e-06,-2.1e-06,-2.4e-06,0.0031898,-0.0001086,-6.4e-06,2.4e-05,3.58e-05,-8.8e-06,-8.7e-06,2.17e-05,-9.8e-06,-9.8e-06,0.0001086,-7.93e-05,0.0085337,2.04e-05,-0.0018334,-1.03e-05,-1.03e-05,-1.03e-05,-0.0001161,-0.0001167,-6.93e-05,0.0080625,3.33e-05,-9.8e-06,-9.8e-06,-9.8e-06,5.57e-05,-1.28e-05,6.99e-05,0.0080551,8.42e-05,-0.0001241,-0.0001241,0.0026261,-0.0003212,4.73e-05,0.0017008,0.0012633,-0.0017618,-2.18e-05,-3.5e-05,-3.65e-05,-0.0045364,-3.77e-05,-6.79e-05,-3.51e-05,-0.0020472,-0.0003182,-0.0018174,-0.0001855,-1.35e-05,-0.0002022,-0.0016971,-3.83e-05,-7.4e-06,1.07e-05,1.07e-05,3e-06,1.12e-05,-0.0019202,-2.69e-05,1.39e-05,-3.5e-05,-0.0014599,-0.0018293,0.000114,0.0001308,0.0001308,1.77e-05,2.8e-06,1.91e-05,-2e-06,6.5e-06,-2.3e-06,0.0023244,1.44e-05,-0.0014062,1.78e-05,4.2e-05,5.76e-05,-0.0005035,-0.0044563,0.0004991,-0.0002294,-0.0003765,0.0007354,-0.0002545,0.0028035,-0.0005818,-0.000218,-0.000253,-0.000284,-0.0004306,-0.0010961,-0.001095,-0.0010969,-0.00359,-0.0016635,-0.0016635
-1.32e-05,0.0001299,-0.0003915,-0.0008218,-9.92e-05,0.0011388,-0.0033169,5.1e-05,4.87e-05,4.84e-05,-6.45e-05,-1.92e-05,-1.71e-05,-1.98e-05,-5.97e-05,4.26e-05,-1.95e-05,-0.0026379,3.94e-05,-1.81e-05,3.88e-05,-0.0025356,2.78e-05,-0.0024949,3.59e-05,1.66e-05,1.66e-05,1.66e-05,1.65e-05,1.63e-05,-3.18e-05,1.19e-05,-4.6e-06,0.0181613,-4.9e-06,-3.19e-05,-5.2e-06,-3.16e-05,-3.12e-05,-2.59e-05,-5.1e-06,-0.0020498,0.0169868,-1.34e-05,-2.55e-05,1.48e-05,-1.22e-05,-1.21e-05,-1.21e-05,-1.18e-05,-1.19e-05,1.37e-05,3.21e-05,-0.0017893,-1.45e-05,0.0150602,0.0150579,0.0150576,-0.0015274,-0.0015252,0.0148378,0.0148397,-1.73e-05,-1.75e-05,-1.69e-05,-0.0012915,-0.0012904,3.14e-05,0.0141358,0.0138913,9e-07,-2.2e-05,-2.15e-05,-0.0010837,-0.0010864,-2.63e-05,-0.0010874,0.009355,-3.08e-05,-1.21e-05,0.0137066,-1.25e-05,2.71e-05,0.0137072,2.7e-06,3.28e-05,0.0001433,0.0001384,2.99e-05,-1.6e-06,-1.12e-05,0.0001322,-9.3e-06,0.0001276,-9.4e-06,0.0001259,0.0001208,-8.3e-06,-3.1e-05,0.0001217,0.0001139,0.0001104,0.0121133,0.000126,0.0001246,-2.78e-05,0.0118226,0.0118226,-8.3e-06,-8.3e-06,-2.63e-05,0.0115234,-9.9e-06,0.0115232,-1.03e-05,0.000174,0.0001679,0.0001653,-1.26e-05,1.82e-05,0.0112176,0.0112174,0.0112175,-2.2e-06,0.0001926,0.0001928,-2.7e-06,0.0109023,-4.2e-06,0.0001942,1.76e-05,0.0105769,0.0105769,0.010577,0.0105769,0.0002249,0.000223,2.86e-05,-1.7e-06,0.0102419,0.0102418,2.94e-05,-1.5e-06,0.0102418,2.94e-05,0.0002403,0.0002472,0.0002385,-1.2e-06,3.1e-05,3.1e-05,0.0098948,0.0098948,0.0098949,0.0098948,0.0098948,0.0002637,0.000264,7e-07,0.009535,0.009535,3.22e-05,0.009535,1e-06,1.8e-06,0.009535,0.0002788,0.0095351,0.000293,0.0002853,0.0091611,0.0091612,0.009161,0.0091611,0.0091611,0.0091611,0.0091612,3.88e-05,0.009161,0.0091611,0.0091611,0.0091612,0.0003622,0.0003523,0.0087712,0.0087712,0.0087711,0.0087714,0.0087712,0.0087713,0.0087713,0.0087712,4.57e-05,0.0004752,1.87e-05,0.008771,2.32e-05,0.008771,0.0087709,0.008771,0.0005925,0.0005894,0.0005561,2.06e-05,0.00836,0.0083603,0.0083603,0.0083604,0.00836,0.0083608,0.00836,3.03e-05,0.00836,0.0009508,0.0009421,0.0009093,0.0009322,6.71e-05,7.3e-05,7.19e-05,5.13e-05,0.0079157,0.007915,0.0079154,2.89e-05,0.0079163,0.0079154,0.0079175,2.75e-05,0.0012886,0.0012323,0.0012677,0.0078845,0.0013163,0.0012714,0.0013073,0.007414,0.0074151,0.0074155,0.0074157,0.0074157,3.26e-05,0.0074155,0.0074179,0.0016498,0.0015943,3.36e-05,0.0016267,0.0016252,0.0016208,0.006866,0.0068663,0.0068671,0.0068658,0.0068671,0.0068685,9.88e-05,0.0068731,0.0018204,0.006322,0.0063259,0.0063687,0.0056816,0.0001338,0.0051945,0.0042004,0.0052574,0.0053074,0.003769,4.47e-05,0.0047324,0.0033668,0.0033724,0.0033949,0.005152,-0.0016496,-0.0016466,-0.0016516,0.0021504,-0.0045019,-0.0045019
-1.36e-05,0.0001298,-0.0003913,-0.0008217,-9.88e-05,0.0011337,-0.003308,4.88e-05,4.65e-05,4.63e-05,-6.43e-05,-1.94e-05,-1.73e-05,-1.99e-05,-5.94e-05,4.07e-05,-1.96e-05,-0.0026308,3.77e-05,-1.82e-05,3.71e-05,-0.0025288,2.76e-05,-0.0024882,3.43e-05,1.66e-05,1.66e-05,1.66e-05,1.65e-05,1.63e-05,-3.02e-05,1.21e-05,-4.7e-06,0.018162,-4.9e-06,-3.04e-05,-5.3e-06,-3.01e-05,-2.98e-05,-2.56e-05,-5.1e-06,-0.0020442,0.0169875,-1.34e-05,-2.51e-05,1.36e-05,-1.23e-05,-1.22e-05,-1.22e-05,-1.19e-05,-1.19e-05,1.26e-05,3.1e-05,-0.0017842,-1.45e-05,0.0150608,0.0150586,0.0150583,-0.0015225,-0.0015202,0.0148384,0.0148403,-1.73e-05,-1.75e-05,-1.69e-05,-0.0012867,-0.0012857,3.05e-05,0.0141364,0.0138918,1.3e-06,-2.18e-05,-2.13e-05,-0.0010792,-0.0010818,-2.62e-05,-0.0010828,0.0093584,-2.86e-05,-1.22e-05,0.013707,-1.25e-05,2.6e-05,0.0137075,2.4e-06,3.17e-05,0.0001478,0.0001429,2.88e-05,-2e-06,-1.13e-05,0.0001366,-9.4e-06,0.0001319,-9.4e-06,0.0001302,0.000125,-8.4e-06,-3e-05,0.0001257,0.000118,0.0001144,0.0121134,0.0001299,0.0001286,-2.7e-05,0.0118227,0.0118227,-8.3e-06,-8.3e-06,-2.55e-05,0.0115234,-9.7e-06,0.0115232,-1.01e-05,0.0001775,0.0001716,0.0001691,-1.23e-05,1.75e-05,0.0112176,0.0112175,0.0112176,-2.2e-06,0.0001963,0.0001964,-2.7e-06,0.0109024,-4.2e-06,0.0001978,1.7e-05,0.0105769,0.010577,0.010577,0.0105769,0.0002283,0.0002265,2.77e-05,-1.7e-06,0.010242,0.0102418,2.85e-05,-1.5e-06,0.0102418,2.85e-05,0.0002436,0.00025,0.0002419,-1.2e-06,3.03e-05,3.03e-05,0.0098948,0.0098948,0.0098949,0.0098948,0.0098948,0.000267,0.0002672,7e-07,0.009535,0.009535,3.14e-05,0.009535,1e-06,1.7e-06,0.009535,0.000282,0.0095351,0.0002956,0.0002884,0.0091611,0.0091612,0.009161,0.0091611,0.0091611,0.0091611,0.0091612,3.81e-05,0.009161,0.0091611,0.0091611,0.0091612,0.000365,0.0003552,0.0087712,0.0087712,0.0087711,0.0087714,0.0087712,0.0087712,0.0087713,0.0087712,4.5e-05,0.0004781,1.87e-05,0.0087709,2.28e-05,0.0087709,0.0087709,0.0087709,0.000595,0.000592,0.0005589,2.06e-05,0.0083599,0.0083603,0.0083602,0.0083603,0.0083599,0.0083607,0.0083599,3.03e-05,0.00836,0.0009535,0.0009448,0.0009119,0.000935,6.67e-05,7.27e-05,7.15e-05,5.09e-05,0.0079155,0.0079148,0.0079152,2.86e-05,0.0079162,0.0079152,0.0079173,2.72e-05,0.0012912,0.0012347,0.0012703,0.0078842,0.001319,0.0012738,0.0013099,0.0074137,0.0074147,0.0074152,0.0074154,0.0074153,3.23e-05,0.0074152,0.0074176,0.0016523,0.0015965,3.33e-05,0.0016292,0.0016277,0.0016233,0.0068656,0.0068659,0.0068666,0.0068653,0.0068667,0.0068681,9.85e-05,0.0068726,0.0018225,0.0063216,0.0063255,0.0063684,0.0056825,0.0001339,0.0051957,0.0041988,0.0052585,0.0053087,0.0037672,4.45e-05,0.0047335,0.0033652,0.0033708,0.0033933,0.0051511,-0.0016512,-0.0016482,-0.0016533,0.0021504,-0.0045013,-0.0045013
-0.0029062,-0.006132,0.0128023,0.0254635,0.0049283,0.0255402,1.85e-05,0.0262523,0.0250679,0.024932,0.0042926,-0.0012822,-0.0003301,-0.0018075,0.0040059,0.0221681,-0.0017885,9.4e-05,0.0207576,-0.0016588,0.0204309,-1.97e-05,-0.0031589,1.24e-05,0.019226,0.0026258,0.0026246,0.0026254,0.0025991,0.0025745,-0.0182705,0.0003012,-0.0033502,4.51e-05,-0.0032274,-0.0177617,-0.0031928,-0.0175855,-0.0173934,-0.0066546,-0.0027978,7.26e-05,3.74e-05,-0.0027613,-0.0064044,0.0125673,-0.0023655,-0.002364,-0.0023337,-0.0023333,-0.0023016,0.0117556,0.0133868,5.69e-05,-0.0024673,0.0001105,2.47e-05,3.08e-05,0.0001065,3.59e-05,5.91e-05,0.0001416,-0.0023924,-0.0023578,-0.0023213,2.65e-05,5.52e-05,0.0110343,4.93e-05,-1.58e-05,-0.0032964,-0.0042394,-0.0039885,2.97e-05,2.99e-05,-0.0041407,3.27e-05,1.52e-05,-0.0035762,-0.0007567,2.46e-05,-0.0008793,0.0125314,6.7e-06,0.0025457,0.0135263,0.0002421,0.0002428,0.0127642,0.0035497,-0.0002546,0.0001669,0.0004036,0.0001804,0.0002442,0.0001801,0.0001751,0.000221,-0.0121512,-0.0021295,0.0003071,0.0002974,1.8e-05,0.0002992,0.0002991,-0.0097643,6.1e-06,1.66e-05,-0.0001607,-0.0001772,-0.0095436,1.68e-05,-0.0028283,1.68e-05,-0.0028744,0.000319,0.0002805,0.0002811,-0.0034111,0.0079429,5.34e-05,1.3e-05,5.24e-05,-0.0003267,0.0002737,0.0002734,-0.0005247,1e-05,-0.0001744,0.0002657,0.0068044,1e-05,9.2e-06,4.04e-05,8.5e-06,0.0002581,0.0002876,0.0102138,-0.0002334,3.84e-05,6.7e-06,0.0102214,-0.0001588,6.9e-06,0.0102265,0.000247,0.0037126,2e-07,-0.0001012,0.0098867,0.0098865,2e-06,2e-06,3.3e-05,1.8e-06,1.8e-06,3.04e-05,-1.5e-06,6.8e-05,3.22e-05,3.14e-05,0.0095342,3.07e-05,0.0001485,0.0006623,2.99e-05,-1.2e-06,2.91e-05,0.003238,-0.0002287,-5.1e-06,2.53e-05,-5.2e-06,-6e-06,-6e-06,-5.4e-06,2.44e-05,0.0091502,-6.1e-06,-7e-06,-7e-06,2.34e-05,-0.000142,-0.0002148,2.39e-05,-7e-06,-6.5e-06,3.53e-05,3.4e-05,-1e-05,3.23e-05,4.04e-05,0.0087631,-0.0002128,0.0011218,-9.8e-06,0.0049361,3.17e-05,3.68e-05,4.07e-05,0.0023515,0.0021709,-0.0005628,0.0011905,-1.95e-05,-2.65e-05,-2.65e-05,-2.66e-05,-1.64e-05,-1.6e-06,-1.6e-05,0.0012084,-1.4e-05,-0.0005696,-0.0005696,-0.000132,-0.0005734,0.0068715,0.0065209,0.0066655,0.0061122,-6.8e-06,2.22e-05,2.48e-05,0.004578,6.6e-06,3.82e-05,2e-06,0.0043056,-0.0005554,0.0010086,-0.000689,3.88e-05,-0.000672,0.0008792,-0.000836,3.24e-05,1.32e-05,1.28e-05,2.89e-05,1.15e-05,0.0040926,5.01e-05,6.9e-06,-0.0007852,0.000684,0.0041479,-0.0009393,-0.0009494,-0.0009495,5.19e-05,6.07e-05,5.04e-05,6.38e-05,5.79e-05,6.24e-05,0.0062012,6.52e-05,-0.0007719,6.26e-05,5.92e-05,3.12e-05,0.0010429,0.0001482,-0.0008447,0.0005152,0.0007988,-0.0012263,0.0005516,0.0036047,-0.0011937,0.0005392,0.0005153,0.0005067,-0.0001006,0.0010314,0.0010314,0.0010314,-0.000575,1.92e-05,1.92e-05
-1.13e-05,0.0001322,-0.0003931,-0.0008257,-0.0001002,0.0011348,-0.0033168,4.69e-05,4.48e-05,4.45e-05,-6.54e-05,-1.79e-05,-1.59e-05,-1.84e-05,-6.05e-05,3.92e-05,-1.82e-05,-0.0026378,3.62e-05,-1.69e-05,3.56e-05,-0.0025355,2.85e-05,-0.0024949,3.29e-05,1.53e-05,1.53e-05,1.53e-05,1.51e-05,1.5e-05,-2.91e-05,1.09e-05,-3.9e-06,0.0181613,-4.2e-06,-2.92e-05,-4.5e-06,-2.89e-05,-2.86e-05,-2.41e-05,-4.4e-06,-0.0020498,0.0169868,-1.28e-05,-2.37e-05,1.33e-05,-1.17e-05,-1.16e-05,-1.16e-05,-1.13e-05,-1.14e-05,1.24e-05,2.96e-05,-0.0017893,-1.4e-05,0.0150602,0.0150579,0.0150576,-0.0015274,-0.0015252,0.0148378,0.0148397,-1.68e-05,-1.7e-05,-1.65e-05,-0.0012915,-0.0012904,2.93e-05,0.0141358,0.0138913,9e-07,-2.11e-05,-2.06e-05,-0.0010837,-0.0010864,-2.54e-05,-0.0010874,0.009355,-2.99e-05,-1.14e-05,0.0137066,-1.17e-05,2.54e-05,0.0137072,2.9e-06,3.08e-05,0.0001433,0.0001383,2.81e-05,-2e-06,-1.1e-05,0.0001321,-9.2e-06,0.0001275,-9.2e-06,0.0001259,0.0001207,-8.2e-06,-2.91e-05,0.0001223,0.0001139,0.0001104,0.0121133,0.0001259,0.0001246,-2.6e-05,0.0118226,0.0118226,-8e-06,-8e-06,-2.45e-05,0.0115234,-8.9e-06,0.0115232,-9.3e-06,0.000174,0.0001678,0.0001653,-1.15e-05,1.73e-05,0.0112176,0.0112174,0.0112175,-1.7e-06,0.0001926,0.0001927,-2.1e-06,0.0109023,-3.9e-06,0.0001942,1.69e-05,0.0105769,0.0105769,0.010577,0.0105769,0.0002248,0.000223,2.7e-05,-1.3e-06,0.0102419,0.0102418,2.78e-05,-1e-06,0.0102418,2.78e-05,0.0002402,0.0002466,0.0002385,-7e-07,2.95e-05,2.95e-05,0.0098948,0.0098948,0.0098949,0.0098948,0.0098948,0.0002637,0.000264,5e-07,0.009535,0.009535,3.07e-05,0.009535,8e-07,1.2e-06,0.009535,0.0002788,0.0095351,0.0002924,0.0002853,0.0091611,0.0091612,0.009161,0.0091611,0.0091611,0.0091611,0.0091612,3.73e-05,0.009161,0.0091611,0.0091611,0.0091612,0.0003621,0.0003524,0.0087712,0.0087712,0.0087711,0.0087714,0.0087712,0.0087713,0.0087713,0.0087712,4.43e-05,0.0004752,1.83e-05,0.008771,2.21e-05,0.008771,0.0087709,0.008771,0.0005922,0.0005891,0.0005562,2.02e-05,0.00836,0.0083603,0.0083603,0.0083604,0.00836,0.0083608,0.00836,2.98e-05,0.00836,0.0009509,0.0009421,0.0009093,0.0009323,6.61e-05,7.21e-05,7.1e-05,5.05e-05,0.0079157,0.007915,0.0079154,2.85e-05,0.0079163,0.0079153,0.0079175,2.66e-05,0.0012887,0.0012322,0.0012678,0.0078845,0.0013164,0.0012714,0.0013074,0.007414,0.0074151,0.0074155,0.0074157,0.0074157,3.17e-05,0.0074155,0.0074179,0.0016499,0.0015942,3.27e-05,0.0016268,0.0016253,0.001621,0.006866,0.0068663,0.0068671,0.0068658,0.0068671,0.0068685,9.76e-05,0.006873,0.0018204,0.006322,0.0063259,0.0063687,0.0056815,0.0001337,0.0051946,0.0042004,0.0052573,0.0053076,0.0037689,4.39e-05,0.0047325,0.0033667,0.0033724,0.0033949,0.005152,-0.0016497,-0.0016467,-0.0016518,0.0021504,-0.0045019,-0.0045019
-0.0233754,-0.0018386,0.017207,-0.0110652,0.0259384,-0.0035993,-0.0020522,-0.0044216,-0.0042181,-0.0041996,0.0230514,-0.0062716,-0.0062909,-0.0060185,0.0215097,-0.0038914,-0.0059505,-0.0013378,-0.0036447,-0.0055209,-0.003586,-0.001786,-0.0194534,-0.0016813,-0.003478,0.004958,0.0049582,0.0049581,0.0049123,0.0048657,0.0038469,0.0051464,-0.0176913,-9.62e-05,-0.0171333,0.0030143,-0.0171622,0.0028962,0.0028638,-0.0034986,-0.0165232,-0.001165,-0.0001084,-0.0163339,-0.0034487,-0.0048435,-0.0155367,-0.0155369,-0.0153309,-0.015331,-0.015122,-0.0053374,9.02e-05,-0.0008923,-0.0144343,-0.0001117,-0.0001225,-9.3e-05,-0.0008919,-0.0008876,-9.41e-05,-0.0001123,-0.0140058,-0.0137851,-0.0135635,-0.000807,-0.0008145,-0.0026018,-8.38e-05,-0.0001898,-0.000102,-0.0132831,-0.0133559,-0.000767,-0.000767,-0.0134003,-0.0007543,-0.0005474,-0.0122553,-0.0020597,-2.19e-05,-0.0022013,-0.0039822,-7.06e-05,-0.0007617,-0.002068,-0.0001962,-0.0002161,-0.0027568,-0.0128667,-0.0133175,-0.0002282,-0.0131535,-0.0001968,-0.0131391,-0.0002001,-0.0001823,-0.0123263,-0.0017064,-0.0006396,-0.0001492,-0.0001023,-9e-06,-0.0001321,-0.0001303,-0.0014384,-1.38e-05,-8.1e-06,-0.0117997,-0.0117998,-0.0015612,-5.07e-05,-0.001017,-3.71e-05,-0.0016736,-0.0040262,0.0001074,6.5e-05,-0.0042994,-0.0009524,-9e-07,-1.7e-06,-9e-07,0.0003798,0.0001077,7.78e-05,0.0003842,-3.26e-05,-0.010871,8.23e-05,0.0004407,-1.3e-06,-4.45e-05,-2e-07,-4.35e-05,0.0001106,0.0001107,4.7e-06,0.0005107,4e-07,-3.03e-05,1.79e-05,0.0006139,-2.94e-05,2.41e-05,7.73e-05,0.000124,7.76e-05,-0.0004086,6.03e-05,6.01e-05,-9e-07,-1e-06,1.5e-06,1.3e-06,1.3e-06,0.0001058,0.0001056,0.0095042,1e-06,1e-06,0.0001485,8e-07,0.0095287,7.08e-05,8e-07,0.00012,6e-07,8.21e-05,0.0001181,3e-07,3e-07,3.07e-05,-4e-07,-4e-07,3e-05,-1.2e-06,4.31e-05,2.92e-05,-2e-06,-2.1e-06,-2.2e-06,0.0032023,-0.0001097,-6.2e-06,2.42e-05,3.6e-05,-8.6e-06,-8.5e-06,2.19e-05,-9.6e-06,-9.6e-06,0.0001835,-8.02e-05,0.0086407,2.08e-05,-0.001284,-1.19e-05,-1.2e-05,-1.22e-05,-0.0002054,-0.0001998,-5.74e-05,0.0081857,3.45e-05,-9.2e-06,-9.2e-06,-9.3e-06,5.72e-05,-1.32e-05,7.17e-05,0.0081806,8.63e-05,-0.0001129,-0.0001129,0.0026781,-0.0003138,-0.0001759,0.0014531,0.0010236,-0.0020426,-2.2e-05,-3.19e-05,-3.31e-05,-0.0048142,-3.93e-05,-7.14e-05,-3.64e-05,-0.0015509,-0.0003112,-0.0019049,-0.0001703,-1.01e-05,-0.0001881,-0.0017769,-1.41e-05,-9.1e-06,1.01e-05,1.01e-05,4.3e-06,1.05e-05,-0.0014534,-3e-05,1.34e-05,-1.23e-05,-0.0015261,-0.0013631,0.0001485,0.0001632,0.0001632,1.61e-05,3e-06,1.73e-05,-1.3e-06,6.2e-06,-1.4e-06,0.0025293,1.11e-05,-0.0012589,1.5e-05,3.74e-05,5.31e-05,-0.0005517,-0.0041064,0.0005054,-0.0002321,-0.0004198,0.0007523,-0.0002565,0.0030971,-0.0004914,-0.0002193,-0.0002549,-0.0002837,-0.0003939,-0.0010786,-0.0010775,-0.0010793,-0.0033563,-0.0015755,-0.0015755
-0.0205368,-0.028441,-0.0178531,0.0034218,-0.0070643,0.0013586,-0.0001422,0.0014897,0.0014108,0.0014037,-0.006232,-0.0225252,-0.0220135,-0.0219667,-0.00581,0.0007005,-0.0216626,-0.0001951,0.0006585,-0.0201024,0.0006474,6.43e-05,0.0052564,-9.13e-05,0.0006376,0.018772,0.018772,0.018772,0.0185974,0.0184211,0.0022806,0.0179727,0.0047823,2.76e-05,0.0047164,0.0002431,0.0046421,0.0002633,0.0002608,-0.0160865,0.0042204,-0.0002274,-4.47e-05,0.0041703,-0.0155045,-0.0085751,0.0041182,0.004118,0.0040638,0.0040634,0.0040095,-0.0079024,0.0089975,-8.96e-05,0.0046148,-4.47e-05,-3.16e-05,-4.01e-05,-0.0001686,-0.0001609,-4.05e-05,-4.56e-05,0.0044743,0.0044032,0.0043228,-0.0001531,-0.0001563,0.0092873,-2.06e-05,-2.32e-05,0.0133324,0.0012745,0.0012996,-0.0002141,-0.0002061,0.000278,-0.0002196,-0.0001647,0.0002369,-0.013591,-2.46e-05,-0.0135712,-0.0029076,-0.0001771,-0.0132667,0.0002156,-0.0002126,-0.0002415,-0.0022787,0.0015468,0.0019353,-0.0002425,0.0010321,-0.0002154,0.0012546,-0.0002146,-0.0002115,0.0011909,0.0010708,-0.0038792,2.41e-05,1.94e-05,-3.2e-06,2.22e-05,2.21e-05,-0.0072007,-5.53e-05,-1.8e-06,0.0005814,0.0005803,-0.0069473,1.3e-06,-0.0113003,3e-07,-0.0112191,0.0002371,7.3e-06,9.6e-06,-0.0100401,-0.0072787,-1.66e-05,-1.8e-06,-1.62e-05,-0.0111947,9.6e-06,8.1e-06,-0.0108849,-3.1e-06,-0.0008097,8e-06,-0.0080103,-1.3e-06,-4.1e-06,-7e-07,-4e-06,9.7e-06,1.02e-05,5.31e-05,-0.0102089,-3e-07,-3.4e-06,0.0001801,-0.0101995,-4.1e-06,0.000292,6.4e-06,0.0001502,-3.4e-06,-0.0102132,0.000377,0.0003744,-3.16e-05,-3.09e-05,1.8e-06,1e-07,1e-07,1.3e-06,-4e-07,-0.000618,1.8e-06,1.7e-06,0.0006623,1.2e-06,7.08e-05,0.0095307,6e-07,8e-07,6e-07,6.68e-05,-4e-06,-1e-07,5e-07,7e-07,-1e-07,-1e-07,7e-07,5e-07,0.000305,7e-07,-2e-07,-2e-07,1e-07,8.38e-05,-9.8e-06,0,6e-07,9e-07,1e-07,1e-07,5e-07,0,1e-07,0.0006216,-8.1e-06,0.0011948,3.4e-06,0.0074307,-2.42e-05,-2.69e-05,-2.9e-05,-0.0013529,-0.001259,0.0001859,0.0014288,1.51e-05,8e-06,8e-06,8e-06,1.89e-05,-5.9e-06,2.22e-05,0.0014604,2.52e-05,0.0001777,0.0001777,0.0006477,0.0001299,-0.0034192,-0.0037874,-0.0036714,-0.0041315,-1.7e-06,4.23e-05,4.69e-05,-0.0039416,-2.17e-05,-4.87e-05,-1.85e-05,0.0067305,0.000124,-0.0012169,0.0002405,4.56e-05,0.0002254,-0.0011078,0.0003688,-2.53e-05,-9e-06,-8.9e-06,1.64e-05,-1.08e-05,0.0063272,-4.42e-05,-7.6e-06,0.000346,-0.0009156,0.0063156,0.0005126,0.000484,0.000484,-2.61e-05,-6e-07,-2.79e-05,7.3e-06,-6.5e-06,9.2e-06,0.0024815,-4.85e-05,0.0021112,-4.18e-05,-6.7e-05,-6.62e-05,-0.0007064,0.0049647,0.00011,-5.15e-05,-0.0006321,0.0002675,-4.25e-05,0.0038215,0.0013217,-3.48e-05,-3.91e-05,-7.7e-06,0.0005274,0.0002292,0.0002283,0.0002297,0.003364,0.0012644,0.0012644
-1.02e-05,0.0001339,-0.0003923,-0.0008264,-9.98e-05,0.0011306,-0.0033105,4.47e-05,4.26e-05,4.24e-05,-6.51e-05,-1.67e-05,-1.48e-05,-1.72e-05,-6.02e-05,3.73e-05,-1.69e-05,-0.0026328,3.45e-05,-1.57e-05,3.39e-05,-0.0025307,2.82e-05,-0.0024901,3.13e-05,1.41e-05,1.41e-05,1.41e-05,1.4e-05,1.38e-05,-2.78e-05,1e-05,-4.1e-06,0.0181618,-4.3e-06,-2.78e-05,-4.7e-06,-2.75e-05,-2.72e-05,-2.27e-05,-4.6e-06,-0.0020458,0.0169873,-1.29e-05,-2.24e-05,1.27e-05,-1.18e-05,-1.17e-05,-1.18e-05,-1.15e-05,-1.15e-05,1.18e-05,2.8e-05,-0.0017857,-1.42e-05,0.0150606,0.0150584,0.0150581,-0.0015239,-0.0015216,0.0148382,0.0148401,-1.7e-05,-1.71e-05,-1.66e-05,-0.0012881,-0.001287,2.79e-05,0.0141362,0.0138917,4e-07,-2.09e-05,-2.04e-05,-0.0010804,-0.0010831,-2.51e-05,-0.0010841,0.0093574,-2.83e-05,-1.06e-05,0.0137069,-1.09e-05,2.45e-05,0.0137074,3.4e-06,2.96e-05,0.0001465,0.0001416,2.72e-05,-2.3e-06,-1.11e-05,0.0001353,-9.2e-06,0.0001307,-9.2e-06,0.000129,0.0001238,-8.2e-06,-2.81e-05,0.0001254,0.0001168,0.0001132,0.0121134,0.0001288,0.0001274,-2.47e-05,0.0118227,0.0118226,-8e-06,-8e-06,-2.32e-05,0.0115234,-8.1e-06,0.0115232,-8.4e-06,0.0001765,0.0001705,0.000168,-1.06e-05,1.7e-05,0.0112176,0.0112174,0.0112176,-1e-06,0.0001952,0.0001953,-1.5e-06,0.0109024,-3.8e-06,0.0001967,1.68e-05,0.0105769,0.010577,0.010577,0.0105769,0.0002273,0.0002255,2.61e-05,-7e-07,0.0102419,0.0102418,2.69e-05,-4e-07,0.0102418,2.69e-05,0.0002426,0.0002486,0.0002409,-2e-07,2.87e-05,2.87e-05,0.0098948,0.0098948,0.0098949,0.0098948,0.0098948,0.000266,0.0002663,5e-07,0.009535,0.009535,2.99e-05,0.009535,8e-07,6e-07,0.009535,0.0002811,0.0095351,0.0002943,0.0002876,0.0091611,0.0091612,0.009161,0.0091611,0.0091611,0.0091611,0.0091612,3.67e-05,0.009161,0.0091611,0.0091611,0.0091612,0.0003642,0.0003544,0.0087712,0.0087712,0.0087711,0.0087714,0.0087712,0.0087712,0.0087713,0.0087712,4.36e-05,0.0004773,1.82e-05,0.008771,2.13e-05,0.0087709,0.0087709,0.0087709,0.000594,0.000591,0.0005582,2e-05,0.0083599,0.0083603,0.0083603,0.0083603,0.0083599,0.0083607,0.00836,2.97e-05,0.00836,0.0009528,0.0009441,0.0009111,0.0009343,6.59e-05,7.19e-05,7.08e-05,5.04e-05,0.0079155,0.0079149,0.0079152,2.84e-05,0.0079162,0.0079152,0.0079173,2.59e-05,0.0012906,0.001234,0.0012697,0.0078843,0.0013183,0.0012731,0.0013092,0.0074138,0.0074148,0.0074153,0.0074155,0.0074154,3.1e-05,0.0074153,0.0074177,0.0016517,0.0015959,3.21e-05,0.0016286,0.0016271,0.0016227,0.0068657,0.006866,0.0068668,0.0068655,0.0068668,0.0068682,9.71e-05,0.0068727,0.0018218,0.0063217,0.0063256,0.0063685,0.0056821,0.0001334,0.0051955,0.0041992,0.0052582,0.0053085,0.0037676,4.34e-05,0.0047332,0.0033656,0.0033712,0.0033937,0.0051514,-0.0016509,-0.0016479,-0.001653,0.0021503,-0.0045015,-0.0045015
-0.0017244,-0.0017563,0.0039709,0.0062501,0.0022769,-0.0092467,0.0267891,-0.0004614,-0.0004403,-0.0004383,0.0018319,-0.0006653,-0.0006673,-0.0006385,0.0017051,-0.0004062,-0.0006309,0.0213217,-0.0003765,-0.0005851,-0.0003704,0.0204686,-0.0013267,0.0201421,-0.0003493,0.0005448,0.0005448,0.0005448,0.0005398,0.0005347,0.0004016,0.0005625,-0.000967,0.0029349,-0.0009288,0.0003186,-0.000929,0.0003102,0.0003068,-0.000389,-0.0008973,0.0170801,0.0027497,-0.0008149,-0.0003754,-0.0005036,-0.0007743,-0.0007752,-0.0007634,-0.0007659,-0.0007535,-0.0005169,3.17e-05,0.0154314,-0.0006776,0.002413,0.0024305,0.0024341,0.0150108,0.015012,0.0023216,0.0023028,-0.0005997,-0.0005863,-0.0005794,0.0143355,0.0143349,-8.21e-05,0.0021287,0.0020693,0.0002365,-0.000551,-0.0005554,0.0138688,0.0138686,-0.0005254,0.0138683,0.0106428,0.0056385,-0.0002804,0.0013567,-0.000282,-0.0003584,0.0013293,-0.0002907,-0.0002673,0.0137176,0.0137165,-0.0003111,-0.0002136,-0.0001612,0.0134608,-0.0001781,0.0132008,-0.0001686,0.0132006,0.0129341,-0.0001528,0.0001622,0.011598,0.0123833,0.0120996,0.0006777,0.0120993,0.0120993,0.0002145,0.0006045,0.0006128,-0.0001189,-0.0001199,0.000208,0.0005835,4.93e-05,0.0005977,3.73e-05,0.0107287,0.0115123,0.011512,0.000103,-0.000207,0.0005076,0.0005122,0.0005099,-9e-07,0.011205,0.011205,4.4e-06,0.0004498,7.82e-05,0.0108894,-0.0001745,0.000432,0.0004233,0.0004322,0.0004284,0.0105627,0.0105619,-0.0002506,-1.6e-06,0.0003777,0.0003748,-0.0002506,-3.2e-06,0.0003852,-0.0002507,0.0102277,0.0095328,0.0102308,-2e-06,-3.8e-06,-3.8e-06,0.0003246,0.0003157,0.0003244,0.0003262,0.0003274,0.0098835,0.0098835,0.0001191,0.0002788,0.000282,-1.2e-06,0.0002788,0.00012,8e-07,0.0002811,0.0095224,0.0002643,0.0089529,0.009519,0.0002281,0.0002327,0.0002227,0.0002323,0.0002344,0.0002307,0.0002325,0.0002171,0.0002275,0.0002367,0.0002353,0.0002339,0.008608,0.0087536,0.000175,0.0001852,0.0001753,0.0001829,0.0001762,0.0001877,0.0001824,0.0001793,0.0002133,0.0087531,0.0003323,0.0001526,8.12e-05,0.0001474,0.000146,0.0001489,0.0082873,0.0083557,0.0083244,0.000319,1.04e-05,2.04e-05,2.03e-05,2.21e-05,1.34e-05,2.99e-05,1.96e-05,0.0003177,2.53e-05,0.008297,0.0082977,0.007888,0.0082919,0.000568,0.0006307,0.0006175,0.0004377,-0.0003059,-0.0003143,-0.0003098,0.000258,-0.0002965,-0.0003055,-0.0002793,8.38e-05,0.0078213,0.0074206,0.0078158,-0.0006537,0.0078106,0.0074849,0.0077932,-0.0007791,-0.0007712,-0.0007677,-0.0007669,-0.0007666,8.33e-05,-0.0007663,-0.0007493,0.0072785,0.0070632,9.21e-05,0.0072529,0.0072539,0.0072547,-0.0011488,-0.0011482,-0.0011435,-0.0011508,-0.0011437,-0.0011369,0.0006141,-0.001112,0.0062513,-0.001229,-0.0012095,-0.0009982,0.0029324,0.0001963,0.0038883,-0.0047725,0.0037573,0.0035574,-0.0051188,0.0002336,0.0031129,-0.0047238,-0.0047209,-0.0047045,-0.002674,-0.0048467,-0.0048479,-0.0048459,3.9e-05,0.0017436,0.0017436
-7.1e-06,0.0001374,-0.0004004,-0.0008396,-0.0001041,0.0011448,-0.0033579,4.33e-05,4.13e-05,4.11e-05,-6.86e-05,-1.55e-05,-1.37e-05,-1.6e-05,-6.35e-05,3.62e-05,-1.57e-05,-0.0026705,3.34e-05,-1.47e-05,3.29e-05,-0.0025669,3.08e-05,-0.0025257,3.03e-05,1.3e-05,1.3e-05,1.3e-05,1.29e-05,1.28e-05,-2.69e-05,9.1e-06,-2.2e-06,0.0181578,-2.5e-06,-2.68e-05,-2.8e-06,-2.65e-05,-2.62e-05,-2.16e-05,-2.8e-06,-0.002076,0.0169835,-1.13e-05,-2.13e-05,1.25e-05,-1.03e-05,-1.02e-05,-1.03e-05,-1e-05,-1e-05,1.17e-05,2.69e-05,-0.001813,-1.28e-05,0.0150573,0.015055,0.0150548,-0.0015504,-0.0015481,0.0148351,0.014837,-1.58e-05,-1.59e-05,-1.54e-05,-0.0013134,-0.0013123,2.71e-05,0.0141333,0.0138889,3e-07,-1.96e-05,-1.92e-05,-0.0011049,-0.0011076,-2.39e-05,-0.0011086,0.0093393,-3.8e-05,-1.01e-05,0.0137053,-1.04e-05,2.41e-05,0.0137059,3.6e-06,2.9e-05,0.0001223,0.0001174,2.66e-05,-2.3e-06,-1.08e-05,0.0001116,-9e-06,0.0001074,-9e-06,0.0001057,0.000101,-8e-06,-2.74e-05,0.0001051,9.5e-05,9.19e-05,0.0121129,0.0001074,0.0001061,-2.43e-05,0.0118224,0.0118223,-7.8e-06,-7.8e-06,-2.29e-05,0.0115231,-8e-06,0.0115229,-8.3e-06,0.0001576,0.0001502,0.0001477,-1.06e-05,1.67e-05,0.0112174,0.0112172,0.0112174,-1e-06,0.0001754,0.0001756,-1.5e-06,0.0109023,-4e-06,0.0001775,1.65e-05,0.0105768,0.0105769,0.0105769,0.0105768,0.0002087,0.0002069,2.57e-05,-7e-07,0.0102419,0.0102418,2.65e-05,-5e-07,0.0102418,2.65e-05,0.0002246,0.0002315,0.0002229,-2e-07,2.79e-05,2.79e-05,0.0098948,0.0098948,0.0098949,0.0098948,0.0098948,0.0002486,0.0002489,3e-07,0.0095351,0.0095351,2.91e-05,0.0095351,6e-07,6e-07,0.0095351,0.0002643,0.0095352,0.0002783,0.0002709,0.0091613,0.0091614,0.0091612,0.0091613,0.0091613,0.0091613,0.0091614,3.55e-05,0.0091612,0.0091613,0.0091612,0.0091614,0.0003491,0.0003391,0.0087714,0.0087714,0.0087713,0.0087716,0.0087714,0.0087715,0.0087715,0.0087714,4.25e-05,0.0004619,1.75e-05,0.0087712,2.08e-05,0.0087712,0.0087712,0.0087712,0.0005793,0.0005761,0.0005436,1.94e-05,0.0083605,0.0083608,0.0083608,0.0083608,0.0083604,0.0083612,0.0083605,2.91e-05,0.0083605,0.0009383,0.0009296,0.0008973,0.0009198,6.43e-05,7.03e-05,6.91e-05,4.91e-05,0.0079166,0.0079159,0.0079163,2.75e-05,0.0079172,0.0079163,0.0079183,2.54e-05,0.0012769,0.0012209,0.0012561,0.007886,0.0013047,0.0012599,0.0012957,0.0074156,0.0074167,0.0074171,0.0074173,0.0074172,3.05e-05,0.0074171,0.0074195,0.001639,0.0015835,3.16e-05,0.001616,0.0016145,0.0016101,0.0068682,0.0068684,0.0068692,0.0068679,0.0068692,0.0068706,9.55e-05,0.0068751,0.001811,0.0063242,0.0063281,0.0063706,0.0056772,0.0001331,0.0051891,0.0042078,0.0052518,0.0053027,0.0037768,4.28e-05,0.0047282,0.0033741,0.0033797,0.0034022,0.0051564,-0.0016426,-0.0016396,-0.0016446,0.0021504,-0.0045049,-0.0045049
-0.0020728,-0.0032516,0.0082523,0.0145947,0.0037212,2.53e-05,0.0252083,0.0085313,0.0081468,0.0081023,0.0030965,-0.0006338,-0.0003194,-0.0007992,0.0028854,0.007199,-0.0007913,0.0200895,0.0067446,-0.0007336,0.0066386,0.0192482,-0.0022488,0.0189539,0.0062468,0.0010525,0.0010521,0.0010523,0.0010419,0.0010321,-0.0059236,0.0002881,-0.0019828,0.0028132,-0.0019086,-0.0057871,-0.0018955,-0.0057342,-0.0056716,-0.002337,-0.0017293,0.0160942,0.0026353,-0.0016402,-0.0022491,0.0039962,-0.0014729,-0.0014732,-0.0014526,-0.0014549,-0.0014332,0.0036999,0.004444,0.0145346,-0.0014342,0.0023396,0.0023266,0.002332,0.0141579,0.0141348,0.0022354,0.0022461,-0.0013367,-0.001313,-0.0012945,0.0134951,0.0135045,0.0035526,0.0020489,0.0019713,-0.0011237,-0.0018734,-0.0017918,0.0130585,0.0130582,-0.0017981,0.013059,0.0100392,0.0041813,-0.0002774,0.0013131,-0.0003198,0.0040187,0.0012843,0.0008229,0.0043754,0.0129865,0.0129863,0.0041217,0.0010921,-0.0001587,0.0127201,6.35e-05,0.0124795,1.42e-05,0.0124792,0.0122268,1.55e-05,-0.0039949,0.0102496,0.0117496,0.0114792,0.0006687,0.0114798,0.0114798,-0.0029958,0.0005962,0.0006065,-7.7e-05,-8.36e-05,-0.0029299,0.0005788,-0.0007208,0.000592,-0.0007436,0.0102271,0.0109198,0.01092,-0.0008625,0.0026437,0.0005192,0.0005094,0.000521,7.16e-05,0.0106286,0.0106286,3.8e-06,0.0004494,0.000119,0.0103293,0.0022865,0.0004316,0.0004236,0.0004422,0.0004281,0.0100193,0.0100287,0.0032466,8.51e-05,0.0003895,0.0003764,0.003247,0.0001081,0.0003862,0.0032468,0.0097009,0.0102266,0.0096198,0.0001376,0.0033613,0.0033613,0.000327,0.0003187,0.0003368,0.0003279,0.0003291,0.0093033,0.0092924,6.56e-05,0.000293,0.0002956,0.003238,0.0002924,8.21e-05,6.68e-05,0.0002943,0.0089529,0.0002783,0.0095213,0.0088722,0.0002318,0.0002465,0.0002265,0.0002354,0.0002374,0.0002339,0.000246,0.0033192,0.0002306,0.0002392,0.000238,0.000247,0.0080179,0.0081594,0.000191,0.0001898,0.0001806,0.0002024,0.0001956,0.0001912,0.0002008,0.0002007,0.0031771,0.0081596,0.0006024,0.0001582,0.0016464,0.0001682,0.0001686,0.0001727,0.0086199,0.008621,0.0076339,0.0006132,2e-05,2.75e-05,2.74e-05,2.9e-05,2.36e-05,4.52e-05,2.94e-05,0.0006176,3.52e-05,0.0076072,0.0076079,0.0073405,0.0076036,0.0029362,0.002868,0.0029066,0.0025823,-0.0002733,-0.0002719,-0.0002669,0.0019102,-0.0002594,-0.0002563,-0.0002448,0.0014478,0.007168,0.0073604,0.0071141,-0.0005857,0.0071156,0.0073738,0.0070394,-0.0007056,-0.0007051,-0.000702,-0.0006961,-0.0007014,0.0013806,-0.000687,-0.0006868,0.0065738,0.0069061,0.0014071,0.006493,0.0064908,0.0064916,-0.001048,-0.0010447,-0.0010434,-0.0010461,-0.0010413,-0.0010336,0.0026297,-0.0010084,0.0055938,-0.0011205,-0.0011031,-0.000914,0.0031411,0.000187,0.0033727,-0.0043003,0.0038303,0.002927,-0.0046143,0.0013591,0.0025118,-0.0042484,-0.0042535,-0.0042412,-0.0025434,-0.0042037,-0.0042049,-0.004203,-0.0001829,0.0016287,0.0016287
-0.001682,-0.0016421,0.0036447,0.0056396,0.0021541,-0.0098526,0.026775,-0.0010886,-0.0010392,-0.0010339,0.001725,-0.0006617,-0.0006858,-0.0006216,0.0016054,-0.0009365,-0.0006141,0.0213086,-0.000873,-0.0005695,-0.0008592,0.0204588,-0.0012477,0.0201316,-0.0008092,0.0005044,0.0005045,0.0005045,0.0004998,0.0004951,0.0008421,0.0005769,-0.0008838,0.0029467,-0.0008485,0.0007444,-0.0008497,0.0007319,0.0007238,-0.0002489,-0.0008278,0.0170696,0.0027607,-0.0007463,-0.0002406,-0.0008151,-0.0007152,-0.0007161,-0.0007051,-0.0007076,-0.000696,-0.0008082,-0.0002782,0.0154224,-0.0006153,0.0024209,0.0024404,0.0024439,0.0150009,0.0150038,0.0023306,0.0023098,-0.0005394,-0.0005268,-0.0005208,0.0143279,0.0143267,-0.0003358,0.0021375,0.0020795,0.0003308,-0.0004501,-0.0004605,0.0138614,0.0138612,-0.0004281,0.0138609,0.0106452,0.0057201,-0.0002784,0.0013661,-0.0002771,-0.0006623,0.001339,-0.0003671,-0.000591,0.0137063,0.0137051,-0.0006196,-0.0002989,-0.000155,0.0134513,-0.0001887,0.0131911,-0.0001752,0.0131909,0.0129247,-0.0001587,0.000454,0.0116399,0.0123712,0.0120878,0.0006863,0.0120875,0.0120875,0.0004395,0.0006132,0.0006212,-0.0001163,-0.0001169,0.000428,0.0005918,0.0001037,0.0006059,9.28e-05,0.0107166,0.0115012,0.0115009,0.0001722,-0.0004057,0.0005148,0.0005203,0.0005171,-6e-06,0.0111943,0.0111942,4.3e-06,0.0004578,7.96e-05,0.0108789,-0.0003466,0.0004397,0.0004311,0.0004392,0.0004361,0.0105526,0.0105511,-0.000495,-7.9e-06,0.0003845,0.0003824,-0.000495,-1.12e-05,0.0003927,-0.000495,0.010218,0.0094406,0.010227,-1.16e-05,-0.00024,-0.00024,0.000332,0.0003231,0.0003311,0.0003337,0.0003349,0.0098791,0.0098799,0.0001183,0.0002853,0.0002884,-0.0002287,0.0002853,0.0001181,-4e-06,0.0002876,0.009519,0.0002709,0.0088722,0.0095209,0.0002352,0.0002391,0.0002298,0.0002394,0.0002415,0.0002378,0.0002389,-1.6e-06,0.0002346,0.0002438,0.0002424,0.0002403,0.008609,0.0087556,0.0001811,0.000192,0.0001822,0.0001888,0.000182,0.0001946,0.0001883,0.000185,4.2e-06,0.0087551,0.0003082,0.0001596,-2.86e-05,0.0001533,0.0001517,0.0001545,0.0082266,0.0082994,0.0083352,0.0002934,1.73e-05,2.75e-05,2.73e-05,2.91e-05,2.03e-05,3.64e-05,2.64e-05,0.0002917,3.21e-05,0.0083083,0.008309,0.00789,0.0083032,0.0003994,0.0004702,0.0004537,0.0002861,-0.0002995,-0.0003086,-0.0003041,0.0001429,-0.0002905,-0.0003002,-0.0002732,-1.17e-05,0.0078326,0.0073928,0.0078304,-0.0006483,0.0078249,0.0074603,0.0078116,-0.0007739,-0.0007655,-0.000762,-0.0007616,-0.0007608,-7.5e-06,-0.0007616,-0.0007435,0.0072961,0.007044,-1e-07,0.0072744,0.0072756,0.0072764,-0.0011444,-0.0011439,-0.001139,-0.0011466,-0.0011394,-0.0011326,0.0004688,-0.0011079,0.006271,-0.0012252,-0.0012056,-0.0009937,0.0029097,0.0001978,0.0039112,-0.0047798,0.0037399,0.0035898,-0.0051272,0.0001522,0.0031453,-0.0047324,-0.0047289,-0.0047122,-0.0026661,-0.0048707,-0.0048719,-0.0048699,5.77e-05,0.0017402,0.0017402
3.1e-06,0.0001531,-0.000442,-0.0009123,-0.000123,0.0010363,-0.0032995,-4.84e-05,-4.63e-05,-4.6e-05,-8.55e-05,-1.28e-05,-1.43e-05,-1.14e-05,-7.92e-05,-4.13e-05,-1.12e-05,-0.0026244,-3.92e-05,-1.05e-05,-3.86e-05,-0.0025221,4.39e-05,-0.0024818,-3.69e-05,5.4e-06,5.4e-06,5.4e-06,5.4e-06,5.3e-06,3.72e-05,9.5e-06,1.2e-05,0.0174391,1.11e-05,3.53e-05,1.07e-05,3.5e-05,3.46e-05,5e-07,9.2e-06,-0.0020415,0.0163113,7e-07,0,-3.21e-05,2e-07,3e-07,1e-07,4e-07,2e-07,-2.99e-05,-1.93e-05,-0.0017842,-2e-06,0.0144612,0.0144592,0.0144589,-0.001531,-0.0015285,0.014248,0.0142496,-5.3e-06,-5.6e-06,-5.3e-06,-0.0013011,-0.0013002,-1.07e-05,0.0135743,0.0133398,1.34e-05,-3.2e-06,-3.6e-06,-0.0010996,-0.0011021,-7.9e-06,-0.0011031,0.0089448,-4.01e-05,-8.7e-06,0.0131653,-8.6e-06,-2.02e-05,0.0131659,-6.9e-06,-1.86e-05,7.94e-05,7.46e-05,-1.85e-05,-1.45e-05,-9.5e-06,7e-05,-1.02e-05,6.67e-05,-9.6e-06,6.5e-05,6.13e-05,-8.6e-06,1.55e-05,7.62e-05,5.65e-05,5.44e-05,0.011637,6.93e-05,6.8e-05,8.7e-06,0.0113581,0.011358,-7.3e-06,-7.2e-06,9.4e-06,0.0110706,1e-07,0.0110703,-1e-07,0.000121,0.0001121,0.0001097,-6e-07,-1.23e-05,0.0107769,0.0107769,0.0107768,-1.7e-06,0.0001372,0.0001373,-1.4e-06,0.0104744,-4.2e-06,0.0001401,-8.7e-06,0.0101617,0.0101618,0.0101617,0.0101618,0.0001709,0.0001691,-1.01e-05,-1.5e-06,0.00984,0.00984,-9.4e-06,-1.6e-06,0.0098399,-9.3e-06,0.0001872,0.0001836,0.0001864,-1.6e-06,-7.5e-06,-7.5e-06,0.0095068,0.0095068,0.0095067,0.0095067,0.0095067,0.0002119,0.0002123,2e-07,0.0091611,0.0091611,-5.1e-06,0.0091611,3e-07,-1e-07,0.0091611,0.0002281,0.0091613,0.0002318,0.0002352,0.0088022,0.0088022,0.0088021,0.0088022,0.0088022,0.0088022,0.0088022,1.8e-06,0.0088021,0.0088021,0.0088021,0.0088021,0.0003127,0.0003027,0.0084276,0.0084277,0.0084277,0.0084277,0.0084276,0.0084278,0.0084277,0.0084276,9.9e-06,0.0004208,1.28e-05,0.0084276,3.8e-06,0.0084275,0.0084274,0.0084274,0.0005257,0.0005231,0.0005017,1.44e-05,0.0080333,0.0080336,0.0080336,0.0080337,0.0080333,0.0080339,0.0080333,2.36e-05,0.0080333,0.0008811,0.0008727,0.0008415,0.0008633,3.58e-05,4.26e-05,4.1e-05,2.39e-05,0.0076077,0.007607,0.0076073,8.9e-06,0.0076082,0.0076072,0.0076092,1.02e-05,0.0012076,0.0011491,0.0011881,0.007579,0.0012348,0.001187,0.0012268,0.0071274,0.0071285,0.0071289,0.007129,0.007129,1.59e-05,0.0071288,0.0071311,0.0015579,0.0014997,1.66e-05,0.0015364,0.001535,0.0015308,0.0066023,0.0066026,0.0066033,0.0066021,0.0066033,0.0066046,6.91e-05,0.0066089,0.0017261,0.0060799,0.0060835,0.0061239,0.0054433,0.0001274,0.0049784,0.0040543,0.0050332,0.0050898,0.003641,2.87e-05,0.004539,0.003253,0.0032584,0.00328,0.0049623,-0.0015688,-0.0015659,-0.0015707,0.0020685,-0.0043333,-0.0043333
-2.7e-06,0.0001372,-0.0003973,-0.0008279,-0.0001064,0.0011134,-0.0032862,3.52e-05,3.36e-05,3.34e-05,-7.11e-05,-1.34e-05,-1.19e-05,-1.38e-05,-6.58e-05,2.94e-05,-1.36e-05,-0.0026136,2.71e-05,-1.26e-05,2.66e-05,-0.0025121,3.33e-05,-0.0024718,2.45e-05,1.09e-05,1.09e-05,1.09e-05,1.08e-05,1.07e-05,-2.15e-05,7.7e-06,9e-07,0.0174405,5e-07,-2.15e-05,2e-07,-2.12e-05,-2.1e-05,-1.82e-05,0,-0.0020329,0.0163126,-8.3e-06,-1.81e-05,9.4e-06,-7.6e-06,-7.5e-06,-7.6e-06,-7.3e-06,-7.4e-06,8.9e-06,2.21e-05,-0.0017764,-1.02e-05,0.0144625,0.0144603,0.0144601,-0.0015232,-0.001521,0.0142492,0.014251,-1.32e-05,-1.34e-05,-1.29e-05,-0.001294,-0.001293,2.32e-05,0.0135754,0.0133407,9e-07,-1.65e-05,-1.62e-05,-0.0010926,-0.0010952,-2.08e-05,-0.0010961,0.00895,-4.82e-05,-9.1e-06,0.0131659,-9.3e-06,2.03e-05,0.0131665,3.2e-06,2.46e-05,8.69e-05,8.21e-05,2.26e-05,-2.8e-06,-1e-05,7.72e-05,-8.5e-06,7.37e-05,-8.4e-06,7.21e-05,6.82e-05,-7.5e-06,-2.33e-05,7.57e-05,6.35e-05,6.12e-05,0.0116373,7.62e-05,7.48e-05,-2.12e-05,0.0113583,0.0113582,-7.3e-06,-7.3e-06,-1.98e-05,0.0110708,-7.1e-06,0.0110705,-7.4e-06,0.0001274,0.0001186,0.0001161,-9.6e-06,1.41e-05,0.0107772,0.010777,0.0107771,-1e-06,0.0001435,0.0001436,-1.4e-06,0.0104745,-4.1e-06,0.0001462,1.42e-05,0.0101619,0.0101619,0.0101619,0.0101619,0.0001769,0.0001751,2.24e-05,-7e-07,0.0098402,0.0098401,2.31e-05,-5e-07,0.00984,2.32e-05,0.0001929,0.0002001,0.0001914,-3e-07,2.4e-05,2.4e-05,0.0095068,0.0095068,0.0095069,0.0095068,0.0095068,0.0002168,0.0002171,1e-07,0.0091612,0.0091612,2.53e-05,0.0091612,3e-07,5e-07,0.0091612,0.0002327,0.0091614,0.0002465,0.0002391,0.0088022,0.0088023,0.0088021,0.0088022,0.0088022,0.0088022,0.0088023,3.11e-05,0.0088021,0.0088021,0.0088021,0.0088022,0.0003163,0.0003063,0.0084277,0.0084277,0.0084276,0.0084278,0.0084277,0.0084277,0.0084278,0.0084277,3.79e-05,0.0004244,1.59e-05,0.0084276,1.85e-05,0.0084276,0.0084275,0.0084276,0.0005374,0.0005343,0.0005039,1.77e-05,0.0080332,0.0080335,0.0080335,0.0080335,0.0080331,0.0080338,0.0080332,2.7e-05,0.0080332,0.0008833,0.0008749,0.0008446,0.0008655,5.86e-05,6.42e-05,6.31e-05,4.44e-05,0.0076074,0.0076068,0.0076071,2.45e-05,0.007608,0.0076071,0.007609,2.31e-05,0.0012097,0.0011562,0.0011897,0.0075787,0.0012364,0.0011937,0.0012278,0.0071271,0.0071281,0.0071285,0.0071287,0.0071286,2.81e-05,0.0071285,0.0071307,0.0015589,0.0015056,2.9e-05,0.0015368,0.0015354,0.0015312,0.0066019,0.0066021,0.0066029,0.0066016,0.0066029,0.0066042,8.87e-05,0.0066085,0.0017264,0.0060794,0.0060831,0.0061235,0.0054482,0.0001274,0.0049775,0.0040536,0.0050376,0.0050875,0.0036403,3.96e-05,0.0045365,0.0032524,0.0032578,0.0032793,0.0049606,-0.0015678,-0.0015649,-0.0015698,0.0020663,-0.0043324,-0.0043324
-7.19e-05,0.000147,-0.0003913,-0.0009531,-4.21e-05,0.0010287,-0.0033223,-6.4e-05,-6.12e-05,-6.08e-05,-1.34e-05,-3.38e-05,-3.54e-05,-3.16e-05,-1.2e-05,-5.5e-05,-3.11e-05,-0.0026416,-5.2e-05,-2.89e-05,-5.12e-05,-0.0025402,-1.71e-05,-0.0024993,-4.91e-05,2.19e-05,2.19e-05,2.19e-05,2.17e-05,2.15e-05,5.07e-05,2.67e-05,-4.36e-05,0.0174372,-4.27e-05,4.6e-05,-4.32e-05,4.53e-05,4.48e-05,-1.1e-05,-4.28e-05,-0.0020556,0.0163094,-5.07e-05,-1.14e-05,-4.87e-05,-4.87e-05,-4.86e-05,-4.81e-05,-4.78e-05,-4.74e-05,-4.8e-05,-1.94e-05,-0.0017964,-4.73e-05,0.0144595,0.0144575,0.0144573,-0.0015429,-0.0015405,0.0142464,0.014248,-4.93e-05,-4.9e-05,-4.79e-05,-0.0013124,-0.0013115,-1.91e-05,0.0135729,0.0133381,1.4e-05,-4.5e-05,-4.57e-05,-0.0011104,-0.001113,-5.02e-05,-0.0011139,0.0089367,-8.25e-05,-1.6e-05,0.0131645,-1.63e-05,-3.38e-05,0.013165,-1.02e-05,-2.59e-05,7.04e-05,6.56e-05,-2.82e-05,-5.57e-05,-5.19e-05,6.11e-05,-5.22e-05,5.8e-05,-5.15e-05,5.64e-05,5.28e-05,-4.79e-05,1.09e-05,6.71e-05,4.85e-05,4.67e-05,0.0116367,6.16e-05,6.03e-05,4.2e-06,0.0113578,0.0113577,-4.49e-05,-4.49e-05,4.5e-06,0.0110701,-3.7e-06,0.0110699,-6e-06,0.0001016,0.0001055,0.0001029,-1.48e-05,-1.63e-05,0.0107767,0.0107766,0.0107766,-1.2e-06,0.0001307,0.0001308,-9e-07,0.0104741,-3.91e-05,0.0001337,-8.1e-06,0.0101616,0.0101615,0.0101615,0.0101614,0.0001649,0.000163,-1.07e-05,-5e-07,0.0098398,0.0098398,-9.8e-06,-2e-07,0.0098397,-9.8e-06,0.0001812,0.000178,0.0001805,-3.5e-06,-8e-06,-8e-06,0.0095066,0.0095067,0.0095066,0.0095066,0.0095066,0.0002063,0.0002067,3.06e-05,0.009161,0.009161,-5.2e-06,0.009161,3.07e-05,7e-07,0.009161,0.0002227,0.0091612,0.0002265,0.0002298,0.0088021,0.0088021,0.0088021,0.0088021,0.0088021,0.0088022,0.0088021,1.2e-06,0.0088021,0.0088021,0.0088021,0.0088021,0.0003178,0.0002971,0.0084276,0.0084278,0.0084277,0.0084277,0.0084275,0.0084278,0.0084276,0.0084275,9.8e-06,0.0004153,4.02e-05,0.0084277,-3e-07,0.0084274,0.0084274,0.0084274,0.0005198,0.0005172,0.0004966,4.04e-05,0.0080335,0.0080337,0.0080337,0.0080337,0.0080335,0.0080339,0.0080336,4.96e-05,0.0080336,0.0008758,0.0008674,0.0008453,0.0008573,3.42e-05,4.62e-05,4.32e-05,1.64e-05,0.0076078,0.0076071,0.0076074,-7.2e-06,0.0076083,0.0076072,0.0076093,5.4e-06,0.001202,0.0011384,0.0011829,0.0075794,0.0012295,0.0011766,0.0012221,0.0071279,0.007129,0.0071295,0.0071296,0.0071296,1.13e-05,0.0071292,0.0071317,0.0015535,0.0014905,1.23e-05,0.0015326,0.0015312,0.001527,0.0066031,0.0066033,0.0066041,0.0066028,0.0066041,0.0066054,7.66e-05,0.0066096,0.0017185,0.0060807,0.0060844,0.0061247,0.0054397,0.0001144,0.0049778,0.0040564,0.0050295,0.0050903,0.0036433,3.85e-05,0.0045358,0.0032551,0.0032605,0.003282,0.0049627,-0.0015694,-0.0015665,-0.0015713,0.002058,-0.0043393,-0.0043393
4.3e-06,0.000153,-0.0004429,-0.0009111,-0.0001245,0.0010302,-0.0032876,-5.07e-05,-4.85e-05,-4.82e-05,-8.69e-05,-1.26e-05,-1.41e-05,-1.12e-05,-8.06e-05,-4.32e-05,-1.09e-05,-0.0026149,-4.1e-05,-1.02e-05,-4.03e-05,-0.002513,4.52e-05,-0.0024728,-3.85e-05,5.1e-06,5.1e-06,5.1e-06,5e-06,5e-06,3.87e-05,9.4e-06,1.32e-05,0.0174402,1.24e-05,3.69e-05,1.19e-05,3.66e-05,3.62e-05,1.2e-06,1.04e-05,-0.002034,0.0163123,1.9e-06,6e-07,-3.31e-05,1.3e-06,1.4e-06,1.2e-06,1.5e-06,1.3e-06,-3.08e-05,-2.05e-05,-0.0017774,-9e-07,0.014462,0.0144601,0.0144598,-0.0015243,-0.0015219,0.0142489,0.0142504,-4.2e-06,-4.5e-06,-4.2e-06,-0.0012948,-0.0012939,-1.15e-05,0.0135751,0.0133406,1.39e-05,-2e-06,-2.5e-06,-0.0010934,-0.001096,-6.7e-06,-0.001097,0.0089494,-3.63e-05,-8.7e-06,0.0131657,-8.5e-06,-2.12e-05,0.0131664,-7.2e-06,-1.98e-05,8.54e-05,8.06e-05,-1.96e-05,-1.39e-05,-8.5e-06,7.59e-05,-9.3e-06,7.24e-05,-8.7e-06,7.08e-05,6.69e-05,-7.7e-06,1.69e-05,8.15e-05,6.19e-05,5.96e-05,0.0116372,7.46e-05,7.33e-05,9.8e-06,0.0113582,0.0113581,-6.4e-06,-6.3e-06,1.05e-05,0.0110707,4e-07,0.0110704,3e-07,0.0001259,0.0001171,0.0001146,1e-07,-1.31e-05,0.010777,0.010777,0.0107769,-1.7e-06,0.000142,0.0001422,-1.5e-06,0.0104745,-3.3e-06,0.0001448,-9.4e-06,0.0101618,0.0101619,0.0101618,0.0101618,0.0001755,0.0001736,-1.12e-05,-1.6e-06,0.00984,0.00984,-1.04e-05,-1.6e-06,0.00984,-1.04e-05,0.0001916,0.0001874,0.0001909,-1.6e-06,-8.4e-06,-8.4e-06,0.0095068,0.0095068,0.0095068,0.0095068,0.0095068,0.0002162,0.0002166,-5e-07,0.0091611,0.0091611,-6e-06,0.0091611,-4e-07,-1e-07,0.0091611,0.0002323,0.0091613,0.0002354,0.0002394,0.0088022,0.0088022,0.0088021,0.0088022,0.0088022,0.0088022,0.0088022,1e-06,0.0088021,0.0088021,0.0088021,0.0088021,0.0003162,0.0003066,0.0084276,0.0084277,0.0084276,0.0084277,0.0084276,0.0084277,0.0084277,0.0084275,9.2e-06,0.0004246,1.21e-05,0.0084276,3.5e-06,0.0084275,0.0084274,0.0084274,0.0005291,0.0005266,0.0005054,1.38e-05,0.0080333,0.0080336,0.0080336,0.0080336,0.0080332,0.0080338,0.0080332,2.3e-05,0.0080332,0.0008848,0.0008764,0.0008447,0.000867,3.54e-05,4.21e-05,4.06e-05,2.37e-05,0.0076074,0.0076067,0.007607,8.9e-06,0.007608,0.0076069,0.007609,1e-05,0.0012111,0.0011524,0.0011916,0.0075786,0.0012383,0.0011903,0.0012302,0.007127,0.0071281,0.0071285,0.0071286,0.0071286,1.57e-05,0.0071283,0.0071307,0.0015611,0.0015028,1.64e-05,0.0015396,0.0015382,0.001534,0.0066018,0.006602,0.0066027,0.0066015,0.0066027,0.0066041,6.87e-05,0.0066083,0.001729,0.0060793,0.0060829,0.0061234,0.0054445,0.0001278,0.0049801,0.0040521,0.0050347,0.0050914,0.0036387,2.83e-05,0.0045405,0.0032508,0.0032563,0.0032779,0.0049611,-0.0015709,-0.001568,-0.0015728,0.0020688,-0.0043323,-0.0043324
4e-06,0.0001526,-0.0004421,-0.0009098,-0.0001241,0.001028,-0.0032816,-5.09e-05,-4.87e-05,-4.84e-05,-8.66e-05,-1.27e-05,-1.43e-05,-1.13e-05,-8.02e-05,-4.34e-05,-1.11e-05,-0.0026102,-4.11e-05,-1.03e-05,-4.05e-05,-0.0025084,4.49e-05,-0.0024683,-3.87e-05,5.2e-06,5.2e-06,5.2e-06,5.1e-06,5.1e-06,3.89e-05,9.5e-06,1.31e-05,0.0174407,1.22e-05,3.7e-05,1.17e-05,3.67e-05,3.63e-05,1.1e-06,1.02e-05,-0.0020302,0.0163128,1.7e-06,6e-07,-3.33e-05,1.2e-06,1.3e-06,1.1e-06,1.4e-06,1.1e-06,-3.1e-05,-2.05e-05,-0.001774,-1e-06,0.0144625,0.0144606,0.0144603,-0.001521,-0.0015186,0.0142493,0.0142509,-4.3e-06,-4.6e-06,-4.3e-06,-0.0012916,-0.0012907,-1.15e-05,0.0135755,0.013341,1.39e-05,-2.1e-06,-2.5e-06,-0.0010903,-0.0010929,-6.8e-06,-0.0010939,0.0089517,-3.5e-05,-8.7e-06,0.0131659,-8.6e-06,-2.14e-05,0.0131666,-7.3e-06,-1.99e-05,8.84e-05,8.37e-05,-1.97e-05,-1.39e-05,-8.5e-06,7.89e-05,-9.3e-06,7.53e-05,-8.7e-06,7.37e-05,6.98e-05,-7.7e-06,1.7e-05,8.41e-05,6.47e-05,6.23e-05,0.0116373,7.73e-05,7.59e-05,9.9e-06,0.0113583,0.0113582,-6.4e-06,-6.3e-06,1.06e-05,0.0110708,4e-07,0.0110705,3e-07,0.0001283,0.0001196,0.0001172,1e-07,-1.32e-05,0.010777,0.010777,0.010777,-1.7e-06,0.0001445,0.0001447,-1.4e-06,0.0104745,-3.3e-06,0.0001472,-9.5e-06,0.0101618,0.0101619,0.0101618,0.0101619,0.0001778,0.000176,-1.13e-05,-1.6e-06,0.0098401,0.0098401,-1.05e-05,-1.6e-06,0.00984,-1.05e-05,0.0001939,0.0001895,0.0001931,-1.6e-06,-8.5e-06,-8.5e-06,0.0095068,0.0095068,0.0095068,0.0095068,0.0095068,0.0002184,0.0002188,-5e-07,0.0091611,0.0091611,-6e-06,0.0091611,-4e-07,-1e-07,0.0091611,0.0002344,0.0091613,0.0002374,0.0002415,0.0088022,0.0088022,0.0088021,0.0088022,0.0088022,0.0088022,0.0088022,1e-06,0.0088021,0.0088021,0.0088021,0.0088021,0.0003181,0.0003085,0.0084276,0.0084277,0.0084276,0.0084277,0.0084276,0.0084277,0.0084276,0.0084275,9.2e-06,0.0004266,1.22e-05,0.0084276,3.5e-06,0.0084274,0.0084274,0.0084274,0.0005309,0.0005284,0.0005072,1.38e-05,0.0080332,0.0080335,0.0080335,0.0080336,0.0080332,0.0080338,0.0080332,2.31e-05,0.0080332,0.0008866,0.0008782,0.0008464,0.0008688,3.55e-05,4.22e-05,4.07e-05,2.38e-05,0.0076073,0.0076066,0.0076069,9e-06,0.0076079,0.0076068,0.0076089,1e-05,0.0012128,0.001154,0.0011933,0.0075785,0.00124,0.0011919,0.001232,0.0071268,0.0071278,0.0071283,0.0071284,0.0071284,1.57e-05,0.0071281,0.0071305,0.0015627,0.0015044,1.64e-05,0.0015412,0.0015398,0.0015356,0.0066015,0.0066017,0.0066025,0.0066012,0.0066025,0.0066038,6.88e-05,0.006608,0.0017304,0.006079,0.0060826,0.0061232,0.0054451,0.0001279,0.0049809,0.004051,0.0050355,0.0050922,0.0036375,2.83e-05,0.0045412,0.0032498,0.0032552,0.0032768,0.0049605,-0.0015719,-0.0015691,-0.0015739,0.0020688,-0.0043319,-0.0043319
-7.13e-05,0.0001458,-0.0003897,-0.0009474,-4.25e-05,0.0010208,-0.0032996,-6.46e-05,-6.17e-05,-6.13e-05,-1.39e-05,-3.38e-05,-3.54e-05,-3.16e-05,-1.25e-05,-5.55e-05,-3.11e-05,-0.0026236,-5.24e-05,-2.89e-05,-5.16e-05,-0.0025229,-1.65e-05,-0.0024823,-4.95e-05,2.19e-05,2.19e-05,2.19e-05,2.17e-05,2.15e-05,5.1e-05,2.68e-05,-4.28e-05,0.0174394,-4.19e-05,4.64e-05,-4.25e-05,4.57e-05,4.52e-05,-1.09e-05,-4.21e-05,-0.0020412,0.0163115,-4.99e-05,-1.12e-05,-4.89e-05,-4.8e-05,-4.79e-05,-4.74e-05,-4.71e-05,-4.67e-05,-4.82e-05,-1.96e-05,-0.0017834,-4.66e-05,0.0144613,0.0144593,0.0144591,-0.0015303,-0.0015278,0.0142482,0.0142497,-4.86e-05,-4.82e-05,-4.72e-05,-0.0013003,-0.0012994,-1.92e-05,0.0135745,0.0133396,1.43e-05,-4.43e-05,-4.5e-05,-0.0010987,-0.0011013,-4.94e-05,-0.0011022,0.0089455,-7.66e-05,-1.6e-05,0.0131654,-1.63e-05,-3.4e-05,0.0131659,-1.04e-05,-2.63e-05,8.19e-05,7.71e-05,-2.85e-05,-5.49e-05,-5.09e-05,7.24e-05,-5.12e-05,6.91e-05,-5.06e-05,6.75e-05,6.37e-05,-4.7e-05,1.14e-05,7.69e-05,5.89e-05,5.68e-05,0.0116371,7.17e-05,7.04e-05,4.7e-06,0.0113581,0.011358,-4.4e-05,-4.4e-05,5e-06,0.0110705,-3.5e-06,0.0110702,-5.7e-06,0.0001109,0.0001151,0.0001125,-1.43e-05,-1.65e-05,0.0107769,0.0107769,0.0107769,-1.2e-06,0.0001401,0.0001401,-9e-07,0.0104743,-3.81e-05,0.0001428,-8.4e-06,0.0101618,0.0101617,0.0101617,0.0101616,0.0001737,0.0001718,-1.11e-05,-6e-07,0.00984,0.0098399,-1.03e-05,-3e-07,0.0098399,-1.02e-05,0.0001898,0.0001859,0.000189,-3.5e-06,-8.2e-06,-8.2e-06,0.0095068,0.0095068,0.0095068,0.0095068,0.0095068,0.0002146,0.000215,2.98e-05,0.0091611,0.0091611,-5.4e-06,0.0091611,3e-05,7e-07,0.0091611,0.0002307,0.0091613,0.0002339,0.0002378,0.0088022,0.0088022,0.0088022,0.0088022,0.0088022,0.0088022,0.0088021,1.2e-06,0.0088022,0.0088021,0.0088021,0.0088021,0.0003247,0.0003045,0.0084276,0.0084278,0.0084278,0.0084277,0.0084276,0.0084278,0.0084276,0.0084275,9.8e-06,0.0004226,3.98e-05,0.0084277,-2e-07,0.0084274,0.0084274,0.0084274,0.0005267,0.0005241,0.0005035,4e-05,0.0080334,0.0080336,0.0080336,0.0080336,0.0080334,0.0080338,0.0080335,4.92e-05,0.0080335,0.0008827,0.0008743,0.0008517,0.0008643,3.46e-05,4.65e-05,4.35e-05,1.69e-05,0.0076075,0.0076067,0.007607,-6.7e-06,0.0076079,0.0076068,0.007609,5.5e-06,0.0012085,0.0011447,0.0011894,0.0075788,0.0012361,0.001183,0.0012286,0.0071272,0.0071283,0.0071287,0.0071288,0.0071288,1.14e-05,0.0071284,0.007131,0.0015596,0.0014965,1.24e-05,0.0015387,0.0015373,0.0015331,0.0066021,0.0066023,0.0066031,0.0066018,0.006603,0.0066043,7.68e-05,0.0066086,0.0017238,0.0060796,0.0060833,0.0061238,0.0054421,0.000115,0.004981,0.0040524,0.0050326,0.0050931,0.0036389,3.84e-05,0.0045384,0.0032511,0.0032565,0.003278,0.0049605,-0.0015733,-0.0015704,-0.0015753,0.0020583,-0.0043377,-0.0043377
1.4e-06,0.0001381,-0.0004013,-0.0008284,-0.0001111,0.001112,-0.0032865,3.36e-05,3.21e-05,3.19e-05,-7.52e-05,-1.23e-05,-1.09e-05,-1.27e-05,-6.97e-05,2.81e-05,-1.25e-05,-0.0026138,2.58e-05,-1.16e-05,2.54e-05,-0.0025122,3.68e-05,-0.0024719,2.34e-05,9.8e-06,9.8e-06,9.8e-06,9.8e-06,9.7e-06,-2.06e-05,6.8e-06,4.1e-06,0.0174404,3.6e-06,-2.04e-05,3.3e-06,-2.01e-05,-1.99e-05,-1.71e-05,2.9e-06,-0.002033,0.0163126,-5.4e-06,-1.7e-05,9.1e-06,-4.8e-06,-4.7e-06,-4.9e-06,-4.6e-06,-4.7e-06,8.7e-06,2.09e-05,-0.0017766,-7.6e-06,0.0144625,0.0144603,0.01446,-0.0015234,-0.0015212,0.0142492,0.014251,-1.07e-05,-1.09e-05,-1.05e-05,-0.0012941,-0.0012931,2.27e-05,0.0135753,0.0133407,1.2e-06,-1.4e-05,-1.36e-05,-0.0010928,-0.0010954,-1.82e-05,-0.0010963,0.0089498,-4.6e-05,-8.7e-06,0.0131658,-8.9e-06,1.99e-05,0.0131665,3.1e-06,2.38e-05,8.66e-05,8.19e-05,2.2e-05,-1e-06,-7.8e-06,7.69e-05,-6.4e-06,7.34e-05,-6.3e-06,7.18e-05,6.79e-05,-5.5e-06,-2.19e-05,7.57e-05,6.33e-05,6.09e-05,0.0116373,7.59e-05,7.46e-05,-2.01e-05,0.0113583,0.0113582,-5.4e-06,-5.4e-06,-1.88e-05,0.0110708,-6.7e-06,0.0110705,-6.9e-06,0.0001278,0.0001183,0.0001159,-8.7e-06,1.36e-05,0.0107772,0.010777,0.0107771,-1.1e-06,0.0001432,0.0001434,-1.5e-06,0.0104745,-2.3e-06,0.0001459,1.35e-05,0.0101619,0.0101619,0.0101619,0.0101619,0.0001766,0.0001748,2.15e-05,-8e-07,0.0098402,0.0098401,2.23e-05,-6e-07,0.00984,2.23e-05,0.0001927,0.0001996,0.0001911,-2e-07,2.31e-05,2.31e-05,0.0095068,0.0095068,0.0095069,0.0095068,0.0095068,0.0002166,0.0002169,-1.4e-06,0.0091612,0.0091612,2.44e-05,0.0091612,-1.2e-06,5e-07,0.0091612,0.0002325,0.0091614,0.000246,0.0002389,0.0088022,0.0088023,0.0088021,0.0088022,0.0088022,0.0088021,0.0088022,3.03e-05,0.0088021,0.0088021,0.0088021,0.0088022,0.0003156,0.0003062,0.0084277,0.0084277,0.0084276,0.0084278,0.0084277,0.0084277,0.0084278,0.0084277,3.71e-05,0.0004242,1.44e-05,0.0084276,1.83e-05,0.0084276,0.0084275,0.0084276,0.0005371,0.000534,0.0005038,1.63e-05,0.0080332,0.0080335,0.0080335,0.0080335,0.0080331,0.0080339,0.0080332,2.55e-05,0.0080332,0.0008832,0.0008748,0.000844,0.0008654,5.8e-05,6.34e-05,6.24e-05,4.42e-05,0.0076074,0.0076068,0.0076071,2.49e-05,0.007608,0.0076071,0.007609,2.3e-05,0.0012096,0.0011563,0.0011896,0.0075787,0.0012363,0.0011937,0.0012277,0.0071271,0.0071281,0.0071285,0.0071287,0.0071286,2.8e-05,0.0071285,0.0071307,0.0015588,0.0015056,2.89e-05,0.0015367,0.0015353,0.0015311,0.0066019,0.0066021,0.0066029,0.0066017,0.0066029,0.0066042,8.78e-05,0.0066085,0.0017265,0.0060794,0.0060831,0.0061235,0.0054481,0.0001281,0.0049774,0.0040537,0.0050375,0.0050874,0.0036404,3.88e-05,0.0045366,0.0032525,0.0032579,0.0032794,0.0049607,-0.0015676,-0.0015647,-0.0015696,0.0020669,-0.0043322,-0.0043322
-0.0018766,-0.0049326,0.0128518,0.0246449,0.0047686,0.0243551,0.0006614,0.0252468,0.0241082,0.0239775,0.0041479,-0.0003997,0.0004988,-0.0009267,0.0038706,0.0213397,-0.0009196,0.0006024,0.0199819,-0.0008525,0.0196675,0.0004691,-0.0030491,0.0004967,0.0185077,0.0018343,0.0018331,0.0018339,0.001815,0.0017979,-0.0176924,-0.0003764,-0.0032269,0.0001139,-0.0031115,-0.017125,-0.0030752,-0.0169551,-0.01677,-0.0058164,-0.0026864,0.0004835,0.0001047,-0.0026496,-0.0055961,0.0124312,-0.0022744,-0.0022729,-0.0022438,-0.0022435,-0.002213,0.0116316,0.012569,0.0004227,-0.002399,0.000167,8.45e-05,9.04e-05,0.0004635,0.0003953,0.0001151,0.0001944,-0.0023247,-0.0022909,-0.0022552,0.0003697,0.0003974,0.0103207,0.0001003,3.75e-05,-0.0036294,-0.0039972,-0.003756,0.0003636,0.0003636,-0.0038657,0.0003666,0.0002729,-0.0031911,-0.0002401,5.81e-05,-0.0003574,0.0121938,4.61e-05,0.0029127,0.0130245,0.0005587,0.0005606,0.0123842,0.0034922,-0.0001763,0.0004818,0.0004865,0.0004876,0.0003253,0.0004872,0.000476,0.0002971,-0.0117088,-0.0016402,0.0005817,0.0005656,3.5e-05,0.0005675,0.0005674,-0.0091258,2.37e-05,3.21e-05,-5.38e-05,-6.97e-05,-0.008921,3.18e-05,-0.0023168,3.21e-05,-0.0023573,0.0005884,0.000534,0.000535,-0.0028857,0.007902,6.54e-05,2.61e-05,6.45e-05,7.11e-05,0.0005203,0.0005203,-0.0001302,2.21e-05,-2.38e-05,0.0005056,0.006818,2.13e-05,2.08e-05,5.05e-05,2.03e-05,0.0004905,0.0005188,0.0098212,0.0001251,4.72e-05,1.71e-05,0.0098239,0.0001955,1.76e-05,0.0098249,0.0004725,0.003786,0.0002355,0.0002622,0.0095002,0.0095002,1.2e-05,1.18e-05,4.07e-05,1.07e-05,1.08e-05,0.000256,0.0002253,-1e-05,3.88e-05,3.81e-05,0.0091502,3.73e-05,4.31e-05,0.000305,3.67e-05,0.0002171,3.55e-05,0.0033192,-1.6e-06,1.8e-06,3.11e-05,1.2e-06,1e-06,1e-06,1.2e-06,3.03e-05,0.0087993,4e-07,2e-07,2e-07,2.94e-05,2.53e-05,-3.4e-06,2.85e-05,-1.4e-06,-1.3e-06,3.96e-05,3.82e-05,-4.2e-06,3.67e-05,4.45e-05,0.0084142,-1.8e-06,0.0009549,-4.9e-06,0.0045069,3.62e-05,4.12e-05,4.51e-05,0.0025033,0.0023277,-0.0003554,0.0010173,-1.81e-05,-2.39e-05,-2.39e-05,-2.4e-05,-1.55e-05,8e-07,-1.52e-05,0.0010335,-1.34e-05,-0.0003617,-0.0003617,4.4e-06,-0.0003617,0.0067465,0.0064062,0.0065455,0.0060571,-1.2e-05,1.42e-05,1.66e-05,0.004599,1.9e-06,3.33e-05,-2.3e-06,0.0039274,-0.000355,0.0012042,-0.0004892,2.2e-05,-0.0004722,0.001076,-0.0006373,1.53e-05,-3.7e-06,-4e-06,1.07e-05,-5.2e-06,0.0037354,3.35e-05,-9.4e-06,-0.0005995,0.0008692,0.0037883,-0.0007558,-0.0007647,-0.0007647,2.52e-05,3.3e-05,2.4e-05,3.57e-05,3.06e-05,3.45e-05,0.0058688,3.98e-05,-0.0006586,3.41e-05,3.2e-05,9.7e-06,0.0011024,1.76e-05,-0.0007316,0.0003906,0.0008825,-0.0011145,0.0004175,0.0033087,-0.001117,0.000414,0.0003915,0.0003829,-0.0001719,0.0008839,0.0008839,0.0008839,-0.0006339,3.05e-05,3.05e-05
-6.87e-05,0.0001467,-0.0003935,-0.0009504,-4.59e-05,0.0010224,-0.0033085,-6.59e-05,-6.3e-05,-6.26e-05,-1.69e-05,-3.32e-05,-3.48e-05,-3.09e-05,-1.52e-05,-5.66e-05,-3.05e-05,-0.0026307,-5.35e-05,-2.83e-05,-5.26e-05,-0.0025296,-1.41e-05,-0.002489,-5.04e-05,2.13e-05,2.13e-05,2.13e-05,2.11e-05,2.09e-05,5.19e-05,2.63e-05,-4.07e-05,0.0174384,-3.99e-05,4.73e-05,-4.05e-05,4.66e-05,4.61e-05,-1.01e-05,-4.01e-05,-0.0020469,0.0163106,-4.8e-05,-1.05e-05,-4.93e-05,-4.62e-05,-4.61e-05,-4.57e-05,-4.54e-05,-4.5e-05,-4.85e-05,-2.05e-05,-0.0017886,-4.5e-05,0.0144605,0.0144585,0.0144583,-0.0015353,-0.0015328,0.0142474,0.014249,-4.7e-05,-4.67e-05,-4.57e-05,-0.0013051,-0.0013042,-1.96e-05,0.0135738,0.013339,1.45e-05,-4.27e-05,-4.34e-05,-0.0011034,-0.0011059,-4.78e-05,-0.0011068,0.008942,-7.72e-05,-1.58e-05,0.013165,-1.61e-05,-3.45e-05,0.0131655,-1.05e-05,-2.7e-05,7.73e-05,7.25e-05,-2.9e-05,-5.39e-05,-4.97e-05,6.79e-05,-5.01e-05,6.46e-05,-4.94e-05,6.3e-05,5.93e-05,-4.59e-05,1.24e-05,7.31e-05,5.47e-05,5.27e-05,0.0116369,6.76e-05,6.63e-05,5.4e-06,0.0113579,0.0113578,-4.3e-05,-4.29e-05,5.7e-06,0.0110703,-3.4e-06,0.0110701,-5.5e-06,0.0001076,0.0001112,0.0001086,-1.38e-05,-1.7e-05,0.0107768,0.0107768,0.0107767,-1.3e-06,0.0001363,0.0001363,-1e-06,0.0104742,-3.72e-05,0.0001391,-9e-06,0.0101616,0.0101616,0.0101616,0.0101615,0.0001701,0.0001682,-1.17e-05,-7e-07,0.0098399,0.0098398,-1.09e-05,-4e-07,0.0098398,-1.09e-05,0.0001863,0.0001824,0.0001855,-3.5e-06,-8.9e-06,-8.9e-06,0.0095067,0.0095067,0.0095067,0.0095067,0.0095067,0.0002112,0.0002116,2.9e-05,0.009161,0.009161,-6.1e-06,0.009161,2.92e-05,7e-07,0.009161,0.0002275,0.0091612,0.0002306,0.0002346,0.0088021,0.0088021,0.0088021,0.0088021,0.0088021,0.0088022,0.0088021,4e-07,0.0088021,0.0088021,0.0088021,0.0088021,0.0003215,0.0003015,0.0084275,0.0084278,0.0084277,0.0084276,0.0084275,0.0084278,0.0084276,0.0084275,9.1e-06,0.0004197,3.88e-05,0.0084276,-4e-07,0.0084274,0.0084274,0.0084273,0.0005237,0.0005212,0.0005008,3.91e-05,0.0080334,0.0080336,0.0080336,0.0080336,0.0080334,0.0080339,0.0080335,4.83e-05,0.0080335,0.00088,0.0008716,0.0008488,0.0008615,3.39e-05,4.56e-05,4.27e-05,1.64e-05,0.0076076,0.0076069,0.0076072,-6.8e-06,0.0076081,0.0076069,0.0076091,5.3e-06,0.001206,0.0011423,0.0011869,0.007579,0.0012335,0.0011805,0.0012261,0.0071274,0.0071286,0.007129,0.0071291,0.0071291,1.13e-05,0.0071287,0.0071312,0.0015572,0.0014942,1.23e-05,0.0015363,0.0015349,0.0015307,0.0066025,0.0066027,0.0066035,0.0066022,0.0066034,0.0066047,7.59e-05,0.006609,0.0017219,0.00608,0.0060838,0.0061242,0.0054411,0.0001153,0.0049797,0.004054,0.0050313,0.0050919,0.0036407,3.78e-05,0.0045375,0.0032527,0.0032581,0.0032796,0.0049614,-0.0015717,-0.0015688,-0.0015736,0.0020587,-0.0043381,-0.0043381
7.9e-06,0.0001531,-0.0004454,-0.0009088,-0.0001285,0.0010239,-0.0032747,-5.29e-05,-5.05e-05,-5.02e-05,-9.05e-05,-1.17e-05,-1.34e-05,-1.02e-05,-8.4e-05,-4.5e-05,-1e-05,-0.0026047,-4.27e-05,-9.4e-06,-4.2e-05,-0.0025031,4.83e-05,-0.0024631,-4.01e-05,4.2e-06,4.2e-06,4.2e-06,4.2e-06,4.1e-06,4.02e-05,8.7e-06,1.62e-05,0.0174413,1.53e-05,3.83e-05,1.48e-05,3.8e-05,3.76e-05,2.3e-06,1.31e-05,-0.0020258,0.0163134,4.7e-06,1.7e-06,-3.38e-05,3.9e-06,4e-06,3.8e-06,4.1e-06,3.8e-06,-3.14e-05,-2.19e-05,-0.00177,1.6e-06,0.014463,0.0144611,0.0144608,-0.0015172,-0.0015147,0.0142498,0.0142513,-1.8e-06,-2.1e-06,-1.9e-06,-0.0012879,-0.001287,-1.22e-05,0.0135759,0.0133414,1.44e-05,5e-07,0,-0.0010868,-0.0010894,-4.2e-06,-0.0010903,0.0089543,-3.12e-05,-8.4e-06,0.0131661,-8.2e-06,-2.2e-05,0.0131668,-7.5e-06,-2.09e-05,9.18e-05,8.7e-05,-2.06e-05,-1.21e-05,-6.2e-06,8.22e-05,-7.1e-06,7.86e-05,-6.5e-06,7.7e-05,7.29e-05,-5.6e-06,1.85e-05,8.72e-05,6.77e-05,6.53e-05,0.0116374,8.02e-05,7.89e-05,1.11e-05,0.0113583,0.0113582,-4.3e-06,-4.3e-06,1.18e-05,0.0110708,9e-07,0.0110706,9e-07,0.0001316,0.0001224,0.00012,1.2e-06,-1.39e-05,0.0107771,0.010777,0.010777,-1.8e-06,0.0001472,0.0001474,-1.5e-06,0.0104745,-1.4e-06,0.0001498,-1.03e-05,0.0101619,0.010162,0.0101618,0.0101619,0.0001804,0.0001785,-1.24e-05,-1.7e-06,0.0098401,0.0098401,-1.16e-05,-1.7e-06,0.00984,-1.16e-05,0.0001963,0.0001915,0.0001956,-1.5e-06,-9.5e-06,-9.5e-06,0.0095068,0.0095068,0.0095068,0.0095068,0.0095068,0.0002208,0.0002212,-2.1e-06,0.0091611,0.0091611,-7e-06,0.0091611,-2e-06,-2e-07,0.0091611,0.0002367,0.0091613,0.0002392,0.0002438,0.0088021,0.0088021,0.0088021,0.0088021,0.0088021,0.0088021,0.0088021,2e-07,0.0088021,0.0088021,0.0088021,0.0088021,0.0003197,0.0003107,0.0084276,0.0084277,0.0084276,0.0084277,0.0084275,0.0084277,0.0084276,0.0084275,8.3e-06,0.0004287,1.06e-05,0.0084275,3.2e-06,0.0084274,0.0084274,0.0084274,0.0005327,0.0005303,0.0005093,1.24e-05,0.0080331,0.0080335,0.0080335,0.0080335,0.0080331,0.0080338,0.0080331,2.16e-05,0.0080331,0.0008887,0.0008803,0.0008479,0.0008709,3.5e-05,4.15e-05,4e-05,2.36e-05,0.0076072,0.0076065,0.0076068,9.4e-06,0.0076077,0.0076067,0.0076088,9.9e-06,0.0012149,0.0011561,0.0011953,0.0075782,0.001242,0.001194,0.0012339,0.0071265,0.0071276,0.007128,0.0071281,0.0071282,1.55e-05,0.0071279,0.0071303,0.0015646,0.0015063,1.63e-05,0.0015431,0.0015417,0.0015374,0.0066011,0.0066013,0.0066021,0.0066009,0.0066021,0.0066034,6.79e-05,0.0066077,0.0017322,0.0060786,0.0060823,0.0061228,0.0054458,0.0001286,0.0049818,0.0040498,0.0050364,0.005093,0.0036363,2.75e-05,0.0045421,0.0032486,0.0032541,0.0032757,0.0049599,-0.001573,-0.0015702,-0.001575,0.0020695,-0.0043312,-0.0043312
8.1e-06,0.0001533,-0.0004459,-0.0009097,-0.0001288,0.0010253,-0.0032786,-5.27e-05,-5.04e-05,-5.01e-05,-9.08e-05,-1.16e-05,-1.33e-05,-1.02e-05,-8.42e-05,-4.49e-05,-1e-05,-0.0026078,-4.25e-05,-9.3e-06,-4.19e-05,-0.002506,4.84e-05,-0.002466,-4e-05,4.1e-06,4.1e-06,4.1e-06,4.1e-06,4.1e-06,4.01e-05,8.6e-06,1.64e-05,0.017441,1.54e-05,3.82e-05,1.49e-05,3.79e-05,3.75e-05,2.3e-06,1.32e-05,-0.0020282,0.0163131,4.8e-06,1.7e-06,-3.37e-05,4e-06,4.1e-06,3.9e-06,4.2e-06,3.9e-06,-3.13e-05,-2.18e-05,-0.0017722,1.7e-06,0.0144627,0.0144608,0.0144605,-0.0015193,-0.0015169,0.0142495,0.014251,-1.7e-06,-2.1e-06,-1.8e-06,-0.00129,-0.0012891,-1.21e-05,0.0135756,0.0133412,1.43e-05,6e-07,1e-07,-0.0010888,-0.0010914,-4.1e-06,-0.0010923,0.0089528,-3.2e-05,-8.3e-06,0.013166,-8.2e-06,-2.19e-05,0.0131667,-7.5e-06,-2.09e-05,8.98e-05,8.51e-05,-2.05e-05,-1.2e-05,-6.2e-06,8.03e-05,-7.1e-06,7.67e-05,-6.5e-06,7.51e-05,7.11e-05,-5.6e-06,1.84e-05,8.56e-05,6.59e-05,6.35e-05,0.0116373,7.85e-05,7.72e-05,1.11e-05,0.0113583,0.0113582,-4.3e-06,-4.3e-06,1.18e-05,0.0110708,9e-07,0.0110705,9e-07,0.0001301,0.0001208,0.0001183,1.2e-06,-1.38e-05,0.010777,0.010777,0.010777,-1.8e-06,0.0001456,0.0001458,-1.5e-06,0.0104745,-1.4e-06,0.0001483,-1.03e-05,0.0101618,0.0101619,0.0101618,0.0101619,0.0001789,0.000177,-1.23e-05,-1.7e-06,0.00984,0.0098401,-1.15e-05,-1.7e-06,0.00984,-1.15e-05,0.0001949,0.0001901,0.0001941,-1.5e-06,-9.5e-06,-9.5e-06,0.0095068,0.0095068,0.0095068,0.0095068,0.0095068,0.0002194,0.0002198,-2.1e-06,0.0091611,0.0091611,-7e-06,0.0091611,-2.1e-06,-2e-07,0.0091611,0.0002353,0.0091612,0.000238,0.0002424,0.0088021,0.0088021,0.0088021,0.0088021,0.0088021,0.0088021,0.0088021,2e-07,0.0088021,0.0088021,0.0088021,0.0088021,0.0003184,0.0003094,0.0084276,0.0084277,0.0084276,0.0084277,0.0084275,0.0084277,0.0084276,0.0084275,8.3e-06,0.0004275,1.06e-05,0.0084276,3.2e-06,0.0084274,0.0084274,0.0084274,0.0005315,0.0005291,0.0005081,1.23e-05,0.0080332,0.0080335,0.0080335,0.0080335,0.0080331,0.0080338,0.0080331,2.16e-05,0.0080331,0.0008875,0.0008791,0.0008468,0.0008697,3.49e-05,4.14e-05,3.99e-05,2.36e-05,0.0076073,0.0076066,0.0076069,9.4e-06,0.0076078,0.0076068,0.0076089,9.9e-06,0.0012137,0.001155,0.0011942,0.0075783,0.0012409,0.0011929,0.0012328,0.0071267,0.0071277,0.0071282,0.0071283,0.0071283,1.55e-05,0.007128,0.0071304,0.0015635,0.0015053,1.63e-05,0.001542,0.0015406,0.0015364,0.0066013,0.0066015,0.0066023,0.006601,0.0066023,0.0066036,6.78e-05,0.0066079,0.0017313,0.0060788,0.0060825,0.006123,0.0054454,0.0001286,0.0049813,0.0040505,0.0050359,0.0050925,0.003637,2.75e-05,0.0045417,0.0032493,0.0032548,0.0032764,0.0049603,-0.0015723,-0.0015695,-0.0015743,0.0020695,-0.0043315,-0.0043315
4.4e-06,0.0001395,-0.0004031,-0.0008291,-0.0001136,0.0011083,-0.0032822,3.13e-05,2.99e-05,2.97e-05,-7.75e-05,-1.09e-05,-9.6e-06,-1.13e-05,-7.18e-05,2.62e-05,-1.11e-05,-0.0026105,2.4e-05,-1.03e-05,2.37e-05,-0.002509,3.87e-05,-0.0024687,2.17e-05,8.6e-06,8.6e-06,8.6e-06,8.5e-06,8.4e-06,-1.91e-05,5.8e-06,5.9e-06,0.0174408,5.4e-06,-1.89e-05,5e-06,-1.86e-05,-1.84e-05,-1.56e-05,4.6e-06,-0.0020304,0.0163129,-3.8e-06,-1.55e-05,8.5e-06,-3.3e-06,-3.2e-06,-3.3e-06,-3e-06,-3.2e-06,8.3e-06,1.93e-05,-0.0017742,-6.1e-06,0.0144628,0.0144606,0.0144603,-0.0015211,-0.0015189,0.0142494,0.0142513,-9.3e-06,-9.5e-06,-9.2e-06,-0.0012919,-0.0012909,2.16e-05,0.0135756,0.0133409,1.2e-06,-1.23e-05,-1.2e-05,-0.0010906,-0.0010932,-1.65e-05,-0.0010942,0.0089515,-4.35e-05,-8e-06,0.013166,-8.2e-06,1.9e-05,0.0131666,3.3e-06,2.26e-05,8.87e-05,8.39e-05,2.1e-05,-2e-07,-6.6e-06,7.89e-05,-5.1e-06,7.54e-05,-5.1e-06,7.38e-05,6.98e-05,-4.4e-06,-2.06e-05,7.79e-05,6.51e-05,6.27e-05,0.0116373,7.77e-05,7.64e-05,-1.87e-05,0.0113583,0.0113582,-4.2e-06,-4.2e-06,-1.74e-05,0.0110708,-6e-06,0.0110705,-6.1e-06,0.0001298,0.00012,0.0001176,-7.5e-06,1.31e-05,0.0107772,0.010777,0.0107771,-7e-07,0.0001449,0.000145,-1.1e-06,0.0104745,-1.1e-06,0.0001475,1.3e-05,0.0101619,0.010162,0.0101619,0.0101619,0.0001782,0.0001764,2.04e-05,-5e-07,0.0098402,0.0098401,2.12e-05,-3e-07,0.00984,2.12e-05,0.0001942,0.0002006,0.0001927,2e-07,2.21e-05,2.21e-05,0.0095068,0.0095068,0.0095069,0.0095068,0.0095068,0.0002181,0.0002184,-2.4e-06,0.0091612,0.0091612,2.34e-05,0.0091612,-2.2e-06,1e-07,0.0091612,0.0002339,0.0091614,0.000247,0.0002403,0.0088021,0.0088022,0.0088021,0.0088021,0.0088021,0.0088021,0.0088022,2.94e-05,0.0088021,0.0088021,0.0088021,0.0088022,0.0003165,0.0003075,0.0084277,0.0084277,0.0084276,0.0084278,0.0084277,0.0084277,0.0084278,0.0084277,3.62e-05,0.0004256,1.34e-05,0.0084276,1.77e-05,0.0084276,0.0084275,0.0084275,0.0005381,0.0005351,0.0005051,1.53e-05,0.0080332,0.0080335,0.0080334,0.0080335,0.0080331,0.0080338,0.0080331,2.46e-05,0.0080331,0.0008845,0.0008761,0.0008449,0.0008667,5.75e-05,6.28e-05,6.18e-05,4.4e-05,0.0076073,0.0076067,0.007607,2.51e-05,0.0076079,0.007607,0.007609,2.25e-05,0.0012108,0.0011575,0.0011908,0.0075786,0.0012376,0.0011949,0.001229,0.0071269,0.0071279,0.0071284,0.0071285,0.0071285,2.75e-05,0.0071283,0.0071306,0.0015599,0.0015068,2.84e-05,0.0015379,0.0015364,0.0015322,0.0066017,0.0066019,0.0066027,0.0066014,0.0066027,0.006604,8.69e-05,0.0066083,0.0017276,0.0060792,0.0060829,0.0061233,0.0054485,0.0001283,0.004978,0.0040529,0.0050381,0.005088,0.0036396,3.8e-05,0.0045372,0.0032517,0.0032571,0.0032787,0.0049603,-0.0015683,-0.0015654,-0.0015703,0.0020672,-0.0043318,-0.0043318
-0.0092476,-0.0022703,0.0087604,0.001523,0.0103218,-0.009985,0.0233903,-0.0023758,-0.0022671,-0.0022566,0.0090031,-0.0027847,-0.0028082,-0.0026633,0.0083971,-0.0020767,-0.0026325,0.0187104,-0.0019413,-0.0024422,-0.0019102,0.0178028,-0.0074104,0.0175418,-0.0018316,0.002193,0.0021931,0.002193,0.0021728,0.0021522,0.0020017,0.0023113,-0.0065143,0.0028208,-0.0063015,0.0016303,-0.0063124,0.001581,0.0015634,-0.0014756,-0.0060875,0.0149582,0.0026361,-0.0059531,-0.0014478,-0.0023498,-0.005666,-0.0056669,-0.0055904,-0.0055927,-0.0055147,-0.0025004,-0.0001456,0.0135682,-0.0052148,0.0023081,0.0023221,0.0023348,0.0131915,0.0131955,0.00223,0.0022055,-0.0050082,-0.0049256,-0.0048487,0.0126161,0.0126126,-0.0010726,0.002052,0.0019626,0.0003498,-0.0047166,-0.0047491,0.0122112,0.012211,-0.0047414,0.0122147,0.0095036,0.0011635,-0.0010113,0.0013731,-0.0010561,-0.0018945,0.0013319,-0.0006634,-0.0011866,0.0122707,0.012263,-0.0014536,-0.0044344,-0.0044532,0.0120305,-0.0044355,0.0118067,-0.0044173,0.0118054,0.0115716,-0.0041389,-0.0001527,0.0102398,0.0110859,0.0108461,0.0007482,0.0108363,0.0108369,-0.0001311,0.0006772,0.0006867,-0.0039342,-0.0039348,-0.0001794,0.0006431,-0.0003158,0.0006602,-0.0005384,0.0083397,0.0103868,0.0103728,-0.0013127,-0.0007139,0.0005865,0.0005913,0.0005886,4.29e-05,0.010111,0.0101012,5.54e-05,0.0005215,-0.0034655,0.009819,-0.0002143,0.0005118,0.00049,0.0005118,0.0004949,0.0095348,0.0095336,-0.0004317,9.04e-05,0.000459,0.0004472,-0.0004266,0.0001211,0.0004567,-0.0004238,0.0092231,0.0085437,0.0092309,-0.0002114,-0.0001823,-0.0001824,0.0004073,0.0003993,0.0004075,0.0004097,0.0004108,0.0089274,0.0089279,0.0031898,0.0003622,0.000365,-0.000142,0.0003621,0.0032023,8.38e-05,0.0003642,0.008608,0.0003491,0.0080179,0.008609,0.0003127,0.0003163,0.0003178,0.0003162,0.0003181,0.0003247,0.0003156,2.53e-05,0.0003215,0.0003197,0.0003184,0.0003165,0.0087917,0.0078469,0.0002576,0.0002773,0.0002723,0.0002638,0.0002577,0.0002789,0.000263,0.00026,7.79e-05,0.0078574,0.0030937,0.000247,-0.0003874,0.0002306,0.0002292,0.0002316,0.0073364,0.0074041,0.0074888,0.0029343,0.000119,0.0001139,0.0001138,0.0001154,0.0001291,0.0001206,0.0001393,0.0029314,0.0001492,0.0074508,0.0074514,0.0079842,0.0073805,0.0002879,0.0008781,0.0007246,-0.0004262,-0.0001895,-0.0002005,-0.0001969,-0.0014561,-0.0001871,-0.0002064,-0.0001705,-0.0004642,0.0069617,0.0060404,0.0070059,-0.0004994,0.0069957,0.0061438,0.0070409,-0.0006178,-0.0006039,-0.0006007,-0.0006021,-0.0005996,-0.0004317,-0.0006136,-0.000583,0.0065812,0.0058552,-0.0003957,0.0066147,0.0066203,0.006621,-0.000949,-0.0009527,-0.0009438,-0.0009564,-0.0009476,-0.0009439,0.0012682,-0.0009179,0.0052675,-0.0010282,-0.0010034,-0.0008072,0.0024983,-0.0011212,0.0037408,-0.0043302,0.0032837,0.0035337,-0.0046553,0.0011731,0.0027304,-0.0042924,-0.0043008,-0.0042946,-0.0024669,-0.0047489,-0.0047496,-0.0047484,-0.0009928,0.001013,0.001013
-0.0010016,-0.0014529,0.0029605,0.0054272,0.0013885,-0.0089711,0.0246384,-0.0009032,-0.0008623,-0.0008579,0.0010601,-0.0004544,-0.0004765,-0.0004236,0.0009852,-0.0007747,-0.0004184,0.0196015,-0.0007218,-0.0003879,-0.0007104,0.0188311,-0.0007036,0.0185282,-0.0006667,0.0003415,0.0003415,0.0003415,0.0003384,0.0003352,0.0006871,0.0004044,-0.0004094,0.0028834,-0.0003897,0.0006173,-0.0003901,0.0006084,0.0006017,-0.0001407,-0.0003844,0.0157048,0.0027016,-0.0003139,-0.0001345,-0.000636,-0.0003036,-0.0003044,-0.0002989,-0.0003013,-0.0002954,-0.0006186,-0.0002634,0.0141862,-0.0002372,0.002371,0.0023892,0.0023917,0.0138011,0.0138037,0.0022855,0.0022668,-0.0001771,-0.0001706,-0.0001701,0.0131825,0.0131815,-0.0002546,0.0021011,0.0020478,0.0003008,-0.0001099,-0.0001178,0.0127546,0.0127544,-8.66e-05,0.0127537,0.0098903,0.005541,-0.0002026,0.0013861,-0.0001981,-0.0005177,0.0013624,-0.0003143,-0.0004976,0.0126104,0.0126097,-0.0005068,1.87e-05,0.0001615,0.0123765,0.0001271,0.0121365,0.0001392,0.0121363,0.0118911,0.0001358,0.0004572,0.010722,0.0113811,0.0111195,0.0007457,0.01112,0.01112,0.0004414,0.0006758,0.000683,0.000163,0.0001624,0.0004335,0.0006541,0.0001241,0.0006668,0.0001291,0.0099489,0.0105757,0.0105764,0.0002618,-0.0003487,0.0005793,0.0005844,0.0005814,-9e-06,0.0102937,0.0102943,2e-07,0.0005246,0.0003226,0.0100043,-0.0003258,0.0005042,0.0004973,0.0005038,0.0005019,0.0097038,0.0097025,-0.0004563,-1.42e-05,0.0004502,0.000449,-0.0004567,-1.96e-05,0.0004585,-0.0004569,0.009397,0.0086807,0.0094053,3.4e-06,-0.0002231,-0.0002231,0.0003987,0.0003906,0.0003978,0.0004002,0.0004013,0.009085,0.0090857,-0.0001086,0.0003523,0.0003552,-0.0002148,0.0003524,-0.0001097,-9.8e-06,0.0003544,0.0087536,0.0003391,0.0081594,0.0087556,0.0003027,0.0003063,0.0002971,0.0003066,0.0003085,0.0003045,0.0003062,-3.4e-06,0.0003015,0.0003107,0.0003094,0.0003075,0.0078469,0.0080576,0.0002494,0.0002588,0.0002495,0.0002566,0.0002504,0.0002613,0.0002561,0.0002531,-1.3e-06,0.0080576,8.49e-05,0.000229,-7e-07,0.0002241,0.0002226,0.0002252,0.007576,0.0076427,0.0076717,8.17e-05,9.4e-05,0.0001044,0.0001043,0.0001059,9.62e-05,0.0001127,0.0001015,8.03e-05,0.0001064,0.0076519,0.0076525,0.0072027,0.0076517,0.0003727,0.0004008,0.0003953,0.0003116,-0.0002002,-0.0002084,-0.0002043,0.0002432,-0.0001915,-0.0001997,-0.0001756,2.14e-05,0.0072222,0.0068542,0.0072168,-0.0005215,0.0072126,0.0069137,0.0071963,-0.0006415,-0.0006342,-0.000631,-0.0006305,-0.0006299,2.33e-05,-0.0006296,-0.000614,0.0067253,0.0065281,2.8e-05,0.0067015,0.0067022,0.0067029,-0.0009879,-0.0009872,-0.000983,-0.0009896,-0.0009831,-0.0009767,0.0003722,-0.0009542,0.005812,-0.0010674,-0.0010498,-0.0008549,0.0027423,0.0002749,0.0036343,-0.0043507,0.0034987,0.0033341,-0.0046736,6.72e-05,0.0029479,-0.0043152,-0.0043111,-0.0042949,-0.0023943,-0.0044702,-0.0044713,-0.0044695,0.0001488,0.0015933,0.0015933
2.17e-05,0.0001428,-0.0004105,-0.0008178,-0.0001292,0.0011143,-0.00328,3.83e-05,3.65e-05,3.63e-05,-9.14e-05,-4.6e-06,-3.1e-06,-5.2e-06,-8.48e-05,3.22e-05,-5.1e-06,-0.0026089,2.97e-05,-4.8e-06,2.92e-05,-0.0025072,5.05e-05,-0.002467,2.7e-05,3.7e-06,3.7e-06,3.7e-06,3.6e-06,3.6e-06,-2.48e-05,5e-07,1.66e-05,0.016686,1.57e-05,-2.37e-05,1.54e-05,-2.34e-05,-2.31e-05,-1.25e-05,1.46e-05,-0.0020316,0.0156069,6.1e-06,-1.24e-05,1.47e-05,6.2e-06,6.3e-06,6e-06,6.3e-06,6e-06,1.46e-05,2.03e-05,-0.001778,2.5e-06,0.013837,0.0138348,0.0138345,-0.0015334,-0.0015313,0.0136331,0.013635,-1.1e-06,-1.4e-06,-1.2e-06,-0.0013105,-0.0013096,2.37e-05,0.0129889,0.0127645,-8e-07,-4.8e-06,-4.4e-06,-0.0011154,-0.0011179,-8.8e-06,-0.0011188,0.0085172,-6.67e-05,-5.3e-06,0.0126005,-5.5e-06,2.37e-05,0.0126013,5.6e-06,2.59e-05,1.44e-05,9.9e-06,2.48e-05,6.3e-06,-6e-07,6.5e-06,9e-07,4.4e-06,9e-07,2.9e-06,4e-07,1.2e-06,-2.19e-05,1.49e-05,-1.3e-06,-2.1e-06,0.0111402,1.23e-05,1.1e-05,-2e-05,0.0108734,0.0108733,9e-07,9e-07,-1.86e-05,0.0105982,-5.9e-06,0.0105979,-5.7e-06,7.06e-05,5.57e-05,5.34e-05,-6.5e-06,1.54e-05,0.0103175,0.0103173,0.0103174,-7e-07,8.11e-05,8.12e-05,-1.1e-06,0.010028,2.5e-06,8.53e-05,1.45e-05,0.0097286,0.0097288,0.0097287,0.0097287,0.0001163,0.0001146,2.25e-05,-5e-07,0.0094209,0.0094208,2.32e-05,-4e-07,0.0094207,2.32e-05,0.0001334,0.0001436,0.0001318,5e-07,2.28e-05,2.28e-05,0.0091019,0.009102,0.009102,0.0091019,0.0091019,0.000158,0.0001582,-6.4e-06,0.0087712,0.0087712,2.39e-05,0.0087712,-6.2e-06,0,0.0087712,0.000175,0.0087714,0.000191,0.0001811,0.0084276,0.0084277,0.0084276,0.0084276,0.0084276,0.0084276,0.0084277,2.85e-05,0.0084275,0.0084276,0.0084276,0.0084277,0.0002576,0.0002494,0.0080693,0.0080692,0.0080692,0.0080694,0.0080693,0.0080693,0.0080694,0.0080693,3.49e-05,0.0003625,8.1e-06,0.0080693,1.77e-05,0.0080693,0.0080693,0.0080693,0.0004732,0.0004698,0.0004408,1.01e-05,0.0076923,0.0076926,0.0076926,0.0076926,0.0076923,0.0076929,0.0076923,1.91e-05,0.0076922,0.0008042,0.0007962,0.0007675,0.0007873,5.34e-05,5.75e-05,5.68e-05,4.17e-05,0.0072862,0.0072857,0.007286,2.53e-05,0.0072868,0.0072859,0.0072877,2.23e-05,0.0011193,0.0010711,0.0011,0.0072605,0.0011449,0.0011066,0.0011366,0.0068286,0.0068296,0.0068299,0.0068301,0.0068301,2.7e-05,0.0068299,0.006832,0.0014562,0.0014072,2.78e-05,0.0014351,0.0014337,0.0014297,0.0063276,0.0063278,0.0063285,0.0063274,0.0063285,0.0063298,8.01e-05,0.0063337,0.0016225,0.0058277,0.0058311,0.0058687,0.0052027,0.0001234,0.0047465,0.0039057,0.0048053,0.0048534,0.0035117,3.46e-05,0.0043287,0.0031382,0.0031434,0.003164,0.0047638,-0.0014763,-0.0014735,-0.0014782,0.0019804,-0.0041565,-0.0041565
-5.14e-05,0.0001478,-0.0003979,-0.0009304,-6.13e-05,0.001009,-0.0032591,-6.3e-05,-6.01e-05,-5.98e-05,-3.1e-05,-2.72e-05,-2.88e-05,-2.51e-05,-2.84e-05,-5.39e-05,-2.47e-05,-0.0025916,-5.1e-05,-2.3e-05,-5.02e-05,-0.0024917,-1.8e-06,-0.0024517,-4.8e-05,1.65e-05,1.65e-05,1.65e-05,1.63e-05,1.62e-05,4.9e-05,2.14e-05,-2.91e-05,0.0166883,-2.87e-05,4.51e-05,-2.92e-05,4.45e-05,4.41e-05,-6.4e-06,-2.92e-05,-0.002018,0.015609,-3.72e-05,-6.9e-06,-4.52e-05,-3.59e-05,-3.58e-05,-3.55e-05,-3.52e-05,-3.49e-05,-4.41e-05,-2.13e-05,-0.0017651,-3.54e-05,0.0138385,0.0138366,0.0138364,-0.0015212,-0.0015188,0.0136348,0.0136363,-3.78e-05,-3.76e-05,-3.67e-05,-0.0012985,-0.0012976,-1.89e-05,0.0129904,0.0127658,1.35e-05,-3.38e-05,-3.45e-05,-0.0011037,-0.0011062,-3.88e-05,-0.0011071,0.0085262,-8.86e-05,-1.34e-05,0.0126016,-1.36e-05,-3.18e-05,0.0126022,-9.1e-06,-2.57e-05,2.71e-05,2.25e-05,-2.72e-05,-4.68e-05,-4.24e-05,1.9e-05,-4.28e-05,1.68e-05,-4.22e-05,1.52e-05,1.26e-05,-3.92e-05,1.33e-05,3.08e-05,1e-05,9.1e-06,0.0111407,2.33e-05,2.21e-05,6e-06,0.0108738,0.0108736,-3.66e-05,-3.65e-05,6.3e-06,0.0105985,-2.7e-06,0.0105982,-4.5e-06,6.77e-05,6.7e-05,6.45e-05,-1.17e-05,-1.61e-05,0.0103176,0.0103176,0.0103176,-1.3e-06,9.21e-05,9.21e-05,-1e-06,0.0100281,-3.21e-05,9.59e-05,-8.9e-06,0.0097289,0.0097289,0.0097288,0.0097288,0.0001267,0.0001249,-1.15e-05,-8e-07,0.009421,0.0094209,-1.07e-05,-6e-07,0.0094208,-1.07e-05,0.0001433,0.0001416,0.0001426,-3.2e-06,-9.6e-06,-9.6e-06,0.0091021,0.0091021,0.009102,0.0091021,0.009102,0.0001684,0.0001688,2.4e-05,0.0087712,0.0087712,-7e-06,0.0087712,2.42e-05,6e-07,0.0087712,0.0001852,0.0087714,0.0001898,0.000192,0.0084277,0.0084277,0.0084278,0.0084277,0.0084277,0.0084278,0.0084277,-1.4e-06,0.0084278,0.0084277,0.0084277,0.0084277,0.0002773,0.0002588,0.0080692,0.0080694,0.0080694,0.0080693,0.0080692,0.0080694,0.0080693,0.0080692,6.9e-06,0.0003719,3.29e-05,0.0080694,-8e-07,0.0080692,0.0080692,0.0080691,0.0004729,0.0004703,0.0004511,3.33e-05,0.0076924,0.0076925,0.0076925,0.0076926,0.0076924,0.0076928,0.0076924,4.22e-05,0.0076924,0.0008143,0.0008063,0.0007849,0.0007968,2.98e-05,4.03e-05,3.77e-05,1.42e-05,0.0072857,0.0072851,0.0072854,-6.2e-06,0.0072862,0.0072851,0.0072871,4.9e-06,0.0011282,0.001069,0.0011099,0.0072596,0.0011546,0.0011053,0.0011474,0.0068276,0.0068286,0.006829,0.0068291,0.0068292,1.05e-05,0.0068288,0.0068311,0.0014663,0.001407,1.15e-05,0.0014463,0.001445,0.0014409,0.0063262,0.0063263,0.0063271,0.0063259,0.0063271,0.0063283,6.9e-05,0.0063323,0.001628,0.0058261,0.0058297,0.0058676,0.0052002,0.0001111,0.0047549,0.0038983,0.004805,0.0048635,0.0035037,3.39e-05,0.0043345,0.0031308,0.003136,0.0031565,0.0047601,-0.0014881,-0.0014853,-0.00149,0.0019724,-0.0041594,-0.0041594
-7.94e-05,0.0001465,-0.0003806,-0.00095,-3.13e-05,0.001015,-0.0032898,-6.72e-05,-6.42e-05,-6.38e-05,-4.1e-06,-3.49e-05,-3.66e-05,-3.26e-05,-3.3e-06,-5.77e-05,-3.21e-05,-0.0026157,-5.45e-05,-2.98e-05,-5.37e-05,-0.0025155,-2.47e-05,-0.002475,-5.14e-05,2.27e-05,2.27e-05,2.27e-05,2.25e-05,2.22e-05,5.3e-05,2.77e-05,-5.02e-05,0.0166854,-4.91e-05,4.81e-05,-4.97e-05,4.73e-05,4.68e-05,-1.1e-05,-4.89e-05,-0.0020375,0.0156062,-5.67e-05,-1.13e-05,-5.06e-05,-5.45e-05,-5.44e-05,-5.38e-05,-5.35e-05,-5.3e-05,-5.01e-05,-2.06e-05,-0.0017825,-5.27e-05,0.0138361,0.0138341,0.0138339,-0.0015381,-0.0015358,0.0136325,0.013634,-5.46e-05,-5.42e-05,-5.31e-05,-0.0013146,-0.0013137,-2.15e-05,0.0129883,0.0127637,1.34e-05,-5e-05,-5.07e-05,-0.0011193,-0.0011217,-5.52e-05,-0.0011226,0.0085145,-0.0001099,-1.6e-05,0.0126004,-1.64e-05,-3.61e-05,0.012601,-1e-05,-2.76e-05,1.24e-05,7.8e-06,-3e-05,-6.25e-05,-5.88e-05,4.6e-06,-5.9e-05,2.6e-06,-5.84e-05,1.1e-06,-1.3e-06,-5.44e-05,1.06e-05,1.76e-05,-3.2e-06,-3.7e-06,0.0111402,1.05e-05,9.2e-06,3.5e-06,0.0108733,0.0108732,-5.12e-05,-5.12e-05,3.7e-06,0.010598,-4.4e-06,0.0105977,-7e-06,5.14e-05,5.5e-05,5.25e-05,-1.75e-05,-1.7e-05,0.0103173,0.0103173,0.0103172,-1.1e-06,8.05e-05,8.05e-05,-8e-07,0.0100278,-4.58e-05,8.46e-05,-8.2e-06,0.0097286,0.0097286,0.0097286,0.0097285,0.0001157,0.0001139,-1.09e-05,-4e-07,0.0094207,0.0094207,-1.02e-05,-1e-07,0.0094206,-1.01e-05,0.0001327,0.0001318,0.000132,-4e-06,-9.3e-06,-9.3e-06,0.0091019,0.009102,0.0091019,0.0091019,0.0091019,0.0001581,0.0001585,3.58e-05,0.0087711,0.0087711,-6.5e-06,0.0087711,3.6e-05,9e-07,0.0087711,0.0001753,0.0087713,0.0001806,0.0001822,0.0084277,0.0084276,0.0084277,0.0084276,0.0084276,0.0084278,0.0084276,-1.3e-06,0.0084277,0.0084276,0.0084276,0.0084276,0.0002723,0.0002495,0.0080692,0.0080694,0.0080694,0.0080693,0.0080692,0.0080694,0.0080692,0.0080691,7.2e-06,0.0003626,4.34e-05,0.0080694,-2.1e-06,0.0080692,0.0080692,0.0080691,0.000464,0.0004613,0.0004423,4.33e-05,0.0076926,0.0076927,0.0076927,0.0076927,0.0076926,0.0076929,0.0076927,5.21e-05,0.0076927,0.0008055,0.0007974,0.00078,0.0007877,2.91e-05,4.15e-05,3.84e-05,1.13e-05,0.0072862,0.0072855,0.0072858,-1.24e-05,0.0072866,0.0072855,0.0072875,3.1e-06,0.0011196,0.0010588,0.0011015,0.0072604,0.0011461,0.0010953,0.0011392,0.0068285,0.0068296,0.00683,0.0068301,0.0068301,8.9e-06,0.0068297,0.0068321,0.0014587,0.0013977,9.9e-06,0.0014389,0.0014376,0.0014335,0.0063275,0.0063277,0.0063284,0.0063272,0.0063284,0.0063296,7.18e-05,0.0063336,0.0016199,0.0058276,0.0058311,0.0058688,0.0051965,0.0001059,0.0047515,0.0039031,0.0048006,0.0048608,0.0035088,3.77e-05,0.0043307,0.0031356,0.0031407,0.0031612,0.0047626,-0.0014844,-0.0014816,-0.0014862,0.0019682,-0.0041633,-0.0041633
2.48e-05,0.0001366,-0.0003951,-0.0007792,-0.000128,0.0011381,-0.0032569,7.05e-05,6.73e-05,6.7e-05,-9.06e-05,-3.2e-06,-7e-07,-4.6e-06,-8.4e-05,5.95e-05,-4.5e-06,-0.0025905,5.53e-05,-4.2e-06,5.44e-05,-0.0024895,5.06e-05,-0.0024496,5.07e-05,4.5e-06,4.5e-06,4.5e-06,4.4e-06,4.4e-06,-4.77e-05,-1.5e-06,1.63e-05,0.0166884,1.54e-05,-4.57e-05,1.51e-05,-4.51e-05,-4.46e-05,-1.86e-05,1.48e-05,-0.0020169,0.0156091,6.3e-06,-1.83e-05,3.14e-05,6.6e-06,6.7e-06,6.5e-06,6.8e-06,6.4e-06,3.04e-05,3.57e-05,-0.0017647,2.6e-06,0.013839,0.0138368,0.0138365,-0.0015204,-0.0015184,0.013635,0.013637,-9e-07,-1.3e-06,-1.1e-06,-0.0012982,-0.0012972,3.69e-05,0.0129906,0.0127661,-5.6e-06,-6.7e-06,-6e-06,-0.0011035,-0.0011059,-1.06e-05,-0.0011069,0.0085263,-6.29e-05,-4.9e-06,0.0126016,-5.2e-06,3.97e-05,0.0126024,9.6e-06,4.25e-05,2.63e-05,2.18e-05,4.08e-05,1.38e-05,2.5e-06,1.8e-05,4.8e-06,1.58e-05,4.6e-06,1.43e-05,1.16e-05,4.6e-06,-3.6e-05,2.25e-05,9.6e-06,8.5e-06,0.0111407,2.28e-05,2.15e-05,-3.06e-05,0.0108738,0.0108737,3.9e-06,3.8e-06,-2.89e-05,0.0105987,-8.1e-06,0.0105983,-7.8e-06,8.11e-05,6.57e-05,6.34e-05,-8.6e-06,2.55e-05,0.0103178,0.0103176,0.0103178,-3e-07,9.08e-05,9.09e-05,-1e-06,0.0100282,5.5e-06,9.47e-05,2.3e-05,0.0097289,0.009729,0.009729,0.009729,0.0001254,0.0001238,3.46e-05,-2e-07,0.0094211,0.009421,3.53e-05,0,0.0094209,3.53e-05,0.0001422,0.000156,0.0001404,1.2e-06,3.46e-05,3.46e-05,0.0091021,0.0091021,0.0091022,0.0091021,0.009102,0.0001663,0.0001665,-8.8e-06,0.0087714,0.0087714,3.53e-05,0.0087714,-8.6e-06,1e-07,0.0087714,0.0001829,0.0087716,0.0002024,0.0001888,0.0084277,0.0084278,0.0084277,0.0084277,0.0084277,0.0084277,0.0084278,3.96e-05,0.0084276,0.0084277,0.0084277,0.0084278,0.0002638,0.0002566,0.0080694,0.0080693,0.0080693,0.0080695,0.0080694,0.0080693,0.0080695,0.0080694,4.55e-05,0.0003696,7.2e-06,0.0080693,2.35e-05,0.0080694,0.0080694,0.0080694,0.0004831,0.0004796,0.0004471,9.5e-06,0.0076922,0.0076925,0.0076925,0.0076925,0.0076922,0.0076929,0.0076922,1.84e-05,0.0076921,0.0008105,0.0008025,0.0007732,0.0007937,6.24e-05,6.58e-05,6.53e-05,5.03e-05,0.0072859,0.0072854,0.0072857,3.26e-05,0.0072865,0.0072857,0.0072874,2.74e-05,0.0011252,0.0010792,0.0011058,0.0072599,0.0011506,0.0011145,0.0011421,0.006828,0.0068289,0.0068292,0.0068294,0.0068294,3.19e-05,0.0068293,0.0068313,0.0014613,0.0014144,3.28e-05,0.00144,0.0014386,0.0014345,0.0063266,0.0063269,0.0063275,0.0063264,0.0063276,0.0063288,8.72e-05,0.0063328,0.001627,0.0058267,0.0058301,0.0058678,0.0052065,0.0001245,0.0047486,0.0039024,0.0048096,0.0048546,0.0035081,3.8e-05,0.0043299,0.003135,0.0031401,0.0031607,0.0047614,-0.0014788,-0.0014761,-0.0014807,0.0019804,-0.0041546,-0.0041546
2.57e-05,0.0001384,-0.0003995,-0.0007873,-0.0001298,0.0011412,-0.003276,6.72e-05,6.42e-05,6.38e-05,-9.21e-05,-2.9e-06,-5e-07,-4.2e-06,-8.54e-05,5.68e-05,-4.1e-06,-0.0026057,5.27e-05,-3.8e-06,5.18e-05,-0.0025041,5.16e-05,-0.002464,4.83e-05,4e-06,4e-06,4e-06,4e-06,3.9e-06,-4.54e-05,-1.7e-06,1.71e-05,0.0166863,1.62e-05,-4.34e-05,1.59e-05,-4.28e-05,-4.24e-05,-1.76e-05,1.55e-05,-0.0020291,0.0156072,7e-06,-1.74e-05,2.99e-05,7.2e-06,7.3e-06,7e-06,7.3e-06,7e-06,2.9e-05,3.39e-05,-0.0017757,3.2e-06,0.0138374,0.0138351,0.0138348,-0.0015311,-0.0015291,0.0136334,0.0136354,-4e-07,-8e-07,-6e-07,-0.0013084,-0.0013074,3.55e-05,0.0129891,0.0127647,-5.2e-06,-6e-06,-5.4e-06,-0.0011134,-0.0011158,-9.9e-06,-0.0011168,0.0085187,-6.67e-05,-4.7e-06,0.0126007,-5e-06,3.82e-05,0.0126015,9.3e-06,4.08e-05,1.65e-05,1.2e-05,3.93e-05,1.32e-05,2.4e-06,8.4e-06,4.6e-06,6.4e-06,4.4e-06,4.8e-06,2.3e-06,4.5e-06,-3.45e-05,1.45e-05,7e-07,-2e-07,0.0111403,1.42e-05,1.29e-05,-2.95e-05,0.0108735,0.0108733,3.7e-06,3.7e-06,-2.79e-05,0.0105983,-7.9e-06,0.010598,-7.5e-06,7.33e-05,5.74e-05,5.51e-05,-8.4e-06,2.45e-05,0.0103175,0.0103173,0.0103175,-4e-07,8.28e-05,8.29e-05,-1e-06,0.010028,5.2e-06,8.69e-05,2.21e-05,0.0097286,0.0097288,0.0097287,0.0097287,0.0001179,0.0001162,3.34e-05,-2e-07,0.0094209,0.0094208,3.41e-05,0,0.0094207,3.41e-05,0.0001349,0.0001487,0.0001331,1.2e-06,3.33e-05,3.33e-05,0.0091019,0.009102,0.009102,0.0091019,0.0091019,0.0001592,0.0001595,-8.7e-06,0.0087712,0.0087712,3.4e-05,0.0087712,-8.5e-06,1e-07,0.0087712,0.0001762,0.0087714,0.0001956,0.000182,0.0084276,0.0084277,0.0084275,0.0084276,0.0084276,0.0084276,0.0084277,3.82e-05,0.0084275,0.0084275,0.0084275,0.0084277,0.0002577,0.0002504,0.0080693,0.0080692,0.0080692,0.0080694,0.0080693,0.0080692,0.0080694,0.0080693,4.42e-05,0.0003634,7e-06,0.0080693,2.28e-05,0.0080694,0.0080693,0.0080693,0.0004769,0.0004734,0.0004413,9.3e-06,0.0076923,0.0076925,0.0076925,0.0076926,0.0076922,0.0076929,0.0076922,1.82e-05,0.0076921,0.0008047,0.0007967,0.0007676,0.0007878,6.11e-05,6.44e-05,6.4e-05,4.91e-05,0.0072862,0.0072857,0.0072859,3.17e-05,0.0072867,0.0072859,0.0072876,2.68e-05,0.0011197,0.0010737,0.0011003,0.0072604,0.0011452,0.001109,0.0011367,0.0068286,0.0068294,0.0068298,0.00683,0.0068299,3.13e-05,0.0068299,0.0068319,0.0014563,0.0014093,3.22e-05,0.001435,0.0014336,0.0014295,0.0063275,0.0063277,0.0063284,0.0063273,0.0063284,0.0063296,8.6e-05,0.0063336,0.0016226,0.0058276,0.005831,0.0058686,0.0052043,0.0001243,0.004746,0.0039057,0.0048068,0.0048523,0.0035117,3.74e-05,0.0043278,0.0031383,0.0031434,0.003164,0.0047634,-0.0014756,-0.0014728,-0.0014774,0.0019804,-0.0041559,-0.0041559
-4.56e-05,0.0001493,-0.0004052,-0.000934,-6.86e-05,0.0009995,-0.0032514,-7.01e-05,-6.7e-05,-6.66e-05,-3.74e-05,-2.57e-05,-2.77e-05,-2.36e-05,-3.44e-05,-6e-05,-2.32e-05,-0.0025855,-5.66e-05,-2.16e-05,-5.58e-05,-0.0024858,3.6e-06,-0.0024459,-5.33e-05,1.49e-05,1.49e-05,1.49e-05,1.48e-05,1.46e-05,5.39e-05,2.05e-05,-2.4e-05,0.016689,-2.37e-05,5e-05,-2.43e-05,4.94e-05,4.89e-05,-3.8e-06,-2.46e-05,-0.0020132,0.0156096,-3.26e-05,-4.3e-06,-4.82e-05,-3.16e-05,-3.15e-05,-3.12e-05,-3.09e-05,-3.07e-05,-4.68e-05,-2.53e-05,-0.0017608,-3.13e-05,0.0138391,0.0138372,0.013837,-0.001517,-0.0015146,0.0136353,0.0136368,-3.38e-05,-3.36e-05,-3.29e-05,-0.0012944,-0.0012936,-2.16e-05,0.0129909,0.0127664,1.48e-05,-2.95e-05,-3.02e-05,-0.0010998,-0.0011023,-3.45e-05,-0.0011032,0.0085291,-8.3e-05,-1.29e-05,0.0126019,-1.3e-05,-3.49e-05,0.0126025,-1e-05,-2.95e-05,3.07e-05,2.62e-05,-3.06e-05,-4.49e-05,-3.91e-05,2.26e-05,-3.98e-05,2.03e-05,-3.91e-05,1.87e-05,1.6e-05,-3.63e-05,1.75e-05,3.47e-05,1.33e-05,1.23e-05,0.0111408,2.65e-05,2.53e-05,9.3e-06,0.0108739,0.0108738,-3.37e-05,-3.37e-05,9.6e-06,0.0105986,-1.7e-06,0.0105983,-3.3e-06,7.14e-05,7e-05,6.75e-05,-9.7e-06,-1.85e-05,0.0103177,0.0103177,0.0103176,-1.5e-06,9.5e-05,9.5e-05,-1.1e-06,0.0100282,-2.94e-05,9.87e-05,-1.13e-05,0.0097289,0.0097289,0.0097289,0.0097289,0.0001294,0.0001276,-1.48e-05,-1e-06,0.009421,0.009421,-1.4e-05,-8e-07,0.0094209,-1.4e-05,0.000146,0.000143,0.0001454,-3.2e-06,-1.27e-05,-1.27e-05,0.0091021,0.0091022,0.0091021,0.0091021,0.0091021,0.000171,0.0001714,2.17e-05,0.0087713,0.0087712,-1e-05,0.0087713,2.19e-05,5e-07,0.0087712,0.0001877,0.0087715,0.0001912,0.0001946,0.0084278,0.0084277,0.0084278,0.0084277,0.0084277,0.0084278,0.0084277,-4.2e-06,0.0084278,0.0084277,0.0084277,0.0084277,0.0002789,0.0002613,0.0080693,0.0080694,0.0080694,0.0080693,0.0080692,0.0080694,0.0080693,0.0080692,4.2e-06,0.0003744,3.06e-05,0.0080694,-1.9e-06,0.0080692,0.0080692,0.0080691,0.0004744,0.0004719,0.0004535,3.11e-05,0.0076924,0.0076925,0.0076925,0.0076926,0.0076924,0.0076927,0.0076924,3.99e-05,0.0076924,0.0008168,0.0008087,0.0007864,0.0007992,2.78e-05,3.8e-05,3.55e-05,1.29e-05,0.0072856,0.007285,0.0072852,-6.4e-06,0.0072861,0.007285,0.007287,4e-06,0.0011305,0.0010711,0.0011122,0.0072594,0.0011569,0.0011075,0.0011498,0.0068273,0.0068284,0.0068288,0.0068289,0.0068289,9.7e-06,0.0068285,0.0068309,0.0014685,0.0014091,1.06e-05,0.0014485,0.0014472,0.0014431,0.0063258,0.006326,0.0063267,0.0063255,0.0063267,0.0063279,6.67e-05,0.0063319,0.0016302,0.0058258,0.0058293,0.0058673,0.0052008,0.0001122,0.0047561,0.0038969,0.0048058,0.0048647,0.0035022,3.22e-05,0.0043359,0.0031294,0.0031346,0.0031551,0.0047595,-0.0014895,-0.0014867,-0.0014913,0.0019734,-0.0041586,-0.0041586
2.77e-05,0.0001384,-0.0004013,-0.0007863,-0.0001324,0.0011311,-0.0032582,6.29e-05,6e-05,5.97e-05,-9.45e-05,-2.5e-06,-3e-07,-3.7e-06,-8.76e-05,5.31e-05,-3.6e-06,-0.0025916,4.92e-05,-3.4e-06,4.84e-05,-0.0024905,5.37e-05,-0.0024506,4.51e-05,3.4e-06,3.4e-06,3.4e-06,3.4e-06,3.4e-06,-4.24e-05,-1.8e-06,1.92e-05,0.0166881,1.82e-05,-4.05e-05,1.8e-05,-3.99e-05,-3.95e-05,-1.64e-05,1.74e-05,-0.0020177,0.0156089,8.9e-06,-1.62e-05,2.79e-05,9e-06,9.1e-06,8.8e-06,9.1e-06,8.8e-06,2.71e-05,3.17e-05,-0.0017655,4.9e-06,0.0138388,0.0138366,0.0138363,-0.0015212,-0.0015192,0.0136349,0.0136368,1.3e-06,9e-07,1.1e-06,-0.001299,-0.001298,3.39e-05,0.0129904,0.012766,-4.3e-06,-4e-06,-3.4e-06,-0.0011042,-0.0011067,-7.9e-06,-0.0011076,0.0085257,-6.09e-05,-4.6e-06,0.0126015,-4.9e-06,3.62e-05,0.0126023,8.7e-06,3.85e-05,2.55e-05,2.1e-05,3.71e-05,1.4e-05,4e-06,1.72e-05,6e-06,1.5e-05,5.8e-06,1.35e-05,1.08e-05,5.8e-06,-3.2e-05,2.25e-05,8.8e-06,7.7e-06,0.0111406,2.2e-05,2.08e-05,-2.75e-05,0.0108738,0.0108736,5.1e-06,5.1e-06,-2.59e-05,0.0105986,-7.3e-06,0.0105983,-6.9e-06,8.08e-05,6.49e-05,6.26e-05,-7.3e-06,2.31e-05,0.0103178,0.0103176,0.0103177,-5e-07,9.01e-05,9.02e-05,-1.1e-06,0.0100282,6.6e-06,9.4e-05,2.07e-05,0.0097288,0.009729,0.0097289,0.0097289,0.0001247,0.0001231,3.14e-05,-3e-07,0.0094211,0.009421,3.21e-05,-2e-07,0.0094209,3.21e-05,0.0001416,0.0001543,0.0001398,1.1e-06,3.15e-05,3.15e-05,0.009102,0.0091021,0.0091021,0.009102,0.009102,0.0001657,0.0001659,-9.8e-06,0.0087713,0.0087713,3.23e-05,0.0087713,-9.6e-06,0,0.0087713,0.0001824,0.0087715,0.0002008,0.0001883,0.0084277,0.0084278,0.0084276,0.0084277,0.0084276,0.0084276,0.0084278,3.67e-05,0.0084276,0.0084276,0.0084276,0.0084278,0.000263,0.0002561,0.0080694,0.0080693,0.0080692,0.0080695,0.0080694,0.0080693,0.0080694,0.0080694,4.28e-05,0.0003692,6e-06,0.0080693,2.22e-05,0.0080694,0.0080694,0.0080694,0.0004819,0.0004785,0.0004468,8.3e-06,0.0076922,0.0076925,0.0076925,0.0076925,0.0076921,0.0076928,0.0076921,1.72e-05,0.0076921,0.0008102,0.0008022,0.0007725,0.0007934,6.02e-05,6.35e-05,6.3e-05,4.85e-05,0.0072859,0.0072854,0.0072857,3.16e-05,0.0072865,0.0072857,0.0072874,2.63e-05,0.001125,0.0010786,0.0011056,0.0072599,0.0011504,0.0011139,0.0011419,0.006828,0.0068289,0.0068293,0.0068294,0.0068294,3.09e-05,0.0068293,0.0068313,0.0014612,0.001414,3.17e-05,0.0014399,0.0014385,0.0014344,0.0063266,0.0063269,0.0063276,0.0063264,0.0063276,0.0063288,8.5e-05,0.0063328,0.001627,0.0058267,0.0058301,0.0058678,0.0052061,0.0001249,0.0047486,0.0039025,0.0048091,0.0048547,0.0035082,3.66e-05,0.0043301,0.0031351,0.0031402,0.0031608,0.0047617,-0.0014788,-0.001476,-0.0014806,0.001981,-0.0041545,-0.0041545
2.71e-05,0.0001352,-0.000391,-0.0007667,-0.0001288,0.0011558,-0.003267,8.53e-05,8.15e-05,8.1e-05,-9.13e-05,-2.2e-06,8e-07,-3.9e-06,-8.46e-05,7.21e-05,-3.8e-06,-0.0025985,6.7e-05,-3.6e-06,6.6e-05,-0.0024972,5.13e-05,-0.0024571,6.16e-05,4.5e-06,4.5e-06,4.5e-06,4.5e-06,4.4e-06,-5.82e-05,-2.7e-06,1.66e-05,0.0166871,1.57e-05,-5.57e-05,1.54e-05,-5.5e-05,-5.44e-05,-2.11e-05,1.52e-05,-0.0020232,0.015608,6.8e-06,-2.07e-05,3.92e-05,7.2e-06,7.3e-06,7e-06,7.3e-06,7e-06,3.78e-05,4.26e-05,-0.0017705,2.9e-06,0.0138381,0.0138358,0.0138355,-0.001526,-0.001524,0.0136341,0.0136361,-6e-07,-1e-06,-8e-07,-0.0013036,-0.0013026,4.28e-05,0.0129897,0.0127652,-7.9e-06,-7.4e-06,-6.6e-06,-0.0011087,-0.0011112,-1.12e-05,-0.0011121,0.0085222,-6.57e-05,-4.5e-06,0.012601,-4.8e-06,4.72e-05,0.0126018,1.16e-05,5.02e-05,2.12e-05,1.67e-05,4.82e-05,1.71e-05,3.8e-06,1.3e-05,6.5e-06,1.08e-05,6.1e-06,9.3e-06,6.7e-06,6.1e-06,-4.25e-05,1.71e-05,5e-06,4e-06,0.0111404,1.83e-05,1.71e-05,-3.56e-05,0.0108735,0.0108734,5.1e-06,5e-06,-3.38e-05,0.0105984,-9.1e-06,0.0105981,-8.8e-06,7.76e-05,6.14e-05,5.91e-05,-9.7e-06,3.03e-05,0.0103176,0.0103174,0.0103176,-2e-07,8.66e-05,8.68e-05,-1e-06,0.010028,6.5e-06,9.07e-05,2.7e-05,0.0097287,0.0097288,0.0097288,0.0097287,0.0001215,0.0001198,4.02e-05,0,0.0094209,0.0094208,4.09e-05,2e-07,0.0094207,4.09e-05,0.0001384,0.0001543,0.0001365,1.6e-06,3.99e-05,3.99e-05,0.0091019,0.009102,0.009102,0.0091019,0.0091019,0.0001625,0.0001627,-9.8e-06,0.0087712,0.0087712,4.04e-05,0.0087712,-9.6e-06,1e-07,0.0087712,0.0001793,0.0087714,0.0002007,0.000185,0.0084276,0.0084277,0.0084275,0.0084275,0.0084275,0.0084275,0.0084277,4.45e-05,0.0084275,0.0084275,0.0084275,0.0084277,0.00026,0.0002531,0.0080693,0.0080692,0.0080691,0.0080694,0.0080693,0.0080692,0.0080694,0.0080693,5.01e-05,0.0003661,6.7e-06,0.0080692,2.6e-05,0.0080693,0.0080693,0.0080693,0.0004813,0.0004776,0.0004436,9.1e-06,0.0076922,0.0076924,0.0076924,0.0076925,0.0076921,0.0076928,0.0076921,1.8e-05,0.007692,0.000807,0.000799,0.0007697,0.0007902,6.61e-05,6.9e-05,6.87e-05,5.38e-05,0.007286,0.0072855,0.0072858,3.57e-05,0.0072865,0.0072858,0.0072874,2.96e-05,0.0011219,0.0010771,0.0011024,0.0072602,0.0011473,0.0011123,0.0011386,0.0068282,0.0068291,0.0068295,0.0068297,0.0068296,3.4e-05,0.0068296,0.0068315,0.0014581,0.0014123,3.49e-05,0.0014367,0.0014352,0.0014312,0.006327,0.0063273,0.006328,0.0063269,0.006328,0.0063292,8.99e-05,0.0063332,0.0016242,0.0058271,0.0058305,0.0058682,0.005206,0.0001247,0.0047466,0.0039045,0.0048086,0.0048525,0.0035104,3.94e-05,0.004328,0.0031371,0.0031422,0.0031628,0.0047624,-0.0014763,-0.0014735,-0.0014782,0.0019803,-0.0041551,-0.0041551
-0.0028453,-0.0057204,0.0119099,0.0234922,0.0046913,0.0232492,0.0006046,0.0240958,0.0230087,0.022884,0.0040848,-0.0012522,-0.0003767,-0.0017324,0.0038118,0.0203452,-0.0017141,0.0005553,0.0190508,-0.0015898,0.018751,0.0004301,-0.0030162,0.0004526,0.0176447,0.0024731,0.002472,0.0024727,0.002448,0.0024248,-0.0167599,0.0003371,-0.0031764,0.0001256,-0.0030602,-0.0163007,-0.0030286,-0.0161395,-0.0159633,-0.0061616,-0.0026625,0.000442,0.000113,-0.0026263,-0.0059304,0.0115036,-0.002258,-0.0022566,-0.0022277,-0.0022274,-0.0021971,0.010756,0.0123149,0.0003922,-0.0023436,0.0001706,9.21e-05,9.79e-05,0.0004285,0.0003637,0.0001212,0.0001965,-0.0022712,-0.0022382,-0.0022036,0.0003406,0.0003669,0.0101384,0.0001072,4.53e-05,-0.0030068,-0.0039683,-0.0037382,0.0003333,0.0003335,-0.0038789,0.0003362,0.0002595,-0.0032167,-0.0007292,6.7e-05,-0.0008426,0.0114854,4.96e-05,0.0023118,0.0124147,0.000529,0.0005296,0.0117069,0.0031994,-0.000297,0.000454,0.0003071,0.0004608,0.0001611,0.0004604,0.00045,0.0001438,-0.0111693,-0.0017048,0.0005593,0.0005443,4.42e-05,0.0005458,0.0005457,-0.0089844,3.12e-05,4.12e-05,-0.0002045,-0.0002197,-0.008782,4.01e-05,-0.0026177,4.06e-05,-0.0026632,0.0005155,0.0005167,0.000517,-0.0031656,0.0072805,7.2e-05,3.5e-05,7.11e-05,-0.0003133,0.0005035,0.0005031,-0.0004947,3.04e-05,-0.0002102,0.000489,0.0062405,2.98e-05,2.86e-05,5.78e-05,2.81e-05,0.0004748,0.000502,0.0093805,-0.0002257,5.43e-05,2.49e-05,0.0093877,-0.0001566,2.54e-05,0.0093926,0.000457,0.0036265,0.0002303,-0.0001084,0.0090861,0.009086,1.93e-05,1.91e-05,4.78e-05,1.91e-05,1.92e-05,0.0002504,0.000221,0.0001086,4.57e-05,4.5e-05,0.0087631,4.43e-05,0.0001835,0.0006216,4.36e-05,0.0002133,4.25e-05,0.0031771,4.2e-06,9.9e-06,3.79e-05,9.8e-06,9.2e-06,9.2e-06,9.8e-06,3.71e-05,0.0084142,9.1e-06,8.3e-06,8.3e-06,3.62e-05,7.79e-05,-1.3e-06,3.49e-05,6.9e-06,7.2e-06,4.55e-05,4.42e-05,4.2e-06,4.28e-05,5.01e-05,0.0080594,8e-07,0.0010802,3.6e-06,0.0045418,4.14e-05,4.61e-05,4.97e-05,0.0023446,0.0021804,-0.0003299,0.0011411,-8.9e-06,-1.53e-05,-1.53e-05,-1.53e-05,-5.9e-06,7.7e-06,-5.3e-06,0.0011576,-3.3e-06,-0.0003366,-0.0003367,6.99e-05,-0.0003413,0.0063221,0.0060084,0.0061391,0.0056118,-5e-06,2.15e-05,2.39e-05,0.0041851,7.4e-06,3.6e-05,3.5e-06,0.0039602,-0.0003349,0.0010841,-0.0004571,2.91e-05,-0.0004416,0.0009674,-0.0005917,1.99e-05,2.5e-06,2.3e-06,1.71e-05,1e-06,0.0037644,3.63e-05,-2.8e-06,-0.0005562,0.0007803,0.0038158,-0.0006975,-0.0007067,-0.0007068,2.9e-05,3.71e-05,2.78e-05,3.99e-05,3.47e-05,3.89e-05,0.0057275,4.21e-05,-0.0005703,3.65e-05,3.39e-05,1.3e-05,0.0010265,0.0001282,-0.0006812,0.0003696,0.000821,-0.0010378,0.0003947,0.0033373,-0.0010228,0.000392,0.0003699,0.0003623,-0.0001483,0.0008327,0.0008327,0.0008327,-0.0005365,4.64e-05,4.64e-05
-0.0010766,-0.0014607,0.0030058,0.0053826,0.001466,-0.0089603,0.0245765,-0.000913,-0.0008716,-0.0008672,0.0011294,-0.0004771,-0.000499,-0.0004455,0.0010499,-0.0007836,-0.00044,0.0195532,-0.0007301,-0.000408,-0.0007185,0.0187832,-0.0007624,0.0184813,-0.0006747,0.0003597,0.0003598,0.0003597,0.0003565,0.0003531,0.0006968,0.0004228,-0.0004635,0.003116,-0.0004421,0.0006242,-0.0004425,0.000615,0.0006082,-0.0001547,-0.000435,0.0156666,0.0029191,-0.000364,-0.0001482,-0.0006505,-0.0003512,-0.000352,-0.0003459,-0.0003482,-0.0003417,-0.0006346,-0.0002601,0.014153,-0.0002814,0.0025638,0.0025819,0.0025845,0.0137715,0.0137741,0.0024754,0.0024567,-0.0002201,-0.0002129,-0.0002117,0.0131565,0.0131555,-0.0002597,0.0022821,0.0022254,0.0003019,-0.0001514,-0.0001595,0.0127316,0.0127314,-0.0001286,0.0127308,0.0100042,0.0054996,-0.000211,0.0015622,-0.000207,-0.0005286,0.0015383,-0.0003181,-0.0005019,0.0126051,0.0126043,-0.0005138,-2.05e-05,0.0001204,0.0123711,8.65e-05,0.0121312,9.86e-05,0.0121311,0.0118859,9.78e-05,0.0004503,0.0107153,0.0113763,0.0111149,0.0009016,0.0111155,0.0111155,0.0004344,0.000828,0.0008352,0.0001265,0.0001259,0.0004262,0.0008023,0.0001189,0.000815,0.0001219,0.0099336,0.0105728,0.0105733,0.0002465,-0.0003515,0.0007237,0.0007288,0.0007258,-9.5e-06,0.0102912,0.0102917,-2e-07,0.0006649,0.0002887,0.0100019,-0.0003245,0.0006404,0.0006334,0.00064,0.000638,0.0097021,0.0097007,-0.0004547,-1.41e-05,0.0005822,0.0005809,-0.000455,-1.92e-05,0.0005903,-0.0004551,0.0093956,0.0086801,0.0094038,7e-07,-0.0002214,-0.0002214,0.0005262,0.0005181,0.0005253,0.0005277,0.0005288,0.0090841,0.0090848,-7.93e-05,0.0004752,0.0004781,-0.0002128,0.0004752,-8.02e-05,-8.1e-06,0.0004773,0.0087531,0.0004619,0.0081596,0.0087551,0.0004208,0.0004244,0.0004153,0.0004246,0.0004266,0.0004226,0.0004242,-1.8e-06,0.0004197,0.0004287,0.0004275,0.0004256,0.0078574,0.0080576,0.0003625,0.0003719,0.0003626,0.0003696,0.0003634,0.0003744,0.0003692,0.0003661,8e-07,0.0080593,0.0001121,0.0003422,-2.8e-06,0.0003371,0.0003356,0.0003382,0.0075791,0.0076458,0.0076747,0.0001075,0.000202,0.0002122,0.000212,0.0002137,0.0002042,0.0002204,0.0002096,0.0001063,0.0002145,0.0076599,0.0076603,0.007219,0.0076588,0.000373,0.0004061,0.0003993,0.0003058,-9.81e-05,-0.0001062,-0.0001021,0.0002285,-8.94e-05,-9.77e-05,-7.35e-05,1.83e-05,0.0072341,0.0068606,0.0072288,-0.0004196,0.0072252,0.006921,0.0072093,-0.0005455,-0.0005382,-0.0005349,-0.0005345,-0.0005339,2.05e-05,-0.0005337,-0.0005179,0.0067431,0.0065405,2.55e-05,0.0067194,0.0067202,0.0067209,-0.0008988,-0.0008981,-0.0008938,-0.0009005,-0.000894,-0.0008876,0.0003821,-0.000865,0.0058288,-0.0009852,-0.0009676,-0.0007721,0.0028124,0.0002646,0.0037009,-0.0042949,0.0035634,0.0034031,-0.0046233,7.82e-05,0.003006,-0.0042702,-0.0042661,-0.0042497,-0.0023278,-0.0044924,-0.0044935,-0.0044917,0.0001665,0.0015297,0.0015297
-0.0237544,-0.0054758,0.0148787,-0.0070363,0.0231878,-0.0008716,-0.0012435,-0.0013269,-0.0012646,-0.0012617,0.0205992,-0.0083315,-0.0082005,-0.0080898,0.019222,-0.0013258,-0.0079923,-0.000724,-0.0012419,-0.0074157,-0.0012212,-0.0011311,-0.0173347,-0.0010584,-0.0012396,0.0068494,0.0068495,0.0068494,0.0067859,0.0067215,0.0019927,0.0067079,-0.0158045,4.5e-06,-0.0152946,0.0010585,-0.0153258,0.0009707,0.0009594,-0.0056115,-0.0147567,-0.0006725,-2.07e-05,-0.0145857,-0.0054768,-0.0041475,-0.0138318,-0.0138319,-0.0136485,-0.0136487,-0.0134624,-0.0045968,0.0023723,-0.0004506,-0.0127869,-2.62e-05,-4.23e-05,-1.59e-05,-0.0004639,-0.0004659,-1.71e-05,-2.67e-05,-0.0124062,-0.0122109,-0.0120159,-0.0004088,-0.0004131,-0.0002573,-1.16e-05,-0.0001155,0.0010905,-0.0122869,-0.0123259,-0.0003899,-0.000389,-0.0124944,-0.0003788,-0.0002543,-0.0112648,-0.0034633,2.31e-05,-0.003601,-0.002734,-4.04e-05,-0.0019372,-0.0005561,0.0001442,0.000123,-0.0015322,-0.0111257,-0.0118531,9.87e-05,-0.0117432,0.0001252,-0.0117203,0.0001223,0.000132,-0.0109944,-0.0025834,-0.0009443,0.0001881,0.0002224,1.93e-05,0.0001959,0.0001975,-0.0030374,5.9e-06,1.83e-05,-0.0106223,-0.0106241,-0.0030991,-2.07e-05,-0.0024547,-8.3e-06,-0.0030441,-0.0033313,0.0003952,0.0003572,-0.0053361,-0.0009201,2.37e-05,2.09e-05,2.37e-05,-0.0009414,0.0003879,0.0003607,-0.0009217,-9.2e-06,-0.009935,0.0003566,0.0001493,1.86e-05,-2.11e-05,2.26e-05,-2.01e-05,0.000374,0.000377,0.0009828,-0.0007038,2.14e-05,-9.8e-06,0.0010097,-0.0006023,-8.8e-06,0.0010284,0.0003346,0.0007087,0.0003102,-0.0015228,0.0010439,0.0010434,1.17e-05,1.15e-05,2.06e-05,1.72e-05,1.73e-05,0.000331,0.0003276,0.0085337,1.87e-05,1.87e-05,0.0011218,1.83e-05,0.0086407,0.0011948,1.82e-05,0.0003323,1.75e-05,0.0006024,0.0003082,1.28e-05,1.59e-05,4.02e-05,1.21e-05,1.22e-05,3.98e-05,1.44e-05,0.0009549,3.88e-05,1.06e-05,1.06e-05,1.34e-05,0.0030937,8.49e-05,8.1e-06,3.29e-05,4.34e-05,7.2e-06,7e-06,3.06e-05,6e-06,6.7e-06,0.0010802,0.0001121,0.008062,2.91e-05,0.0001459,4e-07,4e-07,4e-07,8.31e-05,8.3e-05,0.0001109,0.007683,3.82e-05,-2.5e-06,-2.5e-06,-2.5e-06,5.95e-05,-5e-06,7.32e-05,0.0076836,8.7e-05,5.89e-05,5.89e-05,0.0026674,-0.0001287,0.0001298,0.0015294,0.0011675,-0.0017136,-2.13e-05,-2.28e-05,-2.3e-05,-0.0043496,-3.77e-05,-6.69e-05,-3.48e-05,-0.0002341,-0.000136,-0.0015868,-8.5e-06,-9e-06,-2.47e-05,-0.0014697,0.0001325,-2.01e-05,-2.5e-06,-2.5e-06,-3.4e-06,-2.4e-06,-0.0002116,-3.91e-05,5e-07,0.0001247,-0.0012497,-0.0001257,0.0002733,0.0002825,0.0002825,-4.7e-06,-1.28e-05,-3.8e-06,-1.55e-05,-1.07e-05,-1.53e-05,0.0031734,-9.5e-06,-0.0008275,-8.8e-06,8.8e-06,2.54e-05,-0.0004044,-0.0031381,0.000484,-0.0002749,-0.0002812,0.0006806,-0.0003009,0.0035792,-0.0003337,-0.0002587,-0.0002935,-0.0003164,-0.0003652,-0.0009659,-0.0009651,-0.0009665,-0.0027104,-0.0012439,-0.0012439
-4.38e-05,0.0001473,-0.0004265,-0.0009552,-8.1e-05,0.0010343,-0.0033502,-6.77e-05,-6.46e-05,-6.43e-05,-4.77e-05,-2.97e-05,-3.15e-05,-2.75e-05,-4.4e-05,-5.8e-05,-2.71e-05,-0.0026643,-5.48e-05,-2.52e-05,-5.39e-05,-0.0025612,1.14e-05,-0.0025202,-5.15e-05,1.83e-05,1.83e-05,1.83e-05,1.81e-05,1.79e-05,5.29e-05,2.35e-05,-1.78e-05,0.0166796,-1.77e-05,4.87e-05,-1.82e-05,4.81e-05,4.76e-05,-7e-06,-1.88e-05,-0.0020763,0.0156008,-2.71e-05,-7.4e-06,-4.86e-05,-2.64e-05,-2.63e-05,-2.61e-05,-2.58e-05,-2.57e-05,-4.69e-05,-2.27e-05,-0.0018178,-2.64e-05,0.0138314,0.0138294,0.0138292,-0.0015724,-0.00157,0.0136279,0.0136295,-2.92e-05,-2.92e-05,-2.85e-05,-0.0013473,-0.0013465,-1.82e-05,0.0129842,0.0127598,1.8e-05,-2.61e-05,-2.68e-05,-0.001151,-0.0011535,-3.15e-05,-0.0011544,0.0084907,-0.0001028,-1.58e-05,0.0125979,-1.6e-05,-3.42e-05,0.0125986,-1.29e-05,-2.83e-05,-1.98e-05,-2.44e-05,-3e-05,-4.27e-05,-3.7e-05,-2.7e-05,-3.79e-05,-2.84e-05,-3.72e-05,-2.99e-05,-3.17e-05,-3.45e-05,1.73e-05,-9.2e-06,-3.23e-05,-3.23e-05,0.0111392,-1.8e-05,-1.93e-05,6.5e-06,0.0108726,0.0108724,-3.23e-05,-3.22e-05,6.9e-06,0.0105973,-5.3e-06,0.010597,-6.8e-06,3.23e-05,2.76e-05,2.51e-05,-1.28e-05,-1.99e-05,0.0103167,0.0103167,0.0103166,-4.9e-06,5.37e-05,5.38e-05,-4.4e-06,0.0100274,-2.92e-05,5.86e-05,-1.31e-05,0.0097282,0.0097282,0.0097281,0.0097281,9.05e-05,8.87e-05,-1.38e-05,-4.1e-06,0.0094204,0.0094204,-1.3e-05,-4e-06,0.0094203,-1.29e-05,0.0001083,0.0001079,0.0001077,-6.3e-06,-1.26e-05,-1.26e-05,0.0091017,0.0091018,0.0091017,0.0091017,0.0091017,0.0001346,0.000135,2.04e-05,0.008771,0.0087709,-9.8e-06,0.008771,2.08e-05,3.4e-06,0.008771,0.0001526,0.0087712,0.0001582,0.0001596,0.0084276,0.0084276,0.0084277,0.0084276,0.0084276,0.0084277,0.0084276,-4.9e-06,0.0084276,0.0084275,0.0084276,0.0084276,0.000247,0.000229,0.0080693,0.0080694,0.0080694,0.0080693,0.0080693,0.0080694,0.0080693,0.0080692,3.6e-06,0.0003422,2.91e-05,0.0080695,2e-07,0.0080693,0.0080693,0.0080693,0.0004436,0.0004408,0.000423,2.98e-05,0.007693,0.0076931,0.0076931,0.0076931,0.007693,0.0076933,0.007693,3.86e-05,0.007693,0.0007863,0.0007783,0.0007574,0.0007688,2.47e-05,3.45e-05,3.2e-05,1.02e-05,0.0072874,0.0072868,0.007287,-8.2e-06,0.0072878,0.0072868,0.0072887,5.9e-06,0.0011019,0.0010436,0.0010836,0.0072624,0.0011283,0.0010798,0.0011213,0.0068308,0.0068318,0.0068322,0.0068323,0.0068323,1.15e-05,0.0068319,0.0068342,0.0014419,0.001383,1.23e-05,0.0014221,0.0014207,0.0014167,0.0063306,0.0063307,0.0063315,0.0063303,0.0063315,0.0063326,6.5e-05,0.0063365,0.001608,0.0058308,0.0058342,0.0058715,0.0051902,0.0001133,0.0047422,0.0039148,0.0047922,0.004852,0.0035213,3.23e-05,0.0043252,0.0031471,0.0031523,0.0031728,0.00477,-0.0014716,-0.0014688,-0.0014735,0.0019747,-0.0041648,-0.0041648
-0.013291,-0.0238969,-0.0098671,0.0161777,-0.0067874,0.013407,0.0004819,0.0140506,0.0134073,0.0133356,-0.0060403,-0.0165344,-0.0157032,-0.0163996,-0.0056323,0.0114706,-0.0161731,0.0003157,0.0107429,-0.015008,0.0105731,0.000514,0.0053147,0.0003937,0.009986,0.0145479,0.0145473,0.0145477,0.0144115,0.0142749,-0.0074093,0.0128342,0.0046138,9.41e-05,0.0045399,-0.0085736,0.0045048,-0.0084586,-0.0083658,-0.0146382,0.0042801,0.0002123,3.58e-05,0.0042325,-0.0140929,0.0001764,0.0042614,0.004262,0.0042054,0.0042052,0.004149,0.0003726,0.0129849,0.0002507,0.0044235,6.62e-05,3.77e-05,2.98e-05,0.0002105,0.0001826,4.17e-05,7.9e-05,0.004291,0.0042214,0.0041457,0.0001652,0.0001773,0.0124971,4.81e-05,3.06e-05,0.0084503,0.000926,0.0010729,0.0001104,0.0001165,0.0002442,0.0001058,7.91e-05,0.0003724,-0.010222,1.62e-05,-0.0102436,0.0042745,-9.93e-05,-0.0086255,0.0067951,0.0001256,0.0001072,0.0046734,0.0047175,0.0032947,7.01e-05,0.0029026,8.93e-05,0.0029924,9.02e-05,8.49e-05,0.0028139,-0.0046324,-0.0036844,0.0003122,0.0002944,1.95e-05,0.0003017,0.0003013,-0.0097432,-2.52e-05,1.9e-05,0.0021018,0.0020932,-0.0094322,2.73e-05,-0.0096282,2.47e-05,-0.0094922,0.0010329,0.0002404,0.0002487,-0.0084726,-0.0015899,2.28e-05,1.51e-05,2.26e-05,-0.0085852,0.0002357,0.0002388,-0.0084467,1.65e-05,0.0009194,0.0002312,-0.0028756,1.29e-05,1.67e-05,2.74e-05,1.63e-05,0.0002214,0.0002355,0.004817,-0.0078233,2.59e-05,1.33e-05,0.0049137,-0.0077966,1.28e-05,0.0049989,0.0002152,0.0019308,9.23e-05,-0.0076288,0.0049006,0.0048986,-1.5e-05,-1.46e-05,2.41e-05,8.3e-06,8.3e-06,0.0001022,8.6e-05,-0.0018334,2.32e-05,2.28e-05,0.0049361,2.21e-05,-0.001284,0.0074307,2.13e-05,8.12e-05,2.08e-05,0.0016464,-2.86e-05,3.8e-06,1.85e-05,-3e-07,3.5e-06,3.5e-06,-2e-07,1.83e-05,0.0045069,-4e-07,3.2e-06,3.2e-06,1.77e-05,-0.0003874,-7e-07,1.77e-05,-8e-07,-2.1e-06,2.35e-05,2.28e-05,-1.9e-06,2.22e-05,2.6e-05,0.0045418,-2.8e-06,0.0001459,2e-07,0.0080607,3.7e-06,4.1e-06,4.5e-06,0.0002049,0.0001905,-2.93e-05,0.0004203,7e-07,-1.3e-06,-1.3e-06,-1.3e-06,1.7e-06,6e-07,2.2e-06,0.000453,3.4e-06,-3.05e-05,-3.05e-05,0.0001094,-3.84e-05,0.0006898,1.02e-05,0.000228,7.59e-05,-1e-06,4.69e-05,5.17e-05,-9.25e-05,-7.1e-06,-7.9e-06,-7e-06,0.0072812,-3.95e-05,-7.95e-05,-3.58e-05,5.03e-05,-3.65e-05,-7.67e-05,-3.19e-05,-7.4e-06,-6.9e-06,-6.9e-06,2.04e-05,-9e-06,0.0068653,-1e-05,-9e-06,-3.06e-05,-6.56e-05,0.0068693,-2.1e-06,-3.04e-05,-3.04e-05,-6.6e-06,1.85e-05,-8.8e-06,2.65e-05,1.24e-05,2.74e-05,0.0043919,-1.6e-05,0.00147,-1.43e-05,-3.78e-05,-5.04e-05,7.39e-05,0.0043928,-0.0003452,0.0001891,4.2e-06,-0.0004458,0.0002127,0.0040914,0.0005371,0.0002112,0.000202,0.0002259,0.0003802,0.0007626,0.0007618,0.0007631,0.0027451,0.001204,0.001204
9.01e-05,0.0002168,-0.0003721,-0.0008133,-0.0001268,0.0011651,-0.0033561,6.45e-05,6.15e-05,6.12e-05,-8.89e-05,5.82e-05,5.93e-05,5.54e-05,-8.24e-05,5.59e-05,5.47e-05,-0.0026693,5.19e-05,5.07e-05,5.1e-05,-0.0025657,4.82e-05,-0.0025242,4.75e-05,-4.69e-05,-4.69e-05,-4.69e-05,-4.65e-05,-4.6e-05,-5.24e-05,-5.05e-05,1.33e-05,0.0166786,1.23e-05,-4.48e-05,1.22e-05,-4.42e-05,-4.37e-05,2.58e-05,1.25e-05,-0.0020798,0.0156001,3.9e-06,2.45e-05,5.38e-05,3.8e-06,4e-06,3.7e-06,4e-06,3.7e-06,5.14e-05,1.01e-05,-0.0018219,-2.1e-06,0.0138312,0.0138288,0.0138285,-0.0015758,-0.0015738,0.0136275,0.0136295,-5.7e-06,-6e-06,-5.6e-06,-0.0013512,-0.0013502,1.22e-05,0.0129837,0.0127595,-3.95e-05,-3.4e-06,-2.8e-06,-0.0011545,-0.001157,-4.8e-06,-0.0011579,0.0084878,-8.05e-05,3.13e-05,0.0125975,3.1e-05,4.7e-05,0.0125988,4.39e-05,4.08e-05,-2.43e-05,-2.87e-05,4.6e-05,1.35e-05,1.9e-06,-3.15e-05,6.4e-06,-3.29e-05,5.6e-06,-3.44e-05,-3.61e-05,5.5e-06,-3.64e-05,-1.03e-05,-3.67e-05,-3.67e-05,0.011139,-2.24e-05,-2.36e-05,-1.08e-05,0.0108725,0.0108722,6.1e-06,6.1e-06,-9.8e-06,0.0105973,2.12e-05,0.0105969,2.15e-05,4.15e-05,2.26e-05,2.03e-05,1.83e-05,4.34e-05,0.0103167,0.0103165,0.0103167,2.79e-05,4.89e-05,4.91e-05,2.65e-05,0.0100273,1.02e-05,5.4e-05,4.24e-05,0.009728,0.0097282,0.0097281,0.0097281,8.59e-05,8.43e-05,3.33e-05,2.56e-05,0.0094204,0.0094204,3.37e-05,2.57e-05,0.0094202,3.34e-05,0.000104,0.0001193,0.0001023,2.72e-05,3.17e-05,3.17e-05,0.0091016,0.0091017,0.0091016,0.0091015,0.0091015,0.0001294,0.0001296,-1.03e-05,0.008771,0.0087709,3.17e-05,0.008771,-1.19e-05,-2.42e-05,0.0087709,0.0001474,0.0087712,0.0001682,0.0001533,0.0084275,0.0084276,0.0084274,0.0084275,0.0084274,0.0084274,0.0084276,3.62e-05,0.0084274,0.0084274,0.0084274,0.0084276,0.0002306,0.0002241,0.0080693,0.0080692,0.0080692,0.0080694,0.0080694,0.0080692,0.0080694,0.0080693,4.14e-05,0.0003371,4e-07,0.0080693,3.7e-06,0.0080695,0.0080695,0.0080695,0.0004553,0.0004513,0.0004158,2.2e-06,0.0076927,0.007693,0.007693,0.007693,0.0076926,0.0076933,0.0076926,1.1e-05,0.0076925,0.0007793,0.0007713,0.0007415,0.0007627,6.76e-05,7.13e-05,7.07e-05,5.84e-05,0.0072876,0.007287,0.0072873,4.2e-05,0.0072882,0.0072875,0.007289,9.6e-06,0.001096,0.001055,0.0010763,0.0072628,0.0011212,0.0010898,0.0011124,0.0068314,0.0068322,0.0068326,0.0068327,0.0068327,1.52e-05,0.0068328,0.0068346,0.0014336,0.0013908,1.6e-05,0.0014119,0.0014106,0.0014065,0.0063314,0.0063316,0.0063323,0.0063311,0.0063323,0.0063335,7.67e-05,0.0063375,0.001599,0.0058318,0.0058352,0.0058721,0.0051977,0.0001123,0.0047342,0.0039205,0.0047975,0.0048411,0.0035275,2.59e-05,0.0043156,0.0031528,0.003158,0.0031785,0.0047706,-0.0014614,-0.0014586,-0.0014633,0.0019729,-0.0041642,-0.0041642
9.59e-05,0.0002228,-0.0003601,-0.0008007,-0.0001226,0.0011806,-0.00336,7.9e-05,7.54e-05,7.5e-05,-8.52e-05,6.5e-05,6.64e-05,6.17e-05,-7.9e-05,6.84e-05,6.09e-05,-0.0026724,6.35e-05,5.64e-05,6.25e-05,-0.0025687,4.54e-05,-0.0025271,5.83e-05,-5.17e-05,-5.17e-05,-5.17e-05,-5.12e-05,-5.07e-05,-6.36e-05,-5.63e-05,1.04e-05,0.0166782,9.4e-06,-5.5e-05,9.4e-06,-5.43e-05,-5.37e-05,2.74e-05,1.01e-05,-0.0020822,0.0155997,1.4e-06,2.6e-05,6.39e-05,1.6e-06,1.8e-06,1.5e-06,1.9e-06,1.6e-06,6.08e-05,1.48e-05,-0.0018242,-4.5e-06,0.0138309,0.0138285,0.0138282,-0.001578,-0.001576,0.0136272,0.0136293,-8.1e-06,-8.4e-06,-8e-06,-0.0013532,-0.0013522,1.55e-05,0.0129834,0.0127591,-4.57e-05,-5.8e-06,-5.1e-06,-0.0011565,-0.001159,-6.9e-06,-0.0011599,0.0084862,-8.32e-05,3.53e-05,0.0125973,3.5e-05,5.52e-05,0.0125987,4.97e-05,4.85e-05,-2.61e-05,-3.06e-05,5.4e-05,1.53e-05,1.5e-06,-3.34e-05,6.6e-06,-3.47e-05,5.6e-06,-3.62e-05,-3.79e-05,5.6e-06,-4.36e-05,-1.2e-05,-3.84e-05,-3.84e-05,0.0111389,-2.4e-05,-2.53e-05,-1.4e-05,0.0108725,0.0108721,6.1e-06,6.1e-06,-1.29e-05,0.0105972,2.32e-05,0.0105968,2.35e-05,4.01e-05,2.11e-05,1.88e-05,1.97e-05,5.03e-05,0.0103167,0.0103164,0.0103166,3.14e-05,4.74e-05,4.75e-05,2.97e-05,0.0100273,1.06e-05,5.25e-05,4.89e-05,0.0097279,0.0097281,0.009728,0.009728,8.45e-05,8.28e-05,3.91e-05,2.87e-05,0.0094204,0.0094203,3.95e-05,2.89e-05,0.0094202,3.92e-05,0.0001026,0.0001199,0.0001007,3.04e-05,3.71e-05,3.72e-05,0.0091016,0.0091017,0.0091016,0.0091015,0.0091014,0.0001279,0.0001281,-1.03e-05,0.0087709,0.0087709,3.68e-05,0.0087709,-1.2e-05,-2.69e-05,0.0087709,0.000146,0.0087712,0.0001686,0.0001517,0.0084274,0.0084275,0.0084274,0.0084274,0.0084274,0.0084274,0.0084275,4.12e-05,0.0084274,0.0084274,0.0084274,0.0084275,0.0002292,0.0002226,0.0080693,0.0080692,0.0080692,0.0080694,0.0080693,0.0080692,0.0080694,0.0080693,4.61e-05,0.0003356,4e-07,0.0080693,4.1e-06,0.0080695,0.0080695,0.0080695,0.0004558,0.0004517,0.0004141,2.2e-06,0.0076927,0.007693,0.007693,0.007693,0.0076926,0.0076933,0.0076925,1.1e-05,0.0076925,0.0007777,0.0007697,0.0007399,0.0007611,7.25e-05,7.61e-05,7.55e-05,6.32e-05,0.0072876,0.007287,0.0072873,4.6e-05,0.0072882,0.0072876,0.007289,9.9e-06,0.0010945,0.0010549,0.0010747,0.0072629,0.0011196,0.0010895,0.0011106,0.0068316,0.0068324,0.0068328,0.0068329,0.0068329,1.55e-05,0.0068329,0.0068347,0.0014319,0.0013904,1.63e-05,0.0014101,0.0014088,0.0014047,0.0063316,0.0063318,0.0063325,0.0063313,0.0063325,0.0063337,7.92e-05,0.0063377,0.0015969,0.005832,0.0058354,0.0058723,0.0051981,0.0001108,0.0047331,0.0039216,0.0047976,0.0048397,0.0035286,2.66e-05,0.004314,0.0031539,0.003159,0.0031795,0.0047707,-0.0014601,-0.0014573,-0.001462,0.0019716,-0.0041648,-0.0041648
9.98e-05,0.0002268,-0.0003495,-0.0007885,-0.0001188,0.0011884,-0.0033518,8.97e-05,8.57e-05,8.52e-05,-8.2e-05,7e-05,7.17e-05,6.63e-05,-7.6e-05,7.76e-05,6.54e-05,-0.0026658,7.21e-05,6.07e-05,7.1e-05,-0.0025625,4.29e-05,-0.0025209,6.63e-05,-5.52e-05,-5.52e-05,-5.52e-05,-5.47e-05,-5.41e-05,-7.19e-05,-6.06e-05,8e-06,0.0166789,7.1e-06,-6.26e-05,7.1e-06,-6.18e-05,-6.11e-05,2.85e-05,8.1e-06,-0.0020769,0.0156005,-6e-07,2.71e-05,7.13e-05,-2e-07,-1e-07,-3e-07,1e-07,-2e-07,6.77e-05,1.83e-05,-0.0018194,-6.5e-06,0.0138316,0.0138291,0.0138288,-0.0015733,-0.0015714,0.0136278,0.0136299,-1e-05,-1.02e-05,-9.8e-06,-0.0013488,-0.0013478,1.8e-05,0.0129839,0.0127597,-5.03e-05,-7.8e-06,-6.9e-06,-0.0011522,-0.0011547,-8.5e-06,-0.0011556,0.0084895,-8.27e-05,3.83e-05,0.0125977,3.79e-05,6.12e-05,0.012599,5.4e-05,5.42e-05,-2.18e-05,-2.62e-05,6e-05,1.67e-05,1.2e-06,-2.91e-05,6.9e-06,-3.05e-05,5.7e-06,-3.21e-05,-3.38e-05,5.7e-06,-4.89e-05,-8.4e-06,-3.45e-05,-3.46e-05,0.011139,-2.02e-05,-2.15e-05,-1.63e-05,0.0108726,0.0108722,6.2e-06,6.1e-06,-1.52e-05,0.0105973,2.48e-05,0.0105969,2.51e-05,4.36e-05,2.47e-05,2.24e-05,2.08e-05,5.54e-05,0.0103168,0.0103165,0.0103167,3.4e-05,5.09e-05,5.11e-05,3.21e-05,0.0100273,1.11e-05,5.59e-05,5.36e-05,0.009728,0.0097282,0.0097281,0.0097281,8.78e-05,8.62e-05,4.34e-05,3.11e-05,0.0094204,0.0094203,4.37e-05,3.13e-05,0.0094202,4.33e-05,0.0001058,0.0001244,0.0001038,3.29e-05,4.12e-05,4.12e-05,0.0091016,0.0091017,0.0091016,0.0091015,0.0091015,0.0001309,0.0001311,-1.03e-05,0.008771,0.0087709,4.07e-05,0.008771,-1.22e-05,-2.9e-05,0.0087709,0.0001489,0.0087712,0.0001727,0.0001545,0.0084274,0.0084276,0.0084274,0.0084274,0.0084274,0.0084274,0.0084276,4.51e-05,0.0084273,0.0084274,0.0084274,0.0084275,0.0002316,0.0002252,0.0080693,0.0080691,0.0080691,0.0080694,0.0080693,0.0080691,0.0080694,0.0080693,4.97e-05,0.0003382,4e-07,0.0080693,4.5e-06,0.0080695,0.0080695,0.0080695,0.0004596,0.0004554,0.0004164,2.2e-06,0.0076926,0.0076929,0.0076929,0.0076929,0.0076925,0.0076933,0.0076925,1.1e-05,0.0076924,0.0007799,0.0007719,0.000742,0.0007633,7.65e-05,7.99e-05,7.94e-05,6.7e-05,0.0072875,0.0072869,0.0072871,4.91e-05,0.0072881,0.0072874,0.0072889,1.02e-05,0.0010966,0.0010579,0.0010767,0.0072626,0.0011216,0.0010925,0.0011125,0.0068313,0.0068321,0.0068325,0.0068326,0.0068326,1.57e-05,0.0068327,0.0068344,0.0014337,0.0013931,1.66e-05,0.0014118,0.0014104,0.0014064,0.0063312,0.0063314,0.0063321,0.006331,0.0063321,0.0063333,8.14e-05,0.0063374,0.001598,0.0058316,0.005835,0.005872,0.0051996,0.0001098,0.0047338,0.0039203,0.0047992,0.0048402,0.0035273,2.71e-05,0.0043141,0.0031527,0.0031578,0.0031783,0.0047697,-0.0014611,-0.0014584,-0.001463,0.0019706,-0.0041645,-0.0041645
0.0018554,0.0015007,0.0089891,0.0118277,0.0034609,-0.0014947,0.0232805,0.0062993,0.0060171,0.0059842,0.0028801,0.0029087,0.0030719,0.0026981,0.002683,0.0053994,0.0026587,0.0185524,0.0050589,0.0024678,0.0049794,0.0177591,-0.0021205,0.0175061,0.0046843,-0.0020207,-0.002021,-0.0020208,-0.0020025,-0.0019835,-0.0048709,-0.0024849,-0.0018448,0.0032147,-0.0017891,-0.0044568,-0.0017674,-0.0044177,-0.0043695,0.0006349,-0.0015931,0.0148779,0.0030214,-0.001511,0.0006166,0.0043491,-0.0013933,-0.0013936,-0.0013742,-0.0013762,-0.001356,0.0040379,0.002046,0.0134177,-0.0014538,0.0026785,0.0026697,0.0026747,0.0130867,0.0130682,0.0025764,0.0025829,-0.0013596,-0.0013354,-0.0013149,0.0124816,0.0124894,0.0013883,0.0023774,0.0023044,-0.0027714,-0.0013089,-0.0012494,0.0120923,0.0120908,-0.001098,0.012093,0.0096416,0.0043747,0.0018037,0.0016826,0.0017724,0.003531,0.0016803,0.0025505,0.0033009,0.0120393,0.0120436,0.0034886,0.0009388,-4.47e-05,0.011802,0.0002491,0.0115738,0.0001802,0.0115734,0.0113391,0.0001695,-0.0031091,0.0101837,0.010855,0.0106048,0.0010294,0.0106062,0.0106061,-0.0011355,0.0009608,0.0009618,0.0001791,0.0001741,-0.0011202,0.0009267,0.0011528,0.0009387,0.0011407,0.0095243,0.0100862,0.0100871,0.0009636,0.0030682,0.0008603,0.0008515,0.000862,0.0016893,0.0098177,0.0098188,0.001593,0.0007865,0.0005365,0.0095423,0.00287,0.0007579,0.0007522,0.0007659,0.0007563,0.009256,0.0092629,0.0024124,0.0015506,0.0007058,0.0006967,0.0023936,0.0015634,0.0007058,0.0023768,0.0089641,0.0092304,0.0089045,0.0016176,0.002489,0.0024894,0.0006428,0.000635,0.0006452,0.000639,0.0006401,0.0086094,0.0086015,-0.0001161,0.0005925,0.000595,0.0023515,0.0005922,-0.0002054,-0.0013529,0.000594,0.0082873,0.0005793,0.0086199,0.0082266,0.0005257,0.0005374,0.0005198,0.0005291,0.0005309,0.0005267,0.0005371,0.0025033,0.0005237,0.0005327,0.0005315,0.0005381,0.0073364,0.007576,0.0004732,0.0004729,0.000464,0.0004831,0.0004769,0.0004744,0.0004819,0.0004813,0.0023446,0.0075791,8.31e-05,0.0004436,0.0002049,0.0004553,0.0004558,0.0004596,0.0080597,0.0080572,0.007087,6.81e-05,0.0003002,0.0003098,0.0003097,0.0003112,0.0003022,0.0003269,0.0003067,6.7e-05,0.0003111,0.0070788,0.0070791,0.0066609,0.0070875,0.0028235,0.0027888,0.0028114,0.0026932,1.72e-05,1.06e-05,1.45e-05,0.0022075,3.26e-05,3.84e-05,4.58e-05,0.0001658,0.0066964,0.0070204,0.0066328,-0.0002827,0.0066375,0.0070223,0.0065506,-0.0003989,-0.0004003,-0.0003973,-0.0003963,-0.0003964,0.0001715,-0.0003795,-0.0003831,0.0061319,0.0065772,0.0001921,0.0060368,0.006039,0.0060395,-0.0007359,-0.0007367,-0.0007313,-0.0007392,-0.0007327,-0.0007278,0.0016536,-0.0006965,0.0050102,-0.0008198,-0.0008004,-0.000623,0.0031558,-0.000434,0.0033145,-0.0038507,0.0037785,0.0028983,-0.0041585,0.0004159,0.0023751,-0.0038352,-0.0038367,-0.0038278,-0.0022372,-0.0040066,-0.0040075,-0.0040061,-0.0004561,0.0012137,0.0012137
0.0016531,0.0012887,0.0085774,0.011401,0.0033196,-0.0020529,0.023471,0.0057915,0.0055321,0.0055018,0.0027554,0.002672,0.0028222,0.0024785,0.0025667,0.0049641,0.0024422,0.0187017,0.0046513,0.0022668,0.0045783,0.0179071,-0.0020229,0.0176493,0.004307,-0.0018545,-0.0018547,-0.0018546,-0.0018377,-0.0018203,-0.0044792,-0.0022815,-0.0017449,0.0032265,-0.0016916,-0.0040992,-0.0016715,-0.0040634,-0.0040191,0.0005804,-0.0015089,0.0149967,0.0030319,-0.0014274,0.0005639,0.0039978,-0.0013173,-0.0013176,-0.0012991,-0.0013012,-0.001282,0.0037097,0.0018831,0.0135265,-0.0013687,0.002686,0.0026791,0.002684,0.0131905,0.0131735,0.0025844,0.002589,-0.0012766,-0.0012537,-0.0012346,0.0125823,0.0125894,0.0012723,0.0023848,0.0023126,-0.0025552,-0.0012246,-0.0011698,0.0121888,0.0121874,-0.0010267,0.0121894,0.009711,0.0044795,0.0016627,0.0016851,0.0016339,0.0032456,0.0016813,0.0023489,0.003033,0.0121304,0.0121344,0.003207,0.0008752,-2.87e-05,0.0118924,0.0002419,0.0116624,0.0001787,0.011662,0.0114259,0.0001685,-0.0028574,0.010265,0.010938,0.0106859,0.0010282,0.0106872,0.0106871,-0.0010231,0.0009588,0.0009603,0.0001794,0.0001747,-0.0010094,0.0009252,0.0010815,0.0009372,0.0010706,0.0095947,0.0101634,0.0101643,0.0009159,0.0028276,0.0008575,0.0008496,0.0008592,0.0015704,0.0098928,0.0098939,0.0014816,0.0007844,0.0005235,0.0096153,0.002645,0.0007558,0.00075,0.0007632,0.0007542,0.0093269,0.0093331,0.0022096,0.0014411,0.0007029,0.0006944,0.0021922,0.0014525,0.0007036,0.0021765,0.0090326,0.0092273,0.0089779,0.0015048,0.0022981,0.0022985,0.0006401,0.0006322,0.0006423,0.0006367,0.0006377,0.0086797,0.0086724,-0.0001167,0.0005894,0.000592,0.0021709,0.0005891,-0.0001998,-0.001259,0.000591,0.0083557,0.0005761,0.008621,0.0082994,0.0005231,0.0005343,0.0005172,0.0005266,0.0005284,0.0005241,0.000534,0.0023277,0.0005212,0.0005303,0.0005291,0.0005351,0.0074041,0.0076427,0.0004698,0.0004703,0.0004613,0.0004796,0.0004734,0.0004719,0.0004785,0.0004776,0.0021804,0.0076458,8.3e-05,0.0004408,0.0001905,0.0004513,0.0004517,0.0004554,0.0080572,0.0080598,0.0071596,6.88e-05,0.000297,0.0003066,0.0003065,0.0003081,0.000299,0.0003231,0.0003035,6.78e-05,0.000308,0.0071511,0.0071514,0.0067289,0.0071591,0.0026535,0.0026232,0.0026438,0.0025279,1.13e-05,4.7e-06,8.6e-06,0.0020713,2.64e-05,3.11e-05,3.98e-05,0.0001558,0.0067641,0.0070382,0.0067045,-0.0002913,0.0067086,0.0070444,0.0066266,-0.000409,-0.0004096,-0.0004067,-0.0004057,-0.0004057,0.0001613,-0.0003899,-0.0003922,0.0062027,0.0066022,0.0001808,0.0061125,0.0061145,0.0061151,-0.0007487,-0.0007494,-0.0007441,-0.0007519,-0.0007453,-0.0007403,0.0015652,-0.0007095,0.0050923,-0.0008333,-0.0008139,-0.0006344,0.0031453,-0.0003828,0.0033582,-0.0038978,0.0037799,0.0029491,-0.0042085,0.0003916,0.0024332,-0.0038819,-0.0038829,-0.0038734,-0.0022512,-0.0040592,-0.0040601,-0.0040586,-0.0004102,0.001241,0.001241
-0.0014385,-0.0018047,0.0019779,0.0041545,0.001098,-0.0094911,0.0233175,-0.0018802,-0.0017955,-0.001786,0.0008156,-0.0009372,-0.0009839,-0.000873,0.0007575,-0.0016129,-0.0008614,0.0185471,-0.0015068,-0.000799,-0.001483,0.0178257,-0.0005258,0.0175345,-0.0013938,0.0006829,0.000683,0.000683,0.0006767,0.0006703,0.0014453,0.0008166,-0.000241,0.0031619,-0.0002257,0.0013072,-0.0002293,0.0012916,0.0012775,-0.0002636,-0.0002458,0.0148595,0.0029604,-0.0001806,-0.0002539,-0.0013236,-0.0001833,-0.0001842,-0.0001803,-0.0001825,-0.0001783,-0.0012622,-0.0005679,0.013428,-9.88e-05,0.0025984,0.0026192,0.0026213,0.0130644,0.0130699,0.0025141,0.0024929,-4.58e-05,-4.14e-05,-4.31e-05,0.0124861,0.012484,-0.0004745,0.0023234,0.0022691,0.000724,2.05e-05,3.3e-06,0.0120831,0.012083,1.49e-05,0.012082,0.0096082,0.0053448,-0.0004889,0.0016353,-0.0004801,-0.0010736,0.0016097,-0.0007103,-0.0010109,0.0119694,0.0119679,-0.0010512,-0.0001551,0.0001368,0.0117491,5.81e-05,0.0115212,8.11e-05,0.011521,0.0112882,8.17e-05,0.000928,0.0101808,0.010804,0.0105558,0.0009905,0.0105565,0.0105564,0.0006288,0.0009165,0.0009242,0.0001113,0.0001114,0.0006179,0.0008896,-3.82e-05,0.0009017,-3.33e-05,0.0094282,0.010042,0.0100424,0.0001271,-0.0008175,0.0008098,0.0008165,0.0008118,-0.0002531,0.009775,0.0097753,-0.0002293,0.0007523,0.0002363,0.0095002,-0.0007604,0.0007256,0.0007187,0.000724,0.0007231,0.0092159,0.0092134,-0.0008339,-0.0002382,0.0006654,0.0006652,-0.0008316,-0.0002455,0.0006742,-0.0008293,0.0089249,0.0081115,0.0089422,-0.0002316,-0.0005917,-0.0005917,0.000609,0.0006013,0.0006077,0.0006112,0.0006122,0.0086376,0.0086395,-6.93e-05,0.0005561,0.0005589,-0.0005628,0.0005562,-5.74e-05,0.0001859,0.0005582,0.0083244,0.0005436,0.0076339,0.0083352,0.0005017,0.0005039,0.0004966,0.0005054,0.0005072,0.0005035,0.0005038,-0.0003554,0.0005008,0.0005093,0.0005081,0.0005051,0.0074888,0.0076717,0.0004408,0.0004511,0.0004423,0.0004471,0.0004413,0.0004535,0.0004468,0.0004436,-0.0003299,0.0076747,0.0001109,0.000423,-2.93e-05,0.0004158,0.0004141,0.0004164,0.007087,0.0071596,0.0073283,0.0001082,0.0002858,0.0002955,0.0002954,0.000297,0.000288,0.0003021,0.0002932,0.0001071,0.0002979,0.0073185,0.0073189,0.0068993,0.0073159,4.8e-06,4.56e-05,3.51e-05,-5.02e-05,-5.4e-06,-1.33e-05,-9.4e-06,-6.57e-05,1.9e-06,-8e-06,1.73e-05,-1e-06,0.0069153,0.0064631,0.0069183,-0.000312,0.0069144,0.0065288,0.0069094,-0.0004383,-0.0004302,-0.0004271,-0.0004267,-0.000426,5e-07,-0.0004283,-0.0004106,0.0064674,0.0061834,3.1e-06,0.006455,0.0064554,0.006456,-0.000781,-0.0007801,-0.0007762,-0.0007823,-0.0007762,-0.00077,0.0001828,-0.0007498,0.0056373,-0.0008699,-0.0008535,-0.0006661,0.0026778,0.0003516,0.0036129,-0.0040584,0.0033986,0.0033503,-0.0043767,2.81e-05,0.0029864,-0.0040447,-0.00404,-0.0040232,-0.0021406,-0.004327,-0.0043279,-0.0043263,0.0002742,0.0014289,0.0014289
-0.0231515,-0.0061207,0.0136919,-0.0062671,0.0217981,-0.0004983,-0.0011703,-0.0009137,-0.0008705,-0.0008695,0.0193649,-0.0085893,-0.0084389,-0.0083494,0.0180704,-0.0009829,-0.0082476,-0.0006815,-0.0009207,-0.0076526,-0.0009052,-0.0010607,-0.0162904,-0.0009964,-0.0009366,0.0070869,0.0070869,0.0070869,0.0070211,0.0069545,0.0017493,0.0069023,-0.0148579,1.14e-05,-0.0143757,0.0008085,-0.0144071,0.000728,0.0007194,-0.0058786,-0.0138766,-0.0006357,-1.51e-05,-0.0137158,-0.0057306,-0.0040459,-0.012999,-0.0129991,-0.0128267,-0.0128269,-0.0126518,-0.0044601,0.0026719,-0.0004222,-0.0119956,-2.01e-05,-3.6e-05,-1.11e-05,-0.0004368,-0.0004393,-1.21e-05,-2.04e-05,-0.0116385,-0.0114554,-0.0112728,-0.0003853,-0.0003892,0.000164,-6.6e-06,-0.0001059,0.0014011,-0.0116438,-0.0116772,-0.0003694,-0.0003683,-0.0118694,-0.000359,-0.0002385,-0.0106973,-0.0037017,2.54e-05,-0.0038328,-0.0025354,-3.96e-05,-0.0022093,-0.0003667,0.000139,0.0001181,-0.0013756,-0.0104475,-0.0111676,9.4e-05,-0.0110836,0.00012,-0.0110569,0.0001173,0.0001264,-0.0103718,-0.0025512,-0.0010311,0.0001879,0.00022,2.16e-05,0.0001951,0.0001965,-0.0032058,7.2e-06,2.06e-05,-0.0100423,-0.0100442,-0.003254,-1.63e-05,-0.0027003,-4.6e-06,-0.0032564,-0.0031387,0.0003828,0.0003469,-0.0053969,-0.0010028,2.56e-05,2.28e-05,2.56e-05,-0.0012358,0.0003758,0.0003499,-0.0012099,-5.8e-06,-0.0094339,0.0003459,-2.54e-05,2.04e-05,-1.72e-05,2.46e-05,-1.62e-05,0.0003622,0.0003654,0.0010479,-0.0009797,2.33e-05,-6.6e-06,0.0010773,-0.0008825,-5.7e-06,0.0010985,0.0003245,0.000722,0.0002983,-0.0017539,0.001112,0.0011115,1.27e-05,1.25e-05,2.25e-05,1.89e-05,1.9e-05,0.0003183,0.0003146,0.0080625,2.06e-05,2.06e-05,0.0011905,2.02e-05,0.0081857,0.0014288,2e-05,0.000319,1.94e-05,0.0006132,0.0002934,1.44e-05,1.77e-05,4.04e-05,1.38e-05,1.38e-05,4e-05,1.63e-05,0.0010173,3.91e-05,1.24e-05,1.23e-05,1.53e-05,0.0029343,8.17e-05,1.01e-05,3.33e-05,4.33e-05,9.5e-06,9.3e-06,3.11e-05,8.3e-06,9.1e-06,0.0011411,0.0001075,0.007683,2.98e-05,0.0004203,2.2e-06,2.2e-06,2.2e-06,6.81e-05,6.88e-05,0.0001082,0.007332,3.85e-05,-4e-07,-4e-07,-4e-07,5.88e-05,-2.9e-06,7.19e-05,0.0073338,8.51e-05,5.87e-05,5.87e-05,0.0025477,-0.0001204,9.71e-05,0.0014071,0.0010697,-0.0016788,-1.85e-05,-1.82e-05,-1.83e-05,-0.0041866,-3.45e-05,-6.26e-05,-3.16e-05,3.2e-05,-0.0001275,-0.0015244,-4.7e-06,-5.1e-06,-2.03e-05,-0.0014117,0.000131,-1.79e-05,-1.1e-06,-1e-06,-9e-07,-1e-06,3.86e-05,-3.63e-05,1.8e-06,0.0001234,-0.0011998,0.0001202,0.0002674,0.0002751,0.0002752,-3.5e-06,-1.03e-05,-2.7e-06,-1.26e-05,-8.5e-06,-1.23e-05,0.003151,-8.5e-06,-0.0007248,-7.8e-06,8e-06,2.35e-05,-0.0003899,-0.0028185,0.0004551,-0.0002571,-0.0002735,0.0006416,-0.0002813,0.0035464,-0.0002867,-0.0002412,-0.0002746,-0.0002954,-0.0003308,-0.0008986,-0.0008978,-0.0008991,-0.0024701,-0.0011395,-0.0011395
-8.13e-05,0.0001321,-0.000472,-0.0010446,-7.98e-05,0.001083,-0.0035794,-9.48e-05,-9.06e-05,-9.01e-05,-4.5e-05,-5.78e-05,-6e-05,-5.43e-05,-4.14e-05,-8.17e-05,-5.35e-05,-0.0028464,-7.7e-05,-4.97e-05,-7.58e-05,-0.0027363,6.8e-06,-0.0026926,-7.22e-05,3.98e-05,3.98e-05,3.98e-05,3.94e-05,3.91e-05,7.61e-05,4.66e-05,-2.35e-05,0.0158638,-2.32e-05,6.85e-05,-2.4e-05,6.77e-05,6.7e-05,-2.05e-05,-2.49e-05,-0.0022251,0.0148376,-3.38e-05,-2.05e-05,-7.38e-05,-3.28e-05,-3.27e-05,-3.24e-05,-3.21e-05,-3.19e-05,-7.09e-05,-2.6e-05,-0.0019545,-3.15e-05,0.0131549,0.0131529,0.0131526,-0.0017147,-0.0017124,0.0129623,0.0129639,-3.48e-05,-3.47e-05,-3.39e-05,-0.0014902,-0.0014895,-2.16e-05,0.0123512,0.012138,3.51e-05,-3.33e-05,-3.43e-05,-0.0012964,-0.0012987,-4.05e-05,-0.0012996,0.0079442,-0.0001949,-3.17e-05,0.011994,-3.18e-05,-5.31e-05,0.0119948,-2.99e-05,-4.25e-05,-0.0002148,-0.0002193,-4.71e-05,-6.21e-05,-5.32e-05,-0.000218,-5.55e-05,-0.0002156,-5.44e-05,-0.000217,-0.0002149,-5.07e-05,2.71e-05,-0.0001773,-0.0002074,-0.0002033,0.0106127,-0.0001898,-0.0001909,2.8e-06,0.0103594,0.0103592,-4.86e-05,-4.85e-05,3.1e-06,0.0100972,-1.9e-05,0.0100967,-2.12e-05,-0.0001288,-0.0001375,-0.0001399,-3.03e-05,-3.67e-05,0.0098307,0.0098307,0.0098306,-1.83e-05,-0.0001082,-0.0001082,-1.73e-05,0.0095556,-4.86e-05,-9.91e-05,-2.79e-05,0.0092706,0.0092707,0.0092705,0.0092705,-6.4e-05,-6.57e-05,-2.17e-05,-1.62e-05,0.0089779,0.0089779,-2.07e-05,-1.59e-05,0.0089776,-2.05e-05,-4.22e-05,-3.66e-05,-4.26e-05,-2e-05,-2.31e-05,-2.31e-05,0.0086747,0.0086749,0.0086747,0.0086747,0.0086747,-1.2e-05,-1.16e-05,3.33e-05,0.00836,0.0083599,-1.95e-05,0.00836,3.45e-05,1.51e-05,0.0083599,1.04e-05,0.0083605,2e-05,1.73e-05,0.0080333,0.0080332,0.0080335,0.0080333,0.0080332,0.0080334,0.0080332,-1.81e-05,0.0080334,0.0080331,0.0080332,0.0080332,0.000119,9.4e-05,0.0076923,0.0076924,0.0076926,0.0076922,0.0076923,0.0076924,0.0076922,0.0076922,-8.9e-06,0.000202,3.82e-05,0.007693,7e-07,0.0076927,0.0076927,0.0076926,0.0003002,0.000297,0.0002858,3.85e-05,0.007336,0.0073359,0.0073359,0.0073359,0.007336,0.0073359,0.0073359,4.7e-05,0.0073358,0.0006326,0.0006249,0.0006158,0.0006156,2.5e-06,1.37e-05,1.08e-05,-1.27e-05,0.0069536,0.0069531,0.0069533,-3.05e-05,0.0069537,0.0069528,0.0069544,5.5e-06,0.0009398,0.0008836,0.0009231,0.0069347,0.0009657,0.0009177,0.0009599,0.0065248,0.0065258,0.0065261,0.0065262,0.0065262,1.07e-05,0.0065256,0.0065278,0.0012729,0.0012138,1.14e-05,0.001255,0.0012537,0.0012499,0.0060531,0.0060533,0.0060539,0.0060528,0.0060539,0.0060549,5.35e-05,0.0060582,0.0014461,0.0055776,0.0055806,0.0056132,0.0049046,0.0001045,0.0044689,0.0037999,0.0045139,0.0045794,0.0034296,3.35e-05,0.0040826,0.0030672,0.003072,0.0030913,0.0045868,-0.0013372,-0.0013345,-0.001339,0.0018818,-0.0039975,-0.0039975
3.96e-05,0.0001613,-0.0005426,-0.0010049,-0.0001947,0.0010727,-0.0035402,-9.22e-05,-8.81e-05,-8.76e-05,-0.0001472,-1.4e-05,-1.7e-05,-1.16e-05,-0.0001368,-7.83e-05,-1.13e-05,-0.0028166,-7.39e-05,-1.06e-05,-7.27e-05,-0.0027055,9.3e-05,-0.0026626,-6.88e-05,3.5e-06,3.5e-06,3.5e-06,3.5e-06,3.5e-06,6.85e-05,1.14e-05,5.55e-05,0.0158675,5.32e-05,6.58e-05,5.26e-05,6.54e-05,6.47e-05,1e-05,4.88e-05,-0.0022008,0.0148412,3.92e-05,9.2e-06,-5.41e-05,3.64e-05,3.65e-05,3.58e-05,3.61e-05,3.54e-05,-4.9e-05,-4.06e-05,-0.0019333,3.25e-05,0.0131581,0.0131562,0.0131558,-0.0016939,-0.0016916,0.0129654,0.012967,2.73e-05,2.64e-05,2.62e-05,-0.0014706,-0.0014698,-2.27e-05,0.012354,0.0121413,2.9e-05,2.88e-05,2.79e-05,-0.0012774,-0.0012797,2.28e-05,-0.0012806,0.0079586,-0.0001303,-1.3e-05,0.0119957,-1.25e-05,-4.09e-05,0.0119968,-1.95e-05,-4.18e-05,-0.0001987,-0.0002031,-4.11e-05,-6.5e-06,6.6e-06,-0.000202,3.8e-06,-2e-04,4.7e-06,-0.0002015,-0.0001997,4.7e-06,4.19e-05,-0.0001577,-0.0001932,-0.0001896,0.0106135,-0.000176,-0.0001772,2.04e-05,0.0103602,0.01036,5.2e-06,5.3e-06,2.1e-05,0.0100981,-5e-06,0.0100976,-4.3e-06,-9.88e-05,-0.0001254,-0.0001276,-1.6e-06,-3.26e-05,0.0098313,0.0098313,0.0098312,-1.24e-05,-9.65e-05,-9.63e-05,-1.15e-05,0.0095563,2e-06,-8.76e-05,-2.89e-05,0.0092712,0.0092714,0.009271,0.0092713,-5.29e-05,-5.47e-05,-2.83e-05,-1.16e-05,0.0089783,0.0089785,-2.75e-05,-1.18e-05,0.0089782,-2.74e-05,-3.14e-05,-2.9e-05,-3.17e-05,-1.12e-05,-2.97e-05,-2.97e-05,0.0086751,0.0086753,0.0086751,0.0086751,0.0086751,-1.6e-06,-1.1e-06,-9.8e-06,0.0083603,0.0083603,-2.65e-05,0.0083603,-9.2e-06,8e-06,0.0083603,2.04e-05,0.0083608,2.75e-05,2.75e-05,0.0080336,0.0080335,0.0080337,0.0080336,0.0080335,0.0080336,0.0080335,-2.39e-05,0.0080336,0.0080335,0.0080335,0.0080335,0.0001139,0.0001044,0.0076926,0.0076925,0.0076927,0.0076925,0.0076925,0.0076925,0.0076925,0.0076924,-1.53e-05,0.0002122,-2.5e-06,0.0076931,-1.3e-06,0.007693,0.007693,0.0076929,0.0003098,0.0003066,0.0002955,-4e-07,0.0073359,0.007336,0.007336,0.007336,0.0073357,0.007336,0.0073356,8.1e-06,0.0073355,0.0006425,0.0006349,0.0006119,0.0006265,2e-06,6.2e-06,5.1e-06,-3.9e-06,0.0069534,0.0069529,0.0069531,-8.3e-06,0.0069536,0.0069528,0.0069543,5.5e-06,0.0009502,0.0009008,0.0009328,0.006934,0.0009755,0.0009344,0.0009689,0.006524,0.0065249,0.0065252,0.0065253,0.0065253,1.07e-05,0.006525,0.0065269,0.0012813,0.0012288,1.1e-05,0.0012626,0.0012613,0.0012574,0.0060518,0.006052,0.0060526,0.0060516,0.0060526,0.0060536,3.72e-05,0.0060569,0.0014578,0.0055762,0.0055791,0.0056119,0.0049102,0.0001201,0.0044713,0.0037954,0.00452,0.0045805,0.0034248,1.48e-05,0.0040881,0.0030626,0.0030677,0.0030871,0.0045854,-0.0013384,-0.0013358,-0.0013402,0.0018954,-0.0039892,-0.0039892
3.96e-05,0.0001614,-0.0005426,-0.0010049,-0.0001947,0.0010728,-0.0035406,-9.21e-05,-8.8e-05,-8.75e-05,-0.0001472,-1.39e-05,-1.7e-05,-1.16e-05,-0.0001368,-7.83e-05,-1.13e-05,-0.0028169,-7.38e-05,-1.06e-05,-7.27e-05,-0.0027058,9.3e-05,-0.0026628,-6.88e-05,3.5e-06,3.5e-06,3.5e-06,3.5e-06,3.5e-06,6.85e-05,1.14e-05,5.55e-05,0.0158674,5.32e-05,6.58e-05,5.26e-05,6.54e-05,6.47e-05,1e-05,4.88e-05,-0.002201,0.0148411,3.92e-05,9.2e-06,-5.41e-05,3.64e-05,3.65e-05,3.58e-05,3.61e-05,3.54e-05,-4.89e-05,-4.06e-05,-0.0019335,3.25e-05,0.0131581,0.0131562,0.0131558,-0.0016942,-0.0016918,0.0129653,0.012967,2.73e-05,2.64e-05,2.62e-05,-0.0014708,-0.00147,-2.27e-05,0.012354,0.0121412,2.89e-05,2.88e-05,2.79e-05,-0.0012776,-0.0012799,2.28e-05,-0.0012808,0.0079585,-0.0001304,-1.3e-05,0.0119956,-1.25e-05,-4.09e-05,0.0119967,-1.95e-05,-4.18e-05,-0.0001989,-0.0002033,-4.11e-05,-6.5e-06,6.6e-06,-0.0002022,3.8e-06,-0.0002002,4.7e-06,-0.0002017,-0.0001999,4.7e-06,4.19e-05,-0.0001578,-0.0001934,-0.0001898,0.0106135,-0.0001761,-0.0001773,2.04e-05,0.0103602,0.0103599,5.2e-06,5.3e-06,2.1e-05,0.0100981,-5e-06,0.0100976,-4.3e-06,-9.89e-05,-0.0001256,-0.0001278,-1.6e-06,-3.26e-05,0.0098313,0.0098313,0.0098312,-1.24e-05,-9.66e-05,-9.65e-05,-1.15e-05,0.0095563,2e-06,-8.77e-05,-2.89e-05,0.0092711,0.0092714,0.009271,0.0092713,-5.31e-05,-5.48e-05,-2.83e-05,-1.16e-05,0.0089783,0.0089785,-2.75e-05,-1.18e-05,0.0089782,-2.73e-05,-3.16e-05,-2.91e-05,-3.18e-05,-1.12e-05,-2.97e-05,-2.97e-05,0.0086751,0.0086753,0.0086751,0.0086751,0.0086751,-1.7e-06,-1.2e-06,-9.8e-06,0.0083603,0.0083602,-2.65e-05,0.0083603,-9.2e-06,8e-06,0.0083603,2.03e-05,0.0083608,2.74e-05,2.73e-05,0.0080336,0.0080335,0.0080337,0.0080336,0.0080335,0.0080336,0.0080335,-2.39e-05,0.0080336,0.0080335,0.0080335,0.0080334,0.0001138,0.0001043,0.0076926,0.0076925,0.0076927,0.0076925,0.0076925,0.0076925,0.0076925,0.0076924,-1.53e-05,0.000212,-2.5e-06,0.0076931,-1.3e-06,0.007693,0.007693,0.0076929,0.0003097,0.0003065,0.0002954,-4e-07,0.0073359,0.007336,0.007336,0.007336,0.0073357,0.007336,0.0073356,8.1e-06,0.0073355,0.0006424,0.0006348,0.0006118,0.0006264,2e-06,6.2e-06,5.1e-06,-3.9e-06,0.0069534,0.0069529,0.0069531,-8.3e-06,0.0069536,0.0069528,0.0069543,5.5e-06,0.0009501,0.0009007,0.0009327,0.006934,0.0009754,0.0009343,0.0009688,0.006524,0.0065249,0.0065252,0.0065253,0.0065253,1.07e-05,0.006525,0.0065269,0.0012812,0.0012287,1.1e-05,0.0012625,0.0012612,0.0012573,0.0060518,0.006052,0.0060526,0.0060516,0.0060526,0.0060537,3.72e-05,0.006057,0.0014578,0.0055762,0.0055791,0.0056119,0.0049102,0.0001201,0.0044713,0.0037955,0.0045199,0.0045804,0.0034249,1.48e-05,0.0040881,0.0030627,0.0030677,0.0030872,0.0045854,-0.0013383,-0.0013357,-0.0013401,0.0018954,-0.0039892,-0.0039892
3.93e-05,0.000161,-0.0005422,-0.001004,-0.0001945,0.0010708,-0.0035355,-9.25e-05,-8.84e-05,-8.79e-05,-0.0001471,-1.41e-05,-1.72e-05,-1.18e-05,-0.0001367,-7.86e-05,-1.15e-05,-0.0028129,-7.42e-05,-1.07e-05,-7.3e-05,-0.0027019,9.29e-05,-0.002659,-6.91e-05,3.6e-06,3.7e-06,3.6e-06,3.6e-06,3.6e-06,6.88e-05,1.16e-05,5.54e-05,0.015868,5.32e-05,6.61e-05,5.26e-05,6.57e-05,6.49e-05,9.9e-06,4.88e-05,-0.0021978,0.0148417,3.92e-05,9.1e-06,-5.44e-05,3.64e-05,3.65e-05,3.58e-05,3.61e-05,3.54e-05,-4.92e-05,-4.07e-05,-0.0019306,3.24e-05,0.0131585,0.0131566,0.0131562,-0.0016913,-0.001689,0.0129658,0.0129674,2.73e-05,2.64e-05,2.62e-05,-0.0014681,-0.0014673,-2.28e-05,0.0123544,0.0121416,2.91e-05,2.88e-05,2.8e-05,-0.001275,-0.0012773,2.28e-05,-0.0012782,0.0079605,-0.0001293,-1.31e-05,0.0119959,-1.25e-05,-4.12e-05,0.011997,-1.96e-05,-4.2e-05,-0.0001964,-0.0002007,-4.13e-05,-6.5e-06,6.7e-06,-0.0001997,3.8e-06,-0.0001977,4.7e-06,-0.0001992,-0.0001974,4.8e-06,4.21e-05,-0.0001556,-0.0001911,-0.0001875,0.0106137,-0.0001738,-0.0001751,2.05e-05,0.0103603,0.0103601,5.2e-06,5.3e-06,2.11e-05,0.0100982,-5e-06,0.0100977,-4.3e-06,-9.69e-05,-0.0001234,-0.0001256,-1.6e-06,-3.27e-05,0.0098314,0.0098314,0.0098313,-1.25e-05,-9.45e-05,-9.44e-05,-1.15e-05,0.0095564,2.1e-06,-8.57e-05,-2.91e-05,0.0092712,0.0092715,0.0092711,0.0092713,-5.11e-05,-5.29e-05,-2.84e-05,-1.16e-05,0.0089784,0.0089786,-2.76e-05,-1.19e-05,0.0089783,-2.75e-05,-2.97e-05,-2.74e-05,-2.99e-05,-1.13e-05,-2.98e-05,-2.98e-05,0.0086752,0.0086754,0.0086751,0.0086752,0.0086751,2e-07,6e-07,-9.8e-06,0.0083604,0.0083603,-2.66e-05,0.0083604,-9.3e-06,8e-06,0.0083603,2.21e-05,0.0083608,2.9e-05,2.91e-05,0.0080337,0.0080335,0.0080337,0.0080336,0.0080336,0.0080336,0.0080335,-2.4e-05,0.0080336,0.0080335,0.0080335,0.0080335,0.0001154,0.0001059,0.0076926,0.0076926,0.0076927,0.0076925,0.0076926,0.0076926,0.0076925,0.0076925,-1.53e-05,0.0002137,-2.5e-06,0.0076931,-1.3e-06,0.007693,0.007693,0.0076929,0.0003112,0.0003081,0.000297,-4e-07,0.0073359,0.007336,0.007336,0.007336,0.0073357,0.007336,0.0073356,8.1e-06,0.0073355,0.000644,0.0006363,0.0006132,0.0006279,2e-06,6.2e-06,5.1e-06,-3.9e-06,0.0069533,0.0069528,0.006953,-8.3e-06,0.0069536,0.0069527,0.0069542,5.5e-06,0.0009516,0.000902,0.0009341,0.0069339,0.0009769,0.0009357,0.0009703,0.0065239,0.0065247,0.0065251,0.0065252,0.0065252,1.07e-05,0.0065248,0.0065268,0.0012826,0.00123,1.1e-05,0.0012639,0.0012626,0.0012587,0.0060516,0.0060518,0.0060524,0.0060514,0.0060524,0.0060534,3.72e-05,0.0060567,0.001459,0.005576,0.0055789,0.0056117,0.0049107,0.0001202,0.004472,0.0037946,0.0045206,0.0045811,0.0034239,1.48e-05,0.0040887,0.0030618,0.0030668,0.0030863,0.0045849,-0.0013393,-0.0013366,-0.0013411,0.0018954,-0.0039889,-0.0039889
-0.0001455,0.0001152,-0.0004334,-0.0010612,-1.91e-05,0.0010789,-0.0035765,-9.81e-05,-9.37e-05,-9.32e-05,9e-06,-8.15e-05,-8.33e-05,-7.73e-05,9e-06,-8.5e-05,-7.62e-05,-0.0028434,-8.01e-05,-7.08e-05,-7.88e-05,-0.0027346,-3.86e-05,-0.0026908,-7.53e-05,5.93e-05,5.93e-05,5.93e-05,5.88e-05,5.82e-05,8.14e-05,6.57e-05,-6.48e-05,0.0158642,-6.32e-05,7.13e-05,-6.4e-05,7.02e-05,6.94e-05,-3.65e-05,-6.35e-05,-0.002223,0.0148379,-7.19e-05,-3.62e-05,-8.53e-05,-6.89e-05,-6.88e-05,-6.81e-05,-6.78e-05,-6.71e-05,-8.36e-05,-1.9e-05,-0.0019522,-6.48e-05,0.0131551,0.0131531,0.0131529,-0.0017125,-0.0017102,0.0129626,0.0129642,-6.72e-05,-6.65e-05,-6.52e-05,-0.001488,-0.0014873,-2.15e-05,0.0123514,0.012138,3.9e-05,-6.56e-05,-6.67e-05,-0.0012943,-0.0012966,-7.33e-05,-0.0012974,0.0079458,-0.0002231,-4.18e-05,0.0119942,-4.24e-05,-6.04e-05,0.0119948,-3.61e-05,-4.39e-05,-0.0002113,-0.0002158,-5.12e-05,-9.12e-05,-8.41e-05,-0.0002148,-8.62e-05,-0.0002123,-8.51e-05,-0.0002137,-0.0002116,-7.95e-05,2.04e-05,-0.0001775,-0.0002041,-2e-04,0.0106127,-0.0001865,-0.0001877,-5.8e-06,0.0103593,0.0103592,-7.64e-05,-7.63e-05,-5.6e-06,0.0100971,-2.63e-05,0.0100966,-3.01e-05,-0.000135,-0.0001339,-0.0001364,-4.5e-05,-3.96e-05,0.0098307,0.0098307,0.0098306,-2.17e-05,-0.0001046,-0.0001047,-2.06e-05,0.0095555,-7.47e-05,-9.57e-05,-2.81e-05,0.0092706,0.0092706,0.0092705,0.0092704,-6.06e-05,-6.23e-05,-1.91e-05,-1.88e-05,0.0089779,0.0089778,-1.8e-05,-1.82e-05,0.0089775,-1.77e-05,-3.9e-05,-3.25e-05,-3.95e-05,-2.48e-05,-2.03e-05,-2.03e-05,0.0086746,0.0086748,0.0086747,0.0086747,0.0086746,-8.9e-06,-8.5e-06,5.57e-05,0.00836,0.0083599,-1.64e-05,0.00836,5.72e-05,1.89e-05,0.0083599,1.34e-05,0.0083604,2.36e-05,2.03e-05,0.0080333,0.0080331,0.0080335,0.0080332,0.0080332,0.0080334,0.0080331,-1.55e-05,0.0080334,0.0080331,0.0080331,0.0080331,0.0001291,9.62e-05,0.0076923,0.0076924,0.0076926,0.0076922,0.0076922,0.0076924,0.0076921,0.0076921,-5.9e-06,0.0002042,5.95e-05,0.007693,1.7e-06,0.0076926,0.0076926,0.0076925,0.0003022,0.000299,0.000288,5.88e-05,0.007336,0.0073357,0.0073357,0.0073357,0.007336,0.0073357,0.007336,6.73e-05,0.0073359,0.0006346,0.000627,0.0006246,0.0006171,2.8e-06,1.76e-05,1.38e-05,-1.74e-05,0.0069533,0.0069528,0.006953,-4.21e-05,0.0069534,0.0069524,0.0069541,5.4e-06,0.0009412,0.000881,0.0009248,0.0069344,0.0009674,0.0009155,0.0009621,0.0065245,0.0065255,0.0065258,0.0065259,0.0065259,1.07e-05,0.0065252,0.0065275,0.0012749,0.001212,1.16e-05,0.0012574,0.0012561,0.0012523,0.0060527,0.0060528,0.0060535,0.0060524,0.0060535,0.0060545,6.22e-05,0.0060578,0.0014455,0.0055772,0.0055802,0.0056129,0.0049041,9.67e-05,0.0044709,0.003798,0.0045139,0.0045819,0.0034276,4.33e-05,0.0040824,0.0030654,0.0030701,0.0030894,0.0045852,-0.0013408,-0.0013381,-0.0013426,0.0018749,-0.0040002,-0.0040002
7.43e-05,0.0001904,-0.0004822,-0.0009297,-0.0001792,0.0011325,-0.0035121,-2.15e-05,-2.05e-05,-2.04e-05,-0.0001339,2.17e-05,2.05e-05,2.16e-05,-0.0001244,-1.77e-05,2.14e-05,-0.002794,-1.7e-05,1.98e-05,-1.68e-05,-0.0026843,8.33e-05,-0.0026414,-1.62e-05,-2.19e-05,-2.19e-05,-2.19e-05,-2.17e-05,-2.15e-05,1.36e-05,-1.9e-05,4.55e-05,0.0158707,4.35e-05,1.59e-05,4.32e-05,1.6e-05,1.58e-05,1.94e-05,4.09e-05,-0.0021825,0.0148443,3.14e-05,1.84e-05,-4.1e-06,2.94e-05,2.96e-05,2.9e-05,2.93e-05,2.86e-05,-2e-06,-1.89e-05,-0.0019171,2.4e-05,0.0131611,0.0131589,0.0131586,-0.0016779,-0.0016757,0.0129681,0.01297,1.92e-05,1.84e-05,1.84e-05,-0.0014555,-0.0014546,-6.8e-06,0.0123564,0.0121435,-1.7e-06,2.06e-05,2.04e-05,-0.0012627,-0.001265,1.66e-05,-0.0012659,0.00797,-0.0001292,7.9e-06,0.0119973,8.2e-06,-5e-07,0.0119986,9.3e-06,-4.6e-06,-0.0001838,-0.0001881,-1.6e-06,6.3e-06,8.7e-06,-0.0001876,9e-06,-0.0001858,9.1e-06,-0.0001873,-0.0001858,8.8e-06,7.9e-06,-0.0001451,-0.0001799,-0.0001766,0.0106144,-0.0001629,-0.0001642,6.5e-06,0.010361,0.0103607,9e-06,9.1e-06,7.3e-06,0.0100989,6.3e-06,0.0100983,7.1e-06,-8.57e-05,-0.0001132,-0.0001153,7.6e-06,1.3e-06,0.0098321,0.0098319,0.009832,4.9e-06,-8.45e-05,-8.43e-05,4.8e-06,0.0095569,7.9e-06,-7.59e-05,2.4e-06,0.0092717,0.009272,0.0092717,0.0092718,-4.17e-05,-4.34e-05,-8e-07,4.3e-06,0.0089789,0.008979,-1e-07,4.2e-06,0.0089787,-2e-07,-2.05e-05,-9.6e-06,-2.14e-05,5.4e-06,-3.4e-06,-3.4e-06,0.0086756,0.0086758,0.0086756,0.0086755,0.0086755,8.4e-06,8.8e-06,-1.28e-05,0.0083608,0.0083607,-1.6e-06,0.0083608,-1.32e-05,-5.9e-06,0.0083607,2.99e-05,0.0083612,4.52e-05,3.64e-05,0.0080339,0.0080338,0.0080339,0.0080338,0.0080338,0.0080338,0.0080339,8e-07,0.0080339,0.0080338,0.0080338,0.0080338,0.0001206,0.0001127,0.0076929,0.0076928,0.0076929,0.0076929,0.0076929,0.0076927,0.0076928,0.0076928,7.7e-06,0.0002204,-5e-06,0.0076933,6e-07,0.0076933,0.0076933,0.0076933,0.0003269,0.0003231,0.0003021,-2.9e-06,0.0073359,0.007336,0.007336,0.007336,0.0073357,0.0073361,0.0073356,5.6e-06,0.0073355,0.0006491,0.0006414,0.0006172,0.0006332,2.7e-05,3.02e-05,2.95e-05,2.09e-05,0.0069531,0.0069526,0.0069528,1.31e-05,0.0069535,0.0069528,0.0069541,7e-06,0.0009565,0.0009139,0.0009384,0.0069335,0.0009812,0.0009469,0.0009739,0.0065234,0.0065242,0.0065245,0.0065246,0.0065246,1.22e-05,0.0065245,0.0065262,0.0012859,0.00124,1.27e-05,0.0012664,0.0012651,0.0012613,0.0060508,0.006051,0.0060516,0.0060506,0.0060516,0.0060527,4.95e-05,0.0060561,0.0014591,0.0055752,0.0055782,0.0056111,0.0049175,0.0001145,0.0044726,0.0037922,0.0045272,0.00458,0.0034214,1.72e-05,0.0040861,0.0030595,0.0030645,0.0030839,0.0045818,-0.0013404,-0.0013377,-0.0013422,0.0018899,-0.0039888,-0.0039888
-0.0001887,0.0001019,-0.0004108,-0.001073,1.93e-05,0.0010679,-0.0035628,-0.0001047,-1e-04,-9.95e-05,4.29e-05,-9.88e-05,-0.0001005,-9.4e-05,4.07e-05,-9.1e-05,-9.28e-05,-0.0028321,-8.58e-05,-8.61e-05,-8.44e-05,-0.0027244,-6.71e-05,-0.0026807,-8.07e-05,7.33e-05,7.33e-05,7.33e-05,7.27e-05,7.2e-05,8.83e-05,7.97e-05,-9.06e-05,0.0158656,-8.81e-05,7.62e-05,-8.9e-05,7.5e-05,7.42e-05,-4.73e-05,-8.76e-05,-0.0022141,0.0148392,-9.57e-05,-4.67e-05,-9.59e-05,-9.15e-05,-9.14e-05,-9.04e-05,-9.01e-05,-8.91e-05,-9.47e-05,-1.6e-05,-0.0019439,-8.55e-05,0.0131563,0.0131542,0.0131541,-0.0017045,-0.0017021,0.0129637,0.0129652,-8.72e-05,-8.63e-05,-8.47e-05,-0.0014803,-0.0014796,-2.25e-05,0.0123524,0.0121388,4.34e-05,-8.56e-05,-8.68e-05,-0.0012868,-0.0012891,-9.38e-05,-0.0012899,0.0079515,-0.000238,-4.96e-05,0.0119948,-5.04e-05,-6.77e-05,0.0119953,-4.18e-05,-4.72e-05,-0.0002031,-0.0002077,-5.64e-05,-0.0001103,-0.0001037,-0.0002068,-0.0001059,-0.0002044,-0.0001047,-0.0002059,-0.0002039,-9.79e-05,1.83e-05,-0.0001724,-0.0001966,-0.0001925,0.010613,-0.0001791,-0.0001803,-1.01e-05,0.0103595,0.0103594,-9.41e-05,-9.4e-05,-1.01e-05,0.0100972,-3.15e-05,0.0100968,-3.63e-05,-0.0001343,-0.0001265,-0.0001291,-5.48e-05,-4.36e-05,0.0098309,0.0098308,0.0098308,-2.48e-05,-9.75e-05,-9.76e-05,-2.36e-05,0.0095556,-9.14e-05,-8.87e-05,-3.02e-05,0.0092707,0.0092706,0.0092707,0.0092705,-5.38e-05,-5.55e-05,-1.93e-05,-2.14e-05,0.008978,0.0089778,-1.82e-05,-2.07e-05,0.0089776,-1.78e-05,-3.25e-05,-2.64e-05,-3.3e-05,-2.87e-05,-2.01e-05,-2.01e-05,0.0086747,0.0086749,0.0086747,0.0086747,0.0086747,-2.5e-06,-2.1e-06,6.99e-05,0.00836,0.0083599,-1.6e-05,0.00836,7.17e-05,2.22e-05,0.00836,1.96e-05,0.0083605,2.94e-05,2.64e-05,0.0080333,0.0080332,0.0080336,0.0080332,0.0080332,0.0080335,0.0080332,-1.52e-05,0.0080335,0.0080331,0.0080331,0.0080331,0.0001393,0.0001015,0.0076923,0.0076924,0.0076927,0.0076922,0.0076922,0.0076924,0.0076921,0.0076921,-5.3e-06,0.0002096,7.32e-05,0.007693,2.2e-06,0.0076926,0.0076925,0.0076925,0.0003067,0.0003035,0.0002932,7.19e-05,0.0073359,0.0073356,0.0073356,0.0073356,0.007336,0.0073356,0.007336,8.03e-05,0.007336,0.0006397,0.0006321,0.0006338,0.0006219,1.7e-06,1.89e-05,1.45e-05,-2.16e-05,0.006953,0.0069525,0.0069527,-5.05e-05,0.0069531,0.006952,0.0069537,5.3e-06,0.0009457,0.0008824,0.0009295,0.0069339,0.0009721,0.0009171,0.000967,0.0065239,0.0065249,0.0065252,0.0065253,0.0065253,1.06e-05,0.0065246,0.0065269,0.0012795,0.0012138,1.17e-05,0.0012623,0.0012611,0.0012572,0.0060519,0.006052,0.0060527,0.0060516,0.0060527,0.0060537,6.72e-05,0.006057,0.0014481,0.0055763,0.0055794,0.0056123,0.0049047,9.22e-05,0.0044741,0.0037946,0.0045153,0.0045853,0.0034239,4.94e-05,0.004084,0.003062,0.0030667,0.0030859,0.004583,-0.0013453,-0.0013427,-0.0013472,0.001871,-0.004001,-0.004001
-0.0232081,-0.0062204,0.013645,-0.0062093,0.0217681,-0.0004467,-0.0011772,-0.0008625,-0.0008218,-0.000821,0.0193383,-0.0086597,-0.0085061,-0.008419,0.0180456,-0.0009415,-0.0083163,-0.0006873,-0.0008819,-0.0077163,-0.000867,-0.0010654,-0.0162673,-0.0010015,-0.0009005,0.0071483,0.0071484,0.0071483,0.007082,0.0070148,0.0017239,0.0069572,-0.0148377,2.95e-05,-0.0143559,0.0007779,-0.0143874,0.0006978,0.0006895,-0.005939,-0.013858,-0.0006405,1.6e-06,-0.0136974,-0.0057887,-0.0040495,-0.0129806,-0.0129806,-0.0128085,-0.0128087,-0.0126339,-0.0044626,0.0027229,-0.0004262,-0.0119764,-5.2e-06,-2.11e-05,3.7e-06,-0.0004407,-0.0004432,2.6e-06,-5.5e-06,-0.0116199,-0.0114371,-0.0112548,-0.0003889,-0.0003928,0.0002136,7.4e-06,-9.22e-05,0.0014382,-0.011639,-0.0116718,-0.0003729,-0.0003718,-0.0118676,-0.0003626,-0.0002309,-0.0106963,-0.0037452,3.91e-05,-0.0038764,-0.0025215,-2.64e-05,-0.002247,-0.0003423,0.0001368,0.0001158,-0.00136,-0.0104291,-0.011154,9.16e-05,-0.0110719,0.0001178,-0.0110448,0.000115,0.0001242,-0.0103604,-0.0025671,-0.0010484,0.0001867,0.0002188,3.38e-05,0.0001939,0.0001953,-0.0032443,1.89e-05,3.25e-05,-0.0100338,-0.0100357,-0.0032912,-4.7e-06,-0.0027405,7.1e-06,-0.0032961,-0.0031366,0.0003816,0.0003457,-0.0054322,-0.0010122,3.69e-05,3.41e-05,3.69e-05,-0.0012724,0.0003746,0.0003487,-0.0012458,5.2e-06,-0.0094305,0.0003447,-3.99e-05,3.11e-05,-6.5e-06,3.53e-05,-5.6e-06,0.0003611,0.0003643,0.0010651,-0.001013,3.37e-05,3.7e-06,0.001095,-0.0009158,4.6e-06,0.0011165,0.0003235,0.0007273,0.0002968,-0.0017865,0.0011296,0.0011291,2.26e-05,2.24e-05,3.25e-05,2.89e-05,2.89e-05,0.000317,0.0003132,0.0080551,3.03e-05,3.03e-05,0.0012084,2.98e-05,0.0081806,0.0014604,2.97e-05,0.0003177,2.91e-05,0.0006176,0.0002917,2.36e-05,2.7e-05,4.96e-05,2.3e-05,2.31e-05,4.92e-05,2.55e-05,0.0010335,4.83e-05,2.16e-05,2.16e-05,2.46e-05,0.0029314,8.03e-05,1.91e-05,4.22e-05,5.21e-05,1.84e-05,1.82e-05,3.99e-05,1.72e-05,1.8e-05,0.0011576,0.0001063,0.0076836,3.86e-05,0.000453,1.1e-05,1.1e-05,1.1e-05,6.7e-05,6.78e-05,0.0001071,0.0073338,4.7e-05,8.1e-06,8.1e-06,8.1e-06,6.73e-05,5.6e-06,8.03e-05,0.0073357,9.36e-05,5.8e-05,5.8e-05,0.0025477,-0.0001212,9.76e-05,0.001405,0.0010684,-0.0016807,-1.04e-05,-9.9e-06,-1e-05,-0.0041887,-2.64e-05,-5.46e-05,-2.36e-05,6.16e-05,-0.0001278,-0.0015255,-5e-06,3.2e-06,-2.06e-05,-0.0014127,0.0001309,-1.03e-05,6.6e-06,6.6e-06,6.9e-06,6.6e-06,6.65e-05,-2.87e-05,9.4e-06,0.0001236,-0.0012003,0.0001482,0.0002679,0.0002755,0.0002755,3.7e-06,-3.1e-06,4.4e-06,-5.3e-06,-1.2e-06,-5e-06,0.0031677,-1.4e-06,-0.0007177,-1.3e-06,1.45e-05,3e-05,-0.0003848,-0.0027999,0.0004584,-0.0002512,-0.0002692,0.0006448,-0.0002757,0.0035628,-0.0002799,-0.0002361,-0.0002695,-0.0002902,-0.0003234,-0.0008964,-0.0008956,-0.0008969,-0.0024561,-0.0011393,-0.0011393
-0.0002317,8.87e-05,-0.0003856,-0.0010809,5.86e-05,0.0010617,-0.0035504,-0.0001069,-0.0001021,-0.0001016,7.78e-05,-0.0001156,-0.000117,-0.0001103,7.32e-05,-9.33e-05,-0.0001089,-0.0028218,-8.79e-05,-0.0001011,-8.65e-05,-0.0027152,-9.63e-05,-0.0026716,-8.28e-05,8.72e-05,8.72e-05,8.72e-05,8.64e-05,8.56e-05,9.21e-05,9.32e-05,-0.0001171,0.0158669,-0.0001138,7.81e-05,-0.0001147,7.67e-05,7.59e-05,-5.88e-05,-0.0001124,-0.002206,0.0148403,-0.0001202,-5.78e-05,-0.000104,-0.0001147,-0.0001146,-0.0001133,-0.000113,-0.0001117,-0.0001035,-1.09e-05,-0.0019363,-0.0001069,0.0131572,0.0131552,0.0131551,-0.0016971,-0.0016948,0.0129646,0.0129662,-0.0001079,-0.0001066,-0.0001047,-0.0014733,-0.0014725,-2.19e-05,0.0123533,0.0121395,4.68e-05,-0.0001064,-0.0001076,-0.00128,-0.0012823,-0.0001151,-0.0012831,0.0079566,-0.0002539,-5.7e-05,0.0119953,-5.8e-05,-7.28e-05,0.0119956,-4.66e-05,-4.82e-05,-0.0001955,-0.0002001,-5.94e-05,-0.0001289,-0.0001235,-0.0001993,-0.0001255,-0.0001971,-0.0001243,-0.0001985,-0.0001967,-0.0001162,1.41e-05,-0.0001682,-0.0001896,-0.0001856,0.0106132,-0.0001722,-0.0001734,-1.6e-05,0.0103597,0.0103596,-0.0001119,-0.0001118,-1.59e-05,0.0100973,-3.69e-05,0.0100969,-4.26e-05,-0.0001341,-0.0001196,-0.0001222,-6.48e-05,-4.61e-05,0.009831,0.009831,0.0098309,-2.76e-05,-9.08e-05,-9.09e-05,-2.63e-05,0.0095557,-0.0001081,-8.22e-05,-3.09e-05,0.0092708,0.0092706,0.0092707,0.0092705,-4.75e-05,-4.92e-05,-1.77e-05,-2.37e-05,0.008978,0.0089779,-1.65e-05,-2.28e-05,0.0089776,-1.62e-05,-2.64e-05,-2e-05,-2.69e-05,-3.24e-05,-1.83e-05,-1.83e-05,0.0086747,0.0086749,0.0086748,0.0086748,0.0086748,3.4e-06,3.8e-06,8.42e-05,0.00836,0.00836,-1.4e-05,0.00836,8.63e-05,2.52e-05,0.00836,2.53e-05,0.0083605,3.52e-05,3.21e-05,0.0080333,0.0080332,0.0080336,0.0080332,0.0080332,0.0080335,0.0080332,-1.34e-05,0.0080335,0.0080331,0.0080331,0.0080331,0.0001492,0.0001064,0.0076922,0.0076924,0.0076927,0.0076921,0.0076921,0.0076924,0.0076921,0.007692,-3.3e-06,0.0002145,8.7e-05,0.007693,3.4e-06,0.0076925,0.0076925,0.0076924,0.0003111,0.000308,0.0002979,8.51e-05,0.0073358,0.0073355,0.0073355,0.0073355,0.0073359,0.0073355,0.007336,9.36e-05,0.007336,0.0006443,0.0006366,0.0006426,0.0006261,1.9e-06,2.14e-05,1.64e-05,-2.47e-05,0.0069526,0.0069522,0.0069524,-5.81e-05,0.0069527,0.0069515,0.0069534,5.7e-06,0.0009497,0.0008836,0.0009337,0.0069334,0.0009762,0.0009185,0.0009715,0.0065233,0.0065243,0.0065247,0.0065247,0.0065248,1.1e-05,0.006524,0.0065264,0.0012837,0.0012154,1.22e-05,0.0012667,0.0012655,0.0012616,0.0060512,0.0060513,0.006052,0.0060509,0.0060519,0.0060529,7.32e-05,0.0060563,0.0014503,0.0055756,0.0055787,0.0056116,0.0049055,8.76e-05,0.004477,0.0037915,0.0045167,0.0045883,0.0034206,5.59e-05,0.0040852,0.003059,0.0030636,0.0030828,0.0045809,-0.0013495,-0.0013469,-0.0013513,0.0018668,-0.0040019,-0.0040019
-0.0012795,-0.0017551,0.0018515,0.0041383,0.0009374,-0.009405,0.0230839,-0.0018705,-0.0017862,-0.0017768,0.0006747,-0.0008807,-0.0009283,-0.0008181,0.000626,-0.0016033,-0.0008072,0.0183597,-0.0014979,-0.0007488,-0.0014742,0.0176484,-0.0004091,0.0173597,-0.001385,0.0006364,0.0006365,0.0006364,0.0006306,0.0006246,0.0014313,0.000771,-0.0001368,0.0039045,-0.0001249,0.0012996,-0.0001283,0.0012846,0.0012706,-0.0002257,-0.0001486,0.0147126,0.0036551,-8.52e-05,-0.0002169,-0.0012953,-9.28e-05,-9.36e-05,-9.1e-05,-9.32e-05,-9.02e-05,-0.0012309,-0.0005837,0.0132968,-1.55e-05,0.0032145,0.0032352,0.0032372,0.0129458,0.0129514,0.0031212,0.0031003,3.48e-05,3.78e-05,3.49e-05,0.0123796,0.0123775,-0.0004729,0.0029021,0.0028385,0.0007156,0.0001003,8.33e-05,0.0119869,0.0119867,9.58e-05,0.0119856,0.009957,0.0053937,-0.0004653,0.002199,-0.0004556,-0.0010547,0.0021739,-0.0006961,-0.0010063,0.0119213,0.0119197,-0.0010401,-8.4e-05,0.0002123,0.0117018,0.0001331,0.0114745,0.0001559,0.0114743,0.0112423,0.0001519,0.0009437,0.0101474,0.0107595,0.0105121,0.0014906,0.0105136,0.0105135,0.0006476,0.001405,0.0014126,0.0001791,0.0001791,0.0006371,0.0013659,-2.21e-05,0.0013778,-1.34e-05,0.0094151,0.0100019,0.0100024,0.0001612,-0.0008104,0.0012734,0.0012801,0.0012754,-0.0002464,0.0097371,0.0097376,-0.0002228,0.0012033,0.0002992,0.0094638,-0.0007601,0.0011629,0.0011563,0.0011613,0.0011607,0.0091819,0.0091793,-0.000839,-0.000233,0.001089,0.001089,-0.0008368,-0.000241,0.001098,-0.0008347,0.0088931,0.00808,0.0089105,-0.0002213,-0.000598,-0.0005981,0.0010185,0.0010108,0.0010172,0.0010206,0.0010217,0.0086081,0.0086101,-0.0001241,0.0009508,0.0009535,-0.0005696,0.0009509,-0.0001129,0.0001777,0.0009528,0.008297,0.0009383,0.0076072,0.0083083,0.0008811,0.0008833,0.0008758,0.0008848,0.0008866,0.0008827,0.0008832,-0.0003617,0.00088,0.0008887,0.0008875,0.0008845,0.0074508,0.0076519,0.0008042,0.0008143,0.0008055,0.0008105,0.0008047,0.0008168,0.0008102,0.000807,-0.0003366,0.0076599,5.89e-05,0.0007863,-3.05e-05,0.0007793,0.0007777,0.0007799,0.0070788,0.0071511,0.0073185,5.87e-05,0.0006326,0.0006425,0.0006424,0.000644,0.0006346,0.0006491,0.0006397,5.8e-05,0.0006443,0.0073255,0.0073255,0.0068895,0.0073233,4.1e-06,3.61e-05,2.79e-05,-3.92e-05,0.0003246,0.0003167,0.0003206,-3.79e-05,0.0003319,0.0003222,0.0003473,5e-07,0.0069394,0.0064956,0.0069408,1.79e-05,0.006939,0.006562,0.0069327,-0.0001274,-0.0001193,-0.0001162,-0.0001158,-0.0001152,2e-06,-0.0001172,-9.97e-05,0.006507,0.0062302,4.1e-06,0.0064927,0.0064931,0.0064935,-0.0004914,-0.0004905,-0.0004866,-0.0004927,-0.0004866,-0.0004803,0.0001635,-0.0004601,0.0056938,-0.0006026,-0.0005862,-0.0003979,0.0029048,0.000376,0.0038105,-0.0038638,0.0036041,0.0035527,-0.0041985,5.6e-06,0.003173,-0.003885,-0.0038799,-0.003862,-0.001914,-0.0043706,-0.0043715,-0.00437,0.0003804,0.001243,0.001243
-0.0012797,-0.0017555,0.0018523,0.0041397,0.0009377,-0.009407,0.0230898,-0.0018706,-0.0017863,-0.0017768,0.0006749,-0.0008808,-0.0009284,-0.0008182,0.0006262,-0.0016034,-0.0008073,0.0183643,-0.0014979,-0.0007488,-0.0014743,0.0176528,-0.0004093,0.0173641,-0.0013851,0.0006364,0.0006365,0.0006365,0.0006307,0.0006247,0.0014314,0.0007711,-0.0001369,0.0038882,-0.000125,0.0012996,-0.0001284,0.0012847,0.0012706,-0.0002258,-0.0001487,0.0147162,0.0036398,-8.52e-05,-0.000217,-0.0012954,-9.28e-05,-9.37e-05,-9.1e-05,-9.33e-05,-9.03e-05,-0.001231,-0.0005837,0.0133001,-1.55e-05,0.0032009,0.0032217,0.0032236,0.0129488,0.0129544,0.0031079,0.0030869,3.47e-05,3.78e-05,3.49e-05,0.0123823,0.0123802,-0.000473,0.0028894,0.002826,0.0007157,0.0001002,8.33e-05,0.0119893,0.0119891,9.58e-05,0.011988,0.0099495,0.0053943,-0.0004653,0.0021865,-0.0004557,-0.0010547,0.0021615,-0.0006961,-0.0010063,0.0119226,0.011921,-0.0010402,-8.4e-05,0.0002123,0.0117031,0.0001331,0.0114758,0.0001559,0.0114756,0.0112435,0.0001519,0.0009437,0.0101485,0.0107607,0.0105132,0.0014796,0.0105147,0.0105146,0.0006476,0.0013942,0.0014018,0.0001791,0.0001791,0.0006371,0.0013554,-2.21e-05,0.0013673,-1.34e-05,0.009416,0.0100029,0.0100034,0.0001612,-0.0008104,0.0012631,0.0012699,0.0012652,-0.0002464,0.0097381,0.0097386,-0.0002228,0.0011933,0.0002992,0.0094647,-0.0007601,0.0011532,0.0011467,0.0011516,0.0011511,0.0091828,0.0091802,-0.0008391,-0.000233,0.0010796,0.0010797,-0.0008368,-0.000241,0.0010886,-0.0008347,0.008894,0.0080807,0.0089114,-0.0002213,-0.000598,-0.0005981,0.0010095,0.0010018,0.0010081,0.0010116,0.0010126,0.0086089,0.0086109,-0.0001241,0.0009421,0.0009448,-0.0005696,0.0009421,-0.0001129,0.0001777,0.0009441,0.0082977,0.0009296,0.0076079,0.008309,0.0008727,0.0008749,0.0008674,0.0008764,0.0008782,0.0008743,0.0008748,-0.0003617,0.0008716,0.0008803,0.0008791,0.0008761,0.0074514,0.0076525,0.0007962,0.0008063,0.0007974,0.0008025,0.0007967,0.0008087,0.0008022,0.000799,-0.0003367,0.0076603,5.89e-05,0.0007783,-3.05e-05,0.0007713,0.0007697,0.0007719,0.0070791,0.0071514,0.0073189,5.87e-05,0.0006249,0.0006349,0.0006348,0.0006363,0.000627,0.0006414,0.0006321,5.8e-05,0.0006366,0.0073255,0.0073255,0.0068895,0.0073234,4.1e-06,3.61e-05,2.79e-05,-3.92e-05,0.0003173,0.0003094,0.0003133,-3.79e-05,0.0003246,0.0003149,0.00034,5e-07,0.0069391,0.0064952,0.0069404,1.06e-05,0.0069386,0.0065616,0.0069323,-0.0001343,-0.0001262,-0.0001231,-0.0001227,-0.0001221,2e-06,-0.0001241,-0.0001066,0.0065062,0.0062295,4.1e-06,0.006492,0.0064924,0.0064928,-0.0004978,-0.0004969,-0.0004931,-0.0004991,-0.000493,-0.0004867,0.0001635,-0.0004665,0.0056928,-0.0006086,-0.0005922,-0.0004039,0.0028999,0.0003759,0.0038061,-0.0038682,0.0035997,0.0035482,-0.0042025,5.6e-06,0.003169,-0.0038886,-0.0038835,-0.0038656,-0.001919,-0.0043696,-0.0043705,-0.004369,0.0003784,0.0012473,0.0012473
-0.009063,-0.0037117,0.0063975,0.0017391,0.0082947,-0.0089937,0.0212416,-0.0020722,-0.0019782,-0.0019689,0.0072206,-0.0037358,-0.0037298,-0.0035957,0.0067346,-0.0018438,-0.003551,0.0169792,-0.0017233,-0.0032946,-0.0016958,0.0161833,-0.0059258,0.0159346,-0.0016225,0.0029972,0.0029973,0.0029972,0.0029695,0.0029414,0.0019407,0.0030616,-0.0051831,0.0036855,-0.0050079,0.001498,-0.0050217,0.0014566,0.0014404,-0.0022015,-0.0048602,0.013576,0.0034413,-0.004746,-0.0021432,-0.0025897,-0.0045095,-0.0045103,-0.0044492,-0.0044513,-0.004389,-0.0026703,0.0003536,0.0123214,-0.0040959,0.0030242,0.0030383,0.0030486,0.0119876,0.0119921,0.0029393,0.0029168,-0.0039274,-0.0038622,-0.0038028,0.0114746,0.0114713,-0.0003951,0.0027349,0.0026412,0.0011419,-0.0038657,-0.003893,0.011112,0.0111122,-0.0039462,0.0111144,0.0092653,0.0014196,-0.0016884,0.0020861,-0.001724,-0.0018531,0.0020406,-0.0013983,-0.0010719,0.0112248,0.0112162,-0.0014453,-0.0036338,-0.0036001,0.0110038,-0.0036455,0.0107995,-0.0036151,0.0107984,0.0105839,-0.0033858,1.98e-05,0.0091661,0.010152,0.0099309,0.0014188,0.0099239,0.0099242,-0.0004771,0.0013333,0.001345,-0.0032478,-0.0032484,-0.0005035,0.0012883,-0.0009329,0.0013035,-0.0011139,0.00776,0.009508,0.0094963,-0.0016786,-0.0010994,0.0012154,0.0012208,0.0012173,-0.0006458,0.0092574,0.0092491,-0.000615,0.0011387,-0.0029277,0.0089909,-0.0007192,0.0011093,0.0010904,0.0011092,0.0010948,0.0087322,0.0087309,-0.000433,-0.0005467,0.0010407,0.0010305,-0.0004209,-0.0005211,0.0010392,-0.0004118,0.0084487,0.0078205,0.0084562,-0.000799,-0.0001853,-0.0001855,0.0009706,0.0009633,0.0009726,0.0009747,0.0009757,0.0081795,0.0081801,0.0026261,0.0009093,0.0009119,-0.000132,0.0009093,0.0026781,0.0006477,0.0009111,0.007888,0.0008973,0.0073405,0.00789,0.0008415,0.0008446,0.0008453,0.0008447,0.0008464,0.0008517,0.000844,4.4e-06,0.0008488,0.0008479,0.0008468,0.0008449,0.0079842,0.0072027,0.0007675,0.0007849,0.00078,0.0007732,0.0007676,0.0007864,0.0007725,0.0007697,6.99e-05,0.007219,0.0026674,0.0007574,0.0001094,0.0007415,0.0007399,0.000742,0.0066609,0.0067289,0.0068993,0.0025477,0.0006158,0.0006119,0.0006118,0.0006132,0.0006246,0.0006172,0.0006338,0.0025477,0.0006426,0.0068895,0.0068895,0.0073268,0.0068265,3.68e-05,0.0005126,0.00039,-0.0006073,0.0003071,0.0002998,0.0003034,-0.0014587,0.0003085,0.0002899,0.0003239,6.9e-06,0.0064646,0.0055735,0.0065076,2.41e-05,0.0065006,0.0056741,0.0065461,-0.0001171,-0.0001037,-0.0001008,-0.0001004,-9.99e-05,1.09e-05,-0.0001138,-8.44e-05,0.0061448,0.0054354,4.06e-05,0.0061804,0.0061833,0.0061837,-0.0004541,-0.0004556,-0.0004493,-0.0004584,-0.0004513,-0.0004467,0.0012222,-0.0004265,0.0050933,-0.0005605,-0.0005397,-0.0003578,0.0025975,-0.0006084,0.0037336,-0.0037055,0.0032923,0.0035555,-0.004028,0.0012087,0.0028826,-0.0037209,-0.0037274,-0.0037177,-0.0019015,-0.0044058,-0.0044063,-0.0044054,-0.0004825,0.0007722,0.0007722
-0.0006877,-0.0015794,0.0015795,0.0043616,0.0004268,-0.0093294,0.0231287,-0.0017777,-0.0016976,-0.0016886,0.0002206,-0.0006392,-0.0006886,-0.0005848,0.0002023,-0.0015189,-0.0005767,0.0183895,-0.0014188,-0.0005349,-0.0013965,0.0176863,-2.58e-05,0.0173962,-0.0013098,0.0004411,0.0004412,0.0004412,0.0004372,0.000433,0.0013343,0.0005751,0.0002117,0.0038706,0.0002122,0.0012302,0.0002097,0.0012177,0.0012044,-7.54e-05,0.0001782,0.0147387,0.0036241,0.0002379,-7.04e-05,-0.0011482,0.0002138,0.000213,0.0002116,0.0002093,0.0002082,-0.0010769,-0.0006259,0.0133163,0.0002655,0.0031874,0.0032083,0.0032096,0.0129653,0.0129707,0.0030942,0.0030736,0.0003074,0.0003061,0.000299,0.0123969,0.012395,-0.0004605,0.0028761,0.0028153,0.0006519,0.0003727,0.0003573,0.0120033,0.012003,0.0003757,0.0120018,0.009949,0.0056485,-0.0003558,0.0021727,-0.0003433,-0.0009533,0.0021494,-0.0006147,-0.0009602,0.0119234,0.0119224,-0.0009676,0.0001804,0.0004832,0.0117048,0.0004052,0.0114768,0.0004265,0.0114767,0.0112443,0.0004057,0.0009712,0.0101766,0.0107598,0.0105115,0.0014672,0.0105136,0.0105134,0.0007104,0.0013825,0.0013897,0.0004247,0.0004247,0.0007013,0.0013445,5.36e-05,0.0013562,7.57e-05,0.0094962,0.0099969,0.0099983,0.0002997,-0.0007528,0.0012516,0.0012583,0.0012537,-2e-04,0.0097321,0.0097333,-0.000178,0.0011828,0.0005319,0.0094594,-0.0007285,0.0011423,0.0011367,0.0011407,0.001141,0.009177,0.0091744,-0.0008367,-0.0001941,0.0010691,0.0010698,-0.0008353,-0.0002043,0.0010787,-0.0008339,0.008889,0.0080752,0.0089063,-0.000163,-0.0005985,-0.0005986,0.0009994,0.0009917,0.0009979,0.0010013,0.0010024,0.0086034,0.0086053,-0.0003212,0.0009322,0.000935,-0.0005734,0.0009323,-0.0003138,0.0001299,0.0009343,0.0082919,0.0009198,0.0076036,0.0083032,0.0008633,0.0008655,0.0008573,0.000867,0.0008688,0.0008643,0.0008654,-0.0003617,0.0008615,0.0008709,0.0008697,0.0008667,0.0073805,0.0076517,0.0007873,0.0007968,0.0007877,0.0007937,0.0007878,0.0007992,0.0007934,0.0007902,-0.0003413,0.0076588,-0.0001287,0.0007688,-3.84e-05,0.0007627,0.0007611,0.0007633,0.0070875,0.0071591,0.0073159,-0.0001204,0.0006156,0.0006265,0.0006264,0.0006279,0.0006171,0.0006332,0.0006219,-0.0001212,0.0006261,0.0073233,0.0073234,0.0068265,0.0073256,2.61e-05,2.54e-05,2.57e-05,2.54e-05,0.0003098,0.0003019,0.0003058,8.37e-05,0.0003176,0.0003087,0.0003328,1.4e-06,0.0069411,0.006538,0.006939,2.8e-06,0.0069375,0.006601,0.0069268,-0.0001413,-0.0001337,-0.0001306,-0.0001302,-0.0001296,2.8e-06,-0.0001306,-0.0001142,0.0065006,0.0062624,3e-06,0.0064822,0.0064824,0.0064828,-0.0005047,-0.0005036,-0.0004999,-0.0005058,-0.0004998,-0.0004934,9.95e-05,-0.0004732,0.005705,-0.0006147,-0.0005987,-0.0004109,0.0029085,0.000438,0.0037882,-0.0038657,0.0036052,0.0035242,-0.004199,-7.74e-05,0.0031668,-0.0038856,-0.0038798,-0.0038615,-0.0019178,-0.0043446,-0.0043454,-0.004344,0.0004304,0.0012784,0.0012784
0.0068019,0.0070284,0.0166874,0.0183655,0.00601,0.0181373,0.0017288,0.0191647,0.0183048,0.0182055,0.0052454,0.0084233,0.0089274,0.0077947,0.0048924,0.0164155,0.0076826,0.0014608,0.0153702,0.00713,0.0151286,0.0012306,-0.0040648,0.0012961,0.0142275,-0.0058454,-0.0058464,-0.0058458,-0.0057928,-0.0057379,-0.0147167,-0.0072641,-0.004041,0.0002527,-0.0039352,-0.0134803,-0.0038779,-0.0133538,-0.0132081,0.001691,-0.0034245,0.0012002,0.0002626,-0.0033768,0.001639,0.0130475,-0.0030785,-0.0030773,-0.0030374,-0.0030371,-0.0029963,0.0121757,0.0063405,0.0010259,-0.0033837,0.0002918,0.0002234,0.0002309,0.001071,0.0010149,0.0002449,0.0003082,-0.0032771,-0.0032273,-0.0031726,0.0009625,0.0009854,0.004526,0.0002155,0.0001665,-0.0079291,-0.0033649,-0.0031854,0.0009613,0.0009582,-0.0028769,0.0009655,0.0007599,-0.0020986,0.0050544,0.0001493,0.0049581,0.010678,0.0001983,0.0073603,0.0100935,0.0010984,0.0011114,0.010563,0.0023713,-0.0006246,0.0010398,0.0002342,0.0010223,2.35e-05,0.0010218,0.0010003,1.06e-05,-0.0094921,0.0007112,0.0009684,0.0009448,9e-05,0.0009458,0.0009457,-0.0043104,9.74e-05,8.36e-05,-3.79e-05,-4.99e-05,-0.0042459,8.1e-05,0.0025514,8.2e-05,0.0025011,0.0008986,0.0008962,0.0008968,0.0016916,0.0089578,0.0001091,7.3e-05,0.0001083,0.0043416,0.0008717,0.0008729,0.0040661,6.75e-05,0.0005091,0.0008481,0.0083679,6.39e-05,6.51e-05,8.64e-05,6.49e-05,0.0008214,0.0008433,0.0076202,0.004003,8.05e-05,5.87e-05,0.0075734,0.0040521,5.98e-05,0.0075311,0.0007953,0.0032913,0.0006145,0.0041294,0.0072553,0.0072562,6.2e-05,6.12e-05,7.14e-05,4.88e-05,4.89e-05,0.0006136,0.0005903,4.73e-05,6.71e-05,6.67e-05,0.0068715,6.61e-05,-0.0001759,-0.0034192,6.59e-05,0.000568,6.43e-05,0.0029362,0.0003994,3.58e-05,5.86e-05,3.42e-05,3.54e-05,3.55e-05,3.46e-05,5.8e-05,0.0067465,3.39e-05,3.5e-05,3.49e-05,5.75e-05,0.0002879,0.0003727,5.34e-05,2.98e-05,2.91e-05,6.24e-05,6.11e-05,2.78e-05,6.02e-05,6.61e-05,0.0063221,0.000373,0.0001298,2.47e-05,0.0006898,6.76e-05,7.25e-05,7.65e-05,0.0028235,0.0026535,4.8e-06,9.71e-05,2.5e-06,2e-06,2e-06,2e-06,2.8e-06,2.7e-05,1.7e-06,9.76e-05,1.9e-06,4.1e-06,4.1e-06,3.68e-05,2.61e-05,0.0065948,0.0064416,0.0065135,0.0063621,2e-07,3.7e-06,4e-06,0.0052002,1.95e-05,5.46e-05,1.57e-05,0.0005122,1.47e-05,0.001758,-0.0001376,-6.4e-06,-0.0001183,0.0016166,-0.0003061,9.1e-06,-1.2e-05,-1.22e-05,-1.03e-05,-1.24e-05,0.0005154,3.15e-05,-1.61e-05,-0.0002887,0.00136,0.0005597,-0.0004787,-0.0004749,-0.0004749,-4e-07,-3.9e-06,-5e-07,-4.8e-06,-3.4e-06,-5.8e-06,0.0035967,2.12e-05,-0.00103,7.7e-06,1.61e-05,7.1e-06,0.0012794,-0.0018011,-0.0004444,0.0001391,0.0011106,-0.0008215,0.0001414,0.001061,-0.0012237,0.0001505,0.0001354,0.000118,-0.0004271,0.0004134,0.0004137,0.0004132,-0.0017106,-0.000369,-0.000369
0.0036537,0.0079931,0.0198547,0.0154257,0.010557,0.0164872,0.0014966,0.0173801,0.0166019,0.016511,0.0092869,0.0082317,0.0086783,0.0076452,0.0086635,0.0149022,0.0075328,0.0013269,0.013953,0.0069911,0.0137339,0.0010105,-0.0074915,0.0010973,0.0128963,-0.0057894,-0.0057902,-0.0057896,-0.0057371,-0.0056827,-0.013466,-0.0070601,-0.0071388,0.0002574,-0.006939,-0.0123157,-0.0068852,-0.0122168,-0.0120836,0.0019344,-0.0063207,0.0010797,0.0002666,-0.0062397,0.0018601,0.0120705,-0.0058169,-0.0058158,-0.0057396,-0.0057393,-0.0056617,0.0111186,0.0055268,0.0009406,-0.0059471,0.0002899,0.0002224,0.0002351,0.0009852,0.0009321,0.0002473,0.0003045,-0.0057641,-0.0056749,-0.0055805,0.0008908,0.0009115,0.0033253,0.000218,0.0001529,-0.008322,-0.00554,-0.0053832,0.0008967,0.0008933,-0.0050385,0.0009031,0.0007238,-0.0040557,0.0052349,0.0001599,0.005118,0.0096393,0.0002067,0.0076298,0.0092306,0.0011241,0.0011346,0.0097029,-2.8e-05,-0.0029754,0.0010627,-0.0020791,0.001048,-0.0022897,0.0010469,0.0010273,-0.0021597,-0.0093767,0.0008757,0.0009851,0.0009687,9.82e-05,0.0009645,0.0009647,-0.0039277,0.0001067,9.16e-05,-0.0020808,-0.0020921,-0.003902,8.12e-05,0.0029032,8.46e-05,0.0027387,0.0002338,0.0009547,0.0009479,0.0014543,0.0087724,0.0001166,8.13e-05,0.0001158,0.0048369,0.0009291,0.0009252,0.0045579,7.02e-05,-0.001321,0.0009001,0.0084912,7.16e-05,6.56e-05,9.33e-05,6.55e-05,0.000877,0.0008978,0.0072415,0.0044805,8.7e-05,6.12e-05,0.0071919,0.0045443,6.25e-05,0.0071464,0.0008443,0.0032122,0.000673,0.0044444,0.0068872,0.0068882,7.03e-05,6.95e-05,7.78e-05,5.64e-05,5.64e-05,0.0006741,0.0006521,0.0017008,7.3e-05,7.27e-05,0.0065209,7.21e-05,0.0014531,-0.0037874,7.19e-05,0.0006307,7.03e-05,0.002868,0.0004702,4.26e-05,6.42e-05,4.62e-05,4.21e-05,4.22e-05,4.65e-05,6.34e-05,0.0064062,4.56e-05,4.15e-05,4.14e-05,6.28e-05,0.0008781,0.0004008,5.75e-05,4.03e-05,4.15e-05,6.58e-05,6.44e-05,3.8e-05,6.35e-05,6.9e-05,0.0060084,0.0004061,0.0015294,3.45e-05,1.02e-05,7.13e-05,7.61e-05,7.99e-05,0.0027888,0.0026232,4.56e-05,0.0014071,1.37e-05,6.2e-06,6.2e-06,6.2e-06,1.76e-05,3.02e-05,1.89e-05,0.001405,2.14e-05,3.61e-05,3.61e-05,0.0005126,2.54e-05,0.0064416,0.006595,0.0065835,0.0059423,2e-07,-8e-07,-9e-07,0.004353,1.68e-05,4.62e-05,1.36e-05,-0.0001638,1.22e-05,0.0014724,-0.0001154,-9.3e-06,-9.92e-05,0.001354,-0.0002565,8.4e-06,-9.3e-06,-9.5e-06,-1.01e-05,-9.4e-06,-0.0001209,2.73e-05,-1.26e-05,-0.0002418,0.0011388,-6.28e-05,-0.0004048,-0.0003971,-0.0003971,5e-07,-6.5e-06,8e-07,-8.5e-06,-5e-06,-9.6e-06,0.0037126,2.18e-05,-0.0012681,8e-06,2.14e-05,1.7e-05,0.0011889,-0.0026963,-0.0003103,6.38e-05,0.0010523,-0.0006383,5.84e-05,0.0013184,-0.0012969,7.55e-05,5.55e-05,3.23e-05,-0.0005193,0.0001593,0.0001598,0.000159,-0.00239,-0.0006826,-0.0006826
0.0044369,0.0076597,0.0190591,0.016346,0.0093713,0.0170584,0.0015673,0.0179939,0.0171877,0.0170938,0.0082326,0.0082395,0.0087072,0.00764,0.0076797,0.0154213,0.0075282,0.00137,0.0144391,0.0069868,0.0142123,0.0010759,-0.006595,0.0011569,0.0133515,-0.0057602,-0.005761,-0.0057605,-0.0057082,-0.0056541,-0.0138902,-0.0070837,-0.0063309,0.0002578,-0.0061553,-0.0127177,-0.0061005,-0.0126105,-0.012473,0.0018089,-0.0055639,0.0011176,0.000267,-0.0054916,0.0017428,0.0123819,-0.0050996,-0.0050985,-0.0050318,-0.0050315,-0.0049635,0.0114479,0.0058275,0.0009688,-0.0052758,0.0002921,0.0002239,0.0002352,0.0010135,0.0009593,0.000248,0.0003073,-0.0051128,-0.0050339,-0.00495,0.0009147,0.0009362,0.0037161,0.0002186,0.0001574,-0.0082146,-0.004986,-0.0048219,0.0009185,0.0009152,-0.0044891,0.0009243,0.0007371,-0.0035553,0.0051614,0.0001579,0.0050494,0.0099758,0.000205,0.007551,0.009531,0.0011231,0.0011343,0.0099945,0.0006273,-0.0023526,0.001062,-0.001464,0.0010465,-0.0016752,0.0010456,0.0010253,-0.0015832,-0.0094702,0.0008188,0.0009868,0.0009683,9.66e-05,0.0009655,0.0009657,-0.0040923,0.0001046,9e-05,-0.0015409,-0.0015525,-0.0040547,8.17e-05,0.0027772,8.44e-05,0.0026428,0.0004154,0.0009448,0.00094,0.0014829,0.0088521,0.0001152,7.96e-05,0.0001145,0.0046865,0.0009194,0.0009168,0.0044079,6.99e-05,-0.0008396,0.0008917,0.0084821,7e-05,6.58e-05,9.2e-05,6.58e-05,0.0008675,0.0008887,0.0073961,0.0043369,8.58e-05,6.09e-05,0.0073474,0.0043972,6.21e-05,0.007303,0.0008363,0.0032565,0.0006612,0.0043444,0.0070378,0.0070388,6.84e-05,6.75e-05,7.66e-05,5.47e-05,5.48e-05,0.0006618,0.0006393,0.0012633,7.19e-05,7.15e-05,0.0066655,7.1e-05,0.0010236,-0.0036714,7.08e-05,0.0006175,6.91e-05,0.0029066,0.0004537,4.1e-05,6.31e-05,4.32e-05,4.06e-05,4.07e-05,4.35e-05,6.24e-05,0.0065455,4.27e-05,4e-05,3.99e-05,6.18e-05,0.0007246,0.0003953,5.68e-05,3.77e-05,3.84e-05,6.53e-05,6.4e-05,3.55e-05,6.3e-05,6.87e-05,0.0061391,0.0003993,0.0011675,3.2e-05,0.000228,7.07e-05,7.55e-05,7.94e-05,0.0028114,0.0026438,3.51e-05,0.0010697,1.08e-05,5.1e-06,5.1e-06,5.1e-06,1.38e-05,2.95e-05,1.45e-05,0.0010684,1.64e-05,2.79e-05,2.79e-05,0.00039,2.57e-05,0.0065135,0.0065835,0.0065949,0.0060794,2e-07,6e-07,6e-07,0.0045951,1.76e-05,4.86e-05,1.42e-05,4.85e-05,1.29e-05,0.001554,-0.0001217,-8.3e-06,-0.0001047,0.001429,-0.0002706,8.5e-06,-1.01e-05,-1.03e-05,-1.01e-05,-1.03e-05,7.91e-05,2.85e-05,-1.36e-05,-0.0002552,0.001202,0.0001339,-0.0004259,-0.0004193,-0.0004193,2e-07,-5.8e-06,4e-07,-7.5e-06,-4.6e-06,-8.5e-06,0.0037192,2.16e-05,-0.0012037,7.9e-06,1.99e-05,1.42e-05,0.0012184,-0.002451,-0.0003486,8.47e-05,0.0010724,-0.0006915,8.15e-05,0.0012757,-0.0012806,9.65e-05,7.77e-05,5.6e-05,-0.0004955,0.0002306,0.000231,0.0002303,-0.0022082,-0.0005971,-0.0005971
0.0129707,0.0097879,0.0136019,0.0183806,0.0010772,0.0170101,0.0018387,0.0180397,0.0172306,0.0171379,0.0008668,0.0112788,0.0116833,0.0106004,0.0008064,0.0155343,0.010453,0.0014908,0.0145451,0.0097005,0.0143162,0.0013475,-0.0004052,0.0014047,0.0134813,-0.0082849,-0.0082857,-0.0082852,-0.0082095,-0.0081316,-0.0143106,-0.0095187,-0.0006814,0.0002143,-0.0006887,-0.0128091,-0.0006232,-0.0126736,-0.0125352,0.0039515,-0.0002937,0.0012473,0.0002353,-0.000283,0.0038319,0.0136758,-0.0001648,-0.0001637,-0.0001623,-0.000162,-0.0001605,0.0129125,0.004746,0.00103,-0.0007116,0.0002657,0.0002045,0.0002063,0.0010813,0.0010289,0.0002201,0.0002815,-0.0006849,-0.0006757,-0.0006613,0.0009683,0.0009909,0.0036046,0.0001909,0.0001683,-0.0085856,-0.0005623,-0.0003883,0.0009683,0.0009647,9.1e-06,0.0009702,0.0007471,0.0004582,0.00644,0.0001239,0.0063787,0.010753,0.0001943,0.0082345,0.0095111,0.0009797,0.0009984,0.0103399,0.0045109,0.0018488,0.0009376,0.0026903,0.0009141,0.0024729,0.0009142,0.0008924,0.0023081,-0.0083624,0.0011232,0.0008347,0.0008061,7.03e-05,0.0008126,0.0008123,-0.0028399,8.42e-05,6.49e-05,0.0022261,0.0022154,-0.0027847,7.09e-05,0.0037233,6.91e-05,0.0037984,0.0015207,0.0007254,0.0007341,0.003456,0.0090712,8.9e-05,5.49e-05,8.83e-05,0.0050559,0.0007046,0.0007117,0.0047725,5.68e-05,0.0026865,0.0006902,0.0083423,4.76e-05,5.75e-05,6.77e-05,5.71e-05,0.0006621,0.0006817,0.0068844,0.0046178,6.27e-05,4.93e-05,0.0068258,0.0046409,5.02e-05,0.0067743,0.0006472,0.002883,0.0004847,0.0049136,0.0065072,0.0065084,5.01e-05,4.94e-05,5.46e-05,3.43e-05,3.44e-05,0.0004797,0.0004589,-0.0017618,5.13e-05,5.09e-05,0.0061122,5.05e-05,-0.0020426,-0.0041315,5.04e-05,0.0004377,4.91e-05,0.0025823,0.0002861,2.39e-05,4.44e-05,1.64e-05,2.37e-05,2.38e-05,1.69e-05,4.42e-05,0.0060571,1.64e-05,2.36e-05,2.36e-05,4.4e-05,-0.0004262,0.0003116,4.17e-05,1.42e-05,1.13e-05,5.03e-05,4.91e-05,1.29e-05,4.85e-05,5.38e-05,0.0056118,0.0003058,-0.0017136,1.02e-05,7.59e-05,5.84e-05,6.32e-05,6.7e-05,0.0026932,0.0025279,-5.02e-05,-0.0016788,-1.27e-05,-3.9e-06,-3.9e-06,-3.9e-06,-1.74e-05,2.09e-05,-2.16e-05,-0.0016807,-2.47e-05,-3.92e-05,-3.92e-05,-0.0006073,2.54e-05,0.0063621,0.0059423,0.0060794,0.0065966,2e-07,6e-07,6e-07,0.0060721,2.32e-05,6.42e-05,1.87e-05,4.32e-05,1.75e-05,0.0020539,-0.0001604,-1.13e-05,-0.0001379,0.0018888,-0.0003572,1.12e-05,-1.35e-05,-1.36e-05,-1.35e-05,-1.37e-05,7.04e-05,3.75e-05,-1.81e-05,-0.0003368,0.0015887,9.38e-05,-0.000558,-0.0005544,-0.0005544,2e-07,-3.1e-06,0,-4e-06,-2.7e-06,-5.1e-06,0.0024835,2.29e-05,-0.0009464,1.03e-05,1.61e-05,3.6e-06,0.001321,-0.001356,-0.0005384,0.0001998,0.0011302,-0.0009432,0.0002079,-6.3e-05,-0.0011726,0.0002061,0.0001999,0.0001864,-0.0003548,0.0005891,0.0005892,0.000589,-0.0012501,-0.0001657,-0.0001657
0.0001361,0.0002337,-0.0006214,-0.0011076,-0.0002701,0.001386,-0.0042684,-1.61e-05,-1.54e-05,-1.53e-05,-0.0002092,3.79e-05,3.64e-05,3.73e-05,-0.0001946,-1.28e-05,3.69e-05,-0.0033963,-1.26e-05,3.42e-05,-1.24e-05,-0.0032619,0.0001404,-0.0032099,-1.2e-05,-3.55e-05,-3.55e-05,-3.55e-05,-3.52e-05,-3.49e-05,8.2e-06,-3.26e-05,9.1e-05,0.0149415,8.73e-05,1.26e-05,8.69e-05,1.29e-05,1.28e-05,3.05e-05,8.29e-05,-0.0026678,0.013975,7.09e-05,2.91e-05,5.3e-06,6.69e-05,6.7e-05,6.59e-05,6.63e-05,6.51e-05,8.8e-06,-2.27e-05,-0.0023585,5.8e-05,0.0123912,0.0123886,0.0123881,-0.002117,-0.002115,0.0122115,0.0122138,5.03e-05,4.9e-05,4.85e-05,-0.0018825,-0.0018816,-4.2e-06,0.0116384,0.0114388,-1.8e-06,4.92e-05,4.91e-05,-0.0016834,-0.0016856,4.41e-05,-0.0016864,0.0071817,-0.0003115,1.27e-05,0.011325,1.32e-05,5.7e-06,0.0113272,1.19e-05,-1.5e-06,-0.0006558,-0.0006598,2.5e-06,1.92e-05,2.22e-05,-0.0006503,2.23e-05,-0.0006395,2.22e-05,-0.0006409,-0.0006301,2.09e-05,1.02e-05,-0.0005448,-0.0006052,-0.0005922,0.010038,-0.0005792,-0.0005803,1.7e-06,0.0098003,0.0097998,1.96e-05,1.97e-05,2.8e-06,0.0095526,1.3e-06,0.0095516,2.9e-06,-0.0004556,-0.0005115,-0.0005136,3.3e-06,1.1e-06,0.0093023,0.0093021,0.0093022,-5e-07,-0.0004736,-0.0004734,-5e-07,0.0090436,1.05e-05,-0.0004543,6e-07,0.0087738,0.0087744,0.0087738,0.0087741,-0.0004104,-0.000412,2.2e-06,-6e-07,0.0084981,0.0084984,2.9e-06,-8e-07,0.0084978,2.8e-06,-0.0003786,-0.0003458,-0.0003794,8e-07,-8.6e-06,-8.6e-06,0.0082125,0.008213,0.0082125,0.0082124,0.0082123,-0.000339,-0.0003386,-2.18e-05,0.0079157,0.0079155,-6.8e-06,0.0079157,-2.2e-05,-1.7e-06,0.0079155,-0.0003059,0.0079166,-0.0002733,-0.0002995,0.0076077,0.0076074,0.0076078,0.0076074,0.0076073,0.0076075,0.0076074,-1.2e-05,0.0076076,0.0076072,0.0076073,0.0076073,-0.0001895,-0.0002002,0.0072862,0.0072857,0.0072862,0.0072859,0.0072862,0.0072856,0.0072859,0.007286,-5e-06,-9.81e-05,-2.13e-05,0.0072874,-1e-06,0.0072876,0.0072876,0.0072875,1.72e-05,1.13e-05,-5.4e-06,-1.85e-05,0.0069536,0.0069534,0.0069534,0.0069533,0.0069533,0.0069531,0.006953,-1.04e-05,0.0069526,0.0003246,0.0003173,0.0003071,0.0003098,2e-07,2e-07,2e-07,2e-07,0.0066019,0.0066017,0.0066017,1.6e-06,0.0066019,0.0066015,0.0066018,5.2e-06,0.0006327,0.0006058,0.0006159,0.0065954,0.0006566,0.0006349,0.0006503,0.0062111,0.0062116,0.0062118,0.0062118,0.0062118,1e-05,0.0062116,0.0062127,0.0009642,0.0009275,1e-05,0.0009467,0.0009454,0.0009417,0.0057761,0.0057762,0.0057766,0.005776,0.0057767,0.0057774,2.15e-05,0.0057798,0.0011659,0.005328,0.0053301,0.0053539,0.0045579,0.0001061,0.0041035,0.0037621,0.0041591,0.0042171,0.0034227,6.1e-06,0.0037657,0.0030658,0.0030705,0.0030883,0.0044376,-0.0011004,-0.0010978,-0.0011021,0.0017938,-0.0038408,-0.0038409
6.43e-05,9.42e-05,-0.0006879,-0.0010156,-0.0003185,0.0014742,-0.0042897,6.8e-05,6.48e-05,6.45e-05,-0.0002521,-5.81e-05,-5.46e-05,-5.8e-05,-0.0002346,5.6e-05,-5.7e-05,-0.0034137,5.18e-05,-5.3e-05,5.1e-05,-0.0032773,0.0001777,-0.0032257,4.79e-05,4.9e-05,4.9e-05,4.9e-05,4.86e-05,4.81e-05,-3.65e-05,4.18e-05,0.0001234,0.0149383,0.0001191,-3.88e-05,0.0001185,-3.78e-05,-3.73e-05,-5.5e-05,0.0001129,-0.0026821,0.0139717,0.0001005,-5.32e-05,7.7e-06,9.65e-05,9.66e-05,9.51e-05,9.55e-05,9.39e-05,1.24e-05,5.39e-05,-0.002371,8.83e-05,0.0123885,0.0123858,0.0123852,-0.0021294,-0.0021275,0.0122088,0.0122114,7.96e-05,7.78e-05,7.68e-05,-0.0018945,-0.0018936,7.03e-05,0.011636,0.0114363,4.82e-05,5.84e-05,5.92e-05,-0.0016954,-0.0016975,4.92e-05,-0.0016985,0.0071719,-0.0003116,-4.71e-05,0.0113231,-4.68e-05,3.2e-05,0.0113246,-3.88e-05,3.92e-05,-0.0006678,-0.0006719,3.08e-05,5.02e-05,4.5e-05,-0.0006623,4.26e-05,-0.0006512,4.31e-05,-0.0006526,-0.0006416,4.06e-05,-1.67e-05,-0.0005772,-0.0006149,-0.0006017,0.0100368,-0.0005886,-0.0005898,-5.57e-05,0.009799,0.0097987,3.49e-05,3.49e-05,-5.28e-05,0.0095516,-5.55e-05,0.0095506,-5.3e-05,-0.0004585,-0.0005208,-0.0005228,-4.59e-05,-8.1e-06,0.0093014,0.0093011,0.0093012,-5.14e-05,-0.0004826,-0.0004824,-5.07e-05,0.0090427,1.83e-05,-0.0004631,-1.66e-05,0.0087729,0.0087736,0.0087729,0.0087732,-0.000419,-0.0004205,3.08e-05,-4.71e-05,0.0084974,0.0084975,3.2e-05,-4.71e-05,0.0084969,3.25e-05,-0.0003868,-0.0003433,-0.0003884,-4.43e-05,2.02e-05,2.02e-05,0.0082116,0.0082121,0.0082118,0.0082116,0.0082115,-0.0003476,-0.0003473,-3.5e-05,0.007915,0.0079148,2.22e-05,0.007915,-3.19e-05,4.23e-05,0.0079149,-0.0003143,0.0079159,-0.0002719,-0.0003086,0.007607,0.0076068,0.0076071,0.0076067,0.0076066,0.0076067,0.0076068,1.42e-05,0.0076069,0.0076065,0.0076066,0.0076067,-0.0002005,-0.0002084,0.0072857,0.0072851,0.0072855,0.0072854,0.0072857,0.007285,0.0072854,0.0072855,2.15e-05,-0.0001062,-2.28e-05,0.0072868,4.69e-05,0.007287,0.007287,0.0072869,1.06e-05,4.7e-06,-1.33e-05,-1.82e-05,0.0069531,0.0069529,0.0069529,0.0069528,0.0069528,0.0069526,0.0069525,-9.9e-06,0.0069522,0.0003167,0.0003094,0.0002998,0.0003019,3.7e-06,-8e-07,6e-07,6e-07,0.0066017,0.0066019,0.0066019,1.8e-06,0.0066017,0.0066013,0.0066016,4.85e-05,0.0006253,0.0005987,0.0006084,0.0065959,0.0006491,0.0006278,0.0006428,0.0062114,0.0062119,0.006212,0.0062123,0.0062121,5.09e-05,0.0062119,0.006213,0.0009571,0.0009208,5.09e-05,0.0009398,0.0009383,0.0009346,0.0057767,0.005777,0.0057773,0.0057768,0.0057774,0.0057783,4.62e-05,0.0057803,0.001169,0.0053287,0.0053307,0.0053542,0.0045554,0.0001328,0.0040975,0.0037675,0.0041554,0.0042107,0.0034285,2.93e-05,0.0037659,0.0030713,0.0030759,0.0030939,0.0044421,-0.001091,-0.0010885,-0.0010928,0.0018107,-0.0038347,-0.0038347
5.66e-05,7.91e-05,-0.0006936,-0.0010035,-0.0003231,0.001477,-0.0042769,7.53e-05,7.18e-05,7.14e-05,-0.0002563,-6.82e-05,-6.43e-05,-6.8e-05,-0.0002385,6.19e-05,-6.69e-05,-0.0034036,5.73e-05,-6.21e-05,5.64e-05,-0.0032674,0.0001815,-0.0032161,5.3e-05,5.79e-05,5.79e-05,5.79e-05,5.73e-05,5.68e-05,-4.01e-05,4.97e-05,0.0001268,0.0149401,0.0001224,-4.32e-05,0.0001219,-4.21e-05,-4.16e-05,-6.37e-05,0.0001161,-0.0026739,0.0139734,0.0001037,-6.15e-05,7.1e-06,9.96e-05,9.98e-05,9.82e-05,9.86e-05,9.7e-05,1.21e-05,6.12e-05,-0.0023636,9.15e-05,0.01239,0.0123872,0.0123867,-0.0021223,-0.0021204,0.0122102,0.0122128,8.28e-05,8.09e-05,7.99e-05,-0.0018877,-0.0018868,7.75e-05,0.0116373,0.0114376,5.36e-05,5.95e-05,6.04e-05,-0.0016888,-0.001691,4.99e-05,-0.0016919,0.0071772,-0.000308,-5.34e-05,0.011324,-5.31e-05,3.4e-05,0.0113255,-4.44e-05,4.26e-05,-0.0006613,-0.0006654,3.3e-05,5.35e-05,4.76e-05,-0.000656,4.5e-05,-0.000645,4.55e-05,-0.0006464,-0.0006355,4.28e-05,-1.88e-05,-0.0005739,-0.0006089,-0.0005958,0.0100374,-0.0005828,-0.0005839,-6.1e-05,0.0097995,0.0097992,3.67e-05,3.67e-05,-5.79e-05,0.0095522,-6.12e-05,0.0095511,-5.85e-05,-0.0004527,-0.0005153,-0.0005173,-5.07e-05,-9.5e-06,0.0093018,0.0093016,0.0093017,-5.67e-05,-0.0004773,-0.0004771,-5.59e-05,0.0090431,1.95e-05,-0.0004579,-1.88e-05,0.0087733,0.008774,0.0087734,0.0087737,-0.0004139,-0.0004154,3.31e-05,-5.2e-05,0.0084978,0.0084979,3.43e-05,-5.2e-05,0.0084973,3.49e-05,-0.0003819,-0.0003379,-0.0003835,-4.9e-05,2.27e-05,2.27e-05,0.0082119,0.0082124,0.0082121,0.008212,0.0082119,-0.0003429,-0.0003426,-3.65e-05,0.0079154,0.0079152,2.48e-05,0.0079154,-3.31e-05,4.69e-05,0.0079152,-0.0003098,0.0079163,-0.0002669,-0.0003041,0.0076073,0.0076071,0.0076074,0.007607,0.0076069,0.007607,0.0076071,1.66e-05,0.0076072,0.0076068,0.0076069,0.007607,-0.0001969,-0.0002043,0.007286,0.0072854,0.0072858,0.0072857,0.0072859,0.0072852,0.0072857,0.0072858,2.39e-05,-0.0001021,-2.3e-05,0.007287,5.17e-05,0.0072873,0.0072873,0.0072871,1.45e-05,8.6e-06,-9.4e-06,-1.83e-05,0.0069533,0.0069531,0.0069531,0.006953,0.006953,0.0069528,0.0069527,-1e-05,0.0069524,0.0003206,0.0003133,0.0003034,0.0003058,4e-06,-9e-07,6e-07,6e-07,0.0066017,0.0066019,0.006602,1.9e-06,0.0066017,0.0066013,0.0066017,5.29e-05,0.000629,0.0006022,0.0006121,0.0065958,0.0006528,0.0006313,0.0006465,0.0062112,0.0062116,0.0062118,0.0062121,0.0062119,5.5e-05,0.0062117,0.0062128,0.0009606,0.0009242,5.5e-05,0.0009433,0.0009418,0.0009381,0.0057763,0.0057767,0.0057769,0.0057764,0.005777,0.0057779,4.88e-05,0.00578,0.001173,0.0053283,0.0053302,0.0053538,0.0045569,0.0001358,0.0040992,0.0037654,0.0041573,0.0042122,0.0034263,3.16e-05,0.0037678,0.0030693,0.0030739,0.0030919,0.0044413,-0.0010929,-0.0010903,-0.0010946,0.0018127,-0.0038332,-0.0038332
0.0195211,0.0103767,0.0059555,0.0175498,-0.0074554,0.0141786,0.0020196,0.0152044,0.0145216,0.0144449,-0.0066978,0.0125559,0.0128318,0.011906,-0.0062521,0.0131674,0.0117458,0.0015341,0.012329,0.0108998,0.0121347,0.0015597,0.0059017,0.0015813,0.0114592,-0.0095187,-0.0095195,-0.009519,-0.0094316,-0.0093422,-0.0124508,-0.0104646,0.0051264,0.0001667,0.004936,-0.010856,0.0050019,-0.0107137,-0.0105964,0.0054905,0.0050698,0.0013069,0.0001945,0.0050173,0.0053358,0.0128019,0.0048404,0.0048413,0.0047764,0.0047768,0.004711,0.0123324,0.0028924,0.0010429,0.0040066,0.0002219,0.0001777,0.0001697,0.0010896,0.0010474,0.0001813,0.000235,0.0038921,0.0038295,0.0037715,0.0009753,0.0009954,0.0029123,0.0001552,0.0001746,-0.0075953,0.0039927,0.0041488,0.000968,0.0009646,0.0045489,0.0009656,0.0007226,0.0044829,0.0067086,8.64e-05,0.0067083,0.0098217,0.0001691,0.0076153,0.0079717,0.0007817,0.0008052,0.0090383,0.0077133,0.0057972,0.0007638,0.0064573,0.000734,0.0062682,0.0007351,0.0007131,0.0058703,-0.0059085,0.0013405,0.0006411,0.0006047,4.34e-05,0.0006196,0.0006187,-0.0011167,6.04e-05,3.93e-05,0.0056763,0.0056682,-0.0010527,5.86e-05,0.0040908,5.26e-05,0.0043654,0.0024757,0.0004746,0.0004955,0.0049037,0.0078474,5.75e-05,3.05e-05,5.69e-05,0.0046276,0.0004595,0.0004753,0.0043846,4.31e-05,0.0058219,0.0004585,0.0068726,2.55e-05,4.81e-05,4.05e-05,4.74e-05,0.0004284,0.0004434,0.0052673,0.0041696,3.7e-05,3.75e-05,0.0052079,0.0041515,3.78e-05,0.0051575,0.0004298,0.0021174,0.0003061,0.0047094,0.004933,0.0049342,3.08e-05,3.02e-05,3.08e-05,1.55e-05,1.55e-05,0.0002935,0.0002778,-0.0045364,2.89e-05,2.86e-05,0.004578,2.85e-05,-0.0048142,-0.0039416,2.84e-05,0.000258,2.75e-05,0.0019102,0.0001429,8.9e-06,2.45e-05,-7.2e-06,8.9e-06,9e-06,-6.7e-06,2.49e-05,0.004599,-6.8e-06,9.4e-06,9.4e-06,2.51e-05,-0.0014561,0.0002432,2.53e-05,-6.2e-06,-1.24e-05,3.26e-05,3.17e-05,-6.4e-06,3.16e-05,3.57e-05,0.0041851,0.0002285,-0.0043496,-8.2e-06,-9.25e-05,4.2e-05,4.6e-05,4.91e-05,0.0022075,0.0020713,-6.57e-05,-0.0041866,-3.05e-05,-8.3e-06,-8.3e-06,-8.3e-06,-4.21e-05,1.31e-05,-5.05e-05,-0.0041887,-5.81e-05,-3.79e-05,-3.79e-05,-0.0014587,8.37e-05,0.0052002,0.004353,0.0045951,0.0060721,1.6e-06,1.8e-06,1.9e-06,0.0065996,2.66e-05,7.11e-05,2.19e-05,2.86e-05,7.87e-05,0.0022884,-0.0001147,-1.36e-05,-9.02e-05,0.0021094,-0.0003286,9.8e-06,-1.7e-05,-1.71e-05,-1.7e-05,-1.72e-05,4.81e-05,3.85e-05,-2.18e-05,-0.0003102,0.0017803,3.62e-05,-0.0005474,-0.0005474,-0.0005474,-5.3e-06,-5.4e-06,-5.7e-06,-5.2e-06,-5.7e-06,-6.2e-06,0.0008423,1.54e-05,-0.0004885,4.9e-06,3.6e-06,-1.22e-05,0.0012389,-3.39e-05,-0.0006126,0.0002503,0.0010393,-0.0010179,0.0002658,-0.0014057,-0.0008514,0.00025,0.0002577,0.0002546,-0.000174,0.0008201,0.0008199,0.0008202,-8.29e-05,0.000307,0.000307
0.0002179,0.0002881,-0.0005896,-0.0010482,-0.0002922,0.0014207,-0.0042373,2.98e-05,2.84e-05,2.83e-05,-0.0002293,9.62e-05,9.52e-05,9.31e-05,-0.0002133,2.75e-05,9.2e-05,-0.0033718,2.51e-05,8.53e-05,2.47e-05,-0.0032382,0.0001583,-0.0031863,2.31e-05,-8.12e-05,-8.12e-05,-8.12e-05,-8.04e-05,-7.97e-05,-3.23e-05,-8.05e-05,0.0001067,0.0149452,0.0001024,-2.13e-05,0.0001023,-2.05e-05,-2.03e-05,6.13e-05,9.87e-05,-0.0026479,0.0139787,8.66e-05,5.9e-05,5.25e-05,8.19e-05,8.2e-05,8.07e-05,8.11e-05,7.97e-05,5.41e-05,-2.14e-05,-0.002341,6.99e-05,0.0123946,0.0123919,0.0123914,-0.0020997,-0.0020978,0.0122147,0.0122172,6.19e-05,6.04e-05,5.97e-05,-0.0018662,-0.0018653,-2.5e-06,0.0116413,0.0114417,-3.59e-05,6.36e-05,6.4e-05,-0.0016675,-0.0016697,6.1e-05,-0.0016705,0.0071942,-0.0002894,4.49e-05,0.011327,4.53e-05,3.89e-05,0.0113295,4.62e-05,2.3e-05,-0.0006408,-0.0006447,3.25e-05,4.49e-05,4.19e-05,-0.0006355,4.46e-05,-0.0006251,4.39e-05,-0.0006264,-0.000616,4.12e-05,-8e-06,-0.0005268,-0.000592,-0.0005793,0.0100391,-0.0005663,-0.0005674,4.9e-06,0.0098015,0.0098009,3.97e-05,3.97e-05,6e-06,0.0095537,2.36e-05,0.0095527,2.61e-05,-0.0004374,-0.0004997,-0.0005016,2.8e-05,3.12e-05,0.0093033,0.009303,0.0093032,2.29e-05,-0.000462,-0.0004618,2.19e-05,0.0090445,3.2e-05,-0.0004431,2.8e-05,0.0087746,0.0087753,0.0087746,0.008775,-0.0003996,-0.0004011,1.8e-05,2.05e-05,0.0084989,0.0084992,1.83e-05,2.02e-05,0.0084986,1.81e-05,-0.000368,-0.0003308,-0.0003692,2.39e-05,6.1e-06,6.1e-06,0.0082132,0.0082137,0.0082132,0.0082131,0.008213,-0.0003291,-0.0003288,-3.77e-05,0.0079163,0.0079162,6.6e-06,0.0079163,-3.93e-05,-2.17e-05,0.0079162,-0.0002965,0.0079172,-0.0002594,-0.0002905,0.0076082,0.007608,0.0076083,0.007608,0.0076079,0.0076079,0.007608,1.9e-06,0.0076081,0.0076077,0.0076078,0.0076079,-0.0001871,-0.0001915,0.0072868,0.0072862,0.0072866,0.0072865,0.0072867,0.0072861,0.0072865,0.0072865,7.4e-06,-8.94e-05,-3.77e-05,0.0072878,-7.1e-06,0.0072882,0.0072882,0.0072881,3.26e-05,2.64e-05,1.9e-06,-3.45e-05,0.0069537,0.0069536,0.0069536,0.0069536,0.0069534,0.0069535,0.0069531,-2.64e-05,0.0069527,0.0003319,0.0003246,0.0003085,0.0003176,1.95e-05,1.68e-05,1.76e-05,2.32e-05,0.0066019,0.0066017,0.0066017,2.66e-05,0.006602,0.0066018,0.006602,1e-07,0.0006401,0.0006211,0.0006225,0.006595,0.0006633,0.0006496,0.0006561,0.0062107,0.0062111,0.0062113,0.0062113,0.0062113,5.3e-06,0.0062114,0.0062122,0.0009696,0.0009406,5.3e-06,0.0009512,0.0009499,0.0009462,0.0057753,0.0057754,0.0057758,0.0057751,0.0057759,0.0057766,2.18e-05,0.0057791,0.0011687,0.0053272,0.0053293,0.0053532,0.0045653,0.0001031,0.0041051,0.0037588,0.0041665,0.004217,0.0034191,-2.1e-06,0.0037651,0.0030625,0.0030672,0.0030851,0.0044345,-0.0011022,-0.0010997,-0.001104,0.0017918,-0.0038391,-0.0038391
0.000351,0.0003609,-0.000551,-0.0009357,-0.0003428,0.0015282,-0.0042535,0.0001345,0.0001284,0.0001278,-0.0002746,0.0001823,0.0001832,0.0001748,-0.0002556,0.0001182,0.0001725,-0.0033852,0.00011,0.00016,0.0001083,-0.0032505,0.000198,-0.0031981,0.000102,-0.0001465,-0.0001465,-0.0001465,-0.0001451,-0.0001437,-0.000118,-0.0001523,0.0001409,0.0149414,0.0001353,-9.6e-05,0.0001357,-9.43e-05,-9.32e-05,9.89e-05,0.0001325,-0.0026581,0.0139754,0.00012,9.55e-05,0.0001405,0.0001142,0.0001143,0.0001125,0.0001129,0.0001111,0.0001388,-1.4e-06,-0.0023512,9.64e-05,0.012392,0.012389,0.0123884,-0.0021091,-0.0021075,0.0122119,0.0122149,8.76e-05,8.57e-05,8.47e-05,-0.0018756,-0.0018746,1.75e-05,0.0116387,0.0114393,-8.83e-05,9e-05,9.15e-05,-0.0016764,-0.0016787,9.12e-05,-0.0016795,0.0071863,-0.0002665,9.1e-05,0.0113248,9.14e-05,0.0001064,0.0113279,9.87e-05,7.79e-05,-0.0006509,-0.0006546,9.47e-05,9.66e-05,8.03e-05,-0.0006454,8.76e-05,-0.0006349,8.55e-05,-0.0006363,-0.0006257,8.02e-05,-4.91e-05,-0.0005307,-0.0006016,-0.0005888,0.0100376,-0.0005757,-0.0005768,-3.3e-06,0.0098002,0.0097994,7.74e-05,7.74e-05,-1.8e-06,0.0095524,5.14e-05,0.0095514,5.58e-05,-0.0004329,-0.0005094,-0.0005112,6.1e-05,8.53e-05,0.0093021,0.0093016,0.009302,5.47e-05,-0.0004715,-0.0004712,5.2e-05,0.0090433,7.06e-05,-0.0004522,7.55e-05,0.0087734,0.0087742,0.0087735,0.0087739,-0.0004085,-0.0004099,5.46e-05,4.91e-05,0.0084978,0.0084981,5.45e-05,4.88e-05,0.0084975,5.39e-05,-0.0003766,-0.000327,-0.0003786,5.61e-05,4.01e-05,4.01e-05,0.0082122,0.0082127,0.0082121,0.0082119,0.0082118,-0.0003382,-0.000338,-6.79e-05,0.0079154,0.0079152,3.82e-05,0.0079153,-7.14e-05,-4.87e-05,0.0079152,-0.0003055,0.0079163,-0.0002563,-0.0003002,0.0076072,0.0076071,0.0076072,0.0076069,0.0076068,0.0076068,0.0076071,3.33e-05,0.0076069,0.0076067,0.0076068,0.007607,-0.0002064,-0.0001997,0.0072859,0.0072851,0.0072855,0.0072857,0.0072859,0.007285,0.0072857,0.0072858,3.6e-05,-9.77e-05,-6.69e-05,0.0072868,-7.9e-06,0.0072875,0.0072876,0.0072874,3.84e-05,3.11e-05,-8e-06,-6.26e-05,0.0069528,0.0069528,0.0069528,0.0069527,0.0069524,0.0069528,0.006952,-5.46e-05,0.0069515,0.0003222,0.0003149,0.0002899,0.0003087,5.46e-05,4.62e-05,4.86e-05,6.42e-05,0.0066015,0.0066013,0.0066013,7.11e-05,0.0066018,0.0066019,0.0066017,1e-07,0.0006317,0.0006281,0.0006128,0.0065949,0.0006538,0.0006553,0.000645,0.006211,0.0062112,0.0062114,0.0062114,0.0062114,5.5e-06,0.0062118,0.0062123,0.0009591,0.0009446,5.4e-06,0.0009391,0.0009378,0.0009341,0.0057759,0.0057761,0.0057765,0.0057758,0.0057765,0.0057772,2.73e-05,0.0057798,0.001158,0.005328,0.0053301,0.0053537,0.0045699,0.0001022,0.0040961,0.0037655,0.0041689,0.0042056,0.0034263,-1.16e-05,0.0037553,0.0030692,0.003074,0.0030918,0.0044358,-0.0010911,-0.0010885,-0.0010928,0.0017906,-0.0038387,-0.0038387
0.0002019,0.0002769,-0.0005908,-0.0010521,-0.0002858,0.0013904,-0.0041899,1.47e-05,1.4e-05,1.4e-05,-0.0002239,8.54e-05,8.41e-05,8.29e-05,-0.0002083,1.45e-05,8.19e-05,-0.003334,1.29e-05,7.6e-05,1.27e-05,-0.0032019,0.000154,-0.0031507,1.18e-05,-7.31e-05,-7.31e-05,-7.31e-05,-7.24e-05,-7.17e-05,-2.02e-05,-7.14e-05,0.0001034,0.0149517,9.92e-05,-1.06e-05,9.91e-05,-9.9e-06,-9.8e-06,5.7e-05,9.53e-05,-0.0026177,0.0139847,8.34e-05,5.48e-05,4.05e-05,7.88e-05,7.89e-05,7.76e-05,7.8e-05,7.67e-05,4.26e-05,-2.49e-05,-0.0023136,6.75e-05,0.0123999,0.0123972,0.0123967,-0.0020731,-0.0020712,0.0122198,0.0122223,5.97e-05,5.82e-05,5.76e-05,-0.0018407,-0.0018398,-5.6e-06,0.0116461,0.0114463,-2.88e-05,6.14e-05,6.17e-05,-0.0016429,-0.0016451,5.85e-05,-0.0016459,0.0072138,-0.0002808,3.91e-05,0.0113303,3.96e-05,2.96e-05,0.0113328,3.92e-05,1.5e-05,-0.0006163,-0.0006202,2.37e-05,3.95e-05,3.87e-05,-0.0006114,4.07e-05,-0.0006015,4.01e-05,-0.0006029,-0.0005929,3.77e-05,-1.6e-06,-0.0005064,-0.0005699,-0.0005577,0.0100412,-0.0005447,-0.0005458,7.3e-06,0.0098034,0.0098028,3.63e-05,3.64e-05,8.3e-06,0.0095555,2.06e-05,0.0095546,2.3e-05,-0.0004192,-0.000479,-0.000481,2.5e-05,2.37e-05,0.009305,0.0093047,0.0093048,1.9e-05,-0.0004419,-0.0004417,1.82e-05,0.009046,2.88e-05,-0.0004236,2.13e-05,0.0087761,0.0087768,0.0087761,0.0087765,-0.0003806,-0.0003821,1.23e-05,1.69e-05,0.0085003,0.0085005,1.27e-05,1.67e-05,0.0085,1.25e-05,-0.0003497,-0.0003155,-0.0003507,2e-05,1.1e-06,1.1e-06,0.0082145,0.008215,0.0082144,0.0082143,0.0082143,-0.0003113,-0.0003109,-3.51e-05,0.0079175,0.0079173,2e-06,0.0079175,-3.64e-05,-1.85e-05,0.0079173,-0.0002793,0.0079183,-0.0002448,-0.0002732,0.0076092,0.007609,0.0076093,0.007609,0.0076089,0.007609,0.007609,-2.3e-06,0.0076091,0.0076088,0.0076089,0.007609,-0.0001705,-0.0001756,0.0072877,0.0072871,0.0072875,0.0072874,0.0072876,0.007287,0.0072874,0.0072874,3.5e-06,-7.35e-05,-3.48e-05,0.0072887,-7e-06,0.007289,0.007289,0.0072889,4.58e-05,3.98e-05,1.73e-05,-3.16e-05,0.0069544,0.0069543,0.0069543,0.0069542,0.0069541,0.0069541,0.0069537,-2.36e-05,0.0069534,0.0003473,0.00034,0.0003239,0.0003328,1.57e-05,1.36e-05,1.42e-05,1.87e-05,0.0066018,0.0066016,0.0066017,2.19e-05,0.006602,0.0066017,0.006602,1e-07,0.0006545,0.000633,0.0006371,0.0065944,0.0006779,0.0006618,0.0006708,0.0062098,0.0062102,0.0062104,0.0062104,0.0062105,5.3e-06,0.0062104,0.0062114,0.0009833,0.0009523,5.3e-06,0.0009651,0.0009638,0.0009601,0.0057736,0.0057738,0.0057742,0.0057735,0.0057742,0.005775,2.14e-05,0.0057775,0.0011809,0.0053253,0.0053275,0.0053518,0.00457,0.0001041,0.0041131,0.0037501,0.0041729,0.0042247,0.0034097,-1.2e-06,0.003772,0.0030539,0.0030586,0.0030765,0.0044301,-0.0011118,-0.0011093,-0.0011136,0.0017926,-0.0038362,-0.0038363
-0.0110766,-0.0215122,-0.0098695,0.014687,-0.0072875,0.0118479,0.0005588,0.0124654,0.0118943,0.0118309,-0.0064826,-0.0147353,-0.0139968,-0.0146137,-0.0060455,0.0101747,-0.0144112,0.0003699,0.0095292,-0.0133731,0.0093786,0.0005686,0.0056601,0.0004542,0.0088627,0.0129608,0.0129602,0.0129606,0.0128392,0.0127175,-0.0065554,0.0114389,0.0049569,0.0001057,0.0048653,-0.007588,0.004834,-0.007482,-0.0073999,-0.0130296,0.0045974,0.0002633,5.23e-05,0.0045461,-0.0125411,0.0001309,0.0045333,0.0045339,0.0044736,0.0044735,0.0044135,0.0003432,0.0115458,0.0002851,0.0046381,7.69e-05,5.29e-05,4.45e-05,0.0002472,0.000223,5.45e-05,8.76e-05,0.0044994,0.0044268,0.0043485,0.0002032,0.000214,0.0112528,5.93e-05,4.86e-05,0.0077337,0.0014487,0.0015805,0.0001512,0.0001567,0.0008328,0.0001465,0.0001165,0.0009027,-0.0091832,2.68e-05,-0.009195,0.0038172,-7.58e-05,-0.0078447,0.0060108,0.0001389,0.000123,0.004126,0.0047359,0.0035301,9.08e-05,0.0031559,0.0001063,0.0032397,0.0001073,0.0001014,0.0030454,-0.0039206,-0.0032629,0.0003033,0.0002849,2.72e-05,0.0002927,0.0002923,-0.0086129,-1.33e-05,2.65e-05,0.0023847,0.0023772,-0.0083296,3.54e-05,-0.0086488,3.26e-05,-0.0084981,0.0011105,0.0002269,0.0002361,-0.0074575,-0.0015462,2.84e-05,2.22e-05,2.82e-05,-0.0078026,0.0002223,0.0002263,-0.0076735,2.44e-05,0.0012746,0.0002189,-0.0027491,1.96e-05,2.48e-05,3.22e-05,2.44e-05,0.0002084,0.0002208,0.0041908,-0.0071179,3.06e-05,2.09e-05,0.0042778,-0.0070992,2.05e-05,0.0043548,0.0002038,0.0016967,9.67e-05,-0.0069068,0.0042706,0.0042688,-6.2e-06,-5.9e-06,2.87e-05,1.49e-05,1.49e-05,0.0001035,8.94e-05,-0.0020472,2.75e-05,2.72e-05,0.0043056,2.66e-05,-0.0015509,0.0067305,2.59e-05,8.38e-05,2.54e-05,0.0014478,-1.17e-05,1.02e-05,2.31e-05,5.4e-06,1e-05,1e-05,5.5e-06,2.3e-05,0.0039274,5.3e-06,9.9e-06,9.9e-06,2.25e-05,-0.0004642,2.14e-05,2.23e-05,4.9e-06,3.1e-06,2.74e-05,2.68e-05,4e-06,2.63e-05,2.96e-05,0.0039602,1.83e-05,-0.0002341,5.9e-06,0.0072812,9.6e-06,9.9e-06,1.02e-05,0.0001658,0.0001558,-1e-06,3.2e-05,5.5e-06,5.5e-06,5.5e-06,5.5e-06,5.4e-06,7e-06,5.3e-06,6.16e-05,5.7e-06,5e-07,5e-07,6.9e-06,1.4e-06,0.0005122,-0.0001638,4.85e-05,4.32e-05,5.2e-06,4.85e-05,5.29e-05,2.86e-05,1e-07,1e-07,1e-07,0.0065955,-5e-07,-1.2e-06,-4e-07,4.99e-05,-7e-07,-1.3e-06,-6e-07,-3e-06,-2.9e-06,-2.9e-06,2.18e-05,-4.8e-06,0.0062179,-4.8e-06,-4.9e-06,-9e-07,1.7e-06,0.0062169,2.11e-05,-5e-06,-5e-06,-4.6e-06,1.86e-05,-6.5e-06,2.6e-05,1.3e-05,2.68e-05,0.0037761,-1.31e-05,0.0014096,-1.22e-05,-3.44e-05,-4.56e-05,7.92e-05,0.0041503,-0.000309,0.0001674,1.6e-05,-0.0004039,0.0001883,0.0035259,0.0005366,0.000186,0.0001795,0.0002026,0.0003622,0.0007086,0.0007078,0.0007091,0.0026384,0.0011554,0.0011554
-0.0006114,-0.0014767,0.0014152,0.004047,0.0003449,-0.0087758,0.0216434,-0.0017103,-0.0016333,-0.0016245,0.0001583,-0.0005971,-0.000645,-0.0005452,0.0001443,-0.0014609,-0.0005377,0.0172078,-0.0013647,-0.0004987,-0.0013432,0.016551,1.55e-05,0.0162792,-0.0012598,0.0004091,0.0004092,0.0004091,0.0004055,0.0004016,0.0012817,0.0005386,0.0002351,0.0044277,0.0002344,0.0011834,0.0002321,0.0011716,0.0011588,-5.96e-05,0.0002005,0.0137945,0.004145,0.000256,-5.52e-05,-0.0010973,0.0002314,0.0002306,0.0002289,0.0002268,0.0002253,-0.0010278,-0.000609,0.0124658,0.0002785,0.0036505,0.0036703,0.0036715,0.0121463,0.0121517,0.0035533,0.0035339,0.000317,0.0003153,0.0003082,0.0116212,0.0116194,-0.0004446,0.0033177,0.0032501,0.0006239,0.0003794,0.0003646,0.0112593,0.011259,0.0003817,0.0112577,0.0097739,0.0053447,-0.000335,0.0026366,-0.0003228,-0.000913,0.0026148,-0.000586,-0.0009231,0.0112357,0.0112345,-0.0009285,0.0001849,0.0004773,0.0110295,0.0004021,0.0108145,0.0004226,0.0108143,0.0105952,0.0004017,0.0009376,0.0095933,0.0101384,0.0099043,0.0019036,0.009907,0.0099068,0.0006851,0.0018113,0.0018181,0.0004192,0.0004193,0.0006765,0.0017626,5.33e-05,0.0017736,7.52e-05,0.0089572,0.0094218,0.0094231,0.0002917,-0.0007227,0.0016619,0.0016682,0.0016638,-0.0001918,0.0091735,0.0091747,-0.0001707,0.0015836,0.0005185,0.0089168,-0.0007003,0.0015314,0.0015262,0.0015298,0.0015303,0.0086521,0.0086495,-0.0008046,-0.0001864,0.0014479,0.0014487,-0.0008033,-0.0001962,0.0014571,-0.0008019,0.0083816,0.0076093,0.0083983,-0.0001557,-0.0005796,-0.0005797,0.0013674,0.0013602,0.0013659,0.0013693,0.0013702,0.0081139,0.0081158,-0.0003182,0.0012886,0.0012912,-0.0005554,0.0012887,-0.0003112,0.000124,0.0012906,0.0078213,0.0012769,0.007168,0.0078326,0.0012076,0.0012097,0.001202,0.0012111,0.0012128,0.0012085,0.0012096,-0.000355,0.001206,0.0012149,0.0012137,0.0012108,0.0069617,0.0072222,0.0011193,0.0011282,0.0011196,0.0011252,0.0011197,0.0011305,0.001125,0.0011219,-0.0003349,0.0072341,-0.000136,0.0011019,-3.95e-05,0.001096,0.0010945,0.0010966,0.0066964,0.0067641,0.0069153,-0.0001275,0.0009398,0.0009502,0.0009501,0.0009516,0.0009412,0.0009565,0.0009457,-0.0001278,0.0009497,0.0069394,0.0069391,0.0064646,0.0069411,1.47e-05,1.22e-05,1.29e-05,1.75e-05,0.0006327,0.0006253,0.000629,7.87e-05,0.0006401,0.0006317,0.0006545,-5e-07,0.0065943,0.0062116,0.0065914,0.0003422,0.0065921,0.0062727,0.0065817,0.0001862,0.0001934,0.0001964,0.0001967,0.0001973,1.1e-06,0.0001964,0.0002119,0.0061949,0.0059677,1.1e-06,0.0061767,0.0061767,0.006177,-0.0001797,-0.0001787,-0.0001752,-0.0001807,-0.000175,-0.0001689,8.38e-05,-0.0001498,0.0054555,-0.0003068,-0.0002916,-0.0001128,0.0029829,0.0004262,0.0037922,-0.0034604,0.003621,0.0035487,-0.0037929,-8.11e-05,0.0031896,-0.0035151,-0.0035093,-0.003491,-0.0015833,-0.0041628,-0.0041635,-0.0041623,0.0005054,0.001013,0.001013
0.0059947,0.0021313,0.00334,0.0096592,-0.0021673,-0.0034883,0.0209662,0.0034785,0.0033225,0.003305,-0.0020893,0.0036764,0.0037229,0.0035068,-0.0019535,0.0030324,0.0034598,0.0166455,0.0028423,0.0032109,0.0027975,0.016038,0.0019863,0.0157907,0.0026499,-0.0028308,-0.002831,-0.0028308,-0.0028048,-0.0027782,-0.0029657,-0.0030244,0.0019331,0.0042349,0.0018687,-0.0025211,0.0018887,-0.0024846,-0.0024574,0.0018069,0.0018822,0.0133698,0.0039774,0.0019167,0.0017584,0.0032665,0.0018342,0.0018338,0.0018105,0.0018087,0.0017853,0.0031738,0.0003814,0.0120356,0.0015984,0.00352,0.0035238,0.0035222,0.0117522,0.0117431,0.0034149,0.0034147,0.0015963,0.0015739,0.0015478,0.0112218,0.0112269,0.0005426,0.0031842,0.003127,-0.0019757,0.0016934,0.0017316,0.0108805,0.010879,0.0018832,0.0108782,0.009421,0.0065146,0.0019514,0.0025219,0.0019627,0.0024336,0.0025293,0.0020182,0.0017999,0.0107977,0.0108044,0.0021557,0.0027543,0.0023874,0.0105984,0.002539,0.0103867,0.0024946,0.0103869,0.0101741,0.0023418,-0.0010972,0.0094505,0.0097213,0.0094896,0.0018177,0.0094971,0.0094966,0.0002812,0.0017365,0.0017357,0.0022941,0.0022915,0.0002942,0.0016897,0.0014362,0.001698,0.0015487,0.0092282,0.0089937,0.0090019,0.0019307,0.0019579,0.0015944,0.0015913,0.001596,0.0013852,0.0087559,0.0087623,0.0013232,0.0015157,0.0024378,0.0085148,0.0016537,0.0014604,0.0014631,0.0014639,0.0014667,0.0082565,0.0082591,0.0010064,0.0012356,0.0013855,0.0013864,0.0009875,0.0012202,0.0013944,0.0009718,0.0080034,0.0078432,0.0079777,0.0014451,0.001105,0.0011054,0.0013075,0.0013005,0.001306,0.001304,0.0013049,0.0077069,0.0077034,-0.0018174,0.0012323,0.0012347,0.0010086,0.0012322,-0.0019049,-0.0012169,0.001234,0.0074206,0.0012209,0.0073604,0.0073928,0.0011491,0.0011562,0.0011384,0.0011524,0.001154,0.0011447,0.0011563,0.0012042,0.0011423,0.0011561,0.001155,0.0011575,0.0060404,0.0068542,0.0010711,0.001069,0.0010588,0.0010792,0.0010737,0.0010711,0.0010786,0.0010771,0.0010841,0.0068606,-0.0015868,0.0010436,-7.95e-05,0.001055,0.0010549,0.0010579,0.0070204,0.0070382,0.0064631,-0.0015244,0.0008836,0.0009008,0.0009007,0.000902,0.000881,0.0009139,0.0008824,-0.0015255,0.0008836,0.0064956,0.0064952,0.0055735,0.006538,0.001758,0.0014724,0.001554,0.0020539,0.0006058,0.0005987,0.0006022,0.0022884,0.0006211,0.0006281,0.000633,-1.2e-06,0.0062116,0.0065942,0.006144,0.0003281,0.0061529,0.0065915,0.0060631,0.0001891,0.0001869,0.0001896,0.0001899,0.0001904,7.5e-06,0.0002082,0.0002026,0.0057072,0.0061956,3.5e-06,0.0056104,0.0056105,0.0056107,-0.0001599,-0.0001591,-0.0001558,-0.0001609,-0.0001557,-0.0001502,0.0003553,-0.0001249,0.0049521,-0.0002765,-0.0002626,-0.0001002,0.0032211,0.000382,0.0033586,-0.0031547,0.003752,0.0029946,-0.0034619,-0.0005533,0.0027114,-0.0032073,-0.0031993,-0.0031832,-0.0015358,-0.0036317,-0.0036325,-0.0036313,0.0004452,0.0010443,0.0010443
-0.0011855,-0.0017846,0.0012411,0.0035381,0.0005631,-0.0091946,0.0215986,-0.0021544,-0.0020574,-0.0020464,0.0003542,-0.0009673,-0.0010232,-0.0008963,0.0003272,-0.0018456,-0.0008841,0.0171743,-0.0017249,-0.0008202,-0.0016977,0.0165163,-0.000157,0.0162437,-0.0015945,0.00069,0.0006901,0.0006901,0.0006838,0.0006773,0.0016458,0.000847,8.54e-05,0.0043853,9.03e-05,0.0015007,8.6e-05,0.0014847,0.0014684,-0.0002224,5.24e-05,0.0137652,0.0041042,0.0001094,-0.0002134,-0.0014727,9e-05,8.92e-05,8.94e-05,8.73e-05,8.77e-05,-0.0013894,-0.0006922,0.0124432,0.0001616,0.0036129,0.003634,0.0036354,0.0121218,0.0121283,0.0035173,0.0034963,0.0002034,0.0002036,0.0001982,0.0115992,0.0115969,-0.0005285,0.0032839,0.0032162,0.0008477,0.0002625,0.0002431,0.0112371,0.0112368,0.0002484,0.0112355,0.0097359,0.0052151,-0.000533,0.0026055,-0.0005208,-0.0012005,0.0025812,-0.0008104,-0.001156,0.0112162,0.0112144,-0.0011929,-4.05e-05,0.0003079,0.0110105,0.0002133,0.0107963,0.0002393,0.0107961,0.0105776,0.0002301,0.0011104,0.0095565,0.0101228,0.0098897,0.0018769,0.0098919,0.0098917,0.0007167,0.0017847,0.0017921,0.0002532,0.0002535,0.0007063,0.0017367,-6.78e-05,0.0017479,-5.39e-05,0.0088874,0.0094107,0.0094114,0.000147,-0.000953,0.0016366,0.0016438,0.0016386,-0.0003286,0.0091627,0.0091635,-0.0003003,0.0015594,0.0003481,0.008906,-0.0009023,0.0015084,0.0015025,0.0015064,0.0015067,0.0086419,0.008639,-0.0009585,-0.0003096,0.0014253,0.0014261,-0.0009555,-0.0003189,0.0014345,-0.0009526,0.0083713,0.0075496,0.0083916,-0.0002947,-0.0007237,-0.0007237,0.0013457,0.0013385,0.0013442,0.001348,0.001349,0.0081075,0.0081098,-0.0001855,0.0012677,0.0012703,-0.000689,0.0012678,-0.0001703,0.0002405,0.0012697,0.0078158,0.0012561,0.0071141,0.0078304,0.0011881,0.0011897,0.0011829,0.0011916,0.0011933,0.0011894,0.0011896,-0.0004892,0.0011869,0.0011953,0.0011942,0.0011908,0.0070059,0.0072168,0.0011,0.0011099,0.0011015,0.0011058,0.0011003,0.0011122,0.0011056,0.0011024,-0.0004571,0.0072288,-8.5e-06,0.0010836,-3.58e-05,0.0010763,0.0010747,0.0010767,0.0066328,0.0067045,0.0069183,-4.7e-06,0.0009231,0.0009328,0.0009327,0.0009341,0.0009248,0.0009384,0.0009295,-5e-06,0.0009337,0.0069408,0.0069404,0.0065076,0.006939,-0.0001376,-0.0001154,-0.0001217,-0.0001604,0.0006159,0.0006084,0.0006121,-0.0001147,0.0006225,0.0006128,0.0006371,-4e-07,0.0065914,0.006144,0.0065942,0.0003258,0.0065941,0.0062102,0.0065907,0.0001701,0.0001781,0.000181,0.0001814,0.000182,6e-07,0.0001794,0.0001967,0.0062025,0.0059141,9e-07,0.0061913,0.0061913,0.0061916,-0.0001944,-0.0001934,-0.0001898,-0.0001954,-0.0001897,-0.0001836,5.96e-05,-0.0001651,0.0054679,-0.0003206,-0.0003054,-0.0001262,0.0029354,0.0004275,0.0038002,-0.0034779,0.0035805,0.0035683,-0.00381,-3.95e-05,0.0032055,-0.0035308,-0.0035252,-0.0035069,-0.0015898,-0.0041846,-0.0041853,-0.0041841,0.0005037,0.0010142,0.0010142
5.32e-05,0.0001352,-0.000764,-0.0012229,-0.0003222,0.0018344,-0.0052422,0.0001167,0.0001113,0.0001108,-0.0002488,-5.82e-05,-5.3e-05,-5.91e-05,-0.0002313,9.72e-05,-5.82e-05,-0.0041709,9.02e-05,-5.41e-05,8.88e-05,-0.0040056,0.0001679,-0.0039422,8.32e-05,5.14e-05,5.14e-05,5.14e-05,5.09e-05,5.04e-05,-7.05e-05,4e-05,0.0001052,0.0147943,0.0001012,-7.17e-05,0.0001007,-7.03e-05,-6.96e-05,-6.51e-05,9.63e-05,-0.003289,0.0138368,8.15e-05,-6.31e-05,3.17e-05,7.88e-05,7.9e-05,7.76e-05,7.81e-05,7.67e-05,3.44e-05,7.73e-05,-0.002919,7.01e-05,0.0122699,0.0122663,0.0122657,-0.002663,-0.0026612,0.0120938,0.0120972,5.99e-05,5.83e-05,5.77e-05,-0.0024045,-0.0024035,8.65e-05,0.0115295,0.011332,3.67e-05,3.51e-05,3.63e-05,-0.002189,-0.0021912,2.47e-05,-0.002192,0.0067712,-0.0005516,-4.68e-05,0.0112451,-4.7e-05,5.43e-05,0.0112474,-2.91e-05,6.58e-05,-0.0011568,-0.0011609,5.53e-05,2.92e-05,1.46e-05,-0.0011424,1.42e-05,-0.0011219,1.42e-05,-0.0011233,-0.0011027,1.32e-05,-4.72e-05,-0.0009967,-0.001056,-0.0010326,0.0099865,-0.0010196,-0.0010208,-8.51e-05,0.0097519,0.0097513,7e-06,7e-06,-8.18e-05,0.0095058,-6.71e-05,0.0095043,-6.6e-05,-0.0008513,-0.0009304,-0.0009325,-6.91e-05,8.5e-06,0.0092591,0.0092586,0.0092589,-5.33e-05,-0.0008813,-0.0008812,-5.29e-05,0.009003,-1.44e-05,-0.0008507,6e-07,0.0087347,0.0087355,0.0087347,0.008735,-0.0007949,-0.0007963,5.68e-05,-4.82e-05,0.0084618,0.008462,5.81e-05,-4.78e-05,0.008461,5.86e-05,-0.000751,-0.0006768,-0.000753,-4.76e-05,3.71e-05,3.71e-05,0.0081786,0.0081794,0.0081789,0.0081786,0.0081785,-0.0006998,-0.0006996,-1.35e-05,0.0078845,0.0078842,3.88e-05,0.0078845,-1.01e-05,4.56e-05,0.0078843,-0.0006537,0.007886,-0.0005857,-0.0006483,0.007579,0.0075787,0.0075794,0.0075786,0.0075785,0.0075788,0.0075787,2.2e-05,0.007579,0.0075782,0.0075783,0.0075786,-0.0004994,-0.0005215,0.0072605,0.0072596,0.0072604,0.0072599,0.0072604,0.0072594,0.0072599,0.0072602,2.91e-05,-0.0004196,-9e-06,0.0072624,5.03e-05,0.0072628,0.0072629,0.0072626,-0.0002827,-0.0002913,-0.000312,-5.1e-06,0.0069347,0.006934,0.006934,0.0069339,0.0069344,0.0069335,0.0069339,3.2e-06,0.0069334,1.79e-05,1.06e-05,2.41e-05,2.8e-06,-6.4e-06,-9.3e-06,-8.3e-06,-1.13e-05,0.0065954,0.0065959,0.0065958,-1.36e-05,0.006595,0.0065949,0.0065944,4.99e-05,0.0003422,0.0003281,0.0003258,0.0066022,0.0003665,0.0003549,0.0003611,0.0062231,0.0062233,0.0062234,0.0062236,0.0062234,5.21e-05,0.0062231,0.0062237,0.0006931,0.0006627,5.21e-05,0.0006769,0.0006754,0.0006717,0.0058029,0.0058032,0.0058033,0.0058031,0.0058034,0.005804,4.19e-05,0.0058052,0.0009382,0.005359,0.0053603,0.0053761,0.0044388,0.0001157,0.0039477,0.0039286,0.0040103,0.0040726,0.0036029,3.62e-05,0.0036417,0.0032326,0.0032369,0.0032542,0.0045251,-0.000916,-0.0009134,-0.0009178,0.0017953,-0.0038911,-0.0038911
-0.0011111,-0.0017426,0.0012592,0.0035935,0.000534,-0.0091293,0.021568,-0.0020978,-0.0020034,-0.0019927,0.0003283,-0.0009192,-0.0009741,-0.0008507,0.0003031,-0.0017965,-0.0008391,0.0171498,-0.001679,-0.0007784,-0.0016525,0.016493,-0.0001345,0.016221,-0.0015518,0.0006535,0.0006536,0.0006535,0.0006476,0.0006414,0.0015993,0.000807,0.0001046,0.0044765,0.0001088,0.0014602,0.0001047,0.0014447,0.0014289,-0.000201,7.14e-05,0.0137462,0.0041896,0.0001281,-0.0001927,-0.0014245,0.0001081,0.0001072,0.0001071,0.0001051,0.0001053,-0.001343,-0.0006819,0.0124258,0.0001764,0.0036888,0.0037097,0.0037111,0.0121062,0.0121126,0.003592,0.0035713,0.0002178,0.0002177,0.0002121,0.011585,0.0115827,-0.0005181,0.0033551,0.0032863,0.0008187,0.0002774,0.0002586,0.0112242,0.0112239,0.0002654,0.0112227,0.009778,0.0052269,-0.0005073,0.0026749,-0.0004951,-0.0011636,0.0026509,-0.0007812,-0.0011263,0.0112091,0.0112073,-0.0011591,-1.21e-05,0.0003291,0.0110034,0.0002371,0.0107893,0.0002624,0.0107891,0.0105707,0.0002516,0.0010882,0.0095532,0.010116,0.009883,0.0019385,0.0098853,0.0098851,0.0007127,0.0018449,0.0018522,0.000274,0.0002743,0.0007025,0.0017954,-5.21e-05,0.0018065,-3.72e-05,0.0088889,0.0094043,0.009405,0.0001655,-0.0009233,0.0016938,0.0017009,0.0016957,-0.0003108,0.0091566,0.0091574,-0.0002835,0.001615,0.0003694,0.0089001,-0.0008762,0.0015623,0.0015565,0.0015603,0.0015606,0.0086364,0.0086334,-0.0009387,-0.0002936,0.0014775,0.0014783,-0.0009359,-0.0003029,0.0014867,-0.0009332,0.0083661,0.0075512,0.0083859,-0.0002767,-0.0007053,-0.0007054,0.0013962,0.001389,0.0013947,0.0013984,0.0013994,0.0081021,0.0081044,-0.0002022,0.0013163,0.001319,-0.000672,0.0013164,-0.0001881,0.0002254,0.0013183,0.0078106,0.0013047,0.0071156,0.0078249,0.0012348,0.0012364,0.0012295,0.0012383,0.00124,0.0012361,0.0012363,-0.0004722,0.0012335,0.001242,0.0012409,0.0012376,0.0069957,0.0072126,0.0011449,0.0011546,0.0011461,0.0011506,0.0011452,0.0011569,0.0011504,0.0011473,-0.0004416,0.0072252,-2.47e-05,0.0011283,-3.65e-05,0.0011212,0.0011196,0.0011216,0.0066375,0.0067086,0.0069144,-2.03e-05,0.0009657,0.0009755,0.0009754,0.0009769,0.0009674,0.0009812,0.0009721,-2.06e-05,0.0009762,0.006939,0.0069386,0.0065006,0.0069375,-0.0001183,-9.92e-05,-0.0001047,-0.0001379,0.0006566,0.0006491,0.0006528,-9.02e-05,0.0006633,0.0006538,0.0006779,-7e-07,0.0065921,0.0061529,0.0065941,0.0003665,0.0065943,0.0062187,0.00659,0.0002086,0.0002165,0.0002195,0.0002198,0.0002204,5e-07,0.000218,0.0002351,0.0062041,0.0059233,8e-07,0.0061918,0.0061919,0.0061921,-0.0001584,-0.0001574,-0.0001538,-0.0001594,-0.0001537,-0.0001476,6.26e-05,-0.000129,0.0054704,-0.0002873,-0.0002721,-9.29e-05,0.0029667,0.0004276,0.0038214,-0.0034517,0.0036083,0.0035888,-0.0037857,-4.48e-05,0.003224,-0.003509,-0.0035033,-0.0034849,-0.001562,-0.0041862,-0.0041869,-0.0041857,0.0005141,0.0009908,0.0009908
0.0054571,0.001834,0.0031878,0.0092162,-0.0019628,-0.0039495,0.0210963,0.0030498,0.0029131,0.0028978,-0.0019068,0.0033279,0.0033665,0.0031765,-0.0017832,0.0026613,0.0031339,0.016751,0.0024949,0.0029084,0.0024555,0.0161372,0.0018268,0.0158869,0.0023271,-0.0025668,-0.002567,-0.0025669,-0.0025432,-0.0025191,-0.0026155,-0.0027336,0.0017965,0.0043241,0.0017372,-0.0022152,0.0017554,-0.0021827,-0.0021588,0.0016558,0.0017467,0.0134524,0.0040599,0.0017831,0.0016116,0.0029079,0.0017053,0.0017048,0.0016832,0.0016814,0.0016598,0.0028286,0.0002979,0.0121142,0.0014926,0.0035916,0.0035967,0.0035954,0.0118274,0.0118195,0.003486,0.0034842,0.0014939,0.0014731,0.0014486,0.0112961,0.0113006,0.0004602,0.0032518,0.0031927,-0.0017624,0.0015885,0.0016224,0.0109524,0.010951,0.0017631,0.0109501,0.0095172,0.0064409,0.0017648,0.002584,0.0017763,0.0021581,0.002589,0.0018048,0.0015748,0.010878,0.0108841,0.0019014,0.0025465,0.0022344,0.0106773,0.0023673,0.0104645,0.0023282,0.0104647,0.0102505,0.002186,-0.0009279,0.0095005,0.0097955,0.0095627,0.0018696,0.0095699,0.0095694,0.0003172,0.0017862,0.0017861,0.0021437,0.0021414,0.0003284,0.0017382,0.0013246,0.0017468,0.0014298,0.0092421,0.0090662,0.0090738,0.0017992,0.0017375,0.0016411,0.0016388,0.0016428,0.0012567,0.0088266,0.0088325,0.0012016,0.0015611,0.0022843,0.0085832,0.0014599,0.0015049,0.0015069,0.001508,0.0015106,0.0083235,0.0083256,0.000856,0.0011197,0.0014279,0.0014288,0.0008387,0.0011047,0.0014368,0.0008244,0.0080679,0.0078549,0.0080457,0.0013148,0.0009657,0.0009661,0.0013483,0.0013413,0.0013468,0.0013453,0.0013462,0.0077728,0.0077698,-0.0016971,0.0012714,0.0012738,0.0008792,0.0012714,-0.0017769,-0.0011078,0.0012731,0.0074849,0.0012599,0.0073738,0.0074603,0.001187,0.0011937,0.0011766,0.0011903,0.0011919,0.001183,0.0011937,0.001076,0.0011805,0.001194,0.0011929,0.0011949,0.0061438,0.0069137,0.0011066,0.0011053,0.0010953,0.0011145,0.001109,0.0011075,0.0011139,0.0011123,0.0009674,0.006921,-0.0014697,0.0010798,-7.67e-05,0.0010898,0.0010895,0.0010925,0.0070223,0.0070444,0.0065288,-0.0014117,0.0009177,0.0009344,0.0009343,0.0009357,0.0009155,0.0009469,0.0009171,-0.0014127,0.0009185,0.006562,0.0065616,0.0056741,0.006601,0.0016166,0.001354,0.001429,0.0018888,0.0006349,0.0006278,0.0006313,0.0021094,0.0006496,0.0006553,0.0006618,-1.3e-06,0.0062727,0.0065915,0.0062102,0.0003549,0.0062187,0.0065943,0.0061352,0.0002125,0.0002111,0.0002138,0.0002141,0.0002147,6.8e-06,0.0002309,0.0002271,0.0057764,0.0062056,3.1e-06,0.0056858,0.0056859,0.0056861,-0.000141,-0.0001401,-0.0001369,-0.000142,-0.0001367,-0.0001312,0.0003336,-0.0001063,0.0050201,-0.0002606,-0.0002466,-8.2e-05,0.0032311,0.0003876,0.0034248,-0.0031802,0.0037719,0.00307,-0.0034921,-0.0005154,0.0027775,-0.0032358,-0.0032279,-0.0032115,-0.00153,-0.0036964,-0.0036971,-0.0036959,0.0004587,0.0010319,0.0010319
-0.0018176,-0.0021197,0.0010414,0.0029587,0.0008019,-0.0096313,0.0214756,-0.002643,-0.0025241,-0.0025107,0.0005692,-0.0013747,-0.0014394,-0.0012827,0.0005279,-0.0022688,-0.0012653,0.0170789,-0.0021212,-0.0011739,-0.0020878,0.0164218,-0.0003469,0.0161492,-0.0019629,0.0009991,0.0009992,0.0009991,0.00099,0.0009807,0.0020465,0.0011864,-8.01e-05,0.0044532,-6.9e-05,0.0018498,-7.55e-05,0.0018292,0.0018092,-0.0004015,-0.0001113,0.0136865,0.0041664,-5.27e-05,-0.0003875,-0.0018857,-6.63e-05,-6.72e-05,-6.49e-05,-6.7e-05,-6.45e-05,-0.0017873,-0.0007838,0.0123768,3.21e-05,0.0036665,0.003689,0.0036906,0.0120557,0.0120636,0.0035714,0.0035487,7.76e-05,7.98e-05,7.62e-05,0.0115389,0.011536,-0.0006209,0.0033361,0.0032669,0.0010937,0.000133,0.0001085,0.0111786,0.0111785,0.0001008,0.0111772,0.0097354,0.0050597,-0.0007508,0.0026594,-0.0007386,-0.0015168,0.0026325,-0.001057,-0.0014122,0.0111694,0.0111668,-0.0014838,-0.0002901,0.0001198,0.0109646,3.9e-06,0.0107518,3.6e-05,0.0107515,0.0105341,3.97e-05,0.0013,0.0094944,0.0100826,0.0098511,0.0019264,0.0098529,0.0098527,0.0007508,0.0018325,0.0018406,6.89e-05,6.95e-05,0.0007384,0.0017834,-0.0002014,0.0017947,-0.0001964,0.0087905,0.0093776,0.0093775,-1.32e-05,-0.0012063,0.0016821,0.0016902,0.0016841,-0.0004791,0.0091306,0.0091309,-0.000443,0.0016041,0.0001588,0.0088744,-0.0011241,0.0015523,0.0015457,0.0015498,0.0015499,0.008612,0.0086086,-0.0011274,-0.0004452,0.0014675,0.0014682,-0.0011224,-0.0004539,0.0014766,-0.0011179,0.0083419,0.0074671,0.0083662,-0.0004478,-0.0008822,-0.0008823,0.0013867,0.0013795,0.0013852,0.0013895,0.0013904,0.0080832,0.008086,-3.83e-05,0.0013073,0.0013099,-0.000836,0.0013074,-1.41e-05,0.0003688,0.0013092,0.0077932,0.0012957,0.0070394,0.0078116,0.0012268,0.0012278,0.0012221,0.0012302,0.001232,0.0012286,0.0012277,-0.0006373,0.0012261,0.0012339,0.0012328,0.001229,0.0070409,0.0071963,0.0011366,0.0011474,0.0011392,0.0011421,0.0011367,0.0011498,0.0011419,0.0011386,-0.0005917,0.0072093,0.0001325,0.0011213,-3.19e-05,0.0011124,0.0011106,0.0011125,0.0065506,0.0066266,0.0069094,0.000131,0.0009599,0.0009689,0.0009688,0.0009703,0.0009621,0.0009739,0.000967,0.0001309,0.0009715,0.0069327,0.0069323,0.0065461,0.0069268,-0.0003061,-0.0002565,-0.0002706,-0.0003572,0.0006503,0.0006428,0.0006465,-0.0003286,0.0006561,0.000645,0.0006708,-6e-07,0.0065817,0.0060631,0.0065907,0.0003611,0.00659,0.0061352,0.0065943,0.0002029,0.0002117,0.0002146,0.000215,0.0002156,-2e-07,0.0002112,0.0002305,0.0062079,0.0058519,5e-07,0.0062042,0.0062043,0.0062045,-0.0001629,-0.0001619,-0.0001583,-0.0001639,-0.0001582,-0.000152,3.27e-05,-0.0001342,0.0054814,-0.0002917,-0.0002764,-9.68e-05,0.002915,0.000429,0.003836,-0.0034602,0.0035634,0.0036182,-0.0037941,6.6e-06,0.0032483,-0.0035168,-0.0035114,-0.0034929,-0.0015577,-0.0042103,-0.004211,-0.0042099,0.0005155,0.0009821,0.0009821
0.0002195,0.0003603,-0.0006532,-0.0012847,-0.0002835,0.001876,-0.0053935,0.0001073,0.0001024,0.0001019,-0.0002136,0.0001161,0.0001174,0.0001108,-0.0001985,9.35e-05,0.0001094,-0.0042908,8.68e-05,0.0001015,8.54e-05,-0.0041226,0.000137,-0.0040561,7.99e-05,-9.39e-05,-9.39e-05,-9.39e-05,-9.3e-05,-9.21e-05,-8.95e-05,-9.93e-05,7.57e-05,0.0138697,7.2e-05,-7.48e-05,7.2e-05,-7.36e-05,-7.28e-05,5.92e-05,7.05e-05,-0.0033876,0.0129724,5.56e-05,5.67e-05,9.92e-05,5.31e-05,5.33e-05,5.22e-05,5.27e-05,5.16e-05,9.7e-05,8.6e-06,-0.003012,3.99e-05,0.0115039,0.0115001,0.0114996,-0.0027633,-0.0027617,0.0113398,0.0113433,3.02e-05,2.9e-05,2.9e-05,-0.0025085,-0.0025076,1.62e-05,0.0108119,0.0106272,-6.53e-05,2.91e-05,3.01e-05,-0.0022973,-0.0022994,2.59e-05,-0.0023001,0.0061889,-0.0006218,5.75e-05,0.0105577,5.71e-05,7.77e-05,0.0105614,7.26e-05,6.51e-05,-0.0013233,-0.0013269,7.37e-05,1.63e-05,-1.5e-06,-0.0013051,5e-06,-0.0012815,3.2e-06,-0.0012828,-0.0012589,2.7e-06,-5.62e-05,-0.0011101,-0.0012071,-0.0011801,0.0093849,-0.001168,-0.0011691,-3.32e-05,0.0091658,0.0091648,8e-07,9e-07,-3.18e-05,0.0089343,1.65e-05,0.0089326,1.7e-05,-0.0009887,-0.0010737,-0.0010757,3.7e-06,6.39e-05,0.0087036,0.0087029,0.0087033,3.02e-05,-0.0010223,-0.0010222,2.82e-05,0.0084635,-1.25e-05,-0.000988,6.15e-05,0.0082113,0.0082122,0.0082114,0.0082117,-0.0009299,-0.0009312,5.8e-05,2.8e-05,0.0079555,0.0079557,5.83e-05,2.84e-05,0.0079546,5.8e-05,-0.0008828,-0.0008018,-0.0008847,2.83e-05,3.29e-05,3.29e-05,0.0076902,0.0076911,0.0076902,0.0076899,0.0076898,-0.0008287,-0.0008285,-7.4e-06,0.007414,0.0074137,3.24e-05,0.007414,-9.1e-06,-2.53e-05,0.0074138,-0.0007791,0.0074156,-0.0007056,-0.0007739,0.0071274,0.0071271,0.0071279,0.007127,0.0071268,0.0071272,0.0071271,1.53e-05,0.0071274,0.0071265,0.0071267,0.0071269,-0.0006178,-0.0006415,0.0068286,0.0068276,0.0068285,0.006828,0.0068286,0.0068273,0.006828,0.0068282,1.99e-05,-0.0005455,-2.01e-05,0.0068308,-7.4e-06,0.0068314,0.0068316,0.0068313,-0.0003989,-0.000409,-0.0004383,-1.79e-05,0.0065248,0.006524,0.006524,0.0065239,0.0065245,0.0065234,0.0065239,-1.03e-05,0.0065233,-0.0001274,-0.0001343,-0.0001171,-0.0001413,9.1e-06,8.4e-06,8.5e-06,1.12e-05,0.0062111,0.0062114,0.0062112,9.8e-06,0.0062107,0.006211,0.0062098,-3e-06,0.0001862,0.0001891,0.0001701,0.0062231,0.0002086,0.0002125,0.0002029,0.0058691,0.0058691,0.0058691,0.0058691,0.0058691,2e-06,0.0058691,0.005869,0.0005243,0.000508,2e-06,0.0005083,0.0005071,0.0005036,0.0054801,0.0054802,0.0054804,0.0054801,0.0054804,0.0054807,1.23e-05,0.0054818,0.0007595,0.0050639,0.005065,0.0050763,0.0041311,6.87e-05,0.0036469,0.0037791,0.0037132,0.003769,0.0034785,3.8e-06,0.0033633,0.0031232,0.0031273,0.003143,0.0043,-0.0007803,-0.0007779,-0.000782,0.0016634,-0.0037008,-0.0037008
0.0001392,0.000316,-0.000676,-0.0013512,-0.0002529,0.0018085,-0.0053768,4.37e-05,4.17e-05,4.15e-05,-0.0001863,6.4e-05,6.42e-05,6.15e-05,-0.000173,3.85e-05,6.07e-05,-0.0042772,3.53e-05,5.63e-05,3.47e-05,-0.0041099,0.0001131,-0.0040438,3.2e-05,-5.44e-05,-5.44e-05,-5.44e-05,-5.39e-05,-5.34e-05,-3.75e-05,-5.59e-05,5.52e-05,0.0138735,5.23e-05,-2.95e-05,5.2e-05,-2.88e-05,-2.85e-05,3.66e-05,5.02e-05,-0.0033771,0.0129759,3.56e-05,3.47e-05,4.59e-05,3.37e-05,3.39e-05,3.32e-05,3.37e-05,3.28e-05,4.57e-05,-3.6e-06,-0.0030019,2.41e-05,0.0115067,0.0115031,0.0115026,-0.0027537,-0.002752,0.0113426,0.0113459,1.48e-05,1.38e-05,1.41e-05,-0.0024991,-0.0024983,4e-06,0.0108146,0.0106297,-3.35e-05,1.33e-05,1.36e-05,-0.0022883,-0.0022903,7.9e-06,-0.0022911,0.0061969,-0.0006339,2.96e-05,0.01056,2.93e-05,3.68e-05,0.0105633,4.08e-05,3.18e-05,-0.0013136,-0.0013173,3.59e-05,-1.47e-05,-2.44e-05,-0.0012955,-2.07e-05,-0.0012721,-2.17e-05,-0.0012734,-0.0012497,-2.06e-05,-3.11e-05,-0.0011046,-0.0011981,-0.0011713,0.0093866,-0.0011591,-0.0011602,-2.8e-05,0.0091673,0.0091663,-2.18e-05,-2.17e-05,-2.7e-05,0.0089357,-3e-07,0.0089341,-9e-07,-0.0009885,-0.0010649,-0.0010669,-1.61e-05,3.11e-05,0.0087049,0.0087043,0.0087046,1.1e-05,-0.0010136,-0.0010136,1e-05,0.0084648,-3.55e-05,-0.0009796,3.27e-05,0.0082126,0.0082135,0.0082126,0.0082129,-0.0009217,-0.0009231,3.57e-05,1.07e-05,0.0079567,0.0079569,3.63e-05,1.11e-05,0.0079558,3.62e-05,-0.0008749,-0.0008017,-0.0008763,8.8e-06,1.22e-05,1.22e-05,0.0076913,0.0076922,0.0076913,0.0076911,0.0076909,-0.0008206,-0.0008203,1.07e-05,0.0074151,0.0074147,1.32e-05,0.0074151,1.01e-05,-9e-06,0.0074148,-0.0007712,0.0074167,-0.0007051,-0.0007655,0.0071285,0.0071281,0.007129,0.0071281,0.0071278,0.0071283,0.0071281,-3.7e-06,0.0071286,0.0071276,0.0071277,0.0071279,-0.0006039,-0.0006342,0.0068296,0.0068286,0.0068296,0.0068289,0.0068294,0.0068284,0.0068289,0.0068291,2.5e-06,-0.0005382,-2.5e-06,0.0068318,-6.9e-06,0.0068322,0.0068324,0.0068321,-0.0004003,-0.0004096,-0.0004302,-1.1e-06,0.0065258,0.0065249,0.0065249,0.0065247,0.0065255,0.0065242,0.0065249,6.6e-06,0.0065243,-0.0001193,-0.0001262,-0.0001037,-0.0001337,-1.2e-05,-9.3e-06,-1.01e-05,-1.35e-05,0.0062116,0.0062119,0.0062116,-1.7e-05,0.0062111,0.0062112,0.0062102,-2.9e-06,0.0001934,0.0001869,0.0001781,0.0062233,0.0002165,0.0002111,0.0002117,0.0058691,0.0058691,0.0058691,0.0058691,0.0058691,1.9e-06,0.0058689,0.0058691,0.0005326,0.0005076,2e-06,0.0005176,0.0005164,0.0005129,0.0054797,0.0054798,0.00548,0.0054797,0.00548,0.0054803,9e-06,0.0054814,0.0007677,0.0050633,0.0050644,0.005076,0.0041293,6.94e-05,0.0036536,0.0037739,0.0037129,0.003777,0.003473,9.5e-06,0.0033703,0.0031181,0.0031221,0.0031379,0.0042987,-0.0007884,-0.0007859,-0.0007901,0.0016643,-0.0037007,-0.0037007
0.0001384,0.0003151,-0.0006755,-0.0013498,-0.0002525,0.0018042,-0.0053672,4.26e-05,4.06e-05,4.04e-05,-0.0001861,6.34e-05,6.35e-05,6.09e-05,-0.0001728,3.75e-05,6.02e-05,-0.0042695,3.43e-05,5.58e-05,3.38e-05,-0.0041025,0.000113,-0.0040366,3.11e-05,-5.4e-05,-5.4e-05,-5.4e-05,-5.35e-05,-5.3e-05,-3.66e-05,-5.53e-05,5.52e-05,0.0138753,5.22e-05,-2.86e-05,5.2e-05,-2.8e-05,-2.77e-05,3.64e-05,5.02e-05,-0.0033709,0.0129775,3.56e-05,3.46e-05,4.51e-05,3.37e-05,3.39e-05,3.31e-05,3.36e-05,3.28e-05,4.49e-05,-4e-06,-0.0029964,2.41e-05,0.0115081,0.0115046,0.0115041,-0.0027483,-0.0027466,0.011344,0.0113473,1.48e-05,1.39e-05,1.41e-05,-0.0024939,-0.0024931,3.7e-06,0.0108159,0.010631,-3.3e-05,1.34e-05,1.37e-05,-0.0022833,-0.0022853,7.9e-06,-0.002286,0.0062012,-0.0006316,2.93e-05,0.010561,2.9e-05,3.61e-05,0.0105643,4.04e-05,3.11e-05,-0.0013086,-0.0013123,3.53e-05,-1.49e-05,-2.44e-05,-0.0012906,-2.07e-05,-0.0012673,-2.17e-05,-0.0012686,-0.0012449,-2.06e-05,-3.05e-05,-0.0011004,-0.0011936,-0.0011668,0.0093873,-0.0011547,-0.0011558,-2.77e-05,0.009168,0.009167,-2.17e-05,-2.16e-05,-2.66e-05,0.0089363,-4e-07,0.0089347,-9e-07,-0.0009846,-0.0010607,-0.0010627,-1.61e-05,3.06e-05,0.0087055,0.0087049,0.0087052,1.08e-05,-0.0010096,-0.0010095,9.8e-06,0.0084654,-3.54e-05,-0.0009757,3.22e-05,0.0082132,0.008214,0.0082132,0.0082135,-0.0009179,-0.0009192,3.52e-05,1.05e-05,0.0079572,0.0079574,3.58e-05,1.09e-05,0.0079563,3.57e-05,-0.0008712,-0.0007983,-0.0008726,8.6e-06,1.18e-05,1.18e-05,0.0076918,0.0076927,0.0076918,0.0076916,0.0076914,-0.0008169,-0.0008167,1.07e-05,0.0074155,0.0074152,1.28e-05,0.0074155,1.01e-05,-8.9e-06,0.0074153,-0.0007677,0.0074171,-0.000702,-0.000762,0.0071289,0.0071285,0.0071295,0.0071285,0.0071283,0.0071287,0.0071285,-4e-06,0.007129,0.007128,0.0071282,0.0071284,-0.0006007,-0.000631,0.0068299,0.006829,0.00683,0.0068292,0.0068298,0.0068288,0.0068293,0.0068295,2.3e-06,-0.0005349,-2.5e-06,0.0068322,-6.9e-06,0.0068326,0.0068328,0.0068325,-0.0003973,-0.0004067,-0.0004271,-1e-06,0.0065261,0.0065252,0.0065252,0.0065251,0.0065258,0.0065245,0.0065252,6.6e-06,0.0065247,-0.0001162,-0.0001231,-0.0001008,-0.0001306,-1.22e-05,-9.5e-06,-1.03e-05,-1.36e-05,0.0062118,0.006212,0.0062118,-1.71e-05,0.0062113,0.0062114,0.0062104,-2.9e-06,0.0001964,0.0001896,0.000181,0.0062234,0.0002195,0.0002138,0.0002146,0.0058691,0.0058691,0.0058691,0.0058691,0.0058691,1.9e-06,0.0058689,0.0058691,0.0005353,0.0005102,2e-06,0.0005203,0.0005191,0.0005156,0.0054796,0.0054796,0.0054798,0.0054795,0.0054798,0.0054802,9e-06,0.0054812,0.0007702,0.0050631,0.0050642,0.0050759,0.0041305,6.96e-05,0.0036552,0.0037723,0.0037145,0.0037786,0.0034712,9.5e-06,0.0033717,0.0031164,0.0031205,0.0031363,0.0042979,-0.0007902,-0.0007878,-0.0007919,0.0016645,-0.0037002,-0.0037002
9.68e-05,0.0002343,-0.0007125,-0.0012946,-0.0002798,0.001848,-0.0053639,8.92e-05,8.51e-05,8.46e-05,-0.0002104,8.1e-06,1.1e-05,6e-06,-0.0001954,7.55e-05,6.1e-06,-0.0042671,6.99e-05,5.5e-06,6.88e-05,-0.0040994,0.0001342,-0.0040339,6.42e-05,-5.3e-06,-5.3e-06,-5.3e-06,-5.3e-06,-5.2e-06,-6.11e-05,-1.24e-05,7.38e-05,0.0138759,7.05e-05,-5.7e-05,7.01e-05,-5.6e-05,-5.54e-05,-1.25e-05,6.74e-05,-0.0033691,0.012978,5.26e-05,-1.25e-05,4.55e-05,5.07e-05,5.09e-05,4.99e-05,5.04e-05,4.93e-05,4.6e-05,3.93e-05,-0.0029946,4.15e-05,0.0115086,0.011505,0.0115045,-0.0027467,-0.0027451,0.0113444,0.0113479,3.17e-05,3.05e-05,3.04e-05,-0.0024925,-0.0024916,4.59e-05,0.0108163,0.0106314,-4e-06,1.88e-05,1.96e-05,-0.0022821,-0.0022841,1.1e-05,-0.0022849,0.0062021,-0.0006279,-5.2e-06,0.0105612,-5.5e-06,5.03e-05,0.0105642,1.09e-05,5.36e-05,-0.0013074,-0.0013112,5.07e-05,2.9e-06,-1.11e-05,-0.0012897,-8.9e-06,-0.0012663,-9.6e-06,-0.0012676,-0.001244,-9.2e-06,-4.52e-05,-0.0011121,-0.0011919,-0.0011652,0.0093875,-0.0011531,-0.0011541,-5.99e-05,0.009168,0.0091672,-1.28e-05,-1.27e-05,-5.78e-05,0.0089366,-3.28e-05,0.0089349,-3.28e-05,-0.0009799,-0.0010593,-0.0010613,-4.41e-05,2.47e-05,0.0087057,0.0087051,0.0087054,-1.85e-05,-0.0010082,-0.0010081,-1.9e-05,0.0084655,-3.07e-05,-0.0009743,2.18e-05,0.0082133,0.0082142,0.0082134,0.0082136,-0.0009166,-0.0009179,5.09e-05,-1.63e-05,0.0079574,0.0079576,5.18e-05,-1.57e-05,0.0079565,5.2e-05,-0.00087,-0.0007915,-0.0008717,-1.73e-05,2.78e-05,2.78e-05,0.0076918,0.0076927,0.007692,0.0076917,0.0076916,-0.0008161,-0.0008159,3e-06,0.0074157,0.0074154,2.89e-05,0.0074157,4.3e-06,1.64e-05,0.0074155,-0.0007669,0.0074173,-0.0006961,-0.0007616,0.007129,0.0071287,0.0071296,0.0071286,0.0071284,0.0071288,0.0071287,1.07e-05,0.0071291,0.0071281,0.0071283,0.0071285,-0.0006021,-0.0006305,0.0068301,0.0068291,0.0068301,0.0068294,0.00683,0.0068289,0.0068294,0.0068297,1.71e-05,-0.0005345,-3.4e-06,0.0068323,2.04e-05,0.0068327,0.0068329,0.0068326,-0.0003963,-0.0004057,-0.0004267,-9e-07,0.0065262,0.0065253,0.0065253,0.0065252,0.0065259,0.0065246,0.0065253,6.9e-06,0.0065247,-0.0001158,-0.0001227,-0.0001004,-0.0001302,-1.03e-05,-1.01e-05,-1.01e-05,-1.35e-05,0.0062118,0.0062123,0.0062121,-1.7e-05,0.0062113,0.0062114,0.0062104,2.18e-05,0.0001967,0.0001899,0.0001814,0.0062236,0.0002198,0.0002141,0.000215,0.0058691,0.0058691,0.0058691,0.0058692,0.0058691,2.53e-05,0.0058689,0.0058691,0.0005357,0.0005105,2.53e-05,0.0005208,0.0005195,0.000516,0.0054795,0.0054797,0.0054798,0.0054796,0.0054799,0.0054803,2.32e-05,0.0054812,0.0007758,0.0050631,0.0050641,0.0050757,0.004131,8.51e-05,0.0036543,0.0037728,0.0037147,0.0037773,0.0034717,2.27e-05,0.0033739,0.0031169,0.003121,0.0031368,0.0042992,-0.0007878,-0.0007854,-0.0007895,0.0016745,-0.0036958,-0.0036958
0.0001413,0.000321,-0.0006725,-0.0013536,-0.0002503,0.0017993,-0.0053641,3.86e-05,3.68e-05,3.66e-05,-0.0001841,6.75e-05,6.74e-05,6.49e-05,-0.000171,3.42e-05,6.42e-05,-0.0042671,3.13e-05,5.95e-05,3.08e-05,-0.0041002,0.0001113,-0.0040343,2.83e-05,-5.76e-05,-5.76e-05,-5.76e-05,-5.7e-05,-5.65e-05,-3.44e-05,-5.85e-05,5.37e-05,0.0138758,5.08e-05,-2.62e-05,5.05e-05,-2.56e-05,-2.53e-05,4.01e-05,4.88e-05,-0.0033689,0.012978,3.43e-05,3.81e-05,4.48e-05,3.24e-05,3.26e-05,3.18e-05,3.23e-05,3.15e-05,4.45e-05,-7.4e-06,-0.0029946,2.27e-05,0.0115086,0.011505,0.0115045,-0.0027466,-0.0027449,0.0113445,0.0113477,1.36e-05,1.26e-05,1.29e-05,-0.0024922,-0.0024914,4e-07,0.0108163,0.0106314,-3.51e-05,1.3e-05,1.33e-05,-0.0022817,-0.0022837,7.7e-06,-0.0022844,0.0062025,-0.0006311,3.18e-05,0.0105613,3.15e-05,3.48e-05,0.0105646,4.25e-05,2.92e-05,-0.001307,-0.0013107,3.39e-05,-1.63e-05,-2.54e-05,-0.001289,-2.16e-05,-0.0012657,-2.26e-05,-0.001267,-0.0012434,-2.15e-05,-2.92e-05,-0.001098,-0.0011922,-0.0011655,0.0093875,-0.0011534,-0.0011544,-2.51e-05,0.0091682,0.0091672,-2.24e-05,-2.23e-05,-2.41e-05,0.0089365,2.1e-06,0.0089349,1.5e-06,-0.0009836,-0.0010594,-0.0010614,-1.39e-05,3.08e-05,0.0087057,0.0087051,0.0087054,1.3e-05,-0.0010083,-0.0010082,1.2e-05,0.0084655,-3.58e-05,-0.0009744,3.28e-05,0.0082133,0.0082142,0.0082133,0.0082136,-0.0009166,-0.000918,3.39e-05,1.24e-05,0.0079574,0.0079576,3.44e-05,1.29e-05,0.0079565,3.43e-05,-0.00087,-0.0007977,-0.0008714,1.05e-05,1.05e-05,1.05e-05,0.0076919,0.0076928,0.0076919,0.0076917,0.0076916,-0.0008158,-0.0008155,1.12e-05,0.0074157,0.0074153,1.15e-05,0.0074157,1.05e-05,-1.08e-05,0.0074154,-0.0007666,0.0074172,-0.0007014,-0.0007608,0.007129,0.0071286,0.0071296,0.0071286,0.0071284,0.0071288,0.0071286,-5.2e-06,0.0071291,0.0071282,0.0071283,0.0071285,-0.0005996,-0.0006299,0.0068301,0.0068292,0.0068301,0.0068294,0.0068299,0.0068289,0.0068294,0.0068296,1e-06,-0.0005339,-2.4e-06,0.0068323,-9e-06,0.0068327,0.0068329,0.0068326,-0.0003964,-0.0004057,-0.000426,-1e-06,0.0065262,0.0065253,0.0065253,0.0065252,0.0065259,0.0065246,0.0065253,6.6e-06,0.0065248,-0.0001152,-0.0001221,-9.99e-05,-0.0001296,-1.24e-05,-9.4e-06,-1.03e-05,-1.37e-05,0.0062118,0.0062121,0.0062119,-1.72e-05,0.0062113,0.0062114,0.0062105,-4.8e-06,0.0001973,0.0001904,0.000182,0.0062234,0.0002204,0.0002147,0.0002156,0.0058691,0.0058691,0.0058691,0.0058691,0.0058691,2e-07,0.0058689,0.0058691,0.0005362,0.000511,2e-07,0.0005212,0.0005201,0.0005165,0.0054795,0.0054796,0.0054798,0.0054794,0.0054798,0.0054801,7.9e-06,0.0054812,0.0007706,0.0050631,0.0050642,0.0050758,0.0041309,6.84e-05,0.0036558,0.0037718,0.003715,0.0037792,0.0034706,8.5e-06,0.003372,0.0031159,0.0031199,0.0031357,0.0042976,-0.0007911,-0.0007886,-0.0007927,0.0016638,-0.0037004,-0.0037004
-0.0104297,-0.020244,-0.0092032,0.0139242,-0.006814,0.0112535,0.0005345,0.0118403,0.0112979,0.0112377,-0.0060619,-0.0138536,-0.0131551,-0.0137418,-0.0056531,0.009668,-0.0135514,0.0003555,0.0090547,-0.0125753,0.0089115,0.0005413,0.0052959,0.0004338,0.008421,0.0121925,0.0121919,0.0121923,0.0120781,0.0119636,-0.0062482,0.0107511,0.004635,0.0001131,0.0045498,-0.0072162,0.0045205,-0.0071157,-0.0070377,-0.0122765,0.0043003,0.0002538,6.2e-05,0.0042524,-0.0118162,0.0001833,0.0042426,0.0042431,0.0041868,0.0041866,0.0041305,0.0003787,0.0109143,0.0002737,0.004341,8.4e-05,6.11e-05,5.32e-05,0.0002384,0.0002152,6.26e-05,9.4e-05,0.0042112,0.0041432,0.0040699,0.0001965,0.0002068,0.0106266,6.64e-05,5.58e-05,0.0072502,0.0013359,0.001461,0.0001476,0.0001528,0.0007576,0.0001432,0.0001206,0.0008293,-0.0086328,3.52e-05,-0.0086446,0.003647,-6.14e-05,-0.0073586,0.0057137,0.000138,0.0001231,0.0039387,0.0044633,0.0033114,9.23e-05,0.0029631,0.0001069,0.003041,0.0001078,0.0001021,0.0028587,-0.0037441,-0.0030711,0.0002921,0.0002747,3.42e-05,0.0002821,0.0002817,-0.0081411,-4.2e-06,3.32e-05,0.0022361,0.002229,-0.0078739,4.14e-05,-0.0081405,3.87e-05,-0.0079994,0.0010487,0.0002199,0.0002286,-0.0070251,-0.0014139,3.47e-05,2.87e-05,3.46e-05,-0.0073327,0.0002155,0.0002193,-0.0072124,3.05e-05,0.0011934,0.0002121,-0.0025493,2.58e-05,3.07e-05,3.78e-05,3.03e-05,0.0002021,0.0002139,0.0039879,-0.0066889,3.6e-05,2.67e-05,0.0040697,-0.0066709,2.63e-05,0.0041421,0.0001976,0.0016171,9.57e-05,-0.0064901,0.0040614,0.0040597,1e-06,1.3e-06,3.39e-05,2.08e-05,2.08e-05,0.0001021,8.87e-05,-0.0019202,3.26e-05,3.23e-05,0.0040926,3.17e-05,-0.0014534,0.0063272,3.1e-05,8.33e-05,3.05e-05,0.0013806,-7.5e-06,1.59e-05,2.81e-05,1.13e-05,1.57e-05,1.57e-05,1.14e-05,2.8e-05,0.0037354,1.13e-05,1.55e-05,1.55e-05,2.75e-05,-0.0004317,2.33e-05,2.7e-05,1.05e-05,8.9e-06,3.19e-05,3.13e-05,9.7e-06,3.09e-05,3.4e-05,0.0037644,2.05e-05,-0.0002116,1.15e-05,0.0068653,1.52e-05,1.55e-05,1.57e-05,0.0001715,0.0001613,5e-07,3.86e-05,1.07e-05,1.07e-05,1.07e-05,1.07e-05,1.07e-05,1.22e-05,1.06e-05,6.65e-05,1.1e-05,2e-06,2e-06,1.09e-05,2.8e-06,0.0005154,-0.0001209,7.91e-05,7.04e-05,1e-05,5.09e-05,5.5e-05,4.81e-05,5.3e-06,5.5e-06,5.3e-06,0.0062179,1.1e-06,7.5e-06,6e-07,5.21e-05,5e-07,6.8e-06,-2e-07,2e-06,1.9e-06,1.9e-06,2.53e-05,2e-07,0.005862,4e-07,1e-07,-3e-07,8.8e-06,0.0058614,1.97e-05,-4.9e-06,-4.9e-06,1e-07,2.19e-05,-1.8e-06,2.88e-05,1.66e-05,2.96e-05,0.0035797,-7.8e-06,0.0013243,-7.4e-06,-2.83e-05,-3.88e-05,8.46e-05,0.0038992,-0.0002891,0.0001604,2.41e-05,-0.0003801,0.0001798,0.0033318,0.0005028,0.0001775,0.0001713,0.0001929,0.0003419,0.0006672,0.0006665,0.0006677,0.0024766,0.001083,0.001083
0.0003064,0.0004094,-0.0006224,-0.0012069,-0.0003131,0.0019208,-0.0053524,0.0001669,0.0001594,0.0001586,-0.0002405,0.0001739,0.0001761,0.0001659,-0.0002236,0.0001454,0.0001637,-0.0042583,0.0001354,0.0001519,0.0001332,-0.0040911,0.0001609,-0.004025,0.000125,-0.0001383,-0.0001383,-0.0001383,-0.000137,-0.0001357,-0.0001396,-0.0001472,9.68e-05,0.013876,9.23e-05,-0.0001179,9.26e-05,-0.0001161,-0.0001148,8.68e-05,9.14e-05,-0.0033613,0.0129785,7.64e-05,8.35e-05,0.000153,7.3e-05,7.32e-05,7.19e-05,7.24e-05,7.11e-05,0.0001488,1.68e-05,-0.0029889,5.63e-05,0.0115094,0.0115055,0.011505,-0.0027404,-0.002739,0.011345,0.0113488,4.62e-05,4.47e-05,4.45e-05,-0.0024869,-0.0024859,2.48e-05,0.0108167,0.010632,-9.95e-05,4.65e-05,4.81e-05,-0.0022763,-0.0022783,4.59e-05,-0.002279,0.0062061,-0.0005946,8.88e-05,0.0105613,8.84e-05,0.0001177,0.0105653,0.0001071,9.65e-05,-0.0013031,-0.0013067,0.0001102,4.86e-05,2.33e-05,-0.0012853,3.27e-05,-0.0012622,3e-05,-0.0012635,-0.00124,2.79e-05,-7.92e-05,-0.001089,-0.0011893,-0.0011628,0.0093873,-0.0011506,-0.0011517,-3.45e-05,0.0091682,0.009167,2.53e-05,2.53e-05,-3.29e-05,0.0089365,3.68e-05,0.0089349,3.85e-05,-0.000965,-0.0010577,-0.0010596,2.75e-05,9.73e-05,0.0087057,0.0087049,0.0087054,5.23e-05,-0.0010067,-0.0010065,4.92e-05,0.0084654,1.32e-05,-0.0009728,9.1e-05,0.0082131,0.0082141,0.0082132,0.0082136,-0.0009152,-0.0009164,7.84e-05,4.78e-05,0.0079573,0.0079575,7.84e-05,4.82e-05,0.0079564,7.79e-05,-0.0008685,-0.0007818,-0.0008709,5.05e-05,5.21e-05,5.21e-05,0.0076918,0.0076927,0.0076918,0.0076914,0.0076913,-0.0008153,-0.0008152,-2.69e-05,0.0074155,0.0074152,5.01e-05,0.0074155,-3e-05,-4.42e-05,0.0074153,-0.0007663,0.0074171,-0.000687,-0.0007616,0.0071288,0.0071285,0.0071292,0.0071283,0.0071281,0.0071284,0.0071285,3.35e-05,0.0071287,0.0071279,0.007128,0.0071283,-0.0006136,-0.0006296,0.0068299,0.0068288,0.0068297,0.0068293,0.0068299,0.0068285,0.0068293,0.0068296,3.63e-05,-0.0005337,-3.91e-05,0.0068319,-1e-05,0.0068328,0.0068329,0.0068327,-0.0003795,-0.0003899,-0.0004283,-3.63e-05,0.0065256,0.006525,0.006525,0.0065248,0.0065252,0.0065245,0.0065246,-2.87e-05,0.006524,-0.0001172,-0.0001241,-0.0001138,-0.0001306,3.15e-05,2.73e-05,2.85e-05,3.75e-05,0.0062116,0.0062119,0.0062117,3.85e-05,0.0062114,0.0062118,0.0062104,-4.8e-06,0.0001964,0.0002082,0.0001794,0.0062231,0.000218,0.0002309,0.0002112,0.0058691,0.0058689,0.0058689,0.0058689,0.0058689,4e-07,0.0058691,0.0058688,0.0005321,0.0005246,4e-07,0.0005151,0.0005139,0.0005104,0.0054795,0.0054795,0.0054797,0.0054794,0.0054797,0.0054801,1.49e-05,0.0054813,0.000765,0.0050631,0.0050642,0.0050757,0.0041406,6.79e-05,0.0036497,0.0037747,0.0037228,0.0037697,0.0034737,-3.5e-06,0.003364,0.0031188,0.0031229,0.0031387,0.0042965,-0.0007831,-0.0007807,-0.0007848,0.0016629,-0.0036981,-0.0036981
0.0001256,0.00031,-0.0006737,-0.0013573,-0.0002441,0.0017693,-0.0053171,2.37e-05,2.26e-05,2.25e-05,-0.0001789,5.69e-05,5.65e-05,5.49e-05,-0.0001661,2.14e-05,5.43e-05,-0.0042296,1.92e-05,5.03e-05,1.89e-05,-0.0040642,0.000107,-0.0039989,1.71e-05,-4.97e-05,-4.97e-05,-4.97e-05,-4.92e-05,-4.87e-05,-2.25e-05,-4.96e-05,5.05e-05,0.0138844,4.77e-05,-1.56e-05,4.74e-05,-1.52e-05,-1.5e-05,3.59e-05,4.56e-05,-0.003339,0.0129861,3.12e-05,3.41e-05,3.29e-05,2.94e-05,2.95e-05,2.88e-05,2.93e-05,2.86e-05,3.32e-05,-1.09e-05,-0.0029674,2.04e-05,0.0115156,0.0115122,0.0115116,-0.0027202,-0.0027184,0.0113513,0.0113545,1.14e-05,1.05e-05,1.08e-05,-0.0024669,-0.0024661,-2.7e-06,0.0108227,0.0106377,-2.81e-05,1.09e-05,1.1e-05,-0.0022572,-0.0022592,5.2e-06,-0.0022599,0.0062232,-0.0006225,2.62e-05,0.0105662,2.59e-05,2.55e-05,0.0105695,3.56e-05,2.13e-05,-0.0012824,-0.0012862,2.52e-05,-2.15e-05,-2.86e-05,-0.001265,-2.55e-05,-0.0012421,-2.63e-05,-0.0012434,-0.0012203,-2.49e-05,-2.28e-05,-0.0010776,-0.00117,-0.0011438,0.0093909,-0.0011317,-0.0011328,-2.28e-05,0.0091714,0.0091705,-2.56e-05,-2.55e-05,-2.19e-05,0.0089397,-8e-07,0.0089381,-1.6e-06,-0.0009654,-0.0010387,-0.0010408,-1.69e-05,2.35e-05,0.0087086,0.0087081,0.0087084,9.1e-06,-0.0009881,-0.0009881,8.4e-06,0.0084683,-3.89e-05,-0.0009549,2.62e-05,0.0082161,0.0082169,0.0082161,0.0082163,-0.0008976,-0.000899,2.82e-05,9e-06,0.0079599,0.0079601,2.88e-05,9.4e-06,0.0079591,2.87e-05,-0.0008516,-0.0007823,-0.0008529,6.7e-06,5.6e-06,5.6e-06,0.0076943,0.0076952,0.0076943,0.0076941,0.007694,-0.0007979,-0.0007976,1.39e-05,0.0074179,0.0074176,6.9e-06,0.0074179,1.34e-05,-7.6e-06,0.0074177,-0.0007493,0.0074195,-0.0006868,-0.0007435,0.0071311,0.0071307,0.0071317,0.0071307,0.0071305,0.007131,0.0071307,-9.4e-06,0.0071312,0.0071303,0.0071304,0.0071306,-0.000583,-0.000614,0.006832,0.0068311,0.0068321,0.0068313,0.0068319,0.0068309,0.0068313,0.0068315,-2.8e-06,-0.0005179,5e-07,0.0068342,-9e-06,0.0068346,0.0068347,0.0068344,-0.0003831,-0.0003922,-0.0004106,1.8e-06,0.0065278,0.0065269,0.0065269,0.0065268,0.0065275,0.0065262,0.0065269,9.4e-06,0.0065264,-9.97e-05,-0.0001066,-8.44e-05,-0.0001142,-1.61e-05,-1.26e-05,-1.36e-05,-1.81e-05,0.0062127,0.006213,0.0062128,-2.18e-05,0.0062122,0.0062123,0.0062114,-4.9e-06,0.0002119,0.0002026,0.0001967,0.0062237,0.0002351,0.0002271,0.0002305,0.005869,0.0058691,0.0058691,0.0058691,0.0058691,1e-07,0.0058688,0.0058691,0.0005502,0.0005229,2e-07,0.0005353,0.0005341,0.0005306,0.0054787,0.0054787,0.005479,0.0054786,0.0054789,0.0054793,7.5e-06,0.0054804,0.000783,0.005062,0.0050631,0.0050752,0.0041363,6.94e-05,0.0036644,0.0037636,0.003722,0.0037875,0.0034617,9.3e-06,0.0033794,0.0031076,0.0031117,0.0031275,0.0042938,-0.0008008,-0.0007984,-0.0008025,0.0016649,-0.0036981,-0.0036981
-0.0017009,-0.0019737,0.0009399,0.0027014,0.0007398,-0.0089478,0.0198721,-0.0024823,-0.0023706,-0.002358,0.0005249,-0.0012884,-0.0013492,-0.0012021,0.0004868,-0.0021308,-0.0011857,0.0158036,-0.0019922,-0.0011001,-0.0019608,0.0151957,-0.0003201,0.0149434,-0.0018435,0.0009359,0.000936,0.0009359,0.0009274,0.0009186,0.0019218,0.0011119,-7.26e-05,0.0049728,-6.24e-05,0.0017373,-6.84e-05,0.001718,0.0016992,-0.0003752,-0.0001022,0.0126674,0.0046523,-4.79e-05,-0.0003621,-0.0017701,-6.09e-05,-6.17e-05,-5.96e-05,-6.15e-05,-5.92e-05,-0.0016776,-0.0007372,0.0114582,3.11e-05,0.0040991,0.00412,0.0041216,0.0111706,0.0111781,0.0040004,0.0039793,7.33e-05,7.53e-05,7.2e-05,0.0106995,0.0106968,-0.0005837,0.0037493,0.0036738,0.0010259,0.0001254,0.0001024,0.010373,0.0103728,9.48e-05,0.0103715,0.0094994,0.0047176,-0.0007039,0.003099,-0.0006925,-0.0014239,0.0030739,-0.0009911,-0.0013258,0.0104198,0.0104171,-0.0013929,-0.0002741,0.0001106,0.0102284,2e-06,0.0100297,3.21e-05,0.0100294,0.0098265,3.56e-05,0.0012202,0.0088579,0.0094052,0.0091892,0.0023436,0.0091916,0.0091914,0.0007042,0.002243,0.0022505,6.31e-05,6.36e-05,0.0006925,0.0021836,-0.0001893,0.0021942,-0.0001846,0.0082029,0.0087503,0.0087502,-1.34e-05,-0.0011321,0.0020753,0.0020829,0.0020772,-0.0004496,0.0085212,0.0085215,-0.0004157,0.0019884,0.0001467,0.0082824,-0.0010548,0.0019254,0.0019192,0.001923,0.0019231,0.0080392,0.0080359,-0.0010578,-0.0004177,0.0018311,0.0018319,-0.001053,-0.0004259,0.0018397,-0.0010488,0.0077881,0.0069701,0.0078108,-0.0004204,-0.0008286,-0.0008287,0.0017402,0.0017334,0.0017387,0.0017427,0.0017436,0.0075481,0.0075508,-3.5e-05,0.0016498,0.0016523,-0.0007852,0.0016499,-1.23e-05,0.000346,0.0016517,0.0072785,0.001639,0.0065738,0.0072961,0.0015579,0.0015589,0.0015535,0.0015611,0.0015627,0.0015596,0.0015588,-0.0005995,0.0015572,0.0015646,0.0015635,0.0015599,0.0065812,0.0067253,0.0014562,0.0014663,0.0014587,0.0014613,0.0014563,0.0014685,0.0014612,0.0014581,-0.0005562,0.0067431,0.0001247,0.0014419,-3.06e-05,0.0014336,0.0014319,0.0014337,0.0061319,0.0062027,0.0064674,0.0001234,0.0012729,0.0012813,0.0012812,0.0012826,0.0012749,0.0012859,0.0012795,0.0001236,0.0012837,0.006507,0.0065062,0.0061448,0.0065006,-0.0002887,-0.0002418,-0.0002552,-0.0003368,0.0009642,0.0009571,0.0009606,-0.0003102,0.0009696,0.0009591,0.0009833,-9e-07,0.0061949,0.0057072,0.0062025,0.0006931,0.0062041,0.0057764,0.0062079,0.0005243,0.0005326,0.0005353,0.0005357,0.0005362,-3e-07,0.0005321,0.0005502,0.005863,0.005527,4e-07,0.0058588,0.0058588,0.0058588,0.0001585,0.0001595,0.0001628,0.0001575,0.0001629,0.0001687,3.1e-05,0.0001855,0.0051938,1.38e-05,2.82e-05,0.0001976,0.0029735,0.0004069,0.003812,-0.0030366,0.0035591,0.0036144,-0.0033675,6.8e-06,0.0032437,-0.003127,-0.0031218,-0.0031035,-0.0012192,-0.0040008,-0.0040013,-0.0040005,0.0005789,0.0007123,0.0007123
0.0045255,0.0013948,0.0027863,0.0081025,-0.0016306,-0.0041303,0.0196971,0.002394,0.0022867,0.0022747,-0.001599,0.0027317,0.0027595,0.0026097,-0.0014957,0.002092,0.0025748,0.0156418,0.0019616,0.0023896,0.0019307,0.0150666,0.0015456,0.0148314,0.0018309,-0.0021118,-0.0021119,-0.0021119,-0.0020924,-0.0020726,-0.0020703,-0.0022393,0.0015396,0.0048276,0.0014895,-0.0017442,0.0015045,-0.001718,-0.0016992,0.0013815,0.0014937,0.0125621,0.0045286,0.0015293,0.0013448,0.0023327,0.0014612,0.0014607,0.0014423,0.0014406,0.0014222,0.0022733,0.0001924,0.0113191,0.0012869,0.004006,0.0040122,0.0040112,0.0110579,0.0110519,0.0038985,0.0038951,0.0012914,0.0012737,0.0012523,0.0105702,0.0105739,0.0003461,0.0036493,0.0035828,-0.0014148,0.0013759,0.0014029,0.0102548,0.0102535,0.0015223,0.0102526,0.0093424,0.005936,0.0014459,0.0030037,0.0014568,0.0017229,0.0030058,0.0014546,0.0012323,0.0102414,0.0102461,0.0015056,0.002161,0.0019279,0.0100521,0.0020319,0.0098522,0.0020012,0.0098522,0.0096507,0.0018795,-0.0006861,0.0089224,0.0092236,0.009005,0.0022651,0.009012,0.0090115,0.0003323,0.0021738,0.0021744,0.0018454,0.0018434,0.000341,0.0021162,0.0011148,0.0021245,0.0012056,0.0086472,0.0085432,0.0085496,0.0015383,0.0013863,0.0020119,0.0020107,0.0020135,0.0010333,0.0083187,0.0083238,0.0009892,0.0019239,0.0019726,0.0080893,0.0011548,0.0018579,0.0018591,0.0018603,0.0018626,0.0078465,0.007848,0.0006397,0.000919,0.001771,0.0017718,0.0006255,0.0009055,0.0017794,0.0006136,0.007606,0.0073513,0.007589,0.0010862,0.0007542,0.0007545,0.0016817,0.0016751,0.0016803,0.0016793,0.0016802,0.007333,0.0073307,-0.0014599,0.0015943,0.0015965,0.000684,0.0015942,-0.0015261,-0.0009156,0.0015959,0.0070632,0.0015835,0.0069061,0.007044,0.0014997,0.0015056,0.0014905,0.0015028,0.0015044,0.0014965,0.0015056,0.0008692,0.0014942,0.0015063,0.0015053,0.0015068,0.0058552,0.0065281,0.0014072,0.001407,0.0013977,0.0014144,0.0014093,0.0014091,0.001414,0.0014123,0.0007803,0.0065405,-0.0012497,0.001383,-6.56e-05,0.0013908,0.0013904,0.0013931,0.0065772,0.0066022,0.0061834,-0.0011998,0.0012138,0.0012288,0.0012287,0.00123,0.001212,0.00124,0.0012138,-0.0012003,0.0012154,0.0062302,0.0062295,0.0054354,0.0062624,0.00136,0.0011388,0.001202,0.0015887,0.0009275,0.0009208,0.0009242,0.0017803,0.0009406,0.0009446,0.0009523,1.7e-06,0.0059677,0.0061956,0.0059141,0.0006627,0.0059233,0.0062056,0.0058519,0.000508,0.0005076,0.0005102,0.0005105,0.000511,8.8e-06,0.0005246,0.0005229,0.005527,0.0058628,5.7e-06,0.0054482,0.0054482,0.0054482,0.0001523,0.0001531,0.0001562,0.0001513,0.0001564,0.0001617,0.0002913,0.0001847,0.0048276,1.65e-05,3e-05,0.0001875,0.0032439,0.0003756,0.0034655,-0.0028331,0.0037427,0.0031485,-0.0031458,-0.0004395,0.0028442,-0.0029202,-0.0029127,-0.0028962,-0.0012233,-0.0035808,-0.0035813,-0.0035804,0.0005272,0.0007776,0.0007776
-0.0106329,-0.0202502,-0.0089344,0.0139664,-0.0065281,0.0113576,0.0005367,0.0119474,0.0114003,0.0113395,-0.0058086,-0.0138825,-0.0131796,-0.0137723,-0.0054167,0.0097579,-0.0135817,0.0003607,0.0091389,-0.0126033,0.0089944,0.0005404,0.005085,0.0004342,0.0084979,0.012223,0.0122225,0.0122229,0.0121084,0.0119936,-0.0063211,0.0107714,0.0044406,0.000116,0.0043615,-0.0072905,0.0043322,-0.0071902,-0.0071114,-0.0123211,0.0041211,0.0002571,6.46e-05,0.0040753,-0.0118598,0.0002244,0.0040754,0.0040759,0.0040218,0.0040216,0.0039678,0.0004093,0.0109773,0.000278,0.0041828,8.66e-05,6.31e-05,5.55e-05,0.0002428,0.0002192,6.49e-05,9.67e-05,0.0040577,0.0039922,0.0039213,0.0002007,0.0002111,0.0106501,6.86e-05,5.66e-05,0.007208,0.001184,0.0013098,0.0001519,0.0001571,0.0006069,0.0001477,0.0001249,0.0006976,-0.0086339,3.72e-05,-0.0086477,0.0036866,-5.97e-05,-0.0073289,0.0057718,0.0001489,0.0001338,0.0039901,0.0043601,0.0031814,0.0001023,0.0028399,0.000117,0.0029167,0.0001178,0.0001121,0.002742,-0.003832,-0.0030736,0.0003024,0.0002851,3.55e-05,0.0002922,0.0002918,-0.0081987,-2.9e-06,3.45e-05,0.0021233,0.0021161,-0.0079318,4.23e-05,-0.0081473,3.97e-05,-0.0080128,0.0010209,0.0002318,0.00024,-0.0070682,-0.001365,3.62e-05,2.99e-05,3.61e-05,-0.0073122,0.000227,0.0002305,-0.0071935,3.14e-05,0.0010917,0.0002231,-0.0024925,2.69e-05,3.14e-05,3.91e-05,3.1e-05,0.0002131,0.000225,0.0040466,-0.0066682,3.72e-05,2.75e-05,0.0041284,-0.0066488,2.71e-05,0.0042007,0.0002079,0.001647,0.0001046,-0.0064774,0.0041184,0.0041167,1.9e-06,2.3e-06,3.5e-05,2.17e-05,2.18e-05,0.0001112,9.76e-05,-0.0018293,3.36e-05,3.33e-05,0.0041479,3.27e-05,-0.0013631,0.0063156,3.21e-05,9.21e-05,3.16e-05,0.0014071,-1e-07,1.66e-05,2.9e-05,1.23e-05,1.64e-05,1.64e-05,1.24e-05,2.89e-05,0.0037883,1.23e-05,1.63e-05,1.63e-05,2.84e-05,-0.0003957,2.8e-05,2.78e-05,1.15e-05,9.9e-06,3.28e-05,3.22e-05,1.06e-05,3.17e-05,3.49e-05,0.0038158,2.55e-05,-0.0001257,1.23e-05,0.0068693,1.6e-05,1.63e-05,1.66e-05,0.0001921,0.0001808,3.1e-06,0.0001202,1.14e-05,1.1e-05,1.1e-05,1.1e-05,1.16e-05,1.27e-05,1.17e-05,0.0001482,1.22e-05,4.1e-06,4.1e-06,4.06e-05,3e-06,0.0005597,-6.28e-05,0.0001339,9.38e-05,1e-05,5.09e-05,5.5e-05,3.62e-05,5.3e-06,5.4e-06,5.3e-06,0.0062169,1.1e-06,3.5e-06,9e-07,5.21e-05,8e-07,3.1e-06,5e-07,2e-06,2e-06,2e-06,2.53e-05,2e-07,0.0058614,4e-07,2e-07,4e-07,5.7e-06,0.005862,2.07e-05,-3.7e-06,-3.7e-06,1e-07,2.18e-05,-1.7e-06,2.87e-05,1.65e-05,2.95e-05,0.0036356,-7.7e-06,0.0013096,-7.4e-06,-2.8e-05,-3.84e-05,8.93e-05,0.0038533,-0.0002859,0.0001578,2.92e-05,-0.0003774,0.0001768,0.0033755,0.0004918,0.000175,0.0001684,0.0001896,0.000335,0.0006587,0.000658,0.0006592,0.0024363,0.0010673,0.0010673
-0.0024245,-0.0024202,0.0006644,0.0021095,0.0009572,-0.0094127,0.0197658,-0.0029938,-0.0028592,-0.0028439,0.0007209,-0.0017892,-0.0018577,-0.001679,0.0006698,-0.0025757,-0.0016562,0.0157211,-0.0024088,-0.0015366,-0.0023708,0.0151146,-0.0004944,0.0148614,-0.0022306,0.0013211,0.0013213,0.0013212,0.0013091,0.0012967,0.0023523,0.0015266,-0.0002233,0.0049211,-0.000207,0.002107,-0.0002156,0.0020829,0.0020602,-0.0006147,-0.0002533,0.0125983,0.0046024,-0.0001977,-0.0005944,-0.0022332,-0.0002051,-0.0002059,-0.0002019,-0.0002038,-0.0001995,-0.0021222,-0.0008057,0.0114007,-8.35e-05,0.0040531,0.0040756,0.0040774,0.0111113,0.0111203,0.0039565,0.0039336,-3.82e-05,-3.44e-05,-3.61e-05,0.0106448,0.0106413,-0.0006508,0.0037083,0.0036328,0.0013297,-7e-07,-2.88e-05,0.0103186,0.0103185,-5.36e-05,0.0103171,0.0094352,0.0045605,-0.0009774,0.0030626,-0.0009658,-0.0017668,0.0030342,-0.0012949,-0.001596,0.010369,0.0103654,-0.0017075,-0.0005269,-7.55e-05,0.0101785,-0.0002097,0.0099815,-0.0001724,0.0099811,0.0097794,-0.0001559,0.0014258,0.0087795,0.0093623,0.009148,0.0023135,0.0091499,0.0091497,0.0007183,0.0022129,0.0022213,-0.0001241,-0.0001232,0.0007054,0.0021545,-0.0003666,0.0021652,-0.0003708,0.0081022,0.0087143,0.0087135,-0.0002131,-0.0014238,0.002047,0.0020555,0.0020489,-0.0006453,0.0084862,0.0084859,-0.0006021,0.0019614,-5.08e-05,0.008248,-0.0013161,0.0018998,0.0018929,0.0018969,0.0018968,0.0080062,0.0080024,-0.0012369,-0.0005946,0.001806,0.0018067,-0.0012298,-0.0006021,0.0018145,-0.0012235,0.0077556,0.0068817,0.0077826,-0.0006153,-0.0009958,-0.0009959,0.001716,0.0017093,0.0017147,0.0017192,0.0017201,0.0075207,0.007524,0.000114,0.0016267,0.0016292,-0.0009393,0.0016268,0.0001485,0.0005126,0.0016286,0.0072529,0.001616,0.006493,0.0072744,0.0015364,0.0015368,0.0015326,0.0015396,0.0015412,0.0015387,0.0015367,-0.0007558,0.0015363,0.0015431,0.001542,0.0015379,0.0066147,0.0067015,0.0014351,0.0014463,0.0014389,0.00144,0.001435,0.0014485,0.0014399,0.0014367,-0.0006975,0.0067194,0.0002733,0.0014221,-2.1e-06,0.0014119,0.0014101,0.0014118,0.0060368,0.0061125,0.006455,0.0002674,0.001255,0.0012626,0.0012625,0.0012639,0.0012574,0.0012664,0.0012623,0.0002679,0.0012667,0.0064927,0.006492,0.0061804,0.0064822,-0.0004787,-0.0004048,-0.0004259,-0.000558,0.0009467,0.0009398,0.0009433,-0.0005474,0.0009512,0.0009391,0.0009651,2.11e-05,0.0061767,0.0056104,0.0061913,0.0006769,0.0061918,0.0056858,0.0062042,0.0005083,0.0005176,0.0005203,0.0005208,0.0005212,1.97e-05,0.0005151,0.0005353,0.0058588,0.0054482,2.07e-05,0.0058632,0.0058631,0.0058631,0.0001449,0.000146,0.0001492,0.0001441,0.0001495,0.0001553,8.5e-06,0.0001711,0.0052034,1.2e-06,1.56e-05,0.000185,0.0029112,0.0004256,0.0038147,-0.0030467,0.0035034,0.0036317,-0.0033765,6.6e-05,0.0032613,-0.0031353,-0.0031303,-0.0031119,-0.0012185,-0.0040157,-0.0040162,-0.0040154,0.0005893,0.0007139,0.0007139
-0.0023986,-0.002334,0.0007335,0.0020601,0.001015,-0.0094458,0.0197657,-0.0030283,-0.0028921,-0.0028767,0.0007723,-0.0017316,-0.0018025,-0.0016222,0.0007177,-0.0026035,-0.0016002,0.0157216,-0.0024348,-0.0014847,-0.0023964,0.0151137,-0.0005381,0.0148611,-0.002255,0.0012713,0.0012715,0.0012714,0.0012598,0.0012478,0.0023678,0.0014815,-0.0002625,0.0049182,-0.0002453,0.0021267,-0.0002537,0.0021023,0.0020793,-0.0005669,-0.0002896,0.0125988,0.0045998,-0.0002335,-0.0005485,-0.0022267,-0.0002398,-0.0002407,-0.0002362,-0.0002381,-0.0002334,-0.0021177,-0.0008439,0.0114011,-0.0001179,0.0040508,0.0040733,0.0040752,0.0111118,0.0111208,0.0039543,0.0039313,-7.15e-05,-6.72e-05,-6.84e-05,0.0106453,0.0106419,-0.000692,0.0037062,0.0036305,0.0012931,-2.18e-05,-5.04e-05,0.0103193,0.0103192,-7.21e-05,0.0103179,0.0094342,0.004544,-0.0009399,0.0030606,-0.0009285,-0.0017756,0.0030326,-0.0012592,-0.0016118,0.0103702,0.0103667,-0.0017164,-0.000555,-0.0001021,0.0101799,-0.000234,0.0099827,-0.0001972,0.0099823,0.0097807,-0.0001791,0.0014307,0.0087927,0.0093627,0.0091485,0.0023116,0.0091503,0.0091501,0.0007459,0.0022112,0.0022194,-0.0001444,-0.0001435,0.0007318,0.0021526,-0.0003324,0.0021634,-0.0003378,0.0080957,0.0087152,0.0087143,-0.0001873,-0.0014108,0.0020453,0.0020538,0.0020471,-0.0006114,0.008487,0.0084867,-0.0005689,0.0019597,-6.54e-05,0.0082487,-0.0012978,0.0018982,0.0018912,0.0018953,0.0018951,0.008007,0.0080031,-0.0012461,-0.0005635,0.0018044,0.0018051,-0.0012393,-0.0005709,0.0018128,-0.0012333,0.0077563,0.006879,0.0077835,-0.0005858,-0.0010055,-0.0010056,0.0017145,0.0017079,0.0017131,0.0017177,0.0017186,0.0075216,0.0075249,0.0001308,0.0016252,0.0016277,-0.0009494,0.0016253,0.0001632,0.000484,0.0016271,0.0072539,0.0016145,0.0064908,0.0072756,0.001535,0.0015354,0.0015312,0.0015382,0.0015398,0.0015373,0.0015353,-0.0007647,0.0015349,0.0015417,0.0015406,0.0015364,0.0066203,0.0067022,0.0014337,0.001445,0.0014376,0.0014386,0.0014336,0.0014472,0.0014385,0.0014352,-0.0007067,0.0067202,0.0002825,0.0014207,-3.04e-05,0.0014106,0.0014088,0.0014104,0.006039,0.0061145,0.0064554,0.0002751,0.0012537,0.0012613,0.0012612,0.0012626,0.0012561,0.0012651,0.0012611,0.0002755,0.0012655,0.0064931,0.0064924,0.0061833,0.0064824,-0.0004749,-0.0003971,-0.0004193,-0.0005544,0.0009454,0.0009383,0.0009418,-0.0005474,0.0009499,0.0009378,0.0009638,-5e-06,0.0061767,0.0056105,0.0061913,0.0006754,0.0061919,0.0056859,0.0062043,0.0005071,0.0005164,0.0005191,0.0005195,0.0005201,-4.9e-06,0.0005139,0.0005341,0.0058588,0.0054482,-3.7e-06,0.0058631,0.0058631,0.0058631,0.0001438,0.0001448,0.0001481,0.0001429,0.0001483,0.000154,-3e-07,0.00017,0.0051961,2e-07,1.47e-05,0.0001842,0.0029108,0.0004044,0.0038154,-0.0030485,0.0035033,0.0036326,-0.0033783,5.64e-05,0.0032572,-0.0031369,-0.0031319,-0.0031137,-0.0012216,-0.0040191,-0.0040196,-0.0040188,0.0005743,0.0007086,0.0007086
-0.0023988,-0.0023343,0.000734,0.0020611,0.0010152,-0.0094474,0.01977,-0.0030285,-0.0028923,-0.0028769,0.0007724,-0.0017317,-0.0018026,-0.0016223,0.0007178,-0.0026036,-0.0016003,0.0157251,-0.0024349,-0.0014848,-0.0023965,0.015117,-0.0005381,0.0148643,-0.0022551,0.0012714,0.0012716,0.0012715,0.0012599,0.0012479,0.0023679,0.0014816,-0.0002626,0.0049101,-0.0002454,0.0021268,-0.0002538,0.0021024,0.0020794,-0.000567,-0.0002896,0.0126015,0.0045923,-0.0002335,-0.0005486,-0.0022268,-0.0002399,-0.0002407,-0.0002362,-0.0002382,-0.0002334,-0.0021178,-0.0008439,0.0114035,-0.0001179,0.0040441,0.0040666,0.0040684,0.011114,0.0111231,0.0039477,0.0039246,-7.15e-05,-6.72e-05,-6.84e-05,0.0106474,0.0106439,-0.0006921,0.0036998,0.0036243,0.0012932,-2.18e-05,-5.04e-05,0.0103212,0.0103211,-7.21e-05,0.0103198,0.009431,0.0045446,-0.0009399,0.0030544,-0.0009285,-0.0017757,0.0030264,-0.0012593,-0.0016119,0.0103715,0.010368,-0.0017165,-0.0005551,-0.000102,0.0101812,-0.000234,0.009984,-0.0001972,0.0099836,0.0097819,-0.0001791,0.0014307,0.0087939,0.0093639,0.0091497,0.0023061,0.0091515,0.0091513,0.0007459,0.0022058,0.002214,-0.0001443,-0.0001435,0.0007318,0.0021474,-0.0003324,0.0021581,-0.0003378,0.0080968,0.0087163,0.0087154,-0.0001873,-0.0014109,0.0020402,0.0020486,0.002042,-0.0006114,0.0084881,0.0084877,-0.000569,0.0019547,-6.54e-05,0.0082498,-0.0012979,0.0018933,0.0018863,0.0018904,0.0018902,0.008008,0.0080041,-0.0012462,-0.0005635,0.0017997,0.0018004,-0.0012394,-0.000571,0.0018081,-0.0012334,0.0077572,0.0068798,0.0077844,-0.0005858,-0.0010055,-0.0010057,0.00171,0.0017033,0.0017086,0.0017131,0.001714,0.0075225,0.0075258,0.0001308,0.0016208,0.0016233,-0.0009495,0.001621,0.0001632,0.000484,0.0016227,0.0072547,0.0016101,0.0064916,0.0072764,0.0015308,0.0015312,0.001527,0.001534,0.0015356,0.0015331,0.0015311,-0.0007647,0.0015307,0.0015374,0.0015364,0.0015322,0.006621,0.0067029,0.0014297,0.0014409,0.0014335,0.0014345,0.0014295,0.0014431,0.0014344,0.0014312,-0.0007068,0.0067209,0.0002825,0.0014167,-3.04e-05,0.0014065,0.0014047,0.0014064,0.0060395,0.0061151,0.006456,0.0002752,0.0012499,0.0012574,0.0012573,0.0012587,0.0012523,0.0012613,0.0012572,0.0002755,0.0012616,0.0064935,0.0064928,0.0061837,0.0064828,-0.0004749,-0.0003971,-0.0004193,-0.0005544,0.0009417,0.0009346,0.0009381,-0.0005474,0.0009462,0.0009341,0.0009601,-5e-06,0.006177,0.0056107,0.0061916,0.0006717,0.0061921,0.0056861,0.0062045,0.0005036,0.0005129,0.0005156,0.000516,0.0005165,-4.9e-06,0.0005104,0.0005306,0.0058588,0.0054482,-3.7e-06,0.0058631,0.0058631,0.0058631,0.0001405,0.0001415,0.0001448,0.0001396,0.000145,0.0001507,-3e-07,0.0001667,0.0051959,-2.8e-06,1.16e-05,0.0001811,0.0029085,0.0004043,0.0038134,-0.0030509,0.0035013,0.0036305,-0.0033806,5.64e-05,0.0032554,-0.003139,-0.003134,-0.0031157,-0.0012243,-0.0040189,-0.0040194,-0.0040185,0.0005733,0.0007108,0.0007108
0.000211,0.0004061,-0.0006935,-0.0014499,-0.0002702,0.0022007,-0.0062098,0.0001653,0.0001579,0.0001571,-0.0001962,0.0001252,0.0001284,0.0001184,-0.0001821,0.0001428,0.0001169,-0.0049394,0.0001328,0.0001084,0.0001307,-0.004747,0.0001167,-0.0046702,0.0001222,-9.85e-05,-9.85e-05,-9.85e-05,-9.76e-05,-9.67e-05,-0.0001315,-0.0001087,4.89e-05,0.0127362,4.58e-05,-0.0001147,4.58e-05,-0.0001132,-0.0001119,5.36e-05,4.61e-05,-0.0039111,0.011912,2.93e-05,5.12e-05,0.0001319,2.85e-05,2.87e-05,2.8e-05,2.86e-05,2.77e-05,0.0001267,3.32e-05,-0.0034881,1.5e-05,0.0105647,0.0105603,0.0105597,-0.0032383,-0.0032371,0.0104165,0.0104208,4e-06,3.1e-06,3.6e-06,-0.0029716,-0.0029707,3.15e-05,0.0099354,0.0097662,-8.49e-05,3e-07,1.7e-06,-0.0027546,-0.0027565,-3.5e-06,-0.0027571,0.0052637,-0.0008756,6.39e-05,0.0097343,6.29e-05,0.0001055,0.0097389,8.98e-05,9.65e-05,-0.0018419,-0.0018453,0.0001037,-7.8e-06,-3.69e-05,-0.0018138,-2.77e-05,-0.0017802,-3.02e-05,-0.0017813,-0.0017472,-2.89e-05,-9.27e-05,-0.0015543,-0.0016742,-0.0016364,0.0086767,-0.0016252,-0.0016261,-6.38e-05,0.0084767,0.0084753,-3.12e-05,-3.11e-05,-6.22e-05,0.0082626,8.6e-06,0.0082605,7.4e-06,-0.0014096,-0.0015107,-0.0015127,-1.78e-05,8.68e-05,0.0080523,0.0080513,0.0080519,3.35e-05,-0.0014492,-0.0014492,3.08e-05,0.0078319,-4.88e-05,-0.0014034,8.52e-05,0.0075988,0.0076,0.007599,0.0075992,-0.0013348,-0.0013359,8.82e-05,3.16e-05,0.007364,0.0073642,8.85e-05,3.26e-05,0.0073627,8.82e-05,-0.0012762,-0.001162,-0.0012787,2.94e-05,5.31e-05,5.31e-05,0.0071201,0.0071214,0.0071202,0.0071198,0.0071196,-0.001211,-0.0012109,1.77e-05,0.006866,0.0068656,5.19e-05,0.006866,1.61e-05,-2.61e-05,0.0068657,-0.0011488,0.0068682,-0.001048,-0.0011444,0.0066023,0.0066019,0.0066031,0.0066018,0.0066015,0.0066021,0.0066019,2.52e-05,0.0066025,0.0066011,0.0066013,0.0066017,-0.000949,-0.0009879,0.0063276,0.0063262,0.0063275,0.0063266,0.0063275,0.0063258,0.0063266,0.006327,2.9e-05,-0.0008988,-4.7e-06,0.0063306,-6.6e-06,0.0063314,0.0063316,0.0063312,-0.0007359,-0.0007487,-0.000781,-3.5e-06,0.0060531,0.0060518,0.0060518,0.0060516,0.0060527,0.0060508,0.0060519,3.7e-06,0.0060512,-0.0004914,-0.0004978,-0.0004541,-0.0005047,-4e-07,5e-07,2e-07,2e-07,0.0057761,0.0057767,0.0057763,-5.3e-06,0.0057753,0.0057759,0.0057736,-4.6e-06,-0.0001797,-0.0001599,-0.0001944,0.0058029,-0.0001584,-0.000141,-0.0001629,0.0054801,0.0054797,0.0054796,0.0054795,0.0054795,1e-07,0.0054795,0.0054787,0.0001585,0.0001523,1e-07,0.0001449,0.0001438,0.0001405,0.0051359,0.0051359,0.0051359,0.0051359,0.0051359,0.0051359,4.7e-06,0.0051358,0.0004181,0.0047534,0.0047535,0.0047545,0.0037023,4.03e-05,0.003209,0.0037203,0.0032775,0.0033369,0.0034569,9.1e-06,0.0029761,0.0031097,0.0031132,0.0031269,0.0041074,-0.000508,-0.0005057,-0.0005096,0.0015283,-0.003517,-0.003517
0.0001875,0.000329,-0.0007545,-0.0014054,-0.0003213,0.0022281,-0.0062051,0.0001955,0.0001866,0.0001856,-0.0002416,7.37e-05,7.9e-05,6.77e-05,-0.0002245,0.000167,6.69e-05,-0.0049363,0.0001555,6.2e-05,0.000153,-0.0047427,0.0001553,-0.0046665,0.0001434,-5.41e-05,-5.41e-05,-5.41e-05,-5.36e-05,-5.31e-05,-0.0001449,-6.84e-05,8.37e-05,0.0127371,7.98e-05,-0.0001318,7.97e-05,-0.00013,-0.0001285,1.11e-05,7.83e-05,-0.0039086,0.0119127,6.11e-05,1.03e-05,0.0001257,5.93e-05,5.95e-05,5.84e-05,5.9e-05,5.77e-05,0.0001224,6.69e-05,-0.0034858,4.55e-05,0.0105654,0.0105609,0.0105603,-0.0032362,-0.003235,0.0104171,0.0104215,3.36e-05,3.22e-05,3.22e-05,-0.0029697,-0.0029687,6.79e-05,0.009936,0.0097669,-5.22e-05,1.9e-05,2.08e-05,-0.0027529,-0.0027548,1.29e-05,-0.0027555,0.0052651,-0.00086,3.04e-05,0.0097347,2.96e-05,0.000113,0.0097389,5.79e-05,0.0001103,-0.0018409,-0.0018443,0.0001113,1.7e-05,-1.33e-05,-0.0018129,-6.2e-06,-0.0017792,-8.3e-06,-0.0017804,-0.0017463,-8.3e-06,-9.67e-05,-0.0015643,-0.0016727,-0.0016349,0.008677,-0.0016237,-0.0016247,-8.81e-05,0.0084768,0.0084757,-1.32e-05,-1.31e-05,-8.56e-05,0.008263,-2.19e-05,0.0082609,-2.19e-05,-0.0014022,-0.0015097,-0.0015116,-4.07e-05,7.51e-05,0.0080526,0.0080516,0.0080522,3.3e-06,-0.0014482,-0.0014482,1.3e-06,0.0078322,-3.58e-05,-0.0014024,6.87e-05,0.0075991,0.0076003,0.0075993,0.0075995,-0.0013338,-0.0013349,9.61e-05,3.9e-06,0.0073643,0.0073645,9.67e-05,4.8e-06,0.007363,9.67e-05,-0.0012753,-0.0011582,-0.001278,3e-06,6.16e-05,6.16e-05,0.0071203,0.0071215,0.0071205,0.00712,0.0071199,-0.0012103,-0.0012102,2.8e-06,0.0068663,0.0068659,6.07e-05,0.0068663,3e-06,-6e-07,0.006866,-0.0011482,0.0068684,-0.0010447,-0.0011439,0.0066026,0.0066021,0.0066033,0.006602,0.0066017,0.0066023,0.0066021,3.3e-05,0.0066027,0.0066013,0.0066015,0.0066019,-0.0009527,-0.0009872,0.0063278,0.0063263,0.0063277,0.0063269,0.0063277,0.006326,0.0063269,0.0063273,3.71e-05,-0.0008981,-1.28e-05,0.0063307,1.85e-05,0.0063316,0.0063318,0.0063314,-0.0007367,-0.0007494,-0.0007801,-1.03e-05,0.0060533,0.006052,0.006052,0.0060518,0.0060528,0.006051,0.006052,-3.1e-06,0.0060513,-0.0004905,-0.0004969,-0.0004556,-0.0005036,-3.9e-06,-6.5e-06,-5.8e-06,-3.1e-06,0.0057762,0.005777,0.0057767,-5.4e-06,0.0057754,0.0057761,0.0057738,1.86e-05,-0.0001787,-0.0001591,-0.0001934,0.0058032,-0.0001574,-0.0001401,-0.0001619,0.0054802,0.0054798,0.0054796,0.0054797,0.0054796,2.19e-05,0.0054795,0.0054787,0.0001595,0.0001531,2.18e-05,0.000146,0.0001448,0.0001415,0.0051359,0.005136,0.0051359,0.005136,0.005136,0.005136,1.24e-05,0.0051358,0.0004254,0.0047533,0.0047534,0.0047544,0.0037024,5.93e-05,0.0032083,0.0037205,0.0032775,0.003336,0.0034573,1.76e-05,0.0029797,0.00311,0.0031135,0.0031274,0.0041092,-0.0005056,-0.0005032,-0.0005072,0.0015415,-0.0035114,-0.0035114
0.0002112,0.0004109,-0.0006877,-0.0014522,-0.000265,0.0021912,-0.0061953,0.0001605,0.0001532,0.0001525,-0.0001918,0.0001283,0.0001312,0.0001216,-0.0001779,0.0001388,0.00012,-0.0049278,0.0001291,0.0001113,0.000127,-0.0047359,0.000113,-0.0046594,0.0001187,-0.0001014,-0.0001014,-0.0001014,-0.0001005,-9.95e-05,-0.0001286,-0.000111,4.57e-05,0.0127395,4.27e-05,-0.0001117,4.27e-05,-0.0001102,-0.000109,5.68e-05,4.32e-05,-0.0039018,0.0119151,2.64e-05,5.42e-05,0.0001308,2.57e-05,2.59e-05,2.52e-05,2.58e-05,2.5e-05,0.0001255,2.96e-05,-0.0034797,1.23e-05,0.0105675,0.010563,0.0105625,-0.0032301,-0.0032289,0.0104192,0.0104235,1.4e-06,5e-07,1.1e-06,-0.0029637,-0.0029628,2.78e-05,0.0099379,0.0097687,-8.67e-05,-1.4e-06,0,-0.002747,-0.0027489,-5e-06,-0.0027495,0.0052705,-0.0008735,6.6e-05,0.0097364,6.5e-05,0.0001035,0.0097409,9.15e-05,9.42e-05,-0.0018342,-0.0018376,0.0001018,-1.04e-05,-3.9e-05,-0.0018062,-2.97e-05,-0.0017727,-3.22e-05,-0.0017739,-0.00174,-3.08e-05,-9.13e-05,-0.0015469,-0.0016673,-0.0016296,0.0086782,-0.0016184,-0.0016194,-6.11e-05,0.0084781,0.0084768,-3.28e-05,-3.27e-05,-5.97e-05,0.008264,1.09e-05,0.0082619,9.6e-06,-0.0014042,-0.0015043,-0.0015062,-1.6e-05,8.68e-05,0.0080536,0.0080527,0.0080532,3.56e-05,-0.001443,-0.0014429,3.29e-05,0.0078332,-5e-05,-0.0013973,8.57e-05,0.0076001,0.0076012,0.0076002,0.0076004,-0.0013288,-0.00133,8.66e-05,3.36e-05,0.0073652,0.0073653,8.68e-05,3.45e-05,0.0073639,8.65e-05,-0.0012705,-0.0011572,-0.0012729,3.12e-05,5.16e-05,5.16e-05,0.0071212,0.0071225,0.0071213,0.0071209,0.0071207,-0.0012054,-0.0012053,1.91e-05,0.0068671,0.0068666,5.04e-05,0.0068671,1.73e-05,-2.79e-05,0.0068668,-0.0011435,0.0068692,-0.0010434,-0.001139,0.0066033,0.0066029,0.0066041,0.0066027,0.0066025,0.0066031,0.0066029,2.4e-05,0.0066035,0.0066021,0.0066023,0.0066027,-0.0009438,-0.000983,0.0063285,0.0063271,0.0063284,0.0063275,0.0063284,0.0063267,0.0063276,0.006328,2.78e-05,-0.0008938,-3.8e-06,0.0063315,-8.8e-06,0.0063323,0.0063325,0.0063321,-0.0007313,-0.0007441,-0.0007762,-2.7e-06,0.0060539,0.0060526,0.0060526,0.0060524,0.0060535,0.0060516,0.0060527,4.4e-06,0.006052,-0.0004866,-0.0004931,-0.0004493,-0.0004999,-5e-07,8e-07,4e-07,0,0.0057766,0.0057773,0.0057769,-5.7e-06,0.0057758,0.0057765,0.0057742,-6.5e-06,-0.0001752,-0.0001558,-0.0001898,0.0058033,-0.0001538,-0.0001369,-0.0001583,0.0054804,0.00548,0.0054798,0.0054798,0.0054798,-1.8e-06,0.0054797,0.005479,0.0001628,0.0001562,-1.7e-06,0.0001492,0.0001481,0.0001448,0.0051359,0.0051359,0.0051359,0.0051359,0.0051359,0.0051359,4e-06,0.0051359,0.0004214,0.0047533,0.0047535,0.0047546,0.0037044,3.9e-05,0.0032118,0.0037179,0.0032801,0.0033396,0.0034543,8.4e-06,0.0029782,0.0031073,0.0031107,0.0031245,0.0041063,-0.0005113,-0.0005089,-0.0005129,0.0015276,-0.0035168,-0.0035168
0.0001809,0.0003055,-0.0007742,-0.0013921,-0.0003379,0.0022404,-0.0062111,0.0002062,0.0001968,0.0001958,-0.0002563,5.81e-05,6.4e-05,5.22e-05,-0.0002382,0.0001757,5.16e-05,-0.0049413,0.0001636,4.78e-05,0.000161,-0.004747,0.0001678,-0.004671,0.000151,-4.05e-05,-4.05e-05,-4.05e-05,-4.01e-05,-3.97e-05,-0.00015,-5.62e-05,9.49e-05,0.0127355,9.06e-05,-0.0001381,9.05e-05,-0.0001361,-0.0001346,-2.1e-06,8.86e-05,-0.0039126,0.0119112,7.13e-05,-2.4e-06,0.0001246,6.92e-05,6.94e-05,6.81e-05,6.87e-05,6.73e-05,0.0001218,7.79e-05,-0.0034894,5.52e-05,0.0105641,0.0105596,0.010559,-0.0032397,-0.0032386,0.0104158,0.0104202,4.3e-05,4.15e-05,4.13e-05,-0.0029731,-0.0029722,7.98e-05,0.0099348,0.0097658,-4.23e-05,2.5e-05,2.69e-05,-0.0027563,-0.0027582,1.81e-05,-0.0027589,0.0052621,-0.0008568,2.02e-05,0.0097337,1.94e-05,0.000116,0.0097378,4.82e-05,0.0001153,-0.0018445,-0.0018479,0.0001143,2.51e-05,-5.8e-06,-0.0018164,7e-07,-0.0017827,-1.2e-06,-0.0017839,-0.0017497,-1.6e-06,-9.85e-05,-0.0015708,-0.0016757,-0.001638,0.0086763,-0.0016267,-0.0016277,-9.61e-05,0.0084761,0.008475,-7.4e-06,-7.3e-06,-9.33e-05,0.0082624,-3.14e-05,0.0082602,-3.11e-05,-0.0014029,-0.0015127,-0.0015145,-4.8e-05,7.19e-05,0.0080519,0.008051,0.0080515,-6.1e-06,-0.0014511,-0.0014511,-7.9e-06,0.0078316,-3.16e-05,-0.0014052,6.4e-05,0.0075985,0.0075997,0.0075987,0.0075989,-0.0013366,-0.0013377,9.91e-05,-4.7e-06,0.0073638,0.0073639,9.98e-05,-3.8e-06,0.0073624,9.99e-05,-0.0012779,-0.0011596,-0.0012807,-5.1e-06,6.46e-05,6.46e-05,0.0071197,0.007121,0.00712,0.0071195,0.0071193,-0.0012129,-0.0012128,-2e-06,0.0068658,0.0068653,6.38e-05,0.0068658,-1.3e-06,7.3e-06,0.0068655,-0.0011508,0.0068679,-0.0010461,-0.0011466,0.0066021,0.0066016,0.0066028,0.0066015,0.0066012,0.0066018,0.0066017,3.57e-05,0.0066022,0.0066009,0.006601,0.0066014,-0.0009564,-0.0009896,0.0063274,0.0063259,0.0063272,0.0063264,0.0063273,0.0063255,0.0063264,0.0063269,3.99e-05,-0.0009005,-1.55e-05,0.0063303,2.65e-05,0.0063311,0.0063313,0.006331,-0.0007392,-0.0007519,-0.0007823,-1.26e-05,0.0060528,0.0060516,0.0060516,0.0060514,0.0060524,0.0060506,0.0060516,-5.3e-06,0.0060509,-0.0004927,-0.0004991,-0.0004584,-0.0005058,-4.8e-06,-8.5e-06,-7.5e-06,-4e-06,0.005776,0.0057768,0.0057764,-5.2e-06,0.0057751,0.0057758,0.0057735,2.6e-05,-0.0001807,-0.0001609,-0.0001954,0.0058031,-0.0001594,-0.000142,-0.0001639,0.0054801,0.0054797,0.0054795,0.0054796,0.0054794,2.88e-05,0.0054794,0.0054786,0.0001575,0.0001513,2.87e-05,0.0001441,0.0001429,0.0001396,0.0051359,0.005136,0.0051359,0.005136,0.0051359,0.005136,1.49e-05,0.0051358,0.0004258,0.0047533,0.0047534,0.0047543,0.0037013,6.51e-05,0.0032067,0.0037218,0.0032761,0.0033344,0.0034587,2.03e-05,0.0029797,0.0031113,0.0031148,0.0031287,0.0041102,-0.0005033,-0.0005009,-0.0005049,0.0015455,-0.0035099,-0.0035099
0.0001917,0.0003463,-0.0007392,-0.0014149,-0.0003082,0.0022154,-0.0061936,0.0001862,0.0001778,0.0001769,-0.0002301,8.51e-05,8.99e-05,7.9e-05,-0.0002137,0.0001595,7.81e-05,-0.0049269,0.0001484,7.24e-05,0.0001461,-0.004734,0.0001456,-0.0046579,0.0001369,-6.41e-05,-6.41e-05,-6.41e-05,-6.35e-05,-6.29e-05,-0.0001401,-7.72e-05,7.51e-05,0.0127397,7.13e-05,-0.0001263,7.13e-05,-0.0001245,-0.0001232,2.11e-05,7.03e-05,-0.0039011,0.0119152,5.32e-05,1.99e-05,0.0001258,5.17e-05,5.19e-05,5.08e-05,5.14e-05,5.03e-05,0.0001221,5.82e-05,-0.003479,3.8e-05,0.0105676,0.0105631,0.0105625,-0.0032296,-0.0032284,0.0104193,0.0104236,2.63e-05,2.51e-05,2.52e-05,-0.0029633,-0.0029624,5.86e-05,0.009938,0.0097688,-5.93e-05,1.45e-05,1.62e-05,-0.0027467,-0.0027486,8.8e-06,-0.0027493,0.0052707,-0.0008609,3.79e-05,0.0097363,3.71e-05,0.00011,0.0097406,6.48e-05,0.0001059,-0.0018345,-0.0018379,0.0001083,1.06e-05,-1.91e-05,-0.0018066,-1.16e-05,-0.0017731,-1.37e-05,-0.0017743,-0.0017403,-1.34e-05,-9.48e-05,-0.0015562,-0.0016671,-0.0016294,0.0086782,-0.0016182,-0.0016192,-8.17e-05,0.008478,0.0084768,-1.76e-05,-1.76e-05,-7.94e-05,0.0082641,-1.47e-05,0.008262,-1.5e-05,-0.0013988,-0.0015044,-0.0015063,-3.53e-05,7.7e-05,0.0080536,0.0080527,0.0080532,1.02e-05,-0.0014431,-0.001443,8.1e-06,0.0078332,-3.9e-05,-0.0013974,7.19e-05,0.0076001,0.0076012,0.0076002,0.0076005,-0.0013289,-0.00133,9.34e-05,1.03e-05,0.0073652,0.0073654,9.39e-05,1.12e-05,0.0073639,9.38e-05,-0.0012705,-0.0011547,-0.0012732,9.1e-06,5.89e-05,5.89e-05,0.0071212,0.0071224,0.0071214,0.0071209,0.0071207,-0.0012056,-0.0012055,6.5e-06,0.0068671,0.0068667,5.79e-05,0.0068671,6.2e-06,-6.5e-06,0.0068668,-0.0011437,0.0068692,-0.0010413,-0.0011394,0.0066033,0.0066029,0.0066041,0.0066027,0.0066025,0.006603,0.0066029,3.06e-05,0.0066034,0.0066021,0.0066023,0.0066027,-0.0009476,-0.0009831,0.0063285,0.0063271,0.0063284,0.0063276,0.0063284,0.0063267,0.0063276,0.006328,3.47e-05,-0.000894,-1.07e-05,0.0063315,1.24e-05,0.0063323,0.0063325,0.0063321,-0.0007327,-0.0007453,-0.0007762,-8.5e-06,0.0060539,0.0060526,0.0060526,0.0060524,0.0060535,0.0060516,0.0060527,-1.2e-06,0.0060519,-0.0004866,-0.000493,-0.0004513,-0.0004998,-3.4e-06,-5e-06,-4.6e-06,-2.7e-06,0.0057767,0.0057774,0.005777,-5.7e-06,0.0057759,0.0057765,0.0057742,1.3e-05,-0.000175,-0.0001557,-0.0001897,0.0058034,-0.0001537,-0.0001367,-0.0001582,0.0054804,0.00548,0.0054798,0.0054799,0.0054798,1.66e-05,0.0054797,0.0054789,0.0001629,0.0001564,1.65e-05,0.0001495,0.0001483,0.000145,0.0051359,0.005136,0.0051359,0.0051359,0.0051359,0.0051359,1.05e-05,0.0051358,0.0004269,0.0047532,0.0047533,0.0047544,0.0037041,5.49e-05,0.0032108,0.0037185,0.0032796,0.0033384,0.003455,1.56e-05,0.0029809,0.0031079,0.0031114,0.0031252,0.0041079,-0.0005087,-0.0005064,-0.0005103,0.0015386,-0.0035122,-0.0035122
0.0001755,0.0002982,-0.0007751,-0.0013865,-0.0003379,0.0022233,-0.0061731,0.0002015,0.0001924,0.0001914,-0.0002565,5.28e-05,5.88e-05,4.72e-05,-0.0002384,0.0001717,4.67e-05,-0.004911,0.0001598,4.33e-05,0.0001573,-0.0047179,0.0001682,-0.0046423,0.0001475,-3.64e-05,-3.64e-05,-3.64e-05,-3.61e-05,-3.57e-05,-0.000146,-5.18e-05,9.57e-05,0.0127442,9.14e-05,-0.0001347,9.13e-05,-0.0001327,-0.0001312,-4.8e-06,8.92e-05,-0.0038884,0.0119193,7.2e-05,-5e-06,0.0001202,6.99e-05,7.01e-05,6.88e-05,6.94e-05,6.8e-05,0.0001176,7.76e-05,-0.0034674,5.61e-05,0.0105713,0.0105668,0.0105662,-0.0032184,-0.0032172,0.0104228,0.0104271,4.4e-05,4.24e-05,4.22e-05,-0.0029527,-0.0029517,7.98e-05,0.0099414,0.0097722,-3.86e-05,2.56e-05,2.75e-05,-0.0027365,-0.0027384,1.86e-05,-0.0027391,0.0052798,-0.0008475,1.71e-05,0.009739,1.64e-05,0.0001129,0.009743,4.46e-05,0.0001127,-0.0018246,-0.0018281,0.0001114,2.5e-05,-5.1e-06,-0.0017969,1.1e-06,-0.0017636,-8e-07,-0.0017648,-0.001731,-1.2e-06,-9.6e-05,-0.0015544,-0.0016578,-0.0016204,0.0086802,-0.0016091,-0.0016101,-9.56e-05,0.0084798,0.0084787,-7e-06,-6.9e-06,-9.27e-05,0.008266,-3.32e-05,0.0082639,-3.29e-05,-0.0013872,-0.001496,-0.0014978,-4.92e-05,6.88e-05,0.0080554,0.0080545,0.008055,-8.4e-06,-0.0014349,-0.0014348,-1.01e-05,0.0078349,-3.12e-05,-0.0013894,6.09e-05,0.0076017,0.0076029,0.0076019,0.0076021,-0.0013212,-0.0013223,9.7e-05,-6.8e-06,0.0073668,0.0073669,9.77e-05,-6e-06,0.0073655,9.78e-05,-0.0012631,-0.0011463,-0.0012658,-7.2e-06,6.3e-05,6.3e-05,0.0071226,0.0071238,0.0071228,0.0071224,0.0071222,-0.0011985,-0.0011984,-2.3e-06,0.0068685,0.0068681,6.24e-05,0.0068685,-1.4e-06,9.2e-06,0.0068682,-0.0011369,0.0068706,-0.0010336,-0.0011326,0.0066046,0.0066042,0.0066054,0.0066041,0.0066038,0.0066043,0.0066042,3.45e-05,0.0066047,0.0066034,0.0066036,0.006604,-0.0009439,-0.0009767,0.0063298,0.0063283,0.0063296,0.0063288,0.0063296,0.0063279,0.0063288,0.0063292,3.89e-05,-0.0008876,-1.53e-05,0.0063326,2.74e-05,0.0063335,0.0063337,0.0063333,-0.0007278,-0.0007403,-0.00077,-1.23e-05,0.0060549,0.0060536,0.0060537,0.0060534,0.0060545,0.0060527,0.0060537,-5e-06,0.0060529,-0.0004803,-0.0004867,-0.0004467,-0.0004934,-5.8e-06,-9.6e-06,-8.5e-06,-5.1e-06,0.0057774,0.0057783,0.0057779,-6.2e-06,0.0057766,0.0057772,0.005775,2.68e-05,-0.0001689,-0.0001502,-0.0001836,0.005804,-0.0001476,-0.0001312,-0.000152,0.0054807,0.0054803,0.0054802,0.0054803,0.0054801,2.96e-05,0.0054801,0.0054793,0.0001687,0.0001617,2.95e-05,0.0001553,0.000154,0.0001507,0.0051359,0.005136,0.0051359,0.005136,0.0051359,0.005136,1.52e-05,0.0051358,0.0004359,0.0047531,0.0047531,0.0047544,0.0037067,6.66e-05,0.0032137,0.0037158,0.0032826,0.003341,0.0034521,2.07e-05,0.0029858,0.0031052,0.0031087,0.0031226,0.0041077,-0.0005108,-0.0005085,-0.0005124,0.001547,-0.0035081,-0.0035081
-0.0122674,-0.010548,0.008852,0.014391,0.0083036,0.0149516,0.0010793,0.0157518,0.0150397,0.0149571,0.0073227,-0.0072724,-0.0065663,-0.0074186,0.006834,0.0131406,-0.0073237,0.0009664,0.0123051,-0.0067954,0.0121116,0.0007852,-0.0058742,0.0007789,0.0113772,0.0069756,0.0069748,0.0069753,0.0069093,0.0068439,-0.0100509,0.0053847,-0.0056288,0.0003053,-0.0054217,-0.0103827,-0.0054231,-0.0102975,-0.0101851,-0.0085647,-0.0051004,0.000734,0.000263,-0.0050352,-0.0082683,0.0048395,-0.004592,-0.0045912,-0.0045308,-0.0045309,-0.0044687,0.0043454,0.0104102,0.0007234,-0.0042647,0.0002755,0.0002224,0.0002321,0.0007138,0.0006721,0.0002414,0.0002866,-0.0041343,-0.004071,-0.0040086,0.0006484,0.0006639,0.008298,0.0002257,0.0001521,0.0007678,-0.0058014,-0.0056563,0.0006202,0.000622,-0.0059811,0.0006241,0.0005463,-0.0049663,-0.0039332,0.000175,-0.0040424,0.0062602,0.000117,-0.0014498,0.008049,0.0008977,0.0008869,0.0068553,-0.0006975,-0.0031278,0.00082,-0.0028654,0.0008263,-0.0029141,0.0008254,0.0008111,-0.0027357,-0.0078667,-0.001629,0.0009197,0.0009071,0.000127,0.0009013,0.0009017,-0.0080632,0.0001008,0.0001209,-0.0029721,-0.0029828,-0.0079009,0.0001071,-0.0044657,0.0001113,-0.0046444,-0.0001097,0.0009113,0.0009014,-0.0053913,0.0032007,0.0001325,0.0001102,0.0001321,-0.0025125,0.000889,0.0008808,-0.0025696,9.44e-05,-0.003032,0.0008578,0.0026794,9.95e-05,8.69e-05,0.0001192,8.71e-05,0.0008408,0.0008595,0.006448,-0.0022089,0.0001126,8.4e-05,0.0064834,-0.0021338,8.48e-05,0.0065122,0.0008042,0.0029931,0.0006465,-0.0023591,0.0063401,0.0063394,7.71e-05,7.67e-05,0.0001045,8.44e-05,8.45e-05,0.0006526,0.000632,0.0023244,9.88e-05,9.85e-05,0.0062012,9.76e-05,0.0025293,0.0024815,9.71e-05,0.0006141,9.55e-05,0.0026297,0.0004688,6.91e-05,8.87e-05,7.66e-05,6.87e-05,6.88e-05,7.68e-05,8.78e-05,0.0058688,7.59e-05,6.79e-05,6.78e-05,8.69e-05,0.0012682,0.0003722,8.01e-05,6.9e-05,7.18e-05,8.72e-05,8.6e-05,6.67e-05,8.5e-05,8.99e-05,0.0057275,0.0003821,0.0031734,6.5e-05,0.0043919,7.67e-05,7.92e-05,8.14e-05,0.0016536,0.0015652,0.0001828,0.003151,5.35e-05,3.72e-05,3.72e-05,3.72e-05,6.22e-05,4.95e-05,6.72e-05,0.0031677,7.32e-05,0.0001635,0.0001635,0.0012222,9.95e-05,0.0035967,0.0037126,0.0037192,0.0024835,2.15e-05,4.62e-05,4.88e-05,0.0008423,2.18e-05,2.73e-05,2.14e-05,0.0037761,8.38e-05,0.0003553,5.96e-05,4.19e-05,6.26e-05,0.0003336,3.27e-05,1.23e-05,9e-06,9e-06,2.32e-05,7.9e-06,0.0035797,1.49e-05,7.5e-06,3.1e-05,0.0002913,0.0036356,8.5e-06,-3e-07,-3e-07,4.7e-06,1.24e-05,4e-06,1.49e-05,1.05e-05,1.52e-05,0.0051276,9.4e-06,4.08e-05,-6e-07,-1.2e-06,-1.6e-06,0.0005829,0.000132,-0.0001109,-9.7e-06,0.0005259,-0.0002751,-1.49e-05,0.0038955,-0.0003741,1e-05,-1.49e-05,-1.97e-05,-0.0001809,0.0001204,0.0001204,0.0001204,-0.0004751,-3.75e-05,-3.75e-05
0.0002635,0.0004606,-0.0006241,-0.0013882,-0.0002511,0.0022048,-0.006107,0.0002039,0.0001947,0.0001937,-0.0001802,0.0001795,0.000183,0.0001705,-0.0001672,0.0001768,0.0001683,-0.0048575,0.0001647,0.0001561,0.0001621,-0.0046688,0.0001047,-0.0045929,0.0001517,-0.0001412,-0.0001413,-0.0001413,-0.00014,-0.0001386,-0.0001667,-0.0001531,3.82e-05,0.0127588,3.53e-05,-0.0001439,3.56e-05,-0.0001421,-0.0001405,8.31e-05,3.73e-05,-0.0038452,0.0119333,2.09e-05,7.97e-05,0.0001737,2.05e-05,2.07e-05,2.01e-05,2.07e-05,1.99e-05,0.0001658,3.23e-05,-0.0034289,5.3e-06,0.0105837,0.0105791,0.0105786,-0.0031803,-0.0031792,0.0104349,0.0104392,-5.1e-06,-5.9e-06,-5.2e-06,-0.0029163,-0.0029153,2.72e-05,0.0099525,0.0097829,-0.0001219,-4.1e-06,-2.3e-06,-0.0027008,-0.0027027,-5.1e-06,-0.0027033,0.0053113,-0.0008531,9.62e-05,0.0097481,9.5e-05,0.0001333,0.0097529,0.0001257,0.0001176,-0.0017879,-0.0017912,0.0001298,5e-07,-3.51e-05,-0.0017608,-2.28e-05,-0.0017283,-2.61e-05,-0.0017295,-0.0016964,-2.5e-05,-0.0001129,-0.001503,-0.0016259,-0.0015892,0.0086868,-0.0015779,-0.0015789,-5.99e-05,0.0084864,0.008485,-2.66e-05,-2.65e-05,-5.86e-05,0.0082721,3.26e-05,0.00827,3.15e-05,-0.0013659,-0.0014659,-0.0014678,4.3e-06,0.000117,0.0080613,0.0080603,0.0080609,6.03e-05,-0.0014056,-0.0014055,5.66e-05,0.0078404,-4.06e-05,-0.0013609,0.0001148,0.0076071,0.0076082,0.0076072,0.0076074,-0.0012936,-0.0012947,0.0001032,5.61e-05,0.0073719,0.007372,0.0001032,5.7e-05,0.0073705,0.0001026,-0.0012363,-0.0011197,-0.0012391,5.46e-05,6.78e-05,6.78e-05,0.0071276,0.0071288,0.0071276,0.0071272,0.007127,-0.0011727,-0.0011727,1.44e-05,0.0068731,0.0068726,6.52e-05,0.006873,1.11e-05,-4.85e-05,0.0068727,-0.001112,0.0068751,-0.0010084,-0.0011079,0.0066089,0.0066085,0.0066096,0.0066083,0.006608,0.0066086,0.0066085,3.98e-05,0.006609,0.0066077,0.0066079,0.0066083,-0.0009179,-0.0009542,0.0063337,0.0063323,0.0063336,0.0063328,0.0063336,0.0063319,0.0063328,0.0063332,4.21e-05,-0.000865,-9.5e-06,0.0063365,-1.6e-05,0.0063375,0.0063377,0.0063374,-0.0006965,-0.0007095,-0.0007498,-8.5e-06,0.0060582,0.0060569,0.006057,0.0060567,0.0060578,0.0060561,0.006057,-1.4e-06,0.0060563,-0.0004601,-0.0004665,-0.0004265,-0.0004732,2.12e-05,2.18e-05,2.16e-05,2.29e-05,0.0057798,0.0057803,0.00578,1.54e-05,0.0057791,0.0057798,0.0057775,-1.31e-05,-0.0001498,-0.0001249,-0.0001651,0.0058052,-0.000129,-0.0001063,-0.0001342,0.0054818,0.0054814,0.0054812,0.0054812,0.0054812,-7.8e-06,0.0054813,0.0054804,0.0001855,0.0001847,-7.7e-06,0.0001711,0.00017,0.0001667,0.0051358,0.0051358,0.0051359,0.0051358,0.0051358,0.0051358,9.4e-06,0.005136,0.0004377,0.0047527,0.004753,0.0047548,0.0037208,3.15e-05,0.0032253,0.0037055,0.0032983,0.0033508,0.0034406,4.6e-06,0.0029862,0.0030946,0.0030981,0.0031119,0.0040991,-0.0005261,-0.0005237,-0.0005277,0.0015225,-0.0035152,-0.0035152
-0.0022707,-0.0067982,-0.005201,0.0038568,-0.0042636,-0.0074575,0.0171814,-0.0018284,-0.001749,-0.001739,-0.0038912,-0.0045945,-0.0045661,-0.0044347,-0.0036325,-0.0016605,-0.0043714,0.0136073,-0.0015516,-0.0040565,-0.0015275,0.013201,0.0033777,0.0129413,-0.0014169,0.0037123,0.0037124,0.0037123,0.0036779,0.003643,0.0019775,0.0037347,0.003269,0.0050583,0.0031887,0.0015251,0.0031722,0.0015242,0.0015077,-0.0028185,0.002969,0.0109083,0.0047211,0.0029798,-0.0027071,-0.0028062,0.0028448,0.0028441,0.0028075,0.0028058,0.0027691,-0.0025142,0.0008006,0.0098711,0.0028761,0.0041631,0.0041868,0.0041824,0.0096185,0.0096276,0.0040684,0.00405,0.0028269,0.002785,0.0027366,0.0092172,0.0092146,0.0013949,0.0038257,0.0037653,0.003537,0.0021991,0.0021884,0.0089283,0.0089295,0.0019938,0.008924,0.0085995,0.0057951,-0.0029372,0.0032403,-0.0029022,-0.0015285,0.0031961,-0.0033639,-0.0011163,0.0089406,0.0089351,-0.0015474,0.0016854,0.0022325,0.0087757,0.0019291,0.0086056,0.0019994,0.0086058,0.0084296,0.0018834,0.0017424,0.0070005,0.0081054,0.0079128,0.0025263,0.0079199,0.0079194,-0.0003827,0.0024183,0.0024341,0.0017282,0.0017288,-0.0003324,0.0023702,-0.0021461,0.0023773,-0.0020387,0.0076277,0.0075084,0.0075142,-0.0013059,-0.0024217,0.0022534,0.0022637,0.0022551,-0.0025878,0.0073131,0.0073169,-0.0024953,0.0021731,0.0014097,0.0071111,-0.0026556,0.0021015,0.0021013,0.0020987,0.0021045,0.0069001,0.0068966,-0.0011194,-0.0023897,0.0020056,0.0020104,-0.0010928,-0.0024101,0.0020168,-0.0010685,0.006689,0.0059328,0.0067119,-0.0022742,-0.0008603,-0.0008608,0.0019077,0.0019021,0.0019119,0.0019157,0.0019165,0.0064836,0.0064864,-0.0014062,0.0018204,0.0018225,-0.0007719,0.0018204,-0.0012589,0.0021112,0.0018218,0.0062513,0.001811,0.0055938,0.006271,0.0017261,0.0017264,0.0017185,0.001729,0.0017304,0.0017238,0.0017265,-0.0006586,0.0017219,0.0017322,0.0017313,0.0017276,0.0052675,0.005812,0.0016225,0.001628,0.0016199,0.001627,0.0016226,0.0016302,0.001627,0.0016242,-0.0005703,0.0058288,-0.0008275,0.001608,0.00147,0.001599,0.0015969,0.001598,0.0050102,0.0050923,0.0056373,-0.0007248,0.0014461,0.0014578,0.0014578,0.001459,0.0014455,0.0014591,0.0014481,-0.0007177,0.0014503,0.0056938,0.0056928,0.0050933,0.005705,-0.00103,-0.0012681,-0.0012037,-0.0009464,0.0011659,0.001169,0.001173,-0.0004885,0.0011687,0.001158,0.0011809,0.0014096,0.0054555,0.0049521,0.0054679,0.0009382,0.0054704,0.0050201,0.0054814,0.0007595,0.0007677,0.0007702,0.0007758,0.0007706,0.0013243,0.000765,0.000783,0.0051938,0.0048276,0.0013096,0.0052034,0.0051961,0.0051959,0.0004181,0.0004254,0.0004214,0.0004258,0.0004269,0.0004359,4.08e-05,0.0004377,0.0051306,0.0002677,0.0002725,0.0004185,0.0027097,0.0018517,0.0034683,-0.0024226,0.0031972,0.0033093,-0.002721,0.0002573,0.0033332,-0.0025345,-0.0025254,-0.0024987,-0.0006741,-0.0033437,-0.0033443,-0.0033433,0.0016927,0.0008734,0.0008734
0.0002557,0.0004512,-0.0006492,-0.0014145,-0.0002614,0.0022328,-0.0062017,0.0002008,0.0001917,0.0001907,-0.0001887,0.0001683,0.0001718,0.0001597,-0.0001751,0.0001739,0.0001576,-0.0049329,0.0001619,0.0001461,0.0001593,-0.0047411,0.000111,-0.0046641,0.0001491,-0.0001322,-0.0001322,-0.0001322,-0.000131,-0.0001297,-0.0001627,-0.0001441,4.32e-05,0.0116837,4.01e-05,-0.000141,4.03e-05,-0.0001393,-0.0001377,7.62e-05,4.17e-05,-0.0039093,0.0109277,2.49e-05,7.3e-05,0.0001676,2.44e-05,2.46e-05,2.39e-05,2.45e-05,2.37e-05,0.0001602,3.47e-05,-0.0034902,9.3e-06,0.0096923,0.0096877,0.0096872,-0.0032523,-0.0032513,0.0095573,0.0095617,-1.7e-06,-2.6e-06,-2e-06,-0.0029946,-0.0029937,3e-05,0.0091174,0.0089624,-0.0001145,-2.6e-06,-8e-07,-0.0027862,-0.002788,-4.4e-06,-0.0027885,0.0046602,-0.000917,8.9e-05,0.0089459,8.79e-05,0.0001295,0.0089508,0.0001183,0.0001156,-0.0019419,-0.001945,0.0001264,-3.5e-06,-3.85e-05,-0.0019115,-2.68e-05,-0.0018759,-2.99e-05,-0.001877,-0.0018408,-2.87e-05,-0.0001112,-0.0016358,-0.0017639,-0.0017239,0.0079833,-0.0017136,-0.0017145,-6.51e-05,0.0078004,0.007799,-3.07e-05,-3.07e-05,-6.37e-05,0.0076035,2.44e-05,0.0076013,2.32e-05,-0.0014918,-0.0015976,-0.0015994,-5.1e-06,0.0001113,0.0074111,0.0074101,0.0074107,5.26e-05,-0.0015355,-0.0015355,4.91e-05,0.007209,-4.76e-05,-0.0014876,0.0001091,0.0069945,0.0069957,0.0069947,0.0069949,-0.0014185,-0.0014195,0.0001028,4.91e-05,0.0067792,0.0067793,0.0001028,5.02e-05,0.0067777,0.0001023,-0.0013586,-0.0012354,-0.0013613,4.71e-05,6.49e-05,6.49e-05,0.0065554,0.0065567,0.0065554,0.006555,0.0065548,-0.0012927,-0.0012926,1.78e-05,0.006322,0.0063216,6.26e-05,0.006322,1.5e-05,-4.18e-05,0.0063217,-0.001229,0.0063242,-0.0011205,-0.0012252,0.0060799,0.0060794,0.0060807,0.0060793,0.006079,0.0060796,0.0060794,3.41e-05,0.00608,0.0060786,0.0060788,0.0060792,-0.0010282,-0.0010674,0.0058277,0.0058261,0.0058276,0.0058267,0.0058276,0.0058258,0.0058267,0.0058271,3.65e-05,-0.0009852,-8.8e-06,0.0058308,-1.43e-05,0.0058318,0.005832,0.0058316,-0.0008198,-0.0008333,-0.0008699,-7.8e-06,0.0055776,0.0055762,0.0055762,0.005576,0.0055772,0.0055752,0.0055763,-1.3e-06,0.0055756,-0.0006026,-0.0006086,-0.0005605,-0.0006147,7.7e-06,8e-06,7.9e-06,1.03e-05,0.005328,0.0053287,0.0053283,4.9e-06,0.0053272,0.005328,0.0053253,-1.22e-05,-0.0003068,-0.0002765,-0.0003206,0.005359,-0.0002873,-0.0002606,-0.0002917,0.0050639,0.0050633,0.0050631,0.0050631,0.0050631,-7.4e-06,0.0050631,0.005062,1.38e-05,1.65e-05,-7.4e-06,1.2e-06,2e-07,-2.8e-06,0.0047534,0.0047533,0.0047533,0.0047533,0.0047532,0.0047531,-6e-07,0.0047527,0.0002677,0.0044023,0.0044022,0.0043993,0.0033622,2.31e-05,0.0028859,0.0035145,0.0029554,0.0030088,0.0032781,3.4e-06,0.002682,0.002951,0.0029541,0.0029664,0.0038315,-0.0003804,-0.0003782,-0.0003819,0.0013992,-0.0032749,-0.0032749
0.0002523,0.0005201,-0.0005562,-0.0014426,-0.0001781,0.0021972,-0.0061535,0.00018,0.000172,0.0001711,-0.0001152,0.0002122,0.0002141,0.0002028,-0.0001065,0.0001575,0.0002001,-0.0048936,0.0001465,0.0001856,0.0001442,-0.0047052,4.93e-05,-0.0046282,0.0001346,-0.0001697,-0.0001698,-0.0001698,-0.0001682,-0.0001666,-0.0001551,-0.0001786,-1.24e-05,0.0116957,-1.39e-05,-0.0001303,-1.36e-05,-0.0001289,-0.0001275,0.0001113,-9.6e-06,-0.0038779,0.010939,-2.56e-05,0.0001066,0.0001753,-2.41e-05,-2.39e-05,-2.4e-05,-2.34e-05,-2.35e-05,0.0001652,8.3e-06,-0.0034617,-3.78e-05,0.0097023,0.0096977,0.0096972,-0.0032243,-0.0032234,0.009567,0.0095714,-4.72e-05,-4.74e-05,-4.6e-05,-0.0029677,-0.0029668,-3.2e-06,0.0091265,0.008971,-0.0001489,-3.75e-05,-3.6e-05,-0.0027599,-0.0027617,-3.69e-05,-0.0027622,0.0046841,-0.0009344,0.0001198,0.0089534,0.0001183,0.0001245,0.0089586,0.0001506,0.0001068,-0.0019143,-0.0019173,0.0001227,-3.9e-05,-7.52e-05,-0.0018843,-6.09e-05,-0.0018492,-6.46e-05,-0.0018504,-0.0018146,-6.12e-05,-0.0001153,-0.0016033,-0.0017394,-0.0016999,0.0079889,-0.0016897,-0.0016906,-4.69e-05,0.0078059,0.0078043,-6.03e-05,-6.02e-05,-4.66e-05,0.0076086,5.27e-05,0.0076064,4.96e-05,-0.0014803,-0.0015742,-0.0015761,1.23e-05,0.0001263,0.0074161,0.007415,0.0074157,8.33e-05,-0.0015127,-0.0015128,7.9e-05,0.0072136,-7.08e-05,-0.0014655,0.0001296,0.0069991,0.0070002,0.0069992,0.0069994,-0.001397,-0.001398,0.0001001,7.75e-05,0.0067835,0.0067836,9.98e-05,7.87e-05,0.006782,9.9e-05,-0.0013378,-0.001217,-0.0013405,7.32e-05,6.2e-05,6.2e-05,0.0065596,0.0065608,0.0065596,0.0065591,0.0065589,-0.0012725,-0.0012724,4.2e-05,0.0063259,0.0063255,5.92e-05,0.0063259,3.74e-05,-6.7e-05,0.0063256,-0.0012095,0.0063281,-0.0011031,-0.0012056,0.0060835,0.0060831,0.0060844,0.0060829,0.0060826,0.0060833,0.0060831,3.2e-05,0.0060838,0.0060823,0.0060825,0.0060829,-0.0010034,-0.0010498,0.0058311,0.0058297,0.0058311,0.0058301,0.005831,0.0058293,0.0058301,0.0058305,3.39e-05,-0.0009676,8.8e-06,0.0058342,-3.78e-05,0.0058352,0.0058354,0.005835,-0.0008004,-0.0008139,-0.0008535,8e-06,0.0055806,0.0055791,0.0055791,0.0055789,0.0055802,0.0055782,0.0055794,1.45e-05,0.0055787,-0.0005862,-0.0005922,-0.0005397,-0.0005987,1.61e-05,2.14e-05,1.99e-05,1.61e-05,0.0053301,0.0053307,0.0053302,3.6e-06,0.0053293,0.0053301,0.0053275,-3.44e-05,-0.0002916,-0.0002626,-0.0003054,0.0053603,-0.0002721,-0.0002466,-0.0002764,0.005065,0.0050644,0.0050642,0.0050641,0.0050642,-2.83e-05,0.0050642,0.0050631,2.82e-05,3e-05,-2.8e-05,1.56e-05,1.47e-05,1.16e-05,0.0047535,0.0047534,0.0047535,0.0047534,0.0047533,0.0047531,-1.2e-06,0.004753,0.0002725,0.0044022,0.0044022,0.0043998,0.0033704,7e-07,0.0028966,0.0035058,0.0029654,0.0030192,0.0032685,3e-07,0.0026855,0.0029421,0.0029452,0.0029574,0.0038256,-0.0003941,-0.0003919,-0.0003956,0.0013833,-0.00328,-0.00328
0.000184,0.0004895,-0.0004892,-0.0013987,-0.0001084,0.0019165,-0.0055783,8.57e-05,8.19e-05,8.15e-05,-5.71e-05,0.000186,0.0001852,0.0001793,-5.24e-05,7.71e-05,0.0001769,-0.0044356,7.13e-05,0.0001641,7.02e-05,-0.0042659,3.6e-06,-0.004196,6.48e-05,-0.0001532,-0.0001532,-0.0001532,-0.0001518,-0.0001503,-8.57e-05,-0.0001547,-4.73e-05,0.0118302,-4.76e-05,-6.59e-05,-4.75e-05,-6.54e-05,-6.47e-05,0.000113,-4.32e-05,-0.0035109,0.0110649,-5.73e-05,0.0001081,0.0001174,-5.5e-05,-5.48e-05,-5.44e-05,-5.39e-05,-5.35e-05,0.0001089,-2.82e-05,-0.0031296,-6.45e-05,0.0098131,0.0098091,0.0098088,-0.0029007,-0.0028995,0.0096752,0.0096788,-7.19e-05,-7.15e-05,-6.98e-05,-0.0026577,-0.002657,-3.89e-05,0.0092277,0.00907,-0.0001302,-5.54e-05,-5.49e-05,-0.0024594,-0.0024612,-5.51e-05,-0.0024616,0.0049541,-0.0008167,0.0001091,0.0090361,0.0001077,7.28e-05,0.0090406,0.0001317,5.77e-05,-0.0016122,-0.0016153,7.33e-05,-7.21e-05,-9.63e-05,-0.0015878,-8.43e-05,-0.0015584,-8.73e-05,-0.0015595,-0.0015297,-8.24e-05,-7.76e-05,-0.0013426,-0.0014669,-0.0014336,0.0080505,-0.0014234,-0.0014243,-1.72e-05,0.0078648,0.0078634,-7.89e-05,-7.88e-05,-1.77e-05,0.0076658,5.75e-05,0.0076639,5.35e-05,-0.0012495,-0.0013203,-0.0013223,1.58e-05,9.46e-05,0.0074704,0.0074695,0.0074701,8.16e-05,-0.0012654,-0.0012655,7.81e-05,0.0072655,-8.42e-05,-0.0012252,0.0001038,0.0070494,0.0070502,0.0070494,0.0070495,-0.0011638,-0.0011649,6.41e-05,7.59e-05,0.0068312,0.0068313,6.39e-05,7.71e-05,0.00683,6.31e-05,-0.0011119,-0.0010166,-0.0011137,7e-05,3.26e-05,3.27e-05,0.0066049,0.006606,0.0066048,0.0066044,0.0066043,-0.0010534,-0.0010532,5.76e-05,0.0063687,0.0063684,3.12e-05,0.0063687,5.31e-05,-6.62e-05,0.0063685,-0.0009982,0.0063706,-0.000914,-0.0009937,0.0061239,0.0061235,0.0061247,0.0061234,0.0061232,0.0061238,0.0061235,9.7e-06,0.0061242,0.0061228,0.006123,0.0061233,-0.0008072,-0.0008549,0.0058687,0.0058676,0.0058688,0.0058678,0.0058686,0.0058673,0.0058678,0.0058682,1.3e-05,-0.0007721,2.54e-05,0.0058715,-5.04e-05,0.0058721,0.0058723,0.005872,-0.000623,-0.0006344,-0.0006661,2.35e-05,0.0056132,0.0056119,0.0056119,0.0056117,0.0056129,0.0056111,0.0056123,3e-05,0.0056116,-0.0003979,-0.0004039,-0.0003578,-0.0004109,7.1e-06,1.7e-05,1.42e-05,3.6e-06,0.0053539,0.0053542,0.0053538,-1.22e-05,0.0053532,0.0053537,0.0053518,-4.56e-05,-0.0001128,-0.0001002,-0.0001262,0.0053761,-9.29e-05,-8.2e-05,-9.68e-05,0.0050763,0.005076,0.0050759,0.0050757,0.0050758,-3.88e-05,0.0050757,0.0050752,0.0001976,0.0001875,-3.84e-05,0.000185,0.0001842,0.0001811,0.0047545,0.0047544,0.0047546,0.0047543,0.0047544,0.0047544,-1.6e-06,0.0047548,0.0004185,0.0043993,0.0043998,0.0044023,0.0034529,7e-07,0.0030057,0.0034149,0.0030654,0.0031229,0.0031681,3e-07,0.0027757,0.002849,0.0028521,0.0028648,0.0037864,-0.0005119,-0.0005097,-0.0005134,0.0013904,-0.0032608,-0.0032608
0.0023041,0.0013042,0.0027669,0.0046604,0.0001163,0.0010014,0.0060065,0.0030465,0.0029099,0.0028942,4.77e-05,0.001883,0.0019517,0.001769,4.32e-05,0.0026229,0.0017444,0.004779,0.0024567,0.0016189,0.0024181,0.0045843,6.12e-05,0.0045228,0.0022791,-0.0013771,-0.0013773,-0.0013772,-0.0013646,-0.0013517,-0.002414,-0.0015865,5.33e-05,0.011525,4.87e-05,-0.0021615,6.03e-05,-0.0021378,-0.0021145,0.0006464,0.000109,0.0038768,0.0107874,0.0001245,0.0006284,0.0023006,0.0001364,0.0001364,0.0001347,0.0001343,0.0001327,0.0021795,0.0008145,0.0035188,4.18e-05,0.0095669,0.0095605,0.0095609,0.003562,0.0035548,0.0094024,0.009409,5.6e-05,5.57e-05,5.48e-05,0.0034879,0.0034924,0.0006579,0.0089307,0.0087693,-0.0013897,7.28e-05,0.0001029,0.0034766,0.0034744,0.0001778,0.0034743,0.0086439,0.0019682,0.0010648,0.0084473,0.0010573,0.0018288,0.0084531,0.0013392,0.0015968,0.004141,0.0041415,0.0017425,0.0010234,0.0005955,0.0040555,0.0007303,0.0039743,0.0006958,0.0039734,0.0038908,0.0006526,-0.0013376,0.0035673,0.0037199,0.0036314,0.0073108,0.0036423,0.0036414,-0.0003891,0.007122,0.0071209,0.0006357,0.0006335,-0.0003779,0.0069391,0.0006732,0.0069424,0.0006988,0.0035001,0.0034798,0.0034808,0.0007239,0.0015111,0.00674,0.0067355,0.0067405,0.0008521,0.0034038,0.0034058,0.0008052,0.0065341,0.0007493,0.0033135,0.0013627,0.0063357,0.0063361,0.0063392,0.0063374,0.0032334,0.0032355,0.0011044,0.000774,0.0061263,0.006124,0.0010945,0.000775,0.006127,0.0010856,0.0031459,0.0033281,0.0031184,0.0008474,0.0011105,0.0011107,0.0059056,0.0059029,0.0059062,0.0059033,0.0059036,0.0030332,0.0030299,-0.0005035,0.0056816,0.0056825,0.0010429,0.0056815,-0.0005517,-0.0007064,0.0056821,0.0029324,0.0056772,0.0031411,0.0029097,0.0054433,0.0054482,0.0054397,0.0054445,0.0054451,0.0054421,0.0054481,0.0011024,0.0054411,0.0054458,0.0054454,0.0054485,0.0024983,0.0027423,0.0052027,0.0052002,0.0051965,0.0052065,0.0052043,0.0052008,0.0052061,0.005206,0.0010265,0.0028124,-0.0004044,0.0051902,7.39e-05,0.0051977,0.0051981,0.0051996,0.0031558,0.0031453,0.0026778,-0.0003899,0.0049046,0.0049102,0.0049102,0.0049107,0.0049041,0.0049175,0.0049047,-0.0003848,0.0049055,0.0029048,0.0028999,0.0025975,0.0029085,0.0012794,0.0011889,0.0012184,0.001321,0.0045579,0.0045554,0.0045569,0.0012389,0.0045653,0.0045699,0.00457,7.92e-05,0.0029829,0.0032211,0.0029354,0.0044388,0.0029667,0.0032311,0.002915,0.0041311,0.0041293,0.0041305,0.004131,0.0041309,8.46e-05,0.0041406,0.0041363,0.0029735,0.0032439,8.93e-05,0.0029112,0.0029108,0.0029085,0.0037023,0.0037024,0.0037044,0.0037013,0.0037041,0.0037067,0.0005829,0.0037208,0.0027097,0.0033622,0.0033704,0.0034529,0.0044013,4.9e-06,0.0040456,0.0011516,0.0043507,0.0039436,0.0008024,-1.2e-06,0.0034721,0.0006771,0.0006811,0.0006974,0.0022147,-0.0022147,-0.0022133,-0.0022157,0.0011439,-0.0021364,-0.0021364
-0.0006203,-0.0140918,-0.0169446,0.0063976,-0.0150047,0.0016941,0.001461,0.0023216,0.0022089,0.0021991,-0.0133138,-0.0090999,-0.0088364,-0.0089086,-0.0124207,0.0017357,-0.0087785,0.0009902,0.0016271,-0.0081467,0.0016006,0.0013024,0.0112329,0.0011669,0.0015661,0.0076781,0.007678,0.0076781,0.0076066,0.0075344,-0.0002063,0.0072099,0.010229,0.0003722,0.0099509,-0.0009235,0.009924,-0.0008642,-0.0008542,-0.0068415,0.0094198,0.0007973,0.0003193,0.0093126,-0.0065609,-0.0025875,0.0089339,0.0089339,0.0088157,0.0088155,0.0086961,-0.0020083,0.0044967,0.0007125,0.0087191,0.0002855,0.0002987,0.0002814,0.0006628,0.000666,0.0002755,0.0002791,0.0084599,0.0083264,0.0081874,0.0006209,0.0006221,0.0058503,0.0002673,0.0003081,0.0070985,0.0064926,0.0065338,0.0005622,0.0005664,0.0060195,0.0005538,0.0005487,0.00565,-0.0062378,0.0002131,-0.0061641,1.84e-05,0.0001537,-0.006679,0.0008142,0.0003242,0.0003175,-0.0001864,0.0063528,0.0068082,0.0003167,0.0062528,0.0003104,0.0063659,0.0003122,0.0002993,0.0059796,0.0014808,-0.0014294,0.0003924,0.0003624,0.0001802,0.000377,0.0003761,-0.0030118,0.0001494,0.0001751,0.0054368,0.0054365,-0.0028286,0.0001905,-0.0054505,0.0001845,-0.0051219,0.0021488,0.0002508,0.0002704,-0.0033514,-0.0035259,0.0001529,0.0001618,0.0001532,-0.0060393,0.0002444,0.0002566,-0.0058755,0.0001688,0.0043077,0.0002466,-0.004499,0.0001513,0.0001684,0.0001507,0.0001681,0.0002273,0.0002271,-0.0001253,-0.0055799,0.0001448,0.0001569,-6.44e-05,-0.0056209,0.0001564,-8.4e-06,0.0002319,0.0002201,0.0002301,-0.0051842,3.16e-05,3.04e-05,0.0001235,0.0001237,0.0001396,0.0001393,0.0001393,0.0002114,0.000211,-0.0044563,0.0001338,0.0001339,0.0001482,0.0001337,-0.0041064,0.0049647,0.0001334,0.0001963,0.0001331,0.000187,0.0001978,0.0001274,0.0001274,0.0001144,0.0001278,0.0001279,0.000115,0.0001281,1.76e-05,0.0001153,0.0001286,0.0001286,0.0001283,-0.0011212,0.0002749,0.0001234,0.0001111,0.0001059,0.0001245,0.0001243,0.0001122,0.0001249,0.0001247,0.0001282,0.0002646,-0.0031381,0.0001133,0.0043928,0.0001123,0.0001108,0.0001098,-0.000434,-0.0003828,0.0003516,-0.0028185,0.0001045,0.0001201,0.0001201,0.0001202,9.67e-05,0.0001145,9.22e-05,-0.0027999,8.76e-05,0.000376,0.0003759,-0.0006084,0.000438,-0.0018011,-0.0026963,-0.002451,-0.001356,0.0001061,0.0001328,0.0001358,-3.39e-05,0.0001031,0.0001022,0.0001041,0.0041503,0.0004262,0.000382,0.0004275,0.0001157,0.0004276,0.0003876,0.000429,6.87e-05,6.94e-05,6.96e-05,8.51e-05,6.84e-05,0.0038992,6.79e-05,6.94e-05,0.0004069,0.0003756,0.0038533,0.0004256,0.0004044,0.0004043,4.03e-05,5.93e-05,3.9e-05,6.51e-05,5.49e-05,6.66e-05,0.000132,3.15e-05,0.0018517,2.31e-05,7e-07,7e-07,4.9e-06,0.0043979,1.87e-05,-1e-07,5.6e-06,-7.6e-06,1e-07,0.0006151,0.0010675,-7e-06,6.7e-06,3.65e-05,0.0004495,0.0004286,0.0004277,0.0004292,0.0032641,0.0013339,0.0013339
-0.0019272,-0.0006405,0.0007033,-0.0008256,0.0015416,-0.0055298,0.0086278,-0.0027699,-0.0026448,-0.0026308,0.0013164,-0.0008557,-0.0009352,-0.0007747,0.001227,-0.0023632,-0.0007647,0.0068739,-0.0022116,-0.0007095,-0.0021767,0.0065869,-0.001082,0.0064801,-0.0020535,0.0005526,0.0005527,0.0005526,0.0005477,0.0005425,0.0020572,0.000767,-0.0008619,0.0108334,-0.000832,0.0019009,-0.0008382,0.0018761,0.0018555,-5.5e-06,-0.000838,0.0055346,0.0101329,-0.000805,-1.04e-05,-0.0017388,-0.0007866,-0.000787,-0.000776,-0.0007769,-0.0007656,-0.0016822,-0.0010449,0.0050445,-0.0006774,0.0089659,0.0089792,0.0089812,0.0050134,0.005022,0.0088171,0.0088021,-0.0006366,-0.000625,-0.0006158,0.0048864,0.0048837,-0.0010005,0.0083687,0.0082156,0.0006254,-0.0004697,-0.0004975,0.0048149,0.0048135,-0.0004943,0.004813,0.0091334,0.0019237,-0.0003856,0.0078422,-0.0003817,-0.0015304,0.0078284,-0.0006169,-0.0014345,0.005419,0.0054143,-0.0014604,-0.0010204,-0.0006692,0.0053172,-0.0007433,0.0052136,-0.0007202,0.0052125,0.0051067,-0.0006723,0.0011035,0.0047095,0.0048806,0.0047706,0.0067274,0.0047772,0.0047766,0.0007741,0.0065436,0.006547,-0.0006084,-0.0006073,0.0007503,0.0063738,2.77e-05,0.0063799,-4e-06,0.0040752,0.0045827,0.0045791,-3.89e-05,-0.000979,0.0061796,0.0061853,0.0061806,-0.0001481,0.0044761,0.0044747,-0.0001224,0.0059914,-0.0005062,0.0043527,-0.0008055,0.0058124,0.0058069,0.0058098,0.005809,0.0042431,0.0042391,-0.0010249,-0.0001331,0.0056098,0.00561,-0.0010223,-0.0001352,0.005614,-0.0010205,0.0041193,0.0035354,0.0041422,-0.0001906,-0.0008882,-0.0008883,0.0054065,0.005403,0.0054043,0.0054078,0.0054083,0.0040182,0.0040212,0.0004991,0.0051945,0.0051957,-0.0008447,0.0051946,0.0005054,0.00011,0.0051955,0.0038883,0.0051891,0.0033727,0.0039112,0.0049784,0.0049775,0.0049778,0.0049801,0.0049809,0.004981,0.0049774,-0.0007316,0.0049797,0.0049818,0.0049813,0.004978,0.0037408,0.0036343,0.0047465,0.0047549,0.0047515,0.0047486,0.004746,0.0047561,0.0047486,0.0047466,-0.0006812,0.0037009,0.000484,0.0047422,-0.0003452,0.0047342,0.0047331,0.0047338,0.0033145,0.0033582,0.0036129,0.0004551,0.0044689,0.0044713,0.0044713,0.004472,0.0044709,0.0044726,0.0044741,0.0004584,0.004477,0.0038105,0.0038061,0.0037336,0.0037882,-0.0004444,-0.0003103,-0.0003486,-0.0005384,0.0041035,0.0040975,0.0040992,-0.0006126,0.0041051,0.0040961,0.0041131,-0.000309,0.0037922,0.0033586,0.0038002,0.0039477,0.0038214,0.0034248,0.003836,0.0036469,0.0036536,0.0036552,0.0036543,0.0036558,-0.0002891,0.0036497,0.0036644,0.003812,0.0034655,-0.0002859,0.0038147,0.0038154,0.0038134,0.003209,0.0032083,0.0032118,0.0032067,0.0032108,0.0032137,-0.0001109,0.0032253,0.0034683,0.0028859,0.0028966,0.0030057,0.0040456,1.87e-05,0.0044012,0.0003103,0.004173,0.0043819,-6.01e-05,2.2e-06,0.0038548,-0.0001167,-0.0001122,-9.38e-05,0.0016999,-0.002925,-0.0029238,-0.0029257,0.001109,-0.0017761,-0.0017761
0.001348,0.0009261,-0.0016982,-0.0020541,-0.0013745,0.0066916,-0.0152468,0.0017302,0.001652,0.0016434,-0.0011173,0.0005854,0.0006339,0.0005336,-0.0010401,0.0014774,0.0005268,-0.0121347,0.0013811,0.0004887,0.0013593,-0.0116494,0.0008428,-0.0114618,0.0012809,-0.0003945,-0.0003946,-0.0003946,-0.000391,-0.0003873,-0.0012882,-0.0005261,0.0006041,0.0067651,0.0005811,-0.0011845,0.0005841,-0.0011686,-0.0011558,4.37e-05,0.0005808,-0.0096897,0.0063259,0.0005335,4.41e-05,0.0011041,0.0005198,0.0005204,0.0005126,0.000514,0.0005059,0.0010703,0.0006296,-0.0087304,0.0004385,0.0056257,0.0056112,0.0056091,-0.0083914,-0.0083949,0.0055683,0.0055837,0.0003944,0.0003858,0.000381,-0.0079426,-0.0079402,0.00061,0.0053469,0.0052647,-0.0004154,0.0002841,0.0003011,-0.0076081,-0.0076092,0.0002854,-0.0076095,-0.0012006,-0.0028775,0.0002594,0.0055461,0.000256,0.0009659,0.0055618,0.0004204,0.0009107,-0.0069709,-0.0069719,0.0009266,0.0005251,0.0002958,-0.006847,0.0003455,-0.0067155,0.0003298,-0.0067161,-0.0065821,0.0003063,-0.0007235,-0.0059758,-0.0062976,-0.0061547,0.0051689,-0.0061468,-0.0061475,-0.0005521,0.0050741,0.0050698,0.0002642,0.0002638,-0.0005362,0.0049494,-5.98e-05,0.0049418,-4.48e-05,-0.0053482,-0.0058312,-0.0058314,-6.98e-05,0.0006219,0.0048503,0.0048456,0.0048491,7.59e-05,-0.0056623,-0.0056616,5.95e-05,0.0047347,0.0001591,-0.0054992,0.0005248,0.004595,0.0046003,0.0045965,0.0045976,-0.0053181,-0.005317,0.0006862,7.01e-05,0.0044719,0.0044722,0.0006856,7.3e-05,0.0044669,0.0006848,-0.0051388,-0.0045956,-0.0051542,9.48e-05,0.000539,0.000539,0.0043395,0.004344,0.0043409,0.0043383,0.0043377,-0.0049631,-0.0049647,-0.0002294,0.0042004,0.0041988,0.0005152,0.0042004,-0.0002321,-5.15e-05,0.0041992,-0.0047725,0.0042078,-0.0043003,-0.0047798,0.0040543,0.0040536,0.0040564,0.0040521,0.004051,0.0040524,0.0040537,0.0003906,0.004054,0.0040498,0.0040505,0.0040529,-0.0043302,-0.0043507,0.0039057,0.0038983,0.0039031,0.0039024,0.0039057,0.0038969,0.0039025,0.0039045,0.0003696,-0.0042949,-0.0002749,0.0039148,0.0001891,0.0039205,0.0039216,0.0039203,-0.0038507,-0.0038978,-0.0040584,-0.0002571,0.0037999,0.0037954,0.0037955,0.0037946,0.003798,0.0037922,0.0037946,-0.0002512,0.0037915,-0.0038638,-0.0038682,-0.0037055,-0.0038657,0.0001391,6.38e-05,8.47e-05,0.0001998,0.0037621,0.0037675,0.0037654,0.0002503,0.0037588,0.0037655,0.0037501,0.0001674,-0.0034604,-0.0031547,-0.0034779,0.0039286,-0.0034517,-0.0031802,-0.0034602,0.0037791,0.0037739,0.0037723,0.0037728,0.0037718,0.0001604,0.0037747,0.0037636,-0.0030366,-0.0028331,0.0001578,-0.0030467,-0.0030485,-0.0030509,0.0037203,0.0037205,0.0037179,0.0037218,0.0037185,0.0037158,-9.7e-06,0.0037055,-0.0024226,0.0035145,0.0035058,0.0034149,0.0011516,-1e-07,0.0003103,0.0043995,0.0005181,0.0005056,0.0043834,2e-07,0.0004878,0.0039958,0.0039963,0.0039978,0.0037186,0.0018145,0.0018164,0.0018131,0.000961,-0.0029277,-0.0029277
0.0017282,0.0010098,0.0028522,0.0044664,0.0004631,-0.0005699,0.0084866,0.0022697,0.0021681,0.0021564,0.0003407,0.0015624,0.0016104,0.0014732,0.0003162,0.0019582,0.0014526,0.0067538,0.0018347,0.0013482,0.0018058,0.006479,-0.0001778,0.0063859,0.0017018,-0.0011553,-0.0011554,-0.0011554,-0.0011448,-0.0011339,-0.0018248,-0.001307,-0.000129,0.0109275,-0.0001269,-0.0016232,-0.0001173,-0.0016063,-0.0015888,0.0005893,-7.18e-05,0.005454,0.0102282,-4.76e-05,0.0005722,0.0017801,-3.28e-05,-3.29e-05,-3.21e-05,-3.28e-05,-3.19e-05,0.0016793,0.0005507,0.0049443,-9.69e-05,0.0090666,0.0090641,0.009065,0.0049362,0.0049309,0.0089062,0.0089086,-7.35e-05,-7.13e-05,-7.04e-05,0.004795,0.0047985,0.0004136,0.0084511,0.0082963,-0.0011565,-2.46e-05,-2.2e-06,0.0047328,0.0047307,6.92e-05,0.0047307,0.0091301,0.0024009,0.0009041,0.0079215,0.0008981,0.0013868,0.0079233,0.0011102,0.0011912,0.0053282,0.0053283,0.0013204,0.0007579,0.0004329,0.0052219,0.0005424,0.0051185,0.0005152,0.0051175,0.0050121,0.0004839,-0.0010145,0.0045909,0.0047924,0.00468,0.0068007,0.0046898,0.0046889,-0.0001996,0.0066189,0.0066188,0.0004811,0.0004793,-0.0001941,0.006448,0.0006313,0.0064527,0.0006493,0.0043755,0.0044772,0.0044777,0.0006713,0.0012014,0.0062561,0.0062532,0.0062569,0.000759,0.0043732,0.0043748,0.0007207,0.0060608,0.0006111,0.004255,0.001097,0.0058766,0.0058756,0.0058793,0.0058774,0.0041454,0.0041467,0.000813,0.0006895,0.0056774,0.0056752,0.0008043,0.0006897,0.0056792,0.0007964,0.0040275,0.0040592,0.0040068,0.0007472,0.0008532,0.0008533,0.0054689,0.0054655,0.0054691,0.0054671,0.0054676,0.0038895,0.003887,-0.0003765,0.0052574,0.0052585,0.0007988,0.0052573,-0.0004198,-0.0006321,0.0052582,0.0037573,0.0052518,0.0038303,0.0037399,0.0050332,0.0050376,0.0050295,0.0050347,0.0050355,0.0050326,0.0050375,0.0008825,0.0050313,0.0050364,0.0050359,0.0050381,0.0032837,0.0034987,0.0048053,0.004805,0.0048006,0.0048096,0.0048068,0.0048058,0.0048091,0.0048086,0.000821,0.0035634,-0.0002812,0.0047922,4.2e-06,0.0047975,0.0047976,0.0047992,0.0037785,0.0037799,0.0033986,-0.0002735,0.0045139,0.00452,0.0045199,0.0045206,0.0045139,0.0045272,0.0045153,-0.0002692,0.0045167,0.0036041,0.0035997,0.0032923,0.0036052,0.0011106,0.0010523,0.0010724,0.0011302,0.0041591,0.0041554,0.0041573,0.0010393,0.0041665,0.0041689,0.0041729,1.6e-05,0.003621,0.003752,0.0035805,0.0040103,0.0036083,0.0037719,0.0035634,0.0037132,0.0037129,0.0037145,0.0037147,0.003715,2.41e-05,0.0037228,0.003722,0.0035591,0.0037427,2.92e-05,0.0035034,0.0035033,0.0035013,0.0032775,0.0032775,0.0032801,0.0032761,0.0032796,0.0032826,0.0005259,0.0032983,0.0031972,0.0029554,0.0029654,0.0030654,0.0043507,5.6e-06,0.004173,0.0005181,0.0044012,0.0040513,0.0001575,-6e-07,0.0035608,8.67e-05,9.08e-05,0.0001076,0.0017403,-0.002602,-0.0026008,-0.0026028,0.0010496,-0.0017808,-0.0017808
-0.0027675,-0.0009164,0.0001408,-0.0023544,0.0018143,-0.0063257,0.0075754,-0.0039409,-0.0037632,-0.0037432,0.0015703,-0.0013803,-0.0014903,-0.0012608,0.0014642,-0.0033665,-0.0012442,0.0060394,-0.0031511,-0.0011545,-0.0031014,0.0057817,-0.0013239,0.0056855,-0.0029259,0.0009178,0.000918,0.0009179,0.0009096,0.000901,0.0029538,0.0012184,-0.0010708,0.0109618,-0.0010336,0.0027177,-0.0010435,0.002683,0.0026536,-0.0001171,-0.0010519,0.0048632,0.0102512,-0.0010194,-0.0001204,-0.0025413,-0.0009985,-0.000999,-0.0009851,-0.0009859,-0.0009719,-0.0024507,-0.0014301,0.0044456,-0.0008493,0.0090679,0.0090841,0.0090864,0.0044293,0.0044411,0.0089221,0.0089038,-0.0008057,-0.0007914,-0.0007796,0.0043352,0.0043311,-0.00135,0.0084725,0.0083182,0.0010085,-0.0006054,-0.000645,0.0042828,0.0042815,-0.0006574,0.0042809,0.0088591,0.0015482,-0.0006608,0.0079705,-0.0006552,-0.0022044,0.0079541,-0.0009886,-0.0020417,0.0049147,0.0049089,-0.0021007,-0.0014772,-0.0009735,0.0048235,-0.0010874,0.0047299,-0.0010534,0.0047287,0.004633,-0.0009845,0.0015803,0.0042969,0.0044263,0.004328,0.00686,0.004334,0.0043334,0.0009974,0.0066744,0.0066782,-0.0009034,-0.0009016,0.0009662,0.0065011,-0.0001006,0.006507,-0.0001459,0.0035799,0.0041677,0.004163,-0.0002086,-0.0014692,0.0063051,0.0063126,0.0063061,-0.0003395,0.0040727,0.0040705,-0.0002997,0.0061161,-0.0008093,0.0039601,-0.0012258,0.0059343,0.0059279,0.0059304,0.0059299,0.0038636,0.0038584,-0.0014417,-0.0003059,0.0057282,0.0057289,-0.0014366,-0.0003081,0.0057326,-0.0014327,0.0037514,0.0030513,0.0037843,-0.0003937,-0.0012923,-0.0012924,0.0055231,0.00552,0.0055203,0.0055251,0.0055255,0.0036725,0.0036769,0.0007354,0.0053074,0.0053087,-0.0012263,0.0053076,0.0007523,0.0002675,0.0053085,0.0035574,0.0053027,0.002927,0.0035898,0.0050898,0.0050875,0.0050903,0.0050914,0.0050922,0.0050931,0.0050874,-0.0011145,0.0050919,0.005093,0.0050925,0.005088,0.0035337,0.0033341,0.0048534,0.0048635,0.0048608,0.0048546,0.0048523,0.0048647,0.0048547,0.0048525,-0.0010378,0.0034031,0.0006806,0.004852,-0.0004458,0.0048411,0.0048397,0.0048402,0.0028983,0.0029491,0.0033503,0.0006416,0.0045794,0.0045805,0.0045804,0.0045811,0.0045819,0.00458,0.0045853,0.0006448,0.0045883,0.0035527,0.0035482,0.0035555,0.0035242,-0.0008215,-0.0006383,-0.0006915,-0.0009432,0.0042171,0.0042107,0.0042122,-0.0010179,0.004217,0.0042056,0.0042247,-0.0004039,0.0035487,0.0029946,0.0035683,0.0040726,0.0035888,0.00307,0.0036182,0.003769,0.003777,0.0037786,0.0037773,0.0037792,-0.0003801,0.0037697,0.0037875,0.0036144,0.0031485,-0.0003774,0.0036317,0.0036326,0.0036305,0.0033369,0.003336,0.0033396,0.0033344,0.0033384,0.003341,-0.0002751,0.0033508,0.0033093,0.0030088,0.0030192,0.0031229,0.0039436,-7.6e-06,0.0043819,0.0005056,0.0040513,0.0044014,0.0001399,4e-07,0.0038681,6.56e-05,7.01e-05,8.84e-05,0.0018656,-0.0028422,-0.0028409,-0.002843,0.0011342,-0.0019154,-0.0019154
0.0014341,0.0009419,-0.0018193,-0.0021096,-0.0014918,0.0070749,-0.0160343,0.0018585,0.0017745,0.0017652,-0.0012162,0.0006025,0.0006551,0.0005475,-0.0011323,0.0015863,0.0005406,-0.012762,0.001483,0.0005014,0.0014596,-0.0122506,0.0009215,-0.0120536,0.0013755,-0.0004017,-0.0004018,-0.0004017,-0.0003981,-0.0003943,-0.0013798,-0.0005438,0.0006668,0.0058592,0.0006416,-0.0012708,0.0006448,-0.0012537,-0.0012399,2.86e-05,0.0006403,-0.0101948,0.0054785,0.0005901,2.98e-05,0.0011753,0.0005748,0.0005754,0.0005668,0.0005684,0.0005594,0.0011403,0.000686,-0.0091898,0.0004877,0.0048756,0.0048603,0.004858,-0.0088476,-0.0088515,0.004831,0.0048473,0.0004403,0.0004309,0.0004254,-0.0083861,-0.0083835,0.0006673,0.0046474,0.004578,-0.0004272,0.0003174,0.0003357,-0.0080444,-0.0080455,0.0003179,-0.0080457,-0.0019863,-0.0030611,0.0002618,0.0048924,0.0002583,0.0010334,0.0049089,0.0004329,0.0009767,-0.0074567,-0.0074574,0.0009911,0.0005758,0.0003312,-0.0073235,0.0003831,-0.0071827,0.0003666,-0.0071832,-0.0070397,0.0003405,-0.0007714,-0.0063973,-0.006735,-0.0065821,0.0046094,-0.0065748,-0.0065755,-0.0005988,0.0045299,0.0045254,0.0002941,0.0002938,-0.0005815,0.0044193,-7.8e-05,0.0044112,-6.11e-05,-0.0057216,-0.0062411,-0.0062411,-8.39e-05,0.0006568,0.0043365,0.0043315,0.0043352,6.61e-05,-0.0060626,-0.0060618,4.9e-05,0.0042367,0.0001789,-0.0058884,0.0005505,0.0041121,0.0041177,0.0041137,0.0041148,-0.0056974,-0.0056961,0.0007341,6.11e-05,0.0040057,0.0040061,0.0007336,6.41e-05,0.0040004,0.0007328,-0.005507,-0.004926,-0.0055234,8.83e-05,0.0005769,0.000577,0.0038904,0.0038952,0.003892,0.0038891,0.0038885,-0.0053212,-0.0053229,-0.0002545,0.003769,0.0037672,0.0005516,0.0037689,-0.0002565,-4.25e-05,0.0037676,-0.0051188,0.0037768,-0.0046143,-0.0051272,0.003641,0.0036403,0.0036433,0.0036387,0.0036375,0.0036389,0.0036404,0.0004175,0.0036407,0.0036363,0.003637,0.0036396,-0.0046553,-0.0046736,0.0035117,0.0035037,0.0035088,0.0035081,0.0035117,0.0035022,0.0035082,0.0035104,0.0003947,-0.0046233,-0.0003009,0.0035213,0.0002127,0.0035275,0.0035286,0.0035273,-0.0041585,-0.0042085,-0.0043767,-0.0002813,0.0034296,0.0034248,0.0034249,0.0034239,0.0034276,0.0034214,0.0034239,-0.0002757,0.0034206,-0.0041985,-0.0042025,-0.004028,-0.004199,0.0001414,5.84e-05,8.15e-05,0.0002079,0.0034227,0.0034285,0.0034263,0.0002658,0.0034191,0.0034263,0.0034097,0.0001883,-0.0037929,-0.0034619,-0.00381,0.0036029,-0.0037857,-0.0034921,-0.0037941,0.0034785,0.003473,0.0034712,0.0034717,0.0034706,0.0001798,0.0034737,0.0034617,-0.0033675,-0.0031458,0.0001768,-0.0033765,-0.0033783,-0.0033806,0.0034569,0.0034573,0.0034543,0.0034587,0.003455,0.0034521,-1.49e-05,0.0034406,-0.002721,0.0032781,0.0032685,0.0031681,0.0008024,1e-07,-6.01e-05,0.0043834,0.0001575,0.0001399,0.0043988,2e-07,0.0001667,0.0040149,0.004015,0.0040151,0.0035852,0.0020639,0.0020657,0.0020626,0.0008719,-0.0027853,-0.0027853
-0.0161353,-0.0133972,0.0032857,0.0067431,0.0073232,0.0080489,-0.0001574,0.0082617,0.0078858,0.0078419,0.0064912,-0.0108797,-0.0103638,-0.0107723,0.006059,0.0067173,-0.0106301,-3.49e-05,0.0062907,-0.0098639,0.0061918,-0.0001363,-0.0053137,-0.0001569,0.0058045,0.0095223,0.0095219,0.0095221,0.009433,0.0093436,-0.0042621,0.008476,-0.0049925,0.0001068,-0.0047971,-0.0051138,-0.0048221,-0.0050826,-0.0050272,-0.0094499,-0.00464,-8.48e-05,6.6e-05,-0.0045845,-0.009129,-0.0003925,-0.0042134,-0.004213,-0.0041573,-0.0041575,-0.0041002,-0.000579,0.0080457,1.46e-05,-0.0037118,7.81e-05,5.01e-05,5.84e-05,-5.5e-06,-2.58e-05,6.49e-05,8.54e-05,-0.0036012,-0.0035456,-0.0034928,-1.38e-05,-7.4e-06,0.006483,6.62e-05,7.2e-06,0.0038212,-0.0052109,-0.0051375,-3.18e-05,-2.88e-05,-0.0055863,-2.88e-05,1.45e-05,-0.0049171,-0.0060102,5.88e-05,-0.0060903,0.0019932,-2.05e-05,-0.0043317,0.004116,0.0002235,0.0002066,0.0026984,-0.0022662,-0.003583,0.0001708,-0.0036412,0.0001903,-0.0036084,0.0001894,0.000189,-0.0033828,-0.004354,-0.0021566,0.0003222,0.0003262,5.02e-05,0.0003184,0.0003189,-0.0065371,2.27e-05,4.83e-05,-0.0035761,-0.0035823,-0.0064046,3.47e-05,-0.0055346,3.89e-05,-0.0057284,-0.000855,0.0003702,0.0003579,-0.0063031,-0.0002743,5.4e-05,4.54e-05,5.39e-05,-0.0041855,0.0003626,0.0003525,-0.0041367,3.19e-05,-0.0038037,0.0003447,-0.0005018,4.12e-05,2.6e-05,5.23e-05,2.62e-05,0.0003451,0.0003556,0.0035618,-0.0037425,4.99e-05,2.8e-05,0.0036162,-0.0036805,2.83e-05,0.0036618,0.0003227,0.0015801,0.0002335,-0.0039893,0.0035922,0.0035911,2.3e-05,2.31e-05,4.71e-05,3.56e-05,3.56e-05,0.0002476,0.0002358,0.0028035,4.47e-05,4.45e-05,0.0036047,4.39e-05,0.0030971,0.0038215,4.34e-05,0.0002336,4.28e-05,0.0013591,0.0001522,2.87e-05,3.96e-05,3.85e-05,2.83e-05,2.83e-05,3.84e-05,3.88e-05,0.0033087,3.78e-05,2.75e-05,2.75e-05,3.8e-05,0.0011731,6.72e-05,3.46e-05,3.39e-05,3.77e-05,3.8e-05,3.74e-05,3.22e-05,3.66e-05,3.94e-05,0.0033373,7.82e-05,0.0035792,3.23e-05,0.0040914,2.59e-05,2.66e-05,2.71e-05,0.0004159,0.0003916,2.81e-05,0.0035464,3.35e-05,1.48e-05,1.48e-05,1.48e-05,4.33e-05,1.72e-05,4.94e-05,0.0035628,5.59e-05,5.6e-06,5.6e-06,0.0012087,-7.74e-05,0.001061,0.0013184,0.0012757,-6.3e-05,6.1e-06,2.93e-05,3.16e-05,-0.0014057,-2.1e-06,-1.16e-05,-1.2e-06,0.0035259,-8.11e-05,-0.0005533,-3.95e-05,3.62e-05,-4.48e-05,-0.0005154,6.6e-06,3.8e-06,9.5e-06,9.5e-06,2.27e-05,8.5e-06,0.0033318,-3.5e-06,9.3e-06,6.8e-06,-0.0004395,0.0033755,6.6e-05,5.64e-05,5.64e-05,9.1e-06,1.76e-05,8.4e-06,2.03e-05,1.56e-05,2.07e-05,0.0038955,4.6e-06,0.0002573,3.4e-06,3e-07,3e-07,-1.2e-06,0.0006151,2.2e-06,2e-07,-6e-07,4e-07,2e-07,0.0036678,2.1e-06,1.75e-05,-3.6e-06,-3.6e-06,-2.3e-06,-1.5e-06,-1.5e-06,-1.5e-06,4.5e-06,4.4e-06,4.4e-06
-0.0019239,-0.0037726,-0.0042801,-0.000801,-0.0024702,-0.0054238,0.0068634,-0.0032347,-0.0030907,-0.0030737,-0.002225,-0.0030445,-0.0030968,-0.0028957,-0.0020765,-0.002811,-0.0028543,0.0054246,-0.0026308,-0.0026488,-0.0025895,0.0052857,0.0018698,0.00517,-0.0024274,0.0023369,0.0023371,0.002337,0.0023155,0.0022935,0.0027287,0.002528,0.0018262,0.009778,0.0017812,0.0023762,0.0017667,0.0023592,0.0023336,-0.0014246,0.0016255,0.0043712,0.0091383,0.0016245,-0.0013706,-0.0028717,0.0015326,0.0015322,0.0015125,0.0015117,0.0014918,-0.002639,-0.000468,0.0039895,0.0015893,0.0080836,0.0081022,0.0080995,0.0039669,0.0039789,0.0079532,0.0079372,0.0015578,0.0015346,0.0015081,0.0038789,0.0038753,6.4e-06,0.0075542,0.0074306,0.0025083,0.0013081,0.0012805,0.0038224,0.0038222,0.001159,0.0038185,0.0078989,0.0029424,-0.0018957,0.0071025,-0.001869,-0.002021,0.0070767,-0.0023644,-0.0017661,0.0043135,0.0043074,-0.0020101,0.00038,0.0009925,0.0042351,0.0007554,0.0041519,0.0008123,0.0041513,0.0040656,0.0007671,0.0019436,0.003442,0.0039048,0.0038123,0.0061163,0.0038216,0.0038208,0.0003938,0.0059458,0.0059545,0.0007106,0.0007123,0.0004068,0.0058022,-0.0012258,0.0058057,-0.0011756,0.0036573,0.0036454,0.0036466,-0.0007648,-0.0021668,0.005619,0.0056281,0.0056199,-0.0016392,0.0035625,0.003564,-0.0015651,0.0054568,0.000519,0.0034666,-0.0021864,0.0052911,0.0052905,0.0052871,0.0052921,0.0033789,0.0033739,-0.0014488,-0.0015128,0.0051069,0.0051115,-0.0014313,-0.0015275,0.0051146,-0.0014157,0.0032843,0.0026166,0.0033166,-0.0014812,-0.0012806,-0.001281,0.0049214,0.0049187,0.004922,0.0049266,0.0049269,0.0032151,0.0032194,-0.0005818,0.0047324,0.0047335,-0.0011937,0.0047325,-0.0004914,0.0013217,0.0047332,0.0031129,0.0047282,0.0025118,0.0031453,0.004539,0.0045365,0.0045358,0.0045405,0.0045412,0.0045384,0.0045366,-0.001117,0.0045375,0.0045421,0.0045417,0.0045372,0.0027304,0.0029479,0.0043287,0.0043345,0.0043307,0.0043299,0.0043278,0.0043359,0.0043301,0.004328,-0.0010228,0.003006,-0.0003337,0.0043252,0.0005371,0.0043156,0.004314,0.0043141,0.0023751,0.0024332,0.0029864,-0.0002867,0.0040826,0.0040881,0.0040881,0.0040887,0.0040824,0.0040861,0.004084,-0.0002799,0.0040852,0.003173,0.003169,0.0028826,0.0031668,-0.0012237,-0.0012969,-0.0012806,-0.0011726,0.0037657,0.0037659,0.0037678,-0.0008514,0.0037651,0.0037553,0.003772,0.0005366,0.0031896,0.0027114,0.0032055,0.0036417,0.003224,0.0027775,0.0032483,0.0033633,0.0033703,0.0033717,0.0033739,0.003372,0.0005028,0.003364,0.0033794,0.0032437,0.0028442,0.0004918,0.0032613,0.0032572,0.0032554,0.0029761,0.0029797,0.0029782,0.0029797,0.0029809,0.0029858,-0.0003741,0.0029862,0.0033332,0.002682,0.0026855,0.0027757,0.0034721,0.0010675,0.0038548,0.0004878,0.0035608,0.0038681,0.0001667,2.1e-06,0.0036683,9.51e-05,0.0001033,0.0001268,0.0017879,-0.0023704,-0.0023695,-0.002371,0.0018215,-0.0013779,-0.0013779
0.0012677,0.0008376,-0.0016065,-0.0018735,-0.0013151,0.0065874,-0.0147534,0.0017899,0.001709,0.0017,-0.0010682,0.0005354,0.0005871,0.0004836,-0.0009944,0.0015266,0.0004775,-0.0117418,0.0014273,0.0004429,0.0014048,-0.0112724,0.0008066,-0.0110909,0.0013236,-0.0003491,-0.0003492,-0.0003492,-0.0003461,-0.0003428,-0.0013233,-0.0004875,0.0005744,0.0051956,0.0005526,-0.001223,0.0005556,-0.0012069,-0.0011937,-4.5e-06,0.0005536,-0.0093806,0.0048578,0.0005079,-2.4e-06,0.0011134,0.0004964,0.000497,0.0004895,0.0004909,0.0004832,0.0010779,0.0006774,-0.0084563,0.0004179,0.0043241,0.0043097,0.0043077,-0.0081436,-0.0081474,0.0042854,0.0043006,0.0003752,0.0003669,0.0003624,-0.0077207,-0.0077183,0.0006479,0.0041241,0.0040625,-0.0004016,0.0002564,0.000274,-0.007408,-0.0074089,0.0002569,-0.0074091,-0.00194,-0.0028556,0.0002324,0.004355,0.0002285,0.0009851,0.00437,0.0004029,0.00094,-0.0068783,-0.0068789,0.0009491,0.0005202,0.0002819,-0.0067557,0.0003319,-0.0066256,0.0003162,-0.0066261,-0.0064936,0.0002935,-0.0007526,-0.0059102,-0.006212,-0.0060709,0.0041123,-0.0060644,-0.006065,-0.0005874,0.0040423,0.0040382,0.0002503,0.0002499,-0.0005709,0.0039437,-8.53e-05,0.0039362,-7.1e-05,-0.0052848,-0.0057568,-0.0057568,-9.81e-05,0.0006275,0.003871,0.0038663,0.0038698,5.8e-05,-0.0055924,-0.0055918,4.16e-05,0.0037824,0.0001453,-0.0054319,0.0005281,0.0036712,0.0036763,0.0036728,0.0036737,-0.0052561,-0.0052547,0.0007094,5.41e-05,0.0035771,0.0035773,0.0007089,5.73e-05,0.003572,0.0007083,-0.0050807,-0.0045338,-0.0050967,7.8e-05,0.0005635,0.0005635,0.0034745,0.003479,0.0034761,0.0034734,0.0034728,-0.0049103,-0.004912,-0.000218,0.0033668,0.0033652,0.0005392,0.0033667,-0.0002193,-3.48e-05,0.0033656,-0.0047238,0.0033741,-0.0042484,-0.0047324,0.003253,0.0032524,0.0032551,0.0032508,0.0032498,0.0032511,0.0032525,0.000414,0.0032527,0.0032486,0.0032493,0.0032517,-0.0042924,-0.0043152,0.0031382,0.0031308,0.0031356,0.003135,0.0031383,0.0031294,0.0031351,0.0031371,0.000392,-0.0042702,-0.0002587,0.0031471,0.0002112,0.0031528,0.0031539,0.0031527,-0.0038352,-0.0038819,-0.0040447,-0.0002412,0.0030672,0.0030626,0.0030627,0.0030618,0.0030654,0.0030595,0.003062,-0.0002361,0.003059,-0.003885,-0.0038886,-0.0037209,-0.0038856,0.0001505,7.55e-05,9.65e-05,0.0002061,0.0030658,0.0030713,0.0030693,0.00025,0.0030625,0.0030692,0.0030539,0.000186,-0.0035151,-0.0032073,-0.0035308,0.0032326,-0.003509,-0.0032358,-0.0035168,0.0031232,0.0031181,0.0031164,0.0031169,0.0031159,0.0001775,0.0031188,0.0031076,-0.003127,-0.0029202,0.000175,-0.0031353,-0.0031369,-0.003139,0.0031097,0.00311,0.0031073,0.0031113,0.0031079,0.0031052,1e-05,0.0030946,-0.0025345,0.002951,0.0029421,0.002849,0.0006771,-7e-06,-0.0001167,0.0039958,8.67e-05,6.56e-05,0.0040149,1.75e-05,9.51e-05,0.0036656,0.0036655,0.0036652,0.0032466,0.0019238,0.0019255,0.0019226,0.0007725,-0.0025196,-0.0025196
0.0013657,0.0008661,-0.0016956,-0.0018941,-0.0014204,0.0065356,-0.0147388,0.0017417,0.0016629,0.0016542,-0.0011616,0.0005672,0.0006165,0.0005156,-0.0010816,0.0014866,0.0005092,-0.0117314,0.0013898,0.0004723,0.0013679,-0.0112604,0.0008844,-0.0110794,0.0012893,-0.0003785,-0.0003785,-0.0003785,-0.0003751,-0.0003715,-0.0012934,-0.0005116,0.0006464,0.0052075,0.0006222,-0.0011908,0.0006252,-0.0011746,-0.0011618,2.86e-05,0.0006201,-0.0093719,0.0048691,0.0005736,2.98e-05,0.0011026,0.0005583,0.0005588,0.0005505,0.0005519,0.0005433,0.0010707,0.0006421,-0.008449,0.0004758,0.0043339,0.0043198,0.0043176,-0.0081364,-0.0081401,0.0042952,0.0043102,0.0004314,0.0004223,0.0004168,-0.0077137,-0.0077113,0.0006282,0.0041333,0.0040721,-0.0003965,0.0003153,0.0003325,-0.0074012,-0.0074021,0.0003162,-0.0074023,-0.0019289,-0.0027998,0.0002452,0.0043635,0.0002421,0.0009698,0.0043788,0.0004028,0.0009145,-0.0068734,-0.006874,0.0009286,0.0005586,0.0003311,-0.0067506,0.0003792,-0.0066208,0.0003638,-0.0066213,-0.0064889,0.0003381,-0.0007169,-0.0058977,-0.006208,-0.0060672,0.0041196,-0.0060606,-0.0060611,-0.0005563,0.0040495,0.0040453,0.0002941,0.0002937,-0.00054,0.0039508,-7.17e-05,0.0039433,-5.5e-05,-0.0052671,-0.0057539,-0.0057538,-7.13e-05,0.0006134,0.0038777,0.003873,0.0038764,6.02e-05,-0.0055896,-0.0055889,4.43e-05,0.0037891,0.0001861,-0.0054291,0.0005118,0.0036776,0.0036828,0.003679,0.0036802,-0.0052534,-0.0052521,0.0006843,5.54e-05,0.0035831,0.0035835,0.0006838,5.8e-05,0.0035783,0.0006831,-0.005078,-0.00454,-0.0050934,8.24e-05,0.0005391,0.0005391,0.0034805,0.003485,0.003482,0.0034793,0.0034787,-0.0049073,-0.0049089,-0.000253,0.0033724,0.0033708,0.0005153,0.0033724,-0.0002549,-3.91e-05,0.0033712,-0.0047209,0.0033797,-0.0042535,-0.0047289,0.0032584,0.0032578,0.0032605,0.0032563,0.0032552,0.0032565,0.0032579,0.0003915,0.0032581,0.0032541,0.0032548,0.0032571,-0.0043008,-0.0043111,0.0031434,0.003136,0.0031407,0.0031401,0.0031434,0.0031346,0.0031402,0.0031422,0.0003699,-0.0042661,-0.0002935,0.0031523,0.000202,0.003158,0.003159,0.0031578,-0.0038367,-0.0038829,-0.00404,-0.0002746,0.003072,0.0030677,0.0030677,0.0030668,0.0030701,0.0030645,0.0030667,-0.0002695,0.0030636,-0.0038799,-0.0038835,-0.0037274,-0.0038798,0.0001354,5.55e-05,7.77e-05,0.0001999,0.0030705,0.0030759,0.0030739,0.0002577,0.0030672,0.003074,0.0030586,0.0001795,-0.0035093,-0.0031993,-0.0035252,0.0032369,-0.0035033,-0.0032279,-0.0035114,0.0031273,0.0031221,0.0031205,0.003121,0.0031199,0.0001713,0.0031229,0.0031117,-0.0031218,-0.0029127,0.0001684,-0.0031303,-0.0031319,-0.003134,0.0031132,0.0031135,0.0031107,0.0031148,0.0031114,0.0031087,-1.49e-05,0.0030981,-0.0025254,0.0029541,0.0029452,0.0028521,0.0006811,6.7e-06,-0.0001122,0.0039963,9.08e-05,7.01e-05,0.004015,-3.6e-06,0.0001033,0.0036655,0.0036656,0.0036654,0.0032503,0.0019226,0.0019243,0.0019214,0.0007867,-0.0025162,-0.0025162
0.0013678,0.0007795,-0.0018167,-0.0018678,-0.0015252,0.0065102,-0.0146953,0.0017309,0.0016526,0.0016439,-0.0012548,0.0005103,0.0005604,0.0004605,-0.0011685,0.001476,0.0004548,-0.011698,0.00138,0.0004219,0.0013582,-0.0112258,0.0009628,-0.0110462,0.0012806,-0.0003319,-0.000332,-0.000332,-0.000329,-0.0003259,-0.0012768,-0.0004658,0.0007186,0.0052548,0.0006924,-0.0011793,0.0006952,-0.0011629,-0.0011502,-8.6e-06,0.0006863,-0.009345,0.0049132,0.0006392,-5.9e-06,0.0010738,0.0006209,0.0006214,0.0006123,0.0006137,0.0006043,0.0010466,0.0006578,-0.0084246,0.000537,0.0043729,0.004359,0.0043567,-0.0081124,-0.008116,0.0043335,0.0043485,0.0004908,0.0004808,0.0004743,-0.0076905,-0.0076881,0.0006555,0.0041698,0.0041083,-0.000347,0.0003638,0.000381,-0.0073785,-0.0073794,0.0003616,-0.0073798,-0.0018881,-0.0027482,0.0002058,0.0043975,0.0002033,0.0009579,0.0044124,0.000357,0.0009064,-0.0068502,-0.0068508,0.0009149,0.0005988,0.0003783,-0.0067277,0.000422,-0.0065984,0.0004075,-0.0065989,-0.006467,0.0003793,-0.0006946,-0.0058866,-0.0061865,-0.0060463,0.0041488,-0.0060396,-0.0060401,-0.0005653,0.0040777,0.0040737,0.000332,0.0003317,-0.000548,0.0039786,-0.0001037,0.0039711,-8.47e-05,-0.0052357,-0.0057346,-0.0057343,-8.83e-05,0.0005827,0.0039044,0.0038998,0.0039031,2.15e-05,-0.0055708,-0.0055699,6.8e-06,0.0038151,0.0002168,-0.0054107,0.0004757,0.0037027,0.0037081,0.0037042,0.0037055,-0.0052356,-0.0052343,0.000673,1.95e-05,0.0036074,0.0036079,0.0006728,2.18e-05,0.0036027,0.0006725,-0.0050606,-0.0045272,-0.0050757,4.92e-05,0.0005294,0.0005294,0.0035038,0.0035083,0.0035054,0.0035028,0.0035022,-0.0048903,-0.0048918,-0.000284,0.0033949,0.0033933,0.0005067,0.0033949,-0.0002837,-7.7e-06,0.0033937,-0.0047045,0.0034022,-0.0042412,-0.0047122,0.00328,0.0032793,0.003282,0.0032779,0.0032768,0.003278,0.0032794,0.0003829,0.0032796,0.0032757,0.0032764,0.0032787,-0.0042946,-0.0042949,0.003164,0.0031565,0.0031612,0.0031607,0.003164,0.0031551,0.0031608,0.0031628,0.0003623,-0.0042497,-0.0003164,0.0031728,0.0002259,0.0031785,0.0031795,0.0031783,-0.0038278,-0.0038734,-0.0040232,-0.0002954,0.0030913,0.0030871,0.0030872,0.0030863,0.0030894,0.0030839,0.0030859,-0.0002902,0.0030828,-0.003862,-0.0038656,-0.0037177,-0.0038615,0.000118,3.23e-05,5.6e-05,0.0001864,0.0030883,0.0030939,0.0030919,0.0002546,0.0030851,0.0030918,0.0030765,0.0002026,-0.003491,-0.0031832,-0.0035069,0.0032542,-0.0034849,-0.0032115,-0.0034929,0.003143,0.0031379,0.0031363,0.0031368,0.0031357,0.0001929,0.0031387,0.0031275,-0.0031035,-0.0028962,0.0001896,-0.0031119,-0.0031137,-0.0031157,0.0031269,0.0031274,0.0031245,0.0031287,0.0031252,0.0031226,-1.97e-05,0.0031119,-0.0024987,0.0029664,0.0029574,0.0028648,0.0006974,3.65e-05,-9.38e-05,0.0039978,0.0001076,8.84e-05,0.0040151,-3.6e-06,0.0001268,0.0036652,0.0036654,0.0036656,0.0032608,0.0019135,0.0019152,0.0019123,0.000814,-0.0025146,-0.0025146
0.000271,-0.0008526,-0.0032564,-0.0020935,-0.0021887,0.003176,-0.0096926,1.9e-06,9e-07,1.2e-06,-0.0018714,-0.0008317,-0.0008152,-0.0008096,-0.0017444,-1.93e-05,-0.0007973,-0.0077304,-1.94e-05,-0.0007401,-1.92e-05,-0.0073879,0.0014922,-0.0072821,-1.27e-05,0.0006818,0.0006818,0.0006818,0.0006755,0.0006691,0.0001356,0.0006583,0.0012772,0.0091059,0.001239,6.82e-05,0.0012352,7.37e-05,7.3e-05,-0.0005726,0.0011716,-0.0061583,0.0085124,0.001132,-0.0005493,-0.0003435,0.0010813,0.0010816,0.0010667,0.0010676,0.0010524,-0.0002705,0.000303,-0.0055288,0.0010394,0.0075534,0.0075495,0.0075466,-0.0052656,-0.0052634,0.0074588,0.0074645,0.0009894,0.0009724,0.0009571,-0.004937,-0.0049366,0.0004918,0.0071314,0.0070197,0.0007415,0.000793,0.0007948,-0.0046896,-0.0046905,0.0007294,-0.0046923,0.0019927,-0.0011547,-0.0006035,0.0071225,-0.0005948,-9.08e-05,0.0071244,-0.0006752,-2.59e-05,-0.0039959,-0.0039992,-0.0001177,0.0005808,0.0006591,-0.0039252,0.0005974,-0.0038505,0.0006092,-0.0038512,-0.0037755,0.000571,0.000252,-0.0035329,-0.0036059,-0.0035257,0.0064497,-0.0035158,-0.0035166,-0.0002781,0.0063093,0.0063094,0.0005126,0.0005131,-0.0002598,0.0061556,-0.000577,0.0061507,-0.0005435,-0.002924,-0.0033284,-0.003328,-0.0003896,-0.0004303,0.0060067,0.0060068,0.0060061,-0.0006442,-0.0032235,-0.0032223,-0.0006255,0.0058535,0.0003427,-0.0031281,-0.0005164,0.005679,0.005683,0.0056785,0.0056815,-0.0030152,-0.0030165,-6.85e-05,-0.0005943,0.0055107,0.005513,-6.14e-05,-0.0005983,0.0055098,-5.54e-05,-0.0029062,-0.0027448,-0.0029048,-0.0005615,-0.0001189,-0.000119,0.0053347,0.0053373,0.0053361,0.0053359,0.0053356,-0.0027893,-0.0027887,-0.0004306,0.005152,0.0051511,-0.0001006,0.005152,-0.0003939,0.0005274,0.0051514,-0.002674,0.0051564,-0.0025434,-0.0026661,0.0049623,0.0049606,0.0049627,0.0049611,0.0049605,0.0049605,0.0049607,-0.0001719,0.0049614,0.0049599,0.0049603,0.0049603,-0.0024669,-0.0023943,0.0047638,0.0047601,0.0047626,0.0047614,0.0047634,0.0047595,0.0047617,0.0047624,-0.0001483,-0.0023278,-0.0003652,0.00477,0.0003802,0.0047706,0.0047707,0.0047697,-0.0022372,-0.0022512,-0.0021406,-0.0003308,0.0045868,0.0045854,0.0045854,0.0045849,0.0045852,0.0045818,0.004583,-0.0003234,0.0045809,-0.001914,-0.001919,-0.0019015,-0.0019178,-0.0004271,-0.0005193,-0.0004955,-0.0003548,0.0044376,0.0044421,0.0044413,-0.000174,0.0044345,0.0044358,0.0044301,0.0003622,-0.0015833,-0.0015358,-0.0015898,0.0045251,-0.001562,-0.00153,-0.0015577,0.0043,0.0042987,0.0042979,0.0042992,0.0042976,0.0003419,0.0042965,0.0042938,-0.0012192,-0.0012233,0.000335,-0.0012185,-0.0012216,-0.0012243,0.0041074,0.0041092,0.0041063,0.0041102,0.0041079,0.0041077,-0.0001809,0.0040991,-0.0006741,0.0038315,0.0038256,0.0037864,0.0022147,0.0004495,0.0016999,0.0037186,0.0017403,0.0018656,0.0035852,-2.3e-06,0.0017879,0.0032466,0.0032503,0.0032608,0.0036677,0.0005685,0.0005704,0.0005672,0.0014957,-0.0028576,-0.0028576
0.0027364,-9.98e-05,-0.0027173,0.0010276,-0.0035328,0.007672,-0.0127248,0.0035953,0.0034323,0.0034144,-0.0030557,0.0004887,0.0006042,0.0004002,-0.0028491,0.0030519,0.0003963,-0.010153,0.002856,0.0003675,0.0028108,-0.0096994,0.0025232,-0.0095522,0.0026572,-0.0002034,-0.0002036,-0.0002035,-0.0002018,-0.0001999,-0.0025694,-0.0004996,0.0021269,-0.0043416,0.0020593,-0.002417,0.0020651,-0.0023804,-0.0023543,-0.0004252,0.0020155,-0.0081346,-0.0040629,0.0019579,-0.0004002,0.0020002,0.001893,0.0018936,0.0018677,0.0018689,0.0018425,0.0019837,0.0015861,-0.0073758,0.0017224,-0.0035796,-0.0035959,-0.0036004,-0.0072018,-0.0072108,-0.0035057,-0.0034857,0.0016429,0.0016147,0.0015896,-0.0069172,-0.0069132,0.0016843,-0.0032992,-0.0032262,-0.0002366,0.0012835,0.0013214,-0.0067205,-0.0067198,0.0012776,-0.0067208,-0.0067787,-0.0018854,4.86e-05,-0.0028523,5.18e-05,0.0019259,-0.002838,0.0002764,0.0018339,-0.006878,-0.0068749,0.0018048,0.0019201,0.0015358,-0.0067523,0.0015824,-0.0066222,0.0015625,-0.0066215,-0.0064891,0.0014624,-0.0011988,-0.0060827,-0.0061961,-0.0060591,-0.0022598,-0.006058,-0.006058,-0.0011376,-0.0021786,-0.0021812,0.0013359,0.0013346,-0.0010928,-0.0021144,-0.0004173,-0.0021229,-0.0003435,-0.0049472,-0.0057977,-0.0057924,-0.0001289,0.0009454,-0.0020294,-0.0020357,-0.0020306,-0.0002702,-0.0056478,-0.0056446,-0.0002895,-0.0019514,0.0011096,-0.0054875,0.0006408,-0.0018941,-0.0018852,-0.0018911,-0.0018879,-0.0053319,-0.005328,0.0012366,-0.0002569,-0.0018107,-0.0018095,0.0012381,-0.000259,-0.0018148,0.0012399,-0.0051635,-0.0044395,-0.0051919,-0.0001425,0.0010759,0.0010759,-0.0017333,-0.0017289,-0.0017295,-0.0017339,-0.0017345,-0.0050209,-0.0050245,-0.0010961,-0.0016496,-0.0016512,0.0010314,-0.0016497,-0.0010786,0.0002292,-0.0016509,-0.0048467,-0.0016426,-0.0042037,-0.0048707,-0.0015688,-0.0015678,-0.0015694,-0.0015709,-0.0015719,-0.0015733,-0.0015676,0.0008839,-0.0015717,-0.001573,-0.0015723,-0.0015683,-0.0047489,-0.0044702,-0.0014763,-0.0014881,-0.0014844,-0.0014788,-0.0014756,-0.0014895,-0.0014788,-0.0014763,0.0008327,-0.0044924,-0.0009659,-0.0014716,0.0007626,-0.0014614,-0.0014601,-0.0014611,-0.0040066,-0.0040592,-0.004327,-0.0008986,-0.0013372,-0.0013384,-0.0013383,-0.0013393,-0.0013408,-0.0013404,-0.0013453,-0.0008964,-0.0013495,-0.0043706,-0.0043696,-0.0044058,-0.0043446,0.0004134,0.0001593,0.0002306,0.0005891,-0.0011004,-0.001091,-0.0010929,0.0008201,-0.0011022,-0.0010911,-0.0011118,0.0007086,-0.0041628,-0.0036317,-0.0041846,-0.000916,-0.0041862,-0.0036964,-0.0042103,-0.0007803,-0.0007884,-0.0007902,-0.0007878,-0.0007911,0.0006672,-0.0007831,-0.0008008,-0.0040008,-0.0035808,0.0006587,-0.0040157,-0.0040191,-0.0040189,-0.000508,-0.0005056,-0.0005113,-0.0005033,-0.0005087,-0.0005108,0.0001204,-0.0005261,-0.0033437,-0.0003804,-0.0003941,-0.0005119,-0.0022147,0.0004286,-0.002925,0.0018145,-0.002602,-0.0028422,0.0020639,-1.5e-06,-0.0023704,0.0019238,0.0019226,0.0019135,0.0005685,0.0029331,0.0029331,0.0029331,-5e-07,3.25e-05,3.25e-05
0.0027358,-9.72e-05,-0.0027144,0.0010251,-0.0035296,0.0076732,-0.0127297,0.0035949,0.0034319,0.003414,-0.0030528,0.0004901,0.0006056,0.0004016,-0.0028465,0.0030515,0.0003976,-0.0101569,0.0028556,0.0003688,0.0028105,-0.0097032,0.0025208,-0.0095559,0.0026569,-0.0002046,-0.0002047,-0.0002046,-0.000203,-0.0002011,-0.0025693,-0.0005007,0.0021246,-0.0043363,0.0020571,-0.0024167,0.0020629,-0.0023802,-0.0023541,-0.0004241,0.0020134,-0.0081377,-0.0040579,0.0019558,-0.0003991,0.0020005,0.001891,0.0018916,0.0018657,0.0018669,0.0018406,0.001984,0.0015854,-0.0073785,0.0017205,-0.0035751,-0.0035915,-0.003596,-0.0072044,-0.0072134,-0.0035013,-0.0034813,0.001641,0.0016128,0.0015878,-0.0069196,-0.0069157,0.0016832,-0.003295,-0.0032221,-0.0002378,0.001282,0.0013198,-0.0067228,-0.0067221,0.0012761,-0.0067231,-0.0067772,-0.0018876,4.96e-05,-0.0028482,5.28e-05,0.0019258,-0.0028338,0.0002775,0.0018337,-0.0068798,-0.0068767,0.0018048,0.0019186,0.0015342,-0.0067541,0.0015809,-0.006624,0.001561,-0.0066233,-0.0064909,0.001461,-0.0011991,-0.006084,-0.0061978,-0.0060608,-0.0022561,-0.0060596,-0.0060596,-0.0011372,-0.0021749,-0.0021775,0.0013346,0.0013333,-0.0010924,-0.0021108,-0.0004164,-0.0021193,-0.0003427,-0.0049491,-0.0057992,-0.0057939,-0.0001286,0.000946,-0.0020259,-0.0020322,-0.0020271,-0.0002692,-0.0056493,-0.0056461,-0.0002885,-0.001948,0.0011085,-0.0054889,0.0006416,-0.0018908,-0.0018819,-0.0018878,-0.0018846,-0.0053332,-0.0053293,0.0012367,-0.0002559,-0.0018075,-0.0018063,0.0012381,-0.0002581,-0.0018116,0.00124,-0.0051648,-0.0044407,-0.0051932,-0.0001416,0.001076,0.0010759,-0.0017302,-0.0017258,-0.0017265,-0.0017308,-0.0017314,-0.0050222,-0.0050257,-0.001095,-0.0016466,-0.0016482,0.0010314,-0.0016467,-0.0010775,0.0002283,-0.0016479,-0.0048479,-0.0016396,-0.0042049,-0.0048719,-0.0015659,-0.0015649,-0.0015665,-0.001568,-0.0015691,-0.0015704,-0.0015647,0.0008839,-0.0015688,-0.0015702,-0.0015695,-0.0015654,-0.0047496,-0.0044713,-0.0014735,-0.0014853,-0.0014816,-0.0014761,-0.0014728,-0.0014867,-0.001476,-0.0014735,0.0008327,-0.0044935,-0.0009651,-0.0014688,0.0007618,-0.0014586,-0.0014573,-0.0014584,-0.0040075,-0.0040601,-0.0043279,-0.0008978,-0.0013345,-0.0013358,-0.0013357,-0.0013366,-0.0013381,-0.0013377,-0.0013427,-0.0008956,-0.0013469,-0.0043715,-0.0043705,-0.0044063,-0.0043454,0.0004137,0.0001598,0.000231,0.0005892,-0.0010978,-0.0010885,-0.0010903,0.0008199,-0.0010997,-0.0010885,-0.0011093,0.0007078,-0.0041635,-0.0036325,-0.0041853,-0.0009134,-0.0041869,-0.0036971,-0.004211,-0.0007779,-0.0007859,-0.0007878,-0.0007854,-0.0007886,0.0006665,-0.0007807,-0.0007984,-0.0040013,-0.0035813,0.000658,-0.0040162,-0.0040196,-0.0040194,-0.0005057,-0.0005032,-0.0005089,-0.0005009,-0.0005064,-0.0005085,0.0001204,-0.0005237,-0.0033443,-0.0003782,-0.0003919,-0.0005097,-0.0022133,0.0004277,-0.0029238,0.0018164,-0.0026008,-0.0028409,0.0020657,-1.5e-06,-0.0023695,0.0019255,0.0019243,0.0019152,0.0005704,0.0029331,0.0029331,0.0029331,-5e-07,3.06e-05,3.06e-05
0.0027367,-0.0001016,-0.0027193,0.0010294,-0.003535,0.0076712,-0.0127214,0.0035957,0.0034327,0.0034147,-0.0030577,0.0004878,0.0006033,0.0003993,-0.002851,0.0030521,0.0003954,-0.0101504,0.0028562,0.0003667,0.002811,-0.0096968,0.0025249,-0.0095496,0.0026574,-0.0002026,-0.0002028,-0.0002026,-0.000201,-0.0001991,-0.0025695,-0.0004988,0.0021285,-0.0043453,0.0020608,-0.0024171,0.0020666,-0.0023805,-0.0023544,-0.000426,0.0020169,-0.0081325,-0.0040663,0.0019594,-0.0004009,0.0019999,0.0018944,0.001895,0.001869,0.0018703,0.0018439,0.0019836,0.0015867,-0.0073739,0.0017237,-0.0035826,-0.003599,-0.0036035,-0.0072,-0.007209,-0.0035087,-0.0034887,0.0016442,0.001616,0.0015909,-0.0069155,-0.0069116,0.001685,-0.0033021,-0.003229,-0.0002357,0.0012846,0.0013224,-0.0067189,-0.0067183,0.0012786,-0.0067193,-0.0067797,-0.0018839,4.79e-05,-0.0028552,5.11e-05,0.001926,-0.0028408,0.0002756,0.001834,-0.0068767,-0.0068736,0.0018048,0.0019212,0.001537,-0.0067511,0.0015835,-0.006621,0.0015636,-0.0066203,-0.006488,0.0014634,-0.0011986,-0.0060818,-0.006195,-0.006058,-0.0022624,-0.0060569,-0.0060569,-0.0011379,-0.0021811,-0.0021837,0.0013368,0.0013356,-0.0010931,-0.0021168,-0.0004179,-0.0021254,-0.000344,-0.0049459,-0.0057966,-0.0057914,-0.0001292,0.000945,-0.0020318,-0.0020381,-0.002033,-0.000271,-0.0056468,-0.0056436,-0.0002902,-0.0019537,0.0011104,-0.0054865,0.0006403,-0.0018964,-0.0018875,-0.0018933,-0.0018902,-0.0053309,-0.0053271,0.0012366,-0.0002575,-0.0018129,-0.0018117,0.001238,-0.0002597,-0.0018169,0.0012399,-0.0051626,-0.0044386,-0.005191,-0.0001431,0.0010759,0.0010759,-0.0017355,-0.001731,-0.0017317,-0.001736,-0.0017366,-0.0050201,-0.0050236,-0.0010969,-0.0016516,-0.0016533,0.0010314,-0.0016518,-0.0010793,0.0002297,-0.001653,-0.0048459,-0.0016446,-0.004203,-0.0048699,-0.0015707,-0.0015698,-0.0015713,-0.0015728,-0.0015739,-0.0015753,-0.0015696,0.0008839,-0.0015736,-0.001575,-0.0015743,-0.0015703,-0.0047484,-0.0044695,-0.0014782,-0.00149,-0.0014862,-0.0014807,-0.0014774,-0.0014913,-0.0014806,-0.0014782,0.0008327,-0.0044917,-0.0009665,-0.0014735,0.0007631,-0.0014633,-0.001462,-0.001463,-0.0040061,-0.0040586,-0.0043263,-0.0008991,-0.001339,-0.0013402,-0.0013401,-0.0013411,-0.0013426,-0.0013422,-0.0013472,-0.0008969,-0.0013513,-0.00437,-0.004369,-0.0044054,-0.004344,0.0004132,0.000159,0.0002303,0.000589,-0.0011021,-0.0010928,-0.0010946,0.0008202,-0.001104,-0.0010928,-0.0011136,0.0007091,-0.0041623,-0.0036313,-0.0041841,-0.0009178,-0.0041857,-0.0036959,-0.0042099,-0.000782,-0.0007901,-0.0007919,-0.0007895,-0.0007927,0.0006677,-0.0007848,-0.0008025,-0.0040005,-0.0035804,0.0006592,-0.0040154,-0.0040188,-0.0040185,-0.0005096,-0.0005072,-0.0005129,-0.0005049,-0.0005103,-0.0005124,0.0001204,-0.0005277,-0.0033433,-0.0003819,-0.0003956,-0.0005134,-0.0022157,0.0004292,-0.0029257,0.0018131,-0.0026028,-0.002843,0.0020626,-1.5e-06,-0.002371,0.0019226,0.0019214,0.0019123,0.0005672,0.0029331,0.0029331,0.0029331,-5e-07,3.39e-05,3.39e-05
0.0010792,-0.0091007,-0.0136472,0.0029224,-0.0121414,-5.66e-05,-2.47e-05,-4.6e-06,-1.01e-05,-8.3e-06,-0.0107614,-0.0058189,-0.0057036,-0.0056645,-0.0100397,-0.0001496,-0.0055801,-0.0001597,-0.0001389,-0.0051787,-0.0001375,0.0001231,0.0090377,3.59e-05,-8.26e-05,0.0048189,0.0048189,0.0048189,0.0047741,0.0047289,0.00093,0.00465,0.008252,0.0041452,0.0080209,0.0004474,0.0080014,0.0004824,0.0004775,-0.0040421,0.0075914,-0.0001061,0.0038586,0.0075016,-0.0038696,-0.0023949,0.0071693,0.0071692,0.0070743,0.0070742,0.0069783,-0.001912,0.0021452,-9.59e-05,0.0069666,0.0034184,0.0034334,0.0034193,-7.02e-05,-6.28e-05,0.0033675,0.0033658,0.0067578,0.0066512,0.006541,-3.63e-05,-3.68e-05,0.0033914,0.0032129,0.0031994,0.0051176,0.0054945,0.0055092,-2.67e-05,-2.44e-05,0.0051672,-3.42e-05,0.0022647,0.0047125,-0.0041222,0.0030933,-0.0040551,-0.0006467,0.0030569,-0.0047272,-0.0002746,3.15e-05,2.69e-05,-0.0008711,0.0048226,0.0054271,3.51e-05,0.0049902,3.12e-05,0.0050784,3.23e-05,2.59e-05,0.00477,0.0019636,-0.0009535,8.59e-05,6.71e-05,0.002736,8.21e-05,8.11e-05,-0.0013102,0.0026541,0.0026706,0.0043945,0.0043954,-0.0011927,0.0026192,-0.0034955,0.002614,-0.0032303,0.0015437,1.8e-06,1.7e-05,-0.0018329,-0.0029287,0.002523,0.0025319,0.0025232,-0.0041515,8.1e-06,1.82e-05,-0.0040253,0.0024713,0.003566,1.69e-05,-0.0035939,0.0023874,0.0024017,0.0023848,0.0024014,1.44e-05,1.17e-05,-0.0008002,-0.0038492,0.0023092,0.0023214,-0.0007595,-0.0038883,0.0023208,-0.0007217,2.87e-05,-0.0002151,4.46e-05,-0.0035361,-0.0006755,-0.0006764,0.0022228,0.002223,0.0022315,0.0022335,0.0022335,3.89e-05,4.1e-05,-0.00359,0.0021504,0.0021504,-0.000575,0.0021504,-0.0033563,0.003364,0.0021503,3.9e-05,0.0021504,-0.0001829,5.77e-05,0.0020685,0.0020663,0.002058,0.0020688,0.0020688,0.0020583,0.0020669,-0.0006339,0.0020587,0.0020695,0.0020695,0.0020672,-0.0009928,0.0001488,0.0019804,0.0019724,0.0019682,0.0019804,0.0019804,0.0019734,0.001981,0.0019803,-0.0005365,0.0001665,-0.0027104,0.0019747,0.0027451,0.0019729,0.0019716,0.0019706,-0.0004561,-0.0004102,0.0002742,-0.0024701,0.0018818,0.0018954,0.0018954,0.0018954,0.0018749,0.0018899,0.001871,-0.0024561,0.0018668,0.0003804,0.0003784,-0.0004825,0.0004304,-0.0017106,-0.00239,-0.0022082,-0.0012501,0.0017938,0.0018107,0.0018127,-8.29e-05,0.0017918,0.0017906,0.0017926,0.0026384,0.0005054,0.0004452,0.0005037,0.0017953,0.0005141,0.0004587,0.0005155,0.0016634,0.0016643,0.0016645,0.0016745,0.0016638,0.0024766,0.0016629,0.0016649,0.0005789,0.0005272,0.0024363,0.0005893,0.0005743,0.0005733,0.0015283,0.0015415,0.0015276,0.0015455,0.0015386,0.001547,-0.0004751,0.0015225,0.0016927,0.0013992,0.0013833,0.0013904,0.0011439,0.0032641,0.001109,0.000961,0.0010496,0.0011342,0.0008719,4.5e-06,0.0018215,0.0007725,0.0007867,0.000814,0.0014957,-5e-07,-5e-07,-5e-07,0.0029339,-5e-07,-5e-07
0.0008599,-0.0039001,-0.0043604,0.0038868,-0.0048391,-0.0016745,0.0072492,0.0007498,0.0007138,0.0007107,-0.0043435,-0.0020842,-0.0020166,-0.0020447,-0.0040534,0.0005819,-0.0020141,0.0057076,0.0005463,-0.0018691,0.0005375,0.0055995,0.0037202,0.0054764,0.0005272,0.0017753,0.0017753,0.0017753,0.0017587,0.0017421,-0.0001922,0.0016491,0.0034469,-0.008076,0.0033513,-0.0003432,0.0033462,-0.0003229,-0.0003192,-0.0016134,0.0031868,0.0045481,-0.0075591,0.0031684,-0.001542,-0.0004792,0.0030332,0.003033,0.0029932,0.0029926,0.0029525,-0.0003052,0.0011425,0.0040677,0.0029345,-0.006705,-0.0066966,-0.0067019,0.0038479,0.0038476,-0.0066192,-0.0066217,0.00286,0.0028158,0.0027687,0.0035886,0.0035887,0.0016205,-0.0063211,-0.0061984,0.0018632,0.0023262,0.0023399,0.0033814,0.0033837,0.0022191,0.0033802,-0.002281,0.0032487,-0.0015242,-0.0062807,-0.0014974,0.0001592,-0.0062986,-0.0017189,0.0002678,0.002668,0.0026696,4.42e-05,0.0023262,0.002481,0.0026238,0.0023259,0.0025725,0.0023557,0.0025739,0.0025208,0.0022127,0.0005158,0.001846,0.0024399,0.0023766,-0.0056537,0.0023745,0.0023748,-0.0006379,-0.0055355,-0.0055276,0.0020499,0.0020497,-0.0005859,-0.0053829,-0.0013218,-0.0053823,-0.0012022,0.0027644,0.0021951,0.0022038,-0.000585,-0.0008903,-0.0052627,-0.0052595,-0.0052622,-0.0015647,0.0021224,0.0021272,-0.0015219,-0.0051163,0.0017439,0.0020628,-0.0012133,-0.0049693,-0.0049641,-0.0049695,-0.0049633,0.0019786,0.0019792,-8.84e-05,-0.0014551,-0.0048203,-0.0048159,-7.4e-05,-0.0014719,-0.0048141,-6e-05,0.0019097,0.0017688,0.0019105,-0.0013013,-5.3e-06,-5.6e-06,-0.0046688,-0.0046705,-0.0046649,-0.0046646,-0.0046643,0.0018251,0.0018249,-0.0016635,-0.0045019,-0.0045013,1.92e-05,-0.0045019,-0.0015755,0.0012644,-0.0045015,0.0017436,-0.0045049,0.0016287,0.0017402,-0.0043333,-0.0043324,-0.0043393,-0.0043323,-0.0043319,-0.0043377,-0.0043322,3.05e-05,-0.0043381,-0.0043312,-0.0043315,-0.0043318,0.001013,0.0015933,-0.0041565,-0.0041594,-0.0041633,-0.0041546,-0.0041559,-0.0041586,-0.0041545,-0.0041551,4.64e-05,0.0015297,-0.0012439,-0.0041648,0.001204,-0.0041642,-0.0041648,-0.0041645,0.0012137,0.001241,0.0014289,-0.0011395,-0.0039975,-0.0039892,-0.0039892,-0.0039889,-0.0040002,-0.0039888,-0.004001,-0.0011393,-0.0040019,0.001243,0.0012473,0.0007722,0.0012784,-0.000369,-0.0006826,-0.0005971,-0.0001657,-0.0038408,-0.0038347,-0.0038332,0.000307,-0.0038391,-0.0038387,-0.0038362,0.0011554,0.001013,0.0010443,0.0010142,-0.0038911,0.0009908,0.0010319,0.0009821,-0.0037008,-0.0037007,-0.0037002,-0.0036958,-0.0037004,0.001083,-0.0036981,-0.0036981,0.0007123,0.0007776,0.0010673,0.0007139,0.0007086,0.0007108,-0.003517,-0.0035114,-0.0035168,-0.0035099,-0.0035122,-0.0035081,-3.75e-05,-0.0035152,0.0008734,-0.0032749,-0.00328,-0.0032608,-0.0021364,0.0013339,-0.0017761,-0.0029277,-0.0017808,-0.0019154,-0.0027853,4.4e-06,-0.0013779,-0.0025196,-0.0025162,-0.0025146,-0.0028576,3.25e-05,3.06e-05,3.39e-05,-5e-07,0.0029346,0.0029346
0.0008599,-0.0039001,-0.0043604,0.0038868,-0.0048391,-0.0016745,0.0072492,0.0007498,0.0007138,0.0007107,-0.0043435,-0.0020842,-0.0020166,-0.0020448,-0.0040534,0.0005819,-0.0020141,0.0057076,0.0005463,-0.0018691,0.0005375,0.0055996,0.0037202,0.0054764,0.0005272,0.0017753,0.0017753,0.0017753,0.0017587,0.0017421,-0.0001922,0.0016491,0.0034469,-0.008076,0.0033513,-0.0003432,0.0033462,-0.0003229,-0.0003192,-0.0016134,0.0031868,0.0045481,-0.0075591,0.0031684,-0.001542,-0.0004792,0.0030332,0.003033,0.0029932,0.0029926,0.0029525,-0.0003052,0.0011425,0.0040677,0.0029345,-0.006705,-0.0066966,-0.0067019,0.0038479,0.0038476,-0.0066192,-0.0066217,0.00286,0.0028158,0.0027687,0.0035886,0.0035887,0.0016205,-0.0063211,-0.0061984,0.0018632,0.0023262,0.0023399,0.0033814,0.0033837,0.0022191,0.0033802,-0.002281,0.0032487,-0.0015242,-0.0062807,-0.0014974,0.0001592,-0.0062986,-0.0017189,0.0002678,0.0026681,0.0026696,4.42e-05,0.0023262,0.002481,0.0026238,0.0023259,0.0025725,0.0023557,0.0025739,0.0025208,0.0022127,0.0005158,0.001846,0.0024399,0.0023766,-0.0056537,0.0023745,0.0023748,-0.0006379,-0.0055355,-0.0055276,0.0020499,0.0020497,-0.0005859,-0.0053829,-0.0013218,-0.0053823,-0.0012022,0.0027644,0.0021951,0.0022038,-0.000585,-0.0008903,-0.0052627,-0.0052595,-0.0052622,-0.0015647,0.0021224,0.0021272,-0.0015219,-0.0051163,0.0017439,0.0020628,-0.0012133,-0.0049693,-0.0049642,-0.0049695,-0.0049633,0.0019786,0.0019793,-8.84e-05,-0.0014551,-0.0048203,-0.0048159,-7.4e-05,-0.0014719,-0.0048141,-6e-05,0.0019097,0.0017688,0.0019105,-0.0013013,-5.3e-06,-5.6e-06,-0.0046688,-0.0046705,-0.0046649,-0.0046646,-0.0046643,0.0018251,0.0018249,-0.0016635,-0.0045019,-0.0045013,1.92e-05,-0.0045019,-0.0015755,0.0012644,-0.0045015,0.0017436,-0.0045049,0.0016287,0.0017402,-0.0043333,-0.0043324,-0.0043393,-0.0043324,-0.0043319,-0.0043377,-0.0043322,3.05e-05,-0.0043381,-0.0043312,-0.0043315,-0.0043318,0.001013,0.0015933,-0.0041565,-0.0041594,-0.0041633,-0.0041546,-0.0041559,-0.0041586,-0.0041545,-0.0041551,4.64e-05,0.0015297,-0.0012439,-0.0041648,0.001204,-0.0041642,-0.0041648,-0.0041645,0.0012137,0.001241,0.0014289,-0.0011395,-0.0039975,-0.0039892,-0.0039892,-0.0039889,-0.0040002,-0.0039888,-0.004001,-0.0011393,-0.0040019,0.001243,0.0012473,0.0007722,0.0012784,-0.000369,-0.0006826,-0.0005971,-0.0001657,-0.0038409,-0.0038347,-0.0038332,0.000307,-0.0038391,-0.0038387,-0.0038363,0.0011554,0.001013,0.0010443,0.0010142,-0.0038911,0.0009908,0.0010319,0.0009821,-0.0037008,-0.0037007,-0.0037002,-0.0036958,-0.0037004,0.001083,-0.0036981,-0.0036981,0.0007123,0.0007776,0.0010673,0.0007139,0.0007086,0.0007108,-0.003517,-0.0035114,-0.0035168,-0.0035099,-0.0035122,-0.0035081,-3.75e-05,-0.0035152,0.0008734,-0.0032749,-0.00328,-0.0032608,-0.0021364,0.0013339,-0.0017761,-0.0029277,-0.0017808,-0.0019154,-0.0027853,4.4e-06,-0.0013779,-0.0025196,-0.0025162,-0.0025146,-0.0028576,3.25e-05,3.06e-05,3.39e-05,-5e-07,0.0029346,0.0029346
