Method,D,V,M,L,HT
Nmcs,-0.3218277965587354,0.10004933062431132,-0.1579110483684041,0.3684237536164016,37.13119950829104
Nmcs,-0.04161257273240647,0.16928843628872026,-0.061802785920716724,0.4623917127776316,42.59199303680672
Nmcs,-0.35804413936406143,0.05338954039327548,-0.22797765016808857,0.24067097374910945,45.08015844663716
Nmcs,-0.32459213596890735,0.08752278775338235,-0.09966479777570907,0.4947196920740033,41.66651585927031
Nmcs,0.046825426750710386,0.0863362616684784,-0.24318187048861753,0.4408332505568878,30.4022116755693
Nmcs,-0.07785125539442875,0.16024960209604303,-0.17939229988098676,0.4430916301020098,49.04723588377286
Nmcs,-0.5006878041159737,0.3135636354775276,-0.08188690749680236,1.589235370228052,95.33350925189873
Nmcs,-0.28729834387877284,0.1030444149266306,-0.0942170154981439,0.5020013281103439,41.01767965623024
Nmcs,-0.5218406199468673,0.10265334645705933,-0.18112158497397976,0.4032819402880018,34.04970784403232
Nmcs,-0.4520357908126175,0.07900096039428421,-0.13205225916047292,0.2632357193271228,49.90581761635953
Nmcs,-0.41568880319904844,0.15816438162944876,-0.4526070747391986,0.2155732084429356,48.28293693779149
Nmcs,-0.1477030143545557,0.09101375853413027,-0.1424736216419091,0.4472132638480825,31.473956567483715
Nmcs,-0.03605478875032645,0.10054809870551898,-0.21517377790004297,0.4675448403117066,29.390784783099424
Nmcs,-0.18059521376109555,0.1113339327857162,-0.156525404953173,0.4451235740166373,27.59065987291765
Nmcs,-0.28729834387877284,0.1030444149266306,-0.0942170154981439,0.5020013281103439,41.01767965623024
Nmcs,-0.4616568761669308,0.15773877349179705,-0.17421584794701475,0.2908683581377489,61.16098911923364
Nmcs,-0.10315413249908134,0.07262866764611849,-0.10368088609847587,0.4451573023767939,41.09503894506148
Nmcs,0.20970269887559556,0.3725467597022468,-0.008674636006816276,1.5396253955569703,63.008290473750975
Nmcs,-0.5217929465223097,0.18335842384782666,-0.4036040653547129,0.25164674546740246,52.502681543609725
Nmcs,-0.21875962141002483,0.17055130722535844,-0.29777134318796517,0.421116338710768,53.70847060603462
Nmcs,-0.05475932409756481,0.19228683018748005,-0.18446260628383213,0.5939979844593342,63.79597389982263
Nmcs,0.046825426750710386,0.0863362616684784,-0.24318187048861753,0.4408332505568878,30.4022116755693
Nmcs,-0.26068500418389634,0.03136109367110243,-0.18049163351044184,0.22567460930288422,47.007512374522484
Nmcs,-0.22844522117075886,0.09698941390521316,-0.08325604211442145,0.5014928507986248,40.25332648706797
Nmcs,-0.22844522117075886,0.09698941390521316,-0.08325604211442145,0.5014928507986248,40.25332648706797
Nmcs,-0.04651336203266476,0.18688403119200175,-0.10195915556016613,0.4648720686194054,43.27612856843568
Nmcs,-0.4520357908126175,0.07900096039428421,-0.13205225916047292,0.2632357193271228,49.90581761635953
Nmcs,-0.03196642881078776,0.09750245691633919,-0.34374528195377235,0.4121774549933986,31.471959059101394
Nmcs,-0.5060508712386498,0.10439699094142414,-0.2488273974581124,0.4109102172555266,48.049747670419286
Nmcs,-0.06593662554242864,0.028817673843049802,-0.13575099373962163,0.18249236355516085,44.46439739578009
Nmcs,-0.6471113334716534,0.1346041863123591,-0.08137815812874626,0.428756526019984,44.405584766389346
Nmcs,-0.41568880319904844,0.15816438162944876,-0.4526070747391986,0.2155732084429356,48.28293693779149
Nmcs,0.20970269887559556,0.3725467597022468,-0.008674636006816276,1.5396253955569703,63.008290473750975
Nmcs,0.06353513294054376,0.11984914659031976,-0.30531533697761787,0.32726393771203793,49.433492020963016
Nmcs,-0.07785125539442875,0.16024960209604303,-0.17939229988098676,0.4430916301020098,49.04723588377286
Nmcs,-0.35804413936406143,0.05338954039327548,-0.22797765016808857,0.24067097374910945,45.08015844663716
Nmcs,-0.020485099389976204,0.14607051225218556,-0.3521731458597481,0.3221071229749952,49.67826815908886
Nmcs,0.06353513294054376,0.11984914659031976,-0.30531533697761787,0.32726393771203793,49.433492020963016
Nmcs,0.20970269887559556,0.3725467597022468,-0.008674636006816276,1.5396253955569703,63.008290473750975
Nmcs,-0.11378526334673983,0.2219178428977849,0.02628995243084917,0.5403396627902316,33.575467601818744
Nmcs,-0.19837268311151965,0.024329986866063625,-0.38418681962150225,0.35666702941350537,44.997604901447176
Nmcs,-0.18059521376109555,0.1113339327857162,-0.156525404953173,0.4451235740166373,27.59065987291765
Nmcs,0.08895007996619439,0.10326139932358429,-0.304680838251988,0.4065919976124728,29.629902670881062
Nmcs,-0.5664728877166063,0.10972355829666217,-0.1776100173061343,0.28975525806445424,45.853407251620396
Nmcs,-0.32459213596890735,0.08752278775338235,-0.09966479777570907,0.4947196920740033,41.66651585927031
Nmcs,-0.3643680111968223,0.07064491809893167,-0.17859243904870817,0.3948669144172051,31.548915075762547
Nmcs,0.06993091149870184,0.10189715159534578,-0.3101796784965371,0.40350628940367894,30.677402733150277
Nmcs,-0.03196642881078776,0.09750245691633919,-0.34374528195377235,0.4121774549933986,31.471959059101394
Nmcs,-0.17505856714342155,0.08470782124119643,-0.11678436308062562,0.46046853117439734,39.21194103829145
Nmcs,0.5022427728367738,0.06307002955365978,-0.0931844008032908,1.3019970489677917,96.96438684607116
Nmcs,-0.22844522117075886,0.09698941390521316,-0.08325604211442145,0.5014928507986248,40.25332648706797
Nmcs,-0.19837268311151965,0.024329986866063625,-0.38418681962150225,0.35666702941350537,44.997604901447176
Nmcs,-0.19837268311151965,0.024329986866063625,-0.38418681962150225,0.35666702941350537,44.997604901447176
Nmcs,-0.11469984899395137,0.05707784766066966,-0.14287051719458432,0.21405097044033197,44.60838804495485
Nmcs,-0.35804413936406143,0.05338954039327548,-0.22797765016808857,0.24067097374910945,45.08015844663716
Nmcs,0.23479908700105173,0.17112487953239372,-0.11982507840590823,1.3796973399845034,95.99318450574292
Nmcs,0.0735047522721589,0.019466742170863627,-0.16936236507062008,0.37454075515650276,36.48196928340217
Nmcs,-0.06362851222030977,0.06994381411954531,-0.09020418882454057,0.457089142053832,32.171847394692094
Nmcs,-0.4520357908126175,0.07900096039428421,-0.13205225916047292,0.2632357193271228,49.90581761635953
Nmcs,-0.18059521376109555,0.1113339327857162,-0.156525404953173,0.4451235740166373,27.59065987291765
Nmcs,-0.05988765320260632,0.06359344731493709,-0.3035875253949136,0.4322292374464047,40.169586953124906
Nmcs,-0.05437424920501446,0.04096700376529885,-0.3368727826702966,0.38746788582994457,43.911350112930215
Nmcs,-0.3643680111968223,0.07064491809893167,-0.17859243904870817,0.3948669144172051,31.548915075762547
Nmcs,-0.11378526334673983,0.2219178428977849,0.02628995243084917,0.5403396627902316,33.575467601818744
Nmcs,-0.28729834387877284,0.1030444149266306,-0.0942170154981439,0.5020013281103439,41.01767965623024
Nmcs,-0.19837268311151965,0.024329986866063625,-0.38418681962150225,0.35666702941350537,44.997604901447176
Nmcs,-0.07785125539442875,0.16024960209604303,-0.17939229988098676,0.4430916301020098,49.04723588377286
Nmcs,-0.35804413936406143,0.05338954039327548,-0.22797765016808857,0.24067097374910945,45.08015844663716
Nmcs,-0.35804413936406143,0.05338954039327548,-0.22797765016808857,0.24067097374910945,45.08015844663716
Nmcs,-0.17505856714342155,0.08470782124119643,-0.11678436308062562,0.46046853117439734,39.21194103829145
Nmcs,-0.4616568761669308,0.15773877349179705,-0.17421584794701475,0.2908683581377489,61.16098911923364
Nmcs,-0.11378526334673983,0.2219178428977849,0.02628995243084917,0.5403396627902316,33.575467601818744
Nmcs,-0.11469984899395137,0.05707784766066966,-0.14287051719458432,0.21405097044033197,44.60838804495485
Nmcs,0.046825426750710386,0.0863362616684784,-0.24318187048861753,0.4408332505568878,30.4022116755693
Nmcs,0.07419200012539429,0.047105490454577396,-0.05317664323506794,0.26878108568478326,38.95749854112087
Nmcs,-0.22844522117075886,0.09698941390521316,-0.08325604211442145,0.5014928507986248,40.25332648706797
Nmcs,-0.5664728877166063,0.10972355829666217,-0.1776100173061343,0.28975525806445424,45.853407251620396
Nmcs,0.07419200012539429,0.047105490454577396,-0.05317664323506794,0.26878108568478326,38.95749854112087
Nmcs,-0.04651336203266476,0.18688403119200175,-0.10195915556016613,0.4648720686194054,43.27612856843568
Nmcs,-0.2750867364953814,0.1450326242076622,-0.1680739504533384,0.4770616132171872,66.2639922668391
Nmcs,0.2927906804296305,0.26121322030530886,-0.05483023101165704,2.2853681520101126,95.07718807039008
Nmcs,-0.2750867364953814,0.1450326242076622,-0.1680739504533384,0.4770616132171872,66.2639922668391
Nmcs,-0.5231731006700676,0.25218745727848074,-0.08794803628540677,0.6204504221863157,75.16077935586375
Nmcs,-0.19837268311151965,0.024329986866063625,-0.38418681962150225,0.35666702941350537,44.997604901447176
Nmcs,-0.28729834387877284,0.1030444149266306,-0.0942170154981439,0.5020013281103439,41.01767965623024
Nmcs,0.0735047522721589,0.019466742170863627,-0.16936236507062008,0.37454075515650276,36.48196928340217
Nmcs,-0.2106107502658223,0.13431731589180526,-0.08107950448724806,0.5133575763070485,32.21177625593176
Nmcs,0.0735047522721589,0.019466742170863627,-0.16936236507062008,0.37454075515650276,36.48196928340217
Nmcs,0.06993091149870184,0.10189715159534578,-0.3101796784965371,0.40350628940367894,30.677402733150277
Nmcs,0.08732074803389137,0.30248173450222715,-0.06345422879408746,1.2170247347171759,75.93733658105035
Nmcs,0.11009586433101784,0.047994353187146066,-0.24493900195665852,0.38969536391111564,35.42368641240107
Nmcs,-0.5231731006700676,0.25218745727848074,-0.08794803628540677,0.6204504221863157,75.16077935586375
Nmcs,-0.28729834387877284,0.1030444149266306,-0.0942170154981439,0.5020013281103439,41.01767965623024
Nmcs,-0.26320697569040036,0.2831707191464374,-0.08416875377869838,1.5290810935030978,78.89623587783878
Nmcs,-0.04161257273240647,0.16928843628872026,-0.061802785920716724,0.4623917127776316,42.59199303680672
Nmcs,-0.07785125539442875,0.16024960209604303,-0.17939229988098676,0.4430916301020098,49.04723588377286
Nmcs,-0.311519581570662,0.3160357200146898,-0.25030854720204904,1.571551587120813,91.31647806966816
Nmcs,0.531883110878789,0.06514005366055813,-0.08833523520168146,2.231080605732463,130.86366875354312
Nmcs,0.06353513294054376,0.11984914659031976,-0.30531533697761787,0.32726393771203793,49.433492020963016
Nmcs,-0.21845306197293274,0.13480490912361637,0.03145448157077832,0.5409886009013811,33.87973743422141
Nmcs,-0.17505856714342155,0.08470782124119643,-0.11678436308062562,0.46046853117439734,39.21194103829145
Nmcs,-0.41568880319904844,0.15816438162944876,-0.4526070747391986,0.2155732084429356,48.28293693779149
Nmcs,-0.04651336203266476,0.18688403119200175,-0.10195915556016613,0.4648720686194054,43.27612856843568
Nmcs,-0.22844522117075886,0.09698941390521316,-0.08325604211442145,0.5014928507986248,40.25332648706797
Nmcs,0.5022427728367738,0.06307002955365978,-0.0931844008032908,1.3019970489677917,96.96438684607116
Nmcs,-0.26497465922312347,0.15919077383182362,-0.17058338487695746,0.480987726591017,66.84336355991974
Nmcs,-0.05475932409756481,0.19228683018748005,-0.18446260628383213,0.5939979844593342,63.79597389982263
Nmcs,0.046825426750710386,0.0863362616684784,-0.24318187048861753,0.4408332505568878,30.4022116755693
Nmcs,-0.41568880319904844,0.15816438162944876,-0.4526070747391986,0.2155732084429356,48.28293693779149
Nmcs,-0.06593662554242864,0.028817673843049802,-0.13575099373962163,0.18249236355516085,44.46439739578009
Nmcs,-0.11469984899395137,0.05707784766066966,-0.14287051719458432,0.21405097044033197,44.60838804495485
Nmcs,-0.19837268311151965,0.024329986866063625,-0.38418681962150225,0.35666702941350537,44.997604901447176
Nmcs,-0.5231731006700676,0.25218745727848074,-0.08794803628540677,0.6204504221863157,75.16077935586375
Nmcs,-0.11378526334673983,0.2219178428977849,0.02628995243084917,0.5403396627902316,33.575467601818744
Nmcs,-0.22844522117075886,0.09698941390521316,-0.08325604211442145,0.5014928507986248,40.25332648706797
Nmcs,-0.11378526334673983,0.2219178428977849,0.02628995243084917,0.5403396627902316,33.575467601818744
Nmcs,-0.020485099389976204,0.14607051225218556,-0.3521731458597481,0.3221071229749952,49.67826815908886
Nmcs,0.16823115618799636,0.23205249288239868,-0.0985619683929953,1.0840956341918668,54.92788793812873
Nmcs,-0.11378526334673983,0.2219178428977849,0.02628995243084917,0.5403396627902316,33.575467601818744
Nmcs,-0.05937200912887988,0.3493506009292989,-0.19895312842200893,0.7415004604466634,58.30882030040088
Nmcs,-0.11469984899395137,0.05707784766066966,-0.14287051719458432,0.21405097044033197,44.60838804495485
Nmcs,-0.06593662554242864,0.028817673843049802,-0.13575099373962163,0.18249236355516085,44.46439739578009
Nmcs,0.046825426750710386,0.0863362616684784,-0.24318187048861753,0.4408332505568878,30.4022116755693
Nmcs,-0.5218406199468673,0.10265334645705933,-0.18112158497397976,0.4032819402880018,34.04970784403232
Nmcs,-0.04651336203266476,0.18688403119200175,-0.10195915556016613,0.4648720686194054,43.27612856843568
Nmcs,-0.3643680111968223,0.07064491809893167,-0.17859243904870817,0.3948669144172051,31.548915075762547
Nmcs,-0.11378526334673983,0.2219178428977849,0.02628995243084917,0.5403396627902316,33.575467601818744
Nmcs,-0.1477030143545557,0.09101375853413027,-0.1424736216419091,0.4472132638480825,31.473956567483715
Nmcs,-0.10315413249908134,0.07262866764611849,-0.10368088609847587,0.4451573023767939,41.09503894506148
Nmcs,0.06993091149870184,0.10189715159534578,-0.3101796784965371,0.40350628940367894,30.677402733150277
Nmcs,-0.4520357908126175,0.07900096039428421,-0.13205225916047292,0.2632357193271228,49.90581761635953
Nmcs,0.027480311259114286,0.09750245691633919,-0.3243400793442721,0.4128806366343648,31.259694976486227
Nmcs,-0.3798087075433744,0.30352672683600435,-0.07944261067625694,1.560726911301746,75.84939395990705
Nmcs,0.5022427728367738,0.06307002955365978,-0.0931844008032908,1.3019970489677917,96.96438684607116
Nmcs,-0.5060508712386498,0.10439699094142414,-0.2488273974581124,0.4109102172555266,48.049747670419286
Nmcs,-0.3643680111968223,0.07064491809893167,-0.17859243904870817,0.3948669144172051,31.548915075762547
Nmcs,0.2927906804296305,0.26121322030530886,-0.05483023101165704,2.2853681520101126,95.07718807039008
Nmcs,0.06353513294054376,0.11984914659031976,-0.30531533697761787,0.32726393771203793,49.433492020963016
Nmcs,0.08732074803389137,0.30248173450222715,-0.06345422879408746,1.2170247347171759,75.93733658105035
Nmcs,-0.2750867364953814,0.1450326242076622,-0.1680739504533384,0.4770616132171872,66.2639922668391
Nmcs,-0.05413510243863184,0.18930445315168742,-0.11692414319223453,0.4788306280568332,55.894979431213024
Nmcs,-0.21875962141002483,0.17055130722535844,-0.29777134318796517,0.421116338710768,53.70847060603462
Nmcs,-0.4520357908126175,0.07900096039428421,-0.13205225916047292,0.2632357193271228,49.90581761635953
Nmcs,-0.07785125539442875,0.16024960209604303,-0.17939229988098676,0.4430916301020098,49.04723588377286
Nmcs,-0.10315413249908134,0.07262866764611849,-0.10368088609847587,0.4451573023767939,41.09503894506148
Nmcs,0.046825426750710386,0.0863362616684784,-0.24318187048861753,0.4408332505568878,30.4022116755693
Nmcs,-0.5217929465223097,0.18335842384782666,-0.4036040653547129,0.25164674546740246,52.502681543609725
Nmcs,-0.1477030143545557,0.09101375853413027,-0.1424736216419091,0.4472132638480825,31.473956567483715
Nmcs,-0.05143540695845918,0.08244563219099575,-0.0804114776356479,0.4627962553218341,31.80607253984229
Nmcs,0.22855714630274965,0.16490355641449855,-0.008780096597853759,1.4134890876601938,85.57596241379365
Nmcs,-0.11378526334673983,0.2219178428977849,0.02628995243084917,0.5403396627902316,33.575467601818744
Nmcs,0.531883110878789,0.06514005366055813,-0.08833523520168146,2.231080605732463,130.86366875354312
Nmcs,-0.5060508712386498,0.10439699094142414,-0.2488273974581124,0.4109102172555266,48.049747670419286
Nmcs,-0.10315413249908134,0.07262866764611849,-0.10368088609847587,0.4451573023767939,41.09503894506148
Nmcs,-0.5060508712386498,0.10439699094142414,-0.2488273974581124,0.4109102172555266,48.049747670419286
Nmcs,-0.10315413249908134,0.07262866764611849,-0.10368088609847587,0.4451573023767939,41.09503894506148
Nmcs,0.06993091149870184,0.10189715159534578,-0.3101796784965371,0.40350628940367894,30.677402733150277
Nmcs,0.08895007996619439,0.10326139932358429,-0.304680838251988,0.4065919976124728,29.629902670881062
Nmcs,-0.3643680111968223,0.07064491809893167,-0.17859243904870817,0.3948669144172051,31.548915075762547
Nmcs,-0.21845306197293274,0.13480490912361637,0.03145448157077832,0.5409886009013811,33.87973743422141
Nmcs,-0.35804413936406143,0.05338954039327548,-0.22797765016808857,0.24067097374910945,45.08015844663716
Nmcs,-0.11469984899395137,0.05707784766066966,-0.14287051719458432,0.21405097044033197,44.60838804495485
Nmcs,0.11076061043278938,0.11024510277209376,-0.04549974882795699,0.4341766252945622,43.11935006386456
Nmcs,-0.32459213596890735,0.08752278775338235,-0.09966479777570907,0.4947196920740033,41.66651585927031
Nmcs,0.046825426750710386,0.0863362616684784,-0.24318187048861753,0.4408332505568878,30.4022116755693
Nmcs,0.06594426388651195,0.02171466413943455,-0.15175206103049774,0.2650483828853204,46.8385329750359
Nmcs,-0.1477030143545557,0.09101375853413027,-0.1424736216419091,0.4472132638480825,31.473956567483715
Nmcs,0.046825426750710386,0.0863362616684784,-0.24318187048861753,0.4408332505568878,30.4022116755693
Nmcs,-0.12111709858282058,0.2699933259615597,-0.2300701877858702,0.3305349369261417,43.504329702858875
Nmcs,0.1141430612236819,0.15234774841697118,-0.08292519745782832,0.6949695461621714,60.83268491069184
Nmcs,-0.06593662554242864,0.028817673843049802,-0.13575099373962163,0.18249236355516085,44.46439739578009
Nmcs,-0.05437424920501446,0.04096700376529885,-0.3368727826702966,0.38746788582994457,43.911350112930215
Nmcs,-0.5940329986015018,0.11324672090963095,-0.16029949581525815,0.3030573337250572,46.55674973442247
Nmcs,-0.5060508712386498,0.10439699094142414,-0.2488273974581124,0.4109102172555266,48.049747670419286
Nmcs,-0.3218277965587354,0.10004933062431132,-0.1579110483684041,0.3684237536164016,37.13119950829104
Nmcs,-0.21875962141002483,0.17055130722535844,-0.29777134318796517,0.421116338710768,53.70847060603462
Nmcs,-0.10315413249908134,0.07262866764611849,-0.10368088609847587,0.4451573023767939,41.09503894506148
Nmcs,0.3818446022601035,0.23896552756915712,-0.05785743616846336,1.6431298313705267,79.60710503383045
Nmcs,-0.06362851222030977,0.06994381411954531,-0.09020418882454057,0.457089142053832,32.171847394692094
Nmcs,-0.06593662554242864,0.028817673843049802,-0.13575099373962163,0.18249236355516085,44.46439739578009
Nmcs,0.5491736597547122,0.06878268060435212,-0.08675546601760478,3.5985998723822,176.08353652549945
Nmcs,0.06353513294054376,0.11984914659031976,-0.30531533697761787,0.32726393771203793,49.433492020963016
Nmcs,-0.11469984899395137,0.05707784766066966,-0.14287051719458432,0.21405097044033197,44.60838804495485
Nmcs,0.5022427728367738,0.06307002955365978,-0.0931844008032908,1.3019970489677917,96.96438684607116
Nmcs,-0.05437424920501446,0.04096700376529885,-0.3368727826702966,0.38746788582994457,43.911350112930215
Nmcs,-0.06593662554242864,0.028817673843049802,-0.13575099373962163,0.18249236355516085,44.46439739578009
Nmcs,-0.06362851222030977,0.06994381411954531,-0.09020418882454057,0.457089142053832,32.171847394692094
Nmcs,-0.41568880319904844,0.15816438162944876,-0.4526070747391986,0.2155732084429356,48.28293693779149
Nmcs,0.046825426750710386,0.0863362616684784,-0.24318187048861753,0.4408332505568878,30.4022116755693
Nmcs,0.06594426388651195,0.02171466413943455,-0.15175206103049774,0.2650483828853204,46.8385329750359
Nmcs,-0.11469984899395137,0.05707784766066966,-0.14287051719458432,0.21405097044033197,44.60838804495485
Nmcs,-0.11378526334673983,0.2219178428977849,0.02628995243084917,0.5403396627902316,33.575467601818744
Nmcs,-0.19837268311151965,0.024329986866063625,-0.38418681962150225,0.35666702941350537,44.997604901447176
Nmcs,-0.1477030143545557,0.09101375853413027,-0.1424736216419091,0.4472132638480825,31.473956567483715
Nmcs,0.08895007996619439,0.10326139932358429,-0.304680838251988,0.4065919976124728,29.629902670881062
Nmcs,-0.3643680111968223,0.07064491809893167,-0.17859243904870817,0.3948669144172051,31.548915075762547
Nmcs,0.027480311259114286,0.09750245691633919,-0.3243400793442721,0.4128806366343648,31.259694976486227
Nmcs,-0.3643680111968223,0.07064491809893167,-0.17859243904870817,0.3948669144172051,31.548915075762547
Nmcs,-0.3643680111968223,0.07064491809893167,-0.17859243904870817,0.3948669144172051,31.548915075762547
Nmcs,-0.10315413249908134,0.07262866764611849,-0.10368088609847587,0.4451573023767939,41.09503894506148
Nmcs,0.0735047522721589,0.019466742170863627,-0.16936236507062008,0.37454075515650276,36.48196928340217
Nmcs,0.14102767948801528,0.3124152911886333,-0.012726074104462212,1.176242240475269,67.7676347931223
Nmcs,0.11009586433101784,0.047994353187146066,-0.24493900195665852,0.38969536391111564,35.42368641240107
Nmcs,-0.5231731006700676,0.25218745727848074,-0.08794803628540677,0.6204504221863157,75.16077935586375
Nmcs,0.06353513294054376,0.11984914659031976,-0.30531533697761787,0.32726393771203793,49.433492020963016
Nmcs,-0.05475932409756481,0.19228683018748005,-0.18446260628383213,0.5939979844593342,63.79597389982263
Nmcs,-0.5664728877166063,0.10972355829666217,-0.1776100173061343,0.28975525806445424,45.853407251620396
Nmcs,0.531883110878789,0.06514005366055813,-0.08833523520168146,2.231080605732463,130.86366875354312
Nmcs,-0.4856648570519357,0.1020507255073245,-0.3596651198040669,0.2650789372492324,42.696460802897484
Nmcs,-0.05413510243863184,0.18930445315168742,-0.11692414319223453,0.4788306280568332,55.894979431213024
Nmcs,-0.21875962141002483,0.17055130722535844,-0.29777134318796517,0.421116338710768,53.70847060603462
Nmcs,-0.32459213596890735,0.08752278775338235,-0.09966479777570907,0.4947196920740033,41.66651585927031
Nmcs,-0.1477030143545557,0.09101375853413027,-0.1424736216419091,0.4472132638480825,31.473956567483715
Nmcs,-0.19837268311151965,0.024329986866063625,-0.38418681962150225,0.35666702941350537,44.997604901447176
Nmcs,-0.1477030143545557,0.09101375853413027,-0.1424736216419091,0.4472132638480825,31.473956567483715
Nmcs,-0.26497465922312347,0.15919077383182362,-0.17058338487695746,0.480987726591017,66.84336355991974
Nmcs,-0.3218277965587354,0.10004933062431132,-0.1579110483684041,0.3684237536164016,37.13119950829104
Nmcs,-0.05437424920501446,0.04096700376529885,-0.3368727826702966,0.38746788582994457,43.911350112930215
Nmcs,-0.5217929465223097,0.18335842384782666,-0.4036040653547129,0.25164674546740246,52.502681543609725
Nmcs,-0.11469984899395137,0.05707784766066966,-0.14287051719458432,0.21405097044033197,44.60838804495485
Nmcs,-0.18059521376109555,0.1113339327857162,-0.156525404953173,0.4451235740166373,27.59065987291765
Nmcs,-0.4856648570519357,0.1020507255073245,-0.3596651198040669,0.2650789372492324,42.696460802897484
Nmcs,-0.020485099389976204,0.14607051225218556,-0.3521731458597481,0.3221071229749952,49.67826815908886
Nmcs,0.3119775637430216,0.28514551208196537,-0.08657609940425008,3.644584375694022,142.66442090062878
Nmcs,-0.21875962141002483,0.17055130722535844,-0.29777134318796517,0.421116338710768,53.70847060603462
Nmcs,-0.11378526334673983,0.2219178428977849,0.02628995243084917,0.5403396627902316,33.575467601818744
Nmcs,-0.05143540695845918,0.08244563219099575,-0.0804114776356479,0.4627962553218341,31.80607253984229
Nmcs,-0.3643680111968223,0.07064491809893167,-0.17859243904870817,0.3948669144172051,31.548915075762547
Nmcs,-0.613410901437898,0.11576129345068953,-0.3796291457747224,0.2923051711430307,47.48383554964929
Nmcs,-0.08346079929190352,0.04199975724441006,-0.28969094668086476,0.42659997315249854,39.72050243870949
Nmcs,-0.5060508712386498,0.10439699094142414,-0.2488273974581124,0.4109102172555266,48.049747670419286
Nmcs,0.1141430612236819,0.15234774841697118,-0.08292519745782832,0.6949695461621714,60.83268491069184
Nmcs,0.08732074803389137,0.30248173450222715,-0.06345422879408746,1.2170247347171759,75.93733658105035
Nmcs,-0.18059521376109555,0.1113339327857162,-0.156525404953173,0.4451235740166373,27.59065987291765
Nmcs,-0.1477030143545557,0.09101375853413027,-0.1424736216419091,0.4472132638480825,31.473956567483715
Nmcs,0.09987362262231811,0.17819048892004372,-0.16897411564846723,0.46658703780454563,53.88474583896493
Nmcs,0.08732074803389137,0.30248173450222715,-0.06345422879408746,1.2170247347171759,75.93733658105035
Nmcs,-0.020485099389976204,0.14607051225218556,-0.3521731458597481,0.3221071229749952,49.67826815908886
Nmcs,0.046825426750710386,0.0863362616684784,-0.24318187048861753,0.4408332505568878,30.4022116755693
Nmcs,-0.2750867364953814,0.1450326242076622,-0.1680739504533384,0.4770616132171872,66.2639922668391
Nmcs,0.3119775637430216,0.28514551208196537,-0.08657609940425008,3.644584375694022,142.66442090062878
Nmcs,-0.5940329986015018,0.11324672090963095,-0.16029949581525815,0.3030573337250572,46.55674973442247
Nmcs,-0.4856648570519357,0.1020507255073245,-0.3596651198040669,0.2650789372492324,42.696460802897484
Nmcs,0.06993091149870184,0.10189715159534578,-0.3101796784965371,0.40350628940367894,30.677402733150277
Nmcs,-0.2750867364953814,0.1450326242076622,-0.1680739504533384,0.4770616132171872,66.2639922668391
Nmcs,0.3818446022601035,0.23896552756915712,-0.05785743616846336,1.6431298313705267,79.60710503383045
Nmcs,0.2927906804296305,0.26121322030530886,-0.05483023101165704,2.2853681520101126,95.07718807039008
Nmcs,0.06993091149870184,0.10189715159534578,-0.3101796784965371,0.40350628940367894,30.677402733150277
Nmcs,-0.1769874906295247,0.31347606850389786,-0.24556116797390218,2.1855254060777916,85.66504468465877
Nmcs,-0.18059521376109555,0.1113339327857162,-0.156525404953173,0.4451235740166373,27.59065987291765
Nmcs,0.06594426388651195,0.02171466413943455,-0.15175206103049774,0.2650483828853204,46.8385329750359
Nmcs,-0.03972194651476137,0.024257992447663645,-0.15497405418891652,0.26935660269527534,49.170331184289566
Nmcs,-0.5231731006700676,0.25218745727848074,-0.08794803628540677,0.6204504221863157,75.16077935586375
Nmcs,-0.3643680111968223,0.07064491809893167,-0.17859243904870817,0.3948669144172051,31.548915075762547
Nmcs,0.531883110878789,0.06514005366055813,-0.08833523520168146,2.231080605732463,130.86366875354312
Nmcs,-0.26068500418389634,0.03136109367110243,-0.18049163351044184,0.22567460930288422,47.007512374522484
Nmcs,-0.18355340538817624,0.17364622765983517,0.021983024992993806,0.54593723976951,33.11395415247858
Nmcs,-0.07785125539442875,0.16024960209604303,-0.17939229988098676,0.4430916301020098,49.04723588377286
Nmcs,0.1141430612236819,0.15234774841697118,-0.08292519745782832,0.6949695461621714,60.83268491069184
Nmcs,-0.32459213596890735,0.08752278775338235,-0.09966479777570907,0.4947196920740033,41.66651585927031
Nmcs,-0.06362851222030977,0.06994381411954531,-0.09020418882454057,0.457089142053832,32.171847394692094
Nmcs,-0.03196642881078776,0.09750245691633919,-0.34374528195377235,0.4121774549933986,31.471959059101394
Nmcs,-0.5664728877166063,0.10972355829666217,-0.1776100173061343,0.28975525806445424,45.853407251620396
Nmcs,-0.18059521376109555,0.1113339327857162,-0.156525404953173,0.4451235740166373,27.59065987291765
Nmcs,-0.1477030143545557,0.09101375853413027,-0.1424736216419091,0.4472132638480825,31.473956567483715
Nmcs,-0.020485099389976204,0.14607051225218556,-0.3521731458597481,0.3221071229749952,49.67826815908886
Nmcs,0.15864932938431953,0.2626688331115147,-0.07606520905795051,1.0884706032854012,56.161184750785765
Nmcs,0.22855714630274965,0.16490355641449855,-0.008780096597853759,1.4134890876601938,85.57596241379365
Nmcs,-0.03605478875032645,0.10054809870551898,-0.21517377790004297,0.4675448403117066,29.390784783099424
Nmcs,-0.21875962141002483,0.17055130722535844,-0.29777134318796517,0.421116338710768,53.70847060603462
Nmcs,0.5491736597547122,0.06878268060435212,-0.08675546601760478,3.5985998723822,176.08353652549945
Nmcs,0.531883110878789,0.06514005366055813,-0.08833523520168146,2.231080605732463,130.86366875354312
Nmcs,-0.11378526334673983,0.2219178428977849,0.02628995243084917,0.5403396627902316,33.575467601818744
Nmcs,-0.19837268311151965,0.024329986866063625,-0.38418681962150225,0.35666702941350537,44.997604901447176
Nmcs,0.06993091149870184,0.10189715159534578,-0.3101796784965371,0.40350628940367894,30.677402733150277
Nmcs,-0.06362851222030977,0.06994381411954531,-0.09020418882454057,0.457089142053832,32.171847394692094
Nmcs,-0.05437424920501446,0.04096700376529885,-0.3368727826702966,0.38746788582994457,43.911350112930215
Nmcs,-0.11378526334673983,0.2219178428977849,0.02628995243084917,0.5403396627902316,33.575467601818744
Nmcs,0.08732074803389137,0.30248173450222715,-0.06345422879408746,1.2170247347171759,75.93733658105035
Nmcs,-0.10315413249908134,0.07262866764611849,-0.10368088609847587,0.4451573023767939,41.09503894506148
Nmcs,-0.3643680111968223,0.07064491809893167,-0.17859243904870817,0.3948669144172051,31.548915075762547
Nmcs,0.11009586433101784,0.047994353187146066,-0.24493900195665852,0.38969536391111564,35.42368641240107
Nmcs,-0.10315413249908134,0.07262866764611849,-0.10368088609847587,0.4451573023767939,41.09503894506148
Nmcs,0.06993091149870184,0.10189715159534578,-0.3101796784965371,0.40350628940367894,30.677402733150277
Nmcs,0.06594426388651195,0.02171466413943455,-0.15175206103049774,0.2650483828853204,46.8385329750359
Nmcs,-0.11378526334673983,0.2219178428977849,0.02628995243084917,0.5403396627902316,33.575467601818744
Nmcs,-0.11378526334673983,0.2219178428977849,0.02628995243084917,0.5403396627902316,33.575467601818744
Nmcs,0.027480311259114286,0.09750245691633919,-0.3243400793442721,0.4128806366343648,31.259694976486227
Nmcs,-0.4616568761669308,0.15773877349179705,-0.17421584794701475,0.2908683581377489,61.16098911923364
Nmcs,-0.18059521376109555,0.1113339327857162,-0.156525404953173,0.4451235740166373,27.59065987291765
Nmcs,-0.11378526334673983,0.2219178428977849,0.02628995243084917,0.5403396627902316,33.575467601818744
Nmcs,-0.05988765320260632,0.06359344731493709,-0.3035875253949136,0.4322292374464047,40.169586953124906
Nmcs,-0.11378526334673983,0.2219178428977849,0.02628995243084917,0.5403396627902316,33.575467601818744
Nmcs,0.531883110878789,0.06514005366055813,-0.08833523520168146,2.231080605732463,130.86366875354312
Nmcs,0.08895007996619439,0.10326139932358429,-0.304680838251988,0.4065919976124728,29.629902670881062
Nmcs,0.046825426750710386,0.0863362616684784,-0.24318187048861753,0.4408332505568878,30.4022116755693
Nmcs,-0.5231731006700676,0.25218745727848074,-0.08794803628540677,0.6204504221863157,75.16077935586375
Nmcs,-0.5231731006700676,0.25218745727848074,-0.08794803628540677,0.6204504221863157,75.16077935586375
Nmcs,-0.05988765320260632,0.06359344731493709,-0.3035875253949136,0.4322292374464047,40.169586953124906
Nmcs,-0.4520357908126175,0.07900096039428421,-0.13205225916047292,0.2632357193271228,49.90581761635953
Nmcs,-0.12111709858282058,0.2699933259615597,-0.2300701877858702,0.3305349369261417,43.504329702858875
Nmcs,0.06353513294054376,0.11984914659031976,-0.30531533697761787,0.32726393771203793,49.433492020963016
Nmcs,0.1141430612236819,0.15234774841697118,-0.08292519745782832,0.6949695461621714,60.83268491069184
Nmcs,0.06993091149870184,0.10189715159534578,-0.3101796784965371,0.40350628940367894,30.677402733150277
Nmcs,-0.5940329986015018,0.11324672090963095,-0.16029949581525815,0.3030573337250572,46.55674973442247
Nmcs,-0.05475932409756481,0.19228683018748005,-0.18446260628383213,0.5939979844593342,63.79597389982263
Nmcs,0.046825426750710386,0.0863362616684784,-0.24318187048861753,0.4408332505568878,30.4022116755693
Nmcs,-0.11378526334673983,0.2219178428977849,0.02628995243084917,0.5403396627902316,33.575467601818744
Nmcs,-0.4520357908126175,0.07900096039428421,-0.13205225916047292,0.2632357193271228,49.90581761635953
Nmcs,-0.18355340538817624,0.17364622765983517,0.021983024992993806,0.54593723976951,33.11395415247858
Nmcs,0.06993091149870184,0.10189715159534578,-0.3101796784965371,0.40350628940367894,30.677402733150277
Nmcs,-0.19837268311151965,0.024329986866063625,-0.38418681962150225,0.35666702941350537,44.997604901447176
Nmcs,-0.18059521376109555,0.1113339327857162,-0.156525404953173,0.4451235740166373,27.59065987291765
Nmcs,0.0735047522721589,0.019466742170863627,-0.16936236507062008,0.37454075515650276,36.48196928340217
Nmcs,0.24639330201866402,0.17743577456026538,-0.12046272326425785,1.2562738990296978,91.2540723119061
Nmcs,-0.35804413936406143,0.05338954039327548,-0.22797765016808857,0.24067097374910945,45.08015844663716
Nmcs,0.2927906804296305,0.26121322030530886,-0.05483023101165704,2.2853681520101126,95.07718807039008
Nmcs,-0.05475932409756481,0.19228683018748005,-0.18446260628383213,0.5939979844593342,63.79597389982263
Nmcs,-0.5664728877166063,0.10972355829666217,-0.1776100173061343,0.28975525806445424,45.853407251620396
Nmcs,-0.06362851222030977,0.06994381411954531,-0.09020418882454057,0.457089142053832,32.171847394692094
Nmcs,-0.18059521376109555,0.1113339327857162,-0.156525404953173,0.4451235740166373,27.59065987291765
Nmcs,0.06594426388651195,0.02171466413943455,-0.15175206103049774,0.2650483828853204,46.8385329750359
Nmcs,-0.07785125539442875,0.16024960209604303,-0.17939229988098676,0.4430916301020098,49.04723588377286
Nmcs,-0.21845306197293274,0.13480490912361637,0.03145448157077832,0.5409886009013811,33.87973743422141
Nmcs,-0.22844522117075886,0.09698941390521316,-0.08325604211442145,0.5014928507986248,40.25332648706797
Nmcs,-0.1477030143545557,0.09101375853413027,-0.1424736216419091,0.4472132638480825,31.473956567483715
Nmcs,-0.19837268311151965,0.024329986866063625,-0.38418681962150225,0.35666702941350537,44.997604901447176
Nmcs,0.06993091149870184,0.10189715159534578,-0.3101796784965371,0.40350628940367894,30.677402733150277
Nmcs,0.06353513294054376,0.11984914659031976,-0.30531533697761787,0.32726393771203793,49.433492020963016
Nmcs,-0.35804413936406143,0.05338954039327548,-0.22797765016808857,0.24067097374910945,45.08015844663716
Nmcs,-0.5060508712386498,0.10439699094142414,-0.2488273974581124,0.4109102172555266,48.049747670419286
Nmcs,0.08895007996619439,0.10326139932358429,-0.304680838251988,0.4065919976124728,29.629902670881062
Nmcs,0.22855714630274965,0.16490355641449855,-0.008780096597853759,1.4134890876601938,85.57596241379365
Nmcs,-0.11378526334673983,0.2219178428977849,0.02628995243084917,0.5403396627902316,33.575467601818744
Nmcs,-0.35804413936406143,0.05338954039327548,-0.22797765016808857,0.24067097374910945,45.08015844663716
Nmcs,-0.26068500418389634,0.03136109367110243,-0.18049163351044184,0.22567460930288422,47.007512374522484
Nmcs,-0.11378526334673983,0.2219178428977849,0.02628995243084917,0.5403396627902316,33.575467601818744
Nmcs,0.046825426750710386,0.0863362616684784,-0.24318187048861753,0.4408332505568878,30.4022116755693
Nmcs,0.046825426750710386,0.0863362616684784,-0.24318187048861753,0.4408332505568878,30.4022116755693
Nmcs,-0.22844522117075886,0.09698941390521316,-0.08325604211442145,0.5014928507986248,40.25332648706797
Nmcs,-0.1477030143545557,0.09101375853413027,-0.1424736216419091,0.4472132638480825,31.473956567483715
Nmcs,-0.4856648570519357,0.1020507255073245,-0.3596651198040669,0.2650789372492324,42.696460802897484
Nmcs,-0.04651336203266476,0.18688403119200175,-0.10195915556016613,0.4648720686194054,43.27612856843568
Nmcs,-0.07785125539442875,0.16024960209604303,-0.17939229988098676,0.4430916301020098,49.04723588377286
Nmcs,-0.26320697569040036,0.2831707191464374,-0.08416875377869838,1.5290810935030978,78.89623587783878
Nmcs,-0.06593662554242864,0.028817673843049802,-0.13575099373962163,0.18249236355516085,44.46439739578009
Nmcs,-0.5940329986015018,0.11324672090963095,-0.16029949581525815,0.3030573337250572,46.55674973442247
Nmcs,-0.5218406199468673,0.10265334645705933,-0.18112158497397976,0.4032819402880018,34.04970784403232
Nmcs,-0.11378526334673983,0.2219178428977849,0.02628995243084917,0.5403396627902316,33.575467601818744
Nmcs,-0.11469984899395137,0.05707784766066966,-0.14287051719458432,0.21405097044033197,44.60838804495485
Nmcs,-0.5060508712386498,0.10439699094142414,-0.2488273974581124,0.4109102172555266,48.049747670419286
Nmcs,-0.07545802673206331,0.03799087589703616,-0.12681528253874114,0.3914669577374483,30.496635529968128
Nmcs,-0.5664728877166063,0.10972355829666217,-0.1776100173061343,0.28975525806445424,45.853407251620396
Nmcs,-0.19837268311151965,0.024329986866063625,-0.38418681962150225,0.35666702941350537,44.997604901447176
Nmcs,-0.613410901437898,0.11576129345068953,-0.3796291457747224,0.2923051711430307,47.48383554964929
Nmcs,0.06353513294054376,0.11984914659031976,-0.30531533697761787,0.32726393771203793,49.433492020963016
Nmcs,-0.5940329986015018,0.11324672090963095,-0.16029949581525815,0.3030573337250572,46.55674973442247
Nmcs,-0.35804413936406143,0.05338954039327548,-0.22797765016808857,0.24067097374910945,45.08015844663716
Nmcs,0.06993091149870184,0.10189715159534578,-0.3101796784965371,0.40350628940367894,30.677402733150277
Nmcs,0.08895007996619439,0.10326139932358429,-0.304680838251988,0.4065919976124728,29.629902670881062
Nmcs,-0.11469984899395137,0.05707784766066966,-0.14287051719458432,0.21405097044033197,44.60838804495485
Nmcs,-0.5217929465223097,0.18335842384782666,-0.4036040653547129,0.25164674546740246,52.502681543609725
Nmcs,0.16823115618799636,0.23205249288239868,-0.0985619683929953,1.0840956341918668,54.92788793812873
Nmcs,-0.4856648570519357,0.1020507255073245,-0.3596651198040669,0.2650789372492324,42.696460802897484
Nmcs,-0.10315413249908134,0.07262866764611849,-0.10368088609847587,0.4451573023767939,41.09503894506148
Nmcs,-0.05437424920501446,0.04096700376529885,-0.3368727826702966,0.38746788582994457,43.911350112930215
Nmcs,-0.11378526334673983,0.2219178428977849,0.02628995243084917,0.5403396627902316,33.575467601818744
Nmcs,-0.19837268311151965,0.024329986866063625,-0.38418681962150225,0.35666702941350537,44.997604901447176
Nmcs,-0.4856648570519357,0.1020507255073245,-0.3596651198040669,0.2650789372492324,42.696460802897484
Nmcs,0.08732074803389137,0.30248173450222715,-0.06345422879408746,1.2170247347171759,75.93733658105035
Nmcs,0.0735047522721589,0.019466742170863627,-0.16936236507062008,0.37454075515650276,36.48196928340217
Nmcs,-0.03196642881078776,0.09750245691633919,-0.34374528195377235,0.4121774549933986,31.471959059101394
Nmcs,-0.3643680111968223,0.07064491809893167,-0.17859243904870817,0.3948669144172051,31.548915075762547
Nmcs,-0.1477030143545557,0.09101375853413027,-0.1424736216419091,0.4472132638480825,31.473956567483715
Nmcs,-0.07785125539442875,0.16024960209604303,-0.17939229988098676,0.4430916301020098,49.04723588377286
Nmcs,-0.1477030143545557,0.09101375853413027,-0.1424736216419091,0.4472132638480825,31.473956567483715
Nmcs,-0.5664728877166063,0.10972355829666217,-0.1776100173061343,0.28975525806445424,45.853407251620396
Nmcs,-0.41568880319904844,0.15816438162944876,-0.4526070747391986,0.2155732084429356,48.28293693779149
Nmcs,-0.05437424920501446,0.04096700376529885,-0.3368727826702966,0.38746788582994457,43.911350112930215
Nmcs,-0.06593662554242864,0.028817673843049802,-0.13575099373962163,0.18249236355516085,44.46439739578009
Nmcs,-0.11378526334673983,0.2219178428977849,0.02628995243084917,0.5403396627902316,33.575467601818744
Nmcs,-0.11378526334673983,0.2219178428977849,0.02628995243084917,0.5403396627902316,33.575467601818744
Nmcs,-0.10315413249908134,0.07262866764611849,-0.10368088609847587,0.4451573023767939,41.09503894506148
Nmcs,0.1141430612236819,0.15234774841697118,-0.08292519745782832,0.6949695461621714,60.83268491069184
Nmcs,0.16823115618799636,0.23205249288239868,-0.0985619683929953,1.0840956341918668,54.92788793812873
Nmcs,-0.35804413936406143,0.05338954039327548,-0.22797765016808857,0.24067097374910945,45.08015844663716
Nmcs,-0.377198725686176,0.04451189867581017,-0.17424305900948664,0.3512757973363196,36.53100894548738
Nmcs,-0.377198725686176,0.04451189867581017,-0.17424305900948664,0.3512757973363196,36.53100894548738
Nmcs,-0.1769874906295247,0.31347606850389786,-0.24556116797390218,2.1855254060777916,85.66504468465877
Nmcs,-0.5060508712386498,0.10439699094142414,-0.2488273974581124,0.4109102172555266,48.049747670419286
Nmcs,-0.04161257273240647,0.16928843628872026,-0.061802785920716724,0.4623917127776316,42.59199303680672
Nmcs,-0.11378526334673983,0.2219178428977849,0.02628995243084917,0.5403396627902316,33.575467601818744
Nmcs,-0.41568880319904844,0.15816438162944876,-0.4526070747391986,0.2155732084429356,48.28293693779149
Nmcs,-0.5664728877166063,0.10972355829666217,-0.1776100173061343,0.28975525806445424,45.853407251620396
Nmcs,-0.22844522117075886,0.09698941390521316,-0.08325604211442145,0.5014928507986248,40.25332648706797
Nmcs,-0.06593662554242864,0.028817673843049802,-0.13575099373962163,0.18249236355516085,44.46439739578009
Nmcs,-0.05437424920501446,0.04096700376529885,-0.3368727826702966,0.38746788582994457,43.911350112930215
Nmcs,-0.08346079929190352,0.04199975724441006,-0.28969094668086476,0.42659997315249854,39.72050243870949
Nmcs,0.046825426750710386,0.0863362616684784,-0.24318187048861753,0.4408332505568878,30.4022116755693
Nmcs,-0.06593662554242864,0.028817673843049802,-0.13575099373962163,0.18249236355516085,44.46439739578009
Nmcs,-0.5217929465223097,0.18335842384782666,-0.4036040653547129,0.25164674546740246,52.502681543609725
Nmcs,-0.21875962141002483,0.17055130722535844,-0.29777134318796517,0.421116338710768,53.70847060603462
Nmcs,-0.04161257273240647,0.16928843628872026,-0.061802785920716724,0.4623917127776316,42.59199303680672
Nmcs,0.046825426750710386,0.0863362616684784,-0.24318187048861753,0.4408332505568878,30.4022116755693
Nmcs,-0.1477030143545557,0.09101375853413027,-0.1424736216419091,0.4472132638480825,31.473956567483715
Nmcs,-0.5664728877166063,0.10972355829666217,-0.1776100173061343,0.28975525806445424,45.853407251620396
Nmcs,0.22855714630274965,0.16490355641449855,-0.008780096597853759,1.4134890876601938,85.57596241379365
Nmcs,-0.22844522117075886,0.09698941390521316,-0.08325604211442145,0.5014928507986248,40.25332648706797
Nmcs,0.06353513294054376,0.11984914659031976,-0.30531533697761787,0.32726393771203793,49.433492020963016
Nmcs,0.06594426388651195,0.02171466413943455,-0.15175206103049774,0.2650483828853204,46.8385329750359
Nmcs,-0.06362851222030977,0.06994381411954531,-0.09020418882454057,0.457089142053832,32.171847394692094
Nmcs,-0.3643680111968223,0.07064491809893167,-0.17859243904870817,0.3948669144172051,31.548915075762547
Nmcs,-0.28729834387877284,0.1030444149266306,-0.0942170154981439,0.5020013281103439,41.01767965623024
Nmcs,-0.19837268311151965,0.024329986866063625,-0.38418681962150225,0.35666702941350537,44.997604901447176
Nmcs,0.5491736597547122,0.06878268060435212,-0.08675546601760478,3.5985998723822,176.08353652549945
Nmcs,-0.11378526334673983,0.2219178428977849,0.02628995243084917,0.5403396627902316,33.575467601818744
Nmcs,-0.35804413936406143,0.05338954039327548,-0.22797765016808857,0.24067097374910945,45.08015844663716
Nmcs,0.08732074803389137,0.30248173450222715,-0.06345422879408746,1.2170247347171759,75.93733658105035
Nmcs,-0.1769874906295247,0.31347606850389786,-0.24556116797390218,2.1855254060777916,85.66504468465877
Nmcs,0.0735047522721589,0.019466742170863627,-0.16936236507062008,0.37454075515650276,36.48196928340217
Nmcs,0.5085472427749819,0.33852048376923083,-0.08106582506703022,8.580660134899519,91.25046794785943
Nmcs,-0.41568880319904844,0.15816438162944876,-0.4526070747391986,0.2155732084429356,48.28293693779149
Nmcs,-0.5060508712386498,0.10439699094142414,-0.2488273974581124,0.4109102172555266,48.049747670419286
Nmcs,0.027480311259114286,0.09750245691633919,-0.3243400793442721,0.4128806366343648,31.259694976486227
Nmcs,-0.18355340538817624,0.17364622765983517,0.021983024992993806,0.54593723976951,33.11395415247858
Nmcs,0.0735047522721589,0.019466742170863627,-0.16936236507062008,0.37454075515650276,36.48196928340217
Nmcs,-0.05988765320260632,0.06359344731493709,-0.3035875253949136,0.4322292374464047,40.169586953124906
Nmcs,0.280765819307216,0.22015095721833058,-0.002159094728895284,4.007270193261573,151.39914186664717
Nmcs,0.06993091149870184,0.10189715159534578,-0.3101796784965371,0.40350628940367894,30.677402733150277
Nmcs,0.08895007996619439,0.10326139932358429,-0.304680838251988,0.4065919976124728,29.629902670881062
Nmcs,0.280765819307216,0.22015095721833058,-0.002159094728895284,4.007270193261573,151.39914186664717
Nmcs,-0.1477030143545557,0.09101375853413027,-0.1424736216419091,0.4472132638480825,31.473956567483715
Nmcs,-0.18355340538817624,0.17364622765983517,0.021983024992993806,0.54593723976951,33.11395415247858
Nmcs,0.08732074803389137,0.30248173450222715,-0.06345422879408746,1.2170247347171759,75.93733658105035
Nmcs,-0.05437424920501446,0.04096700376529885,-0.3368727826702966,0.38746788582994457,43.911350112930215
Nmcs,-0.19837268311151965,0.024329986866063625,-0.38418681962150225,0.35666702941350537,44.997604901447176
Nmcs,-0.1769874906295247,0.31347606850389786,-0.24556116797390218,2.1855254060777916,85.66504468465877
Nmcs,0.046825426750710386,0.0863362616684784,-0.24318187048861753,0.4408332505568878,30.4022116755693
Nmcs,-0.41568880319904844,0.15816438162944876,-0.4526070747391986,0.2155732084429356,48.28293693779149
Nmcs,0.07419200012539429,0.047105490454577396,-0.05317664323506794,0.26878108568478326,38.95749854112087
Nmcs,-0.32459213596890735,0.08752278775338235,-0.09966479777570907,0.4947196920740033,41.66651585927031
Nmcs,-0.28729834387877284,0.1030444149266306,-0.0942170154981439,0.5020013281103439,41.01767965623024
Nmcs,-0.11378526334673983,0.2219178428977849,0.02628995243084917,0.5403396627902316,33.575467601818744
Nmcs,-0.35804413936406143,0.05338954039327548,-0.22797765016808857,0.24067097374910945,45.08015844663716
Nmcs,0.046825426750710386,0.0863362616684784,-0.24318187048861753,0.4408332505568878,30.4022116755693
Nmcs,-0.5333709356615597,0.1545068154143419,-0.3980742992246692,0.27812264974504536,43.194441404632535
Nmcs,-0.18355340538817624,0.17364622765983517,0.021983024992993806,0.54593723976951,33.11395415247858
Nmcs,0.06993091149870184,0.10189715159534578,-0.3101796784965371,0.40350628940367894,30.677402733150277
Nmcs,-0.5940329986015018,0.11324672090963095,-0.16029949581525815,0.3030573337250572,46.55674973442247
Nmcs,0.5022427728367738,0.06307002955365978,-0.0931844008032908,1.3019970489677917,96.96438684607116
Nmcs,0.027480311259114286,0.09750245691633919,-0.3243400793442721,0.4128806366343648,31.259694976486227
Nmcs,-0.21875962141002483,0.17055130722535844,-0.29777134318796517,0.421116338710768,53.70847060603462
Nmcs,-0.020485099389976204,0.14607051225218556,-0.3521731458597481,0.3221071229749952,49.67826815908886
Nmcs,-0.06362851222030977,0.06994381411954531,-0.09020418882454057,0.457089142053832,32.171847394692094
Nmcs,-0.18059521376109555,0.1113339327857162,-0.156525404953173,0.4451235740166373,27.59065987291765
Nmcs,-0.11378526334673983,0.2219178428977849,0.02628995243084917,0.5403396627902316,33.575467601818744
Nmcs,-0.11378526334673983,0.2219178428977849,0.02628995243084917,0.5403396627902316,33.575467601818744
Nmcs,-0.06593662554242864,0.028817673843049802,-0.13575099373962163,0.18249236355516085,44.46439739578009
Nmcs,-0.06593662554242864,0.028817673843049802,-0.13575099373962163,0.18249236355516085,44.46439739578009
Nmcs,-0.11378526334673983,0.2219178428977849,0.02628995243084917,0.5403396627902316,33.575467601818744
Nmcs,-0.11378526334673983,0.2219178428977849,0.02628995243084917,0.5403396627902316,33.575467601818744
Nmcs,-0.10315413249908134,0.07262866764611849,-0.10368088609847587,0.4451573023767939,41.09503894506148
Nmcs,-0.07785125539442875,0.16024960209604303,-0.17939229988098676,0.4430916301020098,49.04723588377286
Nmcs,-0.03605478875032645,0.10054809870551898,-0.21517377790004297,0.4675448403117066,29.390784783099424
Nmcs,0.08732074803389137,0.30248173450222715,-0.06345422879408746,1.2170247347171759,75.93733658105035
Nmcs,-0.28729834387877284,0.1030444149266306,-0.0942170154981439,0.5020013281103439,41.01767965623024
Nmcs,-0.28729834387877284,0.1030444149266306,-0.0942170154981439,0.5020013281103439,41.01767965623024
Nmcs,0.531883110878789,0.06514005366055813,-0.08833523520168146,2.231080605732463,130.86366875354312
Nmcs,0.3119775637430216,0.28514551208196537,-0.08657609940425008,3.644584375694022,142.66442090062878
Nmcs,0.06594426388651195,0.02171466413943455,-0.15175206103049774,0.2650483828853204,46.8385329750359
Nmcs,-0.17505856714342155,0.08470782124119643,-0.11678436308062562,0.46046853117439734,39.21194103829145
Nmcs,0.046825426750710386,0.0863362616684784,-0.24318187048861753,0.4408332505568878,30.4022116755693
Nmcs,0.046825426750710386,0.0863362616684784,-0.24318187048861753,0.4408332505568878,30.4022116755693
Nmcs,0.2927906804296305,0.26121322030530886,-0.05483023101165704,2.2853681520101126,95.07718807039008
Nmcs,-0.2741761591387528,0.21282529553186977,0.028296259221927657,0.5679357190434058,38.45166905678874
Nmcs,-0.4520357908126175,0.07900096039428421,-0.13205225916047292,0.2632357193271228,49.90581761635953
Nmcs,-0.35804413936406143,0.05338954039327548,-0.22797765016808857,0.24067097374910945,45.08015844663716
Nmcs,-0.11469984899395137,0.05707784766066966,-0.14287051719458432,0.21405097044033197,44.60838804495485
Nmcs,-0.4520357908126175,0.07900096039428421,-0.13205225916047292,0.2632357193271228,49.90581761635953
Nmcs,-0.020485099389976204,0.14607051225218556,-0.3521731458597481,0.3221071229749952,49.67826815908886
Nmcs,0.046825426750710386,0.0863362616684784,-0.24318187048861753,0.4408332505568878,30.4022116755693
Nmcs,-0.020485099389976204,0.14607051225218556,-0.3521731458597481,0.3221071229749952,49.67826815908886
Nmcs,-0.1477030143545557,0.09101375853413027,-0.1424736216419091,0.4472132638480825,31.473956567483715
Nmcs,-0.2741761591387528,0.21282529553186977,0.028296259221927657,0.5679357190434058,38.45166905678874
Nmcs,-0.5664728877166063,0.10972355829666217,-0.1776100173061343,0.28975525806445424,45.853407251620396
Nmcs,-0.6471113334716534,0.1346041863123591,-0.08137815812874626,0.428756526019984,44.405584766389346
Nmcs,0.280765819307216,0.22015095721833058,-0.002159094728895284,4.007270193261573,151.39914186664717
Nmcs,-0.28729834387877284,0.1030444149266306,-0.0942170154981439,0.5020013281103439,41.01767965623024
Nmcs,-0.11378526334673983,0.2219178428977849,0.02628995243084917,0.5403396627902316,33.575467601818744
Nmcs,-0.1477030143545557,0.09101375853413027,-0.1424736216419091,0.4472132638480825,31.473956567483715
Nmcs,-0.11378526334673983,0.2219178428977849,0.02628995243084917,0.5403396627902316,33.575467601818744
Nmcs,-0.35804413936406143,0.05338954039327548,-0.22797765016808857,0.24067097374910945,45.08015844663716
Nmcs,-0.5006878041159737,0.3135636354775276,-0.08188690749680236,1.589235370228052,95.33350925189873
Nmcs,0.3818446022601035,0.23896552756915712,-0.05785743616846336,1.6431298313705267,79.60710503383045
Nmcs,0.20970269887559556,0.3725467597022468,-0.008674636006816276,1.5396253955569703,63.008290473750975
Nmcs,-0.07785125539442875,0.16024960209604303,-0.17939229988098676,0.4430916301020098,49.04723588377286
Nmcs,-0.6471113334716534,0.1346041863123591,-0.08137815812874626,0.428756526019984,44.405584766389346
Nmcs,-0.08346079929190352,0.04199975724441006,-0.28969094668086476,0.42659997315249854,39.72050243870949
Nmcs,-0.26068500418389634,0.03136109367110243,-0.18049163351044184,0.22567460930288422,47.007512374522484
Nmcs,0.06993091149870184,0.10189715159534578,-0.3101796784965371,0.40350628940367894,30.677402733150277
Nmcs,-0.35804413936406143,0.05338954039327548,-0.22797765016808857,0.24067097374910945,45.08015844663716
Nmcs,-0.07785125539442875,0.16024960209604303,-0.17939229988098676,0.4430916301020098,49.04723588377286
Nmcs,-0.5664728877166063,0.10972355829666217,-0.1776100173061343,0.28975525806445424,45.853407251620396
Nmcs,-0.11378526334673983,0.2219178428977849,0.02628995243084917,0.5403396627902316,33.575467601818744
Nmcs,0.06594426388651195,0.02171466413943455,-0.15175206103049774,0.2650483828853204,46.8385329750359
Nmcs,-0.3218277965587354,0.10004933062431132,-0.1579110483684041,0.3684237536164016,37.13119950829104
Nmcs,-0.1477030143545557,0.09101375853413027,-0.1424736216419091,0.4472132638480825,31.473956567483715
Nmcs,-0.1477030143545557,0.09101375853413027,-0.1424736216419091,0.4472132638480825,31.473956567483715
Nmcs,-0.11469984899395137,0.05707784766066966,-0.14287051719458432,0.21405097044033197,44.60838804495485
Nmcs,-0.5217929465223097,0.18335842384782666,-0.4036040653547129,0.25164674546740246,52.502681543609725
Nmcs,-0.613410901437898,0.11576129345068953,-0.3796291457747224,0.2923051711430307,47.48383554964929
Nmcs,-0.4520357908126175,0.07900096039428421,-0.13205225916047292,0.2632357193271228,49.90581761635953
Nmcs,-0.05988765320260632,0.06359344731493709,-0.3035875253949136,0.4322292374464047,40.169586953124906
Nmcs,-0.11378526334673983,0.2219178428977849,0.02628995243084917,0.5403396627902316,33.575467601818744
Nmcs,-0.18059521376109555,0.1113339327857162,-0.156525404953173,0.4451235740166373,27.59065987291765
Nmcs,-0.05988765320260632,0.06359344731493709,-0.3035875253949136,0.4322292374464047,40.169586953124906
Nmcs,-0.3643680111968223,0.07064491809893167,-0.17859243904870817,0.3948669144172051,31.548915075762547
Nmcs,0.3119775637430216,0.28514551208196537,-0.08657609940425008,3.644584375694022,142.66442090062878
Nmcs,0.046825426750710386,0.0863362616684784,-0.24318187048861753,0.4408332505568878,30.4022116755693
Nmcs,-0.35804413936406143,0.05338954039327548,-0.22797765016808857,0.24067097374910945,45.08015844663716
Nmcs,-0.19837268311151965,0.024329986866063625,-0.38418681962150225,0.35666702941350537,44.997604901447176
Nmcs,-0.5940329986015018,0.11324672090963095,-0.16029949581525815,0.3030573337250572,46.55674973442247
Nmcs,-0.07785125539442875,0.16024960209604303,-0.17939229988098676,0.4430916301020098,49.04723588377286
Nmcs,-0.19837268311151965,0.024329986866063625,-0.38418681962150225,0.35666702941350537,44.997604901447176
Nmcs,-0.19837268311151965,0.024329986866063625,-0.38418681962150225,0.35666702941350537,44.997604901447176
Nmcs,-0.05437424920501446,0.04096700376529885,-0.3368727826702966,0.38746788582994457,43.911350112930215
Nmcs,-0.11378526334673983,0.2219178428977849,0.02628995243084917,0.5403396627902316,33.575467601818744
Nmcs,-0.11378526334673983,0.2219178428977849,0.02628995243084917,0.5403396627902316,33.575467601818744
Nmcs,-0.05988765320260632,0.06359344731493709,-0.3035875253949136,0.4322292374464047,40.169586953124906
Nmcs,-0.18059521376109555,0.1113339327857162,-0.156525404953173,0.4451235740166373,27.59065987291765
Nmcs,-0.311519581570662,0.3160357200146898,-0.25030854720204904,1.571551587120813,91.31647806966816
Nmcs,-0.4520357908126175,0.07900096039428421,-0.13205225916047292,0.2632357193271228,49.90581761635953
Nmcs,0.0735047522721589,0.019466742170863627,-0.16936236507062008,0.37454075515650276,36.48196928340217
Nmcs,-0.020485099389976204,0.14607051225218556,-0.3521731458597481,0.3221071229749952,49.67826815908886
Nmcs,-0.11378526334673983,0.2219178428977849,0.02628995243084917,0.5403396627902316,33.575467601818744
Nmcs,0.24639330201866402,0.17743577456026538,-0.12046272326425785,1.2562738990296978,91.2540723119061
Nmcs,0.3119775637430216,0.28514551208196537,-0.08657609940425008,3.644584375694022,142.66442090062878
Nmcs,0.5491736597547122,0.06878268060435212,-0.08675546601760478,3.5985998723822,176.08353652549945
Nmcs,-0.5217929465223097,0.18335842384782666,-0.4036040653547129,0.25164674546740246,52.502681543609725
Nmcs,-0.613410901437898,0.11576129345068953,-0.3796291457747224,0.2923051711430307,47.48383554964929
Nmcs,-0.07785125539442875,0.16024960209604303,-0.17939229988098676,0.4430916301020098,49.04723588377286
Nmcs,-0.05437424920501446,0.04096700376529885,-0.3368727826702966,0.38746788582994457,43.911350112930215
Nmcs,-0.03196642881078776,0.09750245691633919,-0.34374528195377235,0.4121774549933986,31.471959059101394
Nmcs,-0.28729834387877284,0.1030444149266306,-0.0942170154981439,0.5020013281103439,41.01767965623024
Nmcs,-0.21845306197293274,0.13480490912361637,0.03145448157077832,0.5409886009013811,33.87973743422141
Nmcs,-0.05437424920501446,0.04096700376529885,-0.3368727826702966,0.38746788582994457,43.911350112930215
Nmcs,-0.28729834387877284,0.1030444149266306,-0.0942170154981439,0.5020013281103439,41.01767965623024
Nmcs,0.06993091149870184,0.10189715159534578,-0.3101796784965371,0.40350628940367894,30.677402733150277
Nmcs,-0.1477030143545557,0.09101375853413027,-0.1424736216419091,0.4472132638480825,31.473956567483715
Nmcs,-0.020485099389976204,0.14607051225218556,-0.3521731458597481,0.3221071229749952,49.67826815908886
Nmcs,-0.41568880319904844,0.15816438162944876,-0.4526070747391986,0.2155732084429356,48.28293693779149
Nmcs,-0.4520357908126175,0.07900096039428421,-0.13205225916047292,0.2632357193271228,49.90581761635953
Nmcs,-0.3643680111968223,0.07064491809893167,-0.17859243904870817,0.3948669144172051,31.548915075762547
Nmcs,-0.5231731006700676,0.25218745727848074,-0.08794803628540677,0.6204504221863157,75.16077935586375
Nmcs,-0.5060508712386498,0.10439699094142414,-0.2488273974581124,0.4109102172555266,48.049747670419286
Nmcs,-0.03196642881078776,0.09750245691633919,-0.34374528195377235,0.4121774549933986,31.471959059101394
Nmcs,0.3119775637430216,0.28514551208196537,-0.08657609940425008,3.644584375694022,142.66442090062878
Nmcs,-0.06593662554242864,0.028817673843049802,-0.13575099373962163,0.18249236355516085,44.46439739578009
Nmcs,-0.5231731006700676,0.25218745727848074,-0.08794803628540677,0.6204504221863157,75.16077935586375
Nmcs,0.11009586433101784,0.047994353187146066,-0.24493900195665852,0.38969536391111564,35.42368641240107
Nmcs,-0.06362851222030977,0.06994381411954531,-0.09020418882454057,0.457089142053832,32.171847394692094
Nmcs,-0.10315413249908134,0.07262866764611849,-0.10368088609847587,0.4451573023767939,41.09503894506148
Nmcs,0.06594426388651195,0.02171466413943455,-0.15175206103049774,0.2650483828853204,46.8385329750359
Nmcs,-0.12111709858282058,0.2699933259615597,-0.2300701877858702,0.3305349369261417,43.504329702858875
Nmcs,-0.05988765320260632,0.06359344731493709,-0.3035875253949136,0.4322292374464047,40.169586953124906
Nmcs,0.531883110878789,0.06514005366055813,-0.08833523520168146,2.231080605732463,130.86366875354312
Nmcs,-0.5217929465223097,0.18335842384782666,-0.4036040653547129,0.25164674546740246,52.502681543609725
Nmcs,0.027480311259114286,0.09750245691633919,-0.3243400793442721,0.4128806366343648,31.259694976486227
Nmcs,0.531883110878789,0.06514005366055813,-0.08833523520168146,2.231080605732463,130.86366875354312
Nmcs,-0.5217929465223097,0.18335842384782666,-0.4036040653547129,0.25164674546740246,52.502681543609725
Nmcs,0.046825426750710386,0.0863362616684784,-0.24318187048861753,0.4408332505568878,30.4022116755693
Nmcs,-0.26497465922312347,0.15919077383182362,-0.17058338487695746,0.480987726591017,66.84336355991974
Nmcs,0.046825426750710386,0.0863362616684784,-0.24318187048861753,0.4408332505568878,30.4022116755693
Nmcs,-0.06593662554242864,0.028817673843049802,-0.13575099373962163,0.18249236355516085,44.46439739578009
Nmcs,-0.04651336203266476,0.18688403119200175,-0.10195915556016613,0.4648720686194054,43.27612856843568
Nmcs,-0.11378526334673983,0.2219178428977849,0.02628995243084917,0.5403396627902316,33.575467601818744
Nmcs,-0.5333709356615597,0.1545068154143419,-0.3980742992246692,0.27812264974504536,43.194441404632535
Nmcs,-0.04651336203266476,0.18688403119200175,-0.10195915556016613,0.4648720686194054,43.27612856843568
Nmcs,0.15864932938431953,0.2626688331115147,-0.07606520905795051,1.0884706032854012,56.161184750785765
Nmcs,-0.35804413936406143,0.05338954039327548,-0.22797765016808857,0.24067097374910945,45.08015844663716
Nmcs,-0.3643680111968223,0.07064491809893167,-0.17859243904870817,0.3948669144172051,31.548915075762547
Nmcs,0.1141430612236819,0.15234774841697118,-0.08292519745782832,0.6949695461621714,60.83268491069184
Nmcs,-0.03605478875032645,0.10054809870551898,-0.21517377790004297,0.4675448403117066,29.390784783099424
Nmcs,-0.32459213596890735,0.08752278775338235,-0.09966479777570907,0.4947196920740033,41.66651585927031
Nmcs,-0.5231731006700676,0.25218745727848074,-0.08794803628540677,0.6204504221863157,75.16077935586375
Nmcs,-0.04161257273240647,0.16928843628872026,-0.061802785920716724,0.4623917127776316,42.59199303680672
Nmcs,-0.11469984899395137,0.05707784766066966,-0.14287051719458432,0.21405097044033197,44.60838804495485
Nmcs,-0.35804413936406143,0.05338954039327548,-0.22797765016808857,0.24067097374910945,45.08015844663716
Nmcs,0.0735047522721589,0.019466742170863627,-0.16936236507062008,0.37454075515650276,36.48196928340217
Nmcs,0.1141430612236819,0.15234774841697118,-0.08292519745782832,0.6949695461621714,60.83268491069184
Nmcs,-0.2926848372328372,0.125086268462067,-0.06355192078207668,0.5269219773028899,33.63756103503984
Nmcs,0.11009586433101784,0.047994353187146066,-0.24493900195665852,0.38969536391111564,35.42368641240107
Nmcs,-0.5060508712386498,0.10439699094142414,-0.2488273974581124,0.4109102172555266,48.049747670419286
Nmcs,0.11076061043278938,0.11024510277209376,-0.04549974882795699,0.4341766252945622,43.11935006386456
Nmcs,-0.2741761591387528,0.21282529553186977,0.028296259221927657,0.5679357190434058,38.45166905678874
Nmcs,-0.3643680111968223,0.07064491809893167,-0.17859243904870817,0.3948669144172051,31.548915075762547
Nmcs,0.08866347168499772,0.10307396806989808,-0.05644557685525202,0.448017381277652,40.34529212800423
Nmcs,-0.19837268311151965,0.024329986866063625,-0.38418681962150225,0.35666702941350537,44.997604901447176
Nmcs,-0.1477030143545557,0.09101375853413027,-0.1424736216419091,0.4472132638480825,31.473956567483715
Nmcs,-0.04651336203266476,0.18688403119200175,-0.10195915556016613,0.4648720686194054,43.27612856843568
Nmcs,-0.11469984899395137,0.05707784766066966,-0.14287051719458432,0.21405097044033197,44.60838804495485
Nmcs,-0.08346079929190352,0.04199975724441006,-0.28969094668086476,0.42659997315249854,39.72050243870949
Nmcs,0.046825426750710386,0.0863362616684784,-0.24318187048861753,0.4408332505568878,30.4022116755693
Nmcs,-0.5664728877166063,0.10972355829666217,-0.1776100173061343,0.28975525806445424,45.853407251620396
Nmcs,-0.3798087075433744,0.30352672683600435,-0.07944261067625694,1.560726911301746,75.84939395990705
Nmcs,-0.3798087075433744,0.30352672683600435,-0.07944261067625694,1.560726911301746,75.84939395990705
Nmcs,-0.06362851222030977,0.06994381411954531,-0.09020418882454057,0.457089142053832,32.171847394692094
Nmcs,-0.3643680111968223,0.07064491809893167,-0.17859243904870817,0.3948669144172051,31.548915075762547
Nmcs,0.23479908700105173,0.17112487953239372,-0.11982507840590823,1.3796973399845034,95.99318450574292
Nmcs,-0.11378526334673983,0.2219178428977849,0.02628995243084917,0.5403396627902316,33.575467601818744
Nmcs,-0.32459213596890735,0.08752278775338235,-0.09966479777570907,0.4947196920740033,41.66651585927031
Nmcs,-0.18059521376109555,0.1113339327857162,-0.156525404953173,0.4451235740166373,27.59065987291765
Nmcs,0.11076061043278938,0.11024510277209376,-0.04549974882795699,0.4341766252945622,43.11935006386456
Nmcs,-0.05437424920501446,0.04096700376529885,-0.3368727826702966,0.38746788582994457,43.911350112930215
Nmcs,0.06993091149870184,0.10189715159534578,-0.3101796784965371,0.40350628940367894,30.677402733150277
Nmcs,-0.3643680111968223,0.07064491809893167,-0.17859243904870817,0.3948669144172051,31.548915075762547
Nmcs,-0.11378526334673983,0.2219178428977849,0.02628995243084917,0.5403396627902316,33.575467601818744
Nmcs,-0.4616568761669308,0.15773877349179705,-0.17421584794701475,0.2908683581377489,61.16098911923364
Nmcs,0.2927906804296305,0.26121322030530886,-0.05483023101165704,2.2853681520101126,95.07718807039008
Nmcs,-0.11378526334673983,0.2219178428977849,0.02628995243084917,0.5403396627902316,33.575467601818744
Nmcs,-0.020485099389976204,0.14607051225218556,-0.3521731458597481,0.3221071229749952,49.67826815908886
Nmcs,-0.35804413936406143,0.05338954039327548,-0.22797765016808857,0.24067097374910945,45.08015844663716
Nmcs,-0.05437424920501446,0.04096700376529885,-0.3368727826702966,0.38746788582994457,43.911350112930215
Nmcs,-0.18059521376109555,0.1113339327857162,-0.156525404953173,0.4451235740166373,27.59065987291765
Nmcs,-0.4856648570519357,0.1020507255073245,-0.3596651198040669,0.2650789372492324,42.696460802897484
Nmcs,0.06993091149870184,0.10189715159534578,-0.3101796784965371,0.40350628940367894,30.677402733150277
Nmcs,-0.28729834387877284,0.1030444149266306,-0.0942170154981439,0.5020013281103439,41.01767965623024
Nmcs,-0.5060508712386498,0.10439699094142414,-0.2488273974581124,0.4109102172555266,48.049747670419286
Nmcs,-0.4520357908126175,0.07900096039428421,-0.13205225916047292,0.2632357193271228,49.90581761635953
Nmcs,-0.3643680111968223,0.07064491809893167,-0.17859243904870817,0.3948669144172051,31.548915075762547
Nmcs,-0.06593662554242864,0.028817673843049802,-0.13575099373962163,0.18249236355516085,44.46439739578009
Nmcs,-0.2750867364953814,0.1450326242076622,-0.1680739504533384,0.4770616132171872,66.2639922668391
Nmcs,0.046825426750710386,0.0863362616684784,-0.24318187048861753,0.4408332505568878,30.4022116755693
Nmcs,0.15864932938431953,0.2626688331115147,-0.07606520905795051,1.0884706032854012,56.161184750785765
Nmcs,0.08732074803389137,0.30248173450222715,-0.06345422879408746,1.2170247347171759,75.93733658105035
Nmcs,0.06353513294054376,0.11984914659031976,-0.30531533697761787,0.32726393771203793,49.433492020963016
Nmcs,0.06993091149870184,0.10189715159534578,-0.3101796784965371,0.40350628940367894,30.677402733150277
Nmcs,-0.5060508712386498,0.10439699094142414,-0.2488273974581124,0.4109102172555266,48.049747670419286
Nmcs,0.531883110878789,0.06514005366055813,-0.08833523520168146,2.231080605732463,130.86366875354312
Nmcs,-0.26068500418389634,0.03136109367110243,-0.18049163351044184,0.22567460930288422,47.007512374522484
Nmcs,-0.19837268311151965,0.024329986866063625,-0.38418681962150225,0.35666702941350537,44.997604901447176
Nmcs,0.5604744540455584,0.08047041701877622,-0.08442414788450293,5.198571379550593,234.66760990043153
Nmcs,-0.35804413936406143,0.05338954039327548,-0.22797765016808857,0.24067097374910945,45.08015844663716
Nmcs,-0.5217929465223097,0.18335842384782666,-0.4036040653547129,0.25164674546740246,52.502681543609725
Nmcs,0.1141430612236819,0.15234774841697118,-0.08292519745782832,0.6949695461621714,60.83268491069184
Nmcs,-0.07785125539442875,0.16024960209604303,-0.17939229988098676,0.4430916301020098,49.04723588377286
Nmcs,0.11009586433101784,0.047994353187146066,-0.24493900195665852,0.38969536391111564,35.42368641240107
Nmcs,-0.1477030143545557,0.09101375853413027,-0.1424736216419091,0.4472132638480825,31.473956567483715
Nmcs,-0.21845306197293274,0.13480490912361637,0.03145448157077832,0.5409886009013811,33.87973743422141
Nmcs,-0.2926848372328372,0.125086268462067,-0.06355192078207668,0.5269219773028899,33.63756103503984
Nmcs,0.06993091149870184,0.10189715159534578,-0.3101796784965371,0.40350628940367894,30.677402733150277
Nmcs,-0.3643680111968223,0.07064491809893167,-0.17859243904870817,0.3948669144172051,31.548915075762547
Nmcs,-0.2750867364953814,0.1450326242076622,-0.1680739504533384,0.4770616132171872,66.2639922668391
Nmcs,-0.4520357908126175,0.07900096039428421,-0.13205225916047292,0.2632357193271228,49.90581761635953
Nmcs,0.046825426750710386,0.0863362616684784,-0.24318187048861753,0.4408332505568878,30.4022116755693
Nmcs,-0.1477030143545557,0.09101375853413027,-0.1424736216419091,0.4472132638480825,31.473956567483715
Nmcs,-0.6471113334716534,0.1346041863123591,-0.08137815812874626,0.428756526019984,44.405584766389346
Nmcs,-0.11469984899395137,0.05707784766066966,-0.14287051719458432,0.21405097044033197,44.60838804495485
Nmcs,-0.32459213596890735,0.08752278775338235,-0.09966479777570907,0.4947196920740033,41.66651585927031
Nmcs,0.531883110878789,0.06514005366055813,-0.08833523520168146,2.231080605732463,130.86366875354312
Nmcs,-0.17505856714342155,0.08470782124119643,-0.11678436308062562,0.46046853117439734,39.21194103829145
Nmcs,-0.06362851222030977,0.06994381411954531,-0.09020418882454057,0.457089142053832,32.171847394692094
Nmcs,0.20970269887559556,0.3725467597022468,-0.008674636006816276,1.5396253955569703,63.008290473750975
Nmcs,-0.2750867364953814,0.1450326242076622,-0.1680739504533384,0.4770616132171872,66.2639922668391
Nmcs,-0.10315413249908134,0.07262866764611849,-0.10368088609847587,0.4451573023767939,41.09503894506148
Nmcs,-0.26068500418389634,0.03136109367110243,-0.18049163351044184,0.22567460930288422,47.007512374522484
Nmcs,-0.03196642881078776,0.09750245691633919,-0.34374528195377235,0.4121774549933986,31.471959059101394
Nmcs,-0.3643680111968223,0.07064491809893167,-0.17859243904870817,0.3948669144172051,31.548915075762547
Nmcs,-0.3798087075433744,0.30352672683600435,-0.07944261067625694,1.560726911301746,75.84939395990705
Nmcs,0.22855714630274965,0.16490355641449855,-0.008780096597853759,1.4134890876601938,85.57596241379365
Nmcs,0.08895007996619439,0.10326139932358429,-0.304680838251988,0.4065919976124728,29.629902670881062
Nmcs,0.08732074803389137,0.30248173450222715,-0.06345422879408746,1.2170247347171759,75.93733658105035
Nmcs,0.08866347168499772,0.10307396806989808,-0.05644557685525202,0.448017381277652,40.34529212800423
Nmcs,0.06353513294054376,0.11984914659031976,-0.30531533697761787,0.32726393771203793,49.433492020963016
Nmcs,-0.26068500418389634,0.03136109367110243,-0.18049163351044184,0.22567460930288422,47.007512374522484
Nmcs,-0.1477030143545557,0.09101375853413027,-0.1424736216419091,0.4472132638480825,31.473956567483715
Nmcs,-0.5217929465223097,0.18335842384782666,-0.4036040653547129,0.25164674546740246,52.502681543609725
Nmcs,-0.3218277965587354,0.10004933062431132,-0.1579110483684041,0.3684237536164016,37.13119950829104
Nmcs,-0.07785125539442875,0.16024960209604303,-0.17939229988098676,0.4430916301020098,49.04723588377286
Nmcs,-0.3798087075433744,0.30352672683600435,-0.07944261067625694,1.560726911301746,75.84939395990705
Nmcs,0.08732074803389137,0.30248173450222715,-0.06345422879408746,1.2170247347171759,75.93733658105035
Nmcs,0.08895007996619439,0.10326139932358429,-0.304680838251988,0.4065919976124728,29.629902670881062
Nmcs,-0.11469984899395137,0.05707784766066966,-0.14287051719458432,0.21405097044033197,44.60838804495485
Nmcs,-0.28729834387877284,0.1030444149266306,-0.0942170154981439,0.5020013281103439,41.01767965623024
Nmcs,-0.4856648570519357,0.1020507255073245,-0.3596651198040669,0.2650789372492324,42.696460802897484
Nmcs,-0.5333709356615597,0.1545068154143419,-0.3980742992246692,0.27812264974504536,43.194441404632535
Nmcs,-0.2750867364953814,0.1450326242076622,-0.1680739504533384,0.4770616132171872,66.2639922668391
Nmcs,-0.311519581570662,0.3160357200146898,-0.25030854720204904,1.571551587120813,91.31647806966816
Nmcs,-0.1769874906295247,0.31347606850389786,-0.24556116797390218,2.1855254060777916,85.66504468465877
Nmcs,-0.1477030143545557,0.09101375853413027,-0.1424736216419091,0.4472132638480825,31.473956567483715
Nmcs,-0.3218277965587354,0.10004933062431132,-0.1579110483684041,0.3684237536164016,37.13119950829104
Nmcs,-0.35804413936406143,0.05338954039327548,-0.22797765016808857,0.24067097374910945,45.08015844663716
Nmcs,0.06353513294054376,0.11984914659031976,-0.30531533697761787,0.32726393771203793,49.433492020963016
Nmcs,-0.12111709858282058,0.2699933259615597,-0.2300701877858702,0.3305349369261417,43.504329702858875
Nmcs,-0.05413510243863184,0.18930445315168742,-0.11692414319223453,0.4788306280568332,55.894979431213024
Nmcs,0.0735047522721589,0.019466742170863627,-0.16936236507062008,0.37454075515650276,36.48196928340217
Nmcs,0.046825426750710386,0.0863362616684784,-0.24318187048861753,0.4408332505568878,30.4022116755693
Nmcs,-0.2750867364953814,0.1450326242076622,-0.1680739504533384,0.4770616132171872,66.2639922668391
Nmcs,-0.07785125539442875,0.16024960209604303,-0.17939229988098676,0.4430916301020098,49.04723588377286
Nmcs,-0.5060508712386498,0.10439699094142414,-0.2488273974581124,0.4109102172555266,48.049747670419286
Nmcs,0.2927906804296305,0.26121322030530886,-0.05483023101165704,2.2853681520101126,95.07718807039008
Nmcs,-0.4520357908126175,0.07900096039428421,-0.13205225916047292,0.2632357193271228,49.90581761635953
Nmcs,-0.11378526334673983,0.2219178428977849,0.02628995243084917,0.5403396627902316,33.575467601818744
Nmcs,-0.6471113334716534,0.1346041863123591,-0.08137815812874626,0.428756526019984,44.405584766389346
Nmcs,0.23479908700105173,0.17112487953239372,-0.11982507840590823,1.3796973399845034,95.99318450574292
Nmcs,-0.04651336203266476,0.18688403119200175,-0.10195915556016613,0.4648720686194054,43.27612856843568
Nmcs,-0.19837268311151965,0.024329986866063625,-0.38418681962150225,0.35666702941350537,44.997604901447176
Nmcs,0.08732074803389137,0.30248173450222715,-0.06345422879408746,1.2170247347171759,75.93733658105035
Nmcs,-0.19837268311151965,0.024329986866063625,-0.38418681962150225,0.35666702941350537,44.997604901447176
Nmcs,-0.10315413249908134,0.07262866764611849,-0.10368088609847587,0.4451573023767939,41.09503894506148
Nmcs,0.06993091149870184,0.10189715159534578,-0.3101796784965371,0.40350628940367894,30.677402733150277
Nmcs,0.280765819307216,0.22015095721833058,-0.002159094728895284,4.007270193261573,151.39914186664717
Nmcs,0.11076061043278938,0.11024510277209376,-0.04549974882795699,0.4341766252945622,43.11935006386456
Nmcs,0.046825426750710386,0.0863362616684784,-0.24318187048861753,0.4408332505568878,30.4022116755693
Nmcs,-0.32459213596890735,0.08752278775338235,-0.09966479777570907,0.4947196920740033,41.66651585927031
Nmcs,0.027480311259114286,0.09750245691633919,-0.3243400793442721,0.4128806366343648,31.259694976486227
Nmcs,0.531883110878789,0.06514005366055813,-0.08833523520168146,2.231080605732463,130.86366875354312
Nmcs,-0.06362851222030977,0.06994381411954531,-0.09020418882454057,0.457089142053832,32.171847394692094
Nmcs,0.027480311259114286,0.09750245691633919,-0.3243400793442721,0.4128806366343648,31.259694976486227
Nmcs,0.08895007996619439,0.10326139932358429,-0.304680838251988,0.4065919976124728,29.629902670881062
Nmcs,-0.03196642881078776,0.09750245691633919,-0.34374528195377235,0.4121774549933986,31.471959059101394
Nmcs,-0.2926848372328372,0.125086268462067,-0.06355192078207668,0.5269219773028899,33.63756103503984
Nmcs,-0.26320697569040036,0.2831707191464374,-0.08416875377869838,1.5290810935030978,78.89623587783878
Nmcs,-0.05437424920501446,0.04096700376529885,-0.3368727826702966,0.38746788582994457,43.911350112930215
Nmcs,0.2927906804296305,0.26121322030530886,-0.05483023101165704,2.2853681520101126,95.07718807039008
Nmcs,0.027480311259114286,0.09750245691633919,-0.3243400793442721,0.4128806366343648,31.259694976486227
Nmcs,-0.613410901437898,0.11576129345068953,-0.3796291457747224,0.2923051711430307,47.48383554964929
Nmcs,0.531883110878789,0.06514005366055813,-0.08833523520168146,2.231080605732463,130.86366875354312
Nmcs,-0.03605478875032645,0.10054809870551898,-0.21517377790004297,0.4675448403117066,29.390784783099424
Nmcs,0.08732074803389137,0.30248173450222715,-0.06345422879408746,1.2170247347171759,75.93733658105035
Nmcs,-0.4520357908126175,0.07900096039428421,-0.13205225916047292,0.2632357193271228,49.90581761635953
Nmcs,-0.26068500418389634,0.03136109367110243,-0.18049163351044184,0.22567460930288422,47.007512374522484
Nmcs,0.06993091149870184,0.10189715159534578,-0.3101796784965371,0.40350628940367894,30.677402733150277
Nmcs,-0.28729834387877284,0.1030444149266306,-0.0942170154981439,0.5020013281103439,41.01767965623024
Nmcs,-0.21845306197293274,0.13480490912361637,0.03145448157077832,0.5409886009013811,33.87973743422141
Nmcs,-0.12111709858282058,0.2699933259615597,-0.2300701877858702,0.3305349369261417,43.504329702858875
Nmcs,-0.11469984899395137,0.05707784766066966,-0.14287051719458432,0.21405097044033197,44.60838804495485
Nmcs,-0.26497465922312347,0.15919077383182362,-0.17058338487695746,0.480987726591017,66.84336355991974
Nmcs,-0.28729834387877284,0.1030444149266306,-0.0942170154981439,0.5020013281103439,41.01767965623024
Nmcs,0.08895007996619439,0.10326139932358429,-0.304680838251988,0.4065919976124728,29.629902670881062
Nmcs,-0.5333709356615597,0.1545068154143419,-0.3980742992246692,0.27812264974504536,43.194441404632535
Nmcs,-0.2106107502658223,0.13431731589180526,-0.08107950448724806,0.5133575763070485,32.21177625593176
Nmcs,0.08732074803389137,0.30248173450222715,-0.06345422879408746,1.2170247347171759,75.93733658105035
Nmcs,-0.020485099389976204,0.14607051225218556,-0.3521731458597481,0.3221071229749952,49.67826815908886
Nmcs,-0.3643680111968223,0.07064491809893167,-0.17859243904870817,0.3948669144172051,31.548915075762547
Nmcs,-0.5060508712386498,0.10439699094142414,-0.2488273974581124,0.4109102172555266,48.049747670419286
Nmcs,-0.18355340538817624,0.17364622765983517,0.021983024992993806,0.54593723976951,33.11395415247858
Nmcs,0.046825426750710386,0.0863362616684784,-0.24318187048861753,0.4408332505568878,30.4022116755693
Nmcs,-0.03605478875032645,0.10054809870551898,-0.21517377790004297,0.4675448403117066,29.390784783099424
Nmcs,-0.22844522117075886,0.09698941390521316,-0.08325604211442145,0.5014928507986248,40.25332648706797
Nmcs,-0.04651336203266476,0.18688403119200175,-0.10195915556016613,0.4648720686194054,43.27612856843568
Nmcs,0.16823115618799636,0.23205249288239868,-0.0985619683929953,1.0840956341918668,54.92788793812873
Nmcs,-0.2106107502658223,0.13431731589180526,-0.08107950448724806,0.5133575763070485,32.21177625593176
Nmcs,-0.11378526334673983,0.2219178428977849,0.02628995243084917,0.5403396627902316,33.575467601818744
Nmcs,-0.1477030143545557,0.09101375853413027,-0.1424736216419091,0.4472132638480825,31.473956567483715
Nmcs,0.027480311259114286,0.09750245691633919,-0.3243400793442721,0.4128806366343648,31.259694976486227
Nmcs,-0.5664728877166063,0.10972355829666217,-0.1776100173061343,0.28975525806445424,45.853407251620396
Nmcs,0.06353513294054376,0.11984914659031976,-0.30531533697761787,0.32726393771203793,49.433492020963016
Nmcs,-0.21875962141002483,0.17055130722535844,-0.29777134318796517,0.421116338710768,53.70847060603462
Nmcs,-0.4616568761669308,0.15773877349179705,-0.17421584794701475,0.2908683581377489,61.16098911923364
Nmcs,-0.11378526334673983,0.2219178428977849,0.02628995243084917,0.5403396627902316,33.575467601818744
Nmcs,-0.05413510243863184,0.18930445315168742,-0.11692414319223453,0.4788306280568332,55.894979431213024
Nmcs,0.08895007996619439,0.10326139932358429,-0.304680838251988,0.4065919976124728,29.629902670881062
Nmcs,-0.2926848372328372,0.125086268462067,-0.06355192078207668,0.5269219773028899,33.63756103503984
Nmcs,0.046825426750710386,0.0863362616684784,-0.24318187048861753,0.4408332505568878,30.4022116755693
Nmcs,0.0735047522721589,0.019466742170863627,-0.16936236507062008,0.37454075515650276,36.48196928340217
Nmcs,-0.5006878041159737,0.3135636354775276,-0.08188690749680236,1.589235370228052,95.33350925189873
Nmcs,-0.18059521376109555,0.1113339327857162,-0.156525404953173,0.4451235740166373,27.59065987291765
Nmcs,0.06353513294054376,0.11984914659031976,-0.30531533697761787,0.32726393771203793,49.433492020963016
Nmcs,-0.04651336203266476,0.18688403119200175,-0.10195915556016613,0.4648720686194054,43.27612856843568
Nmcs,-0.18059521376109555,0.1113339327857162,-0.156525404953173,0.4451235740166373,27.59065987291765
Nmcs,0.5022427728367738,0.06307002955365978,-0.0931844008032908,1.3019970489677917,96.96438684607116
Nmcs,-0.07785125539442875,0.16024960209604303,-0.17939229988098676,0.4430916301020098,49.04723588377286
Nmcs,0.07419200012539429,0.047105490454577396,-0.05317664323506794,0.26878108568478326,38.95749854112087
Nmcs,-0.32459213596890735,0.08752278775338235,-0.09966479777570907,0.4947196920740033,41.66651585927031
Nmcs,0.3119775637430216,0.28514551208196537,-0.08657609940425008,3.644584375694022,142.66442090062878
Nmcs,-0.5231731006700676,0.25218745727848074,-0.08794803628540677,0.6204504221863157,75.16077935586375
Nmcs,-0.5060508712386498,0.10439699094142414,-0.2488273974581124,0.4109102172555266,48.049747670419286
Nmcs,-0.04651336203266476,0.18688403119200175,-0.10195915556016613,0.4648720686194054,43.27612856843568
Nmcs,-0.5231731006700676,0.25218745727848074,-0.08794803628540677,0.6204504221863157,75.16077935586375
Nmcs,0.0735047522721589,0.019466742170863627,-0.16936236507062008,0.37454075515650276,36.48196928340217
Nmcs,-0.28729834387877284,0.1030444149266306,-0.0942170154981439,0.5020013281103439,41.01767965623024
Nmcs,-0.05437424920501446,0.04096700376529885,-0.3368727826702966,0.38746788582994457,43.911350112930215
Nmcs,-0.28729834387877284,0.1030444149266306,-0.0942170154981439,0.5020013281103439,41.01767965623024
Nmcs,-0.05475932409756481,0.19228683018748005,-0.18446260628383213,0.5939979844593342,63.79597389982263
Nmcs,-0.26320697569040036,0.2831707191464374,-0.08416875377869838,1.5290810935030978,78.89623587783878
Nmcs,-0.41568880319904844,0.15816438162944876,-0.4526070747391986,0.2155732084429356,48.28293693779149
Nmcs,-0.18355340538817624,0.17364622765983517,0.021983024992993806,0.54593723976951,33.11395415247858
Nmcs,-0.04651336203266476,0.18688403119200175,-0.10195915556016613,0.4648720686194054,43.27612856843568
Nmcs,-0.19837268311151965,0.024329986866063625,-0.38418681962150225,0.35666702941350537,44.997604901447176
Nmcs,-0.18355340538817624,0.17364622765983517,0.021983024992993806,0.54593723976951,33.11395415247858
Nmcs,-0.4616568761669308,0.15773877349179705,-0.17421584794701475,0.2908683581377489,61.16098911923364
Nmcs,0.14102767948801528,0.3124152911886333,-0.012726074104462212,1.176242240475269,67.7676347931223
Nmcs,-0.11378526334673983,0.2219178428977849,0.02628995243084917,0.5403396627902316,33.575467601818744
Nmcs,-0.5231731006700676,0.25218745727848074,-0.08794803628540677,0.6204504221863157,75.16077935586375
Nmcs,-0.06362851222030977,0.06994381411954531,-0.09020418882454057,0.457089142053832,32.171847394692094
Nmcs,0.3818446022601035,0.23896552756915712,-0.05785743616846336,1.6431298313705267,79.60710503383045
Nmcs,-0.07785125539442875,0.16024960209604303,-0.17939229988098676,0.4430916301020098,49.04723588377286
Nmcs,-0.35804413936406143,0.05338954039327548,-0.22797765016808857,0.24067097374910945,45.08015844663716
Nmcs,-0.6471113334716534,0.1346041863123591,-0.08137815812874626,0.428756526019984,44.405584766389346
Nmcs,-0.32459213596890735,0.08752278775338235,-0.09966479777570907,0.4947196920740033,41.66651585927031
Nmcs,-0.04651336203266476,0.18688403119200175,-0.10195915556016613,0.4648720686194054,43.27612856843568
Nmcs,-0.05475932409756481,0.19228683018748005,-0.18446260628383213,0.5939979844593342,63.79597389982263
Nmcs,0.5022427728367738,0.06307002955365978,-0.0931844008032908,1.3019970489677917,96.96438684607116
Nmcs,-0.05475932409756481,0.19228683018748005,-0.18446260628383213,0.5939979844593342,63.79597389982263
Nmcs,0.3119775637430216,0.28514551208196537,-0.08657609940425008,3.644584375694022,142.66442090062878
Nmcs,-0.5060508712386498,0.10439699094142414,-0.2488273974581124,0.4109102172555266,48.049747670419286
Nmcs,-0.35804413936406143,0.05338954039327548,-0.22797765016808857,0.24067097374910945,45.08015844663716
Nmcs,-0.4616568761669308,0.15773877349179705,-0.17421584794701475,0.2908683581377489,61.16098911923364
Nmcs,-0.26068500418389634,0.03136109367110243,-0.18049163351044184,0.22567460930288422,47.007512374522484
Nmcs,0.06353513294054376,0.11984914659031976,-0.30531533697761787,0.32726393771203793,49.433492020963016
Nmcs,-0.28729834387877284,0.1030444149266306,-0.0942170154981439,0.5020013281103439,41.01767965623024
Nmcs,-0.06362851222030977,0.06994381411954531,-0.09020418882454057,0.457089142053832,32.171847394692094
Nmcs,-0.1477030143545557,0.09101375853413027,-0.1424736216419091,0.4472132638480825,31.473956567483715
Nmcs,-0.5940329986015018,0.11324672090963095,-0.16029949581525815,0.3030573337250572,46.55674973442247
Nmcs,-0.11378526334673983,0.2219178428977849,0.02628995243084917,0.5403396627902316,33.575467601818744
Nmcs,0.08866347168499772,0.10307396806989808,-0.05644557685525202,0.448017381277652,40.34529212800423
Nmcs,-0.03605478875032645,0.10054809870551898,-0.21517377790004297,0.4675448403117066,29.390784783099424
Nmcs,-0.21845306197293274,0.13480490912361637,0.03145448157077832,0.5409886009013811,33.87973743422141
Nmcs,0.3119775637430216,0.28514551208196537,-0.08657609940425008,3.644584375694022,142.66442090062878
Nmcs,-0.28729834387877284,0.1030444149266306,-0.0942170154981439,0.5020013281103439,41.01767965623024
Nmcs,-0.020485099389976204,0.14607051225218556,-0.3521731458597481,0.3221071229749952,49.67826815908886
Nmcs,0.22855714630274965,0.16490355641449855,-0.008780096597853759,1.4134890876601938,85.57596241379365
Nmcs,-0.05437424920501446,0.04096700376529885,-0.3368727826702966,0.38746788582994457,43.911350112930215
Nmcs,0.06993091149870184,0.10189715159534578,-0.3101796784965371,0.40350628940367894,30.677402733150277
Nmcs,-0.2741761591387528,0.21282529553186977,0.028296259221927657,0.5679357190434058,38.45166905678874
Nmcs,0.06993091149870184,0.10189715159534578,-0.3101796784965371,0.40350628940367894,30.677402733150277
Nmcs,-0.4520357908126175,0.07900096039428421,-0.13205225916047292,0.2632357193271228,49.90581761635953
Nmcs,-0.28729834387877284,0.1030444149266306,-0.0942170154981439,0.5020013281103439,41.01767965623024
Nmcs,-0.3798087075433744,0.30352672683600435,-0.07944261067625694,1.560726911301746,75.84939395990705
Nmcs,0.0735047522721589,0.019466742170863627,-0.16936236507062008,0.37454075515650276,36.48196928340217
Nmcs,-0.05475932409756481,0.19228683018748005,-0.18446260628383213,0.5939979844593342,63.79597389982263
Nmcs,0.06594426388651195,0.02171466413943455,-0.15175206103049774,0.2650483828853204,46.8385329750359
Nmcs,-0.18059521376109555,0.1113339327857162,-0.156525404953173,0.4451235740166373,27.59065987291765
Nmcs,0.046825426750710386,0.0863362616684784,-0.24318187048861753,0.4408332505568878,30.4022116755693
Nmcs,-0.06362851222030977,0.06994381411954531,-0.09020418882454057,0.457089142053832,32.171847394692094
Nmcs,0.5491736597547122,0.06878268060435212,-0.08675546601760478,3.5985998723822,176.08353652549945
Nmcs,-0.11469984899395137,0.05707784766066966,-0.14287051719458432,0.21405097044033197,44.60838804495485
Nmcs,0.06353513294054376,0.11984914659031976,-0.30531533697761787,0.32726393771203793,49.433492020963016
Nmcs,-0.28729834387877284,0.1030444149266306,-0.0942170154981439,0.5020013281103439,41.01767965623024
Nmcs,-0.1477030143545557,0.09101375853413027,-0.1424736216419091,0.4472132638480825,31.473956567483715
Nmcs,-0.35804413936406143,0.05338954039327548,-0.22797765016808857,0.24067097374910945,45.08015844663716
Nmcs,-0.28729834387877284,0.1030444149266306,-0.0942170154981439,0.5020013281103439,41.01767965623024
Nmcs,0.06353513294054376,0.11984914659031976,-0.30531533697761787,0.32726393771203793,49.433492020963016
Nmcs,-0.21875962141002483,0.17055130722535844,-0.29777134318796517,0.421116338710768,53.70847060603462
Nmcs,0.2927906804296305,0.26121322030530886,-0.05483023101165704,2.2853681520101126,95.07718807039008
Nmcs,-0.5664728877166063,0.10972355829666217,-0.1776100173061343,0.28975525806445424,45.853407251620396
Nmcs,-0.41568880319904844,0.15816438162944876,-0.4526070747391986,0.2155732084429356,48.28293693779149
Nmcs,-0.28729834387877284,0.1030444149266306,-0.0942170154981439,0.5020013281103439,41.01767965623024
Nmcs,-0.5060508712386498,0.10439699094142414,-0.2488273974581124,0.4109102172555266,48.049747670419286
Nmcs,-0.5333709356615597,0.1545068154143419,-0.3980742992246692,0.27812264974504536,43.194441404632535
Nmcs,-0.06593662554242864,0.028817673843049802,-0.13575099373962163,0.18249236355516085,44.46439739578009
Nmcs,-0.05988765320260632,0.06359344731493709,-0.3035875253949136,0.4322292374464047,40.169586953124906
Nmcs,-0.11469984899395137,0.05707784766066966,-0.14287051719458432,0.21405097044033197,44.60838804495485
Nmcs,-0.3643680111968223,0.07064491809893167,-0.17859243904870817,0.3948669144172051,31.548915075762547
Nmcs,-0.05988765320260632,0.06359344731493709,-0.3035875253949136,0.4322292374464047,40.169586953124906
Nmcs,-0.06362851222030977,0.06994381411954531,-0.09020418882454057,0.457089142053832,32.171847394692094
Nmcs,-0.2750867364953814,0.1450326242076622,-0.1680739504533384,0.4770616132171872,66.2639922668391
Nmcs,0.06993091149870184,0.10189715159534578,-0.3101796784965371,0.40350628940367894,30.677402733150277
Nmcs,-0.03605478875032645,0.10054809870551898,-0.21517377790004297,0.4675448403117066,29.390784783099424
Nmcs,0.027480311259114286,0.09750245691633919,-0.3243400793442721,0.4128806366343648,31.259694976486227
Nmcs,-0.11378526334673983,0.2219178428977849,0.02628995243084917,0.5403396627902316,33.575467601818744
Nmcs,-0.05437424920501446,0.04096700376529885,-0.3368727826702966,0.38746788582994457,43.911350112930215
Nmcs,-0.3643680111968223,0.07064491809893167,-0.17859243904870817,0.3948669144172051,31.548915075762547
Nmcs,-0.26497465922312347,0.15919077383182362,-0.17058338487695746,0.480987726591017,66.84336355991974
Nmcs,-0.11469984899395137,0.05707784766066966,-0.14287051719458432,0.21405097044033197,44.60838804495485
Nmcs,0.08895007996619439,0.10326139932358429,-0.304680838251988,0.4065919976124728,29.629902670881062
Nmcs,-0.11469984899395137,0.05707784766066966,-0.14287051719458432,0.21405097044033197,44.60838804495485
Nmcs,-0.5664728877166063,0.10972355829666217,-0.1776100173061343,0.28975525806445424,45.853407251620396
Nmcs,-0.4616568761669308,0.15773877349179705,-0.17421584794701475,0.2908683581377489,61.16098911923364
Nmcs,-0.11469984899395137,0.05707784766066966,-0.14287051719458432,0.21405097044033197,44.60838804495485
Nmcs,0.11009586433101784,0.047994353187146066,-0.24493900195665852,0.38969536391111564,35.42368641240107
Nmcs,-0.35804413936406143,0.05338954039327548,-0.22797765016808857,0.24067097374910945,45.08015844663716
Nmcs,-0.05437424920501446,0.04096700376529885,-0.3368727826702966,0.38746788582994457,43.911350112930215
Nmcs,-0.05988765320260632,0.06359344731493709,-0.3035875253949136,0.4322292374464047,40.169586953124906
Nmcs,-0.28729834387877284,0.1030444149266306,-0.0942170154981439,0.5020013281103439,41.01767965623024
Nmcs,-0.05437424920501446,0.04096700376529885,-0.3368727826702966,0.38746788582994457,43.911350112930215
Nmcs,-0.05475932409756481,0.19228683018748005,-0.18446260628383213,0.5939979844593342,63.79597389982263
Nmcs,0.046825426750710386,0.0863362616684784,-0.24318187048861753,0.4408332505568878,30.4022116755693
Nmcs,0.08732074803389137,0.30248173450222715,-0.06345422879408746,1.2170247347171759,75.93733658105035
Nmcs,0.07419200012539429,0.047105490454577396,-0.05317664323506794,0.26878108568478326,38.95749854112087
Nmcs,-0.22844522117075886,0.09698941390521316,-0.08325604211442145,0.5014928507986248,40.25332648706797
Nmcs,0.16823115618799636,0.23205249288239868,-0.0985619683929953,1.0840956341918668,54.92788793812873
Nmcs,-0.1477030143545557,0.09101375853413027,-0.1424736216419091,0.4472132638480825,31.473956567483715
Nmcs,0.15864932938431953,0.2626688331115147,-0.07606520905795051,1.0884706032854012,56.161184750785765
Nmcs,-0.04651336203266476,0.18688403119200175,-0.10195915556016613,0.4648720686194054,43.27612856843568
Nmcs,0.11076061043278938,0.11024510277209376,-0.04549974882795699,0.4341766252945622,43.11935006386456
Nmcs,0.046825426750710386,0.0863362616684784,-0.24318187048861753,0.4408332505568878,30.4022116755693
Nmcs,-0.08346079929190352,0.04199975724441006,-0.28969094668086476,0.42659997315249854,39.72050243870949
Nmcs,-0.17505856714342155,0.08470782124119643,-0.11678436308062562,0.46046853117439734,39.21194103829145
Nmcs,-0.4616568761669308,0.15773877349179705,-0.17421584794701475,0.2908683581377489,61.16098911923364
Nmcs,-0.5060508712386498,0.10439699094142414,-0.2488273974581124,0.4109102172555266,48.049747670419286
Nmcs,-0.10315413249908134,0.07262866764611849,-0.10368088609847587,0.4451573023767939,41.09503894506148
Nmcs,-0.06362851222030977,0.06994381411954531,-0.09020418882454057,0.457089142053832,32.171847394692094
Nmcs,-0.05475932409756481,0.19228683018748005,-0.18446260628383213,0.5939979844593342,63.79597389982263
Nmcs,-0.21845306197293274,0.13480490912361637,0.03145448157077832,0.5409886009013811,33.87973743422141
Nmcs,-0.19837268311151965,0.024329986866063625,-0.38418681962150225,0.35666702941350537,44.997604901447176
Nmcs,-0.10315413249908134,0.07262866764611849,-0.10368088609847587,0.4451573023767939,41.09503894506148
Nmcs,-0.06362851222030977,0.06994381411954531,-0.09020418882454057,0.457089142053832,32.171847394692094
Nmcs,-0.41568880319904844,0.15816438162944876,-0.4526070747391986,0.2155732084429356,48.28293693779149
Nmcs,0.22855714630274965,0.16490355641449855,-0.008780096597853759,1.4134890876601938,85.57596241379365
Nmcs,-0.05937200912887988,0.3493506009292989,-0.19895312842200893,0.7415004604466634,58.30882030040088
Nmcs,-0.11378526334673983,0.2219178428977849,0.02628995243084917,0.5403396627902316,33.575467601818744
Nmcs,0.06353513294054376,0.11984914659031976,-0.30531533697761787,0.32726393771203793,49.433492020963016
Nmcs,-0.5664728877166063,0.10972355829666217,-0.1776100173061343,0.28975525806445424,45.853407251620396
Nmcs,-0.11378526334673983,0.2219178428977849,0.02628995243084917,0.5403396627902316,33.575467601818744
Nmcs,0.06993091149870184,0.10189715159534578,-0.3101796784965371,0.40350628940367894,30.677402733150277
Nmcs,-0.18355340538817624,0.17364622765983517,0.021983024992993806,0.54593723976951,33.11395415247858
Nmcs,-0.3643680111968223,0.07064491809893167,-0.17859243904870817,0.3948669144172051,31.548915075762547
Nmcs,-0.2106107502658223,0.13431731589180526,-0.08107950448724806,0.5133575763070485,32.21177625593176
Nmcs,0.2927906804296305,0.26121322030530886,-0.05483023101165704,2.2853681520101126,95.07718807039008
Nmcs,-0.05437424920501446,0.04096700376529885,-0.3368727826702966,0.38746788582994457,43.911350112930215
Nmcs,-0.11378526334673983,0.2219178428977849,0.02628995243084917,0.5403396627902316,33.575467601818744
Nmcs,-0.06362851222030977,0.06994381411954531,-0.09020418882454057,0.457089142053832,32.171847394692094
Nmcs,-0.4856648570519357,0.1020507255073245,-0.3596651198040669,0.2650789372492324,42.696460802897484
Nmcs,0.15864932938431953,0.2626688331115147,-0.07606520905795051,1.0884706032854012,56.161184750785765
Nmcs,-0.11378526334673983,0.2219178428977849,0.02628995243084917,0.5403396627902316,33.575467601818744
Nmcs,-0.35804413936406143,0.05338954039327548,-0.22797765016808857,0.24067097374910945,45.08015844663716
Nmcs,0.16823115618799636,0.23205249288239868,-0.0985619683929953,1.0840956341918668,54.92788793812873
Nmcs,0.027480311259114286,0.09750245691633919,-0.3243400793442721,0.4128806366343648,31.259694976486227
Nmcs,-0.5060508712386498,0.10439699094142414,-0.2488273974581124,0.4109102172555266,48.049747670419286
Nmcs,-0.11378526334673983,0.2219178428977849,0.02628995243084917,0.5403396627902316,33.575467601818744
Nmcs,-0.1769874906295247,0.31347606850389786,-0.24556116797390218,2.1855254060777916,85.66504468465877
Nmcs,-0.05437424920501446,0.04096700376529885,-0.3368727826702966,0.38746788582994457,43.911350112930215
Nmcs,-0.05413510243863184,0.18930445315168742,-0.11692414319223453,0.4788306280568332,55.894979431213024
Nmcs,-0.3643680111968223,0.07064491809893167,-0.17859243904870817,0.3948669144172051,31.548915075762547
Nmcs,-0.5231731006700676,0.25218745727848074,-0.08794803628540677,0.6204504221863157,75.16077935586375
Nmcs,-0.28729834387877284,0.1030444149266306,-0.0942170154981439,0.5020013281103439,41.01767965623024
Nmcs,0.06353513294054376,0.11984914659031976,-0.30531533697761787,0.32726393771203793,49.433492020963016
Nmcs,-0.1477030143545557,0.09101375853413027,-0.1424736216419091,0.4472132638480825,31.473956567483715
Nmcs,-0.613410901437898,0.11576129345068953,-0.3796291457747224,0.2923051711430307,47.48383554964929
Nmcs,-0.28729834387877284,0.1030444149266306,-0.0942170154981439,0.5020013281103439,41.01767965623024
Nmcs,-0.11378526334673983,0.2219178428977849,0.02628995243084917,0.5403396627902316,33.575467601818744
Nmcs,0.14102767948801528,0.3124152911886333,-0.012726074104462212,1.176242240475269,67.7676347931223
Nmcs,0.08895007996619439,0.10326139932358429,-0.304680838251988,0.4065919976124728,29.629902670881062
Nmcs,-0.17505856714342155,0.08470782124119643,-0.11678436308062562,0.46046853117439734,39.21194103829145
Nmcs,-0.41568880319904844,0.15816438162944876,-0.4526070747391986,0.2155732084429356,48.28293693779149
Nmcs,-0.11378526334673983,0.2219178428977849,0.02628995243084917,0.5403396627902316,33.575467601818744
Nmcs,0.06594426388651195,0.02171466413943455,-0.15175206103049774,0.2650483828853204,46.8385329750359
Nmcs,-0.19837268311151965,0.024329986866063625,-0.38418681962150225,0.35666702941350537,44.997604901447176
Nmcs,-0.19837268311151965,0.024329986866063625,-0.38418681962150225,0.35666702941350537,44.997604901447176
Nmcs,-0.35804413936406143,0.05338954039327548,-0.22797765016808857,0.24067097374910945,45.08015844663716
Nmcs,0.06993091149870184,0.10189715159534578,-0.3101796784965371,0.40350628940367894,30.677402733150277
Nmcs,0.24639330201866402,0.17743577456026538,-0.12046272326425785,1.2562738990296978,91.2540723119061
Nmcs,-0.11378526334673983,0.2219178428977849,0.02628995243084917,0.5403396627902316,33.575467601818744
Nmcs,-0.05413510243863184,0.18930445315168742,-0.11692414319223453,0.4788306280568332,55.894979431213024
Nmcs,-0.41568880319904844,0.15816438162944876,-0.4526070747391986,0.2155732084429356,48.28293693779149
Nmcs,-0.1477030143545557,0.09101375853413027,-0.1424736216419091,0.4472132638480825,31.473956567483715
Nmcs,0.046825426750710386,0.0863362616684784,-0.24318187048861753,0.4408332505568878,30.4022116755693
Nmcs,-0.11378526334673983,0.2219178428977849,0.02628995243084917,0.5403396627902316,33.575467601818744
Nmcs,-0.08346079929190352,0.04199975724441006,-0.28969094668086476,0.42659997315249854,39.72050243870949
Nmcs,-0.6471113334716534,0.1346041863123591,-0.08137815812874626,0.428756526019984,44.405584766389346
Nmcs,-0.35804413936406143,0.05338954039327548,-0.22797765016808857,0.24067097374910945,45.08015844663716
Nmcs,-0.5217929465223097,0.18335842384782666,-0.4036040653547129,0.25164674546740246,52.502681543609725
Nmcs,-0.05143540695845918,0.08244563219099575,-0.0804114776356479,0.4627962553218341,31.80607253984229
Nmcs,0.027480311259114286,0.09750245691633919,-0.3243400793442721,0.4128806366343648,31.259694976486227
Nmcs,0.24639330201866402,0.17743577456026538,-0.12046272326425785,1.2562738990296978,91.2540723119061
Nmcs,-0.21875962141002483,0.17055130722535844,-0.29777134318796517,0.421116338710768,53.70847060603462
Nmcs,-0.10315413249908134,0.07262866764611849,-0.10368088609847587,0.4451573023767939,41.09503894506148
Nmcs,-0.12111709858282058,0.2699933259615597,-0.2300701877858702,0.3305349369261417,43.504329702858875
Nmcs,-0.28729834387877284,0.1030444149266306,-0.0942170154981439,0.5020013281103439,41.01767965623024
Nmcs,-0.5060508712386498,0.10439699094142414,-0.2488273974581124,0.4109102172555266,48.049747670419286
Nmcs,-0.4616568761669308,0.15773877349179705,-0.17421584794701475,0.2908683581377489,61.16098911923364
Nmcs,0.3119775637430216,0.28514551208196537,-0.08657609940425008,3.644584375694022,142.66442090062878
Nmcs,0.07419200012539429,0.047105490454577396,-0.05317664323506794,0.26878108568478326,38.95749854112087
Nmcs,-0.32459213596890735,0.08752278775338235,-0.09966479777570907,0.4947196920740033,41.66651585927031
Nmcs,-0.19837268311151965,0.024329986866063625,-0.38418681962150225,0.35666702941350537,44.997604901447176
Nmcs,-0.35804413936406143,0.05338954039327548,-0.22797765016808857,0.24067097374910945,45.08015844663716
Nmcs,-0.4616568761669308,0.15773877349179705,-0.17421584794701475,0.2908683581377489,61.16098911923364
Nmcs,-0.05413510243863184,0.18930445315168742,-0.11692414319223453,0.4788306280568332,55.894979431213024
Nmcs,-0.2926848372328372,0.125086268462067,-0.06355192078207668,0.5269219773028899,33.63756103503984
Nmcs,-0.19837268311151965,0.024329986866063625,-0.38418681962150225,0.35666702941350537,44.997604901447176
Nmcs,-0.19837268311151965,0.024329986866063625,-0.38418681962150225,0.35666702941350537,44.997604901447176
Nmcs,0.5022427728367738,0.06307002955365978,-0.0931844008032908,1.3019970489677917,96.96438684607116
Nmcs,-0.10315413249908134,0.07262866764611849,-0.10368088609847587,0.4451573023767939,41.09503894506148
Nmcs,0.046825426750710386,0.0863362616684784,-0.24318187048861753,0.4408332505568878,30.4022116755693
Nmcs,0.11076061043278938,0.11024510277209376,-0.04549974882795699,0.4341766252945622,43.11935006386456
Nmcs,0.07419200012539429,0.047105490454577396,-0.05317664323506794,0.26878108568478326,38.95749854112087
Nmcs,-0.05413510243863184,0.18930445315168742,-0.11692414319223453,0.4788306280568332,55.894979431213024
Nmcs,-0.19837268311151965,0.024329986866063625,-0.38418681962150225,0.35666702941350537,44.997604901447176
Nmcs,-0.2741761591387528,0.21282529553186977,0.028296259221927657,0.5679357190434058,38.45166905678874
Nmcs,-0.03972194651476137,0.024257992447663645,-0.15497405418891652,0.26935660269527534,49.170331184289566
Nmcs,-0.05143540695845918,0.08244563219099575,-0.0804114776356479,0.4627962553218341,31.80607253984229
Nmcs,-0.19837268311151965,0.024329986866063625,-0.38418681962150225,0.35666702941350537,44.997604901447176
Nmcs,-0.06362851222030977,0.06994381411954531,-0.09020418882454057,0.457089142053832,32.171847394692094
Nmcs,0.027480311259114286,0.09750245691633919,-0.3243400793442721,0.4128806366343648,31.259694976486227
Nmcs,-0.05475932409756481,0.19228683018748005,-0.18446260628383213,0.5939979844593342,63.79597389982263
Nmcs,-0.5006878041159737,0.3135636354775276,-0.08188690749680236,1.589235370228052,95.33350925189873
Nmcs,0.280765819307216,0.22015095721833058,-0.002159094728895284,4.007270193261573,151.39914186664717
Nmcs,0.06993091149870184,0.10189715159534578,-0.3101796784965371,0.40350628940367894,30.677402733150277
Nmcs,-0.11378526334673983,0.2219178428977849,0.02628995243084917,0.5403396627902316,33.575467601818744
Nmcs,0.531883110878789,0.06514005366055813,-0.08833523520168146,2.231080605732463,130.86366875354312
Nmcs,-0.05988765320260632,0.06359344731493709,-0.3035875253949136,0.4322292374464047,40.169586953124906
Nmcs,0.06594426388651195,0.02171466413943455,-0.15175206103049774,0.2650483828853204,46.8385329750359
Nmcs,-0.17505856714342155,0.08470782124119643,-0.11678436308062562,0.46046853117439734,39.21194103829145
Nmcs,0.22855714630274965,0.16490355641449855,-0.008780096597853759,1.4134890876601938,85.57596241379365
Nmcs,-0.2750867364953814,0.1450326242076622,-0.1680739504533384,0.4770616132171872,66.2639922668391
Nmcs,-0.4616568761669308,0.15773877349179705,-0.17421584794701475,0.2908683581377489,61.16098911923364
Nmcs,-0.11378526334673983,0.2219178428977849,0.02628995243084917,0.5403396627902316,33.575467601818744
Nmcs,0.1141430612236819,0.15234774841697118,-0.08292519745782832,0.6949695461621714,60.83268491069184
Wave,-0.3469207565029383,0.0623141384183837,-0.38005534625383347,0.36412920349842925,36.29641536892544
Wave,-0.4463463118863023,0.07232843533657533,-0.38432029996923367,0.3735604791488033,37.510406985409276
Wave,-0.149399754505238,0.06029862863233496,-0.4228032354775471,0.28766213160360155,37.52299211751297
Wave,-0.18946516983852707,0.05791588615389226,-0.3150839925713732,0.3965159930196853,35.0942930325025
Wave,-0.4257534857905881,0.11431086399486215,-0.0919486416012756,0.5177640556620734,35.98953179002204
Wave,-0.3815781718504659,0.3988699422041357,-0.20247829011969296,0.9753237151102709,85.27147706459051
Wave,-0.2932915038356064,0.08448305437390433,-0.3985129032481474,0.3663086279662765,46.454741351893915
Wave,-0.302288005460503,0.08699682464970583,-0.3826196403538785,0.27180455044487206,41.45657348643001
Wave,-0.28419658482726273,0.02837675210474614,-0.3025878909935687,0.43715236682617764,37.320051164809165
Wave,-0.30883718541267136,0.024271777583620778,-0.4391930651566488,0.3695789470101971,36.15176001871943
Wave,-0.09528252831204523,0.08554376007816035,-0.32370884306489417,0.4186339916478223,53.57252046697421
Wave,-0.21088349939469406,0.08489383818145362,-0.37368644734656803,0.20506089903487842,56.4843211437627
Wave,-0.09707442555018322,0.20019284653440791,-0.3202944087291987,0.9173243926735855,76.0945832013324
Wave,0.33576328798359545,0.15474186324126718,-0.263939297873382,1.3599607251034334,91.73463411517942
Wave,-0.10854631351150013,0.22188048554486478,-0.32476392492368633,0.5309440076568166,42.89403181100914
Wave,0.17573173933835393,0.07575325509822557,-0.3648255847858685,0.29409769331175434,46.8470977824396
Wave,-0.21954109190768578,0.04537092689104107,-0.011294021158056314,0.4294328573710529,38.14132068052641
Wave,-0.12194686558412536,0.039064836227192604,-0.35605437958554753,0.2955212132146655,38.48272224431543
Wave,-0.05381980867285263,0.13545100605843843,-0.32072167487315706,0.42952252983172007,62.91187011021715
Wave,-0.23341084290495145,0.11776672953186074,-0.444649261819428,0.2318616429315514,52.3120884088076
Wave,-0.20731147380719084,0.06688153099284493,-0.2624526969422305,0.4530401520498607,30.68251662293752
Wave,0.2005727148896429,0.12382386167818211,-0.2954742391556547,0.4143562514701657,42.7910340408759
Wave,0.3457611983026283,0.08444861272241991,-0.25580489131220274,2.0276544594794927,75.7954345717522
Wave,0.15223412361802524,0.22704024274611295,-0.30892198912380253,4.033377627288502,156.1872669754505
Wave,-0.16915949112391415,0.05106200874792501,-0.311199037116949,0.34154756769704253,55.90479862791123
Wave,-0.47702250315857,0.10444487156585194,-0.4273060263445178,0.23938866322460425,41.76844997700897
Wave,-0.19210738093720264,0.11094963136127915,-0.5152652657430149,0.316120057751459,34.26440897413272
Wave,-0.1695433244701523,0.05378362479966683,-0.3093996668609059,0.41543811541803555,31.521554187908485
Wave,-0.2393518734787825,0.07271140203973704,-0.2413754711797506,0.3045518440393966,57.61406705138487
Wave,-0.17671338062209999,0.056502563315384204,-0.14867474251343013,0.2884069668107229,40.335334923625474
Wave,-0.19668811875799072,0.1045891763663499,-0.2546056888624345,0.3266074020380911,33.48174407268671
Wave,-0.21984141841149618,0.03720702521711439,-0.45856984561384945,0.35243132987712134,41.77668630295264
Wave,-0.15873519233675912,0.004870652869825976,-0.2983213077826917,0.24606083618219649,47.985076611248445
Wave,0.1548568832501265,0.04545795083634393,-0.3704164853317973,0.18858366783604952,53.823805335703085
Wave,0.10528516245686834,0.2023918937120417,-0.3580793612630832,1.3286348530112517,99.68115431366671
Wave,-0.05576861972985994,0.11222934164390544,-0.36250612413204475,0.40995050792214516,46.20100140249568
Wave,-0.267666038968344,0.041454689586816466,-0.4033392850213751,0.34199187609447723,45.42652298267998
Wave,-0.22863048328884794,0.10533004790665337,-0.2777390940490141,0.3771190075345647,49.36424445653036
Wave,-0.1264068637010105,0.04046041343425866,-0.4129785272967195,0.2622961973964585,56.367380662959874
Wave,-0.3374113046031565,0.12175540166339598,-0.311575790739484,0.3463555344405379,53.88967101706274
Wave,-0.16832757498312345,0.04075049953672007,-0.17636057471321365,0.3020622290453638,35.94263609460204
Wave,-0.272994825942507,0.030896977807697186,-0.48248455103873306,0.4212763717248922,38.140355353899736
Wave,-0.08370647868031325,0.06918724569957188,-0.28676599878977754,0.3230817073651177,48.67082192981618
Wave,0.1814154403243679,0.11191488625212478,-0.3105236121293791,2.0638397328126503,71.59520886677947
Wave,-0.20053446304986566,0.06127910986980317,-0.2333614090510252,0.23157410081818425,52.31555846136871
Wave,-0.19317354082004487,0.12187305095519965,-0.3573511124769696,0.2694243159524741,38.97516800585507
Wave,-0.2808896054567179,0.06294461220467049,-0.4213520116391866,0.44884491388008974,41.87632254868035
Wave,-0.21081431769946962,0.14603790909375144,-0.3694000866938413,0.4934688430475373,36.35946015914796
Wave,0.46670415980990954,0.18594936642051926,-0.31186185986565534,2.3338423201539924,132.49681250971426
Wave,-0.06370232735604857,0.05193036960997397,-0.4237139809204117,0.32036482914449343,34.52090700187511
Wave,-0.3362292802832161,0.057193159470011676,-0.3699405837406035,0.37866745838189897,31.995092924630534
Wave,-0.23925230986441087,0.07983694483302237,-0.26981212617257616,0.2974788886298947,44.711101725648845
Wave,0.047298632252867796,0.030050062956790184,-0.25331864590792386,0.27484147858334246,36.858061090381966
Wave,0.23750093527024568,0.17252156385730064,-0.31611187876650865,1.383278797933224,85.56336616142838
Wave,-0.1524308961548355,0.19429597852468347,-0.3914898772860312,0.3040722098302419,52.868317671754085
Wave,-0.21449859986978692,0.13661202652264995,-0.39292566213829827,0.37326558569797125,53.03200260235297
Wave,-0.5442583307072818,0.027339913547076145,-0.4407862465437799,0.39142477567894784,40.82731525724971
Wave,-0.19021334276647398,0.11606568539242165,-0.2085312934889884,0.3344039299221032,42.7252363918205
Wave,0.3604231868916208,0.13913683617102413,-0.3840138268119775,0.43770286557875054,50.8256173418758
Wave,0.05064854430754431,0.03220705025049942,-0.38858540815750015,0.18916617369357,44.8606309448128
Wave,-0.07275744298358024,0.039993467085914794,-0.3402177736985893,0.2051360941453762,43.60587263040936
Wave,0.17363104925093953,0.2228574312316552,-0.3273180663466049,0.9175979870669705,82.83743181884019
Wave,-0.0733166029318468,0.09140042333232715,-0.3014230370923768,0.5437101925899427,46.228126796724055
Wave,-0.1592222116185129,0.059698382379365346,-0.4556672179404715,0.3200319816159845,53.87092797221504
Wave,0.08746819751498121,0.13325596260454392,-0.40693939233212256,0.3870169434008037,29.99541596348063
Wave,-0.050465316719830684,0.04122747800784845,-0.3526787950671178,0.23904832546303517,39.50843463800754
Wave,-0.2858006336365245,0.16364245375473693,-0.3546115418884033,0.3805239371482126,54.60416341116968
Wave,-0.2095288139426403,0.014115503983485184,-0.5218594561048202,0.33220679243148166,41.045232948717434
Wave,-0.15007786938237755,0.08454711481913964,-0.3478906083545901,0.42235950051209376,36.02229137228825
Wave,-0.08059975905044922,0.124613892647737,-0.37118524003663306,1.098512223416177,50.869722054846996
Wave,0.2292070362458437,0.12564651897139517,-0.3205955696242811,0.44266031368938835,39.14326063243978
Wave,-0.10807110521780267,0.06992696553160402,-0.31459661232225705,0.4308601166743832,57.753379453437226
Wave,-0.27814840345546554,0.04746854898811527,-0.4549941486865381,0.3298858532395876,33.70697899331996
Wave,-0.19573032776236998,0.09025620520974498,-0.22157099850987977,0.33951311008806423,42.31649631027702
Wave,-0.33247122865834094,0.05543389402780378,-0.3882046016882336,0.45271737201698636,38.05488487283581
Wave,-0.6115279926003963,0.1151582990252465,-0.10779973459719784,0.48659562077131835,36.30299516746609
Wave,-0.15837113413041096,0.09958696405860129,-0.3524620611957545,0.4594703396117298,30.829469934829323
Wave,0.1862014018695664,0.05391812526753007,-0.28754200504842037,0.4044024519939458,58.921089246082936
Wave,-0.22183357049782493,0.012222020189847287,-0.3101608577613382,0.23887258473248715,46.95011172957171
Wave,-0.24539964360503785,0.04797577984213878,-0.3577438491922635,0.4277968045437382,35.56296154692325
Wave,-0.4068266809491526,0.0365390188494171,-0.3907091752492748,0.34431622452129146,42.918234188095774
Wave,-0.42841722570278284,0.09991358783404256,-0.26798537171800296,0.45148219839701936,33.08187111591292
Wave,0.06692365021692429,0.10218394951276603,-0.38141513677811045,1.0941502270141328,49.11887950977571
Wave,-0.15262647047075048,0.19082210860937474,-0.37075689864737427,1.4369384055191905,96.9901473577729
Wave,-0.49659363839070575,0.04338718516183181,-0.2907803233765505,0.40462770065653936,42.15060826017798
Wave,0.17800835450770683,0.0445567472137711,-0.2885039140198831,0.29774340582329395,35.733800609913686
Wave,0.3592551953972526,0.07291549136140907,-0.272925496107475,1.4212072455730738,65.77969378278499
Wave,-0.1801694518984771,0.08900393089145119,-0.32082699713408425,0.2880383243799307,34.747553819932726
Wave,0.08959991413006871,0.1454814913972015,-0.37791431075480963,0.49165218827002394,61.0178860697486
Wave,-0.06616632049459244,0.12156697505770467,-0.38736290262031536,0.4976351840466405,39.933068203498685
Wave,0.055788241862607786,0.10671022044256984,-0.4155635654548213,0.5051691383793946,38.57833753392117
Wave,0.11968745291592187,0.12510963160445404,-0.3677474686024553,0.30234586907387784,40.59354571486119
Wave,-0.4182532159274154,0.11154312623726066,-0.44270486945270865,0.4510701352681467,41.06564787746823
Wave,-0.2619563809074107,0.08973740309951106,-0.3545935101573486,0.28139726717403046,49.98112561164656
Wave,-0.03709575647232645,0.12814719082489423,-0.3197771799822783,0.39277049468921693,35.6472449329785
Wave,-0.15655723148339956,0.07571874908680307,-0.30891989874525083,0.31846495496952687,47.69022254951358
Wave,-0.1954135589868834,0.142808582432795,-0.4398987252273434,0.4775337482811561,45.882855711131256
Wave,0.1310591054076258,0.054954538157216515,-0.3482671842819732,0.47194036040532433,33.72097293201524
Wave,0.3783079300216101,0.2688168675958954,-0.29927497823550386,1.075576312722854,51.90604349793589
Wave,-0.08548248435021422,0.07391197538116098,-0.40276311892884975,0.4531004126141579,34.992994246692405
Wave,0.09911676855354544,0.06812121109766614,-0.3191524338586009,0.37100957669935586,44.17090251773018
Wave,-0.4708644947975959,0.015356893944420968,-0.3930326814671868,0.43475194548249374,34.86152824672218
Wave,-0.5652831872277819,0.11133167576455796,-0.10547470728669443,0.5162341518307653,35.904151000543244
Wave,0.10506368644787897,0.015694227451775816,-0.2816205645308275,0.2198103813354579,46.08919830633913
Wave,0.1804761997026133,0.14594083130682534,-0.33108421260020293,0.8986726801923498,80.86133906469875
Wave,-0.5134863404083918,0.2804753731769622,-0.1950241296204426,0.46845878187808365,28.123594606914885
Wave,-0.16367389463637708,0.056970231075539404,-0.3838708172985865,0.21470059665067345,54.44257649135914
Wave,-0.11336667110913488,0.07351842813551354,-0.2849795937257415,0.23197531348274808,48.31830208502359
Wave,0.25645267015979567,0.16938559113587032,-0.3114637198905305,1.110866565646804,63.90295412535171
Wave,-0.060980529682939155,0.10350202204921362,-0.36292704973598605,0.26169375858229,41.141575543238694
Wave,-0.320917545638889,0.14000132465228513,-0.19646328716974237,0.5829773329892163,32.329184557386796
Wave,-0.2552325233919132,0.06816229897037793,-0.29578672281315155,0.42095971053324277,33.295223272675386
Wave,-0.058431757297267246,0.10148723586523374,-0.3454685713358831,0.19229037627424211,46.60689472160556
Wave,-0.16152062635843534,0.05645169580989758,-0.33204510653506336,0.3449492771638101,37.406532814579464
Wave,0.3291885666873644,0.17460448334085402,-0.26994644304258353,1.451069734853581,29.716570480713983
Wave,-0.1315349175334491,0.1959494065443054,-0.2752333715543757,1.437775632896912,83.58089960476845
Wave,-0.38935812306882617,0.028463766180821904,-0.35830217840070644,0.40079493549606154,38.84493799908427
Wave,-0.32930471534581673,0.022206701643587467,-0.48077582740262576,0.4168760132334368,38.986374142285676
Wave,-0.2532389726388858,0.18739088104143645,-0.3623489254032695,0.34888300263683936,49.73651980708481
Wave,0.2115531648775075,0.13691240423531803,-0.30092393985888133,1.2902464684109103,91.85737470681198
Wave,-0.25731141307926864,0.12279107965146578,-0.2509254641613882,0.510652541661381,35.66387863285124
Wave,-0.1981475883971513,0.05011352188774211,-0.2780476774670272,0.2894234760201201,50.74343948364765
Wave,-0.31918538119662454,0.019705467841061163,-0.384014229627386,0.3597594545953638,39.6236016179445
Wave,-0.06555203373998017,0.018104377547720617,-0.4605099153278402,0.226386610341274,43.31130929422463
Wave,-0.06413792293828258,0.12291606531911961,-0.20670508096295262,0.2876340829100738,37.97822467741551
Wave,0.21165695597262768,0.18428949009759865,-0.3026802521607487,0.8781267980801208,74.00239353565365
Wave,-0.13532610944628412,0.12990156177942863,-0.2423159474561236,0.49869631077263854,32.2005835125698
Wave,0.26005571562395535,0.12252038103531307,-0.2956457121964577,2.1109362345808966,49.96284077703238
Wave,-0.13361665748904586,0.15597771939974603,-0.38924760136588304,0.4156131642456721,53.908504174234984
Wave,0.30010937665902127,0.123454390553789,-0.2898860892155128,1.0526971724363268,63.476025249601506
Wave,-0.12137216830945338,0.07466821395240804,-0.38165472053385185,0.15335412778213708,48.60549318292085
Wave,0.17750679043047557,0.1058746884491121,-0.3795720998260495,1.0732059062287624,49.84980976364338
Wave,-0.145678293144803,0.050495029229237785,-0.46971776872164844,0.31500123439257816,36.89200364507412
Wave,-0.22908371127129495,0.04557569242735824,-0.5143192620314425,0.42747828006874194,37.09285529163052
Wave,-0.41988456948033487,0.03871458924880307,-0.1625439520231213,0.43568698821246693,43.40513601712768
Wave,0.1503497276610853,0.06184575708188946,-0.3072939679362967,0.3444974608475534,38.14479397681032
Wave,-0.1854438338779676,0.031542817113457,-0.3800028310451264,0.29889035097270805,34.62777553608596
Wave,0.26299257749671073,0.1490630348532191,-0.25166782998926857,1.0830576421594627,44.0612618966438
Wave,-0.12363439294004344,0.08694547462592725,-0.2838229846627726,0.3430064174618179,55.98962296654333
Wave,-0.4568249099787016,0.29702725996462753,-0.5645222660153658,0.32890421964902977,58.471636129438295
Wave,-0.43274821502846894,0.1726677499488256,-0.3603040195763606,0.43982380901090556,31.366565375009166
Wave,-0.3729436985034168,0.004073102292461408,-0.5526611674030164,0.3536239013541185,38.28510237707558
Wave,0.11533950049885423,0.049841612735311965,-0.3125800528282844,0.31495145626434934,51.195573816486515
Wave,-0.2014416926607729,0.17997829852467412,-0.4022106624649041,1.2819181848073016,93.64090623619667
Wave,-0.11927227091471286,0.056390062187967174,-0.38236605552976355,0.25584967312888707,41.89577115808605
Wave,0.1477663787837693,0.07475449705137296,-0.26943600602781964,0.21584914398583002,51.051679080894246
Wave,0.17033153150688432,0.06510539972205444,-0.35111979072269733,0.18576510663357731,50.79392610009637
Wave,-0.27148572732007004,0.06772829643399852,-0.3295211103484308,0.3666137069460274,34.15846602121069
Wave,0.1333407742234982,0.17262033072038319,-0.38537407977435384,0.8842900603297146,78.62038532334697
Wave,-0.2684030337691577,0.07871749741527094,-0.24727719533976847,0.42317712138913216,30.539820020534563
Wave,0.17042171149844643,0.051616504409084794,-0.3805437334667667,0.2542234549931166,38.27383416089043
Wave,-0.09782751162495334,0.06204356873376966,-0.3560098327008042,0.34210106260925816,35.81258924612516
Wave,0.3520116217716638,0.01975991840630254,-0.24983728479312967,0.2007258523536747,41.03142763435933
Wave,-0.1931328778750813,0.06502455630565133,-0.38028271326945196,0.2715730033412285,39.35193916925775
Wave,-0.3488736628328014,0.03252883627234733,-0.36564663936237335,0.38262409096884614,41.237434356555156
Wave,-0.4846231438878553,0.014958958901306297,-0.398133904820941,0.33783577565869344,37.41034748435269
Wave,-0.07573947286596967,0.028872488508912074,-0.4415839537749761,0.24575001962345314,42.33350588990908
Wave,-0.2601717536228347,0.016522353525285204,-0.20293811847923682,0.33013254038242684,51.34230287431082
Wave,0.32580402289864846,0.19834072376895714,-0.36642849243951114,0.33259745704768634,48.388789230892336
Wave,-0.16337657159383134,0.1466740417959013,-0.3022077475007409,1.3501575238810275,95.88123690907022
Wave,-0.4817503232884396,0.06133263467068682,-0.26475478603046704,0.4258360514528068,33.66731039684489
Wave,-0.41882724191139636,0.05095734763159414,-0.2657480759424766,0.46684717028247025,36.736088755876104
Wave,0.12355696355585047,0.0665174474730179,-0.1984786442238576,0.16175659318595623,47.31629285515881
Wave,-0.3454576441483686,0.03453355512537816,-0.26705683101918387,0.19786031973045926,54.75157903447328
Wave,-0.22142784324604428,0.12501212982102727,-0.27936721856954444,0.4427150962259447,35.85095175731311
Wave,0.11021596577816545,0.14541602709955642,-0.3692072315056274,1.3264303160186361,97.1051442495058
Wave,-0.19311963505537233,0.046559399778553744,-0.3373840944681208,0.3809120737176025,38.263521532644056
Wave,-0.4079516334566434,0.14343421940608309,-0.1519352922917116,0.2820295534924399,46.20895844872641
Wave,-0.43835907604702673,0.1033403717974212,-0.25879834820182185,0.38255492349982445,42.771815040132395
Wave,-0.21191224007239795,0.14313370678794066,-0.37993209634191727,0.36448300571310593,55.626165446530784
Wave,-0.5408182241229273,0.012529582478137472,-0.30100257635982697,0.41793927331028474,35.92841825544048
Wave,-0.14113133713566034,0.12990950641610513,-0.18351882602920294,0.21137840952001677,47.62164817741617
Wave,-0.2647640423184874,0.06544563119923989,-0.2981086104204258,0.3676739509041946,56.54589230994607
Wave,0.10898318362321424,0.21690906177686875,-0.3269346967473241,0.2740381694650914,42.60292992878149
Wave,0.09185622144523817,0.09334933388839352,-0.27875575597485347,0.35093224045602794,35.90720743506654
Wave,0.4122882457345904,0.23666759245760227,-0.2535829842952591,2.3423243131044793,134.27622090021327
Wave,0.3203832820869811,0.1597324820904718,-0.3196080362586777,0.5634031028772377,59.47333028437973
Wave,0.08185665441313864,0.1353653455666772,-0.3509569353275287,0.546978584438601,67.3724953618669
Wave,-0.474411817549217,0.026127502635439337,-0.21591157408669237,0.25557533899552803,44.39456255645092
Wave,0.14692090077855408,0.1194896179251415,-0.2928350022143356,0.48323128109692054,59.788362540098575
Wave,-0.13078218830228483,0.08785170393301361,-0.26083950371432724,1.3496909264793582,77.34024185425618
Wave,-0.10035178171132568,0.22243484232525343,-0.3713472219990879,1.1382667266918531,34.97465245991693
Wave,-0.3473948243239162,0.060617848955134224,-0.3609824151859082,0.21422252502536374,56.541321705285455
Wave,-0.21978587761132828,0.08547460740536032,-0.2626659051236951,0.37249432067770993,40.32678305879655
Wave,-0.1392780796549986,0.26504417676401465,-0.17195185624315534,1.1797145668540754,41.72701559162417
Wave,0.16593266679700486,0.11956424025603223,-0.34770579180820343,0.4062320009061783,42.42450128471086
Wave,-0.2633934427378245,0.03470390468016149,-0.523131257730008,0.3346130172451349,42.73535160384764
Wave,-0.07013549019557039,0.12351487211178289,-0.4269080794929518,0.46137273102588366,45.94635191801744
Wave,-0.15304322880818533,0.025487510873578707,-0.2473739902685077,0.370584807338133,33.651373467100925
Wave,-0.511976987005295,0.07273678287972213,-0.2396807995170644,0.4889270613148795,36.412470156896376
Wave,-0.14475640522030028,0.05422874092219111,-0.339282975090343,0.35677164039202747,35.89344091178407
Wave,-0.1583050017399426,0.07077753771942112,-0.42610706003149,0.3847386695217964,41.415592607750604
Wave,0.050919456331251486,0.11173287870663225,-0.3344300861365537,0.4078626470081294,63.60748790598191
Wave,-0.10612514907900406,0.218562430275882,-0.2199001395034231,1.051325393029744,43.36657356135894
Wave,-0.08698849371439585,0.054067187012139264,-0.2884821335501143,0.44431668807241753,59.920793737074746
Wave,-0.28657018238761867,0.08112045781556018,-0.3898452175704428,0.43886486183892914,42.36579754613385
Wave,-0.202850998301966,0.007499506086950708,-0.3199970690775472,0.2856796569442502,39.43015262832828
Wave,-0.30060821287130307,0.016489944192658076,-0.45737094679452917,0.35192874748095954,45.90813211522973
Wave,0.25493950411857735,0.10424259228849556,-0.3445884227993934,0.20997505724542945,49.16709395381237
Wave,-0.08184010540303464,0.04823630574030564,-0.2887721323407881,0.33096786563121766,34.08179150656039
Wave,0.055880043648676034,0.08627307999449893,-0.3583259225811187,0.27185786532860295,38.49694109452397
Wave,-0.06376900060302851,0.13067613086149904,-0.3130279742576975,0.21083224696253391,52.19353708614929
Wave,0.15422671549985129,0.12968640636241116,-0.3282411744689834,1.4727945096371922,62.090464786726194
Wave,-0.16340169037367386,0.07278195631344973,-0.29232854958110543,0.31929305136631286,49.606285232153496
Wave,-0.18750384943010565,0.1368780642794151,-0.40447229232268916,0.5442092082598511,32.756407587461766
Wave,0.14465242240632686,0.05111846622982626,-0.2908862163572427,0.3876229368543818,42.751945808559704
Wave,0.14950695847534362,0.15973235327043278,-0.24288169642579754,1.0615821520820075,48.86546516165206
Wave,-0.2584544815354054,0.0335939211440843,-0.37427414181893265,0.3366156772653084,44.33982814017962
Wave,-0.18849168041667272,0.03780449657728237,-0.2529330476015688,0.22674868678001306,46.09928453933209
Wave,0.2424812937007983,0.21990028439104256,-0.2580570537682784,2.0994505159844588,70.72164927147284
Wave,0.26606652840879175,0.10717268670083158,-0.27553240792830164,0.8512052336023789,77.55884840323118
Wave,0.07564528117268687,0.03359003355789201,-0.32535985488542785,0.2727676829988215,44.27644280617473
Wave,0.13715948640059517,0.06405412242358538,-0.3095192581237462,0.3307671489931365,61.60742112419425
Wave,-0.2690755853119117,0.01204587086524698,-0.3267411920298405,0.31161161753465577,38.50328417207426
Wave,-0.42268002195498544,0.22396609863230726,-0.19092458961623648,0.4012749520761778,29.869663068064604
Wave,0.22773100638362914,0.07628811345712598,-0.3431663802319874,0.3429569551962917,50.456168018373305
Wave,-0.5456718185045986,0.10992061934083981,-0.18122252574858,0.44237223585136554,46.319562338328495
Wave,0.28710364989164316,0.09665335323434814,-0.36713993744489476,0.8748336547474745,79.09607996634708
Wave,-0.2894258000744199,0.2503513572323569,-0.28551994944940357,0.4035281283783375,41.01433132685867
Wave,-0.08596659370836962,0.035197587101027175,-0.39152703541015216,0.3217375130827354,35.83477955440047
Wave,0.22723565285742264,0.07987285777420418,-0.39534988269663296,0.4358866078096658,38.037223340898294
Wave,-0.14112520608619264,0.10864620540857854,-0.31805439141284025,0.6117374556911191,72.53919251047525
Wave,-0.2780973744998102,0.13910597991835588,-0.35987238713522424,0.37012801812825663,63.35449863222209
Wave,-0.22660204366012798,0.041967852340789355,-0.22768741853871616,0.15742540613160214,51.18157086495238
Wave,0.11976571781866982,0.03736873427926515,-0.3806939238921669,0.22811284468830775,40.506133376325884
Wave,-0.445581947202495,0.005023830138776869,-0.26568194414189983,0.3865810295027922,38.807845950990604
Wave,-0.29209193480834283,0.20481269396749693,-0.1713938697395316,0.5355217691457738,32.99758098015191
Wave,-0.4843358742156991,0.09625015079228727,-0.21756578878345695,0.5382656751482131,30.31211185245154
Wave,0.170441703522973,0.11493109954728972,-0.35123899666228464,0.2040551852790384,48.894180051431896
Wave,-0.14257370600240027,0.25284015509889624,-0.36422276312590207,0.3870167866803895,31.735311022010755
Wave,-0.17451685168995526,0.08060112042403533,-0.3913275656803453,0.20903114750414284,50.99185411079409
Wave,-0.2669939170263298,0.03081965622031872,-0.27027348090280934,0.38133890325229863,35.378433418751705
Wave,-0.07224934194470584,0.05014012603587854,-0.3758723832175798,0.3090827970636611,45.26947732737658
Wave,0.3282960547472693,0.3207615970654226,-0.23490859120394247,1.0326302152380422,61.749372902285316
Wave,0.10290883976989554,0.022641625182007862,-0.3281909018171573,0.28791372265019755,37.626484609075575
Wave,-0.3213459170835382,0.09264007364117335,-0.18210766149423754,0.3946356117889996,39.10264124292739
Wave,0.04766912977620292,0.05199799075631637,-0.43038454039643137,0.20856305942382225,46.2394441122527
Wave,-0.25254458816962966,0.0573556391107902,-0.4524627035078129,0.28850462819024336,36.97762770453575
Wave,-0.3086365568570137,0.031218006596403104,-0.2934455511829997,0.302894011698008,47.048297479578515
Wave,-0.2678914772175274,0.04558453656341855,-0.3400010460266234,0.2509535771830294,43.634378602827695
Wave,-0.23513998205760545,0.04666447234646304,-0.4267441427413947,0.3978188619638117,41.58307645651988
Wave,-0.28439575884344104,0.13572953070503546,-0.24123042367465106,3.9118559052976223,162.09825697709945
Wave,-0.09949163354969463,0.15578229165164031,-0.24506731511058225,1.3242299001107125,79.87017628059075
Wave,-0.4424999876962056,0.01653222359713715,-0.3654386327255447,0.33779377024873775,40.45642465056539
Wave,-0.19068612038470975,0.06143695673767839,-0.3645237585815377,0.2606401505763943,40.99058296295874
Wave,0.2061565150946852,0.06454437925386078,-0.28459999375735884,0.4294456263362575,41.7589824583596
Wave,0.13566377587013104,0.03700284238022982,-0.1565682363780418,0.2919251432049208,51.946455456128646
Wave,0.2649013864355342,0.16849079745683165,-0.23252879464540244,1.365779897911291,82.64033319693411
Wave,-0.0404065297636949,0.137349567600964,-0.27241327726484604,0.32379902176610853,35.68765813645823
Wave,0.21722604137734441,0.1477136974778967,-0.36548750115244893,1.0783842970951782,38.50046944814913
Wave,-0.2850141183621159,0.23975147438422995,-0.25833606081833654,0.5025005336730166,31.899939530428142
Wave,-0.04965798989088906,0.12128751260139584,-0.3733860659915208,0.22117714199367677,42.99148450521788
Wave,0.09498322253557183,0.19205812791860113,-0.3734303091326252,1.4540841834972291,90.65718069679471
Wave,0.13649070732872692,0.19011683772704352,-0.38878609858686614,1.4199829101671588,100.50870598623247
Wave,0.06464240994262499,0.050520129089436636,-0.35052440768645327,0.26483274082024716,41.0259760051645
Wave,-0.19088429873099713,0.02503430038286522,-0.36845590958179,0.26476415498052475,40.79857018563109
Wave,0.2170177082255319,0.11996345934690245,-0.35470496272239865,0.19902606763578481,49.368528508849494
Wave,-0.15469910169324497,0.02044980078797628,-0.40616848749514584,0.33056762369901366,41.155010396365604
Wave,-0.1991025478587981,0.14026952159422462,-0.2947230942402137,0.4018156369863975,50.450517130370514
Wave,-0.16157719949349292,0.03574196991064881,-0.34219726152221813,0.320043888337694,35.44236228019955
Wave,0.14065744962875587,0.0889192643113644,-0.35029320338186054,0.45775262337227923,41.07888225864686
Wave,-0.30421928211518134,0.05328707432072104,-0.27066735466284536,0.351298884653424,56.525404372141224
Wave,0.14692685591945037,0.12073627359803529,-0.30849525642196024,1.3771900880698698,88.270396194746
Wave,0.04599245250701075,0.07343136457360673,-0.32491264518847757,0.2544038644724524,50.36586421417179
Wave,-0.31904073077249684,0.026837082515639217,-0.42993775505719733,0.36944450314724003,37.05011386330741
Wave,-0.2225617457148228,0.006493727604619038,-0.3789486144863049,0.3159610539664684,39.44667179295268
Wave,-0.3539445567703299,0.06631023023958652,-0.23006394112097625,0.4502619308653197,42.804882088105174
Wave,0.06996410798371672,0.13282794860700445,-0.42410565918608817,0.5591131953680449,67.02128099113183
Wave,-0.12472078818635164,0.09796769984937617,-0.399962099874905,0.4201360585795836,50.103103581339624
Wave,-0.07371182279843991,0.03780301679570626,-0.3265693533281573,0.27819144198814616,40.85260703591091
Wave,-0.1778392606042768,0.12321350696972662,-0.2888572536226122,0.4341002223452709,27.624353391338612
Wave,-0.33187193688746874,0.2972328118305922,-0.28041802944623645,1.0962867959628795,35.4020068825507
Wave,0.43803628663102656,0.24512287150595663,-0.2793095469917612,3.716916223530063,184.02949664688592
Wave,0.14310756818988335,0.18626036581662989,-0.20466216290130831,1.0428797140845496,43.700627285072635
Wave,-0.052907643362568056,0.06419356443971788,-0.3196254603182626,0.361904698205998,32.869175010497045
Wave,-0.19723087294344543,0.16279348924317089,-0.2505468266592555,0.8576971733938689,83.38853946952999
Wave,-0.48120451024974625,0.0321910162657041,-0.343121117326945,0.3204721134281318,46.32373341314469
Wave,-0.2668335443771135,0.016019510303776095,-0.3421623310297378,0.16406484860909482,52.6725213598526
Wave,0.04043376925621324,0.03221596861066084,-0.32849923947497583,0.17733743879169822,48.24223193914631
Wave,-0.42863745764990036,0.10065383826602389,-0.22345847659943113,0.35929769553582586,53.26430127837175
Wave,0.10427584452664646,0.042590573961955654,-0.3287024471205281,0.2442074727407703,37.85560019344837
Wave,-0.20917330191213632,0.11311377748359228,-0.2464263877076152,0.37506742149219185,40.87496328873095
Wave,-0.10959767654335778,0.024758552971512554,-0.39845062761158306,0.27473205518856786,36.73237780001483
Wave,-0.06633345490213258,0.15638184913332479,-0.19854844679677022,0.5111137036035486,39.39454885205769
Wave,-0.03750494477202896,0.01894434004584277,-0.395700409824773,0.18014292979267574,45.783242889646154
Wave,-0.12839371814635406,0.03584626120326751,-0.4530935039250965,0.25918080781581687,39.07224056216925
Wave,0.33505342516440434,0.1611950905253285,-0.21498931014764786,1.3697357521212536,93.87702875437905
Wave,0.1837913012028104,0.20515117820342432,-0.30255798686313157,0.9026058710802383,81.41362477468704
Wave,-0.26401070744380845,0.01664293199149851,-0.2979094536268552,0.3515970432647928,39.30981986962132
Wave,0.19044089642895884,0.14458784117057027,-0.26652543991012917,3.9582040682410686,157.8008724597994
Wave,0.3551158052588885,0.13079625206417425,-0.29980211326452666,1.2824727250143344,94.89033535385656
Wave,-0.3255777382232395,0.04872816721431149,-0.2663363509439217,0.3435757517831766,42.75036353306557
Wave,-0.19123698639244374,0.06343827065971759,-0.16885721680685495,0.5027483236068788,49.984666832611445
Wave,-0.10581979255243332,0.082013781644676,-0.4117134492585912,0.44983477901584074,44.349444849258354
Wave,-0.2381108459544098,0.21589181115458356,-0.343120740964338,0.5310200422355008,71.25748021187572
Wave,0.16447822848390545,0.1307376660715635,-0.30458530438299675,0.3874801721894863,46.24240482764884
Wave,0.07359060109944712,0.1099995134804341,-0.30162333234884087,0.32095205956564227,53.05963658534763
Wave,-0.31344039665588974,0.018703272436430683,-0.29186566718621887,0.3564942262121708,41.04321022166298
Wave,-0.3445935017602599,0.03184105702666152,-0.3072148841650044,0.23642945381666905,38.653246231907964
Wave,0.22995252326439636,0.11795002950102465,-0.3700084452420127,0.4605785568190639,41.01909087806354
Wave,-0.11812665079097512,0.007023244353193669,-0.16385232635602628,0.3388029834717687,34.50682917457879
Wave,-0.6485725880407393,0.13659927063505828,-0.24594135590951863,0.3859394809440375,38.3889809345523
Wave,-0.3425372077152539,0.07227381145855463,-0.4548651456946962,0.3022381035733309,43.88891081861856
Wave,-0.15632476959135358,0.20218951330366633,-0.1349688442254818,0.45809984084013716,40.41883885712109
Wave,-0.4893909225376773,0.016385605689188277,-0.3728073261911614,0.4269558432691746,39.46398437243998
Wave,-0.11303265756344452,0.07952178635369168,-0.3016559079954094,0.34431633486861934,54.33822879491899
Wave,-0.2597597898088097,0.011226305123886306,-0.4114235633001221,0.3342241153295124,42.93160829586518
Wave,0.08748874129577966,0.07056291637137027,-0.2916289684197277,0.2968319311351512,50.97734297638675
Wave,-0.2040024688697854,0.05134035662456404,-0.44442035231454197,0.2781182433842471,57.926861694057536
Wave,-0.18854344270626788,0.1501572092227223,-0.30314901417324447,0.6469787044324925,70.58194604985296
Wave,0.26213211295493555,0.09522129096336984,-0.3450777881689187,1.3920865523268962,91.29738348907158
Wave,-0.15474658700719662,0.05332795627111596,-0.3612846474286128,0.44629600602566005,39.05092776043382
Wave,0.2339840241235211,0.18212735925864948,-0.2987253016597933,1.250322353574626,87.85540583005536
Wave,-0.15054306786584276,0.10540561950301768,-0.2673941697760411,0.3991874130999428,42.819846585608914
Wave,0.1040741414773918,0.11450016497577764,-0.3641772333898538,0.29125757518278994,38.939595766648324
Wave,-0.19877401321051716,0.0187448406249006,-0.39262954792987875,0.3725684917947211,37.309094863499126
Wave,-0.4965643316608849,0.13436552527852424,-0.34828418345607076,0.27872442852679025,51.86270231167383
Wave,-0.16458939119700267,0.029948841321332475,-0.07505399990799409,0.401520566240194,37.02864188774727
Wave,-0.12543967979234066,0.055185960100378316,-0.41549416049838883,0.3810982343047342,45.1076245460127
Wave,-0.10959767654335778,0.024758552971512554,-0.39845062761158306,0.27473205518856786,36.73237780001483
Wave,-0.06666896813985282,0.0341812615784439,-0.4589947623677075,0.3251087689248342,38.44601521351197
Wave,-0.3145214460419876,0.07921129647764161,-0.09764727404456189,0.3831776915366556,41.186714365356885
Wave,-0.23907664075736407,0.10185158355110027,-0.21202038804887088,0.3979998431099473,42.23669120936479
Wave,-0.04639849081449367,0.11800388749733208,-0.31821145598159045,0.2376597559153065,48.730295606291534
Wave,-0.28287793028878666,0.14732936690598772,-0.18112401859900118,0.5350599965954338,29.038313277929163
Wave,-0.3950735815480436,0.03399387064596219,-0.4609918469737874,0.29763328727038396,42.072251055538935
Wave,0.6017108707525601,0.3385173840840329,-0.2119163052543419,1.4200519358849277,96.1781516250719
Wave,0.1904266876316228,0.18020761855623352,-0.3600277703240245,0.4470095807195075,42.33836410268749
Wave,-0.3313166175157932,0.1756856302929482,-0.2903135087786344,0.552817123148335,32.05535061409157
Wave,-0.34735201456897946,0.07534426255039345,-0.25034782394925187,0.4529336732382531,40.70224250537789
Wave,-0.15360096254670913,0.09557178821044304,-0.3429552935758387,0.36395516096902186,32.264137862897435
Wave,-0.1862906217717603,0.10354876540408031,-0.2904945870931872,0.37100327939341643,56.91358752756967
Wave,-0.20300667439509915,0.12573747677742345,-0.3217585944945416,0.3253291240321545,39.86409440742292
Wave,-0.3227546405904227,0.033493387755207236,-0.3794798898634882,0.4137014232268001,41.87065400117405
Wave,-0.12403922130052922,0.26957714714938674,-0.31678640836668287,1.3537044733061971,103.13889764110348
Wave,0.1633127175024602,0.09756160805890983,-0.336294168922953,0.40929196750412916,44.57712625656501
Wave,0.09902295425367402,0.16382799501007045,-0.2899230074609675,3.4645029424920675,86.37468129158636
Wave,-0.09755330307282163,0.11672384248475869,-0.3260358949012919,0.4164701889496666,32.29837356979929
Wave,-0.3266687117704159,0.09025192936932139,-0.31493643112023356,0.4380615242380747,44.81461825164124
Wave,0.07395636834595347,0.04157423132773383,-0.38164700471374585,0.3317747422706005,36.4372704729939
Wave,-0.26138739584093956,0.22480536247138758,-0.2015538605330484,0.3120499189714273,54.281808332740226
Wave,-0.11753935556892847,0.09297364227174607,-0.3347648725138722,0.4633993639742269,47.520917954737726
Wave,-0.3439291069336753,0.1526459838887761,-0.4080762247704862,0.43337408631686186,56.111537724908544
Wave,-0.29959026178476617,0.07918680067658469,-0.3238397020204487,0.4764964542803695,33.86210662703878
Wave,0.2853199827345326,0.08900511613822626,-0.3461330790215659,0.36845643900865854,46.494269100504674
Wave,-0.319988749496564,0.08850864699499725,-0.3450797616820343,0.34563371248940783,38.5325849744457
Wave,0.5992609885359591,0.16890425090933398,-0.19307656611986948,5.268693544655093,229.44318825531698
Wave,-0.03778046011474771,0.039578677533346915,-0.4581892356912113,0.19160148027374266,50.04093330695994
Wave,0.4214839747660967,0.19396695618856946,-0.25182355882642626,3.677112372936538,181.10767806218
Wave,-0.17966307588928837,0.06853553215078642,-0.44137683984130305,0.269504283689996,44.34976175972413
Wave,-0.29689233062311404,0.06059869956343267,-0.43929783720609134,0.32903052641955227,43.967978790026024
Wave,-0.1264068637010105,0.04046041343425866,-0.4129785272967195,0.2622961973964585,56.367380662959874
Wave,-0.2797073012192208,0.04408367078761353,-0.4315681106404742,0.4216973333487318,39.2400763498777
Wave,-0.2191670387651867,0.12658921345659285,-0.37811734391380863,0.3940799248522117,36.79066929239662
Wave,-0.1576071606162617,0.1917984810679855,-0.321967812521653,0.4097814012717846,32.799149074004255
Wave,0.27448542387003266,0.21667389765772618,-0.30140938329546807,5.3267971612147536,234.91536596416879
Wave,-0.20591566527572858,0.05626184059834514,-0.35045247291093196,0.3083063885117001,48.05226788138499
Wave,-0.1103319318253771,0.2426454590439902,-0.24433753402886543,0.8963870491997453,75.84724729071667
Wave,-0.33168620687548966,0.044038774961159204,-0.39487944469845365,0.35365040705127854,32.136105871214816
Wave,-0.1341928070378716,0.3126591680115311,-0.3046652849125591,0.4529956840454126,46.52370629952299
Wave,0.14686417818580602,0.03627731687553644,-0.2034516140951607,0.19683213862115786,41.59392150283833
Wave,-0.12416680187680575,0.06017747293149334,-0.24769156726459796,0.36318346101615645,31.45085115307689
Wave,-0.4334066060001097,0.0834072663112291,-0.2422771323570649,0.2883064215376583,57.67582713491549
Wave,-0.12474110279603849,0.00629188651935345,-0.40858230670461193,0.2414011807132249,44.42561608213944
Wave,0.15560499505394493,0.039175991054335745,-0.340779356645032,0.2583944375663225,41.18205530664232
Wave,0.1210406366646163,0.08408485546769483,-0.32366092119676004,0.20891276973969683,55.688593653333385
Wave,-0.44485563272676537,0.017590483532175814,-0.4565344295260023,0.36928861683956443,38.30704726374929
Wave,-0.37899593685982824,0.08385506840892856,-0.358199645080033,0.31226967239103676,34.27002434644823
Wave,-0.30426848279489294,0.1362767763511182,-0.09931300504090654,0.4428975352843543,59.06284391985778
Wave,-0.1520137833946938,0.07855939334428574,-0.3465603057813178,0.291470523143471,55.572610147330025
Wave,-0.3739856210714889,0.056698151647440055,-0.18525814200310872,0.45202020355556327,42.82619470408568
Wave,0.09366493839977001,0.027216741616272078,-0.3416600283611749,0.23060332148373436,47.111810542768055
Wave,-0.09655408452881556,0.06803849306229115,-0.34470644418515495,0.3247897712033723,47.954299458063204
Wave,-0.09063830120744004,0.07442809974635019,-0.28540625248276247,0.4993690233234292,58.146372204360816
Wave,-0.23543248104411185,0.08811236312124868,-0.3669492199630663,0.4065117178170548,51.84677782519702
Wave,-0.3764799983166483,0.11758569417570888,-0.25560789262861067,0.5142516485229339,31.925502278351722
Wave,-0.48425126742503016,0.0531510519964337,-0.3656856388621126,0.4371402201973108,40.49127860968224
Wave,0.04492151795148769,0.14927388766872698,-0.40498048401309983,0.3068497917269032,58.56930918362388
Wave,-0.3412327783311871,0.1706584345723175,-0.45100922092144297,0.41397070206678765,33.14153523028071
Wave,-0.0706799005867871,0.029664349113174227,-0.3052024070475308,0.3111952621437887,46.949861933296084
Wave,-0.26939439750315924,0.10953145755506148,-0.27911767988297753,1.3393754418861294,78.78742868162678
Wave,-0.12201271282106466,0.07166275564204654,-0.3138705304892019,0.3776489977408259,50.788294904876146
Wave,0.13937560786242414,0.2839437431196132,-0.25318088583082016,3.7017178011878458,184.0384919319556
Wave,-0.2883742193743818,0.043365915055114404,-0.2619840796156836,0.19910082651864966,50.84996863507335
Wave,-0.5336035322897837,0.06762979229407219,-0.20859489960801664,0.3409600796297908,46.33882934146382
Wave,-0.35103956583479,0.08553693063750742,-0.49192457639558834,0.3236129991676122,43.21699665037884
Wave,-0.15103934704913802,0.02206894780886901,-0.36761491953586184,0.2814486726081145,38.13146691518995
Wave,0.04520098620181633,0.12237249773958303,-0.3405284730730776,0.411647164297373,49.60189449936624
Wave,-0.365801451005267,0.1921968971588339,-0.20074048869153374,0.42462276299531254,55.22554728485908
Wave,0.1224572794129265,0.028666474523915454,-0.2952056323572129,0.3239183903688763,42.112750936419616
Wave,-0.27818729646665835,0.09382302695148934,-0.38198315878982997,0.35298295553744635,41.9909156089435
Wave,0.07878349789239528,0.11952380236470486,-0.48028136442794833,0.25453364451564886,39.70476789393184
Wave,-0.2566155997719704,0.1711159830607261,-0.261421683528827,0.47907486947643974,36.29606126112805
Wave,-0.12363574916080025,0.12220016165678652,-0.5842586182188699,0.39839993774406507,52.65262569106339
Wave,-0.10020369213399805,0.10441000494521113,-0.2863160563725822,0.3615430110924844,55.99514220952855
Wave,-0.1811354891737475,0.1269272105217159,-0.246298658695207,0.4137532392413808,52.221291857579715
Wave,-0.29462848552122195,0.06390601781748319,-0.29427579991770914,0.3914841134808352,45.15696334875364
Wave,-0.35692167077250575,0.06389532120934117,-0.19293398559599761,0.4504595048007831,35.92933733193275
Wave,-0.2944251052202696,0.04806977465501918,-0.3062560513556427,0.3852324506797139,43.004819474386515
Wave,-0.13546309340540652,0.052903315373198444,-0.30506844390054555,0.35161757300089225,56.447171437704874
Wave,0.3986662541818694,0.14447917546355615,-0.2668366813176543,1.0109022771265628,38.61303213038595
Wave,-0.24214641718664215,0.05621250731098497,-0.3957828930159441,0.4328336130959674,31.791801759482343
Wave,0.16695103488325463,0.23785672535691277,-0.21539149584700978,1.3129741743822025,101.22875946852454
Wave,-0.12715162425838106,0.09175740666520248,-0.30438397062543476,0.4158962599111431,38.98205187965603
Wave,-0.305701935790317,0.02862403801130497,-0.3809706354744109,0.42085068830010736,39.567711445192955
Wave,-0.04756095263375378,0.039089203098656024,-0.31315317251669655,0.35390203347043586,42.537015154952826
Wave,-0.023018465255784475,0.04478225582329553,-0.3546712269936451,0.3941642867869136,37.16145934217201
Wave,-0.5719731607664184,0.00365109370518232,-0.33198090064756225,0.3883671635825436,37.45442703425412
Wave,0.23677997088580768,0.05755199436788405,-0.3149078933815086,0.25099597592757494,41.127321111035684
Wave,-0.23162965418885784,0.12241353348247346,-0.09039411980093948,0.39300210711586,35.77022428315409
Wave,-0.09624989126199852,0.11848144913213043,-0.35033178817691507,0.5503351315729949,46.98595069288285
Wave,0.08437634374199982,0.1106069394474333,-0.4527434462077557,0.49635374669586735,35.779387044744965
Wave,0.33000126235993754,0.1100524813744794,-0.2996387000794948,1.376111406223576,87.95359811868771
Wave,-0.525145614864923,0.1259323923026254,-0.2781447913211422,0.47827679755467756,32.64536972277174
Wave,-0.15727845767769139,0.07648040739924195,-0.3011696621634175,0.3241817951724944,33.98890668756978
Wave,-0.32187624314705576,0.19284987803620335,-0.3555053999115002,0.30414669689776375,42.3416803272715
Wave,-0.5119417732300076,0.08021523256418353,-0.26715811471596723,0.43956124701673627,47.83248555925826
Wave,0.07636563477395474,0.02020955132623612,-0.3465139230610028,0.17975563139939163,43.07963034193074
Wave,-0.1459499512731396,0.044449570923149474,-0.3592607141558443,0.334422173486817,41.16501276946379
Wave,-0.21991167513877452,0.04685592827727959,-0.4943462390815613,0.36413329170382025,40.635842672963946
Wave,-0.28820552402788063,0.09527064667068713,-0.29155754348159607,0.35179535739830975,36.103982174734654
Wave,0.1769631841609661,0.0353942084273934,-0.2763325894543733,0.20421932263579834,52.75408730350141
Wave,-0.3687033128357081,0.1664936591266431,-0.188153660334696,0.41840008826687464,44.5838218816859
Wave,0.15667038960889468,0.12180787257975934,-0.33273936006722776,3.4277167234328427,82.01568911756675
Wave,-0.20995593978383312,0.1000218518821305,-0.3515361834797619,0.38894055911846775,53.44074000123385
Wave,-0.32410750474409833,0.08182565585277306,-0.35986227427220085,0.3232284294971722,44.40991331138777
Wave,-0.14259989849299784,0.1957856515449214,-0.12471033011684793,0.32395330212957346,51.20887384268386
Wave,-0.4197915530012259,0.16123407150110372,-0.06936907666706699,0.4426125420714833,33.94582705178131
Wave,-0.04758150561788201,0.026730761594027642,-0.4578233803743528,0.2433038153340786,40.89663269388009
Wave,0.1663344337352098,0.09627887428307642,-0.06054179434064074,0.23525295957617406,47.88520823225885
Wave,-0.3769049531178026,0.12228828656166475,-0.4160507367143528,0.29516169883520016,40.394064783712324
Wave,0.07899177313928485,0.0805443929390617,-0.3448503706754822,0.3106164166913452,54.81106262386409
Wave,0.06366200414614522,0.14625785263466534,-0.3992448512950927,1.1411128978515892,44.99439613924913
Wave,-0.2740029533381067,0.07059227734724065,-0.3434112709900852,0.37053283275304166,36.29948599229543
Wave,-0.12845639075321139,0.036739536261522224,-0.47787351344214574,0.32444908824783325,40.257665305217444
Wave,0.21153656930316175,0.15873720056197854,-0.23562058724905524,0.36362555989179984,47.101716275862856
Wave,-0.5186431305143886,0.04845886907347185,-0.18067559915500572,0.3540395975486052,43.534449639873294
Wave,0.2661273311684361,0.1934787753452505,-0.19966032430047728,1.410957883865981,32.957575290853654
Wave,0.28536057694552264,0.0954700156603426,-0.3746666148521265,0.4575598657967618,63.516728348044126
Wave,-0.12763427625488,0.08237258502012457,-0.28781368443499245,0.38865419176834604,41.049943846801526
Wave,0.08070706352273102,0.03893569148168617,-0.3737954616699518,0.27088234740583716,39.32518454600667
Wave,-0.4849831199523098,0.08998731397498998,0.028271123382266644,0.4733443711097606,37.20429523264981
Wave,-0.21271974014140577,0.04964824247588442,-0.4013563252605873,0.2898258268104688,42.46340129901962
Wave,-0.45209657941810844,0.01309867617730586,-0.2778822630149502,0.36724573147059436,39.973174472843766
Wave,-0.22507479116417503,0.16908173953820718,-0.4868844122117567,0.31212438548044225,46.31637064182658
Wave,0.05509586497269045,0.1364317162861003,-0.29274272552342334,1.3485694871193916,85.6761123563434
Wave,0.18132774286964742,0.07606763979942423,-0.42378332727022644,0.27796630004959944,51.07695406744476
Wave,-0.1640607712080285,0.06460841064170812,-0.33872355420147404,0.42369855427180214,42.646857380374
Wave,-0.3362650683293079,0.12335046910145864,-0.47343645855613337,0.44912211577660116,34.09977815184485
Wave,0.05556857700642677,0.05941509290471334,-0.5085351087091814,0.2741594815457105,37.024200488089235
Wave,0.12516136261123745,0.05081905426627429,-0.38270518220387656,0.23677934748412327,46.90201382885722
Wave,-0.3932362945689696,0.29334955077937624,-0.0734488744225529,0.4776986824417681,27.310617147373478
Wave,-0.16179202107469234,0.009003473890639786,-0.32101380643497424,0.1973193227062066,43.21214025287283
Wave,-0.20358749522744496,0.04852304967289756,-0.47331318401376166,0.30681136244939633,35.81738148077935
Wave,0.03853273828676779,0.042280331181717076,-0.4669023116773609,0.27929618868706074,42.45082843276891
Wave,-0.4551004095279733,0.08005236069775008,-0.29228698971469913,0.34815542309356146,49.36384130326281
Wave,-0.19157936144886595,0.20777777175836526,-0.22796594659133165,0.43581220722533615,49.12755527420711
Wave,-0.09330294653374262,0.03817947774489268,-0.29463817144614085,0.3266434881173309,51.875371222885704
Wave,0.08885543737087735,0.19075337683595556,-0.3581114874699512,1.4595236969634642,35.42921643570959
Wave,-0.376652568278368,0.3267890661617878,-0.35769735968060995,0.3520315940251455,39.26152675236869
Wave,0.08471789928255799,0.16409681431618606,-0.3254571503527189,1.4088883325384636,97.15880479769386
Wave,0.395842503941214,0.14654999775863403,-0.31029829793772157,1.4390880142387519,36.808728797658574
Wave,-0.2768577909766504,0.19128204520242084,-0.2097177860426411,0.9273486611239965,91.42897151135537
Wave,0.12397879849657573,0.10124708379196394,-0.3942220120495147,0.461668878587392,37.755055326073204
Wave,-0.08657924933711961,0.08561318056756562,-0.3799325847081561,0.2456746032248046,46.067769536621476
Wave,0.501651468799063,0.31816856680347405,-0.26270617897258264,2.3853550490777247,133.21698720300105
Wave,0.5143920794126359,0.2878284488624786,-0.2620200318234994,2.1552004194950523,77.38286509899757
Wave,0.23155026435904486,0.3823687558654741,-0.33053094218617834,1.6921434618608366,106.33586462668119
Wave,-0.12367522802926831,0.046265000475641194,-0.32926575634694244,0.3454963860590465,43.23613260929582
Wave,-0.2622907140909249,0.09907649931811661,-0.14646828726568084,0.5007996804100714,31.768957414982417
Wave,-0.22230146746898094,0.04425727144129273,-0.13690844207969288,0.2947204872354649,46.347775281139164
Wave,-0.27198147376979875,0.13685592603706623,-0.25199458182026846,0.3957550939225302,45.070234733523726
Wave,-0.20935079740771584,0.057047506850716134,-0.35623260897458153,0.42600535083228985,48.27994237737293
Wave,-0.22820290188443826,0.04219582717157348,-0.20011581683141394,0.2860654467755273,41.3137259653802
Wave,-0.4300451483569404,0.04082852545061583,-0.29487528793193135,0.4620701278713367,32.67523729971647
Wave,-0.47357032112408104,0.012756173564322132,-0.27315209908791904,0.3427166209383336,40.26579950085416
Wave,-0.29525383491582136,0.11827627493400891,-0.4394970164801485,0.20965609516991512,49.535349758909106
Wave,0.33048107582771147,0.155468181214871,-0.273951460347642,2.100998485476538,67.32027192867396
Wave,-0.1499386686255101,0.07710552767152856,-0.3644455716619158,0.33571194083775574,35.28897472294119
Wave,0.14384693220597553,0.048129805140230755,-0.3802680115879688,0.25134793789645005,40.358545576891245
Wave,0.1695923306936341,0.14632832626047693,-0.28432937854373663,1.0998329283130477,46.97872554067099
Wave,-0.47622232859564567,0.10026045858317316,-0.1986495333893617,0.4800813182743182,34.90979805259839
Wave,-0.18161872353290096,0.026688537880914888,-0.3272290748154688,0.2740544082339027,39.417539086351916
Wave,-0.0604546127175715,0.1817305494444402,-0.3619376440477321,1.4517690485853227,67.25947473978924
Wave,0.24999357179697035,0.11037808218636451,-0.28697932558107814,0.6237760533237228,58.751928393231964
Wave,-0.23466079145915725,0.025755133684164426,-0.31614837948060476,0.3341894691899793,37.860113035359255
Wave,-0.10581979255243332,0.082013781644676,-0.4117134492585912,0.44983477901584074,44.349444849258354
Wave,-0.19048324647990902,0.11411448261117348,-0.27844065590124084,0.3920429509842769,37.7633527829807
Wave,-0.24467462519211192,0.25730615287936087,-0.48732187528009935,0.6712444047903566,41.58279106890912
Wave,-0.3954177250388522,0.004304873150428252,-0.3294222373000672,0.31342962497781324,37.65462613045884
Wave,-0.05762806699904239,0.10019617117997064,-0.40528069925480387,0.334249660046245,56.92349923038051
Wave,0.4166584815783684,0.2787509108801623,-0.3113941845361766,2.1379199818651715,79.82253132492973
Wave,0.13030546832592538,0.2845437847073741,-0.06168227349091052,1.531168790851642,110.1177872808677
Wave,0.2622118430704115,0.09435970926403789,-0.3692570293242968,0.2041734592421826,50.49180151436901
Wave,-0.04885206918690954,0.05669122913506506,-0.36173943213016846,0.34643157038396627,47.057513326909294
Wave,-0.19738396136232236,0.02128121589905955,-0.3637877922875567,0.32497846953378656,39.34628198252413
Wave,-0.30054921046727917,0.09478487058856952,-0.33580036629854837,0.42151104267833195,45.96244772884006
Wave,-0.24287621338123233,0.049654930480501014,-0.2555654297978933,0.3438990647897959,35.747295541797186
Wave,-0.3606849768127245,0.07556715407809005,-0.37288204211316456,0.3538807122981704,45.90922855056656
Wave,0.0935268528893517,0.2042076077060128,-0.2793678461349212,0.28282011279960095,51.528849819346334
Wave,0.15059085851081844,0.2378730237863373,-0.23219976442682777,0.28324831914861337,40.00309560311796
Wave,0.23149392992463563,0.2976704042759637,-0.1840209413077983,1.3514234979777822,91.28730552211057
Wave,-0.16392724325230926,0.0489446848424193,-0.32149431128516154,0.3368137240426985,36.294148513224094
Wave,0.3153725563549975,0.10941943773095894,-0.32588534771326433,0.413033120259385,47.02830175366097
Wave,-0.2943928697628123,0.4956638792862241,-0.09599354486317843,0.6043675488507264,22.88939114834068
Wave,-0.4914827603331643,0.02176832767694356,-0.2283964735285231,0.4494228614362454,34.205048953027124
Wave,-0.12674809174640955,0.11682731905458417,-0.1792865566021652,0.41809831315420876,34.146710719616436
Wave,-0.16782294145738946,0.08705994080728818,-0.13513394553006777,0.30786847640207554,50.212180053662046
Wave,0.2326480590443647,0.2654549456282989,-0.2195594959799452,0.5505287318786986,58.541635668419644
Wave,-0.19909947965092284,0.028009699655537252,-0.28595059419403934,0.2218797723623347,45.86851818293243
Wave,0.2672492076609104,0.023539599746763878,-0.2752885044937348,0.3744038258668204,42.36352155467394
Wave,-0.617833302046832,0.17048607743697247,-0.17665376364403382,0.360684808682462,46.51048940484818
Wave,-0.24011367207420176,0.06891172308064727,-0.32845162605402983,0.36625304131414915,44.79951897389535
Wave,-0.18634246077814978,0.03910459172708695,-0.3114270804180725,0.2423193967667962,37.53169391873905
Wave,0.23337020449452245,0.21179763831745566,-0.3239373465086616,1.428509864224763,89.34101814935894
Wave,-0.35770005104636027,0.021061432575742868,-0.40744914657415904,0.257959094926999,42.630703273312434
Wave,0.39744400581116396,0.5536738275136562,-0.08162134033351215,3.854992317684008,175.19693449471248
Wave,-0.11771283640667918,0.13252431356640093,-0.17337009714989715,0.3624839046592704,46.60106574525122
Wave,0.19035252080361875,0.1261173715688882,-0.33726825133040905,0.4881318819120882,33.46401053273145
Wave,-0.38253066020736204,0.011451473773081542,-0.34885529817468297,0.3214776485818854,42.34646316634441
Wave,-0.31610739649342445,0.1059424426852901,-0.37337256496297744,0.39048031246235987,38.4095108960498
Wave,0.26646274153263894,0.23103884929531335,-0.3384030904481316,2.366931576588773,133.44618195031555
Wave,-0.15905524667240062,0.1317454259756576,-0.28218335141637313,0.5412781049133664,34.09523144034951
Wave,-0.20549808147847082,0.16259083805596353,-0.280218813122212,0.32733276482459894,31.732118264649117
Wave,0.25021553758563486,0.19176775029247956,-0.3880458069221728,0.8862176186864926,76.77832893512664
Wave,-0.24377371021532387,0.10636470813500806,-0.14682875140182947,0.41185208759719727,42.46135412884672
Wave,0.08324442215010118,0.11584851524669908,-0.3367545991014455,0.3404573281531608,37.29722412366378
Wave,-0.09174029430486645,0.06560418806204572,-0.42408055155483027,0.4526636006947945,39.313484059065686
Wave,-0.1425512475625282,0.1589672773713161,-0.30071786094096803,0.37022676772740637,54.585469175181416
Wave,0.26504098496375417,0.125548560757964,-0.2886296461282714,2.0430617078496986,75.6706417321216
Wave,-0.2926927504456867,0.07839843235805866,-0.1842338300930275,0.3381670126253006,37.93733977045963
Wave,0.1802692955798808,0.1754599756870927,-0.3182384488194344,1.073384112807358,47.38009053942009
Wave,-0.14307812741201892,0.0397417008787473,-0.3732843605415971,0.1828987039949961,50.04395587413087
Wave,0.3712304573603636,0.3433734870905939,-0.295051419070252,0.984133902356853,74.82703241517112
Wave,-0.432842551258172,0.039587457282553286,-0.2962624103221172,0.4394336646848847,42.264278765631026
Wave,-0.12887397328079048,0.012408549163161222,-0.3920856322830782,0.28826432923458556,42.61948580821716
Wave,0.2898679841081415,0.07297624279914793,-0.2840782402285827,0.4352387646244335,64.94228553256603
Wave,-0.3292193742394421,0.05667622618069412,-0.1990152088446085,0.4455655648479113,38.04422327237645
Wave,-0.2287291229817543,0.06517763098079626,-0.26150386366202466,0.28707692204511526,44.964660361257344
Wave,0.32183810735310275,0.334012719499132,-0.22073397174328216,2.3355439949781704,125.41932392115588
Wave,-0.2240024185676236,0.10445077962091014,-0.30047020554341713,0.49723765217346316,42.42690462883137
Wave,-0.2263988917606861,0.08387910953366799,-0.3202402743974145,0.28997891218752353,41.8213552830101
Wave,-0.13807895092160233,0.157140164032103,-0.25635436846865634,0.3187705096012823,38.58265449587595
Wave,-0.23139694098212915,0.040533244812406694,-0.5171261428449163,0.3664210059139554,46.15030851441131
Wave,-0.24473528170842232,0.1601406886964759,-0.30904882021298397,0.5220020686192736,32.176412708408606
Wave,0.08098038108275449,0.1147300002749289,-0.3440798656000484,1.090417988913384,39.702285554190254
Wave,-0.30519711435380886,0.007681810087552127,-0.13608135355356238,0.24875806854135663,41.249026649455026
Wave,-0.2620271978579861,0.04393570010201257,-0.3877013410585689,0.20146724524107495,49.5457258414542
Wave,-0.3218774969279595,0.06777641902723983,-0.25504585642249866,0.3846573411125875,47.13615379379995
Wave,-0.2910479738635171,0.08963558641292343,-0.2395680560769756,0.367270821901454,39.981951182726505
Wave,-0.07426811064942236,0.03727471333011695,-0.28950918074733334,0.3338946699836751,43.711758538691775
Wave,-0.19653662897177562,0.07348215894462487,-0.399173357844367,0.29152928628309915,41.073295380096624
Wave,0.0921332872583871,0.08898373091836853,-0.17998794915817284,0.26493555308206607,37.25853163954976
Wave,0.07063032680423256,0.041143235064414654,-0.35707645113886854,0.42329842148647806,40.720061579724344
Wave,-0.46735472022899893,0.0449590275871719,-0.2756841446234452,0.3382078691493828,35.59347251009413
Wave,0.11622134373797358,0.09487373835087673,-0.3390338040936896,0.22394733434050748,47.26979104851759
Wave,0.15865327283843622,0.10805096650869495,-0.4405051907659719,0.2978016140744435,50.55102898097323
Wave,0.36896315131995283,0.44840861781087044,-0.2761294215216139,78.78364724259443,3005.203365383642
Wave,-0.18787665793028357,0.15082325922890416,-0.30168283258665823,0.34350487227080445,33.57223640826471
Wave,-0.22591698547969183,0.06981262519506815,-0.5407045708527499,0.29278702044351723,47.317135134136265
Wave,0.1006566561222959,0.13917442972886196,-0.3179962720517454,0.46102175420968283,49.897515795121066
Wave,-0.37728084827182334,0.046916506326276045,-0.3296948978564821,0.45236086147284293,34.65086975502105
Wave,0.19303184137533408,0.16243472739154058,-0.27233054235295157,1.429373450706863,35.960181951861536
Wave,0.389493498683299,0.1342880781900809,-0.29080081520236933,1.2720118631191968,94.24149915081648
Wave,-0.4569000840412999,0.15395893447369144,-0.3060044484966807,0.3942734835724138,33.77566080590265
Wave,0.15441499159506622,0.1783016222716812,-0.3206245416545066,0.9512047017727346,86.31609375178613
Wave,0.13983849699134832,0.10059561700071096,-0.32021851879767077,0.20290688694810063,46.187029515556304
Wave,-0.22375184901869316,0.07852496495640655,-0.21986033153970272,0.42965064432495653,35.23855954778811
Wave,-0.20566557066771363,0.1865759972515592,-0.2439503000794185,0.4746848128155624,47.315080754892485
Wave,0.06949865163814811,0.12215667482509625,-0.26701819734035376,0.21206936681424585,46.551936181550715
Wave,-0.13236491513295093,0.03372575657909125,-0.5044327047971043,0.3557405664398254,34.26673085414746
Wave,0.10711955079859661,0.03107217358932905,-0.40287191224657715,0.26199802805195904,43.462345728425305
Wave,-0.009103357064103448,0.13406593197266048,-0.3430868089057205,0.25171226203755287,51.363126849574236
Wave,-0.317920633196205,0.10336769953458647,-0.29855103307525693,0.414473319365755,32.29359599877878
Wave,-0.12750945581288495,0.01475618213189015,-0.27133182101412984,0.33265870062160796,39.19370971606381
Wave,-0.23977401610684274,0.4110135935172634,-0.22061063046490545,1.1161227989674816,29.02012985611536
Wave,-0.4667002640962171,0.06428715706417852,-0.40857400884274764,0.3356914518118109,47.942318957346835
Wave,-0.2392146333426419,0.12561696112895943,-0.22164853989721017,0.278557847106387,52.76920622711105
Wave,-0.06971886863699411,0.18182199362818344,-0.45663151801223534,0.5851422214835574,68.65247343951752
Wave,-0.25523328085097197,0.10917476061121474,-0.20220245202900006,0.6042721496887509,66.85246966418651
Wave,-0.14064936623115054,0.02229190279043676,-0.1321345314721917,0.260751284037694,37.45942656933864
Wave,-0.1560518213267113,0.06569487856886257,-0.3442418148216152,0.364273740361273,32.08513279836582
Wave,-0.06378224173396785,0.04241321202955482,-0.3073706947300325,0.33641093578095466,40.508372672763315
Wave,-0.23543248104411185,0.08811236312124868,-0.3669492199630663,0.4065117178170548,51.84677782519702
Wave,-0.3511104631643285,0.07434157952357191,-0.372820857644428,0.31275311282369844,41.839592436003386
Wave,0.14129306244995987,0.07084096667136039,-0.16170579954965503,0.23686864615219963,38.38423285144604
Wave,-0.18440934674716128,0.06927816274880104,-0.10158403919033761,0.3313838617945776,50.34547995698916
Wave,0.1374936677842482,0.1379827678913078,-0.28091416174470185,1.370665569489734,59.199574063046214
Wave,-0.5397299596105367,0.03709970246732107,-0.29169741488255274,0.33776741586201864,38.657952453519115
Wave,-0.31072059952062236,0.0787452777418407,-0.45647651756450897,0.26057590803669545,49.231321313644315
Wave,-0.45941257790175527,0.0648423165203498,-0.1262081282561624,0.4349529823879504,43.265802873840585
Wave,-0.12620140649344644,0.07748432622064562,-0.3821571852623328,0.30228479743127007,38.605667748499
Wave,0.13438978329791113,0.0714351535178277,-0.38383908000419487,0.34629179117256703,52.339796775245745
Wave,-0.18402461904136358,0.1767240697379297,-0.2737073043152392,0.5568767510873629,58.08945927199535
Wave,-0.4939705902460114,0.060504265603443075,-0.2875214616846641,0.5196171617172924,38.678362261204406
Wave,-0.017848688775147288,0.02304883032957693,-0.4674191556049021,0.2681153704688729,43.09966463580898
Wave,-0.09624989126199852,0.11848144913213043,-0.35033178817691507,0.5503351315729949,46.98595069288285
Wave,-0.34181003888809897,0.029799939790905828,-0.40463033684238986,0.3520771262126618,42.24436237286238
Wave,-0.32031710760873955,0.04179687954257243,-0.269041010897225,0.318738133821385,34.546780417953904
Wave,0.14673662928922276,0.14181292870608228,-0.22673164315226324,0.35913406872213904,45.636075628505
Wave,-0.10738720238662125,0.07262865119184873,-0.3676746702600975,0.3125968135780188,38.52595860519909
Wave,-0.2112320000639024,0.05865635889834836,-0.29943302331047683,0.37363617059393334,35.327968164924485
Wave,-0.24623152344318364,0.10365403806975337,-0.3991587392012478,0.4032046210598464,35.067013243620345
Wave,-0.27435308592045027,0.01732081184356782,-0.4966708752529078,0.39861693591901665,38.273125770123585
Wave,-0.42034499174679496,0.010311145690106122,-0.4501810244674228,0.41508538118712496,35.60214109025656
Wave,-0.03990078106646629,0.13398421856210457,-0.2729904723571714,0.46240221020396655,27.2965270694603
Wave,-0.051057847386566005,0.06720676958139829,-0.2629649880001607,0.3653346708790032,43.50558466811942
Wave,-0.17947028427438852,0.11337113433924557,-0.39565766557063603,0.4221144020758477,28.291128205913775
Wave,-0.3498326126850864,0.03377721980706801,-0.38232649894576165,0.37831729171833334,35.26521401524222
Wave,0.16534941360028582,0.10316491436386666,-0.3871059729101668,0.8828126417108221,80.94384661146513
Wave,0.2710125264395528,0.11294126309169236,-0.3399651324392397,0.4037245746297277,43.853874610861126
Wave,0.22117444285067547,0.11047653376775532,-0.33615564698579065,0.32978940414679014,51.96139370423645
Wave,-0.509465216618802,0.05671222985534683,-0.2112883785880449,0.2993550033843631,49.56705410606979
Wave,-0.39302252788677583,0.10458462241438449,-0.4023948058866506,0.34767862668505745,49.272647710400676
Wave,-0.21518086016910337,0.06959793379703567,-0.43930548736482417,0.3389577477712411,43.02201154383219
Wave,-0.12797805909284402,0.12626588493976196,-0.27064994047770463,0.43444455447714064,30.7493489534703
Wave,-0.24166753323658785,0.10262540493595831,-0.4196644662275987,0.2374031367157026,43.83058476954005
Wave,-0.30075994848408866,0.05440979038210075,-0.42332641828025436,0.25836663309503766,46.78615379884952
Wave,0.08468654072604884,0.11518220850235868,-0.43989112914772466,0.28898978124645996,43.1968375978161
Wave,-0.21127327745179214,0.13498001445765556,-0.3322506607360434,0.6832166479325745,77.14794254314319
Wave,0.09588374797850505,0.12524786885844952,-0.34461837509159243,0.3311568182417206,42.8828044882339
Wave,-0.2435105338118818,0.16737005620008993,-0.10954162683664762,0.48164060353936977,52.810141201407795
Wave,-0.09868746356499136,0.06012386636906329,-0.30777929561509276,0.4295365050842946,33.595426098059185
Wave,-0.1251137326547877,0.06711404445732912,-0.2978672202132149,0.47317146323469783,33.926523247599434
Wave,-0.252206566195524,0.1393345703599351,-0.37940079793585374,0.3288616834282275,34.568143723971154
Wave,0.03325932903707092,0.11856970354831571,-0.3294417390512688,0.4153095066265927,45.42995779486439
Wave,0.1577979037773727,0.05420686474734132,-0.36928149957212714,0.20408417169623688,52.38793827666019
Wave,-0.20051360082694053,0.09909635680023202,-0.2926353361797261,0.4810630318594445,36.277827151814876
Wave,-0.27765100020497435,0.1428807331439712,-0.35793674479729126,0.30959288394689466,50.31248483895817
Wave,-0.13035502401212956,0.09683994695609487,-0.22577031549050536,0.4097672766085356,31.791288339744735
Wave,-0.13251420229534291,0.07687531362429861,-0.33679910222194404,0.4457257807218927,39.41106420082737
Wave,0.177366813575479,0.13523996725181078,-0.27615476696036484,2.0141351058968433,69.7930953372413
Wave,-0.24459376828443286,0.08372626273727077,-0.31247120318812655,0.42045842338622436,48.61777093168228
Wave,-0.44284014206309064,0.121143631054597,-0.2507623983744155,0.4432342705695954,43.11249826319888
Wave,-0.11815731853484096,0.0807742022162142,-0.4460067211012033,0.21986407335558467,49.3126817357809
Wave,-0.15262647047075048,0.19082210860937474,-0.37075689864737427,1.4369384055191905,96.9901473577729
Wave,-0.20784023455540468,0.06214957600874031,-0.2938181571664749,0.3786899727006883,34.66956512895652
Wave,0.025800687412101925,0.1242465693637977,-0.3755550863868016,0.24618582434637426,52.78353722249934
Wave,-0.1868409376136918,0.07546198632130567,-0.4549502892527537,0.36958280627227996,39.10932655764079
Wave,0.11968155455230886,0.27706164936764127,-0.12955120972060555,3.7130504613622364,175.2202214774134
Wave,-0.5107476096705716,0.07727132877219171,-0.2847956961542178,0.3250387050528618,45.28776638447396
Wave,0.04938175326263614,0.06686930253920538,-0.34821484115950946,0.30585524798323127,40.44936916465534
Wave,0.2768318470169026,0.2081670268192639,-0.25175747565743284,1.102240436276695,58.1761689483552
Wave,0.14416681574225115,0.17092511496740762,-0.3185998201855281,0.3268073527250812,61.418042078259234
Wave,-0.0507625204562486,0.12078796880512885,-0.45230034831774774,0.2487424844537031,40.2636630435229
Wave,-0.10440979909612558,0.03798020783506513,-0.41923605718282037,0.3831589345135492,35.709204309002686
Wave,0.3714694117605548,0.08295884757518149,-0.26187621676141076,1.0152747461329041,50.20287147890219
Wave,0.6600113890525403,0.2184474342871952,-0.18067276242400146,2.5725833306294668,143.38694870633896
Wave,-0.09546055793143951,0.027289191878755857,-0.45472501110209496,0.22815678645531834,43.48735679086738
Wave,0.5419777018804925,0.31084482834476856,-0.07328660666751363,1.9485796552682795,101.66413536417213
Wave,-0.3338324335537215,0.08405134903333408,-0.11205521368179622,0.42648332126386995,38.73192839120017
Wave,-0.2544449251838594,0.044751448597960396,-0.3401992785872959,0.3389253194584111,37.571214815604925
Wave,-0.30217021844163217,0.057664765855991416,-0.29558916426254156,0.4410564409458021,45.62846585242822
Wave,0.16027662608201376,0.1000410042845207,-0.19308951031301433,0.4481342397490032,41.64946086093088
Wave,-0.21231619721549516,0.10017968461343921,-0.3334844887022457,0.41014090476246573,41.33295302188372
Wave,0.19265990437852132,0.12485565167078824,-0.1909492887726935,0.37198538832598627,43.701527031334024
Wave,0.1349177038529322,0.11999138682444328,-0.3387144098221072,0.42851065515945863,50.85671055735617
Wave,-0.5586053074479234,0.07542310432573474,-0.18061861670173776,0.5331592817437649,34.11881589371029
Wave,-0.08745439572502736,0.05095929649610511,-0.3854236897346019,0.3545205333309319,35.71138851732412
Wave,-0.3412327783311871,0.1706584345723175,-0.45100922092144297,0.41397070206678765,33.14153523028071
Wave,-0.29973685938711747,0.19895436754924295,-0.2302789669124439,0.5198387883301734,45.92258327672927
Wave,-0.21598383635817006,0.02039021183257635,-0.4197485094022924,0.3465539683830683,36.57391602149427
Wave,-0.18212805720469538,0.13773904381783791,-0.28303426659580305,3.9485150360210786,159.59956859529544
Wave,-0.2389067508741441,0.2394746198591517,-0.10085273679384478,0.4900628411040194,52.42399053506261
Wave,0.16626279245384418,0.13655608853906767,-0.4012660481530541,1.434480131777841,34.86588563870009
Wave,-0.16352129902704793,0.0679302654633798,-0.09708599423278318,0.421256270395698,35.67881547523003
Wave,-0.2387283739441341,0.059229377631701094,-0.4237473738823731,0.3790324699480687,48.089929413776744
Wave,-0.25703498315520734,0.14456635298340395,-0.21181202018510215,0.47536670299328515,39.453624130499094
Wave,-0.16702687292866036,0.007870525652602158,-0.2872376632895103,0.33466372292008456,37.541491478233716
Wave,-0.27386988250121125,0.07765001929389886,-0.3907666122149514,0.3671994449346655,36.28681397718507
Wave,-0.44453614578530315,0.0036678083107617087,-0.38251368710196293,0.4011969211282535,39.21185429977507
Wave,-0.13942216209922448,0.15074139563848676,-0.30761952259684505,0.41220298869749783,34.32521633760617
Wave,0.4340425158116006,0.28003951878749744,-0.25422916900354536,1.1382963172496687,59.11982790403699
Wave,-0.1782592881637805,0.07127668043359922,-0.21952518716655972,0.3140444772253356,51.59939827059324
Wave,-0.38058133797990734,0.12277496108415778,-0.14061188216027803,0.2430974450671386,47.99316672318017
Wave,-0.13731255130998804,0.09796646365701718,-0.27967124044383135,0.42465558006558574,29.182103073767337
Wave,-0.2957843154261063,0.07239180710767287,-0.4231856595967471,0.3572950188148582,34.77174390987042
Wave,-0.1595938692465349,0.07592146184842478,-0.42912730722376735,0.25874890515573945,42.05132216055318
Wave,-0.30743816936608,0.18335911683076075,-0.2645877591611602,0.36560417104531984,31.189059910065232
Wave,-0.07344832664231105,0.026274640397547493,-0.4590481175073804,0.27275528428925766,45.43146284506263
Wave,0.14424956442330072,0.055848810528132786,-0.19503479487795278,0.39092446309694706,35.58984185673148
Wave,0.12060515004561674,0.14190989076786087,-0.29506307414120625,0.5590133204304026,60.579938730669475
Wave,0.15959941761404184,0.07652853618188503,-0.30559181048486506,0.30199855706502315,38.696138578049016
Wave,-0.2022529492681433,0.048871736985516986,-0.32225000173995194,0.3315213262223136,38.403533035602294
Wave,-0.4015839548409347,0.10986983268769886,-0.26599461794195794,0.32882466695092155,32.953067962757856
Wave,0.048393063732891616,0.06500889690900201,-0.35035355144004615,0.2948454937656163,38.2013664930476
Wave,0.20098990481651915,0.11574298496208024,-0.3561176050337251,0.2177006861323357,51.65807092374526
Wave,0.19221487807438092,0.17333240488134857,-0.1879478593530138,3.9712526742740186,162.8272897385511
Wave,-0.42301143742390995,0.17237404990452249,-0.3745106813422777,0.3591867480320532,56.49264875269719
Wave,-0.1182401557263976,0.16556609674573194,-0.24056411770495856,0.4533729951645444,29.55639292527752
Wave,-0.2867344981924995,0.011630406237512282,-0.43402251086432836,0.3534314232163887,43.47574032480579
Wave,-0.28773843424859136,0.03811329814034766,-0.30485694685156234,0.24861711765283157,41.819801404077324
Wave,-0.24928012424141804,0.07680990076142147,-0.4057393632181363,0.3071313924329326,40.52494866790898
Wave,-0.136672340654452,0.1193934770687648,-0.3653773241099825,0.3672747227295482,56.24137366374808
Wave,-0.0920328715072937,0.1636391057084862,-0.3272557041841178,0.5007963237263827,36.86073070266413
Wave,0.07658429824563207,0.10518544653988826,-0.3014952589114206,0.41804221718749934,53.65544323407063
Wave,0.06456694175418748,0.10708391381509832,-0.42211249572071197,0.4709082739052513,37.35387441431319
Wave,-0.1863546490332717,0.07041130277698555,-0.35423086632910994,0.38753678514086193,30.46700071182837
Wave,-0.18678102597662818,0.14337040096061013,-0.38570161356964483,0.441541924777514,48.40418679370309
Wave,0.08313606467215001,0.10972343636221704,-0.35863338779324144,0.906720495402444,80.50265591004029
Wave,-0.41123315654346704,0.08573697071294052,-0.35563877293076324,0.27902419797128225,43.58958508976997
Wave,-0.32004111641877564,0.023130054651913756,-0.28120847734864424,0.28958701434651685,45.57015252767692
Wave,-0.23767278190769967,0.08100265469882359,-0.27112619465802806,0.334276769351439,42.76547655834069
Wave,0.04533785589520006,0.019833221685382093,-0.36560930763062466,0.334914280674389,37.089758458086735
Wave,0.22293910205481465,0.2927629571940604,-0.2258936508046235,1.4979561361272602,85.03582879663907
Wave,-0.11455425666762327,0.06584182050983653,-0.36311669458309864,0.2503734474552913,46.60972295342776
Wave,-0.568018022046255,0.13546238065652955,-0.13859258357581994,0.4086600856468747,47.07958439752973
Wave,-0.3873960299810756,0.08302794696075323,-0.2637818641956085,0.4623179864000771,36.062316597809506
Wave,-0.184958944869713,0.11979818511177172,-0.30904686781301144,0.30109796719388077,38.28525207459897
Wave,-0.26004418207202895,0.09458581407693209,-0.3669795567335442,0.38893845490032386,44.817255642094274
Wave,0.3146996964391898,0.13483757647682024,-0.29916448319077565,1.235623661790495,88.62760525455894
Wave,-0.04316538747978503,0.09805485423399651,-0.3865925927211657,0.23483801909203245,54.964562351525586
Wave,-0.2716851230071198,0.200261065267328,-0.10612998276045318,0.5487620737548857,28.92516664325418
Wave,0.21342613699050916,0.05510136690024198,-0.2568800162086748,0.36370278937040307,53.89150490295898
Wave,-0.18956204009038655,0.09390662549942999,-0.22776372078460116,0.33465436408895377,43.74400169954019
Wave,-0.4797730566514551,0.170762417746964,-0.27923241659831477,0.3175714625601031,38.45297266708016
Wave,-0.06571260319239391,0.2690710199471563,-0.2206647031303804,1.4251778318940869,88.50142067340286
Wave,-0.28699513072484406,0.08329620107732284,-0.26841583558288606,0.2515731238261214,37.87517952702717
Wave,-0.08744873070202502,0.10413221182930184,-0.33185507714189527,0.485953065085218,30.525847292080485
Wave,-0.3112625826677947,0.10388046458939901,-0.46068725206832134,0.3715647666253269,36.754733313163264
Wave,0.1679498504322946,0.14596902852507737,-0.27106822463940994,1.3759315798780714,98.7062524718209
Wave,-0.19035826578236617,0.018861041500581217,-0.3323603696044236,0.3071848381768042,45.18114620997715
Wave,-0.07446582302512969,0.04165615360165377,-0.3958594538242781,0.21059928627362645,47.36929738604288
Wave,-0.1082157516680613,0.08525530016100846,-0.24483410836998185,0.3909170804336353,49.55010236354823
Wave,-0.17421832592945102,0.19862022691003245,-0.35972194024984516,0.6176604545936832,43.80661181054947
Wave,-0.29095738189848586,0.08162811885632255,-0.18744157404852557,0.37198622319863067,31.61857410292531
Wave,-0.40185188998658594,0.009953922530472222,-0.2697267995393098,0.26221646223773154,45.20766144150183
Wave,-0.4727742629737797,0.06345120668546735,-0.22428618794213268,0.4220523886533907,33.84623036069696
Wave,-0.35051093597147354,0.11125977074105489,-0.13327371335833044,0.3599940381804335,44.04998439825071
Wave,-0.21946698008448168,0.06744625611998625,-0.24860497330603346,0.385597331058095,45.47935426932048
Wave,-0.28927334354964607,0.10163274284351906,-0.35747616866093923,0.3963300352714882,50.961310228805985
Wave,-0.3139439380022612,0.10874113193126618,-0.5239614041065597,0.27162576110118736,51.57915049571713
Wave,-0.30164625509488907,0.09161658373038148,-0.2831575134429797,0.38397686630096883,42.41886877942774
Wave,-0.18577008026722963,0.07969557160560252,-0.4185107394550388,0.29729930697724666,51.84800958857694
Wave,-0.40384651112302383,0.12261480214183877,-0.3389943825858856,0.21734989883503278,46.35605808692959
Wave,-0.11848572642714236,0.22124612018526935,-0.24339822636617406,0.31705145120780687,45.239810772849204
Wave,-0.17520562181379784,0.1712724037488943,-0.33021291750846166,0.36903069274632516,60.49638738753424
Wave,-0.11294557852866519,0.05506227919964226,-0.40542010963944325,0.26613473953574457,39.33050152602696
Wave,-0.5305568067140309,0.0362963223556335,-0.3521486054918008,0.3217488129634577,42.16273240463232
Wave,0.10616853836090134,0.40985807237963456,-0.285066824925883,1.1335021661727218,66.72700411477258
Wave,-0.5121163754775928,0.039080286469662696,-0.31184013908091857,0.4669780765435458,39.71681959260456
Wave,-0.305701935790317,0.02862403801130497,-0.3809706354744109,0.42085068830010736,39.567711445192955
Wave,0.20627435011685297,0.040470797119429094,-0.2197480154619557,0.27349995304659797,39.88771295154156
Wave,0.10104310982731712,0.05382080186437603,-0.4157344090289231,0.3121158617944189,35.10053139091074
Wave,-0.5351129496569135,0.07097383385841353,-0.30770772521139256,0.275071251669073,46.77574709268903
Wave,0.08037330381014895,0.08309420318128997,-0.38905420566575605,0.22289734851074572,54.15748479884062
Wave,-0.2508013305521131,0.14657368413448849,-0.3470206239587974,0.3423851904446838,45.92098504821878
Wave,-0.28383525902508155,0.08004332165592445,-0.47469124131686147,0.2988191934073452,42.87299360469785
Wave,0.1991381137948397,0.13031266108944858,-0.24747599608630383,1.03996664813451,37.49443941614326
Wave,-0.3857775551039765,0.015619447155311671,-0.3143460827686263,0.3150490489808536,35.586389155283165
Wave,-0.06550942376028246,0.09254162529836359,-0.5138624226940604,0.3845721496885561,52.15464508932833
Wave,0.08190901650458998,0.16476068681376643,-0.3251542671632437,0.2908640745084624,36.091183804668205
Wave,-0.35640640320789846,0.0087150497710619,-0.3242985362407027,0.41129792516162916,38.31175695419854
Wave,-0.15667836837401813,0.06320442409521712,-0.42407812106438614,0.34894292384772757,50.19493048994228
Wave,-0.2442294929559545,0.057294719214801185,-0.24424486149885466,0.4096426552936468,40.91019907144336
Wave,0.48761192395717967,0.08196158028375786,-0.22134833713543978,1.0375811458258781,56.1565164840688
Wave,-0.058473233736707146,0.07598244677191603,-0.3628966394960038,0.41858461192012447,46.28149981960745
Wave,0.02651832328396167,0.06715092142002464,-0.30351718629982044,0.39956627914190757,34.15127735629391
Wave,-0.24110255144447265,0.09399919867929658,-0.31951017350443367,0.30634378076269125,55.68286201926986
Wave,-0.14505627542065663,0.17007547892361957,-0.24685341875921923,0.42431116458648643,28.796985622170794
Wave,-0.1622515773734598,0.07645631576527766,-0.20627401726247083,0.3596481205688883,35.61874574905288
Wave,-0.36658926272655157,0.05173754076121302,-0.2823807933313984,0.31208755315010406,37.21200826944291
Wave,-0.3110280980880632,0.023813060694942524,-0.35782247027143954,0.22165693347458545,46.0203829730584
Wave,-0.4239426728574994,0.09123605591911309,-0.3518699251566937,0.37856125884258346,41.386564627676385
Wave,-0.648188184409292,0.08512197567857663,-0.28326512324081515,0.4442947149382031,42.41983314181079
Wave,-0.16110748605729708,0.0740924288294176,-0.4002888999191401,0.34299419312022206,47.299942650559196
Wave,-0.09412161494020514,0.0652355501341611,-0.30945447806255044,0.33965833070321,49.23086007920569
Wave,0.05780930300072452,0.11738189195450839,-0.34903073134556756,0.4471038830832363,58.816961230429044
Wave,0.14924812095551404,0.16685582356054593,-0.5490841607978485,0.3357349592432399,52.3945841324378
Wave,-0.16973315054980095,0.07000518706071222,-0.3637237905556682,0.36934347956470726,32.052777721169356
Wave,0.1248494420045697,0.01973642691227961,-0.299367279993314,0.18610046019602658,45.33540679728298
Wave,-0.06554102148713654,0.1076484361884038,-0.4385046443335975,0.35228577918846277,56.414122391074486
Wave,-0.2985889162492238,0.026960386653158218,-0.212687870305535,0.3615216358790812,37.87514158804388
Wave,0.1665164750236053,0.2919597905472419,-0.3245876470781094,8.553550442963356,24.648621228668137
Wave,0.10834700369129455,0.12151941392965777,-0.4186532419064542,0.36293236487772934,39.22639647374413
Wave,-0.07174779796696895,0.024195829031418852,-0.3617708028748425,0.2861248597764116,44.75443861569281
Wave,-0.28718500001043756,0.06502882309570038,-0.4440146393594769,0.2709765212022262,46.950485925501425
Wave,-0.13286722076451943,0.09588841976125409,-0.3512727211190049,0.6507800176635543,70.07103486753017
Wave,0.05274287832286138,0.18643665682418234,-0.34977265189775225,1.463664498048185,64.0729127918635
Wave,0.1464511607955881,0.22181559932201847,-0.36553076398875844,0.5544800065241284,71.37508769736307
Wave,-0.15488866637365437,0.018116045144341952,-0.4038861678986434,0.26545966930802495,42.28334472208954
Wave,0.14586488803499442,0.14724734730014835,-0.2180761161365828,0.3184574074966248,36.12966163343796
Wave,0.2717752739383647,0.2540308410344188,-0.26882524034997274,2.17335046106729,69.85353138577143
Wave,-0.7134536328767577,0.05564709201740836,-0.30138783139818,0.43701108375854014,38.45017644032372
Wave,-0.0261071265021259,0.026647163911891848,-0.42854640862917137,0.2802311853285723,40.826423398504915
Wave,-0.39377905260516066,0.0722939376573804,-0.2638622288270396,0.4243550154897868,32.17987366736826
Wave,0.21156542409183676,0.1516402473853004,-0.2221902763623521,3.9110906670017824,156.1104306439206
Wave,-0.12022446920956165,0.013082039327501332,-0.1593303467256243,0.3126766691155734,38.115352170825886
Wave,0.21061912951640394,0.20783998073885593,-0.2921746190183799,4.032917823760481,162.10552322349974
Wave,-0.29188406031551195,0.2178134341055969,-0.1774798433777853,0.3887422299293725,30.892585976269892
Wave,-0.20498130842673423,0.08646003651394576,-0.31601301141818394,0.4180525979977014,31.433315644662727
Wave,-0.5117436070661796,0.1698057098919416,-0.3538849593947286,0.31148099376534677,44.93628930646966
Wave,-0.1788670581665856,0.16894343825409713,-0.19495078841846433,0.42350455378835006,30.84357953453562
Wave,0.26568997760949653,0.10108918027620642,-0.17931176275842545,3.6277635623121656,181.7633421921995
Wave,-0.3954538192397127,0.0900463183404134,-0.2645951972495153,0.5318413437213627,34.82726272191759
Wave,0.175465027242802,0.2775358261828648,-0.1931936386575536,0.42322201162873985,39.006310176743916
Wave,-0.2850028307133591,0.1617158148919013,-0.32394865605867,0.4221505986449083,60.42878565240248
Wave,0.076145113735513,0.1029662067025453,-0.3685947660372746,0.3519563322179489,57.92394088875682
Wave,0.1680247661227293,0.15729977351791868,-0.3069447070057197,0.6603986467257661,74.18494610019431
Wave,0.19195087496405766,0.0772683195542615,-0.2396430703962626,0.5601254148080803,67.61152322746115
Wave,-0.047902998726349066,0.1479132677704054,-0.37364549055815743,0.4605406611397912,60.38312253259305
Wave,-0.0416995197557734,0.0055788826112777076,-0.39203201030982926,0.2727110684484656,40.59230659795405
Wave,-0.1354606995869001,0.1100381035302207,-0.2731909065420791,0.3039721819985122,64.00589518026334
Wave,-0.19079586689339778,0.1467507135875799,-0.38310850790818274,0.23649930818800918,54.43514171123388
Wave,-0.28271566369725865,0.1100221153166722,-0.4427771667901105,0.21909424621819254,47.516968214736124
Wave,-0.12497438046193596,0.08579859310504226,-0.31481259754543556,0.24296978050763426,55.242303598069824
Wave,-0.24773244514044063,0.11324057818228647,-0.26794404596666643,0.4722756484689263,36.51556039457985
Wave,-0.3818396355894339,0.09755917694990345,-0.2810653199389621,0.48761178300280245,34.5427401753087
Wave,-0.11715228470217787,0.05201972426184078,-0.3415935257964014,0.36912278471044696,37.26508851442149
Wave,0.06635066787081109,0.003912709944889284,-0.3283968840526147,0.27979340988693835,41.82330933024751
Wave,0.15789531773341609,0.04265731260034498,-0.16059820016412552,0.29289854475628824,39.5461098230879
Wave,-0.19182510061528238,0.03770373937162452,-0.4576093672438364,0.34162438649736854,38.270431367330744
Wave,-0.16041215603912237,0.13153401257082362,-0.4533956492381632,0.5393693916598901,32.0530651046597
Wave,-0.17628303055745984,0.05993910553713953,-0.412341523019583,0.22144045457030645,51.7438782871167
Wave,-0.2925956642962674,0.09626647528083146,-0.32746491104503295,0.4171518668926922,38.304513965705866
Wave,0.10501422061628368,0.06666601123005347,-0.34031681128295893,0.35502393206048066,32.45265068818764
Wave,-0.22952176165369576,0.04477687563920854,-0.23565106810608835,0.4179726877530993,32.93877839147005
Wave,-0.3873642345698047,0.11633536899833688,-0.39712938365053246,0.3873381170186278,35.552445755400285
Wave,0.060703943537073604,0.123182102649056,-0.360210017286567,0.3321488543066989,55.57684590560693
Wave,-0.23693308461852391,0.022024139550582317,-0.34558969172998966,0.25669586051178395,39.70426664731497
Wave,-0.05087790175435129,0.17665423157810606,-0.31708868000026924,0.24281885858995575,56.84774821868559
Wave,0.1241011646170456,0.022641625182007862,-0.35991868040909464,0.28330516168701675,36.86070132733274
Wave,0.274141543889664,0.07335082567580342,-0.33465907595942823,0.42497618907296775,62.79844028444234
Wave,0.31790110159028157,0.20899121689884392,-0.32320675483887007,0.6059055969890982,59.205440420749056
Wave,-0.020173823520671152,0.0036810242561361077,-0.31152707809446756,0.24771003623559668,42.62357591309637
Wave,-0.2979581668853197,0.10368630797358862,-0.22854706517503912,0.3196284664231969,58.33659094258412
Wave,0.22242256922620618,0.1370780676364216,-0.308517712640146,0.31439362105525187,33.844507200304214
Wave,-0.12795374036194299,0.10237164191816195,-0.3654267433787932,0.45283050482003306,43.76588513712991
Wave,-0.3512364091676497,0.10230966066105837,-0.416033984907056,0.24802562406997483,53.89175459665239
Wave,-0.19215797810129534,0.18082399362718057,-0.36503407605421384,0.3094574052179333,42.42904688862528
Wave,0.185631352842834,0.1587112584251152,-0.36505767949049966,0.4518413182245055,38.30946518010014
Wave,-0.10712557970870003,0.1168368583155666,-0.1290460168207958,1.4017049629872387,63.801321697314194
Wave,-0.12284066622193741,0.08247921840602347,-0.39609236035511575,0.285589327229262,57.937465272207966
Wave,-0.2652676101040069,0.07140274593414418,-0.21513502286670078,0.26804184099218425,52.11887777723298
Wave,-0.12911526622196892,0.2588701652854889,-0.3033545037942366,0.5881548926890082,69.98953504096849
Wave,-0.13506045421966317,0.08618421322594308,-0.2851110088423549,0.29538716058320735,40.49808344718786
Wave,0.13337394255458923,0.1304145036180382,-0.3294568346150308,0.8977488972651516,82.34433293370871
Wave,-0.46113921259927015,0.06681166324019674,-0.08567959612207592,0.27710802943461815,47.391349492307526
Wave,-0.2437436070338586,0.1738603229967545,-0.4119724460414548,0.25376126673743044,47.668835782347955
Wave,-0.5639740163849895,0.03749607320578087,-0.2185030872827486,0.4437462798925085,42.26592279658526
Wave,-0.3645387101336604,0.11693174089089693,-0.38098965018083286,0.38793678833332734,29.47061634688213
Wave,-0.3333225533034103,0.047482647959773375,-0.334572414637126,0.47256393521074413,38.80776051607334
Wave,-0.28756332188338835,0.07424067075969457,-0.35327747084455724,0.3902758207014278,44.89108041476704
Wave,-0.04265019144177147,0.04506014994718713,-0.47236695852793614,0.274086687840748,45.722932001779085
Wave,-0.5336773495832121,0.016175334715081473,-0.3909599293317649,0.4001911759412738,36.62559859088821
Wave,-0.2761010456340828,0.12250284785452097,-0.15419428102374896,0.3667282139804026,46.45532416030318
Wave,0.3645568302677489,0.23499590412585944,-0.10012578305287127,1.425504585122593,91.26064906204587
Wave,-0.16157418566804257,0.10494105552026667,-0.3307909125280788,0.33600551624357966,58.115288474491
Wave,-0.6036272582492674,0.12530871779012348,-0.21298930945576983,0.3208713090230657,45.123203708864594
Wave,-0.19416014886630056,0.008849563011785268,-0.33416983678039214,0.22974644379406642,44.99441693023593
Wave,0.17969052700833488,0.1489793108652967,-0.23626958695266423,0.475346158583944,37.5471222049098
Wave,-0.3783764791683061,0.09215449620073272,-0.4351628069322952,0.21652323750112515,42.81529167719101
Wave,0.22214772456690784,0.09094778621198735,-0.3649980736589218,0.20507220133148737,50.77203898790085
Wave,-0.08041687270307046,0.11619402145821825,-0.31583817383844687,0.41387047259922666,43.91135342261557
Wave,0.13438073665857342,0.1920399691214678,-0.2782599747541878,0.6733305862959031,81.39692104015428
Wave,-0.37717367187983764,0.3486542690593714,-0.1969124328815032,1.0814122183968544,39.31463649614737
Wave,-0.30785332357921114,0.08872098938784524,-0.15372494252940053,0.36028240186529825,36.69101534080848
Wave,-0.03301285238078018,0.04296868723767906,-0.3697495821159687,0.3712432433677428,30.352637133941315
Wave,-0.11107169175908374,0.10861475443885385,-0.48199416551904356,0.4869578012048547,39.47971388460622
Wave,-0.3131171680255278,0.08822688850071374,-0.31943346993046257,0.47842792494335434,36.5776002733611
Wave,-0.5760278339675898,0.12882504217690183,-0.22576519525311145,0.5038621308498199,43.252639470567246
Wave,0.21860739509667126,0.06244835957174148,-0.32651013178100763,0.17410273062730633,50.101051756248836
Wave,-0.044337106799348956,0.03748102888988649,-0.34987553842796976,0.33951386770218406,36.614199140572175
Wave,0.14056154470347818,0.06776538470256689,-0.3902292543868382,0.28940644537544025,39.470240093350675
Wave,-0.24942065945010267,0.03511811215815557,-0.33916615349989393,0.3735363746458322,45.07312992754401
Wave,-0.6146140990840314,0.16765842816820206,-0.06970796836655735,0.5437711945710324,29.27819755313477
Wave,-0.3790941636792042,0.0353013376891599,-0.13304301872037666,0.33187973825112627,44.88800981788747
Wave,-0.41441749662757293,0.1346204587709421,-0.20723121339998435,0.451327191041204,30.897327093568254
Wave,-0.24350629020882314,0.067690566892621,-0.1998869667090043,0.28804568384167806,44.181556175993066
Wave,-0.17340307171399755,0.03587049577524655,-0.4069164130007537,0.3657431211393112,41.58054762037233
Wave,0.3165302166346833,0.2521384026820489,-0.3327112947511634,3.725610864199515,181.64212228427525
Wave,-0.09076678438536036,0.12359093029202264,-0.28573986686314173,0.3934234624637876,35.654539311863886
Wave,0.3832087390047641,0.2084062041829306,-0.3097210670074106,2.3506055575523996,134.27308301683712
Wave,-0.23194283846780744,0.11510254588286432,-0.2831288765476293,0.35767280237674426,44.42840300254659
Wave,-0.05721184729436107,0.2381077565550024,-0.2940610000913574,0.4682589523652334,30.705849227939332
Wave,-0.23320011023557852,0.034202081875092896,-0.3219045766984818,0.35832631813286053,33.21541506353503
Wave,-0.23232211298134667,0.08117530605285918,-0.3860753832206911,0.32619731329901414,45.63135299420825
Wave,0.15138052465926666,0.07877938398586248,-0.33328233440978094,0.4690340095495084,36.383130060797924
Wave,0.10898571868972923,0.15269874108503922,-0.5141415989015724,0.34969621895160063,51.80383019749151
Wave,0.07800716307371883,0.050397763527535167,-0.1858312271984987,0.2052573261564449,53.98614280617734
Wave,-0.172786156364179,0.10831587305320797,-0.3768463967943983,0.2254168735526745,45.18573938292572
Wave,-0.07344832664231105,0.026274640397547493,-0.4590481175073804,0.27275528428925766,45.43146284506263
Wave,-0.2912074625811487,0.06233267544068828,-0.10402474794697707,0.33814508229284346,39.977194829654415
Wave,-0.15227679934194566,0.08015806762474706,-0.32604832852566906,0.39753210707949715,40.23623105189721
Wave,0.3604000599767086,0.18185944302150334,-0.19891284608202278,1.338809446214111,99.24468325047017
Wave,-0.10149356075502383,0.09749804846793479,-0.3845350979694413,0.30953183270210227,38.00497729351409
Wave,-0.05731872338607784,0.03420721384579997,-0.4629316554993658,0.23214600425969695,43.74562364992421
Wave,-0.1660653583143339,0.03447988763133528,-0.3897479333561592,0.1890633006700808,48.41813251907932
Wave,-0.04758150561788201,0.026730761594027642,-0.4578233803743528,0.2433038153340786,40.89663269388009
Wave,-0.039103382385488335,0.13390547273305758,-0.29812076207353083,0.32189104051836337,32.71884520532757
Wave,0.18821860306001464,0.1009771423512901,-0.20571403478440972,0.26626767647210015,52.720875990142304
Wave,-0.15924253737639865,0.08956510827215124,-0.39047695864077386,0.4666352820673476,43.9554611096228
Wave,0.17898311504349218,0.15555221963254767,-0.3393094810900577,1.4018984333216993,99.83842436890774
Wave,0.3369301309056228,0.15662429543194686,-0.27661943819712753,1.385293344871298,38.73099977825601
Wave,0.21183873148537535,0.0634237838721012,-0.17694826815692435,0.3141927565767829,49.97372913289471
Wave,-0.2988399777213566,0.10837231162554355,-0.36973513453807644,0.279899542842605,42.16632052341921
Wave,-0.1529258884174561,0.24670767657657527,-0.38236317923614793,0.3555731176554619,39.79363765598638
Wave,0.14176998875355365,0.11120857343359895,-0.3819211555356484,0.3592046420865715,37.125286233678025
Wave,-0.297093290863502,0.009124136135567002,-0.12999024655740626,0.38737324462373807,38.35190266959394
Wave,0.19706476987243793,0.18593718225815375,-0.25678300541246973,0.5702919625895649,62.61312749995876
Wave,0.2279021316128375,0.21869457406311513,-0.2984109930931803,3.385731781875408,76.62091059074466
Wave,-0.10476711152246646,0.03044554719824666,-0.32079643202060293,0.3339830100238034,35.60399350127014
Wave,-0.3374994604444266,0.2118901095976074,-0.30014476159620485,0.31198624994934376,37.08514709459176
Wave,0.2514748047473116,0.20991862801435496,-0.2783932932119808,3.404447914051446,92.32328223236478
Wave,-0.15770441111536684,0.039127169471476604,-0.3289509726995028,0.32910234271190497,40.29797177874168
Wave,0.1405503452897509,0.03849391452346795,-0.3883097401413022,0.27201155182124226,37.33895037787644
Wave,-0.17855620698662056,0.1460652253932203,-0.2670780807997445,0.4731928822884537,55.95795483195424
Wave,-0.6301245472800566,0.05600748043545837,-0.3708929776451113,0.345145485085993,44.78982528952026
Wave,0.11634340432879332,0.0788173463213455,-0.3184846234318379,0.49776933303461335,64.92851009927061
Wave,-0.1625204353161679,0.037153011247591336,-0.43592437977773196,0.26305390462816886,36.835045611231955
Wave,-0.0734853863085756,0.0345949279750317,-0.37982247700625577,0.13814230645421605,47.10353532758
Wave,-0.17963055384775756,0.09999836474811705,-0.36243357293145906,0.37872722126450264,56.662622524070024
Wave,0.3326331544597021,0.07260285656186387,-0.23114838598906637,1.0364520783285032,44.976808572628606
Wave,-0.3052076035043448,0.01964031238206934,-0.4307979131810222,0.39097990790655957,37.427619076158656
Wave,-0.39864351742190735,0.012310734650073148,-0.3643224058530976,0.30501507584499443,42.69744181286236
Wave,-0.1579935055650178,0.0784750856047215,-0.4165754655084327,0.2327757005583091,55.43929299731457
Wave,0.26178490109262437,0.07222598258597537,-0.06274370864541302,0.9996395382546378,37.17504728063883
Wave,-0.2196657589381323,0.167783249596905,-0.2089871703286246,0.34851102435694054,51.46788850963898
Wave,-0.5616431525088283,0.26002345392850357,-0.11632177314508911,0.5603527233967207,47.88253752469778
Wave,-0.057390553789707074,0.022676605609865397,-0.2748895102767244,0.30375101690810047,40.235337346590725
Wave,-0.09357246416039428,0.011965534122239985,-0.38310835183709424,0.28628297148338383,39.168732745765034
Wave,0.11756011510757078,0.1465211217527177,-0.33687766248530615,0.921364447683249,82.79123074662388
Wave,-0.31018752075006456,0.14168273806895398,-0.292412726431239,0.42965878740348534,32.68353231740118
Wave,-0.3185930294068674,0.0799190447786735,-0.3343147031128077,0.4130699305099937,30.669620418637287
Wave,-0.3767036604872481,0.09761578184493346,-0.30300915513911586,0.3101136484454814,53.85722050866386
Wave,-0.4018803887758126,0.013775745185501686,-0.33825033897744844,0.26758002156380295,44.83634674122513
Wave,-0.35289786509413024,0.22549996755882357,-0.26239308169683323,0.38517728448146804,36.386129227424455
Wave,-0.14411893179547136,0.12297311613307002,-0.0518553772969283,0.278822957240534,47.877046947605265
Wave,0.06081610164551677,0.07151821545074119,-0.3520698385292514,0.4671538504585708,35.48615202111546
Wave,0.14700236971347339,0.0917306710296567,-0.35838468045770605,0.22984281586629934,43.80234807381169
Wave,-0.4940078516895877,0.030383874212116156,-0.22235690480634743,0.42847884491460203,41.373878748830734
Wave,-0.4969372073025503,0.29867777087534775,-0.359302123832693,0.29689297597063913,58.70064240630216
Wave,-0.12876173649014927,0.08294826181036805,-0.20832302124687088,0.39393409421873166,27.719998378695944
Wave,-0.36974870132712706,0.12401494479157119,-0.13067246168205995,0.4953660862688645,31.315139437073
Wave,0.2570863651081786,0.29308244844033793,-0.20096773920451974,1.4066308494582669,84.26292799702613
Wave,-0.3499049330885152,0.04951630117500042,-0.18842793369346475,0.2752099565930384,47.13796279168043
Wave,0.32267290519767333,0.11293622735390821,-0.24056357090250244,0.4811244257941749,60.2536180732735
Wave,-0.4026415052413551,0.09094944283639762,-0.3225720632829916,0.3457503504056263,46.86734162177024
Wave,-0.12876591044136643,0.14623150315431602,-0.29517641140017065,0.618160346536145,68.65012516259938
Wave,0.30404227115960547,0.3284452846359406,-0.23352704080283326,8.656209217567929,33.55084671152481
Wave,0.26865575290366284,0.10980468809491066,-0.34341834054059883,0.25185814261573164,41.0078013933077
Wave,0.042490121189513744,0.13330373358096234,-0.39894916523881196,0.4504091327925969,45.9035864117551
Wave,-0.1529979107482903,0.11886004201031275,-0.34142096244618875,0.5078740480830333,34.590249280666306
Wave,0.35334926773156644,0.13113227575473624,-0.324031315905882,0.8658168584815426,78.17346802151371
Wave,-0.23792049127720713,0.07043346912664175,-0.29233067139673985,0.3955276127762055,34.391750833452036
Wave,-0.07757526948840443,0.021469530498324618,-0.42967695193551514,0.3485807385229924,35.265220311127635
Wave,0.07516691099228737,0.12535048378268904,-0.3056559832217562,0.5411260245510544,57.36165224147814
Wave,-0.2565195216236619,0.034892622901829665,-0.30626076511870054,0.4308951767510941,40.236845934876754
Wave,-0.24992169445136003,0.13343869999374652,-0.4580774009918165,0.3605155709204581,51.23303200219496
Wave,0.15486811540226914,0.148779031314449,-0.31303775663599825,0.3130314785000331,34.08730825570879
Wave,-0.2742739480710523,0.0902979681134515,-0.07967350175646865,0.49074270990447677,35.1560673994964
Wave,-0.10786729022751643,0.04100601661412066,-0.4258675162701399,0.3671592041099789,39.655880103651846
Wave,0.06732096916768096,0.06577275835171409,-0.38549847983782604,0.2537212882638857,46.18505602868645
Wave,-0.19022638872704759,0.08971573278834297,-0.26667223470205925,0.2909363115543396,40.72169795688718
Wave,-0.22771372000882412,0.12857611318137013,-0.28215239282706356,0.5026594866698658,34.97350865260636
Wave,-0.24601384355442202,0.05672236025280795,-0.29718375824272636,0.4107561107697931,42.59796754751012
Wave,0.1857731332538587,0.1600390335571045,-0.3051584825589073,0.33065948164169323,41.04074810001357
Wave,0.11433609440551559,0.038356613238624396,-0.2939982825068058,0.33075852460589217,34.12519093636325
Wave,-0.2012389044185695,0.1679365994277541,-0.3442407213033973,0.5098115090904705,51.52597442367168
Wave,0.15328801625106647,0.1324676307750681,-0.38731617226749726,1.4339723590309363,102.83495147694164
Wave,0.4228298992327708,0.23831635106123183,-0.33537833677449813,8.549157235267046,33.932493497602636
Wave,0.12074964540305488,0.11498413080797845,-0.35612205917818535,0.28455069588584464,41.438990296738524
Wave,-0.22340586856091205,0.061664218002405694,-0.29251410070625156,0.43905117094926205,31.049805537041927
Wave,0.20014795067493188,0.09560804214110488,-0.4507877439285916,0.2774325105446954,37.397008056401205
Wave,0.15131488686488864,0.03790433973525002,-0.33729663081824407,0.28671094410904474,33.98560951699747
Wave,-0.18929752801569827,0.10051618504909923,-0.3588031116290473,0.3885390826658633,52.48374396196451
Wave,-0.5147884657938375,0.1284425551378593,-0.4110303133781209,0.471351037043762,33.46619274761715
Wave,-0.12846600197676628,0.12835380636147228,-0.44267881173483853,0.31994955673871744,46.11550532284804
Wave,0.09838717550549189,0.09117107308779013,-0.33447534600742485,1.0723380799044542,43.75871609520143
Wave,-0.11995716121620228,0.08297737201383429,-0.33226321777512746,0.5525696457257456,65.08689271655824
Wave,0.13424392858000822,0.07669630784571049,-0.3855733145393799,0.2486356493526369,49.13202714746969
Wave,-0.11198614956925654,0.017031662187347217,-0.33253315299832303,0.3127161395961021,36.60646087832619
Wave,0.12742305967406192,0.08752403688180962,-0.34441172661645597,0.20738671148246648,44.17450196662926
Wave,-0.5116411879407927,0.047216076054035085,-0.24582873653137866,0.40248490515967345,39.66939462930071
Wave,-0.17661524656692093,0.20542539945280452,-0.231378304109753,1.1334156740068253,37.169695231996904
Wave,-0.33827574902447277,0.1617481105845145,-0.4904241642641681,0.3136697554768306,36.851653684819816
Wave,0.10130374783625593,0.13224979982374527,-0.29321228252142245,0.3440055205196124,44.957726887402025
Wave,-0.33134746513416025,0.2313658587437497,-0.08927111043340011,2.0013698110834817,68.17512828157115
Wave,0.14482299670015975,0.06770596578855229,-0.3397499108735153,0.2852690851633471,38.75925917165805
Wave,0.3060654018945375,0.13646095695422134,-0.25017671341648184,0.5162359077312183,50.16916098421174
Wave,-0.1293863482360088,0.17871202020873794,-0.23307308199062518,0.4622385702575843,37.02933084640732
Wave,-0.07756132955556062,0.10685434272781076,-0.23122332603358411,0.38362019459195074,46.60159447035854
Wave,-0.4150735254495664,0.06886204400898376,-0.5280394612594645,0.3198615138143616,44.41975304585696
Wave,-0.5438621669559236,0.023621058206177898,-0.40355073614631,0.3610317892183397,43.41658677063569
Wave,0.17930556958700422,0.1674646495597171,-0.261216739973046,3.939720652502918,165.13831845195008
Wave,-0.24726299698473692,0.11111660038029639,-0.3529638427973546,0.45794430149957416,39.880226215947246
Wave,0.16676551764421818,0.22874591877181866,-0.31057745388732827,2.149246297620934,43.257066111854
Wave,-0.054979918683491655,0.08713941185982335,-0.4066463556865569,0.3797726942518943,35.73351636674285
Wave,-0.48855062231050594,0.07838311001634253,-0.28671287780306554,0.3608483518357887,40.73462069891693
Wave,-0.33037138100633445,0.05960620189736674,-0.3008419549466744,0.3034788608053383,48.41668648331039
Wave,-0.34554441144732506,0.06892021467805572,-0.3843743517040945,0.31935122886094813,38.38534391617717
Wave,-0.0818690052843618,0.043746966529066206,-0.4473937709186172,0.1475734995539411,45.2483230998712
Wave,-0.12022446920956165,0.013082039327501332,-0.1593303467256243,0.3126766691155734,38.115352170825886
Wave,-0.4751305617771632,0.02278463313930976,-0.2809227125173162,0.44960763413846827,38.86014057885182
Wave,0.1819006897236179,0.08719170088231136,-0.2848663017489994,0.33959717807884804,54.31802877247199
Wave,-0.22908371127129495,0.04557569242735824,-0.5143192620314425,0.42747828006874194,37.09285529163052
Wave,-0.37467072644357713,0.01984464895966418,-0.46092720321606817,0.41750741195796787,35.75621797242429
Wave,0.3451511477222657,0.15992164126283198,-0.2811737391735649,3.387139798049082,85.13415616754892
Wave,-0.16204276015996513,0.16433824185897752,-0.21960701556625592,0.5070351235717304,63.298868906305486
Wave,-0.27934796677638657,0.051217542139795534,-0.42422724285502883,0.3575201607075497,42.49153569028722
Lopi,-0.6042413940588078,0.07148280257672088,-0.24468741627689236,0.42700580861148474,44.19475861316654
Lopi,-0.24719011368975324,0.14551103057172335,-0.16229104353944562,0.5261146693740704,27.216492828846068
Lopi,-0.16464496562354372,0.1882295434370664,-0.07499754541885167,0.28150816146837976,45.73507241403863
Lopi,-0.39527820121709334,0.03030430730202176,-0.25693764656849816,0.3506749178381181,36.16478364585538
Lopi,-0.37574528641389,0.10275820418330055,-0.16374569201784697,0.4088826308351694,37.036927296322
Lopi,-0.5782235728120431,0.14400223726699207,-0.20624555345107512,0.35068685690362067,35.94019138372087
Lopi,-0.5064673774195187,0.059104319500357716,-0.06265791533546894,0.35464498040882186,43.00235497532649
Lopi,-0.5300231848184265,0.032328785715499506,-0.1313641435781713,0.44948674435126745,40.33994416786586
Lopi,0.14047271747949505,0.12975440204396427,-0.1572761096874808,0.5371535771844287,66.9138591999369
Lopi,-0.3518512515315033,0.14903454297660218,-0.14457693131336322,0.5042770994941332,39.48992871757105
Lopi,0.39162721713834847,0.2602512705306632,-0.2672718724239355,1.1816898810961751,70.12292560669587
Lopi,-0.3479834647600027,0.07124622974504553,-0.23691296703989428,0.1861807993207259,50.68921918164804
Lopi,-0.23627439658818689,0.08072438907897664,-0.092128059654686,0.39600474543527564,27.958911842892565
Lopi,0.1859705775058934,0.21018454152035332,-0.13998877453056438,0.5869330823249828,49.74952165288432
Lopi,-0.2610487813196223,0.042667900680286655,-0.21126460153445983,0.317618362386027,36.80731903530362
Lopi,-0.15178590875025325,0.2059383166181449,-0.11531029410129467,2.009132655501244,67.87069937608968
Lopi,-0.19695074735570478,0.1494621629391242,-0.20216325011155686,0.4057654839567336,33.17537774378928
Lopi,-0.4920975838835345,0.12111215181769217,-0.2993003444245953,0.3945100621225091,54.487583845716166
Lopi,-0.13424518139211614,0.07257183784007419,-0.2182519228360816,0.33711963989650734,54.12610801160719
Lopi,0.1619126675562533,0.13046310014548929,-0.13037817379809766,1.353561872092181,97.7894197954251
Lopi,-0.20928016928561877,0.11708026878304731,-0.37670901947076163,0.3760653311428459,38.76414657916095
Lopi,-0.3598700449582303,0.05894554167439094,-0.1785915710485703,0.41355027050257553,43.581197122861624
Lopi,-0.17746162205031618,0.09082020544464797,-0.38648519369603623,0.29651978220533143,50.471890185065135
Lopi,-0.4298566526850678,0.025832487046834367,-0.29088458434706127,0.3340273100326678,43.26911152844755
Lopi,0.2662224984223328,0.20640921559683037,-0.07212885839304976,0.799436789489331,72.59098381475985
Lopi,-0.3830153087320561,0.026880977447539967,-0.33949683614515985,0.28504585259595305,40.21993231300561
Lopi,-0.4007754631459992,0.027784634882569187,-0.3672689776653799,0.3183334688869944,41.21769365934916
Lopi,0.19830847715250316,0.1297523822029751,-0.18615619765368954,0.9951878659290487,33.06247921521263
Lopi,0.1333495846397237,0.18118311554249164,-0.01747040738180474,1.0307959615028706,52.46344294595835
Lopi,-0.3504942514350952,0.1938953666811858,-0.3089028915516501,0.5430345829616645,67.91100484620516
Lopi,0.32048072602906985,0.28599748057185825,-0.2831123933513141,4.004277435040392,163.9900824221564
Lopi,-0.18382806992387385,0.0973544693562036,-0.37003419064922216,0.3492822216989741,36.2702494625753
Lopi,-0.24590451273287456,0.22566746817138222,-0.24352423102960472,0.29076240077198806,48.605100116939866
Lopi,-0.359287395574972,0.27491252200736704,0.00921650323140185,2.317223402651515,131.6570407180941
Lopi,-0.34518290898152326,0.06846909413200034,-0.4368456521443599,0.22389198810635694,42.84308762192436
Lopi,0.09124184057001922,0.17742270467955062,-0.2845592902851843,0.524650722621124,33.20445675793914
Lopi,0.25576472663537986,0.07765842836263952,-0.32138069406658415,0.3472197460382644,50.1575106939313
Lopi,-0.09585156419963639,0.18980711719603302,-0.13993323904908497,0.47757829585581624,36.480581149810305
Lopi,-0.5087235979592898,0.04791063403891054,-0.13639844385573338,0.3544045351895386,34.05179023268916
Lopi,-0.11563407341652415,0.13222120064113219,-0.25046611498507565,0.37738375498699517,58.05001878494484
Lopi,0.15655509032967402,0.164731503730547,-0.30033725262308636,3.438610924764597,81.81321643656112
Lopi,-0.5423785819748804,0.21347361072946022,-0.21534006877606016,0.37088517744176086,54.58901256569289
Lopi,0.4304200520820155,0.18529794922811843,-0.1634991842446543,1.3385571477560545,80.55809069183854
Lopi,-0.5748137522458241,0.17676754482661491,-0.19102960225719787,0.5078799011726125,47.20179776696678
Lopi,-0.11752148383786991,0.10981073356776445,-0.24399585864623863,0.22649819697542686,55.70649014777526
Lopi,-0.5258825524979002,0.021889138781732615,-0.3716226480399509,0.4218795362668887,37.314592220894795
Lopi,0.13887267896540206,0.0988622272335899,-0.3286108089238366,0.2076858217774978,45.701087388109585
Lopi,-0.09818373253000753,0.07327986115867442,-0.25713233391980445,0.23311421258155687,55.73791218569513
Lopi,0.2932784062495839,0.15809304243344974,-0.08345367280873696,1.0249135279899195,48.00029653087588
Lopi,-0.3998900178755885,0.1658450157149175,-0.006796387352612744,0.39692835760037193,47.46178385825713
Lopi,-0.24611779920256188,0.03518595458213202,-0.20674302159813923,0.36199791260735464,42.35510861529004
Lopi,-0.2859756210197581,0.057298236014274195,-0.26388728047164756,0.36809347696797323,35.12530927170233
Lopi,-0.34106505261863407,0.05064846962361016,-0.1982149113770541,0.31512599141030617,47.710827659997975
Lopi,-0.21182426375378635,0.2419109553936052,-0.10426057741803826,0.3277127586391026,33.78120187314294
Lopi,0.028053726250722187,0.11946188717685406,-0.3240850915169759,0.22350321105963078,54.11672290091393
Lopi,0.16916420354556994,0.12056599103281058,-0.020619860305121633,0.4068513638123537,29.60063172067912
Lopi,0.1788272912520406,0.17059171158121594,-0.0976631339336867,1.9642287285061435,65.39974296505613
Lopi,-0.49379060896267885,0.02198601455351275,-0.27633030583780865,0.3711155875325915,45.95282644510848
Lopi,-0.21398897513095122,0.024894636074481717,-0.1285154175714752,0.24223890914442694,37.70847259738471
Lopi,-0.4259217660197978,0.026605199579314794,-0.3606088744929609,0.22546359160822424,42.383374112498856
Lopi,-0.23503910185625798,0.10245912423455497,-0.4655669259524562,0.2554966167562321,42.678055142337435
Lopi,-0.3106482502605997,0.024589454342568443,-0.19922267077871367,0.3429899019769991,34.475987021627574
Lopi,-0.14269870038011492,0.09496472022737613,-0.3962769875525077,0.3272299974334378,44.25890195986336
Lopi,-0.3349307623119384,0.06743981321128054,-0.2552660675401976,0.30307903073679904,49.42815020200936
Lopi,-0.19101242953467018,0.12901634458017427,-0.3199002308096124,1.4627214381769655,62.33482031275797
Lopi,0.2753953431361433,0.19300866385266477,-0.23450218120375924,0.5499170529228291,55.7966715570802
Lopi,-0.4855978800820375,0.20262558435643307,-0.2534752428739942,0.39788839894951245,52.25090332297829
Lopi,-0.7387111236905145,0.13273072327770385,-0.21007165706488223,0.40653996361398187,47.50402385558675
Lopi,-0.10526622753978843,0.15410721654026402,-0.16723889269444478,0.4063821008581117,32.85251265798706
Lopi,-0.17193281880051964,0.13626471068822646,-0.1629371118707807,0.42256584514877454,29.39929214483855
Lopi,-0.3996700553126386,0.038601198850858824,-0.2303305297435519,0.3889800650837345,33.962568752897134
Lopi,0.3118847969734159,0.15961826327765458,-0.303581229284781,0.2671735897605452,52.642270266211746
Lopi,-0.2842822665789012,0.2875144634617849,-0.20164221860377718,0.6922805404227792,69.4656380704199
Lopi,0.1492526881259028,0.1644432232479601,-0.1979334961196101,1.4209339797186669,31.45377968748811
Lopi,0.14621238129057113,0.2145311175598809,-0.3583472321055819,0.9514688595397605,88.24116217248147
Lopi,-0.2324611371310009,0.10447523681091356,-0.17627902432631645,1.2311378713084493,90.5306832739042
Lopi,0.2129528172546563,0.08781134688603089,-0.11090532685867119,0.8405944793716082,78.06118928128653
Lopi,-0.6183657286704621,0.19102207133550136,-0.14409550407007893,0.34802135423693364,63.61391652930607
Lopi,-0.15670196062971525,0.029549175591471244,-0.23823719656364786,0.36738986492810877,31.150131880363894
Lopi,-0.26581933752016895,0.011368839674113973,-0.34695530624326126,0.4058972675401359,42.280964187366585
Lopi,0.13161320390117476,0.16227910147746716,-0.3264920938078116,0.23173148475392427,44.3576472294414
Lopi,0.559979801399211,0.32157035622311986,-0.24796997155725198,1.5175694809034324,54.55422724123345
Lopi,-0.5302787677998988,0.1753925491978221,-0.19445176344954432,0.3681994143818679,53.656563595551354
Lopi,-0.15030901597335256,0.09509991725831637,-0.33174690923712025,0.46640838425006387,42.69941413803693
Lopi,-0.26413841949805883,0.12390061452219632,-0.08943577223875047,0.638563470985035,69.86205419416241
Lopi,-0.11583208040443234,0.07276172791168387,-0.23763625857176765,0.4467156812511136,40.466134513782826
Lopi,-0.15079049439691636,0.12737266230043381,-0.24112346162884185,0.45745883050141106,29.797319837730072
Lopi,-0.09640549758296463,0.08472100730565844,-0.2894803205978361,0.46000939647937655,36.31250653295132
Lopi,-0.24825827584416904,0.049486338560704765,-0.038708578036665116,0.3972213705645556,47.257876757699506
Lopi,0.29338910365125626,0.2308643549363218,-0.210198043224721,0.3321569671512549,45.11676400034073
Lopi,-0.2688029634144765,0.04741339373836467,-0.016025002905812803,0.45479965633109576,42.60274441742514
Lopi,-0.08317324023387346,0.15049177018166288,-0.06157065030603677,0.5435774617136295,32.900167804510524
Lopi,-0.3936069398722574,0.06963482414071094,-0.3682763381872257,0.3436374182119944,38.845263390568945
Lopi,0.27710135804984454,0.03566045694094436,-0.26232485296955177,0.2380491663731955,39.55269614356902
Lopi,-0.30335596086707967,0.2040913802483839,-0.05972446441424833,0.5464219708583545,39.250572130829525
Lopi,-0.07915046436082697,0.10155488932283172,-0.29310951395889884,0.2767013831395575,39.84401064389949
Lopi,-0.3236387179200531,0.27912917756337857,-0.10020977529217324,0.664216180644162,30.25555523658089
Lopi,0.08044264513069235,0.0385996952543978,-0.2808841056076346,0.3079154277407215,34.74612815934883
Lopi,-0.2903853780031378,0.11974619443617603,-0.11396867536687265,0.3198112320920176,36.33261338635811
Lopi,-0.5339641343793324,0.03287256278783872,-0.09528387226210322,0.4031641248486968,33.854681138152756
Lopi,-0.15939477527814935,0.2183987101253159,-0.13579101391533469,1.3011002597423744,96.43913345427447
Lopi,0.13266540484236755,0.09632521034474537,-0.2802195368896618,0.2893455066414608,39.87159044102058
Lopi,-0.6311563167346251,0.06560842846351127,0.08340865843125173,0.4678425015695147,34.89870239606623
Lopi,-0.38529623753731357,0.09079244880940243,-0.1673652329756598,0.3289603906307893,37.50113744008093
Lopi,-0.21731735532536361,0.052789231388237635,-0.4028344304676697,0.30590872299269123,53.602495802708546
Lopi,0.3666186697873278,0.1432109909206237,-0.2760477078207903,0.9362593798304101,77.5769778455811
Lopi,-0.4454977311649566,0.12444353840503844,-0.12520939477336693,0.4914288639366498,31.99145500305856
Lopi,0.19220746538068395,0.20976164183670507,-0.23201335715545085,1.4506465613870583,37.54381990776527
Lopi,-0.6040739848154095,0.22854098908435402,-0.1371047866746505,0.4109935573385236,29.296588631256043
Lopi,0.153692409720668,0.086021438218672,-0.22512189824774764,0.44103135137594945,37.58513254376944
Lopi,-0.2755290978528805,0.43096248085891153,-0.09379399195567376,1.4841823462552086,48.86435593007474
Lopi,-0.11961201823110759,0.13651432103104463,-0.2352210607402586,2.071818677400131,80.86329396776222
Lopi,-0.16305755805664043,0.20973076930377504,-0.26945188074866383,0.6603844032640761,42.949244395596494
Lopi,-0.31593283456731797,0.09167727781445953,-0.17883669212037004,0.31103505897585665,36.42354171380039
Lopi,-0.12183233969017293,0.030676472760174423,-0.18277133960969272,0.2479727355481683,41.64008858120504
Lopi,0.04407570702336784,0.0980086733147528,-0.26659029573627174,0.40966258783456405,34.12647399518121
Lopi,-0.19655270531963032,0.07036295783347604,-0.34653478631515083,0.23960057507993576,38.65643163106735
Lopi,-0.4773695266169378,0.052999890393843264,-0.23851607693455149,0.467369818254087,38.48714341310442
Lopi,-0.4280041139061347,0.08348966776014594,-0.29418917871977257,0.4766016408989246,32.27712794342419
Lopi,0.24336785280448597,0.07238538705616744,-0.06017544575821963,0.17237901081239693,43.43049567028483
Lopi,0.5456094803034399,0.18139990199591788,-0.1847655952073125,3.6742575335430363,168.42785026890525
Lopi,0.05174607254895831,0.17284741912049903,-0.22512634806899248,0.36953393938654394,28.935255871281623
Lopi,-0.09582035877501738,0.19481748034127983,-0.14888832726377335,0.4438869438626347,51.5733444793085
Lopi,-0.19015457844037933,0.21057488124937893,-0.23672302708482124,0.770118656670304,71.17142038074414
Lopi,0.09232672828534542,0.10621713987186457,-0.3407092083135469,0.5082607026039527,37.08710123855362
Lopi,-0.5027649901634,0.056122432303490476,-0.3287790934995396,0.3312430467799796,36.91446957915623
Lopi,-0.15882711726678914,0.17723920663840662,-0.10763553572127352,0.48876668889422714,41.372257003735285
Lopi,0.36190263760859026,0.19959526818339185,-0.03792521067955038,0.4190480462020588,52.941971674969714
Lopi,0.054344459427720176,0.2303113890795486,-0.14846681671483847,0.5372857817731356,70.54319040676319
Lopi,-0.15536594760646422,0.1828164145430866,-0.09889305278306487,0.8523105597829079,82.21842061833954
Lopi,-0.23805742364255633,0.10155868701088196,-0.2436777772660545,0.47725975485687966,31.943881565256234
Lopi,-0.2377925153217273,0.04551285188706032,-0.15776031157287496,0.38990708470303614,32.89200839627353
Lopi,0.28339574891018415,0.08512369935641836,-0.011906244130773269,1.2816132580424462,59.965627378455736
Lopi,-0.2793126997205793,0.13998318621000094,-0.30658448301282504,0.28552967569151627,47.39526166381515
Lopi,-0.6667652726294229,0.2826636188272592,-0.08094223487420933,0.41849744303317726,35.03473258196794
Lopi,-0.23854044452248935,0.047691440508475666,-0.13711866571556894,0.44564037957813046,58.390569839387794
Lopi,-0.17961232046456083,0.17161040384638168,-0.22617370391640407,1.1378819957019364,47.82106268621093
Lopi,-0.7415478698833268,0.09150043145930035,-0.15451512942325119,0.5130114387904506,39.886903886269074
Lopi,-0.18434731393952541,0.10529037057499582,-0.1910528007693707,0.47377589360785066,43.6608039493759
Lopi,-0.5085129808585673,0.12844851927379733,-0.10854260315356569,0.4670419867766586,30.764677121909173
Lopi,-0.20212577618715133,0.17980092359914807,-0.030473496023211512,0.43118105523050665,29.894083133027372
Lopi,-0.3750586884431325,0.14717190390438759,-0.22829293988353613,0.5214337353220181,39.92385163223842
Lopi,-0.3406497550351566,0.13786246308171374,-0.1370678047078572,0.3975334643996558,34.99589942551049
Lopi,-0.10712159687595654,0.022497938637601845,-0.27915903988567037,0.3652435195776521,34.49607817339984
Lopi,-0.31338940040681207,0.07200437694572172,-0.1406436843048423,0.43593690460239937,45.929936395821855
Lopi,-0.25082459643728205,0.11376564190295117,-0.1872272853414921,0.31457673484854975,55.645669119477674
Lopi,-0.4638289599076987,0.05491269370688144,-0.22012588210597647,0.48404136142685406,33.26221862856187
Lopi,-0.3922855804961386,0.029192467898245877,-0.33006478473978706,0.43603239819933154,36.30410546180688
Lopi,-0.24476877289222665,0.12084861390230575,-0.22783738611734033,0.44713067176997673,51.11094823559496
Lopi,-0.5796653554878638,0.030572405172801582,-0.1709559577745177,0.45189294627122617,36.890185595033536
Lopi,-0.06805624420555315,0.08728857290958382,-0.4006758211585057,0.19467230059212698,42.80817319157076
Lopi,0.26284581845729493,0.0819775694928608,-0.1725657990871149,0.31499338033565716,52.12174091701813
Lopi,-0.4438637040207488,0.0371961539127387,-0.24146468441477428,0.45367984203830725,37.5608739693987
Lopi,0.33184637462870364,0.1518103651425995,-0.30484792080684037,1.421022692207351,33.11268106421164
Lopi,-0.38613645865857715,0.2541886561481205,-0.32964235978253587,0.5531468943577166,42.08206367608094
Lopi,-0.28049786308905067,0.09207873214192516,-0.16156853646334937,0.42704053450043356,58.423789601815535
Lopi,0.2080055879264403,0.08998056098077137,-0.22912283099896477,1.3267262049904036,55.20700883476802
Lopi,0.1533702930882588,0.10461308887281609,-0.3348312160385718,0.26713145840185415,40.871142099570655
Lopi,-0.5426269446948099,0.08219247970895113,-0.13433608242489628,0.47518103883879104,43.30098467010157
Lopi,-0.15084680918922275,0.06274189084277208,-0.15737453465743031,0.549159752242178,67.14193664035727
Lopi,-0.4635456609763309,0.28314233947530026,-0.051759534459248885,0.37906912489170674,31.779097712148513
Lopi,-0.2503005950481617,0.2199463360114075,-0.09289169923954324,0.3015945174039459,49.49472832662476
Lopi,-0.37044680095314253,0.06557481906637994,-0.31129792496902703,0.47081341487476613,37.64497668096142
Lopi,-0.13727071402161323,0.03173127455705632,-0.3410227010015975,0.3676931306956853,36.11491370668529
Lopi,-0.47985487164179547,0.026731822216069845,-0.3080200891349707,0.3433721524989039,43.72924123789979
Lopi,-0.24855728876858568,0.026891693973764768,-0.3707011829537445,0.3799339352886731,37.06843105191648
Lopi,-0.09191792699804537,0.15538998239705198,-0.3252535575287447,0.5745059998451534,42.6237032245762
Lopi,-0.5866666149665811,0.2047140879085386,-0.20794755910979007,0.32987424608707133,44.12990164836711
Lopi,-0.3395222775549412,0.08160835138961967,-0.34075606709586115,0.39117605602789307,33.207193507520785
Lopi,-0.10748167840953526,0.22505203955895095,-0.19091434104330304,0.3767465998065938,42.7060605576353
Lopi,0.09717386352770173,0.07026282919983065,-0.3203347736405827,0.3719536866695259,33.14886774966958
Lopi,0.11627848757803277,0.1068510716368795,-0.11643263472193444,0.23113486401567201,55.89687541294709
Lopi,0.09138447965244971,0.13419919982770978,-0.3009186827497005,0.3338494005764527,50.473291229278004
Lopi,0.38600869441194574,0.11343900817502875,-0.03670857801624613,0.4383191541290574,66.95818323325774
Lopi,-0.2972041838356125,0.07945475322055993,-0.18102406890763398,0.40844448141152506,31.18607052588188
Lopi,0.23523211525854892,0.19016330454138358,-0.24176478552226568,0.8608392120532404,79.14814507904971
Lopi,-0.21440434173595388,0.09317702700372228,-0.05184176904571134,0.3299074390789289,47.96856751927956
Lopi,-0.5309546000459057,0.10833141749043833,0.019391455787389662,0.2669714353281056,62.23552560971004
Lopi,-0.37021341994692997,0.10241727656837438,-0.09342883899949557,0.5072778451564034,38.14767923347
Lopi,-0.3579961375720041,0.11159974798971314,-0.28240089312320404,0.3238941416382185,54.51136608552642
Lopi,-0.46050312373091695,0.04690394860711718,-0.23294012989367419,0.35962725050530797,42.690817850094454
Lopi,-0.277564878348989,0.08325314068356014,-0.1410680131706958,0.4825337924258196,43.04461134692478
Lopi,-0.20819240861898197,0.22642678332232974,-0.22313967830849585,0.3816241655036061,35.5316807345043
Lopi,-0.443197260577878,0.015431212463275359,-0.4256248996351739,0.3830136463823766,39.81729018863211
Lopi,-0.43187004291959574,0.05827262464475676,-0.26020421623687134,0.454104191540981,42.206325373058135
Lopi,-0.07831874813914513,0.10060072048870183,-0.24882317361800066,0.23866671788292862,44.18284541135425
Lopi,-0.29446213339394234,0.1638849238555384,-0.15211152935769728,0.4106971281177282,45.073230651238816
Lopi,0.18517762415843325,0.3787339864232707,-0.14186552028455846,1.420637225346784,82.50143964579917
Lopi,0.20988474701169535,0.1422346050932266,-0.05279470086863529,0.49456606493134014,61.21309902823545
Lopi,-0.07565287278895697,0.12767223376333764,-0.19827872302952457,0.25671239262530293,48.53794799017334
Lopi,-0.11857765605542094,0.056665348985250885,-0.11389697385510401,0.26044613709512626,39.842134938361866
Lopi,0.31091734519535863,0.10291058248384417,-0.3268737413138182,0.4632901477980301,59.0102253163102
Lopi,-0.07263911432135606,0.051324848692490786,-0.13305859673801165,0.35614002449195786,40.67043738617509
Lopi,-0.1326778163307075,0.034161708501509416,-0.12345970403480337,0.2830545377047155,36.84667503303225
Lopi,-0.6741377161353308,0.2420201256988471,-0.1740114986180396,0.4917359686222122,48.305457066749355
Lopi,-0.25158952547370206,0.1815981687702387,-0.35898426318871307,0.3625770244716967,63.88953749633756
Lopi,-0.5320938303416526,0.12466573858038074,-0.23386230502596594,0.3875148025668165,53.121993434965404
Lopi,0.1288644596406761,0.3988580475630432,-0.15154963894963547,1.5622939343364952,38.07426915155876
Lopi,0.04552589232526443,0.18276661710734907,-0.31383969808396167,0.31377317870204074,38.9583551635687
Lopi,0.33787562353059997,0.25400779613945046,-0.25967973176181436,0.6168660810223847,49.84970635714506
Lopi,-0.5733463203164993,0.1336381007890753,-0.110522754557516,0.5137722720452423,36.11509837441749
Lopi,-0.11722124812084833,0.17374650280417195,-0.06863953592352398,0.49830883584004754,35.62657613799777
Lopi,0.19964801695866802,0.25988991373342013,-0.2107225988112899,2.3019069841978568,135.67410401944647
Lopi,0.052665298734888726,0.14467784969144187,-0.22949709602869692,0.4693277960619239,25.36772884563455
Lopi,-0.39682361205499794,0.0915547717764283,0.04882577860618408,0.38573447506716885,52.610254424169774
Lopi,-0.4057018575339072,0.1537847266001018,-0.12415266852930928,0.3129658271340426,34.4074409351645
Lopi,0.48932666301084393,0.22407752981993978,-0.15083826132673891,1.449777807491226,48.910907819549884
Lopi,-0.2828529757122287,0.1937987600081928,-0.20298278217127574,0.5351569916718681,26.26154782494556
Lopi,-0.20614602302381263,0.08332726336355645,-0.1620966757313416,0.3764178768920352,38.06139209040582
Lopi,-0.2932868064754479,0.05404194847988734,-0.35138668840167087,0.433939702604468,41.6530580336754
Lopi,-0.05301665994727751,0.14947685328732896,-0.2993475917225461,0.28905845662942387,47.461251212647625
Lopi,-0.49178389031270403,0.23083119131238466,-0.14574178428851542,0.46744009134217945,34.70426870205832
Lopi,0.3157238445587195,0.12987737152559226,-0.18931091173901884,1.3947199932290146,40.555240739678794
Lopi,0.17336207362156578,0.12553383826054712,-0.28151878216571036,1.4385617166987443,60.72429640776811
Lopi,0.09788876866253729,0.10009138980441597,-0.2683120170178094,0.2575165724812266,39.601897731756864
Lopi,-0.3030894234176633,0.14649630365158256,-0.15205244385570618,0.3833912710677922,52.83682822218586
Lopi,-0.4074389179253597,0.3074777719984428,-0.21304710226258755,0.26773432850745327,56.364871522947
Lopi,0.14725303137853554,0.1328404103056844,-0.21230577054480387,0.8568427331384849,78.31937227829835
Lopi,-0.2781687692557326,0.16995030438491976,-0.29671476829608623,0.2694547223657509,51.59539398486462
Lopi,0.2893634945663826,0.19141590511128176,-0.057283843711463694,1.037573331916679,25.667194741482525
Lopi,0.3796645139278632,0.31299301021075576,-0.1977019111232385,0.8861633488332188,68.11670292984951
Lopi,-0.3691871426400603,0.15311341279354745,-0.24139021368176988,0.6476627735978058,78.53508422651113
Lopi,-0.3434474630209163,0.046180147328082524,0.04333987607384258,0.27672795305418607,50.563161463905764
Lopi,0.3220288328205908,0.16594949326686956,-0.17339535472686365,0.3292887336969873,53.905926960296384
Lopi,0.23017494605714856,0.20678289418098092,-0.2750740673132359,5.371365476945879,241.50974751843472
Lopi,-0.40564214853623776,0.34397869217876587,-0.03431066955710117,2.0185185951393523,62.38367792244448
Lopi,-0.2617065738057327,0.2274084421012895,-0.17250035242289094,1.3474897169140991,103.46400750126611
Lopi,0.06858559557113546,0.1892228089137222,-0.2621071691816397,1.0028537321860187,93.4568998384013
Lopi,-0.6523381054772439,0.0143006909905666,-0.07724024938806409,0.38770544668960305,36.89946239220505
Lopi,0.07767554022612926,0.06270128509645248,-0.22925051374035896,0.4042740238670073,41.836659204589814
Lopi,-0.3643804128312475,0.07282509780208898,-0.27151273710136375,0.38493167713135673,32.241875087713744
Lopi,-0.4670360234698918,0.06602197808315645,-0.3333660005533057,0.2742785797076168,46.17230416085171
Lopi,-0.17874022446939725,0.10582534765349212,-0.3735817024660585,0.5695994321508941,52.327854267380005
Lopi,0.0893344285252507,0.08088483991721009,-0.34769239795286677,0.31432707796377224,46.673444392219906
Lopi,-0.19989470172038154,0.24405363451406797,-0.008538078121822668,0.42734308257644305,46.80174572224948
Lopi,-0.2593712049814444,0.037205721445857314,-0.19030166621259217,0.384840536139115,33.611297670542605
Lopi,-0.14496191954375115,0.10577470622176173,-0.1644851749800182,0.37513664535552105,50.5407436370456
Lopi,-0.20862795995215677,0.1488123222588566,-0.1180215033524672,1.056260841895161,41.708351476796715
Lopi,0.14180220668721077,0.09391870278258906,-0.35440226347482123,0.394342347840111,52.73005888683115
Lopi,-0.3267604557667764,0.3230608320089746,-0.2162178204990776,1.2307431947370042,50.917940505463754
Lopi,-0.1921872691797245,0.17624297665752753,-0.10594013700438963,1.1596071048995116,55.39227850962572
Lopi,0.1822658142462702,0.022010175022680413,-0.33681645425195755,0.22252768375697912,44.39346767650423
Lopi,-0.09673358657486157,0.08579157698533145,-0.31974908051436307,0.35365358753521153,36.75588076286874
Lopi,-0.03348793627102476,0.06149201858239521,-0.36703059396019005,0.37160091885823504,30.873475635133367
Lopi,0.13137450082825894,0.13856392433547554,-0.31250468586032,0.45463318870566755,67.88460419216248
Lopi,0.09779470854347028,0.1442625041935494,-0.28473749087445466,3.4418288820392338,77.98634774149436
Lopi,-0.4143521121432593,0.1589690970244559,-0.17558216951608824,0.3169503304607236,39.17575551047368
Lopi,0.1690122914966229,0.26843412456280397,-0.25534901441121605,2.4091998443358924,140.28610028806835
Lopi,-0.29652435795222687,0.11295389404536618,-0.22951062761152968,0.35887529675673757,30.644194533438508
Lopi,0.2301237248992479,0.10199552825635347,-0.1636254518743545,3.947681669474054,165.55098982744775
Lopi,-0.1420134477633887,0.19027351550177957,-0.0858577463836424,0.410035197393045,30.555054693855965
Lopi,0.3409558564982081,0.35859105598607044,-0.2601967078091524,1.5257095342241032,106.52295883210958
Lopi,0.07284686116380538,0.14585204690874592,-0.19957616815021104,1.093061479254302,42.31175964485426
Lopi,-0.3003457002780482,0.10281412168839135,-0.27674549727574915,0.46778785594568345,34.23147396291662
Lopi,-0.22659253074348112,0.21156049473784438,-0.34088407727804415,0.2877933511296651,40.6843294210548
Lopi,0.2904142898738276,0.2241574024790724,-0.22974626995482683,1.523040788289732,32.63536206170153
Lopi,0.14104804655921732,0.060692107711568744,-0.3188199093528354,0.26882725542001085,42.38574782558857
Lopi,-0.4298066045740353,0.0737269447801417,-0.3134606523419698,0.37218347800205837,40.81764655397061
Lopi,0.11739934320762327,0.11009081310675169,-0.34903376931150654,0.5031857616507351,34.003694478140225
Lopi,-0.08572324571688031,0.034520379067338604,-0.25985063496658195,0.2969576876337664,42.14183786127329
Lopi,-0.08662975582065006,0.23577405744026964,-0.4484270777297331,0.4864522166162213,53.53192391974721
Lopi,-0.2229480758766369,0.09030616925254747,-0.30126133871163535,0.38821332791303537,36.49759009944968
Lopi,-0.3510000440851091,0.3171848246834306,-0.28151797604629547,0.36342463151619475,48.609807603934165
Lopi,0.09627592592356218,0.029627919694431532,-0.3085094150754962,0.3095623409862835,34.632581685875635
Lopi,-0.28923324040670845,0.054738943655122094,-0.24180215927608714,0.2588844156613246,44.55866918332083
Lopi,-0.09935605890368215,0.12916612462052363,-0.23007220406407633,0.3939466876221034,35.85675361635557
Lopi,-0.39717254241329747,0.3532498695411152,-0.18917242462449027,0.3505514898623837,43.9371944825492
Lopi,-0.22411436371160753,0.09034586826840205,-0.16381666970357783,0.28159373944336874,42.11760541590778
Lopi,0.1202984825071109,0.19064838640187792,-0.25281390318141733,1.3165326543227713,93.5385332321296
Lopi,-0.37952635245718536,0.0949013066287023,-0.12161887075478077,0.43323075833341207,39.96661063999223
Lopi,-0.47310663364492195,0.02719534233114153,-0.2717257557044146,0.268719531870589,44.20557783763957
Lopi,-0.15418443790586622,0.0663219561982514,-0.2421335924681461,0.33874959704334806,45.23210250050634
Lopi,-0.019311994204129126,0.0685344027995933,-0.28220728786824256,0.4327513568979724,36.8187917749338
Lopi,0.08815526287048324,0.04345468932162525,-0.23509834372843702,0.2977333282674843,41.343360732083745
Lopi,0.13405862567754412,0.2394887584263013,-0.2005599441426158,2.452431443739996,139.6870410262519
Lopi,-0.15651759700135576,0.07318922652220791,-0.18091774533433863,0.4273611997957925,35.524257133388744
Lopi,-0.39840578529108917,0.017276673894826778,-0.32969822303317026,0.27737644265053246,37.69411895607691
Lopi,0.29340983337470145,0.11556658253287469,-0.18531809420578893,0.4466342845605708,66.62482805407468
Lopi,-0.06139601227269921,0.04200442395354911,-0.3003449779496448,0.34096573296875404,33.94339720133362
Lopi,-0.3800804735217007,0.03057495730120525,-0.16566609861951262,0.34393948476091096,38.37786730523206
Lopi,-0.06701190210925313,0.24286305699127722,-0.15784707173766307,0.4524015638483251,27.426348538553334
Lopi,-0.15066231023794846,0.389057315461204,-0.24126519189868018,0.9777667724958861,81.80912227295671
Lopi,-0.1242558805131556,0.1525767629815063,-0.2942633602103723,0.3960760570758606,53.27387792028173
Lopi,-0.41018090637227594,0.021753358938736846,-0.16810381739273486,0.3275258224910954,36.99748793418779
Lopi,0.2675902860663405,0.08577251812096114,-0.26706963630815383,0.2206179526300327,46.010131533362454
Lopi,-0.28137145270253217,0.22103127289345043,-0.0801721129150668,0.42345464288014323,71.12772703490133
Lopi,-0.37259395784581695,0.043093228496891754,-0.38846586859340715,0.3968267141637858,34.53152474837992
Lopi,-0.1960169308658668,0.03247685777214426,-0.25049856054766734,0.34116649425017126,38.14366277496761
Lopi,-0.2566719716363508,0.16308955504848344,-0.20224716471050577,0.5174119601891547,25.718492833064193
Lopi,0.40752019038116394,0.011743541314014071,-0.00800550585055193,1.9058940819468633,69.08736232763516
Lopi,-0.21092159353621828,0.08898023815273873,-0.19641792864792953,0.3407449071131489,55.248362408273564
Lopi,-0.23655940504573209,0.2931309721920158,0.02102906900157116,0.4760997606200078,52.28527675002502
Lopi,0.08232982378264561,0.28184044507753475,-0.17071839517104173,0.36217526052734195,40.757163746612825
Lopi,-0.24274794510509126,0.1938097892047272,-0.3365430125759956,0.3739078497484991,48.99688954516907
Lopi,-0.1139244886755749,0.052760338040823765,-0.3103346976517782,0.3862344536635989,44.71297951348441
Lopi,-0.1357541775945132,0.15950730175355285,-0.0047990405425694035,0.5550166534498608,28.77573815475804
Lopi,-0.1861111873618103,0.036285550799225054,-0.27819294170866743,0.28834668959302284,41.94244771829204
Lopi,-0.5116401467911255,0.03295795648154284,-0.155826095630916,0.4087574398857436,44.16106351468795
Lopi,0.08414970515052034,0.315966404767611,-0.15381473721232172,1.0996421343321616,59.07552587606433
Lopi,-0.551587225054032,0.142043403058267,-0.1819654788806156,0.5716311702639948,28.904381654990807
Lopi,-0.09655819201548127,0.1933965905493195,-0.13115883493651748,0.3705052084193624,46.306595135857386
Lopi,0.17805484658253617,0.09268599412758352,-0.12356383471314145,0.42060299261626644,35.05825046945466
Lopi,-0.27956192716603123,0.11242013974626816,-0.3050950018978573,0.3528739378217257,43.15980194520667
Lopi,-0.29012370434842066,0.12829066802222128,-0.40910470573017516,0.2536822382817293,42.20250050373673
Lopi,0.13545739039121393,0.250149978774505,-0.029275721603239324,2.059237764099061,39.48817780867376
Lopi,0.18260528357460834,0.07030029740388095,-0.21700366635244508,0.3210979325615784,57.52344607423957
Lopi,-0.09672706450703428,0.1858296679946565,-0.19331200478808896,0.4405575061851406,31.940565390905917
Lopi,0.19462950426778125,0.0916181367042363,-0.12065861725296327,2.0571194791239873,78.51315615611512
Lopi,-0.3073967665629971,0.018986862095243397,-0.4165307367109745,0.2530380409433703,45.445824254005764
Lopi,-0.18731448153592534,0.3769993925452827,-0.2164661964371489,0.7968546933384296,92.75586813562353
Lopi,-0.1331831615139976,0.048530617656165155,-0.1308619634429201,0.20354494483583593,53.228015206709536
Lopi,-0.29612663345255763,0.051067888398927175,-0.2584362020905562,0.3516014387941673,38.7387799433149
Lopi,-0.2297091039849561,0.1567171942137168,-0.16704416427527768,0.8998968143258566,76.31898309896604
Lopi,0.3317934098568221,0.09155944427375765,-0.25365663968914937,0.41795639867609663,35.10651293101158
Lopi,0.19348951044396318,0.13652248013934368,-0.26569486685810073,0.4048246060566287,48.66658198412598
Lopi,-0.23686570464057802,0.16116265589826323,-0.1954695059294885,1.3761710511464564,93.61674916690724
Lopi,-0.4588949632140016,0.056838375015638584,-0.21552052777631217,0.3680993750339607,34.00548068551301
Lopi,-0.4133964365924381,0.07394994900320358,-0.2320973368097754,0.14565124516144712,55.66900984458862
Lopi,-0.3152384418341997,0.04754269053054727,-0.1650140692553317,0.2294769181987378,50.346856600257325
Lopi,-0.18138006179710636,0.22344053033260786,-0.07916208804014613,1.3206898037254329,101.56371189557308
Lopi,-0.4976405597393714,0.012263406336262817,-0.04841319436962155,0.3370290420855663,48.39697235634215
Lopi,-0.17323679852776713,0.3510162251775466,-0.03640039630954256,0.4521270321554331,43.11140724278061
Lopi,-0.17109298391483133,0.013761562550515836,-0.18902243731273746,0.2845111319877286,38.3074446584346
Lopi,-0.46216334378331136,0.06397478801403231,-0.20435241752702768,0.47153062708876886,37.29021821000279
Lopi,-0.12681846211907682,0.19347257999757378,-0.17464638589182918,1.426414492171582,99.60876108553536
Lopi,-0.5479627411883035,0.015498243248343164,-0.10221927205578468,0.461994494014317,40.87611250835609
Lopi,-0.148385849204701,0.09435979012212045,-0.15922561417769296,0.3224661930649575,39.16231723528783
Lopi,-0.15254379828023856,0.08491313523597085,-0.12259388254782798,0.44404306501367197,28.8835562432498
Lopi,-0.16455347422144997,0.1394199246598236,-0.122888138051309,0.43768917853881156,41.722557843024234
Lopi,-0.20651828661328958,0.1983230595005628,-0.06645138901170759,0.4414592982655331,30.426459379039596
Lopi,-0.04017006707124739,0.12042823506938409,-0.399372803462822,0.43892377635964763,44.095651243137205
Lopi,-0.4877047315144017,0.11506079855502163,-0.09000431089250001,0.40103872173859434,37.199114546195794
Lopi,-0.21899115569455796,0.1404865740515314,-0.1837080052780645,0.4074855364662857,34.29671462022717
Lopi,-0.3151590189943572,0.011840524501277663,-0.27986048899018195,0.2362032091616505,42.70089948580329
Lopi,0.15739854669506376,0.27733765064986426,-0.20548832591747224,1.521995022286666,67.92120660011008
Lopi,-0.20908065084320154,0.23084697257477965,-0.16298086906577308,0.9333807319033282,91.16717611398751
Lopi,-0.3370359067296892,0.06805105649106927,0.017821349532880323,0.3548142625547071,44.25685301937774
Lopi,-0.05990137967247339,0.03540267271678342,-0.2681000828629663,0.13684250608018808,49.11147305445808
Lopi,-0.06765869251176077,0.05865168517969584,-0.26763898769524075,0.37047491168330693,35.4374082964114
Lopi,0.0687763642129538,0.137675182654464,-0.21141056082845808,0.4213040572505768,44.757924593711486
Lopi,-0.4906261588057792,0.043761799442795506,-0.19350298551167797,0.4880410799417002,31.84418416349918
Lopi,-0.13657465576818273,0.05055600767882294,-0.29154018876778054,0.3598196410678972,36.63480521073988
Lopi,-0.5880576395728686,0.12220810713974395,-0.13370529912089163,0.5189110432881359,43.057841183763244
Lopi,-0.7105321884634912,0.2497251665088695,-0.07973109979090356,0.523029088275426,35.75427532886194
Lopi,-0.12238631586817078,0.13285146993576707,-0.22629334767783502,0.23320749633017657,53.4703782983114
Lopi,-0.05491066494083661,0.07097808662877256,-0.29251064060970194,0.29126787423776024,40.639599370222854
Lopi,-0.1342374177563401,0.0401000257457274,-0.1458419600196007,0.35299799574109,37.44218092853758
Lopi,0.14740120009278662,0.20055045144221717,-0.1562029288403624,0.5126469524602426,33.21131482061297
Lopi,0.09154588966332715,0.22988610281542332,-0.2727678581515805,0.5025932571838726,42.188796543839715
Lopi,0.06320715852827741,0.3052408505827852,-0.39629730963427384,1.149061357501212,45.90195722441194
Lopi,0.5095390474645556,0.312682093396037,-0.18666264373506514,0.6389728481566145,67.76381765793161
Lopi,-0.19749683145316038,0.15591268843887565,-0.3305929280944147,0.28378446678796343,61.09660617567499
Lopi,0.13088387109077657,0.007753832992506553,-0.2810122612714618,0.2152828235743767,41.77609076404237
Lopi,0.2739236734617766,0.05064441254152322,-0.2771582684797134,0.18277678658158844,52.985566022828344
Lopi,-0.5181788532283244,0.19675493352581835,-0.1662106985104743,0.4521643731285496,63.1536476740107
Lopi,-0.3561570033680629,0.10347846351370697,-0.2626342260862198,0.2743701846758051,59.28680513989984
Lopi,-0.1575201329142441,0.05527080394914831,-0.1885699236343064,0.49052334372453094,58.18872293220321
Lopi,-0.11208241697269242,0.11920236041781691,-0.23569286987916138,1.2951468069965097,95.61580905017486
Lopi,-0.5300925377879532,0.052344342815508905,-0.27824526873094313,0.3815827124141782,51.16482096510922
Lopi,-0.22682905220097954,0.10039735576363415,-0.2565021567376707,0.45568126843457263,29.37347947352021
Lopi,-0.4272572324955485,0.15728159200955064,-0.3749145983526497,0.28556534909618875,41.62674468544487
Lopi,-0.20873512361659008,0.03427092323287252,-0.1809486010874502,0.3272995386691384,58.647198435644576
Lopi,-0.09200031396473698,0.07620504553210945,-0.1457892640989395,0.2748884358324185,50.65779885488854
Lopi,-0.17926499377195343,0.18509910824676043,-0.334210788747713,2.123809804263983,78.87656769180033
Lopi,-0.22434960046862584,0.19837400336482877,-0.23811929593192038,1.4982166130913959,55.870180537322305
Lopi,0.1114251110294002,0.09548037577658211,-0.08012047258809883,0.3892041122037471,42.990661966020355
Lopi,-0.5395748712727909,0.017608832643430116,-0.25438575509722916,0.42837700832626346,40.0101878230255
Lopi,0.22319102965355908,0.32105154134862496,-0.2990476496460669,8.581852416483851,44.70391337079095
Lopi,-0.5530360910723202,0.17711476762863188,-0.2289924821287269,0.41185870359747595,33.77167350342954
Lopi,-0.5454185526397795,0.03609267594497631,-0.13107644128951101,0.41819674703623577,35.0381373313791
Lopi,-0.5958522824453443,0.03431979390886768,-3.654423110642979e-05,0.415940701657899,34.03599170777666
Lopi,0.08237014728316006,0.21963401418370912,-0.3328779955587961,0.2573658258620721,50.47559243400889
Lopi,-0.08916104541247755,0.13960521280039612,-0.210763381532688,0.3286201946121798,46.95316428430121
Lopi,-0.34187494559753767,0.12353360962695378,-0.1605431830521351,0.3172931070382342,42.690877378361016
Lopi,0.20620948241023546,0.06054304485345038,-0.13104148441974106,0.46521546151861615,33.07879400683216
Lopi,0.08512753378668711,0.08871669896532067,-0.12727203499454928,0.34060053318319483,38.43129324927002
Lopi,0.2432413304907543,0.14021777844167133,-0.24874035248967383,0.5030135501616626,60.26346280076599
Lopi,-0.30072173950385594,0.19766459610642723,-0.15446509025558205,0.3003394438087715,47.733087045938184
Lopi,0.35378019500709523,0.4830361374545964,-0.08596836904962196,0.534808540139898,54.95883622233825
Lopi,-0.2541979859216159,0.06860743722680933,-0.14383851532989847,0.43950678648959773,38.39055706079168
Lopi,-0.30004527779077833,0.020889128648719002,-0.11061195285512825,0.28266501028485785,33.66071095046208
Lopi,-0.47195537033758944,0.3556504925033621,-0.13034865056062928,0.5284961703045442,63.74366834328031
Lopi,-0.22482064164907217,0.022596549710128245,-0.13055948300171724,0.35411793673082753,39.69427774441085
Lopi,-0.22853654147639074,0.1093174266855669,-0.27010777245017803,0.2678129040027547,34.55018714683734
Lopi,-0.21115802312088341,0.1226164005691657,-0.2388379128364381,0.46334220722539526,29.799876286199307
Lopi,-0.4615767158199091,0.025428827028099666,-0.11701784057465359,0.44417426029571766,36.90523630099079
Lopi,0.4138534370526205,0.07289479853711979,-0.13044219770137586,3.9629160666155756,170.73732639168674
Lopi,-0.41624214940986176,0.021936816253592457,-0.10818257999382466,0.45793970116844745,31.777525006209252
Lopi,-0.3516409285177304,0.09196105431335896,-0.3243599628224505,0.3670325885225672,32.371770840234646
Lopi,0.06402097640271712,0.13853728879966978,-0.35322830839647795,0.44911696333069206,47.054902916443645
Lopi,0.048393063732891616,0.06500889690900201,-0.35035355144004615,0.2948454937656163,38.2013664930476
Lopi,-0.24295214879031346,0.045198540602800506,-0.32580593915894035,0.21842383462532441,47.718582286333664
Lopi,-0.3969322073033823,0.023033269190777604,-0.18808188718572708,0.3455642319505712,40.82153320694728
Lopi,0.4136802391627117,0.15127943026443105,-0.06668326200896073,1.3567568237928345,51.19731746089879
Lopi,0.16810526427248373,0.33886083071507433,-0.20930528522318217,0.49001503544122926,45.96074575329702
Lopi,-0.21858346097220227,0.09165397674870743,-0.11965032050239238,0.46865393926924387,37.8064394650961
Lopi,0.26396783597838697,0.21883247360880032,-0.19541274953142077,1.1207545935408332,43.47556238199963
Lopi,-0.1429611838529676,0.11458994069161048,-0.32496782735232255,0.27122401151383146,36.65653874207182
Lopi,0.2869707268305871,0.018619133749127915,-0.17740773232673548,0.26775397282698454,49.31772119858924
Lopi,-0.1523631597470586,0.11386922236052384,-0.2344682483414,0.4322856130608846,28.79123693868901
Lopi,-0.22998550604350734,0.04468044093939279,-0.2708537528436846,0.344664726639107,32.33814948693096
Lopi,-0.32878129395355404,0.07746689215525297,-0.11763577080198633,0.4212596077245952,36.72975007115899
Lopi,-0.6038593445569984,0.11435411089228728,0.00037398978683797436,0.5533357688975185,39.273417282657675
Lopi,-0.19610638262743585,0.19258180180504797,-0.25655539202486144,0.5159580213420464,38.82329780316613
Lopi,-0.3839386715580685,0.022809392178006385,-0.11665777134731381,0.14920464434111727,50.16826099624935
Lopi,-0.2933385801913929,0.16966490684877547,-0.44137219078827034,0.5504888475541156,54.26892458392122
Lopi,0.3072121598386377,0.12064808991586295,0.06134546172505933,2.263053438099324,128.32125022971798
Lopi,-0.0792094905320129,0.24991566396885792,-0.37730405373030834,2.148541013525312,70.3584687990804
Lopi,-0.41124351849179186,0.10206691526451532,-0.147083315546593,0.24393634682714951,42.26795369619112
Lopi,-0.3886623482511408,0.08673852593180673,-0.2541765115007675,0.3069345906769983,56.252322983976356
Lopi,-0.17613192312306722,0.18523113315840656,-0.05935270086951262,2.0631176397157622,68.49863534243288
Lopi,-0.35338615041863985,0.0608060416086114,-0.10210248753553523,0.39041207320034327,44.085882668023096
Lopi,-0.19715061921835958,0.028205007429565627,-0.17418935536982083,0.20717388076854193,52.00549940964854
Lopi,-0.29134849197955076,0.07076804099956269,-0.16193278589468754,0.4277482930238161,32.824241168400995
Lopi,-0.10604024612646717,0.2372282603800721,-0.16144897360186314,0.4799007711751452,42.192626849664194
Lopi,0.12141317536065444,0.2542876067675306,-0.2050169052323267,0.33186648240142574,45.506841731175534
Lopi,-0.3208628012625554,0.13382730120363223,-0.2217348098137197,0.4050160440389702,59.187399955628536
Lopi,-0.2491300029938729,0.07795144447968003,-0.23836596541513025,0.19305808228284618,44.09750151123299
Lopi,-0.0879991490694877,0.03258467114951336,-0.37624775409829053,0.2454093879097178,49.23173365631444
Lopi,-0.49235643389740225,0.23866680579391836,-0.2370170060747122,0.3802738538142196,68.04463385970409
Lopi,0.12058905904868332,0.09047763348100626,-0.2056093510098382,0.3727318017780907,33.42270230383917
Lopi,-0.4829574753950526,0.06393622380943662,-0.2481492929935372,0.2931387625800676,48.26566935089003
Lopi,0.15849700756361243,0.061641626890397636,-0.2168752504987572,0.3026015433501821,36.442398785813715
Lopi,-0.26526361825695954,0.13420271210556697,-0.013348171197860513,0.4878034645881692,55.092095167455575
Lopi,0.15716720348154053,0.09036710922285673,0.002231925756308197,1.0256456656008723,36.877138119959426
Lopi,0.38944737692864356,0.21904831248924572,-0.18787071521297663,1.0508447666837626,41.600796675590544
Lopi,-0.16802524774180824,0.20618975928443986,-0.2910812901928724,0.23327173877795818,51.91263539379149
Lopi,-0.24771864683498407,0.05363794473893089,-0.08810675109567,0.3912809458197051,36.18069800814332
Lopi,-0.49151633429082553,0.07935619055073165,-0.31729481462225995,0.35086729539103784,43.20718148463675
Lopi,-0.13201679347546835,0.12085934443614496,-0.20475666196220613,0.44423616614941264,32.72266649645218
Lopi,0.24232182249634282,0.12106164412482179,-0.07884333094326913,0.4227739070045501,39.2357955037251
Lopi,0.3231489908790493,0.10811660819870202,-0.298257384527069,2.086980829504122,74.80794277561559
Lopi,-0.4249308219209803,0.049956494592998744,-0.21250765748314251,0.31235814909106097,45.56612659387886
Lopi,-0.24261602149107087,0.04550684702483525,-0.22850065520426954,0.255217173288695,43.620101389528415
Lopi,-0.31181218161021446,0.14700724077973512,-0.2386210705465811,0.31181046404360224,37.6482260527935
Lopi,-0.5789066953179484,0.14089383832737046,-0.20900699007793622,0.31473209491909826,38.254504396156975
Lopi,-0.36850838032463484,0.10110677777632116,-0.2779929503593248,0.5161275853583643,33.38718169237733
Lopi,0.21170079121019253,0.08591510019458687,-0.3172666688436832,0.6322035473715012,65.58246015229945
Lopi,0.1712938958260833,0.2065941459264144,-0.36348471478273187,0.9459941138110264,83.54831434512178
Lopi,0.26022626221321077,0.21880368395257238,-0.2991722133420215,1.3339455669346694,100.0419895611273
Lopi,0.29812659354866655,0.11194190680923395,-0.2869642490953069,0.4172706001382093,40.950411245269045
Lopi,0.048220892882537475,0.037624929235698275,-0.27453240004395557,0.3416979566676886,45.42956438788307
Lopi,-0.29006322180376076,0.20961459212643835,0.010381934239153564,3.3901804627023826,97.38996174555564
Lopi,-0.0888483397007834,0.04318124456032322,-0.23231968860025376,0.3257567925389053,34.81674911866278
Lopi,0.10227651027711013,0.08045414122641033,-0.2908888257515499,0.1753304685040685,47.39586570885743
Lopi,-0.3003469219221212,0.04322625246367456,-0.22959577461555478,0.3026737123878077,35.953369015815966
Lopi,0.11027782842599332,0.016309084835029793,-0.25801981832722487,0.13154312384179534,46.69281879636921
Lopi,0.13883445517202334,0.07021024039253379,-0.18755220448956028,0.33481368499706,44.24164441959583
Lopi,-0.2590303783387517,0.1545635538587237,-0.011081126295047332,0.45055119892537754,36.85378112339665
Lopi,-0.4465348004461793,0.07874114421240394,0.022745931846133334,0.4006425012782396,35.76338576032649
Lopi,-0.3408006789532419,0.073033652931802,-0.12330587298560451,0.31588827855690527,42.29004545885914
Lopi,0.04616398771917009,0.06083504120808947,-0.29911950575349033,0.3883743985501868,34.427511940869195
Lopi,-0.08952013935377057,0.2064505814064404,-0.32993620886362,0.27774585120690304,47.17774647781477
Lopi,-0.22883444136610792,0.09135165325135813,-0.26120216837356114,0.38880330252486367,33.51437564710967
Lopi,-0.3586041306404391,0.0625458809223936,-0.4161028876979752,0.28113818651613426,47.52215098959016
Lopi,0.21091285525922782,0.27685916087275925,-0.23385506820903226,1.0876399516042732,38.08872046235353
Lopi,-0.41430463907570925,0.1563939889557921,-0.3312078511885615,0.3246185929614553,55.5335978775162
Lopi,0.14667781128414237,0.1021119256369318,-0.326426238647882,0.4867943550928371,64.75451875807319
Lopi,0.1472638945506663,0.34969951816601885,-0.19169882277652228,0.40673004273266883,58.319517738740885
Lopi,-0.2911410269502567,0.08395261786571219,-0.32567581773885984,0.26246434604917956,49.258231134105884
Lopi,0.2371530150246412,0.11322086147148296,-0.2043298817021225,2.0385723410018386,71.53757594677717
Lopi,-0.24270951552435363,0.26608899772672956,-0.09734242758306888,0.4058591027670675,48.1917811083129
Lopi,0.12788538173852826,0.14912572081217038,-0.20131568333392771,1.5133946583779938,34.49993436007219
Lopi,0.09554016561366227,0.1420554401887543,-0.16494253436233927,1.3606311150855752,58.97478436783854
Lopi,0.3998173569048641,0.43498956110236814,-0.2400943813870592,2.3692367256967843,126.5195616146144
Lopi,-0.2458309658935487,0.06255018075837687,-0.06975171090889065,0.2165992745844908,45.03270720268725
Lopi,-0.21236098724148195,0.20267522306609348,-0.27154181248489656,0.4644984569104699,62.926900300453326
Lopi,-0.32156594758694,0.18436510433657455,-0.29907210601924167,0.34102575237559773,36.93092408050614
Lopi,0.13511714324111518,0.11468512491269853,-0.10825508331403833,0.3387204261673924,32.563865209422296
Lopi,-0.19436424865388346,0.18211068706521494,-0.19497134893067694,2.034445866167625,75.97983260545439
Lopi,-0.416645622073492,0.1977574703928978,-0.1136406528098707,0.3553852237904856,39.98155305362598
Lopi,0.20133829469451764,0.2765436433011562,-0.08340128315444272,0.4646641156546694,39.41029566685744
Lopi,-0.1902582323088939,0.09415729850689844,-0.40390951078682175,0.26049523615002823,43.39535259136541
Lopi,-0.1893013231011988,0.09738360135426852,-0.337088154148624,0.3991759385255327,34.477096798936806
Lopi,0.1568080589174109,0.21963152906553346,-0.2770607572996051,2.122999378117717,54.43562410250631
Lopi,-0.21044392958599684,0.12990440662259206,-0.1299860589714299,0.4829648586586476,44.8932658523191
Lopi,0.17530436072622266,0.07697480205052358,-0.33347204591493285,0.22369995579959776,47.261483795599645
Lopi,-0.4360106348315816,0.18043860648607474,-0.1734511737116282,0.5764016522061154,31.893101304491857
Lopi,-0.23907934330183683,0.21985478322477908,-0.2712396205186644,0.6041832962873788,60.94906272583498
Lopi,-0.4033555962027956,0.30403216340999983,-0.08889259848331772,0.6124297952461072,75.61849015395251
Lopi,-0.37174404022621277,0.0705684736064304,-0.2750108097645226,0.4382488992212995,35.85908175640056
Lopi,-0.28070762284393486,0.12333395735319932,-0.12949493255759065,0.4743356567447883,56.88194153588206
Lopi,-0.6820001946026091,0.16175742568186302,-0.11970866349312341,0.48401242188278654,29.575614272455272
Lopi,0.18608755425892357,0.16966734742186224,-0.36351445877719346,0.29128418613007917,42.90067391602278
Lopi,0.1813581826502952,0.048334222511973966,-0.35775002499659625,0.1893835195038331,42.99995383865436
Lopi,0.18068092515702788,0.05463983990644346,-0.32444258010963756,0.32548921886159926,50.4260385934968
Lopi,-0.09531844498771228,0.07285092022712195,-0.07625777972581052,0.3353961547824593,39.649976437591974
Lopi,-0.13678247746072703,0.09595610961464703,-0.24789830441643426,0.41762838152925197,34.33828324290962
Lopi,-0.5545742316623858,0.15745804240087602,-0.22187067054116932,0.2798087180317976,40.65607026754275
Lopi,-0.05351148480196968,0.03982470811531732,-0.29274822962249986,0.38070390889935996,35.639861127118806
Lopi,-0.2305523589714698,0.1559461600642316,-0.09266269926790667,0.4109921876569235,30.791086640927304
Lopi,0.15366790056449026,0.2349320457626421,-0.33927238878919175,0.3317622602465496,48.65986126257732
Lopi,-0.44934025179012127,0.10449569545300941,-0.33402313661671046,0.29464551805740785,37.4033613785415
Lopi,-0.32067499334945415,0.378933183020151,-0.07775309509024962,2.0217821135497145,67.09664489347858
Lopi,0.21223045630635995,0.1067602004517181,-0.010127916062128543,0.8136175802336543,75.14553518825167
Lopi,0.09532060618431376,0.05400103819865628,-0.22704426542161588,0.38189425429865653,37.547511486280925
Lopi,-0.16086532636631082,0.3648590714558474,-0.12045389473341685,0.7707197707733496,82.66768699659208
Lopi,-0.1269430646979648,0.014609632929304704,-0.1450605698461235,0.2255504897334418,47.44021830643663
Lopi,-0.2654074963557688,0.22409935349643914,-0.10318554607649387,0.4288777978093993,65.57309160568713
Lopi,-0.06835718930037574,0.11244528669835156,-0.30078809814262125,0.3048228682679389,35.374696942306485
Lopi,-0.1235475064940032,0.06525553440838949,-0.24432756091918112,0.3818748432488043,36.01878034910361
Lopi,0.3555122221105705,0.15826792873575501,-0.06925628750311044,1.3505927502462358,91.71381724810414
Lopi,-0.38181129178749945,0.11370939548427686,-0.2250139658477313,0.3255001185262764,49.8564278922815
Lopi,-0.45029706201008707,0.08290631300275639,-0.33424259958386937,0.24274251302180438,44.94345113054274
Lopi,-0.18905919435557253,0.05096069215719649,-0.19453566430957936,0.3267961942275106,39.702632870352964
Lopi,-0.534321758067972,0.04188528192882436,-0.21327235366507918,0.45707949839369366,31.656622301569545
Lopi,0.15304486997078168,0.2657690155440087,-0.27488037876715105,1.4597167424443578,111.78997072915148
Lopi,-0.6234109575079994,0.21108074396120946,-0.13088218048387137,0.5200114804983257,49.82182608823622
Lopi,-0.39287985952096904,0.1314790488095336,-0.35725610985560236,0.36972572676938603,37.52135902035296
Lopi,-0.24116877859064223,0.3255612164699798,-0.061606768546797495,1.3278149196227615,90.55838159809834
Lopi,0.14537209156380926,0.0206098594939594,-0.3281821334158925,0.19808201156851213,49.84841222157418
Lopi,-0.3249303199461333,0.14717573044635174,-0.0681685993543015,0.5384179589972501,34.63987910711552
Lopi,-0.19603692136048328,0.07097957740197841,-0.3916690534535293,0.223915769945212,46.824925822116285
Lopi,0.04665751182478897,0.02794890435234838,-0.27763697957579625,0.3572561487035176,34.05956680172866
Lopi,-0.46805316683115206,0.005072172294475879,-0.16469268108225077,0.21331229817229774,44.59275670916938
Lopi,-0.19083317289844137,0.12056638210393436,-0.09041319954953021,0.4474830107869926,48.0709984935566
Lopi,-0.509837823720904,0.03439080787377881,-0.02542519874003808,0.41479020955736523,44.89398008598512
Lopi,0.48660562062435186,0.23198887559094725,-0.016670582522686016,2.2864606271333274,120.94028735521421
Lopi,-0.27112321724460975,0.10019522495539797,-0.02204087255730926,0.3499172375836343,57.69522891638954
Lopi,-0.4441583829766433,0.04381150732957033,-0.24576485054833352,0.449614908689357,37.922005609269625
Lopi,-0.43304985806339347,0.0690068246117415,-0.2307285197794899,0.36829423052846527,39.81824018936254
Lopi,-0.5770149403531204,0.05924132080121543,-0.16331009089604206,0.3359771631331212,39.756451256674666
Lopi,-0.6257545433057696,0.07423676709874243,-0.031411877284371226,0.47736071747321646,41.856413887272204
Lopi,0.10234335779800675,0.06835659856682313,-0.07444081860720052,0.17136406557271883,47.6568241496238
Lopi,0.2505775260852439,0.1758374405535145,-0.3729644091418166,0.48116305900990464,41.85213514181582
Lopi,-0.46221289017013256,0.06346426862134091,-0.29160343712152015,0.26224199206950183,52.11930817970588
Lopi,-0.21486839430624585,0.022914112517856806,-0.11561132630050082,0.38615767554701425,39.213486032997615
Lopi,-0.4147972915343926,0.01655585167409284,-0.3312402222100938,0.3799629086123746,36.45961253204436
Lopi,-0.2254619072255777,0.2514538717116771,-0.06065797382971964,1.5441031553618128,35.429135160793415
Lopi,0.22460795274535209,0.09209001690915382,-0.2658533459041845,0.3215929001880842,41.52940045760981
Lopi,-0.13553924641115228,0.33334345347978156,-0.2813085421637188,8.567721264326826,35.867426575571315
Lopi,-0.40848179637396514,0.13464254263768713,-0.32808149259504304,0.4032598584298864,53.458365727737345
Lopi,-0.11539254605658014,0.13276961093356707,-0.21889684602929366,0.40214849730613217,62.783493762020356
Lopi,-0.21322114660554836,0.13923782116468125,-0.30750814680198096,1.1514961891891105,47.33511875460738
Lopi,-0.3939539555543398,0.05796026133889639,-0.2262089146211248,0.39617888953661884,44.931191617883925
Lopi,0.17375467627070684,0.1178784091048943,-0.019398647780605505,0.39341031621095723,46.05111400117749
Lopi,-0.24376823947913706,0.16972185394640804,-0.31445412439321346,0.30957532958477557,60.764645713469875
Lopi,-0.18779467167757688,0.06845206036519455,-0.11845146166520516,0.2723234001368864,42.221869056904886
Lopi,-0.30763115863843726,0.05046963135451473,-0.0493643529104826,0.3090693154680487,35.40420369887595
Lopi,-0.4956514970236938,0.017371723341739427,-0.17022787103845372,0.38990128337377383,41.901758797544446
Lopi,-0.5548066163932854,0.09077771044770185,-0.20573920077219968,0.35957275854574866,40.373874742356485
Lopi,0.2878275706642215,0.1311910240696414,-0.18883241752455507,0.4345309321514012,49.54959082312658
Lopi,-0.32747164390260636,0.06479222229485615,-0.1715656034887385,0.4409653503467099,38.84102771371423
Lopi,-0.5156329889447997,0.27405633495827697,-0.12535534866201783,0.5510864819467749,52.19035853005183
Lopi,0.15466326905039302,0.15589409256263384,-0.22186063982875062,0.5129790634841996,32.286554572830816
Lopi,-0.1918784772422253,0.082490586575834,-0.1063445548754708,0.22836668228443843,52.0278692758839
Lopi,-0.5329208893896339,0.09043680061826316,-0.16839756754614615,0.4725963176054939,39.195455310210065
Lopi,-0.31935388011150123,0.13385414567678672,-0.11202117034130625,0.4817081297913041,41.70216074069966
Lopi,-0.4024136437152122,0.04325532815580211,-0.3700760084280707,0.4136570819507267,45.31027597547918
Lopi,-0.07741945742857524,0.11063716507847414,-0.07493600857168248,0.42630352679275085,44.997603272908414
Lopi,-0.18609388884885003,0.06701891792658934,-0.21587486765035852,0.4458644802921686,35.49405986552031
Lopi,0.21306443392793373,0.06179365770744112,-0.28242709942653865,0.23243774619531404,49.40265226848401
Lopi,-0.2044254934817461,0.10746764280674612,-0.06008536553989732,0.41280431537739326,45.0867681983984
Lopi,-0.6147159086562639,0.027882610274052255,-0.11139323825615549,0.47368321691185045,41.94451579283273
Lopi,-0.30649618394176137,0.10508554598407586,-0.26436031249724884,0.31770190468617887,33.99850146264203
Lopi,-0.3896880614564011,0.12957816788505602,-0.30980575921277287,0.30441146095179894,47.53855124627877
Lopi,-0.28556176683590295,0.10079954106496998,-0.2656565666392456,0.43531305266450804,33.57681811616497
Lopi,-0.17115855936025892,0.3102646201457589,-0.18667895078898683,0.9769849249302108,90.51499371370087
Lopi,-0.36465095421204496,0.0645042388419456,-0.28360877704455095,0.34386165538344976,36.742486336566124
Lopi,-0.11341349816005536,0.0517845101080641,-0.20149432122674255,0.4220665139965483,47.056452347613764
Lopi,-0.2742446639051166,0.04090337777512899,-0.16130053125957022,0.23949301278155255,51.868995856587716
Lopi,-0.594162454938008,0.06850740247268375,-0.1221020125739075,0.4547065275498649,45.78453842614177
Lopi,-0.2789581843934159,0.1172079014699815,-0.43028088718405566,0.23354753782444884,47.83868225175695
Lopi,-0.19636478802877014,0.3504655189068645,-0.1416962263703299,0.7678566102410606,63.29284830674395
Lopi,-0.09615259561913038,0.1312127645809376,-0.33555102521693075,0.20753410257655414,51.12106600416923
Lopi,0.19617511713331331,0.1231037013939319,-0.3284853822177016,0.2949493345456347,42.75960869981381
Lopi,-0.22497380208484508,0.1868780391681058,-0.2275568481991483,3.4397614838692405,84.96982989321342
Lopi,-0.21342570435157932,0.007710511980401175,-0.20274709432461493,0.3909166719551328,38.74468680377807
Lopi,0.100719285678724,0.14976268690026612,-0.0046940620272655845,0.3779914080064174,33.99987176854481
Lopi,0.1553026901462925,0.07244091794828159,-0.23129838249781126,0.33158279951463543,53.41064570437056
Lopi,-0.3476927279970742,0.047205238329425726,-0.2520121269184864,0.3459545334562979,52.4378451429992
Lopi,-0.15644958928556374,0.2224626834979774,-0.0017741511206140355,0.6832266509083369,85.64899402990822
Lopi,-0.29272805181279893,0.17948002777856936,-0.23171533832516172,2.1105552997238957,81.75294496661212
Lopi,0.05884364022063113,0.01634021900818681,-0.3711496498924868,0.27220163222133525,38.153767310336676
Lopi,-0.26470085442468877,0.06788458006920044,-0.00596156129001893,0.44234948546497455,30.805656708976386
Lopi,-0.222640603396768,0.07531547050442469,-0.32009314501917285,0.43973487358806357,33.51874497869861
Lopi,-0.2709421074374856,0.12045866958366043,0.0029285220569307845,0.5005704524913979,39.19534367104067
Lopi,-0.3178390954549966,0.10751212526567167,-0.25679783585730626,0.4904089988389089,43.01265968627648
Lopi,0.20473719558274964,0.09090753788202342,-0.2512040791462398,0.5383189300348461,48.247578722836124
Lopi,-0.4813089797567661,0.04105312787815675,-0.23254042816904544,0.3352825009313498,47.95685013363814
Lopi,-0.447370523290085,0.07365516559616898,-0.15730269221838816,0.3682970512990129,44.59151115332527
Lopi,-0.28437737809683916,0.25556701822924155,-0.27163840151676183,1.1731119108415975,45.06762718006282
Lopi,0.22181438515646654,0.046929550337850484,-0.2398389940754978,0.19372929643409134,45.02058034905843
Lopi,-0.4671761588896782,0.05268832026802277,-0.17592821548319693,0.41580328217379486,30.61150584121448
Lopi,-0.45524013626714455,0.06750133273011984,-0.12854992452225225,0.27553252386707433,34.067861855263615
Lopi,-0.41677220068607906,0.11841156118050393,-0.125876671826635,0.45475389439969005,46.96085430018705
Lopi,-0.29400120608504826,0.04997239606119967,-0.29371915550508554,0.3813327335377007,40.607817675337174
Lopi,-0.24510756711612214,0.23657676448005516,-0.16357245136046458,0.5376150891746649,25.321639741058167
Lopi,0.04980676808734332,0.0789124869977778,-0.3429912977600618,0.32511612732833167,34.94871370049074
Lopi,0.3813763835814583,0.16347627360488629,-0.11294802068332198,8.44570562583834,27.95055112516233
Lopi,-0.049767169849626876,0.20485602639557676,-0.06709614406722342,0.4912564978248432,55.26006104637741
Lopi,-0.11796773557738455,0.07892433244617543,-0.2785466986868458,0.41151872181713034,30.55142944222301
Lopi,-0.3410814907914716,0.0877888696447666,-0.2857941277914836,0.49740930624999585,38.3043452003588
Lopi,-0.10763110301104212,0.07841548577345966,-0.3548200628592005,0.311756815043756,40.75434632336758
Lopi,-0.4397137818124959,0.09944410773879124,-0.09362339042036728,0.25702367296729295,40.362761171747415
Lopi,0.44556486906112314,0.19442238298419726,-0.253342537909998,0.9523789178767238,82.53450119993292
Lopi,-0.12049628750275199,0.2552206694753433,-0.20635095583520682,1.4038213941842341,66.18771834255246
Lopi,-0.09154863665088535,0.056656096436284754,-0.13493102657879763,0.3838807371547865,32.85187784284808
Lopi,-0.5106331102708941,0.02145830725928062,-0.07460064628388564,0.4560383970174882,39.79989107010824
Lopi,-0.19182583190152167,0.11155393415086698,-0.2928852825114283,0.2690612571266197,50.0937743935159
Lopi,-0.09813160798915399,0.08509454416832898,-0.25806648908210406,0.3410379764011288,40.699577478196055
Lopi,-0.478516688947205,0.13026228183351177,-0.11697937647104238,0.3860641013492188,33.55640608516577
Lopi,-0.05612985194230499,0.13712118964325418,-0.2405037775323242,0.24147127967490914,43.77623729148111
Lopi,-0.2769361237232357,0.019192384584810117,-0.24191537948156155,0.4168068313126379,37.5154258028948
Lopi,-0.5696246214384105,0.06389845081297126,-0.3001774378606088,0.48195046591246704,34.7407956813321
Lopi,-0.3935372298448854,0.09698253109795056,-0.23795935699269272,0.5220599858927872,37.494135016860525
Lopi,0.0588636210166344,0.051377058734649414,-0.14029565816352502,0.3338263165875629,43.087496287446285
Lopi,0.15670222576537002,0.09459401888952144,0.01628526464699087,0.47934576100787346,56.413623458704606
Lopi,0.11649816797084105,0.06191054537908268,-0.15916222517093884,0.4745463277957218,49.58819491452786
Lopi,-0.5476182083056491,0.13075963581805922,-0.08344537104176322,0.28155953648504833,38.75601616906219
Lopi,0.221222687451795,0.10573121616758116,-0.07610490754244584,1.2858014300830651,86.90005186548065
Lopi,0.3027632627016431,0.2955617110628884,-0.18438108742574003,1.3728949835305728,83.98061686234819
Lopi,-0.378520029715701,0.21650320508130277,-0.297172422850752,0.29071268306893966,51.35605135539605
Lopi,-0.4235291094040205,0.037057124515873126,-0.1552539708917384,0.2678305291408786,41.82044511626198
Lopi,0.20814502637740817,0.10611669910533042,-0.24784413074369807,0.2742900063460703,38.023331879577434
Lopi,0.20288766510481251,0.19448155410773194,-0.2112324019576071,3.7404779181764,183.24252315913333
Lopi,-0.19847011212039037,0.04330882453378331,-0.32180512539282263,0.19690338438848642,50.00059087246242
Lopi,-0.22901215349952345,0.18525220354103586,-0.19370380857039882,1.5063196455293018,67.66356949672644
Lopi,-0.35846763433291995,0.11335077970174763,-0.202006124514897,0.3897683976060229,41.44125462039132
Lopi,0.38402996322323507,0.22103767249889547,-0.260753155837785,0.5920851819597149,61.545843866119576
Lopi,-0.3796925664899198,0.09712857984658241,-0.17993373191419879,0.39396037593336936,31.79807158643342
Lopi,0.16154193692531035,0.03175034394131786,-0.20498588468852402,0.18253564043386614,45.41752680343187
Lopi,-0.5392296268427756,0.13175329041985154,0.03864434924578502,0.5487108327198631,38.715269262449226
Lopi,-0.2986208380447962,0.030437317278678933,-0.23036416837302845,0.35157089925725643,39.41124541475331
Lopi,0.18547428063290872,0.40835505867102545,-0.11543386763420639,1.4230397638022974,89.4576046165588
Lopi,0.3449147764002628,0.3660491116496497,-0.21690116749789612,4.0233533970704665,198.857456061832
Lopi,-0.5094421293938347,0.10431775295254184,-0.17396083216143335,0.4674386121519293,30.61662074766611
Lopi,-0.23111422652843822,0.20681375787691197,-0.12705628013014023,0.4933364489360509,40.72728232674628
Lopi,-0.159214989831509,0.1199472667930492,-0.06410261686313944,0.44117014057882536,49.82495083656751
Lopi,-0.3867686257060878,0.055497080937644175,-0.28104033360171193,0.2411606590310343,44.64398869595844
Lopi,-0.4891109600587531,0.1885250524823984,-0.11343455722871419,0.46844510917244014,56.055965954300675
Lopi,-0.3899952049449563,0.21759022515997475,-0.17836613541493967,0.43766022806366145,69.55404515441994
Lopi,0.09378316221632235,0.08626394974484222,-0.2161984356728869,0.3787483516229772,46.53045356185788
Lopi,-0.19361558460124167,0.20951591261767813,-0.006375348434771638,0.49269967455453245,24.528710641211557
Lopi,-0.19742080784509475,0.07456461415958286,-0.18262485503892256,0.4397584366052117,36.066603349309936
Lopi,-0.34151556485071477,0.12670427387122704,-0.08713798104918652,0.3323666269860092,35.47012224857248
Lopi,0.3615598124273652,0.3836467707860038,-0.2269011496411889,1.13087109727233,56.94521998690003
Lopi,0.07201798257977457,0.07614006759727879,-0.2805226332661725,0.32103215128857115,35.876127088469694
Lopi,-0.6390276670065618,0.061299729785088464,-0.09761031626864905,0.4412773966191364,44.78962436256018
Lopi,0.11698234683214645,0.10929163893636909,-0.1340685072923086,2.0162932643880107,76.48656039037559
Lopi,-0.2399969894137135,0.09839070571667999,-0.25698872916591825,0.48250397673860385,33.143848362769
Lopi,0.09199326164395466,0.023695507526160193,-0.28876715486959037,0.23614151595086424,50.212564740928
Lopi,-0.32671950138662054,0.09003398788812778,-0.20561047825767625,0.43194847681122156,36.81817724568021
Lopi,-0.5343923010663957,0.02752006971871616,-0.3467527622170881,0.34758395174825146,43.10361613914084
Lopi,0.1202204063017076,0.11785183800762127,-0.15455646001717424,0.4443648642524464,31.744199018231406
Lopi,-0.4094699276327097,0.0707231433298294,-0.28695208085699,0.4846286991301817,32.34810005394431
Lopi,-0.13336158299081508,0.06512107789701302,-0.275316737626148,0.31346994350213886,35.947594761511354
Lopi,0.11141825199524555,0.06796441889650726,-0.16715129490151792,0.25939635905012065,48.75211308137694
Lopi,-0.28292950054317983,0.18074703133415973,-0.27791325479740037,0.3121691910220063,39.19976239251732
Lopi,-0.4676607964450228,0.023563607259786196,-0.24831042957363073,0.3816822043439286,40.936608420171524
Lopi,-0.3788509612798452,0.11331318292440033,-0.09079668497548882,0.4196425882639229,40.46107917460347
Lopi,-0.7056502709193568,0.1434838427136065,-0.2543495744032743,0.469163827460794,37.44845689876067
Lopi,-0.42729947045618016,0.11461205771562692,-0.4590666482243453,0.28784291419973695,47.474096605114596
Lopi,-0.027652251126126418,0.13420657024469407,-0.32888717334649725,0.4389594174401838,46.59733823007161
Lopi,-0.07515385729003445,0.045484442864506314,-0.3820837434814281,0.358000901250668,40.11356904205821
Lopi,0.2467958132490441,0.10172513581902379,-0.15892311300201045,1.3329420677370056,84.09983045547395
Lopi,-0.6993022285616122,0.14924691401744974,-0.14618370215324183,0.442497605633795,34.64367807073264
Lopi,-0.38703959947185224,0.10495103193765769,-0.24682902023258985,0.4012766848329668,37.74400015832474
Lopi,-0.47350159696688965,0.024519932300595813,-0.2965898449960679,0.39774133590323774,38.4999546956374
Lopi,0.1243678069719961,0.14522678012364715,-0.2299722780674664,0.34851687961248784,38.19816684840564
Lopi,0.2612213488170769,0.030054260162337754,-0.07658828604648849,0.22715863592210211,41.289545610631365
Lopi,0.2103297453403079,0.12171338818265773,-0.18030326328068705,0.24648083334503348,41.91056065113317
Lopi,-0.06339467111792656,0.07370945713832547,-0.0922967390120576,0.19854598954148234,44.670470511493704
Lopi,-0.48473326785556625,0.24809780651922386,-0.06480489815018357,0.38310807869750246,33.016772018578
Lopi,0.11117559517388273,0.09043712177644911,-0.1561227269646273,0.38268279082378576,38.60999406312654
Lopi,0.10184246682010394,0.03724881833374702,-0.35951289189149843,0.22686398443776862,45.849650314812855
Lopi,0.2070703552964715,0.11464836440535556,-0.22199569179284653,0.24362956072658562,44.082846353196686
Lopi,-0.5028754448830499,0.04616430968672512,-0.20050823930098116,0.2509538231497733,53.07095719687564
Lopi,-0.09503294274970531,0.22669975923582583,-0.20519628509944157,0.5962558838981666,71.29618693966647
Lopi,-0.1281306714273728,0.1304202691985553,-0.21825754152418386,1.9901231495894174,74.87257396591212
Lopi,0.23405931630014642,0.07386334747030147,-0.208432196526392,0.2911125923113781,43.99222590041654
Lopi,0.08979342360356127,0.08119512945057458,-0.30593883501764924,0.218068919164233,50.88964815143245
Lopi,-0.13742823733808046,0.10394610811178226,-0.21753464287276036,0.5131511765902385,28.9904149896791
Lopi,-0.5705047375537163,0.016447461759446606,-0.09803394463425157,0.4216950715840345,38.9700518347442
Lopi,-0.3131050756785878,0.07980987067709736,-0.34560541745936413,0.20669323565648282,53.21212606906522
Lopi,-0.13932618566796323,0.05520503148531938,-0.08983669375218765,0.45358713728956995,34.8699337605308
Lopi,-0.34128519189939677,0.1331303975181775,-0.4493833350770312,0.3513883356231124,35.6079371736605
Lopi,-0.25398217177443194,0.07501542026532675,-0.16819863618701927,0.37320801952755533,44.35742849508999
Lopi,-0.3071917788798353,0.10633605511105519,-0.30024981729192035,0.23966448497965082,45.835937478915874
Lopi,-0.2649714535678471,0.12076477865297511,-0.07165709787527444,0.46196848484289194,58.12675344090996
Lopi,-0.449384178577973,0.12541635729002873,-0.20899835218536678,0.4548330716785474,36.45244769797405
Lopi,-0.4301979685386963,0.13136766416820422,0.11511979297985314,0.28448667209383494,58.748713983267
Lopi,0.22212334277042506,0.2219386492309526,-0.015657617137266232,0.42278667621602706,36.16345561011541
Lopi,0.22316442432332534,0.1307603480771614,-0.11154090614134196,1.0061580820570828,56.46003144440303
Lopi,-0.4866030957390518,0.04191635352250478,-0.22493123411208235,0.4705205638098668,35.657126036709926
Lopi,0.33170179901853236,0.36101110121295227,-0.3038583569052582,2.1603256796315713,59.83819593775054
Lopi,-0.4997065564904434,0.08786801074273287,-0.2168604103054047,0.48248620880653886,30.935333764848853
Lopi,-0.5177113207102131,0.06009751425978651,-0.11994427828345972,0.43022945806659074,50.811203277260354
Lopi,-0.3141087515479104,0.04768591657875339,-0.24325753499800745,0.3370845805138927,36.12095555179268
Lopi,-0.18972408729100568,0.055870630803925195,-0.2407623454427404,0.3442728110093929,46.37771156898896
Lopi,-0.4301928159675501,0.056630680063678884,-0.23599392456782925,0.4651235763003277,40.094504993400896
Lopi,-0.40418691827936304,0.07485619481675292,-0.06227999956191866,0.4594791993678016,26.771631636481303
Lopi,0.23925498346720886,0.06860256346187345,-0.32152219016272965,0.427853955313236,58.763821596786826
Lopi,0.2238489986781052,0.03104293484821572,-0.22651007489934194,0.33734429559301443,45.06971078036988
Lopi,-0.13382221581196607,0.061987599108438554,-0.3444637681560827,0.39615795633524353,35.45952779955124
Lopi,-0.2021901102914393,0.019713291569836873,-0.4429026898926357,0.35477131846111637,40.691732370617686
Lopi,0.2975854702475894,0.24894003633353848,-0.16347314952746206,2.388457316248476,140.4203483066755
Lopi,-0.14339480429862203,0.23188089010490454,-0.16799692485632312,0.5431172578703901,54.43862017437727
Lopi,-0.18652039633803713,0.18405986398458224,-0.11598429375425566,0.3842604166722605,57.99906644306242
Lopi,-0.2327441671411304,0.06026343735278918,-0.32573559794972484,0.28198571431094643,40.59832682506124
Lopi,0.2460607895992702,0.04430806532370686,-0.08828544835692884,0.28590660796921014,39.60838992152562
Lopi,-0.3696891682120645,0.037646934106567005,-0.23752660993832186,0.34949536534841963,39.3278369639276
Lopi,-0.23599840535855565,0.17367983076038732,-0.2484621714910748,1.4999939014880928,65.93339229399658
Lopi,0.2403634174858243,0.09385957910249293,-0.30332198941724464,0.503460153424845,52.91054937081302
Lopi,-0.3381551026731363,0.09892326266024723,-0.1927959429992082,0.4566895263185401,27.89819776488992
Lopi,0.06055666705492596,0.032600089657559936,-0.18508698398200685,0.29795174350151593,38.25165878516144
Lopi,-0.39289717044694955,0.13642715700219302,-0.2279807853636352,0.2625383568980069,41.29158947283359
Lopi,0.2874569959149957,0.28635284008461903,-0.32616172483539546,1.134220554866158,45.392603855939264
Lopi,0.21867734394177124,0.19944995356802286,-0.07607229851616046,0.3644391248480805,44.89491040385501
Lopi,-0.3287050379669533,0.09070334658097208,-0.21151348961695593,0.4436010576475675,33.237895108918124
Lopi,-0.6909552658884277,0.2842447950107442,-0.06918452361391933,0.5183754278752671,50.74196639774199
Lopi,-0.22899045551731867,0.06031204327320176,-0.32440074960026566,0.27235851301228536,42.579000821169046
Lopi,-0.25274592705470855,0.040561919866902364,-0.21284069511230463,0.36717292720386113,45.43566198163256
Lopi,-0.43607505454654505,0.11152333326102126,-0.26666750570342584,0.32313864364171063,38.72875930143944
Lopi,-0.4927627247624409,0.1624272264414308,-0.09607131611933697,0.5845448778796409,27.959938443029465
Lopi,-0.17460359690540167,0.09063635973979259,-0.39508778785702264,0.449515783861619,35.41689563671007
Lopi,0.10020984292575505,0.1398164293154534,-0.20206345630937925,1.4323499355188372,40.82680511911751
Lopi,0.04253968168411914,0.03660461615030942,-0.07497245489705831,0.30676289430338055,43.60959586808029
Lopi,-0.5832248199665431,0.0745986622177254,-0.028961007979027308,0.45927626693235146,32.34472147257028
Lopi,-0.08735932414226666,0.06837379060091898,-0.30381572951192226,0.3815059856610914,36.318940169054684
Lopi,-0.7014189320026177,0.13646616952280108,-0.08452823047158144,0.32094937510852606,45.81055275677079
Lopi,0.13398303278262458,0.2782133984488618,-0.24982307738592066,0.5179760996539855,54.793106191984506
Lopi,0.10325511681975244,0.16476635357066682,-0.29214061764401233,0.6042535765711536,60.794466418738146
Lopi,0.20626609043609062,0.15242497178583322,-0.2771291771717454,0.40577719983729876,52.04085013381341
Lopi,-0.14584054274987746,0.1957668701315775,-0.2667252600928847,1.0945159168863632,47.180041863792766
Lopi,-0.10973755126849545,0.23173553496785218,-0.17191462721800563,0.37680921592331207,55.65611710483945
Lopi,-0.43588634151181527,0.03135827903572954,-0.06077000066888624,0.39281061204252965,42.25755232469904
Lopi,-0.1485385981519405,0.22415018153175198,-0.3305362034805441,1.4679978319952307,52.6541143556223
Lopi,-0.21647975454273932,0.19239308479587458,-0.054446239063565056,1.3392746789738539,99.22956593648885
Lopi,-0.2716109889653169,0.028543133968966915,-0.36184367173644993,0.39304051249669264,35.504357657900215
Lopi,-0.6094156781527265,0.08498627482032323,0.06794260770499479,0.4515625499676172,41.46546294173783
Lopi,0.10883135817438638,0.02730245460162444,-0.15412513514832726,0.23160944635994288,38.87152162728277
Lopi,-0.5361605468817837,0.1487537402212288,-0.17017001694129263,0.2936893268560782,45.74120084016719
Lopi,-0.27481977457572543,0.16099791969085314,-0.003424543602655313,0.4626038055263511,27.06547225871359
Lopi,0.2479527227282063,0.15709847194551585,-0.19888074659978994,1.4652688334597128,71.65120119535594
Lopi,-0.1904998769501106,0.1107734655587568,-0.07500400289102159,1.0682035698526124,38.204878140976554
Lopi,-0.5094551233308282,0.111527234450057,-0.09042000233412761,0.4985427464208857,29.62903365931859
Lopi,-0.2883457011106554,0.23443919081867398,-0.09414761831058092,0.4691936304932585,26.16821713881442
Lopi,0.09023118059833529,0.05013667184898207,-0.3207705591312712,0.3291639660542194,45.479843828713896
Lopi,-0.4425748850164913,0.0648056996047481,-0.24445006647189915,0.3206413215759656,44.2961644587098
Lopi,-0.3512347642810629,0.14142492208348525,-0.3332177952973117,0.24741926271980047,49.11486378781632
Lopi,-0.19609173219374282,0.23781397789403277,-0.3761231874607771,1.4352963137556398,77.43982095344465
Lopi,-0.2167036253825695,0.1968913380571669,0.010222026582891636,0.45371568727429246,27.608988495576206
Lopi,-0.2617375138746709,0.2322307120777297,-0.3228118544181749,0.2974992325728431,54.248226530216655
Lopi,-0.5378860875936413,0.07988520931828227,-0.2504392910667394,0.4038397691278415,49.852884743414464
Lopi,-0.12452057296422729,0.06703712165221053,-0.23626046365635112,0.3062422598803124,47.30342832193668
Lopi,-0.3314417031851975,0.06812114970919633,-0.44638489307754764,0.3823675961314831,38.498187615018566
Lopi,-0.23345611469399982,0.44153273545994604,-0.3048401816103744,1.511126031084973,103.56576930914976
Lopi,-0.32251187460482306,0.09597729707329916,-0.3066674150955154,0.2867457575714466,44.9490205731441
Lopi,-0.22913867903750296,0.09073847738753464,-0.25499817800659597,0.42407863765053544,39.46426227549666
Lopi,0.10124370518477145,0.1477866393513818,-0.1233128639352952,1.0985884837757276,51.5028320785359
Lopi,-0.2794780257693658,0.054711226576064,-0.19448008733705185,0.3971374886532119,49.96426118726271
Lopi,0.29449944615318935,0.3213762494892424,-0.09025707736250992,5.346262090041231,231.2616918691297
Lopi,-0.20752258607057847,0.15852925632866685,-0.2417389619712266,0.5255643481464687,37.80822372000769
Lopi,-0.1958684607825961,0.03710679515021218,-0.2348745008979741,0.5575983767681308,66.00174244445898
Lopi,-0.40275217273803143,0.05421583610591278,-0.10035232282863564,0.2383217420335463,56.07878602832926
Lopi,-0.40675820833079673,0.0961702834550267,-0.004553375917905288,0.4327113570069202,29.348632618257426
Lopi,-0.3103759404252164,0.18658402250974893,-0.11997413713963322,0.31618015360978946,51.00649659565209
Lopi,-0.2228349983760389,0.12184471429025663,-0.1791818939371438,0.4535061567425242,29.076589362314223
Lopi,-0.7111184563175896,0.11222609494641818,-0.08387520128692025,0.46953035980173496,43.428279832078445
Lopi,-0.13072715858969103,0.03903902027496277,-0.1381223208676052,0.2976556284292975,47.37951639615653
Lopi,0.09352642758256612,0.08916788411349766,-0.2025101008763354,0.5050505720747966,34.54753451401742
Lopi,-0.2780261287461113,0.5879422462297932,0.008767451471246008,0.5227849369775716,23.462504413854482
Lopi,-0.2761092470486975,0.24280474471083116,0.0011994133347241612,0.5691107557098813,29.527627245873305
Lopi,-0.4672685744027033,0.07116908672951375,-0.1494842395751237,0.36250944985722283,37.39818724232239
Lopi,-0.1472484123642988,0.1769012023129906,-0.26110551134135473,0.3060246112172998,45.25512437010321
Lopi,-0.16827546951617736,0.14036952062447278,-0.10459209837215956,0.45345007638725165,32.034131320404434
Lopi,0.10365664501561773,0.13399393860143421,-0.261391829979083,0.2719605040572158,45.18528451359457
Lopi,-0.3210277061004279,0.10784017647314456,-0.2507963371919528,0.252903904293569,57.16357746571343
Lopi,0.24428054273704258,0.1587604384640013,-0.26770127271701233,2.09313348219901,59.93232680300294
Lopi,-0.2736249050962225,0.1244256638259097,-0.16233017746684208,0.5094623373198044,73.94810793032711
Lopi,-0.3824248832299003,0.0757665878461259,-0.009986291002995456,0.4949180447529952,28.035006623691594
Lopi,-0.22674682390630369,0.2732051433610464,-0.06311654206529013,3.300483407957509,74.67093193563801
Lopi,-0.2252508959392175,0.026277802138463213,-0.41565464308414724,0.3215407135586938,36.51242595266713
Lopi,-0.5976366566677342,0.2941650352865393,-0.16681536681518927,0.47486068109177965,54.92291095022291
Lopi,-0.37942961416672516,0.29982097480616304,-0.1871234395705991,0.5197948444589702,58.128594641480575
Lopi,-0.4330986292396792,0.026062786415619987,-0.21045155127258872,0.4270427215038884,39.60837184196505
Lopi,-0.10313803818356417,0.11435939643412693,-0.22624053538805575,0.3861013722472195,39.4750380152268
Lopi,-0.3936591922600496,0.06944416101715185,-0.17832009192626466,0.39693944803230713,37.29642354970998
Lopi,0.5097378499703384,0.15445930329271004,-0.09403082465799005,3.6151296266795496,179.75287614595018
Lopi,0.2688229860562788,0.11432686490699254,-0.059194824595994046,0.8372222197656523,83.5576482187272
Lopi,-0.2821248693450118,0.012295051131459317,-0.2541363970109483,0.278255808495158,45.842458258256435
Lopi,-0.5324312860727856,0.029508338574245018,-0.2989954320352333,0.2788196967924241,45.64688065060789
Lopi,0.3360127116868181,0.3575841078915065,-0.2614769266331353,5.329524993846428,233.48337261642368
Lopi,-0.26186619369895975,0.06429301804755737,-0.3365436420767308,0.343801001820438,40.08639404330679
Lopi,-0.4581565700911494,0.04059836270988516,-0.10813435699236663,0.3622162908372317,41.40394980463729
Lopi,-0.15972879874381063,0.050727302190083076,-0.20793134068318045,0.3895422682285751,51.60950487881824
Lopi,0.10321331770484328,0.11681606189650115,-0.3115798287240456,0.3029265307593762,41.48348255848131
Lopi,-0.35989168376712766,0.07227895061286897,-0.11650249489055281,0.3477426356413721,41.637360308930816
Lopi,-0.2150504632224429,0.1543973093048968,-0.18509756039779768,1.4285354901273017,102.20851803549185
Lopi,-0.1936913592537361,0.13949715087819498,-0.19421676191303844,2.1204076471620836,54.83360097418262
Lopi,-0.21248521798186704,0.26122864879668395,-0.34299891064227156,0.2560221203459263,49.09630536466039
Lopi,0.21078314092623246,0.1519687547627484,-0.23629707231859298,1.4997203381234572,83.78847454508941
Lopi,-0.0847837750048902,0.1253354039415374,-0.16611995291333165,0.45600003073271045,30.45312092416809
Lopi,-0.4148118218880267,0.056635209419979425,-0.21588673485983503,0.35286515894900633,38.293364059807956
Lopi,-0.20955819548989055,0.07750350476107774,-0.336943583559722,0.41698612634194315,49.15064777435726
Lopi,0.15761584745214735,0.5510483469455607,-0.22121030880394865,1.5288511288036513,83.75788651292827
Lopi,-0.4176104548343688,0.05915176787369939,-0.22577562411498744,0.42069202347053153,43.4518729216521
Lopi,-0.14140876695809737,0.04040542103629831,-0.27260825041180053,0.31212743653310276,36.463897934173005
Lopi,-0.06519806050716075,0.050611162558931166,-0.32468062376833673,0.3631620836682899,47.955042178603506
Lopi,-0.296413479516794,0.0696999750069103,-0.281975083076554,0.3840710021294337,32.56708330739863
Lopi,-0.3633269443126172,0.1223283080095153,-0.12324656083659521,0.3059711761556927,40.59742207568819
Lopi,-0.7841961204041179,0.18448378719309771,-0.007787398352683932,0.6098173499497975,24.96892937935655
Lopi,-0.4302314000447381,0.048516284344674816,-0.2090044407375611,0.46343711720495123,40.07163974890333
Lopi,-0.41484316089535683,0.017635126109327718,-0.12893913544242247,0.3769250388743822,41.7356277452924
Lopi,-0.11343472496588525,0.08782363771262261,-0.17482626416351627,1.3978952345564937,62.69328867460292
Lopi,-0.15364810969611892,0.11540204971135334,-0.2040357334242124,1.99967187647361,64.88925923714855
Lopi,-0.4313563130773392,0.07883817109437884,-0.2691761571013876,0.2810084846745528,42.984098321051654
Lopi,-0.3382488598658743,0.11855742006268592,-0.010495360145029825,0.4206999929594081,34.142678245916905
Lopi,-0.20387720787425345,0.11154897414716274,-0.07213218261859186,0.40284958991486325,50.05257608761787
Lopi,0.13374739615406156,0.11544568679379222,-0.2765964193978055,0.3558777776742015,47.448634142839936
Lopi,-0.3149349166314742,0.02723171028342215,-0.39599507586604665,0.35367063655070297,36.62959970874249
Lopi,-0.397317852284612,0.08571443103036935,-0.2431786783236557,0.5020561979843884,41.67586641788339
Lopi,-0.12660692071642077,0.15966223659692497,-0.06542398354336801,0.5210823170005718,51.23922391669601
Lopi,0.08284758851468145,0.012574785011404268,-0.3393355149826107,0.1768768160337504,50.85356503695536
Lopi,0.15655453655426957,0.19643184874717584,-0.20163721183374328,0.4394324148048682,40.16434963269221
Lopi,0.23841967485075363,0.1253058600338413,-0.2170520429542267,0.9042711834943962,85.04190516473122
Lopi,0.08734641196367521,0.1633087503198696,-0.20800076656067604,0.31050032931803023,45.107358904688546
Lopi,-0.5955546802180569,0.22598087026841424,-0.2817383250338717,0.3388345188842888,37.00838321690091
Lopi,0.13861347023988752,0.08199730429376563,-0.2221428707582662,0.27750835544516994,35.88632907977477
Lopi,-0.21352029651807009,0.07769159371745676,-0.03181570271334834,0.4811036700337645,31.97910217710765
Lopi,0.19729006408230038,0.17319161310116854,-0.2366940903691681,1.3891171386317007,87.31026468220979
Lopi,-0.2592813570873012,0.03828522989352239,-0.14972338888407624,0.37166592962882516,41.63124769546291
Lopi,0.25350929471059214,0.1873839799984549,-0.088809232018871,1.417329390524288,29.979266370277507
Lopi,-0.28101389599264087,0.1066472941171717,-0.08836106711083032,0.4389428931576951,34.886958805476525
Lopi,-0.1310432896463469,0.1993834301403647,-0.24930670944939184,0.33983522207988476,67.32302822885408
Lopi,0.23009559456603418,0.0900750033446386,-0.14195303102259313,0.2835346581954648,46.38226448741358
Lopi,-0.45327962077864514,0.23370206025809148,0.033586397134632365,0.4600141059972308,53.66805333924805
Lopi,0.128173285787735,0.11322121701896451,-0.2564737171719665,0.5620141293623131,65.20208605879353
Lopi,-0.2199093915551198,0.08669835092875036,-0.23548359816107925,0.421432457847191,37.24487289644131
Lopi,-0.18605319200268466,0.13537947650674148,-0.24877861692747413,0.4713735893088505,38.941661245026566
Lopi,-0.2711245424374045,0.11148209905961041,-0.23470685986822987,0.34894034681135616,40.84210599752081
Lopi,-0.6098252262636374,0.016664407836424266,-0.2604662467152261,0.3689566735024888,40.61990272835688
Lopi,-0.10803921448506078,0.2195945440062351,-0.13433437417757552,0.5029134984674626,38.93826443561511
Lopi,-0.1285148231486782,0.25468102682123284,-0.05455483971056143,0.39338486732971345,44.14855227845085
Lopi,0.36889015155432214,0.2684009100047443,-0.17535053937235504,4.004521367317281,155.31974330046955
Lopi,-0.21267160946940888,0.11804841406204916,-0.2182409994726537,0.572816255592562,61.61772272275465
Lopi,-0.3296671666658183,0.2125497969336604,-0.23050522506942914,0.6820066651979714,75.37521627703275
Lopi,-0.11768406939181658,0.043380416831294774,-0.23041515261442352,0.31420243696249467,35.03842672332721
Lopi,-0.16750233531317882,0.12980689138731538,-0.17923506178015772,0.40007901584558403,36.586745490409804
Lopi,0.12904417457761466,0.21428968583013747,-0.2647587540161996,1.4080588603667983,100.88301996735369
Lopi,-0.4266299872546781,0.0878178678748901,-0.4283742022791222,0.2771240855865245,39.89424020769368
Lopi,-0.4729120772512089,0.007077463938642947,-0.10588276743196795,0.32132315093172487,37.73059085750463
Lopi,-0.3985887564273374,0.08187986406435242,-0.10176230651216485,0.3328602450269133,45.78976259210285
Lopi,0.1823400633030178,0.0948773732153125,-0.1484739575319559,0.590546987450791,70.0835654738653
Lopi,-0.061820897753080375,0.027606154922810527,-0.14452590100051677,0.2383679291581451,43.48523281624813
Lopi,0.22138734049928246,0.1564738761639984,-0.2113155189222349,0.47918916095720304,54.44766600311668
Lopi,-0.18269653067471062,0.09221684045006415,-0.2694341269265435,0.4057979281400213,30.403708461785598
Lopi,-0.10434050017383333,0.05337235196430769,-0.25135264798701534,0.49462545706371275,35.52826442891335
Lopi,-0.2912837731173842,0.10917895226664118,-0.2549318124896466,0.4832189088019116,45.76701379568895
Lopi,-0.196919956689705,0.11993610448395878,-0.2742017807454901,1.4673462527629217,61.85443696176834
Lopi,-0.2889736581785441,0.029434852600193663,-0.0945193616132585,0.5574871460491378,66.76601992811433
Lopi,-0.18978870633135164,0.0531221729014004,-0.2519995742324805,0.38939693407924025,38.75320433653778
Lopi,0.1911749000334847,0.4468918637188328,-0.17476153563873845,3.9329824209060797,174.6122800233027
Lopi,-0.3040206196012871,0.04879327302648702,-0.3345109120549056,0.3258786269919282,40.481585089141035
Lopi,0.14899400591309198,0.03344956555986176,-0.2519015633516599,0.4898082896765835,47.2804079493272
Lopi,-0.2462763501636354,0.12895222521463454,-0.2754719527681652,0.5126717637337544,39.61984487113813
Lopi,-0.4263580725543765,0.03537826334119011,-0.21830403394494347,0.3281616540487435,46.4885836924366
Lopi,-0.1004731782696192,0.061854199977761315,-0.16587096161160006,0.33639502360198,51.00523070404862
Lopi,-0.4843374328989769,0.1636775857533895,-0.28461037893021063,0.2884529244497602,43.40082062426614
Lopi,-0.13235384532872765,0.19132016365214008,-0.25158618165534646,0.47132638232603596,40.917913299141055
Lopi,0.014681158965786815,0.11398215047120006,-0.3292472599665275,0.27599832089272786,49.928280866484705
Lopi,-0.27076313540786884,0.18475405579797738,-0.04200299225010462,0.5452471068681846,33.281689364088656
Lopi,-0.09097248956326802,0.12292802970165081,-0.1738295508344766,0.36027566342167106,30.234172038652112
Lopi,0.3936694039821431,0.1737286772128314,-0.17011801132853102,2.10303948750251,56.95788698744353
Lopi,0.12334928695036185,0.17545513610786637,-0.17212328149987408,0.31576965061938594,41.19287545166111
Lopi,-0.5964639284160436,0.08742414587604373,-0.10732496766465689,0.3804752997649597,35.93720855791743
Lopi,-0.5630041799286124,0.05450867373765396,-0.24329502009391518,0.4413577713929566,39.23816146889638
Lopi,-0.2058909411815271,0.25899874011105817,-0.22514612489066435,0.610781980534328,32.86986548285766
Lopi,-0.22445528522465188,0.21955418646439684,-0.2186844518490665,1.0231783845243207,86.20553339027299
Lopi,-0.2290018465957862,0.16164856203626712,-0.28023909769718064,0.4024765275265426,38.68527166833466
Lopi,-0.11584449525609447,0.04141548952027311,-0.2341536506132598,0.37144468769933753,35.69306885201971
Lopi,-0.15126915627360132,0.05862894269025026,-0.37038267972309546,0.38080805682765917,33.7241545794374
Lopi,-0.2801088396325062,0.06982368480503463,-0.15691479263737446,0.278985432721693,58.052632741355104
Lopi,-0.37316016097341215,0.1406493855284947,-0.275098090680624,0.2798171601284849,48.01660469209351
Lopi,0.07035199006884005,0.02447831088308742,-0.23962117177676753,0.29965306621487714,42.773771938093304
Lopi,0.3286321157729603,0.12073051030727674,-0.224876261264847,0.383435510152041,54.54699074468705
Lopi,-0.24073393195516188,0.2585789688544617,-0.2327976940677459,0.4438404125797918,45.30164867613808
Lopi,-0.32403487244759366,0.02413306935562578,-0.2785255533927233,0.41767753311483224,43.38984556980697
Lopi,-0.28032342300558283,0.17578289266134967,-0.2740006237130709,0.6314613427808498,62.77739128314647
Lopi,0.2281440032322867,0.044573441966381376,-0.2868023231210149,0.2783794065494236,38.15641836945316
Lopi,0.3775238968208138,0.4483637677341961,-0.058168350245896824,2.092923790951094,84.71818056159086
Lopi,0.17207529160202473,0.34397716578799165,-0.1792626927507308,1.4459639019651722,46.389300791119986
Lopi,-0.5275748547557142,0.22863882100376576,-0.056497860401760705,0.6095511741880846,22.42112625935793
Lopi,-0.5392716052585337,0.04676313189489681,-0.19166728545243544,0.33366761388636945,40.535345618369625
Lopi,-0.2773096853909826,0.19740810521873625,-0.168985554397697,0.45645590679379766,36.45452357715453
Lopi,-0.14907442333920895,0.13876271417250108,-0.3908482858702333,0.5930354931226065,44.80747502735839
Lopi,0.20596068131455603,0.11260432971687236,-0.19775181217190724,0.3467519228797605,53.082977032328955
Lopi,-0.28187194229480494,0.19846611519735985,-0.20889779755720375,0.3047469468571166,42.278621917401
Lopi,-0.28770329390728117,0.019396472392496058,-0.2864001309852473,0.3586922267630015,35.07589728386713
Lopi,0.29136217187913066,0.0626594882682917,-0.2914135028238396,0.18868655717011357,51.49513762869873
Lopi,-0.4667918038560649,0.062047420821574696,-0.14515194356580835,0.44948845823698375,29.627140297308074
Lopi,0.12823978680341488,0.19523406539963814,-0.1408909100367637,0.5881811637379739,31.55459552865372
Lopi,0.10117628472682022,0.10156505825238457,-0.14973051831798823,0.5097030386296455,51.56894876811997
Lopi,-0.5680800703056151,0.04064990253661544,0.030782756775704353,0.45465940525045545,33.64891969016233
Lopi,-0.6330610402390071,0.09384065014848567,-0.18290140495202672,0.4793181086688759,46.97023080857165
Lopi,-0.16897255828444632,0.03800617522117895,-0.38656076200565775,0.2685683375708663,40.085718660893804
Lopi,0.12447706823624685,0.12180077492257926,-0.1872907989374547,0.35753462653191914,34.82347490380691
Lopi,-0.060330024494123786,0.10232857181836619,-0.22250489349287136,0.4513138040213643,39.58483151254174
Lopi,-0.2698162044254694,0.19759066499103345,-0.25220291622647234,0.3737847749194549,31.83065124562794
Lopi,-0.09388055076764276,0.026328419486254723,-0.34011853534189057,0.3089838719389542,39.3814494782134
Lopi,0.05769870465740894,0.017467837715391753,-0.3064389536630372,0.2610435932459768,37.419077300188626
Lopi,-0.46831550530058796,0.0859354067501756,-0.1745850821357705,0.39997049637502563,36.91706687592799
Lopi,-0.39023690360588154,0.08998055961905209,-0.3842344016642483,0.33548096492904284,45.24764231935022
Lopi,-0.41173802914173563,0.021768543897608097,-0.1367289698814581,0.18822085863812454,54.429889584047025
Lopi,0.31640390523817535,0.532035334050228,-0.2131328585749322,3.4413264065325224,84.97777015329412
Lopi,-0.22415277331605526,0.29121739374022054,-0.24476444384094362,0.45358206388645395,27.556377903678143
Lopi,-0.3580488016597661,0.119190275055578,-0.23333303528119176,0.3347129865124289,54.088303966506516
Lopi,-0.11878182861731706,0.35348607662128073,-0.021079468697379693,0.5847838115491606,37.68400332525251
Lopi,-0.13339994972482738,0.024321543798228103,-0.41591939367732483,0.2991619231590822,38.812732510557765
Lopi,-0.07075780155309251,0.047182188187481655,-0.23360597220658105,0.3703152278176396,42.93555063264646
Lopi,-0.3906162872218642,0.1455944075078574,-0.3319893988733334,0.4323772770459274,49.84672103751118
Lopi,-0.16174055786854302,0.1780801042991636,-0.06260636513238316,0.4385727718878311,27.324182021228644
Lopi,-0.3888727830179145,0.09204226275679829,-0.11942650007922737,0.43614734304224395,30.268455627245423
Lopi,-0.39434726096248385,0.19306463969082094,-0.09111294398714752,0.4765820132585661,44.36254641598764
Lopi,-0.15872749014127754,0.16636612099279297,-0.1981487331844381,0.5480004251293338,60.60942701116982
Lopi,-0.21580011663805,0.05666836445141149,-0.22657832478888074,0.3867474646915627,32.459530834700445
Lopi,-0.2304753456899969,0.0648402946689148,-0.24991812314169665,0.4688303766636778,38.67555300445612
Lopi,-0.11113723129936276,0.014085314903598812,-0.04329815933819283,0.2355949379144669,51.21663146435063
Lopi,-0.35078987770077386,0.08009165325626304,-0.18561367487905014,0.4054360450108135,32.36862408436967
Lopi,-0.3270262096801928,0.04366626247397559,-0.1908335765125546,0.339111791654733,36.16848982790418
Lopi,-0.35342714961385,0.11188030052818895,-0.24859645018779306,0.3116196304181553,59.2322438753248
Lopi,-0.13224789322269356,0.02714440967126993,-0.3176965015887951,0.39875491225062776,38.09712709932615
Lopi,0.40121547012354514,0.14137984998282144,-0.1904906805247832,2.314523349839556,133.64641831695866
Lopi,-0.1931570520139585,0.1937030252105929,-0.3017569330261381,0.2671940311854917,50.153364914829574
Lopi,0.3561341649400771,0.17797882385968428,-0.19383372646552205,0.5224289194876585,33.30277962489499
Lopi,-0.06828725367047016,0.06290809995127986,-0.17049234417005277,0.2007649040082046,39.518743102206166
Lopi,0.08814939909221206,0.04926504882958802,-0.3442425792978907,0.24007442145999447,42.77057582081541
Lopi,-0.24111665921465886,0.014331538519313103,-0.3073710028575706,0.3000604703405679,42.10068360702405
Lopi,-0.2878578941594693,0.31650098937605003,-0.008132694538550991,0.4716513417704328,64.10675223681595
Lopi,-0.5460128885094637,0.0656699448093606,-0.30337423666446395,0.33943517081729463,46.8853807006424
Lopi,-0.08694669538493432,0.09600318112486807,-0.10456304034637678,0.41766284252911895,43.93790192204636
Lopi,-0.5586877080467963,0.14746250332148209,-0.34430876744747435,0.3108917311220846,56.10744063948482
Lopi,-0.1352216636643971,0.026722649167583427,-0.2456861878045746,0.2657496409797522,41.28732331435394
Lopi,-0.33558667263561465,0.26817174793918125,-0.21684483914132013,0.9366506343636014,89.49911346850845
Lopi,-0.36483573158488786,0.12863328957180872,-0.2843628668577144,0.37309182521587525,35.638098511212576
Lopi,0.1497388509007952,0.03591814757591848,-0.08354507811906725,0.31822570122753246,49.521101530264474
Lopi,0.13482821075442053,0.2285876457999792,-0.22236390297171613,1.4597044258711191,70.44023133987858
Lopi,-0.6291200888644098,0.14692236509941717,-0.11221051195273432,0.3700172880368081,51.7792676642935
Lopi,0.19096255394690567,0.06979888162724883,-0.08864462458412466,0.3431305351198006,43.918917383042725
Lopi,-0.24292775834541958,0.29834767321445615,-0.289122318379574,2.096038412347325,78.22409469852832
Lopi,0.18821146742298467,0.07420139105863369,-0.08951628935343314,0.26293846654064773,42.056913960578115
Lopi,-0.40971848423543944,0.028329893463061796,-0.42032282457032333,0.4174936471326695,41.524024436390846
Lopi,-0.1402157585956664,0.15589536860890946,-0.21200676087168,3.9336840722516633,160.79176322569467
Lopi,-0.44875691683895597,0.259483541540236,-0.11880806017599346,0.4819021083122685,29.378699303917955
Lopi,-0.4850501655513391,0.05984881953293235,-0.2188582800258534,0.405923670713262,36.55840692713512
Lopi,0.3924222683316315,0.15325912030565295,-0.15816541071780485,0.5686003799584082,65.34173070400725
Lopi,-0.30838162405069414,0.03798286542397783,-0.22724658782953538,0.20091551524834175,51.34039433717177
Lopi,0.2729598574244191,0.14780664645286956,-0.16468219488766175,1.2317858950953309,95.93752175753164
Lopi,0.4929704502372272,0.1449013241927759,-0.2806756921015703,1.4024475929255478,93.79244141323994
Lopi,0.18512902153446859,0.28646533882652303,-0.19625737254699405,0.5698585849673438,37.371407872815944
Lopi,-0.16762499876578776,0.08286040322105459,-0.14664208546522958,0.3139834468063882,39.07205867710462
Lopi,-0.09278148496588254,0.09887846925485223,-0.2931600325560322,0.5506914573648289,50.154412505916625
Lopi,-0.1093328955235394,0.11192409606428537,-0.09476145406080999,0.44799035519380753,55.380652171016806
Lopi,-0.15198809725774198,0.0630986472412705,-0.29492736576214396,0.34899815774803944,44.649822842385134
Lopi,-0.5986862900276362,0.12973287544419912,-0.014160002156229206,0.3043566924434351,57.40898531055393
Lopi,-0.14039607713765168,0.1672027883301177,-0.19468993700081508,1.4415190738078396,91.68252220578428
Lopi,0.2145274618342366,0.13341204708995763,-0.20183515072107455,0.3476931605057263,30.935060410742807
Lopi,0.3326197785209577,0.11741509907261864,-0.2508539872887502,1.2485458980909252,93.09167084490724
Lopi,-0.34025920506984864,0.050568518354051496,-0.26975668063429853,0.2238657536795163,40.22948250347204
Lopi,-0.22284551087954335,0.1921737194048661,-0.2933185655191889,0.41718237180030204,29.79942588223294
Lopi,-0.03272040690207974,0.12859121944936605,-0.14202748043298355,0.27705285661580387,41.604526311886936
Lopi,0.4753055789234787,0.17214085238239002,-0.12654277098227004,1.0053931096778732,48.2969724806075
Lopi,0.08528748479113639,0.05746461239828791,-0.3516165187323758,0.2717846839212804,47.36229261372041
Lopi,-0.07918295630310893,0.10534039231278351,-0.20063596287779112,0.32207674387855656,44.09295814411503
Lopi,-0.2946481310393634,0.038112058742243174,-0.2771551258086625,0.37398169699266975,34.49257659718892
Lopi,-0.4325103774740576,0.02200441567884054,-0.20832068783393878,0.3610864052788918,38.938470775980754
Lopi,-0.052430710123623034,0.0759284186484512,-0.33456897043548656,0.4044385991128786,31.428788293636376
Lopi,-0.23355341857521292,0.0702890973203909,-0.3626104929593897,0.3604449411373188,47.88109949260096
Lopi,-0.4846907452427844,0.1427386521379781,-0.1981234006182425,0.31948874668897154,39.35045563900487
Lopi,0.11069339077224774,0.19566324934325657,-0.22780751311368416,0.2929280437666181,46.70838717674812
Lopi,0.43197511316799286,0.3075938541817966,-0.1340709136135532,1.0583485000567694,42.29427319816201
Lopi,-0.4689418467166697,0.19073685541983362,-0.06958229856881552,0.5898352169769508,35.98020799885378
Lopi,0.17114014685055645,0.1835470400311956,-0.07054791086796623,1.0135655766352458,33.77923343012653
Lopi,0.2359992473997172,0.11162403453313778,-0.3464465265519716,1.2418513767536845,94.94719087410853
Lopi,0.1699255036351071,0.016646088534268015,-0.3200472411428744,0.12887582844943626,45.822113623701725
Lopi,-0.15075542669528422,0.09171495127944318,-0.25343747441438547,0.3648703277946637,35.565418709887766
Lopi,-0.6616079295192543,0.08184816227399119,-0.23238132162611955,0.4925996470200565,29.376245423950156
Lopi,-0.08854313425689772,0.046894775774321315,-0.31838670756839976,0.32722079089628603,35.797517334223656
Lopi,0.1505648738293638,0.2758946509066824,-0.16046448975492153,2.1801479936860746,52.78134900473458
Lopi,-0.4017641631831166,0.08529942006069663,-0.23007911298380435,0.4932483588711921,35.93022072163381
Lopi,-0.06428545040332816,0.08834124852988566,-0.23778599711492426,0.26233754974645035,42.28229880193267
Lopi,-0.6121876038520133,0.13125255048529705,-0.14803102828451198,0.3611262444478545,38.312719095304374
Lopi,-0.20819646670952874,0.059157115709448385,-0.271643398954765,0.34011630108632573,35.774334344703725
Lopi,0.1810927583987353,0.33945810847055785,-0.1388043453043338,0.600681014984338,25.454730435603505
Lopi,-0.22487802928425132,0.1854885336712959,-0.06603630346554852,0.37986681189864896,36.83272593151571
Lopi,-0.10118534806701243,0.08580115378435263,-0.2286652439096934,0.45141452039297564,46.04982393716732
Lopi,0.3043906646490123,0.0845011714129488,-0.18768868541110015,0.3768319143153674,43.763982601161466
Lopi,-0.08769065258088435,0.06359625196797247,-0.2100186823512985,0.39768128742241987,33.53041273100461
Lopi,0.3799530503924279,0.025617537322710614,-0.14258060962504907,0.46019035335349895,50.43042468865188
Lopi,0.2657816971574461,0.06683072147440583,-0.24134706379083265,0.38657913946314987,56.066345660745526
Lopi,-0.3720051704011218,0.14450929766145043,-0.09072844862487675,0.46879729091655553,28.687797170865977
Lopi,-0.15493439512031487,0.17602287713350412,-0.07575597097874935,0.49622209968132064,30.577383370995392
Lopi,-0.4098811005262431,0.12378879310310927,0.04795806207093253,0.4705657919326262,43.36677306113664
Lopi,-0.16773769767989513,0.24193856679189985,-0.2944062186443824,1.3287290618559147,98.17165525752802
Lopi,0.048278051726870296,0.0778832875798933,-0.25370163008106655,0.37627230643460363,44.04165126615615
Lopi,-0.2288915005368044,0.07743688498981592,-0.16822063476355525,0.18480517607779273,49.6158956444211
Lopi,0.05482141477199192,0.09135502444477975,-0.3204022067789215,0.2804235994255411,45.593027694326885
Lopi,-0.23902918021943426,0.10660336595545479,0.05962738993237743,0.34077186548204735,33.64322048393856
Lopi,0.17539652033837383,0.360943488958653,-0.23792183387821236,1.8279199284917447,92.64042063342208
SCP,-0.48527856516545076,0.08323366171543681,-0.29256378353466006,0.501415848014757,37.15129110810314
SCP,-0.08496041949757749,0.025891258869962363,-0.2839745232208714,0.3032176505949846,38.97161592199109
SCP,-0.0192396291949928,0.07247768435400158,-0.37633979747224267,0.40274285168334883,33.729073585089864
SCP,-0.3007846382816262,0.0333710056947021,-0.4689575842223021,0.25205801677107825,42.10927862645469
SCP,-0.15748888611299933,0.07254890224283231,-0.32476878551464466,0.14991017556604286,47.287786739456386
SCP,-0.4759914536386825,0.0480668210630816,-0.23208336279611,0.47964736776027694,36.59637772726927
SCP,-0.12329091343272122,0.174029327523005,-0.13746364450345608,0.2737905194672667,36.03016324364971
SCP,0.08043480313976059,0.2026318733628873,-0.3440634759685263,1.4739621498035598,40.11311899784472
SCP,-0.23488716346382085,0.1801724279253744,-0.3294347428769053,1.153804531428155,49.91519920374262
SCP,-0.4577878093375283,0.11969456097258709,-0.07933226510858084,0.4526139944952711,35.38498327813858
SCP,0.18455532451880838,0.18573533592394076,-0.24097003999480948,1.1050216543008362,41.012934177862405
SCP,0.14460210639626536,0.13852954946890444,-0.3662401963120665,0.9018484073506922,80.55264413695991
SCP,-0.4242388828175648,0.04555037051756566,-0.4419775074443578,0.3566533778239171,42.78446693510963
SCP,-0.35625433649671256,0.1186141815988105,-0.20079901194518718,0.44925284954071976,50.56228095135767
SCP,-0.047055545362034885,0.06745562453842684,-0.3343738281556691,0.4091665723118315,33.31077103628438
SCP,0.1399975929757607,0.2541567456955272,-0.31485615887751156,5.381434048351513,246.6906103335693
SCP,0.08946479115244936,0.1231023986578369,-0.1897366595873658,0.4144356701889846,35.73911851754479
SCP,-0.08732709231394836,0.2917690437737575,-0.19050167582468233,0.5647939986620151,72.28595662257564
SCP,-0.11503892264935225,0.1034681091873492,-0.3177187464181197,0.4025989560369279,49.87849972501507
SCP,-0.2341395327981067,0.10313539286631652,-0.24935467040515666,0.4118401602283673,32.37242313103558
SCP,-0.336274843350019,0.011437906059442879,-0.39240661276193894,0.33184185480369227,38.71684302434262
SCP,-0.060485088537340984,0.032635313863095275,-0.14730238031476722,0.14545393335826684,47.485087188649445
SCP,0.36743880837195586,0.19210640854564187,-0.28788722133201045,1.465591504821975,74.98400188784086
SCP,-0.05932983507426168,0.2835568153958141,-0.27571554475222093,0.46242229627736686,64.35595526698194
SCP,0.1028229007059876,0.03138962033158631,-0.14995519365561863,0.20725692617910985,53.84384386091156
SCP,-0.32396356293801054,0.09934757509747441,-0.37381986358536445,0.4666311265735033,31.260438121809607
SCP,-0.42568676044497467,0.010360326180626054,-0.20338357962641135,0.371989065682854,38.113228207894444
SCP,0.08667994730393708,0.07304258058977132,-0.26463502960540025,0.3913152601679774,33.57451418167848
SCP,-0.5505985248515024,0.009282765595534486,-0.17530184806575866,0.3540853757526624,38.72118861316264
SCP,-0.6576568043473349,0.06587860589899693,-0.2701921322655817,0.4050543988589897,35.07769558752505
SCP,-0.17831935408414032,0.2810377649440108,-0.1346724211273606,3.679600995621336,173.16493746449248
SCP,0.12181435302287746,0.10072251209375234,-0.24839651475901764,1.4038532668833246,61.1783516484799
SCP,-0.11365830716186637,0.08235186208373928,-0.40220875853961147,0.3211130959142837,31.646286515694523
SCP,0.30387831046825625,0.036003770724010266,-0.24997149241080535,0.19529527351204595,46.24029710348884
SCP,-0.19237271046105248,0.2770086105486939,-0.16927493952913023,0.43885349899805115,26.006744859534518
SCP,-0.24014603026742232,0.2878165469449052,-0.1654659714317525,1.5680413176840955,61.334518721108935
SCP,-0.2544733181312916,0.01789733845501206,-0.27511772264613643,0.15662109318230413,45.98314536053567
SCP,-0.43529076828863755,0.07049483737977635,-0.2980322958165267,0.3289563178392998,36.0609398526006
SCP,-0.31343934337413615,0.08060378336828997,-0.2949213481819561,0.34266728453443124,41.83408921155227
SCP,-0.34499452422197624,0.16021931015212817,-0.32845665412933495,0.2970273221863581,56.543488660407775
SCP,0.35938666896018745,0.1677476532196868,-0.22983377595637705,1.4115546901280114,69.50663644881669
SCP,-0.2923411263137927,0.17171992710671738,-0.21954604325360963,0.3538925798251228,48.81856067402468
SCP,-0.5657448790898074,0.08060615028540913,-0.05711723670910089,0.5338347790797203,38.020438505466345
SCP,-0.171785003121968,0.20066430580014769,-0.23220538368853827,0.5088646501551687,24.165852686166176
SCP,0.2264860379728718,0.20377799534513294,-0.025857658871436474,0.422390562680983,32.957871723969276
SCP,-0.0916163023702525,0.006471373586541547,-0.1098272962763115,0.3008128786351202,36.06441962456759
SCP,0.09689320858627926,0.02864573384963201,-0.1609403603443643,0.297528115316639,36.2387685797265
SCP,0.24557260589301944,0.09883513784457491,-0.25479253286626335,0.2604136723400241,50.418346624688354
SCP,-0.1702159940423339,0.040578071109563116,-0.2137469483474672,0.3619215243091488,33.10491140034288
SCP,0.40928856508699085,0.22880048629304567,-0.249776945679013,1.254772205788197,92.84898277609594
SCP,0.08225061992372684,0.2609620413723113,-0.11616104852441199,0.3712721280456143,51.288063707197196
SCP,-0.2855285344637426,0.21937242939925553,-0.11500598096703911,0.4298524712428116,25.80401881080219
SCP,-0.40239335405620447,0.18100122992305326,-0.313104803039153,0.41578569096720164,29.56446035430674
SCP,-0.045686397588532913,0.058080586755234864,-0.1363840347077321,0.289756023361459,37.66795088342797
SCP,-0.3119462130119216,0.03078284023540272,-0.31462701025925166,0.1496430343216453,56.1688602281729
SCP,-0.5854484359652871,0.05555464831307218,-0.257980262529399,0.5127035117088298,39.223161336838515
SCP,-0.21535857866797947,0.15143647557241247,-0.24470591009158674,0.4544094182198376,30.50204969925373
SCP,-0.27908180060821197,0.03551367903023016,-0.24983099481049373,0.2970387015062749,35.040454996445746
SCP,-0.09457984936026556,0.04804237950613548,-0.25420347044751074,0.27099084335325613,41.01425197919134
SCP,-0.47978249541510387,0.06047996003764927,-0.2866173506387162,0.2800736174380458,48.88956514127525
SCP,0.15244986528814897,0.17980772251151417,-0.3153054957119833,1.1009712390971356,45.28590130857424
SCP,-0.3450795706800307,0.07346686916999466,-0.18572297286876738,0.379215937175029,54.60791785718417
SCP,-0.5798282631043792,0.11413449663143158,-0.11048729085856379,0.528591396383372,25.33896662366574
SCP,0.2798188700866848,0.09117423708492217,-0.15190021497476436,0.197356217805601,51.40220333562337
SCP,0.1349541168689974,0.11623844119904936,-0.3545398504744337,0.24390401469425968,54.24716976417962
SCP,0.3890301455335077,0.09204304547389,-0.26580474887936045,3.399596867226388,84.64532019534977
SCP,-0.24085544193136182,0.31467373324382103,-0.13510515762953967,3.350804755923324,73.88256777789103
SCP,-0.46379750709508655,0.013161974757130995,-0.3602041083996929,0.42149045957125586,37.44564020617668
SCP,0.06863356971344885,0.10384349289488756,-0.18881995868598808,0.41619809097469845,47.32774299116893
SCP,-0.10291811018763558,0.3092831185522376,-0.1751337700734857,0.4674795321363277,28.766432231097554
SCP,-0.2951436174474901,0.045292175474336935,-0.15011710629516725,0.2838982055576485,48.9381654624499
SCP,0.24865015014621145,0.2288227373354792,-0.3437646350222114,1.4230868068433224,98.58920085166187
SCP,-0.3195777839621582,0.08480001496369445,-0.33925222509143854,0.44769109258412476,36.00623060042087
SCP,0.37383599737358175,0.3181059035032646,-0.34870177371145405,0.5348729376702203,53.250257393691626
SCP,0.24564044030298074,0.20701544903244468,-0.06728408265061937,2.2990398814497817,131.49225056577757
SCP,-0.8343270372333741,0.21726891224762973,0.03650139813027369,0.4794295380567467,40.94275719102464
SCP,0.38601650880563476,0.20738081892109056,-0.19146848062114177,2.317869820030089,129.26537411746176
SCP,0.3459826822713086,0.14200995403185654,-0.2891057423935569,0.2863931289000348,47.24311265133857
SCP,0.3025091911630088,0.20219448968131348,-0.16291627769073547,2.0840765532880123,74.71499128113847
SCP,0.3919973752856284,0.15867569292911746,-0.22874333912371736,2.3095215402767395,128.1758064584168
SCP,-0.32321953517403085,0.027388039001401472,-0.3772369629067929,0.349463697800007,42.89121762612074
SCP,-0.16290304925602075,0.05303479198349287,-0.2825610760381924,0.3785194865813413,37.17374757644204
SCP,-0.3708012693667012,0.07401381023475656,-0.10865922610390259,0.3829483483529482,37.16558320988626
SCP,0.1440239646620334,0.10791460869757423,-0.2853662383740432,0.4245209001988932,29.16671926197869
SCP,0.09899556455719558,0.29059910572492303,-0.30024617928480213,0.6795214272926956,59.35047254529172
SCP,-0.7249082974017103,0.13231047935978765,-0.12210548162493126,0.5558922229627871,37.90963051000895
SCP,-0.16575646675221717,0.12539158122845614,-0.2457771316781814,0.295323033918325,41.64721628040106
SCP,-0.11375097023098531,0.12712558597841592,-0.12288554572549143,0.30821252394458054,35.77400115535769
SCP,-0.18594893259876843,0.17775996735155392,-0.28398727706327953,0.2798410217679266,40.57486100669065
SCP,-0.16460184675705042,0.05943937681026549,-0.3166539826218234,0.3800773801756172,46.99075864649277
SCP,-0.47043377165458633,0.11517374249978056,-0.17366742827532505,0.33779055143755776,34.10682239958043
SCP,-0.5062678713664989,0.014246188197536582,-0.2839673360253075,0.33427793918119575,37.689622478838146
SCP,-0.3123547510639415,0.015587944690851391,-0.09259376612179049,0.39966445067825956,37.65049143386499
SCP,0.3970593607299737,0.10591656301499397,-0.2203676916279608,1.3419991475880761,92.2381338635092
SCP,-0.3809621206244618,0.08497970799133864,-0.280384598370885,0.32556470406051524,40.75898448607454
SCP,0.49724812963488657,0.27715482904749955,-0.1929850468773855,1.172306054636669,73.9892551151661
SCP,-0.17128196653726388,0.07185632472108393,-0.2725034568510782,0.3780358197241712,34.021315435582224
SCP,-0.5315117580263296,0.0034524386705962057,-0.36883480228856974,0.3913066384218224,42.81881140689002
SCP,-0.38646878118413563,0.05260274603934208,-0.2687424437277583,0.3857000540009979,41.34123921708025
SCP,-0.5049042612939697,0.04470390604895609,-0.07407921680025556,0.48741570688885566,40.33034775840403
SCP,0.17266689124584023,0.13366669043292143,-0.2522295403029259,0.5522136415331567,43.62864904447164
SCP,0.011593061570285966,0.0533451180171694,-0.437354352970952,0.35814815187241733,35.44660854048527
SCP,-0.24295355841033733,0.12017104782331693,-0.29985836218310963,0.3035998428653367,42.72868625087897
SCP,0.16065427969395457,0.09314875474599774,-0.1845328389298758,0.2840931510186864,41.00458916671665
SCP,0.22082995034252034,0.02480947695624702,-0.16931378231616984,0.2591981628949241,48.448843720576484
SCP,-0.22761592304007028,0.05224250765916536,-0.3659928655722368,0.16892491290059747,45.32436140690692
SCP,-0.10561332423372916,0.039149682616527196,-0.33244205533806603,0.3310086524044772,47.63836130270009
SCP,0.11068391413686476,0.12515675078091104,-0.2698901276639043,0.3651765616112307,32.587263133043606
SCP,-0.468823327983552,0.05068573894014222,-0.34285622646908714,0.3975273960448412,42.1066823294653
SCP,0.39367943712728715,0.19103528706173128,-0.17117874589854318,0.4227509728504845,55.82231939885803
SCP,0.2163969992957999,0.10606661867143732,-0.2212990096369414,0.3683534872658183,47.44466452384533
SCP,0.1790196844357373,0.4320821677880849,-0.23095044816147184,3.97742991551979,149.74002215147462
SCP,0.13580478964492224,0.16154300877043468,-0.21018345702806754,0.5059247361454149,60.5172917383706
SCP,0.2500363142441566,0.3778742193603749,-0.40290171285134174,8.568373540389642,28.09194379473864
SCP,-0.19523720684213453,0.08237560822257509,-0.29283507332383507,0.36475555107010976,44.3052903408428
SCP,-0.2912726659006209,0.054668648548780216,-0.2805332475804683,0.26213148721654717,46.53928740128166
SCP,0.22148217700961242,0.043153927370628765,-0.28037580644781546,0.3869196428942893,44.080632224234755
SCP,-0.06458923716537056,0.050965615435316435,-0.3939928833635867,0.27720006694813876,43.23596679807862
SCP,0.1095629831722657,0.2096798592446707,-0.23349310445123136,5.345312406444837,240.44076899008672
SCP,-0.2536127842462842,0.03651692909980414,-0.21059495191298178,0.28208925167806065,37.16688971230888
SCP,-0.14820780074591877,0.0992867109939497,-0.22396634103827023,0.322962721002668,36.40827247135731
SCP,-0.5708758820468519,0.2866265609961469,-0.25339519343003275,0.4345640484843547,32.635408492270905
SCP,0.1686811272146671,0.024630418114404508,-0.3360578972400807,0.25461570137871536,37.201055452526816
SCP,0.2913390597525452,0.09567230534573627,-0.25657901243318226,1.0210949235453741,47.34996037632006
SCP,0.15542856113655776,0.030546752024149037,-0.28718714556083264,0.15463853318634826,44.612144009321064
SCP,-0.41024054128176457,0.3442406215784336,-0.04979183270926484,0.4692552861544791,63.198709073525286
SCP,0.12514780355220076,0.12479745866412884,-0.2174930579074087,0.4567501830709721,41.32859703565837
SCP,-0.3947661094939305,0.04951247298373646,-0.3453147272754533,0.28995751126012,39.372559060474806
SCP,-0.2665358808879491,0.11939578084989999,-0.2874668862044099,0.32654824797016235,36.80494923530366
SCP,-0.19927310872407478,0.228321865841421,-0.3691759835109654,0.3137781765296168,50.965327415939214
SCP,-0.5297651803213093,0.16630914409829592,-0.0809297352286816,0.42763208744905495,31.92470169317793
SCP,-0.271319142795202,0.14905944287033224,-0.03793874882341139,0.2636440424992719,49.23635729604067
SCP,-0.09089773485693699,0.24997293667615686,-0.1999846948897508,0.5064650297023628,26.675106163550367
SCP,-0.10193234478622645,0.06909109364573536,-0.3624897874590717,0.2838545307092899,41.53356344815823
SCP,-0.4348773724637354,0.055940829114542436,-0.1210148428944161,0.4659577551336785,40.26214598201553
SCP,-0.23475892922958053,0.014960301064375015,-0.31211580431491603,0.2856270664279747,42.692843348683176
SCP,0.18999848261581842,0.16885224858980208,-0.23824478692282142,2.1415460944505798,46.06399374691847
SCP,-0.152792629977985,0.16336610917846467,-0.28775331393929454,0.9019411333883997,76.7382289000142
SCP,-0.19972498623257418,0.1263969550393343,-0.27167024977657983,0.36398312994534976,53.24820845524938
SCP,0.3802004884596848,0.2022675651623512,-0.1611110640835794,0.6675573275793819,66.5569051676337
SCP,0.19757327345617623,0.17593530045155512,-0.1577178541909316,3.980123289233848,160.5358301175915
SCP,-0.17673645488049122,0.033816306808118646,-0.2837500291729907,0.26637692463553886,40.61489293823364
SCP,-0.051347847199334926,0.013337311776119973,-0.38703604292688265,0.2545438626836593,40.76531961250011
SCP,-0.4833330375059859,0.12701137123040918,-0.11179488708211308,0.515777662850717,39.82556910932447
SCP,-0.11771571900320309,0.09788569070288239,-0.29403457059636473,0.3868057765837839,32.28572170185892
SCP,-0.38491549750159193,0.08708848509142478,-0.28164436198454657,0.47981702904753054,35.562520468407286
SCP,-0.22181714763342358,0.0657524891889385,-0.396568209753026,0.27437820775783217,47.29406339589262
SCP,-0.5974977787673671,0.007770623622368386,-0.2899252774896452,0.37706782895712093,38.79524092694315
SCP,0.06294746142984053,0.10639052922624861,-0.3029347970985907,0.5064107429265774,33.028266790608896
SCP,-0.13028957190387086,0.26404604443020036,-0.1307233717706618,1.377735414317125,106.35662515845874
SCP,-0.4998608300458786,0.03900988467099531,-0.20839764744771572,0.49106295546125045,37.30285256483917
SCP,-0.33079314153186634,0.023823005090267992,-0.3321697377513544,0.3381644861329464,35.19163912166101
SCP,-0.5147936555228074,0.055967575100507684,-0.11806749247828467,0.36593142563424574,44.029409883130675
SCP,-0.32181403589943197,0.2301376388223753,-0.14792547670152828,1.400621066440469,74.72758015120195
SCP,-0.2413147203495841,0.15136146492472718,-0.13425722346885058,0.47022295516252205,30.324562042433975
SCP,0.12058549920673056,0.15091696738058535,-0.16484726796034815,0.46580466926693653,41.25089005264451
SCP,-0.14158697711530704,0.22950598923818283,-0.1731901752896222,0.4547207845025924,41.51833793171887
SCP,-0.24447349432835175,0.020979703506260224,-0.43404541201087204,0.2785878643772691,39.791324256555555
SCP,-0.2591192652632668,0.18057216949189492,-0.3720689115980842,0.4899238764137244,42.490785829932676
SCP,-0.14628169751923265,0.01262117598292801,-0.35224151135545884,0.2399620563009705,43.80400875209858
SCP,-0.31737461551213175,0.013598415629450527,-0.10945300231450072,0.29811873690181667,57.50636851192331
SCP,0.23678701377693429,0.05878740674473062,-0.23182570742279304,0.4194356973640838,39.59556232941591
SCP,-0.3984973378082513,0.024698597505050948,-0.2908583031909005,0.40022713798789356,39.94381355180439
SCP,-0.23650192420212707,0.10180334689364079,-0.33751547641336904,0.35507933918449824,45.127872733578435
SCP,0.36575803765304793,0.1305288103090067,-0.04317076703304831,0.3511740587311221,53.70967979241725
SCP,0.2717488961169088,0.24528866675164068,-0.1729515977536751,0.278628375931659,43.78759723244822
SCP,0.04981941331301626,0.09288507581416372,-0.19204209403886754,0.38125514000759403,40.2777619230322
SCP,-0.3289211889665262,0.053785917940621784,-0.2372864147108239,0.45653871258998946,41.3929806339387
SCP,-0.35098385773623064,0.17495540501874823,-0.1391369602153727,0.5813515007808505,28.267218003064997
SCP,-0.5141991805780414,0.04165740198244108,-0.29543293091924705,0.31075552069032336,38.697812275610204
SCP,-0.3200045678528796,0.12411629589581485,-0.20321885907806367,0.3308978555479602,47.96210964770899
SCP,0.16182949205778296,0.14977654115772568,-0.22231290513377744,2.349307561526997,131.45769437750957
SCP,-0.1919426037959327,0.027183053625980825,-0.2317306071428871,0.31861690463508197,38.3335029648012
SCP,0.1782566138298408,0.09579957572018691,-0.2494105480610039,1.3121160203416422,75.01984705753996
SCP,0.23596375272370773,0.11766861799004964,-0.11138154038910886,0.4005884463374093,42.810403449642294
SCP,-0.19032139680166874,0.05046112181964065,-0.2714224839020768,0.4011950208717722,37.44799313848111
SCP,-0.3193046738584536,0.0754332466618831,-0.2743779788456968,0.33379997378582166,38.64291798872069
SCP,0.17124332573104592,0.0628735732827027,-0.29558444279391655,0.1983729487345509,50.497865973762266
SCP,-0.5298799159875782,0.016238133872698964,-0.4423602814534603,0.3569012146769523,38.26593322130277
SCP,-0.48429143015279247,0.020046628273383042,-0.2420988527312618,0.43039177315593385,40.3875189732658
SCP,-0.2507697164086714,0.2057029368301257,-0.23146639587694773,2.1277054666645756,81.22973409960557
SCP,0.13811661874712086,0.16362131021863385,-0.2719975613695093,3.4366932744494534,78.90566667075082
SCP,0.10631599152404059,0.15644458418500273,-0.19932486479987319,1.4651547630364499,92.58300331769158
SCP,-0.3319430079918805,0.12593492667317965,-0.27062552608209123,0.39415019017559816,37.650898855427016
SCP,-0.05992353297087506,0.10172727151732186,-0.245929876953127,0.29489403999767405,41.31262503136805
SCP,0.14748935941211935,0.09855432839373407,-0.349758682535934,0.17049220847677937,48.38603052978736
SCP,-0.17517674896948127,0.09068505003158334,-0.18457027075266325,0.4837988988020504,35.109495818659006
SCP,0.2650395039463555,0.20683998280350338,-0.24264692551596473,1.124119907383181,54.688486764165575
SCP,0.27743930085610824,0.15674436502452146,-0.2693432782532553,0.5178497903080987,49.68977265198208
SCP,0.39804866563178615,0.24052472368220346,-0.18974783290819447,0.9901424133987401,84.63216345577823
SCP,-0.31560990704113956,0.07282354369027784,-0.1689710571527383,0.44899518321615667,29.248584015967126
SCP,-0.0822182100987076,0.05859255251902189,-0.35774131526390196,0.37390396377420415,42.82471827544678
SCP,-0.2221672182271101,0.01721136119247533,-0.27506828308535347,0.2721371953981526,46.05054015803635
SCP,0.5429933772328605,0.2999908291131456,-0.20755923302258775,3.6766093289054758,173.9695437793229
SCP,0.28602652938292256,0.046015084800161976,-0.20381425216956406,0.1811707333326969,45.810224082186835
SCP,-0.3181431612012804,0.034010075943780894,-0.0035982504808284694,0.3580500538487113,41.08116804052618
SCP,-0.19532337348100132,0.34209030787744654,-0.09490827053056607,1.4423999342327563,102.07968036187214
SCP,-0.4670612643939056,0.004306292322540039,-0.23126317543752958,0.24970526729191056,42.59942389431428
SCP,-0.529870450312716,0.040722362576734915,-0.299471151141641,0.43492574222448827,36.57337371319666
SCP,-0.059482175628643864,0.10173325785385526,-0.2605465606717292,0.4080848567099225,30.26220172527825
SCP,0.13141155117852116,0.14503680014003725,-0.29035675123398436,0.23549262993019163,46.68873181886038
SCP,0.12712047645105748,0.1855638891560504,-0.29115986367290025,1.422443417752168,94.79908840543011
SCP,0.048264805407351744,0.13859685035721234,-0.3683937879044176,0.43960599159356534,48.47738348629446
SCP,-0.48453985565868457,0.13843185438331132,-0.16507628315259687,0.38268998757421774,52.04527549135629
SCP,-0.5039557366267805,0.11583112543450169,-0.23153177058560465,0.5316381327806265,33.115204901130085
SCP,-0.352231278169403,0.028481109176222007,-0.34266775908585434,0.43264490728314114,36.762781306792384
SCP,0.16577711301678172,0.13066097411937327,-0.20237028977848315,0.3434168406213361,48.12940568600572
SCP,-0.11800451874925265,0.25767888248020865,-0.1465002278833035,0.6985966494857435,89.45319432239418
SCP,-0.45826701306012163,0.07200320211042108,-0.15387779682560204,0.3770559407613611,37.27140441721272
SCP,0.4017431407403122,0.1248725259518729,-0.23483374393112955,0.8748515209315013,76.21842722728236
SCP,-0.18535554551249522,0.1392696986313113,-0.13169164558444132,0.3263795852775382,33.819598149830384
SCP,-0.169429988743649,0.13378125321329506,-0.35255644239047945,0.399805875210468,31.61940809074558
SCP,-0.4199276070754352,0.04557276061835262,-0.17770525075486904,0.25335097634883796,60.25669578361075
SCP,-0.38219923770785785,0.018625777748010212,-0.3782668545093931,0.3626733987693283,34.775949714266204
SCP,-0.14858994131011805,0.25554396114351785,-0.4312186537129748,0.2970234499014776,42.30413198047609
SCP,-0.3953367286001013,0.03774709219652785,-0.1212625748854809,0.23525242757022577,39.11742485769951
SCP,-0.4546934843806417,0.007193140577525792,-0.389908132812685,0.2725930084571678,40.99236219037758
SCP,-0.32337106271934607,0.09332945577375179,-0.1969886065490746,0.4723628041185847,39.178807297021294
SCP,-0.04691689349347648,0.1450593225700427,-0.24001853946770663,0.34310073972852934,50.875597739309725
SCP,-0.44642608088566016,0.061440877317188856,-0.1769544259638241,0.4037049906801212,33.06597236900472
SCP,0.31313485041708433,0.19522527942357998,-0.21547704933190392,2.4012330759221454,134.9497322378719
SCP,-0.5378796364394949,0.03583239154155475,-0.16003095891256808,0.5148713709563316,33.791195519061404
SCP,-0.039716058743339784,0.2124429936948827,-0.18603170397807736,0.9445842543926934,83.77351450171402
SCP,-0.4547495101699798,0.022432792181168698,-0.29429036930168173,0.3883971501715174,37.813344113031505
SCP,-0.05967578712300325,0.06057524064123976,-0.35609190048945305,0.2960000356730984,38.446624855002156
SCP,-0.2218119508263303,0.04625018451112094,-0.4215731273089095,0.27034388584085517,37.98589786495529
SCP,-0.5084460601199157,0.12756535903090374,-0.10260165073333181,0.40834095936327947,35.34739014155859
SCP,0.19368552304182624,0.14560470711588488,-0.21999535403684548,0.3238661215126454,37.529142157172906
SCP,-0.18247551982257307,0.021396830806002482,-0.3421535528484782,0.2704806853698838,41.095911411016445
SCP,-0.18956994110043698,0.07080870192435561,-0.18439766062523721,0.22857144882028552,56.53963590796026
SCP,-0.485515446692968,0.10237170524838841,-0.12738040465181646,0.3497347679118723,33.10537223085488
SCP,-0.08435977274680637,0.06239931242737214,-0.3203542049827712,0.3590661098926423,36.227878221737924
SCP,0.263136226564664,0.1183830906843176,-0.20999443840750412,0.23335463700832865,49.5460099733264
SCP,0.3970525747501264,0.09395259384880411,-0.2690047795428497,0.5255266649472818,48.270519156625994
SCP,-0.26869593981547224,0.0558668670543014,-0.22017779393765957,0.4450077288127192,34.68027875192131
SCP,-0.230888094367054,0.041712819095619635,-0.2502040672718744,0.33154949782958354,37.80896822628968
SCP,-0.4373565162040917,0.10058121579091277,-0.16561597232045439,0.35349020223839933,37.19195836439491
SCP,-0.21134777516928036,0.04597969429770997,-0.09704399171228463,0.3948680343026965,35.88921850789858
SCP,-0.13876467959115096,0.019640445845871844,-0.30112900162443995,0.27796034963400285,41.72934961529151
SCP,-0.22353861735554992,0.04137316875270617,-0.2838177732272218,0.3062789871654379,47.376230050524185
SCP,-0.15811431229269002,0.006495574683637847,-0.3211369186413919,0.20224484351107458,41.61344157571014
SCP,-0.45761138545533286,0.01732616505896762,-0.26981702612170916,0.3341596184102475,48.64420287446988
SCP,0.5209522271949152,0.5071063839766993,-0.2564450696141523,8.592233450852943,71.40748175671429
SCP,-0.19232511469592065,0.04093928894243208,-0.3288250704608109,0.28480092043262173,51.40364844322257
SCP,-0.3065850900972925,0.07727270921253773,-0.06809866288708434,0.30884655025668384,41.23679445978716
SCP,-0.10518416865854174,0.09711696601457606,-0.34570949175849985,1.1006647294949563,43.78871488514571
SCP,-0.5634939809615498,0.02733997921036241,-0.11397469285595842,0.3180129115467431,42.24046779402546
SCP,0.23230067780241817,0.11246302662106362,-0.24554339638171283,1.4055221882150386,56.47200859419145
SCP,-0.151672733002035,0.051302641136158775,-0.35543310453244437,0.2593826725535032,56.64440744338674
SCP,-0.4337507469085321,0.08823629209386072,-0.06816188445789316,0.3734836437265487,47.48504464957424
SCP,-0.30404860759545704,0.15334598334766908,-0.13738861874986003,0.391993988702521,40.19090668014473
SCP,-0.4906600979045508,0.03169699640567464,-0.2225283024158637,0.420095810712055,40.5174638240991
SCP,-0.16699141574134901,0.08555414833501715,-0.2815748690210515,1.3391360874579243,74.44516599641597
SCP,0.2816868249116682,0.09047937500576805,-0.20130470819699936,0.479025201911608,58.78508826632459
SCP,-0.22942904300483616,0.18628987908136613,-0.11033805448480657,0.5526960586774626,58.27824360135466
SCP,0.34151466820225873,0.053821253512804576,-0.23381484956339524,1.353174161136995,91.37924090988992
SCP,-0.27949710023509955,0.08485609303110794,-0.12138659406953355,0.41215104057342394,35.34033240786907
SCP,0.08063790719887402,0.04552338884910606,-0.16893486649659953,0.38489080237532347,37.512416657777926
SCP,-0.22899039621597547,0.11482890383575854,-0.3539429687543887,0.317965977287674,58.049952616382384
SCP,-0.32596214437818605,0.06381380004417887,-0.11207648748415842,0.27033375971238754,40.345736285654404
SCP,-0.4008011963290034,0.03818149918216118,-0.3015466434542125,0.28620885028686144,44.01490283076214
SCP,-0.34180243787465214,0.0057306353203323505,-0.30040442885590685,0.24576395645933763,45.424935447009965
SCP,-0.18114893623763034,0.003495413420779552,-0.28257379871602356,0.3080385065926525,40.070045401780405
SCP,-0.13884782456977834,0.184327498169229,-0.21019496084532205,1.3385985251591843,61.95640524626333
SCP,-0.17992607041301809,0.04451203496957998,-0.22652425483683378,0.3670538329550151,34.993439744277396
SCP,-0.275137725246982,0.04142467997650058,-0.2707022513799023,0.25806351591928256,41.019132410020134
SCP,0.16201628740859214,0.27105699025266444,-0.24508305667790534,3.4877950326914537,85.58682960009655
SCP,-0.07166866080536628,0.09226243786767391,-0.30997696694532456,0.2758040947382682,56.974959298360815
SCP,-0.29597976964107414,0.061090074023455364,-0.3364819259247297,0.43035969712837585,40.77951466364069
SCP,-0.360796073735378,0.08508122086836792,-0.32353297735316394,0.3796505579126409,52.81558875455167
SCP,-0.20989743940627692,0.05122091134945642,-0.13925492332431874,0.4292371087242212,48.66754256010796
SCP,-0.15997617581443555,0.15355085272951244,-0.19872098993400011,1.2099533602592663,89.46677236857408
SCP,-0.3548001426902154,0.02091383096153377,-0.3425582672403095,0.2876034263553342,44.58632128500313
SCP,-0.041411691456004346,0.061449407251022194,-0.31271802436037743,0.19931799302904504,48.59083158766671
SCP,-0.09891923594798499,0.07065128123143899,-0.34184857879844005,0.3670628119301965,50.752685416210376
SCP,-0.19780678667766116,0.17199817765026723,-0.21956307276512854,2.094333845289195,72.10142038264163
SCP,0.16750915316776085,0.14929255243430856,-0.22602711074081355,0.3158728702665333,31.312206161023354
SCP,0.2157420898827896,0.09054460261140765,-0.10949175800566141,0.2605171880947297,54.6400053316238
SCP,-0.5647086703764476,0.09411035171762253,-0.08594839940752089,0.5275171612458368,34.35024274303135
SCP,0.21039612714300648,0.03268199986843878,-0.23360451612035263,0.30892574219146895,57.69832094220617
SCP,-0.26968680540781115,0.036844852050061674,-0.37521156562817076,0.27705340553633095,45.22261063927113
SCP,-0.058119891239155626,0.09127987747412349,-0.34460910167685127,0.3513669980038017,36.26963985972889
SCP,-0.154690286174909,0.14128073051989193,-0.26736296679262167,1.5060143583600687,59.1038935976151
SCP,0.07967071843349023,0.4810996624982115,-0.1911952959324627,2.1720992851265453,109.65424820202631
SCP,-0.40788507557941944,0.1403397403919831,-0.13506851706978729,0.3959186131078407,62.10036741041072
SCP,-0.28727160122347944,0.04353471025140624,-0.34406454250608376,0.27997076480003213,49.09646204232716
SCP,-0.5096790051458984,0.048576637077651766,-0.3008171369162294,0.43001830025310966,41.89040179159055
SCP,0.12373394278970437,0.22891475552887233,-0.19871598803805227,0.3294696602311384,53.08574099329485
SCP,-0.1787401135182127,0.09308026345890419,-0.31908562192029255,0.3485418283832098,33.75935787312243
SCP,-0.27569369617819983,0.10307082455041552,-0.21866322209098324,0.34310368339216224,52.17150694277218
SCP,0.3629664076872947,0.1573587112337717,-0.22602712837561162,0.5687779561645802,65.09160127347381
SCP,0.30281643934710106,0.22610011488962414,-0.22653882606257394,1.4509129764009976,44.85771554552641
SCP,-0.41257009184923843,0.012129648713161193,-0.41728721605661057,0.326192988573157,41.72193568661581
SCP,-0.18366519018424948,0.19372458099884565,-0.23639053872730365,0.4509533589885529,39.45800220571962
SCP,0.4372226349629832,0.13813358302252293,-0.12078047150011316,0.44483993231548813,58.704585827068215
SCP,-0.30343394931321344,0.10278063446279799,-0.15766315132239214,0.3555364976334702,49.7274448831608
SCP,0.2506970676899918,0.2039114141955538,-0.14456673888749788,3.6497091545541225,180.2470815588205
SCP,-0.2059854192892662,0.06984326937939367,-0.2905048739696563,0.2003712381895666,49.33018870907101
SCP,-0.4171277330388698,0.09489559453022076,-0.28204768709251155,0.33119291971747855,50.186421799336685
SCP,0.2698934200420731,0.0503453211089391,-0.23431279195942872,0.16674597780783007,48.165582163843304
SCP,-0.15125701024087904,0.04656592668348772,-0.2939795888061351,0.3215785249496611,30.7052976610846
SCP,0.23907606708154722,0.2546438042384178,-0.349682949816282,0.45866105982661765,55.78873527309497
SCP,0.3451127843255042,0.2095083681641829,-0.1002834418538287,2.1252754302216177,48.79732582093108
SCP,0.18218334320973967,0.061928819484294254,-0.10093198080121996,0.33649645000383066,48.20631700703076
SCP,0.12694334631832863,0.13030641554801456,-0.0813885140235356,0.3470064422860555,35.05785524766824
SCP,-0.40596430348566215,0.08874370323502997,-0.37065935529855065,0.29123464969289403,37.41885494082429
SCP,0.17422532770107885,0.02469597703693612,-0.25191373215816476,0.15212453310913673,51.35622991136627
SCP,-0.1812277337982498,0.1944479252051499,-0.26903485825905915,0.3754099429563949,65.12956062774062
SCP,-0.11674795508861083,0.0821152106143835,-0.18172798952850536,0.28333693031642787,41.46126863401041
SCP,-0.3462244368150672,0.06301237391425782,-0.17246798176292508,0.8203601354032592,81.22157615661311
SCP,-0.40803477559869433,0.036288922108778474,-0.13318863122242205,0.30931395913381116,45.9486191774486
SCP,-0.36556393409187365,0.157238222781031,-0.34160638967536905,0.3997506766298572,29.225107356534544
SCP,0.4847537991217573,0.12713820169680382,-0.23110768301831747,2.086906272606661,53.91558393446254
SCP,-0.6434932725149484,0.05903000109976551,-0.2192159434590703,0.41891333598585045,38.48339591996371
SCP,0.11546294891646924,0.12117740996164708,-0.14622869670267669,0.566141815769556,45.787576238777326
SCP,-0.08888431149983197,0.39729354303229736,-0.23913414918758685,1.5441394814524858,105.55306131632686
SCP,-0.3767845433768635,0.015579675442927566,-0.176226340289239,0.3407050081236455,42.99061614382319
SCP,-0.507005486605615,0.10315584879826493,-0.3649194891481766,0.2902733781435684,50.44103732631123
SCP,-0.11065997040678827,0.19237253201804044,-0.15426868429548687,0.34883428624002777,41.84838415862168
SCP,-0.30116056962517024,0.11957458229819025,-0.11087640677654821,0.45204848737702386,41.87247571575004
SCP,-0.23467139888639582,0.1361643354981188,-0.21741428236522828,0.4820563386346241,33.25839984554139
SCP,-0.17319771130832662,0.07659115940299085,-0.19980315234417959,0.4342164978915238,42.093959660181525
SCP,0.3094806063788069,0.3288917023615502,-0.28603338526587924,0.4930047417881538,46.45137282167323
SCP,0.13641537066967752,0.2085651423512372,-0.21420909655624487,2.410510444687732,130.18549635958914
SCP,-0.3407510760959892,0.08693072460814368,-0.22136693602335772,0.29274893082803316,46.734336643455
SCP,-0.42834366704599364,0.08608795551285695,-0.19232895351982462,0.2860142572066846,40.26152045179461
SCP,-0.1784935368711857,0.07619769493087143,-0.38740675868822666,0.37075872941265947,50.22017462093417
SCP,0.10304180458793905,0.07565779383840847,-0.20150191304045542,0.48095777830680614,40.56731273476805
SCP,-0.3532839867439552,0.2338826941789013,-0.09408374020493437,0.5118646205999652,24.574950108460868
SCP,-0.17943141429127749,0.03143549488753662,-0.17236078313482994,0.16719017275581569,44.84982490913136
SCP,-0.5551857193831802,0.03785867173861426,-0.2539136261272323,0.3891131342820026,41.341860806313164
SCP,-0.15551893521078594,0.08778556490226476,-0.20160501648529205,0.23020316625118936,54.75888468732933
SCP,-0.12654753531993262,0.10628857022301293,-0.1135941317028925,0.46833164234201263,32.19108989276816
SCP,-0.38191505772476364,0.11778301003702611,-0.31554185943911545,0.3093565758288611,56.677140623077186
SCP,-0.1334376730601621,0.02166442324670614,-0.31023581060719185,0.34468019889818813,35.58707908579683
SCP,-0.15110358903632826,0.32694868577846176,-0.1856168199534335,1.0258992929341562,59.42785583889696
SCP,-0.27255490966629703,0.08035067707272756,-0.13190851859926492,0.404966416942825,46.22333274627081
SCP,-0.09045575468486103,0.18820364487715957,-0.33945564616118606,0.4131002459517498,48.74453224887689
SCP,0.1490840072676923,0.5151718029879915,-0.2388883784921867,1.57806199511773,31.27017536750466
SCP,-0.33890975483715025,0.06916336106088827,-0.4222697508777497,0.2521079109019537,41.831660729454484
SCP,-0.4545773573435437,0.20231935326855863,-0.18653262331203993,0.4059020915646961,30.422324874167053
SCP,-0.1945087154694528,0.1082825842063595,-0.22603750813333756,0.486100190771012,35.10921250047109
SCP,-0.2221435472537055,0.07575653877934563,-0.34025763478315435,0.19551399528431784,44.34531001094773
SCP,-0.20592000378126243,0.018549548771413422,-0.41181233514673315,0.24723776812494455,40.86162335928213
SCP,-0.16683919491420868,0.022867225248676216,-0.3688765509793364,0.37561113024537723,40.56456097326684
SCP,-0.19934324247601815,0.022843547140798684,-0.16650256210530948,0.24568746569034755,37.16532461978759
SCP,-0.28876547017673887,0.1700937094696982,-0.2694009232355713,0.3160894017284471,46.226707738534174
SCP,-0.22284484920703507,0.12521599913279843,-0.26598964619202686,0.3521458876580428,55.481908764810285
SCP,0.1482246126827544,0.09742279995154383,-0.2410309756634954,0.8459292161946564,80.86079219169937
SCP,0.20419579053431985,0.04163280079293805,-0.10870597087472282,1.2497468608915447,72.22500913319303
SCP,-0.6316928398267297,0.04032467216859602,-0.2189516124481877,0.43613181448982374,42.29043967506248
SCP,-0.14066545782731255,0.0749166021996081,-0.3723414268712425,0.32902899999958746,51.63088071549397
SCP,0.17202242284821065,0.16894838250832717,-0.23033638730791497,0.9569252055736368,79.77986300106048
SCP,-0.2686821960966334,0.15696202276193402,-0.25718681432778406,0.3737754245995677,32.81393027182237
SCP,-0.40023069068133443,0.00811927576611274,-0.3478869589633309,0.28587808941969417,43.38813228250597
SCP,-0.4482652685681645,0.1201254081639546,-0.304342983064928,0.31726232214843897,43.02463753348898
SCP,-0.07968189509635266,0.15086101311477093,-0.23293896358280222,0.44763827145889684,38.80372109689231
SCP,-0.23805089999911025,0.1353290844669993,-0.34470432470067996,0.3037912611587028,43.08233691566521
SCP,-0.3169929804074584,0.04544803662368248,-0.26668397598248555,0.3546791901667099,47.073097034563965
SCP,-0.4064570841766406,0.06676454181977516,-0.28440026221597353,0.3721377800241727,46.715804281094414
SCP,-0.4117499133735237,0.11574397090406485,-0.24189477796765926,0.32843689274014914,33.815083898168176
SCP,-0.12735496602865742,0.32377379594559813,-0.09853901287054645,1.995931061162242,78.25297093732597
SCP,-0.17877165890169236,0.0844113013082948,-0.26227250747153824,0.32709675494343216,34.575469324243755
SCP,-0.27357665191685,0.08793112596218026,-0.3335103845093264,0.4779143220378105,33.180267151782274
SCP,-0.11485799448378194,0.04860756914755075,-0.2989008180858579,0.34862293775749403,40.58510184152616
SCP,0.2519304798027119,0.12364023624010537,-0.30723319601992044,0.23890102692447385,42.3216049782962
SCP,0.14487221050517465,0.1245467099183016,-0.3124272947279202,0.42966262711516834,41.446122521215116
SCP,0.37149707234608154,0.14984374755400903,-0.06907079588421462,1.0249484278824132,42.24817295753689
SCP,-0.23248701307454267,0.148360112681595,-0.28672721378182664,0.3679034838259751,30.127243973399224
SCP,-0.03942624544789097,0.06957907824514266,-0.3341566026990157,0.4132426647784726,56.07517018095548
SCP,0.29337472136988957,0.1330413388016008,-0.32349740301534813,0.27804291820916416,53.33789577231819
SCP,0.18805387689903263,0.14138341298102278,-0.31386633284014404,1.0826425338430017,45.49943690177463
SCP,-0.20787534241906885,0.11331029353146163,-0.17989051712502907,0.28447545387062406,52.43836724837058
SCP,-0.3686759083717564,0.08369152705031806,-0.19191299015627242,0.3271847507297886,34.117266363214576
SCP,0.19901527523480184,0.06783399437909483,-0.05718069962504225,0.36162698461396514,40.28313609644259
SCP,-0.5753154143182561,0.04239993603838012,-0.21706574436085754,0.5010190166920775,38.78166135785711
SCP,0.1996781245510561,0.09565499546368712,-0.18090159294474922,1.3347730488171101,92.35728646644606
SCP,-0.36642813024604726,0.04272415943592549,-0.3212376937149348,0.40318968909312075,43.62974589935905
SCP,0.48457288026089324,0.1941784989057237,-0.2823460394443602,1.3254737811163277,96.12416086337888
SCP,-0.3711011584573084,0.17284106143629946,-0.34056830309321245,0.3896902327348599,33.27448840143503
SCP,-0.4784303808477506,0.15406083030636156,-0.15445511788903893,0.4022569178997822,35.04176384202183
SCP,-0.16520312571787837,0.13468282148131094,-0.3255142252002603,0.2741398402446286,49.38701211262633
SCP,-0.5781564758928842,0.08585623969728351,-0.1770383386031294,0.4500063112538341,50.175642825112604
SCP,-0.32725039862768524,0.045308156871734305,-0.041830652111681146,0.35934717269914523,53.98687415600772
SCP,-0.5560087130464585,0.021910218008387987,-0.2057707812127855,0.3867126570849296,44.57131765335492
SCP,-0.36425185246982683,0.09103891658361177,-0.15859843896548403,0.42916281999601447,39.80756774080979
SCP,-0.18923854424241499,0.2101999015182733,-0.06578677837682395,0.4282585032555881,44.29874612833759
SCP,-0.2223231344898536,0.20556147326067423,-0.23249933003325682,0.6071112469625712,65.69909999457236
SCP,-0.39627954997836845,0.052340106909488114,-0.34308109407177706,0.32300775589808917,38.22217650277545
SCP,0.3973725228773803,0.11983897321129573,-0.0997536572633085,1.3193813348221368,55.79311985053346
SCP,-0.14518482013416084,0.04234222183125375,-0.264103225345916,0.32340140874973256,43.47318155975884
SCP,-0.1635577705993856,0.10671716925392034,-0.2667082793051587,0.3677142568836659,45.036885205250485
SCP,-0.3065407479737426,0.06534286027684583,-0.18433245986042077,0.34957551988130187,41.83650107939165
SCP,-0.6022156107761344,0.06819040762651755,-0.24252636166096375,0.34990187367278663,48.388171351260134
SCP,-0.10810751729814261,0.1102973191331722,-0.22367745789193383,0.43631115145683697,28.885623463755437
SCP,0.14662366123512668,0.2321459016647412,-0.24464620397564416,0.5277084180854735,38.92357679588971
SCP,0.34417277643903077,0.16142917222370184,-0.24755950019621245,1.4043529838781965,101.29929922517631
SCP,-0.4240120040260772,0.014913059788518108,-0.4128837926398517,0.30996030502201627,37.351845861574716
SCP,-0.4557768662582185,0.03472490835975712,-0.1142091500634556,0.281821068034996,41.75300084603544
SCP,-0.31007750727035144,0.061631691359092966,-0.12161243111360234,0.5822150411724712,67.69190418008799
SCP,-0.3510398123125394,0.0838861511427627,-0.3976065305811279,0.21168900841815308,52.98768183016766
SCP,-0.35485259632773114,0.10037240138602761,-0.3632395267663059,0.2939865361577361,38.76867808973584
SCP,-0.2604664365486353,0.08137462445996135,-0.2589196218291205,0.3617983323899608,40.59180080892924
SCP,-0.3601055531135481,0.09450384104824305,-0.38257431408483467,0.4679991051287634,33.54583097827512
SCP,-0.36739746462477013,0.02731132470967641,-0.2977202818769769,0.29792174421652967,38.88792294311588
SCP,-0.5819613458405809,0.09085636470445498,-0.2353670684564526,0.5081479095150055,41.53949084300699
SCP,-0.30987842572672913,0.06774924598383417,-0.16471825970618054,0.5469987806269933,37.15182523893894
SCP,0.10551064865700534,0.18937287981108245,-0.034774501784710726,0.5320346276827642,27.94943519736452
SCP,-0.11006007494389115,0.05007525302605166,-0.02616897219759553,0.37597649926880533,48.71066166544233
SCP,0.21810601538340246,0.24211736260160915,-0.3049449428795921,0.5193585779518146,66.91361932256459
SCP,-0.18708197169548577,0.04982380202748134,-0.3763245154072888,0.27611656696827513,43.62930579775259
SCP,0.12579997817500826,0.09663199776891267,-0.2651309605881488,1.3427541061238562,74.36675152191944
SCP,0.4015357807443817,0.18496376878140208,-0.246919009485116,2.0913470515532953,75.99259598127801
SCP,-0.2609958859718485,0.18162731719733372,-0.22811157077017843,0.49424460955238153,65.36653169416608
SCP,0.08727714050953081,0.05913639680069381,-0.274506091371897,0.5209887225837492,49.43890465998837
SCP,0.2524659257597714,0.1339999881010269,-0.10910067015605077,0.5166784412269,31.68004828851268
SCP,0.24597864713314013,0.15878514797039986,-0.21108917739293157,0.4166524583915705,60.461102546525076
SCP,-0.2312120206578915,0.10757935060564164,-0.08984667557998355,0.4252989579066676,54.22322260039446
SCP,-0.25131859834156145,0.08222406740137626,-0.33851703839454345,0.2917970298205877,36.76842986104545
SCP,-0.299537517416842,0.10453821557984926,0.050648263404069194,0.5247484401210102,67.06979574621629
SCP,-0.21236493904190534,0.05152728599802313,-0.2896086371775986,0.28696529257246856,42.36616249060794
SCP,0.3608619194785092,0.19669088565566367,-0.24862931855901055,0.8837430781714057,78.34520439048859
SCP,-0.2944014133915501,0.039415635762071924,-0.3304025051154286,0.4420683306971439,33.68585591635335
SCP,-0.3516156234339225,0.05266353496962893,-0.2013837494603033,0.28473976414069957,38.12680992194253
SCP,-0.14698322151455767,0.061545379815840504,-0.26226833241757763,0.39489207135971144,36.37634990978888
SCP,-0.15932289409234013,0.06404720900691316,-0.13024992154493056,0.29982976339475165,53.82002732434786
SCP,-0.11556071864968587,0.07522996880365707,-0.30911341789933466,0.26948811144939233,45.96380385544096
SCP,-0.11708134401985752,0.054363730248946175,-0.23585022524779062,0.26441064707058287,44.98540812146451
SCP,0.38621986551920756,0.27948236169001067,-0.1352677785715434,0.44643368611378215,44.23322872525145
SCP,-0.2732989352049607,0.07344159044726248,-0.3978347742356511,0.25493130429607563,47.415636503100245
SCP,0.1301156923575117,0.2846726736964674,-0.28065708043425486,0.668705959259963,58.96593264513172
SCP,-0.1430530984242966,0.13879491125099247,-0.23641998723499436,0.4059314264196689,34.81063457845235
SCP,-0.22831189782070505,0.2326250076789027,-0.09977670547824641,0.5484753366127548,29.065410193732745
SCP,-0.3632506121153748,0.05705718264211666,-0.31247093137562004,0.3926158850791657,40.359965788707974
SCP,-0.29679965142079007,0.18501669740426605,-0.3377683592803825,0.9480775861611929,80.9068429709353
SCP,-0.4877308228741316,0.03695209978045411,-0.2586777879811718,0.3639069291141202,47.09574098054102
SCP,-0.4277748406856468,0.018707039971877108,-0.3921908967870026,0.29434158096813345,42.84614938580075
SCP,0.22001779897192483,0.10149334631671467,-0.2733429594150901,0.8678858017629475,78.4242204765906
SCP,-0.20721359694782382,0.03773871028163522,-0.33033128822009,0.43935916436462097,37.594555842851136
SCP,-0.4739962534204063,0.10040827079036159,-0.3279555989824848,0.2684188335773295,41.54006322549912
SCP,-0.1288753345957792,0.145274821865031,-0.18704895139319094,0.403460826798586,44.69207978821372
SCP,0.32330062780000546,0.3186986137402115,-0.1666643577817371,1.2327586560345791,86.83961869197705
SCP,-0.23742561514906566,0.06287628392405395,-0.3112877831249913,0.26617206804008153,47.68561470844001
SCP,-0.31954459864005164,0.10915560513157896,-0.31656446222758683,0.2989387300809746,40.134565917980225
SCP,0.16087567722693574,0.14913767773564363,-0.15783534505379745,2.029379430118001,73.53971617524148
SCP,-0.2865191319479575,0.0338156038549863,-0.36001682675059987,0.3009233982065257,39.19175298788848
SCP,-0.6543084691021755,0.14992552467482,-0.07135493122049101,0.4797130855641543,46.07009625717356
SCP,-0.38384435626510227,0.18759494713494512,-0.14249659049292687,0.3336836215001823,55.46392206289572
SCP,-0.270117355204063,0.050426538699885094,-0.3470869147498288,0.31395578948096475,47.641702382806095
SCP,0.1190895896129975,0.17363976889997595,-0.21817249668910285,0.5728944419878363,58.89730052984034
SCP,-0.15436608824056247,0.10664696154286475,-0.13547026782194957,0.21955612026259771,44.25323113646915
SCP,0.28529856158449457,0.1617101424056488,-0.2315552068748874,1.0259718000293456,55.808753728440784
SCP,-0.24391279861609638,0.0853835736102504,-0.2320539389444704,0.41076621849706885,39.05649047231644
SCP,-0.2796579942163623,0.013781966310812119,-0.3744397632624882,0.28941722433537315,38.40230163999729
SCP,-0.208677359230124,0.16604754413247932,-0.30703585589384047,0.7183373096898534,71.09892141617925
SCP,-0.39198802505870933,0.12440319915271347,-0.3456846673837272,0.3798920285464266,32.815675097632365
SCP,0.16785857727082043,0.15656748656790473,-0.1805945336008845,0.6237547766036103,67.30317763207087
SCP,0.04620198741808382,0.012000847979022167,-0.34471768099350353,0.27611430545847626,39.735006626897274
SCP,0.17310079912563214,0.03832518699891645,-0.11830663709263077,0.29428327024083145,39.83098477505297
SCP,-0.1956711898025419,0.06962205296187038,-0.21938099319028126,0.34411112263345645,49.8901980542195
SCP,0.3544272470787806,0.3327006492431067,-0.2686508654954372,0.6062759130410575,55.30835910479381
SCP,0.3858417607804216,0.08347633900175878,-0.24661878475434024,0.17315707901596938,47.408423543423034
SCP,-0.3169663440962692,0.14187784951513865,-0.04573064594353917,0.44733181626615504,35.58944121474834
SCP,0.37262732806629517,0.05118255387711033,-0.25049939335303034,0.22502646352840422,48.87022649156345
SCP,0.16727958257005887,0.07687163597200464,-0.19171751223123065,0.6120342596042044,73.69942478137453
SCP,0.14291007798696537,0.09318154138615767,-0.1031039730736159,1.3333564249057492,53.91443321517766
SCP,-0.2567042355869537,0.13519591542371004,-0.2420391858643146,0.32417997465712134,53.207031344350554
SCP,-0.5226758315424145,0.035236017893101254,-0.19751617050219197,0.45051675309962025,41.17055697433481
SCP,-0.29328280425120173,0.14931776623927795,-0.11619546802463102,0.45530689829792365,41.613278507430685
SCP,-0.39964627195857577,0.0488993705546675,-0.09929560501149429,0.3657213601701079,33.182388168699504
SCP,-0.4928760322958201,0.07761377764475202,-0.35508360574348563,0.3830926541981118,35.96632887670296
SCP,-0.324228527924348,0.09692024641908738,-0.1351335453672376,0.4265879311123985,47.68701046388303
SCP,-0.19497166789019132,0.08505584642721992,-0.3573651200425486,0.3690390905948794,49.3710356948336
SCP,-0.18688766468990067,0.6919649682324296,-0.08039749301277406,5.384020763390606,257.3046356238857
SCP,-0.13524289553389027,0.04449781843130709,-0.2851124395564524,0.4376657509078459,41.622231739085386
SCP,-0.16292824936909944,0.14304398083548248,-0.4150758906527989,0.2945898984848988,44.251497535230115
SCP,-0.11237670215698266,0.020433774593831118,-0.2500375023502403,0.34864834391595034,34.58533598443793
SCP,0.19222175513641995,0.06105204022877227,-0.23739715252119833,0.1861886087367602,47.587765158882625
SCP,-0.30471462093660673,0.06985248859382373,-0.3412868172341174,0.380628289560797,37.594827886295235
SCP,-0.3253699485678825,0.058346948456800565,-0.2705339986278558,0.38966134427198384,35.975601246687205
SCP,-0.15759117782309662,0.14972526524375174,-0.2575916289583455,0.39005902093548905,59.51601339013869
SCP,-0.31219264187936635,0.12257253178978098,-0.2928368500223412,0.39887329506042546,29.44195507489277
SCP,-0.18453354354201368,0.2428114659913097,-0.12181352784562982,0.46699799166234046,53.22167431419168
SCP,-0.3051242930628336,0.024567486166837554,-0.3324532138568942,0.3329788863145661,37.83988913432354
SCP,0.3342700676465646,0.25486764802360246,-0.21948536917395342,1.343043689926936,85.03091806752555
SCP,0.2571499931045865,0.2573556470574786,-0.2563008566484207,0.650282885392755,60.45375007366084
SCP,-0.25685771423287257,0.0774622786837139,-0.21336950036978186,0.27365758045382466,41.81822131706727
SCP,0.16802520223603518,0.1426966101349187,-0.22728861585399632,1.9927235068444897,68.53587780385872
SCP,-0.2972104046929114,0.020545063489659857,-0.37338841010960333,0.33921589788095885,38.88282156039368
SCP,-0.20767843532786323,0.07914277366293923,-0.3235691778716071,0.44034765968876,32.366225221880896
SCP,-0.4029544123856542,0.032691903318539654,-0.36477358994401027,0.36810091240339443,38.0168011222912
SCP,-0.202367912141568,0.1593324231300893,-0.4369830459050376,0.1940956711137781,52.74615017478348
SCP,0.3808586608188659,0.35788180454050467,-0.0643721016658908,2.028254199311101,122.48025919795208
SCP,-0.48659115783827644,0.07864792085583477,-0.25537858183263334,0.41370518877916834,38.37155364912983
SCP,0.1443604652742071,0.0860220579801659,-0.11259499385788019,0.25739540020253765,37.69238769188208
SCP,-0.23016277175064143,0.195549985934158,-0.20059399521330518,0.5048611091844122,38.8020246856309
SCP,0.17294644567880801,0.12404484618046259,-0.22721507429671833,0.6167035999716243,77.89430221033055
SCP,-0.13420949014312564,0.11228031229056779,-0.0692296340375738,0.4349699051842594,38.58873285351886
SCP,-0.2703255262020307,0.14508970978844019,-0.1637511362454413,0.6583262848536959,63.753446968888255
SCP,-0.26151269692269585,0.14384243924418647,-0.2620767356324826,0.4681502059442325,55.62915495360156
SCP,-0.4576633636535079,0.02485488844774716,-0.427887543202506,0.4001255073553683,40.695292072618166
SCP,0.45024197113974884,0.0856013194156359,-0.19978134804033956,1.3955281337190495,74.80906312508799
SCP,0.1240232822695891,0.07381541368625573,-0.2953584941752221,0.5472594185802311,48.26888807360362
SCP,-0.4478979882649487,0.0907622956866921,-0.30018305619764024,0.3744560202791635,32.87033858480067
SCP,-0.24597537419902504,0.0767686610873874,-0.22224965666219046,0.2795727180197983,46.66298626736297
SCP,-0.1519186193919333,0.18101787785957524,-0.3021365323563025,0.41242629097093536,49.852788443792164
SCP,0.17952853886419978,0.16133830917927355,-0.2285606968777987,1.421114438376623,98.4510751635374
SCP,0.28032260340229687,0.19906674151508383,-0.18674193044695586,3.655315021067525,171.2513733069225
SCP,-0.10409233299511436,0.1286959240540925,-0.16869482182364567,0.5210403661881797,27.877192643019242
SCP,-0.14747707863055426,0.01776595504925803,-0.2208291483842588,0.3688911754108458,34.7895315014883
SCP,-0.41285135272559204,0.16994965786745736,-0.1089549098625436,0.4467920523991666,28.078643487637347
SCP,-0.20640485490530835,0.11975152264027815,-0.2012960669192154,0.36979869226090006,51.67232214250152
SCP,-0.42861462958510443,0.037325537138954666,-0.3713522864854231,0.4492158045649961,38.989869993004646
SCP,-0.1834288098736665,0.08935441620322823,-0.24817768010779565,0.5236226070884942,33.01131377955002
SCP,0.1116488338022486,0.03056030221211443,-0.16121100737189797,0.2732635466033555,41.488264477982895
SCP,-0.26102987740027794,0.10935576167504861,-0.1677350019762938,0.36860592156072297,59.215662865183376
SCP,-0.23145483169297837,0.2544582004400462,0.022350317893261307,0.5554081182522854,29.31373490340787
SCP,0.2388008195130914,0.13254597665502763,-0.2880096015973754,0.48863757780453,54.69040491121406
SCP,-0.07930366867978848,0.028879809648599337,-0.3883406831266448,0.32248627922918105,36.596569974133224
SCP,0.144697119143746,0.03205468030989414,-0.28328751840869476,0.3410025558143115,42.614992722542
SCP,-0.4536712917295751,0.0494016850106601,-0.24452178920348652,0.3717538859294791,52.37436255664087
SCP,-0.2830719949559478,0.2027908128237817,-0.18901986437431342,0.416976745736419,34.95081341509426
SCP,-0.20824363468423157,0.05369188769221387,-0.33333265410245816,0.239692676767766,39.979325374517536
SCP,-0.1999298487891211,0.07642346862325676,-0.32556933094544027,0.29060830625124584,48.26915606582088
SCP,-0.2610761061922747,0.11868472058121442,-0.11635085431749245,0.4646079729411729,34.07920763626176
SCP,-0.1433595725032501,0.0688058560310936,-0.08188871464203192,0.40158644029795754,37.2710332961143
SCP,0.2446616151450355,0.0771333581136752,-0.22307036670962221,2.068013621540151,49.62610609918218
SCP,-0.06241933164667266,0.0754487259489802,-0.2693620231134293,0.22277635049615654,53.91377849987144
SCP,-0.2649310226659661,0.14437975729887123,-0.27877180661910417,0.27072048647005215,45.16147148636959
SCP,-0.13051023499759776,0.08993591540534832,-0.3456295397831169,0.4505205551102317,41.901208150200134
SCP,-0.1497510237615967,0.14794069357857342,-0.09502373469919582,0.43929604778119624,27.93626662149041
SCP,0.13980890316260478,0.09829971210368656,-0.2852922036480066,0.5285452890645482,65.32319117411325
SCP,-0.39897811530688865,0.06774340304526631,-0.44815731319255586,0.28299486210745584,38.5591769961753
SCP,-0.159934725056692,0.11425919199705292,-0.257763935321798,1.366388695646778,80.30307141169968
SCP,-0.16532534926046272,0.03592923726480372,-0.26338806778834756,0.3598655556208286,41.7970447017976
SCP,-0.20765733304800088,0.051473112434198345,-0.24178125120054256,0.3883003170213377,36.51749637875148
SCP,-0.7723660005138356,0.059099341306423456,-0.14513840134645056,0.3934972626093222,42.146662641454874
SCP,-0.18287978921847342,0.05139222551088796,-0.2775653050022311,0.3157765033471587,31.185541594620737
SCP,-0.20709104567977166,0.08711121577002211,-0.2712723062955111,0.24048249313711345,54.63048936470702
SCP,-0.28574531336530196,0.051448025145396634,-0.16876769427577026,0.43169387487136207,40.6874830127371
SCP,-0.30490630298621724,0.052829218545906075,-0.32464742812491265,0.3500122478656744,46.14449975739225
SCP,-0.5969681281863328,0.045481482858925545,-0.23163672801418045,0.4247119592141918,41.2315656713341
SCP,-0.2274800990466605,0.07720731493678618,-0.1630062687833012,0.47491300969581607,36.69674148008453
SCP,-0.09671518835435297,0.10645391800888429,-0.12220468449245905,1.4365647080198471,80.5186458299888
SCP,-0.281986920150384,0.06187477103139616,-0.22959366608999038,0.42471008743904815,30.62249284408994
SCP,-0.1462939293290386,0.17326731215188282,-0.4105484124298795,1.4091568636277223,100.1700538873107
SCP,-0.22064775813218032,0.1636680289939052,-0.26993756881512226,1.4265467606681053,63.57336659334746
SCP,0.35522493670673067,0.13767906108335867,-0.2701833602686336,0.3919967237088088,44.934734279041365
SCP,-0.4728222632509349,0.08442322779583955,-0.2868983097585469,0.4870885612592907,29.87016660556884
SCP,-0.32276132263573104,0.0111532333346083,-0.37816475471449157,0.3265267506459768,38.86781189583714
SCP,0.09931188096235267,0.05032291886131551,-0.2417807542126547,0.2637869812835095,45.34455054041223
SCP,0.1674291760493544,0.07366655179248563,-0.2695179357492755,0.2323413088791479,55.288544917910286
SCP,-0.220611215927714,0.17603643099119656,-0.21233819353201727,0.4581846545995724,57.15371602479004
SCP,-0.17061546685164863,0.10512343986542069,-0.17841497752678412,0.38461458042256047,30.0306289042471
SCP,-0.2940679844264413,0.02446058795296514,-0.2043901388406809,0.2005455912687675,49.453305552827835
SCP,-0.17449293919127,0.03278823231238233,-0.3770915151863659,0.36219324177886664,37.57720929508577
SCP,0.339272177250098,0.08752858963489463,-0.2451758276000622,1.0220174235332815,43.49034631001568
SCP,-0.4324642475419093,0.03933721575640789,-0.20984954734882277,0.3938285516919649,32.50876537320991
SCP,-0.4303079300683281,0.06682593995307867,-0.3099319309003386,0.45434547145117843,40.23915578562573
SCP,0.06764341449833186,0.09872108886222346,-0.2778680645668188,0.37821009737631184,52.884775082806
SCP,-0.4531240595542781,0.05959689747507315,-0.3690832689180162,0.42749133887056545,39.17682568490106
SCP,-0.20878993284116004,0.04900924248010436,-0.32394793940057937,0.3615485209658806,44.5050036370218
SCP,-0.30390887233791963,0.015668488012978828,-0.433733439013146,0.35995987502477994,42.89929146604654
SCP,-0.3861484446977002,0.08717064155437397,-0.13153330151513018,0.4158333429274153,32.92852888452153
SCP,-0.5000971454616845,0.042436052209944404,-0.13441925844943797,0.3781859173492729,40.83819971468172
SCP,-0.39125665724343234,0.07238824707641656,-0.36616459412274366,0.26401856969155857,38.649476836879856
SCP,-0.3567437888987841,0.10942618848313393,-0.17643198998986037,0.4056031820433597,49.5188129932359
SCP,-0.117565077943979,0.0566098159559405,-0.21292368789683527,0.31401744820092525,55.814822887976234
SCP,0.19367886377333593,0.15214690713225207,-0.18710633330529078,0.3567742966429997,52.07906581854679
SCP,0.25020279336571827,0.3789977671597774,-0.2657584306058583,0.9364089026525709,73.25361533973182
SCP,-0.19841076966233862,0.09620951968917776,-0.36217761657423,0.5643638088237013,48.31239955048761
SCP,0.13807294586239371,0.11213233129621185,-0.3424434220405021,0.45147931264719476,38.70731939415562
SCP,-0.22463712167012428,0.026962459889404287,-0.19287998665332698,0.43655543422439064,37.49982113055218
SCP,0.09174090322573845,0.14442481944515065,-0.2443675261114974,1.4579236210018471,36.114469546798205
SCP,0.20958045528760114,0.2699149298627045,-0.20207597163496832,0.5820472496973339,64.2124571414517
SCP,-0.28199120738952227,0.031532696360057476,-0.3607310788575571,0.2630832048513186,40.622869609858704
SCP,0.2465057570072612,0.025751216907460673,-0.16792489777427758,0.21620297831995902,45.73496334289844
SCP,0.5012401581993216,0.12439740256479177,-0.20304079232801842,1.2401571450817868,91.80486715658253
SCP,0.14483465354367242,0.06958175096785164,-0.25057011377431804,1.377790349233718,62.24191668993016
SCP,0.18955461879393942,0.189171259164418,-0.24734063187356625,2.389170098864206,137.8750239788815
SCP,-0.04536370035771601,0.023636267530945852,-0.362502522325519,0.22467327039339158,42.573045206928406
SCP,0.10984160227019657,0.18964612317988835,-0.27287433620122686,2.387128265185904,141.81045532090633
SCP,0.08659059948240001,0.13367470943525178,-0.20168728027286478,0.3566388228157573,42.88349091112018
SCP,-0.14412700241568333,0.08491572409470624,-0.24526959900315562,0.3875265031126569,39.724613997570444
SCP,-0.23379863550921148,0.0714811575640585,-0.2994613804360044,0.3298961900108937,42.33355657495011
SCP,-0.3671838494646311,0.045981371784528074,-0.23730193369380814,0.41107894638110126,37.16614530663346
SCP,0.16397635468550098,0.06670073261010251,-0.22518919264652154,0.23903868292517882,40.74253624563964
SCP,-0.06988626568465932,0.2756396772699058,-0.24066483562679192,1.43201535702826,98.41617730215876
SCP,-0.49517276566870855,0.027086053317752056,-0.13889639320620165,0.41482006780306296,36.27766898619638
SCP,0.2948125504719588,0.20290824359560294,-0.18303614064644905,5.2700345806438715,236.8511801191034
SCP,-0.15278061121031372,0.1286133763201161,-0.18041105538728294,0.5102049229558954,28.02151217773892
SCP,0.11370408049745831,0.09397510467501285,-0.4002016112254848,0.5874860896157829,50.30696940198595
SCP,-0.4332620600363571,0.12189368398248202,-0.42795464494142094,0.28898766642350243,37.610013260679125
SCP,-0.23130322029935105,0.041858308773590674,-0.11053511654200797,0.2989530302443171,40.64907579796176
SCP,-0.12807044365285336,0.1449649039426202,-0.24571985779046376,0.41385990257534055,59.78790394587955
SCP,-0.517138653209151,0.20621362034445392,-0.24369775029521393,0.3864097908487777,30.694019688792203
SCP,-0.2337328300830385,0.21952056412922283,-0.20789527824891293,0.3849843701581217,67.85212297406011
SCP,-0.09938660493392953,0.04364023771834019,-0.2582640796348282,0.2632998981182824,39.391042681807775
SCP,-0.40900359677178777,0.02285938526057244,-0.3843750631297105,0.3810691849729506,40.46954353847558
SCP,-0.6754234867139938,0.12703360808906847,-0.010244315868768686,0.5547568693180438,39.47371876384546
SCP,-0.12946889575946452,0.14748450044038464,-0.10405463248929074,0.4807876863520044,37.352675174522474
SCP,-0.2502304427807246,0.05121144961434587,-0.39949533375894836,0.36914769442694645,40.81573345957941
SCP,-0.41546196407177316,0.19020992580490048,-0.20928994400037873,0.4684734064424227,29.526023477801758
SCP,0.3538411122781824,0.17151139223812326,-0.2318456722102936,1.411836962117615,70.52423545431901
SCP,-0.2570853749986697,0.06160617805771831,-0.2623782412763741,0.3432312260377727,31.003849096547995
SCP,0.20547345272652023,0.1874675718364989,-0.2604196940136394,1.3255747988472955,100.31323867635408
SCP,0.06564978722410988,0.04947579960286777,-0.22608731957759884,0.32106383116215237,41.63356822083643
SCP,-0.11779811853596711,0.05014054609447377,-0.22569098142215946,0.3889135920838228,35.275075366152365
SCP,0.2254365775227825,0.27764158547383255,-0.17380911236117405,0.5419722204646605,38.68244066224811
SCP,-0.3756005553718036,0.23600333907027907,0.050056033173319206,0.5606344552980522,34.083723438823334
SCP,-0.3899245512384626,0.08290412551075393,-0.07489161460661649,0.22997717237055457,52.70697555422893
SCP,-0.2354059986922023,0.08204926410875711,-0.06599836458078086,0.46571937996090607,39.0669084838761
SCP,-0.26811055516830423,0.21683897044661707,-0.2207542310864197,0.5509167729496658,69.93419598074804
SCP,0.275564487258019,0.24507657645102063,-0.21316407853701638,0.469708104141134,55.556055347299626
SCP,0.2582385818407189,0.24619553222915233,-0.17576588936573848,4.07580368884877,160.31473206490972
SCP,-0.17756489546029675,0.13952728836983425,-0.31899676170856234,0.25733274907926534,43.80797585661725
SCP,-0.14029784041444626,0.09398546033739354,-0.35925274767530496,0.45913519494676386,36.882748418193316
SCP,0.1983356315866242,0.11018610968493843,-0.25692139291878957,0.4306595750381878,51.07374784127877
SCP,-0.1555958331231821,0.057888871073361915,-0.39323006852765763,0.3110217831559814,54.00459141843183
SCP,0.17176621844858447,0.2970817679544863,-0.3429547467107479,2.1577600662308485,76.78680399134001
SCP,0.1072653328073731,0.0687910782381662,-0.23187474748578452,0.3882944421883648,63.48180102830496
SCP,0.1776271485759668,0.05422089492145786,-0.09211465603945182,0.2989646822801664,50.59461705492415
SCP,-0.18817739396186148,0.16899516378253363,-0.07366494689524679,0.42217111207655245,55.24496354393361
SCP,0.4847060928732503,0.20014003693940147,-0.24264810099971745,1.0602319227429835,48.60261047371361
SCP,-0.2586490551652654,0.11159641725219734,-0.23193130163834397,0.49045163393249197,30.78140231443752
SCP,-0.3832913869695529,0.01660140216568321,-0.41197661413224845,0.3743382778760666,40.146434702789186
SCP,0.4845369042309655,0.24578889107756136,-0.25439664490116237,5.31758390182875,231.30484050349597
SCP,-0.3024041673059447,0.06271258882696595,-0.2670253568494492,0.48159729762466635,32.618492799983656
SCP,-0.2910464277187554,0.036370243308782656,-0.2982878265091766,0.3380385799473215,37.03987167888232
SCP,-0.339922627025714,0.09806920108616626,-0.2326663512016586,0.4668698323759611,38.658988999496536
SCP,-0.5571909505101315,0.11559585670945124,-0.2636198682492728,0.40945701749960217,34.601553450284555
SCP,-0.41450362726969037,0.04882539798350828,-0.3664251967655381,0.30822193666652226,44.639649785323364
SCP,0.17251769303068842,0.21788634140455806,-0.19564743622572642,2.020580628814932,75.6103467074695
SCP,-0.498211993284952,0.053587977719214516,-0.20333735072194417,0.43314318450236594,40.091399559862424
SCP,-0.24757804391415433,0.22112835247841942,-0.05305101945373061,1.3820217323295707,55.35341450564786
SCP,0.0755242102158798,0.06467226759216058,-0.3944235388480922,0.37344680930796853,34.585508254830046
SCP,0.10370260274195195,0.11754981339513507,-0.30776696696641104,0.22609711657170745,53.28978659554861
SCP,-0.36555761891816624,0.032201464034883345,-0.13491051857961048,0.41471475299589283,34.460925417032115
SCP,-0.1273342345966555,0.058023779562878866,-0.3808365665411396,0.34574985452193,35.69846868795103
SCP,0.2629009051402078,0.4580710425595239,-0.24687781520240448,3.5381830818532958,107.56738596400729
SCP,0.1871600412245998,0.25869917433432427,-0.12284425969477468,2.053636371514963,39.13935995594672
SCP,-0.170946358944288,0.04909383992997335,-0.3188461982703433,0.3851175766444359,33.22903513884874
SCP,0.30652014309717246,0.17387743213343285,-0.14713743166890036,1.4013817215450008,107.0726428912161
SCP,-0.3934127598552794,0.03270382763402914,-0.20586498534968228,0.36687962391578904,40.94307820573088
SCP,-0.5321572544957309,0.08874371024186947,-0.22789925676468045,0.49674127468536855,39.89176937294807
SCP,-0.3593787162705978,0.052600706015943424,-0.3478619229275766,0.2286629552320896,42.39729127660657
SCP,-0.19135947515247176,0.07267974782168368,-0.2453565153621105,0.43492254896745297,42.15885824930394
SCP,-0.44781410867488625,0.04909344877137876,-0.40592314075982533,0.28862158202067256,49.69447703776396
SCP,-0.4203638476644673,0.023932178842593455,-0.37678325704563126,0.41855648754691777,36.756220383023546
SCP,-0.13604670920141915,0.0343744665668609,-0.30784369778248843,0.41002103474445445,37.25590889153617
SCP,0.1640284892824475,0.25687701370005633,-0.3544148415539135,0.6553271124333487,75.05922271066258
SCP,-0.26611571811084905,0.10141528187678535,-0.15048426707394671,0.4912246673564976,36.15616262191223
SCP,0.3448547680228893,0.08303166986723214,-0.2602236976820059,0.4189196262152845,46.86162108082154
SCP,-0.37631853305040025,0.1149209126043689,-0.2926099096454458,0.3540540474064746,29.50484770633778
SCP,-0.2019654125870291,0.12529403767979647,-0.22627081468789279,0.4700600120040313,36.77325111065052
SCP,-0.43687100653194805,0.03031989634091457,-0.2846977441316596,0.3297715835661599,41.31073334210767
SCP,0.5002326996107622,0.3106397635826752,-0.1192284421466805,2.3674138924149353,137.5151737320092
SCP,-0.4927656149890117,0.03635315478450939,-0.3118430165197482,0.29792842457238694,41.473090303696296
SCP,-0.5943045065387107,0.03598260168477914,-0.16582174697831664,0.443301471798311,46.330734018699864
SCP,-0.2952192550766204,0.12442746606674285,-0.21064394751657028,0.4910044614542557,31.82647984223567
SCP,-0.09528982261853966,0.06392381607204463,-0.2486987285702232,0.4036280867246696,41.985177914045096
SCP,0.12463573137438828,0.07432194366755301,-0.25818395339144545,0.5811634022167342,68.19143083077539
SCP,0.3769531459475223,0.2370788419497262,-0.24812991173473842,1.546760357956952,95.86336970661546
SCP,-0.36769343455311465,0.16313773131823633,-0.32930440375041786,0.3237999718011917,40.71623998768502
SCP,0.07808290378799809,0.10105484554954772,-0.23542059225549664,0.21937105247078137,46.03589870876035
SCP,-0.43668278189755577,0.11689483262644582,-0.2664507244085053,0.4573571845954909,43.56328206217299
SCP,0.16023679749151473,0.08330145182087528,-0.25333693555255243,0.2556575243064788,50.618175508004654
SCP,0.08908697541465906,0.03071158081621702,-0.08454917646917484,0.3631624572806306,32.57577405508422
SCP,0.2002832650655734,0.10206974770971229,-0.08908633293684379,1.321020848512289,99.52645729848317
SCP,-0.3102296176095763,0.0507590829726504,-0.30084832408808393,0.37902404517155847,35.96182860263562
SCP,-0.36095687571853746,0.054061074151427115,-0.22851283394279803,0.3026027675917377,54.35410188978065
SCP,-0.11535937149825226,0.11759471849515342,-0.3953832221968424,0.5359762650823382,34.00142842609198
SCP,-0.3027232629155523,0.087121350302243,-0.3123193252756262,0.4302071080296121,43.23190893269841
SCP,0.14887315240739463,0.07721866921353869,-0.32068697146012853,0.31643381214451965,38.89573201289586
SCP,-0.26528260020813826,0.11693309594989713,-0.2395151654314134,0.26682855016856266,38.460611345062716
SCP,-0.0747258038782948,0.027439020271630025,-0.1488181696411281,0.34492346642839433,45.09772853968664
SCP,-0.22833830583455428,0.04007151718862782,-0.3628188034189321,0.3957798453905803,42.49207069884696
SCP,0.23501200013201973,0.1625488826890652,-0.22820504584489495,0.9143474220867988,82.5385540158329
SCP,-0.3643247525993209,0.008929578550073768,-0.1373703953567965,0.3294596197920244,41.59459207365778
SCP,0.3140915432712369,0.14183959206663702,-0.13940920841304208,0.25109480970131853,53.05124206308482
SCP,0.3178004927878525,0.13828975292473153,-0.2990482974470853,0.43454676403262077,46.14962834060852
SCP,-0.45671358040832366,0.11160632577242702,-0.35705855419744725,0.2514971945168214,42.72737923000251
SCP,0.25008735103266505,0.06853505217623648,-0.19925275052110147,0.20352209609586927,51.21659068554351
SCP,-0.1673820922164766,0.04192310885911552,-0.3169121195256765,0.3661114107102868,54.39876721272566
SCP,0.2764915676565213,0.15326140194361818,-0.2785637057944252,1.4197850518837785,40.03961445596933
SCP,-0.05367618328905928,0.1789377414546291,-0.2937401353166985,0.3785654972359719,34.74812921288494
SCP,-0.10973362514384971,0.08232293201507108,-0.3401107693721633,0.3152485506098166,33.90574180660889
SCP,-0.17281362524129054,0.1928166505176016,-0.16424133577167854,0.6675633802639843,76.0701685308578
SCP,0.0707358746149558,0.1688458872016284,-0.26203906959838347,0.5431646949833712,45.1726694351793
SCP,-0.42169412194173794,0.16155175020899604,-0.1580421247947505,0.4331035673089726,32.31649890317827
SCP,-0.5043563040087825,0.0746876580422868,-0.296724559855109,0.2731425385804453,43.7186808084848
SCP,-0.29876971991595824,0.024916376629216315,-0.30700385673007596,0.2564535637411793,41.25221466967484
SCP,0.08012487871849255,0.1374611830911128,-0.36305117812732146,1.1013756026710189,49.93342272703245
SCP,-0.2567021911429124,0.06199312801537669,-0.1819972953710843,0.3958009698962703,41.34095160537943
SCP,-0.5512239096976821,0.13853600156496013,-0.19813370260386154,0.3708787980019109,37.36509421803535
SCP,0.1884431485486581,0.20471206967894245,-0.07608499939246101,5.260339144268324,232.58921056942697
SCP,-0.42011592549084004,0.057525428734937746,-0.1346520999890965,0.4436748377364448,33.36359069591873
SCP,-0.5504884513148431,0.13274827911756792,-0.031094066908480957,0.5706409858662942,38.38238385444152
SCP,0.06157544627828743,0.0882146683083114,-0.35009089393039555,0.48280011388031047,36.24483990638431
SCP,-0.31126255177634066,0.051745524923868226,-0.26633061932108343,0.4580514838962626,38.536198816200454
SCP,-0.10796300948995824,0.13805029378343373,-0.17779030352077788,0.43528097843219166,44.48844669883197
SCP,0.21852589204470513,0.06520453037028318,-0.1325415398816095,1.3094970368996917,72.12369227794925
SCP,-0.18430567422948435,0.14157246278346758,-0.27148377375335736,0.38336479019578595,42.139939125587574
SCP,-0.06926565950040235,0.025185103062275373,-0.2416493544166798,0.3519712564828054,35.25731604447611
SCP,0.3415630930082839,0.23407238424579968,-0.30149182770760513,1.0691418778886688,39.81515277236202
SCP,-0.5530666116355458,0.018142420055989143,-0.3113394946918959,0.42832526858107883,41.73537318576228
SCP,-0.11827409887134861,0.11830317343206449,-0.26965172083433125,0.6362894691861994,73.92038955833308
SCP,-0.3577379208356096,0.008815233850683418,-0.17672830761436623,0.3421862249039457,41.8204671263645
SCP,-0.1616848263433522,0.06445513391841433,-0.25028410443781696,0.32039012630333547,36.14558809010526
SCP,-0.2171939365315795,0.04093574909223187,-0.3455912269089384,0.3538340442666794,37.41836356291476
SCP,-0.2852239368004808,0.04332892563212139,-0.3099282308654209,0.36164231633518523,37.80375702335291
SCP,-0.512562306024325,0.03333691156913813,-0.29074025930480685,0.350939866265313,39.3710867797364
SCP,-0.33776274317304955,0.20272131626177212,-0.00717272029259438,0.5327888359212188,34.17677777338896
SCP,-0.05745246240242377,0.03528205557170274,-0.20491779427615797,0.2970972031794026,42.766409444538375
SCP,-0.15220583820738273,0.05504049011188168,-0.061355243954895014,0.3978117608802053,29.211049723221347
SCP,-0.41120521900501456,0.05975390975834653,-0.15395410639255888,0.47162775696044,36.26145308230115
SCP,-0.18273868042908895,0.027903986252208253,-0.1835662711982172,0.3311924442728066,35.14059466693005
SCP,-0.37844316163544767,0.055409975477498305,-0.3025570000886268,0.4548563130205983,41.09468151554562
SCP,-0.1308745011715857,0.01021048470317936,-0.03256316366924848,0.22348410071924718,40.27657462902209
SCP,0.15733355245182823,0.13079294346515816,-0.2588219338804673,0.528408184986613,47.90417123978638
SCP,0.2615138707533185,0.295520128368732,-0.2670876265396704,5.297015757052468,239.22794590571942
SCP,-0.12620202025305075,0.06126636060541907,-0.3191475328720821,0.4158940781808024,42.35009091967992
SCP,0.2438272915459882,0.08267639180154503,-0.11517375800275728,0.3092373824786329,38.79271506655375
SCP,-0.15604916360983273,0.10515222803113264,-0.2829631803749882,0.4127640800536864,34.64034854113369
SCP,0.10922240207509176,0.1099883123520768,-0.32005197316586215,0.275317433370034,47.97220434918078
SCP,-0.46147756726467326,0.048611127795225896,-0.39892722531881875,0.36138917749414506,39.92485497968159
SCP,0.30879067784126496,0.14980722611229863,-0.22474945656543474,1.1102378471580097,51.68173308294298
SCP,0.41834706672464345,0.09597188147360222,-0.15535331915008052,0.427728101647469,59.024238857014275
SCP,-0.3391100217266029,0.10436270506282683,-0.40016476390431166,0.40045711187433786,37.589920226661285
SCP,-0.39651105260025477,0.01742965892443476,-0.4132486736314475,0.4348843289049901,40.06465235495801
SCP,-0.44644187227919574,0.020496164552758565,-0.3699369763040362,0.37853965455421607,41.22596375398128
SCP,-0.11848314684528488,0.1402731526068514,-0.31555564033185535,0.8994780433727158,76.92809212772926
SCP,0.12412556618229427,0.3834450675320382,-0.032284855220007964,4.08337033681279,156.63568770138977
SCP,-0.16325303679328307,0.050004482844109036,-0.3915566609155019,0.283953283449114,38.83493833964476
SCP,-0.22811453961861233,0.23009545959739125,-0.20945693909254068,0.34096342657019846,49.23508716186463
SCP,-0.1977286760649489,0.17633814155847768,-0.2954261412024348,0.3167226771080343,44.96861510715835
SCP,-0.12049175565207824,0.13596631977522072,-0.13344517936996417,0.2632873672070129,47.36088252454965
SCP,-0.5527873755542172,0.12557209593248972,-0.34335171828447303,0.27446043893953564,48.21788617337497
SCP,-0.4162671977250067,0.068533476743083,-0.2661169640449519,0.22860734703180915,42.246454001799755
SCP,-0.6212188072436906,0.05993018706224147,-0.1077530621361617,0.41767730243431517,48.466704243321495
SCP,-0.27422667891697905,0.12157759772331449,-0.24038373273159447,0.3330844003692601,61.175103329967
SCP,0.3689681722636776,0.22795525367554942,-0.2646931311291029,2.3483094464270535,132.25025942543465
SCP,-0.2609322123412302,0.10219224863662135,-0.1687888544679644,0.31675298752617054,59.59654456369884
SCP,-0.07679164715901568,0.05238994564745375,-0.26297368967424567,0.3875463331333376,30.970694831199392
SCP,-0.14329969921651997,0.059515625211758995,-0.25533511357169975,0.2130828296801392,52.64206324093762
SCP,-0.31249458018741383,0.1849909410856799,-0.23020587881125654,1.4258810551761265,75.43371343692964
SCP,-0.08057063811101672,0.03641130974688406,-0.2807115999514584,0.3404227698429995,36.179721731988394
SCP,-0.12692229217219836,0.07600243321365042,-0.30238556155015367,0.3029658277890221,43.260301073001976
SCP,-0.32771465319775944,0.07714832656745965,-0.3505409523920159,0.3472046612321976,52.341991306401596
SCP,-0.2921904687419614,0.06700003307653159,-0.1280193972449036,0.212104209814773,45.905444797119976
SCP,-0.20067099503636587,0.15515795854093267,-0.3135260828458725,2.0878721341470876,76.82897790298313
SCP,-0.38678879969662383,0.1207794657742283,-0.185601801469359,0.5351489464100713,28.960952183359957
SCP,-0.24088429199346906,0.062480867809336024,-0.19025569583072224,0.4350707101982138,34.36410489197431
SCP,-0.2130335851345302,0.019641502730981166,-0.294942326008123,0.37281309567053345,41.607780142501284
SCP,0.10646850026268052,0.034094705309783674,-0.29889059065120116,0.15709234786328521,47.20706233299638
SCP,-0.3168756631860352,0.10865452558337274,-0.07830803260549433,0.3616282629644567,46.55753914136264
SCP,-0.36290128619051093,0.05755033928085682,-0.3061570750519239,0.36183783400721653,46.66570149274993
SCP,0.13547044264215097,0.06607017004490617,-0.08358430664165742,0.34241826012978327,36.11492379259933
SCP,-0.05458971827512232,0.049956571115938854,-0.297370488110647,0.3303263164315287,40.44127836879051
SCP,0.3342316536707313,0.15408676095490054,-0.31173510676293414,0.5401424536331737,69.96817469063413
SCP,-0.3828836627964528,0.058805555987430425,-0.30350536352783936,0.3023992898120977,44.67923800025061
SCP,0.22308149030790475,0.11406862068749939,-0.31354603291453875,1.4350700273354704,35.38508043727208
SCP,0.28404005802727267,0.18114006765272037,-0.2228843440349789,3.942847962822343,157.45394173774872
SCP,-0.2448336495079727,0.06495119322010715,-0.1870878994704773,0.37756873074515496,35.593691248152645
SCP,-0.28074609519451,0.10855892768945537,-0.23207438211308407,1.3851849403292316,81.7418925922044
SCP,-0.3392409538775003,0.04897930267935779,-0.22953789272968025,0.3472780351774364,48.974960506299425
SCP,-0.5326230605238426,0.15829487176245544,-0.34836776325367763,0.30337482721160264,52.021504501212384
SCP,-0.1966851492237979,0.1242573118518511,0.03566946359928054,0.4433076792580642,36.13000545167287
SCP,-0.18410518303514872,0.0876311183460753,-0.28636548825403646,0.28731528764353587,42.563893989492456
SCP,-0.5567185199547106,0.025876788693737468,-0.3855877561951445,0.27415738916050886,49.58436632726564
SCP,-0.3955620373500085,0.04175722551960875,-0.3927797024271897,0.3300589403738004,45.8637467107827
SCP,-0.1903640254712976,0.3050834523045639,-0.23050297225792601,2.1496193256620613,41.85677145758416
SCP,-0.32926590272233525,0.08609852205504315,-0.3760343480073324,0.351524164753016,32.87762900169332
SCP,0.08368664315659932,0.04973151308443082,-0.3397703837915888,0.19959799336335546,51.702690307157354
SCP,0.07603760988529887,0.06030633876261188,-0.3487525532529701,0.28097709128576437,37.15115442793535
SCP,0.11492847258611578,0.011963410778788057,-0.11474385372951516,0.22703733681191698,39.52294044335205
SCP,-0.4864672291820982,0.02620891863177563,-0.256004871076327,0.4013427927985064,44.53975570421354
SCP,-0.19649160082360295,0.07073090561275251,-0.1549044515978982,0.39922779685425436,50.56616015168155
SCP,0.500965590575088,0.41408613635496944,-0.23809033489403217,3.8623451253443806,192.0988490681757
SCP,-0.11486072721567436,0.006201297401067505,-0.2580923312323399,0.24425421013638035,41.153260813125456
SCP,0.2826963782676608,0.36341748163537746,-0.22737558642267797,2.037628861655271,65.31529197938066
SCP,0.1707348901825501,0.3016945158498518,-0.1825579943244528,0.5747472191459488,63.525755382083474
SCP,-0.2750836915488152,0.19704461681234292,-0.3136819240180346,0.4516067951279871,43.30121939504669
SCP,0.11984474100844356,0.12626434860049046,-0.16746352303392303,0.4817123815118721,35.65016807242715
SCP,-0.5812858113821472,0.04555786585633413,-0.17860725740556704,0.4676289160816593,41.63534832201466
SCP,0.10752875362751085,0.2037198129800697,-0.3108154573548346,0.2911122900128042,38.80538077030029
SCP,-0.2133268347474021,0.2431202572894621,-0.3353406186745781,1.461117624153359,102.57599502558486
SCP,-0.23043763782845528,0.11223311776750813,-0.42314227818522365,0.4720002793702504,33.28341856672548
SCP,0.19128579157639933,0.19683756167503091,-0.24938896185031828,0.5365680428838039,39.2126811897589
SCP,-0.5517749920031283,0.021843931077248246,-0.32846842009336386,0.42196798461286217,38.36180398205242
SCP,-0.2896482322810712,0.14802945207711293,-0.20584899907139176,0.3204863238108855,57.20039197106846
SCP,-0.3516386344583676,0.2856210965860141,-0.23442356306883066,0.5058959317735663,31.191645170900344
SCP,-0.09088692240954316,0.024812244122085735,-0.13871574949021828,0.2154494682086273,42.737047565143826
SCP,0.23259141613233641,0.0312976058006528,-0.24136602789300668,0.379179430847522,42.232380308283496
SCP,-0.5188463697175898,0.25157145328038233,-0.15229952002590422,0.5726189714279416,41.99037499365853
SCP,-0.0799749053035694,0.16883855367093528,-0.02991152452794244,0.5401517979193914,29.009123506452852
SCP,-0.14621756344991585,0.06295968307855747,-0.2995569482570045,0.20564497606290072,51.962651210173036
SCP,-0.29978515258275473,0.170979162116902,-0.26058123552484647,0.5008823672189754,26.748740592423303
SCP,-0.1113264366957217,0.04142414216027806,-0.35214540927595256,0.30073807710310063,46.437400621906406
SCP,-0.5511302089610908,0.18088490629918982,-0.2013820364088191,0.28783874088652034,41.19479672383207
SCP,-0.22989460366249856,0.2714800000690589,-0.24149422013500146,0.7165712904826069,62.12221947609872
SCP,-0.36960793910020373,0.1592968519187116,-0.2161034133608437,0.25933844042430115,43.22126877402748
SCP,0.4518032550443257,0.2699761735627765,-0.2816123558534227,0.31513960647316547,45.53503894972329
SCP,-0.38765822515621917,0.01508237103694165,-0.30647409348796867,0.3727237818685885,35.580943907213886
SCP,0.1830075826309584,0.1843321936239248,-0.19001734060590136,1.0794659188800877,45.008818687361526
SCP,-0.45115226417425647,0.04616254500084889,-0.29434237687704734,0.33162303685132766,50.80165753646664
SCP,-0.319283963516846,0.04628820625532563,-0.10964241124408264,0.3424288989348981,49.069837393407155
SCP,0.39133011495682385,0.5871878013940652,-0.26251396613009,2.623292559793188,148.79387458374288
SCP,0.24606684146669955,0.10899760017745033,-0.2732349902096301,0.6819553888273495,59.81962763567357
SCP,-0.255778996134546,0.04261788171228872,-0.26752217627027775,0.2739696650261176,46.002042767048536
SCP,-0.5292706446726786,0.07438909411410714,-0.3329446283814237,0.35070920172290193,40.282746207201846
SCP,-0.5508274168958275,0.04680084615854182,-0.31824654745568404,0.4363739536148899,33.90006367717212
SCP,0.2805114015130797,0.11266941889144752,-0.3216116018967516,0.47589769667640586,64.55242711110145
SCP,-0.6096296953183425,0.01814075239698461,-0.28020593407677946,0.42872345209112395,33.368801605289526
SCP,-0.3538166926704604,0.023674822750370268,-0.1957024152698432,0.42022792949569837,35.88145238071819
SCP,0.1560815479390569,0.3889220780551872,-0.20122476984830745,1.0159818310585715,73.97939578337478
SCP,0.30496774462762694,0.1423660247134809,-0.2710911053303393,0.4689092733994285,56.272680816950185
SCP,-0.4512010332358316,0.06701229129531701,-0.30342652648067786,0.3559077697127933,38.00077489681797
SCP,-0.09839928366465328,0.1409976630977957,-0.26361314627056226,0.2517784706863737,50.837053868822636
SCP,0.358952446248887,0.08674478792576026,-0.07594438254229884,1.0157678846517992,44.58065346003663
SCP,0.07517346941066361,0.14233748232330265,-0.15048327624379612,0.4692903771983437,66.18806107236446
SCP,-0.13737377560358396,0.029916085164013534,-0.38711851381871826,0.35652551414080713,35.38749154958176
SCP,-0.31030220337186354,0.14179615652412708,-0.17508904383541826,1.0782862451661344,43.11224364035744
SCP,-0.32325193109459044,0.0531963331564137,-0.2785273141989776,0.17632975609158213,54.90591454596916
SCP,-0.40709132386506075,0.13711716320028122,-0.38164418136256884,0.33710525749969417,36.655404807309154
SCP,-0.09590328812573964,0.07679112236638663,-0.2593344501696722,0.38774182388091827,32.33230081181166
SCP,-0.6702802305690465,0.08639536934649465,-0.25008491900245206,0.38417686911581905,43.30853495186001
SCP,-0.055180992494785676,0.11592514825223225,-0.4274671854998424,0.26229520396327577,51.76356344737193
SCP,-0.10406138595957648,0.14111222163167697,-0.25943085152123485,0.5495227947901309,32.114298390135744
SCP,0.2798511278121926,0.2627173374032325,-0.04666498966260857,1.4149958801307485,22.937864914660853
SCP,-0.5664522178391946,0.06732632431660215,-0.18527438500224006,0.37854236104413097,40.759906979530086
SCP,-0.2490120335694907,0.07785206585851234,-0.39195674634847344,0.23086995629704876,48.43504481769893
SCP,-0.04493598781307571,0.0623054349185763,-0.3102589405190953,0.34937870892176476,43.2283427712117
SCP,-0.5466172425091682,0.0484314750233531,-0.15591913033024155,0.31314598584944103,49.27598804492979
SCP,0.12516571248074407,0.03749604887360191,-0.2637337582109095,0.34434120764227794,37.04836761877629
SCP,-0.19796869069674694,0.16861087147143625,-0.36318818236828126,0.9600512079642722,82.84828815553948
SCP,-0.5228193188994048,0.12420390986983691,-0.2061169467866804,0.5079940973022988,42.609042782238916
SCP,0.10179325892308315,0.5218931333580895,-0.1613442398374588,1.452190081691971,94.12082518516107
SCP,-0.4576524631400261,0.030527897537627025,-0.26720026867983815,0.46447410086541313,35.40234262838709
SCP,0.19523607240425273,0.2151998576500495,-0.10499362583159827,1.43888254090843,90.74197439535605
SCP,-0.16181276650694704,0.16332387310933388,-0.2518363328529532,0.27997519919843167,45.484023642680484
SCP,-0.16882105881683254,0.05373150353107882,-0.30761785942386505,0.3709706970136476,36.35357020656947
SCP,-0.5264633736560669,0.2135797736145934,-0.24320981644451528,0.528189686640429,49.71324498000137
SCP,-0.32242288635035743,0.030045612838066216,-0.36601433284784207,0.32080955980508225,39.264963173580796
SCP,0.07871854382988508,0.016094014716014356,-0.11334850346920358,0.30711279042109324,38.303905647021836
SCP,0.14149557410345387,0.09459785944417162,-0.23305809696730875,0.35453175441194645,39.46657957877606
SCP,0.10524587816833073,0.06466911886404152,-0.38764443595244397,0.30823067872854865,39.701607239249434
SCP,-0.2706810687635187,0.1115097301413662,-0.3370056603956263,0.31952655918836126,37.00721556296212
SCP,-0.25916713612530606,0.029769036871061066,-0.2816938584223059,0.1799601214860667,54.42738044012567
SCP,-0.316569230134449,0.13413782335575783,-0.18943532349294667,0.296771791428144,50.674399718714724
SCP,-0.3830890156711327,0.04480141659064044,-0.28331916258404105,0.42796188643416466,30.556946654484708
SCP,-0.24049902348658497,0.2323044724507186,-0.3138413924044313,0.3038174272476725,43.977185695031885
SCP,0.04957377626993906,0.2317919062396942,-0.21051815641803462,0.4208705373008662,27.514062062724847
SCP,-0.3337592786372799,0.04227237168331025,-0.16994042575765264,0.2705891391835416,49.349359960815484
SCP,-0.1391478239687117,0.05662248142490378,-0.4215239641075213,0.33030489495522797,36.765318552631086
SCP,0.13710729921244133,0.07419120466796172,-0.33263571463012637,0.4612828170637292,35.3799546909699
SCP,-0.4338617285878462,0.11719360290364222,-0.2710493317092516,0.3103611762959015,51.378902857376616
SCP,-0.21675471940427055,0.04077901169153683,-0.3063084414786828,0.32581916394854726,49.56321535621574
SCP,-0.18823403233308106,0.11517272007387166,-0.2236081410149062,0.5022353239937309,44.411676608751534
SCP,-0.494057783112505,0.07181850018098948,-0.24689472371944507,0.45349938746684315,33.84756383569724
SCP,-0.4291321669099053,0.12876599921635337,-0.22070160808506994,0.32995042026550886,46.898949749170654
SCP,-0.4568120179084536,0.08323050565477544,-0.21766912701725002,0.34684688778673844,51.55002948977845
SCP,-0.2780319330324903,0.11525450974165488,-0.1593163818476885,0.47721905470732134,32.421695427697614
SCP,-0.1401723901458099,0.10476737200623307,-0.16298220977642888,0.4636544288048547,35.99691401677532
SCP,0.3204234339862173,0.19868715976792872,-0.23020784384823215,0.96411972965735,78.1194605591367
SCP,0.08046861237138077,0.04997903343361686,-0.1915237715504703,0.41547802784746624,38.9012444417408
SCP,-0.38230538538382564,0.14198529617150785,-0.19277518066498983,0.4087514714818499,46.905099505222346
SCP,-0.41634353695654813,0.09016313439008117,-0.2082584260627211,0.48516316376747604,42.384654244202515
SCP,-0.37462948595608514,0.108154125929354,-0.3088747864639605,0.24986927953893123,38.89556003908716
SCP,-0.16811839890398175,0.3935892891152217,-0.20234890626967436,1.4888117733360506,103.64030008107645
SCP,-0.3167865990351717,0.04994383427811374,-0.21548893053802362,0.3368605646017163,36.37219529367885
SCP,-0.3959788238427347,0.059645553032556295,-0.27737075256169746,0.22343260942004348,45.06126047988331
SCP,-0.4944664366170647,0.21677225610000087,-0.31154717013354344,0.6398698527783737,48.247815124117416
SCP,0.21674901065037425,0.08552924975640205,-0.10426782061898839,0.41606841276450224,52.15164685308842
SCP,-0.09419526181981287,0.05450109979122969,-0.3245525193618383,0.15533356354491312,50.72057890733632
SCP,-0.19800839454239852,0.12290514366257735,-0.24849611932189414,1.060509448664354,40.58178822373814
SCP,0.12220636109966843,0.07696429729208101,-0.16368458109368486,0.32403708832435535,43.25007666425276
SCP,-0.15336153619729403,0.08806232334952334,-0.3287393008031651,0.28186739618127554,49.456708867173646
SCP,-0.2123550688110311,0.010482443164163201,-0.3622520145043316,0.2622941044973698,46.78945935425162
SCP,-0.28475283685866715,0.09637223219457361,-0.21856911862801845,0.45114561937585623,34.867456758060506
SCP,-0.43754382514442824,0.047908069939198536,-0.32022941381655456,0.32228996710272584,49.407322582427625
SCP,-0.1643941615556014,0.19886111447814103,-0.062214285008843136,1.1101774357437213,43.31894615964825
SCP,-0.0896472840441155,0.03560369383224291,-0.17629568411032978,0.3637483068918004,35.73429107508761
SCP,-0.2855115925160999,0.06603109253586928,-0.16330830907711802,0.3144796607778939,34.7387067165939
SCP,0.16701428879225166,0.20586967587483543,0.0016570600511814112,3.916919148620759,152.56997518592485
SCP,-0.1188556010154214,0.21582673990381068,-0.1948198116368574,0.24531786596556418,57.65125665550134
SCP,-0.23108216029186684,0.07813027055791874,-0.28754971704593657,0.33426913765553823,41.40204159414338
SCP,-0.1829182501911005,0.20644863159321117,-0.31069527275270736,0.43082239055519084,54.25960957761431
SCP,0.32731664023510126,0.178149383560513,-0.30814039090803436,1.4501401502826092,42.89934022609317
SCP,0.12173619461094942,0.08592806650101738,-0.07214008529350809,0.2994742196628621,39.51415427966488
SCP,0.3049677214334814,0.07073486645774162,-0.08266767458528747,0.7604605391026055,73.5110392615544
SCP,-0.42807223052661997,0.15157596962811976,-0.24874286094175113,0.3808913081648668,35.99274994775748
SCP,-0.22187724456324892,0.04887327026268554,-0.18191237787732153,0.4547412970081627,35.933254661300275
SCP,0.23665749509738948,0.07349038967721785,-0.25068009110411665,0.8393443859338188,76.39825058374295
SCP,-0.26659364760127074,0.01589785589133803,-0.11835520371378588,0.4122110267807098,36.28008961764998
SCP,-0.19882191124877296,0.0797177066602478,-0.22315170898619716,0.4628850359458298,37.107123274760525
SCP,-0.2808087824209299,0.09245831744221489,-0.24858845158737738,0.43678401466064054,54.46615713214754
SCP,-0.36259618697537926,0.021202108897282364,-0.16120967415123494,0.24527400694495752,41.37557842471682
SCP,-0.2866394533925499,0.06592497251742199,-0.11776045449392128,0.4192960287147444,33.67559854501388
SCP,0.21072357851704307,0.29980694732744617,-0.3367703014219947,2.398343772610493,137.85213045876566
SCP,-0.4212037102597133,0.02363334347489685,-0.4228003090160661,0.4273045900254923,39.745925497630154
SCP,0.06005473239529583,0.03262843910472945,-0.31265084776296675,0.2556856221908789,43.181147638463514
SCP,-0.14069930333848255,0.1023361201407977,-0.25253125758252615,0.36573197202451924,33.95592755875365
SCP,-0.36072303815215645,0.10811692071752732,-0.2060352085549472,0.5135344223216305,36.2465704070304
SCP,-0.22023654817228244,0.09950148650846224,-0.16024321291607524,0.4048956143489584,45.034419622282044
SCP,-0.5466534604451205,0.04576958802290794,-0.20639432214415795,0.4486617086916056,41.25746543699299
SCP,-0.2646779261709581,0.15956669566425494,-0.22583149820544066,0.20485498318523337,53.514128916640104
SCP,-0.21061727742372843,0.0890782499946672,-0.2644031256965604,0.25460082140817675,41.49052772271707
SCP,0.33655785630949536,0.12337345917931256,-0.27482766161117783,0.47583768176838437,62.77592813760453
SCP,-0.3121655147579793,0.09230253308440325,-0.23940884439560095,0.4341632778826061,43.229770809680254
SCP,0.12595868437076826,0.2184139291217248,-0.20840502436950775,1.2736233397915793,90.20704459200836
SCP,-0.15997331091061462,0.08764527812445877,-0.3998703848507993,0.3012312919910251,45.78699868323116
SCP,-0.0848604398246521,0.08513466593563476,-0.234728183520705,0.2957748873765207,42.21626269480533
SCP,0.2163583574867451,0.14915621420328912,-0.3144615897196599,1.0879427483719726,49.07265562881813
SCP,-0.2622914364147431,0.05963536347743076,-0.31663236086058194,0.4470972665213503,36.281028116653786
SCP,-0.5762475019549451,0.09271204393174724,-0.1821029005702052,0.3785048504091013,45.08907572552398
SCP,-0.14273700959692995,0.27737496457917155,-0.22257838686552575,2.418781588350636,140.19393463390236
SCP,0.4285662660606576,0.07402114542732088,-0.2080318390828009,0.5312825616027609,65.24260445013209
SCP,-0.15468469086703238,0.037702690509016666,-0.29490134640636895,0.3363745710819621,37.9987763930045
SCP,-0.36051738928684085,0.03119312118555729,-0.20047372114955736,0.2978208617430021,38.92315144758
SCP,-0.08654717263821339,0.06277905666323659,-0.3571947647468712,0.19463456601941787,44.69108961842836
SCP,0.30180929695824754,0.08499794620180165,-0.25839287750049167,0.21051253968049927,52.26462494146811
SCP,-0.557454462136605,0.011258712472004738,-0.011286554374155162,0.46781748800352924,34.83760987629751
SCP,0.12955213544990507,0.07385517910023501,-0.23007651719042738,0.24121923113018567,50.10425173812245
SCP,0.37321216960394665,0.12250490768820488,-0.24588997364890955,5.301648994171797,236.05010503388644
SCP,-0.2913812948984446,0.03503139557241031,-0.3790506997509942,0.26249484074150814,48.4810205543346
SCP,-0.17426178189152197,0.11927919860805888,-0.2687318620591037,0.3203606978514098,37.615281596649154
SCP,0.12420142831362176,0.08338604669628798,-0.13824469743246934,0.35617575178891514,33.661916867965495
SCP,-0.31215112141932805,0.06181799147781704,-0.38930005169086657,0.2388784036871343,44.348369545576865
SCP,-0.24721641172216277,0.07806689950325213,-0.4089699564250916,0.3275606064458952,38.96735859829847
SCP,0.1525030183703862,0.12793160409336107,-0.22585060132256485,0.20978326744053163,47.75986165245121
SCP,-0.1155211273036183,0.0801589693496339,-0.10610601475052975,0.22660591904921018,50.05237894119458
SCP,-0.23954453775664997,0.04988864717778522,-0.21188055054627025,0.364521976736564,40.23275287691492
SCP,-0.34130896210490486,0.09867921915411457,-0.39612216122521154,0.3770238431074713,31.619739927720914
SCP,-0.4832548879948981,0.10286069621408603,-0.265194667186411,0.29227777625644946,38.3858488435845
SCP,0.06056071599058177,0.022770022236385624,-0.1952706380445299,0.24335142148173047,40.42329138214164
SCP,-0.22765606624792556,0.15425670013109552,-0.11615826281970042,0.49986767821767747,30.453587978333235
SCP,-0.0690933689176608,0.04154310720847956,-0.3400373057653049,0.2293316677741567,50.419958807516984
SCP,-0.1999385032154692,0.08739085246666933,-0.11092294201219742,0.43108682550995603,33.153417532493826
SCP,0.19854541504066023,0.04208787231798888,-0.2331255563127007,0.29907960447033877,45.682757532258925
SCP,-0.3287469486237045,0.15965796635038157,-0.2659380251392244,0.4245428093851602,45.22893559180037
SCP,-0.17047350144589116,0.018159314277190194,-0.3051977871181022,0.20999851924249718,41.559044737812016
SCP,-0.4508760244896691,0.046251693918651506,-0.2813198289697218,0.3602607857062954,43.63220161904585
SCP,-0.49215162466894635,0.02085820709433243,-0.27488392098449466,0.38947166251571624,38.98946964188173
SCP,-0.3834360875638022,0.03572324511490864,-0.42806039950573266,0.38361286645024056,41.41054293315658
SCP,-0.1080178827147729,0.05917456567580516,-0.17995510002656126,0.24437440987459,51.49505503489524
SCP,-0.28608353157297206,0.09177915047857811,-0.14496427981815393,0.4798683446171071,33.462365700518156
SCP,0.18631069971903147,0.04713076458409685,-0.281954835947745,0.23788350379748055,52.52982194260672
SCP,-0.1635941565348355,0.1127994618194402,-0.1299444953800271,0.4245275703683181,33.44017408958582
SCP,-0.6525511208427767,0.04822098594697133,-0.06787026853364042,0.42677952119865353,33.88043654656181
SCP,0.13399041084835017,0.19353813671231807,-0.23020825066342468,0.31938438715617234,42.109545532416554
SCP,0.29998832829867367,0.15185015431996138,-0.22001910405365754,1.459482039342381,93.71772357018222
SCP,-0.09606223063034985,0.05988914578913879,-0.33327409007492875,0.31958205977811005,38.878496042550196
SCP,0.04062894635569011,0.07708013729541505,-0.3337186773998506,0.25796291006483746,43.167033880348555
SCP,0.11620140897848069,0.38582357990067234,-0.21399649417834454,0.5803106089525243,58.67208404050007
SCP,-0.29031798435106104,0.1441256429302254,-0.2143565006290039,0.4976616951403078,44.88337420297236
SCP,-0.1832796436887407,0.1304864261810323,-0.3307261672581569,0.4610467562705117,53.74419324175125
SCP,-0.3955986983781166,0.060921012405208155,-0.2687044764633915,0.45388928349558416,44.26637161223896
SCP,-0.12037155528624847,0.06637716542477402,-0.31174413022353287,0.26570682528934525,42.656998434038385
SCP,-0.21363431770108343,0.19378372338467004,-0.15996650515823835,0.47494538352409676,44.77061278737112
SCP,0.11569385654852263,0.01878536552114373,-0.15022440948433513,0.2399433738081233,53.63013305156868
SCP,0.3101901694290096,0.18131371820818307,-0.2526648132583646,1.275408601852123,101.73781501238443
SCP,-0.42064127437234766,0.20686022895122788,-0.06153933731793775,0.48562125722525884,45.34469847092292
SCP,-0.2704199982287558,0.015546699191661179,-0.3296577797584249,0.3617389818115446,39.33261448190538
SCP,-0.05033660029303923,0.16369348610376816,-0.13790187794465872,0.46883931219437835,31.319149579847476
SCP,-0.41242347759348363,0.11164603411624399,-0.40729086080889065,0.31649148764360535,42.285998761638524
SCP,0.12937430538060551,0.2976730907186375,-0.2805273272975411,1.4860523845953508,100.78881486128437
SCP,-0.5590558834555556,0.09482882834166183,-0.0960913082309999,0.47320862445632456,42.09798230626027
SCP,0.32192729135018183,0.12543960203793963,-0.2464249392397469,0.44082737092251034,52.56414485498257
SCP,-0.13790334432021356,0.2114928228037949,-0.19609728714171462,0.38165982271322385,33.552190780023494
SCP,0.1909812970918887,0.16689245971250774,-0.23917455263886353,0.38366704036219235,53.11547294184771
SCP,-0.3955417956129858,0.15865516502704993,-0.1006501861094091,1.0739818332007234,43.446787097026174
SCP,-0.14832070498653516,0.03172649785824255,-0.173474010657098,0.27859626409862953,40.383399099709926
SCP,0.14003245006922402,0.134247051609155,-0.0853857402110477,0.42679021827135993,49.24962812169695
SCP,-0.20582449317011575,0.15958437793159277,-0.21483362862207223,0.3316859446265937,33.76559419998866
SCP,-0.15447642365280323,0.05093422899225254,-0.3251119573217418,0.3164245268156523,43.56016456309781
SCP,-0.3196260951575255,0.03155447651226925,-0.16153260107263867,0.40826851733874836,39.36337940894285
SCP,-0.4194681644583469,0.03725628305107137,-0.2728026231479879,0.36071862648354697,38.882146168637476
SCP,0.24119143596956508,0.10956584024413218,-0.18965764224576795,0.3470248826551648,47.81944666202247
SCP,0.1384090712582116,0.16561988576407677,-0.20278573375866957,2.125346655198239,48.59945381049359
SCP,-0.33859219726523226,0.011882908446755205,-0.23456851095394002,0.2884344494830733,39.414682422572206
SCP,-0.1270178506168481,0.07011145733168872,-0.3436698126024728,0.45398717121254795,40.45237346054449
SCP,-0.4519222690792375,0.07298242880482522,-0.15586819912882274,0.35486104959591275,44.8758324929424
SCP,-0.2831118817328251,0.2502195702817217,0.08438062047020861,1.4716220098192463,31.156717810075534
SCP,-0.32692459360031983,0.1689828518364719,-0.08892165491269352,1.1109479997428768,43.813318417089576
SCP,0.10109578947996804,0.1141734773317864,-0.13413163569598568,0.34200173568009906,56.1633540603985
SCP,-0.17594123970328426,0.13330740631645016,-0.3845350538553365,0.41407280938105184,29.651443354293136
SCP,-0.287195631085616,0.09334563506040712,-0.16332834208095204,0.5589647899716369,48.414941841408606
SCP,-0.5061630138087508,0.011612613062995865,-0.4357478656923605,0.34265529823522484,37.78796316381227
SCP,-0.4091142568092013,0.15585003133470818,-0.23164373446308878,0.43411297010200817,44.93027971988371
SCP,0.05074614464430558,0.15839951382513312,-0.2585507284846598,0.3094054687085294,35.62238899699125
SCP,-0.2809582007960138,0.02519055502041171,-0.4028980002922182,0.2752637601774746,42.223124848479905
SCP,-0.31158180500449556,0.07986886611712717,-0.07397064125913197,0.5375364796067579,63.60090387071087
SCP,0.09244355617940495,0.044896583068246676,-0.36826691384174365,0.28341563896203464,39.870574172785226
SCP,-0.3107811757092854,0.03591253341623054,-0.4280688168983608,0.42332198585371134,35.080327742703474
SCP,-0.14004515355916738,0.17037305596876448,-0.12771416673302416,0.8426386835811056,84.47915149102677
SCP,-0.22897364640792806,0.0497526767060499,-0.10480006549326859,0.32887059218460063,36.64780553500439
SCP,0.06795131947142663,0.13581121852957403,-0.310003856972818,0.3180583574005944,37.49553509706408
SCP,-0.23533981840513443,0.09668134183806829,-0.07545889521164054,0.45406073106478534,32.704964438720644
SCP,-0.3329149362877851,0.07873655354868371,-0.30597919986915223,0.33607292483837503,50.201701383872376
Maxe,-0.16331165907688955,0.1798698304380036,-0.11750953908180986,0.40642509650802866,36.48026044846543
Maxe,0.23335703785070488,0.24962069666141637,-0.058655353553137474,0.500183463615354,58.95877996316604
Maxe,0.08961438617167948,0.3114227176749017,-0.24508434979118,2.095238260286169,142.7377235994601
Maxe,-0.532093938669558,0.27992091022077514,-0.11370117005128033,0.5241300234411558,56.60786732643491
Maxe,-0.5079391791464181,0.1601598941664603,-0.1352887948885143,0.3002494021407781,47.47440860445699
Maxe,-0.7435459943899702,0.15371451822595397,-0.04958165693347593,0.4031002842042991,49.78468973628234
Maxe,-0.16798144524935754,0.3478211972299925,0.0032929436135266063,0.3792494744080271,34.56746396439362
Maxe,-0.37991035037012977,0.3354045486137588,0.14050161617628085,0.6072210037853054,32.891550316951545
Maxe,-0.369271718435802,0.06116225361931434,-0.14149265951208523,0.2857115085385979,53.81661295501703
Maxe,-0.4225963129207463,0.10685258756123069,-0.12683926054171263,0.43089863780634113,48.783866228735505
Maxe,-0.9065364360973817,0.4938593631746701,0.2286896964500598,0.6233906772668936,56.33747479577959
Maxe,-0.6922091512193795,0.14677511574037927,-0.06598724274235677,0.6256884115795471,36.199614331243694
Maxe,-0.8201645131562262,0.6191025213565753,0.11113387567802256,0.623268133847266,60.66397001903596
Maxe,-0.24592738512087475,0.2659406177650395,-0.11738901892145157,0.44774656266845275,52.026176550011904
Maxe,-0.24467476434293955,0.09761197422150995,-0.12392431988839556,0.42645858074450305,34.428248356792004
Maxe,-0.5737501243622241,0.3599702055704739,-0.03309585792219607,0.4649301860960382,26.166531287025826
Maxe,-0.24302821771085725,0.7220432185871387,-0.04148396069892612,1.543922027882612,85.42851503367002
Maxe,-0.466497968339222,0.49133379604113453,-0.07698820808477991,1.185762558154967,40.87228169174351
Maxe,-0.1686517460920797,0.936915634451012,-0.08186604013835964,2.288687671362063,92.83114415002852
Maxe,-0.2797009211912471,0.6841332165805211,-0.004908599591571588,1.9568360916750476,69.50543697345516
Maxe,0.0748642945045389,0.22427199427537386,-0.1385466064145832,0.5829874475719973,40.30452919786458
Maxe,-0.576804199943444,0.22844537878876028,0.00589561912452729,0.3124193835623349,54.12596258030367
Maxe,-0.2755302793544979,0.33727719540676465,-0.20575676610804797,0.3632910357521576,33.57172185550317
Maxe,-0.7273871562594679,0.22455360010984693,-0.20311616998423435,0.5237690330428992,26.205336176136875
Maxe,-0.5008535867627146,0.4871740483827594,0.21132724001568348,0.49054360106085526,27.380568592213223
Maxe,-0.6836826122589116,0.06938539308298888,-0.13160790153205074,0.526502919126818,35.998301661966785
Maxe,-0.24780565720459657,0.06291838628304175,0.03693998480892303,0.3995532569187775,34.96930018103371
Maxe,-0.3841160542989582,0.1424006690051746,-0.15357755960009473,0.2866391654546312,44.600141629166664
Maxe,-0.20287718299038832,0.14399184141027782,0.14808129323483274,0.467240418552327,50.80694806174782
Maxe,0.13712677442974247,0.06848438694195966,-0.036339260180617505,0.38410114202919726,35.58850370096239
Maxe,-0.16226884801159103,0.2685491371466956,-0.027096040831841427,0.9595928158435162,94.47161106867172
Maxe,-0.8048869011936738,0.23153115709176492,0.24357244501097713,0.5962252171821716,39.60475833867929
Maxe,-0.25034209766648496,0.018670265153306637,-0.035394839172397566,0.41628776774745546,35.87189872344811
Maxe,-0.36481508369723464,0.06193825053291705,-0.04654841577065669,0.36032026779494564,46.56463184444464
Maxe,-0.6654114496696166,0.7217853847414133,0.05199216873269313,0.5611286861325696,71.29899767661
Maxe,-0.5851815945927017,0.153447247794533,0.09752367960100772,0.5272140019335685,20.477233195424255
Maxe,-0.38412233777123406,0.09105079935118568,0.005772592507727493,0.4176487239085842,53.16283940261014
Maxe,0.10809985365622908,0.1790851815026581,-0.12282017893778474,2.1339228239408308,56.68712748501696
Maxe,-0.37771287862838065,0.15178207511122074,-0.29220734303346446,0.3212968258304305,51.38402243328204
Maxe,-0.5957262629514017,0.588691682856713,0.2163426946089406,0.5988543388929929,20.25078258248977
Maxe,-0.49823301008152876,0.10853557541904461,-0.026435881466025463,0.37794489016991695,45.64708148909518
Maxe,-0.1362785218614867,0.25692396570499565,0.04980122625339834,0.538239920626084,28.050418475206143
Maxe,-0.43858657913149357,0.29198905968686045,0.04530493174549258,0.5608304551738397,26.532829704953464
Maxe,-0.3137753017948182,0.2824263578628896,-0.023914441057528286,0.5217928068702837,24.80725746062172
Maxe,-0.6849884802870945,0.38046439385556746,-0.08206425493538723,0.5251853790789379,55.202833125437785
Maxe,-0.4654587884764593,0.12051268334999013,0.007367815794411167,0.5409201816026462,45.36822962083018
Maxe,-0.4460957388691529,0.08584393448268693,-0.11723819008683954,0.2993132087814344,45.34561011202807
Maxe,-0.40646633354017614,0.11324294972515565,0.1630233316396699,0.5320525123365996,37.883869630473654
Maxe,0.12896843184574877,0.037745531337091735,-0.09122981708642239,0.2540161463391407,40.3977648510038
Maxe,-0.3067063725275636,0.12594079975991415,0.039501896093136264,0.513873558733181,36.32106506667338
Maxe,-0.167188586583995,0.457769673146188,-0.06524339319740428,1.4959441042541781,125.30871220206592
Maxe,-0.3570357251807452,0.10397499351002149,0.09817197240609227,0.5607263902043155,29.68952758904286
Maxe,-0.5006836706610132,0.0648069098344741,-0.32611375473374915,0.407500175852429,43.42051750711737
Maxe,0.3007927944604571,0.3562666060365653,-0.17722879658377577,2.826222934508978,175.6847446702551
Maxe,-0.23443282871165766,0.1701545101685896,-0.20443082901797507,0.22761820572093383,53.36526636964747
Maxe,0.37831268291613895,0.15916577820839176,-0.05750558493252418,1.032521310713633,53.11318430893782
Maxe,-0.8784402010572883,0.12705485512623657,0.20457141680442428,0.51055665878854,49.572796543338484
Maxe,-0.11747959608070396,0.04349955039019064,0.0058141652259108235,0.3056320411781612,57.23534850623634
Maxe,-0.46263792278539023,0.19580140419749723,-0.010851028063701936,0.5626510162631906,46.53684193213084
Maxe,-0.5618095373997086,0.07832395114326837,-0.13458257493666337,0.2992281290657139,53.8554624403524
Maxe,-0.7244712293241571,0.20899487143361842,-0.002741389749632295,0.5554408152416862,26.735707801151023
Maxe,0.25157782493709946,0.20055672407234235,0.019085963418698074,1.3297092891113804,94.80404934518253
Maxe,-0.8875597029891256,0.3801740032310381,0.30540777330103536,0.6409292791922636,25.5679160576696
Maxe,-0.5388832274614874,0.15294053607704328,-0.09114322751334519,0.30983047965797506,55.35321876622306
Maxe,-0.48499874694986644,0.5062831008100261,-0.06737690373548659,0.6992899551010452,28.703979882675377
Maxe,-0.4429491300749284,0.5602538275538673,-0.18038295966428214,1.5691602225917718,86.08831180101775
Maxe,-0.2601052135588346,0.24505038728712242,0.09496097824270645,0.503744722231731,29.826546604974595
Maxe,-0.5134566928759976,0.3379537057765739,-0.06767288361960577,0.4815156614637445,55.2216559432618
Maxe,-0.1729810769048164,0.11319195548527414,0.0739486532818983,0.28099869693394125,46.43003913620388
Maxe,-0.43314851617002526,0.17672854249104994,0.047507736481364,0.5671464900286974,61.54914737029065
Maxe,-0.4837369203643355,0.1695817068886922,-0.15215765823461333,0.3547503657143124,47.61649084991514
Maxe,-0.4143861531340437,0.13944278774278573,0.11088190400827773,0.48291069211502663,24.259185649189128
Maxe,-0.3764134972169487,0.1836458925773247,-0.024279164387424997,0.3915550432119264,41.60877144088124
Maxe,-0.6845788597878254,0.3129765048823514,0.05086960342548234,0.615602681820322,40.899049378561855
Maxe,-0.3065353610794108,0.3182266750336077,0.05845250997536398,0.5966379612746228,22.85185947236984
Maxe,-0.29449686608561587,0.24622309847404958,-0.2633904156869773,0.24314935955540093,55.724651069909896
Maxe,-0.24970665659804658,0.2228477768185476,0.17109904085096744,0.34657900947887876,44.784721543723876
Maxe,-0.5116465506071591,0.45133429206251297,0.24186796450746748,0.4718143743824933,59.052238578905595
Maxe,-0.5135120127510496,0.08821464643066662,-0.19554669710320388,0.384704975442636,51.40013535125266
Maxe,-0.3785415104039347,0.02118674559606616,0.09463872973370288,0.45188520972120194,41.79406822886339
Maxe,-0.20271249566443952,0.2962416084544478,0.21401471582392503,0.5453587520939049,41.91580499375983
Maxe,-0.5440513061729859,0.21755870176682515,-0.14760450675157138,0.4393206340057852,35.59269611338914
Maxe,0.27825888255688724,0.43377829070398255,0.059518960405458836,3.688116048304056,143.1984051441909
Maxe,-0.058509121263870305,0.05088277301798524,-0.1450102435231342,0.3950592002998145,31.827892948668442
Maxe,-0.15117359891448173,0.19278446433218735,-0.07058800378842406,0.5834515961149153,33.32542259966117
Maxe,-0.3560100549624534,0.25183768249675287,-0.05037097474702581,0.37442704339578725,56.96264803245772
Maxe,-0.3730261760704497,0.17221715159484957,0.08721012972389512,0.4610041685352703,39.09786443194783
Maxe,-0.25201529556911284,0.35768427435887923,-0.0626347549568329,0.6625848801704791,60.617277167350345
Maxe,0.32808784808890556,0.6865269663621796,-0.07862118180211156,3.6589302496494107,162.00096909472185
Maxe,0.10806977640621357,0.1624027582687399,-0.04056121788964971,0.3327749404164615,38.608174180605864
Maxe,-0.4874697652392203,0.21593006578367518,-0.13192818983381988,0.577142133268782,40.27431562143339
Maxe,-0.3999981568672076,0.07895102192922741,-0.03372290867272001,0.42775377717273394,31.771672868453038
Maxe,-0.20855776916479307,0.36500675763373364,-0.10301965451471483,0.4934146391860684,24.874845184005256
Maxe,-0.32550664614011554,0.06364936392539138,-0.10009002495656572,0.250617561352192,42.52683069122335
Maxe,-0.12422367821185229,0.2848598124784093,0.013320314582320894,0.5323654414621656,30.331223001914452
Maxe,0.20784512870373628,0.0775408370196622,-0.054807761480887104,0.28632222035132315,51.695248244678524
Maxe,-0.25652095696412164,0.3856845894668183,-0.051622114937925505,0.5138846824578964,25.253269319581808
Maxe,-0.23338264450290286,0.13307568502760875,-0.276069101647665,0.43575052134626335,46.67961795874663
Maxe,-0.147511122420018,0.20759614807960927,0.01172322797179956,1.2971714695013885,98.5403553746444
Maxe,-0.37795601764200193,0.3337778752820217,-0.11327737403371868,0.5116950095423815,65.6602744671631
Maxe,-0.6652872278531885,0.28731393072820466,0.034487504256356556,0.3368161093200438,38.3205557585699
Maxe,-0.2906913748722289,0.2772406737041678,0.2402845607632608,0.6001961816391462,26.822653718953326
Maxe,-0.6614864069174828,0.3430688999007539,-0.007198608358832858,0.567467754812379,46.86025044346446
Maxe,-0.10255860395165323,0.14427865812314244,0.11546549119972724,0.5096163874049715,35.53354454471945
Maxe,-0.6190954095446595,0.3023255418390425,-0.1538976187916103,0.46669378060976524,29.209049235342444
Maxe,-0.6274504791403246,0.6275043624225549,0.04396708289337599,1.6051135926325215,105.96093945234885
Maxe,-0.22396340984824248,0.2856239377851142,0.02434131900858537,0.6198422646604002,30.591295456290922
Maxe,-0.7124950713165208,0.3746827200159323,-0.06412132175117084,0.5623785797259908,60.591873584402904
Maxe,-0.5483335962893445,0.3461273252795379,-0.031602314857776675,0.45164114683117285,66.56265305453367
Maxe,-0.6182918543239861,0.2478090644121241,-0.1072163125787549,0.5176877911567666,22.31519928897759
Maxe,-0.16953174793414172,0.19613470160765012,-0.013165624339840984,0.41540821248175586,32.309016823320285
Maxe,-0.16044786918551848,0.4977997396931455,0.07553431304197508,0.4452394018272039,34.01034386538683
Maxe,0.2633675435490596,0.1706550442284262,-0.03189305185339889,1.0555730191933759,74.72485249393488
Maxe,-0.3910837910090007,0.32178958305202543,-0.18259154700351543,0.3933838470152208,31.865017438571947
Maxe,-0.533370760546386,0.055236417242446226,-0.22592497754487564,0.43060292344881784,36.20352314619017
Maxe,-0.5999043838200875,0.09921540935961423,0.178330596953505,0.5135463364001809,47.46646963403812
Maxe,-0.24055715454156906,0.3330837110661015,0.11026302684162571,0.47664566738618636,46.496065395562105
Maxe,-0.7019023883805087,0.09686968242617292,-0.058134391694348954,0.5330555833132186,40.554651959245966
Maxe,0.4775785669030389,0.5272560056174804,-0.07997116578758501,5.739924872715282,262.818190823834
Maxe,-0.36439886914279146,0.24598361666986962,-0.06081773985933056,0.5695645392997013,36.72657247495891
Maxe,-0.4209227578027519,0.04483907586406882,-0.11140917837547533,0.3180870609694216,48.06523333332106
Maxe,-0.4702029941345012,0.22808839595538669,-0.1689700076335154,0.3647525189757054,50.035213807108164
Maxe,-0.6104691294267451,0.418524986992683,0.00578995155732058,0.43294278910357453,29.950345354069086
Maxe,-0.7632593886623071,0.4995721098198409,-0.11612053076959651,0.4694950510729337,67.24751274136412
Maxe,-0.7331563913384382,0.3460515885139239,0.044875321277314445,0.6598693140729532,45.82069084011355
Maxe,-0.288514724837321,0.31169968513077173,-0.15423452457811357,0.4118699632076806,33.16184552407793
Maxe,-0.31351446510732894,0.10013942515736773,-0.30231664804158537,0.4373698526602413,31.64670038137833
Maxe,-0.39899388749469156,0.18280715218835608,-0.10628737490418767,0.38740964566604547,32.65948170262422
Maxe,-0.4579479058065599,0.09398129773249009,-0.03498398517995605,0.4731919067413767,42.71368815393056
Maxe,-0.2640190022182266,0.1927891816364732,-0.01876735295576373,0.42934853802721146,45.93168864464049
Maxe,0.15421230620817822,0.07649522925849919,0.06051309606449111,0.5047832898829456,46.48047883850745
Maxe,0.32629400186825697,0.7921868132465021,-0.16740411284483592,1.3886831147066767,83.71605524397856
Maxe,0.16765082483849222,0.07533098612728446,-0.08764271864297528,3.9205091468309794,158.06097692925186
Maxe,-0.8266704687262716,0.6583920480710598,0.033503840011453026,0.6536094340763687,70.24085962412184
Maxe,-0.2796321258373289,0.12286126108357287,-0.19942321604437327,0.20381988813865548,57.84009916142976
Maxe,-0.6618319139785661,0.15634392205968295,0.1540052869263849,0.5743458487697655,46.24314493496591
Maxe,-0.7226303213451994,0.4093992869617737,-0.09428867800005009,0.6031945156972989,47.45513771417583
Maxe,-0.6260529614532094,0.36083354799231404,-0.09075231675804081,0.4033709189196834,32.116359595161036
Maxe,-0.7466293234967202,0.8601813802332,0.10485856459308018,0.6856181041977716,85.18809826811932
Maxe,-0.35896186034790534,0.06574020851075045,-0.22150578384069047,0.3038073643108247,44.78592972108971
Maxe,-0.2640590209823147,0.23822696005450297,0.043883984811875665,0.4796929426074933,38.74236681878562
Maxe,-0.2948818284935812,0.1777952529865214,-0.004318042091706365,0.5002088333181838,30.285863207833245
Maxe,-0.1072650715843873,0.08554139577846163,0.026680376280998765,0.3456436810174071,41.44505158618006
Maxe,-0.17733328818424904,0.2067612438385055,-0.12132803502780419,0.25890713914648117,59.91904351737752
Maxe,-0.7444967199997531,0.21522090675669497,0.06573062424247002,0.5731993332856224,49.5355962442915
Maxe,-0.38924282277883043,0.23226352231875186,-0.10673695242328678,0.4220843642612188,60.340531211285324
Maxe,-0.8987778893207025,0.22398831486237308,0.1645245925634823,0.4080361387396306,41.99546139715923
Maxe,-0.6775466584741785,0.41814180829736014,0.11686083043235262,0.546045402971673,22.523262162780263
Maxe,0.10381102903210328,0.11608207483273505,-0.24344337857299947,0.3180427371174621,56.645167222826295
Maxe,0.5151209503425932,0.1347511880567857,-0.015926269566910508,2.112829646955692,71.51649028474232
Maxe,0.23295983521628716,0.5958796500883636,-0.06345528596555478,0.5332237402975769,59.00089634027865
Maxe,-0.18779499874055056,0.15404638430239506,-0.026818943355138146,0.4233626016551272,37.381191855318086
Maxe,-0.3143514275770575,0.15092744268041472,-0.07212415778585564,0.38498084822329637,36.57429793554665
Maxe,-0.1828055902306019,0.1677013264040434,-0.20825346212352974,0.4768408043498216,56.03712273253906
Maxe,-0.6886242205893389,0.15619984046782695,-0.029620894585148414,0.48945730080290384,29.49623024590794
Maxe,-0.15668562918062856,0.19942870399433393,-0.07199292432363637,0.480774367405377,30.435399105759892
Maxe,-0.5679685069911787,0.3717038305109845,0.07454551701527931,0.3957994562139379,40.00275690077529
Maxe,-0.24412881726851116,0.1275939432950055,-0.15120720071283933,0.32457439343025996,35.50304219081768
Maxe,-0.782819255338588,0.2920584040245061,-0.21288549681259372,0.2924279089721163,47.48412803722905
Maxe,0.28901026392357915,0.25620421254624726,-0.18041451121521118,2.3025881920971867,78.59150839588357
Maxe,-0.31776179563717466,0.07952900233987616,-0.05089917237763117,0.32980312737525097,55.86896752308998
Maxe,-0.8042201007229899,0.38512939172493343,0.1122888425830206,0.5123836495843082,53.97450635606187
Maxe,-0.16933133575637427,0.16310427390137597,-0.09485465956303243,0.2899865122227122,52.93709821495017
Maxe,-0.45801134601046556,0.3713861434978121,0.1780423301831609,0.62391355946871,22.82499624922332
Maxe,-0.712186720291289,0.3692736631985382,0.026958978106865643,0.5492457694886546,71.29036785331023
Maxe,-0.4761600270624476,0.13277944573618694,-0.1426277203641642,0.2888949890351005,50.259468878495156
Maxe,-0.23127854227254796,0.4304568350627907,-0.07771525198923933,0.6444695215568009,63.296770037285896
Maxe,-0.638839424076665,0.3272520377788739,0.12834515547958286,0.606778791199211,42.32686599704668
Maxe,-0.24178921893927346,0.24934419369881633,-0.1701026626425653,0.3275258882145329,56.42320560836809
Maxe,0.28598234624301383,0.7976999781947989,-0.020219572119215,1.3885694428884654,50.62652984035097
Maxe,-0.38120230718434844,0.3928287017225204,-0.15777519520105687,1.541420238063532,61.82189198185211
Maxe,-0.22670883682593082,0.18284032084788301,-0.026731999104876312,0.6182525087994756,79.38385594491847
Maxe,-0.08532399350566548,0.17322909719924073,-0.35116000612654474,0.3165631115267627,40.87030918475313
Maxe,-0.5152750174969221,0.31694250163648785,-0.12101683233897108,0.4407660448447423,59.56152585992899
Maxe,-0.31380795200141365,0.2855901279854346,0.038780627886600076,0.5449600419126648,23.409257030423724
Maxe,-0.6041786270315432,0.16855067838777898,0.06094197676845838,0.5449830778475153,38.2634398449702
Maxe,0.38610199968030734,0.3416555565833616,-0.16649717017109647,0.899545140133254,88.59997048537844
Maxe,-0.40018619496661034,0.20720386073686523,-0.08878847927291866,0.367100458569953,58.021803209161995
Maxe,-0.4027960022012499,0.2083331163160965,-0.16116005285792612,0.41997954799687465,28.75186011752801
Maxe,-0.20908227475271113,0.05149850526222262,0.059888496000560405,0.40561930511110633,37.45899909171102
Maxe,-0.4468974584554956,0.35050639391053684,0.04582016879005264,0.5256488256274483,45.02983509342402
Maxe,0.2187440591261431,0.5003427913707384,-0.06737778015082244,1.5482583954821387,69.33656543268245
Maxe,-0.5908485219102907,0.5927431297586784,0.04408401797032923,0.5875459269917483,18.714125710657417
Maxe,-0.30011892196708656,0.0568020408235704,-0.2110195274287625,0.27687027244268736,48.403402304105235
Maxe,-0.40321592500270975,0.1919693148508411,-0.0873298605770904,0.46375206649890427,26.89820870889011
Maxe,-0.11342206457473691,0.17121411378321136,-0.26328339107496956,0.27168479039256177,47.02431192903411
Maxe,-0.28373022533780573,0.10896153263015122,-0.3030595040591619,0.2076414457711153,44.74733569304338
Maxe,-0.27047829548414215,0.20587568512405796,-0.09108971823064858,0.4710516013764042,39.868376950189585
Maxe,-0.6861573827824117,0.5324275673916283,0.19149719022398642,0.711617135872065,42.478647889110995
Maxe,-0.2272551314025021,0.2372503722902315,-0.1251926291577628,0.5061513200334825,56.237580883570956
Maxe,-0.4874562017409868,0.5085154727937959,-0.1824131804623799,0.6888350203516714,32.457863958647586
Maxe,-0.5278118571117705,0.2967277177157871,0.03890654496542186,0.5490920317854887,51.355276941202064
Maxe,-0.3777738827786971,0.4943949801991783,0.04301297719244756,0.4497385767855408,27.84796836633185
Maxe,-0.901840351462353,1.283566544290667,0.19277060610570115,0.7649383151174682,85.61198708059644
Maxe,-0.2769530489477536,0.3829022161699251,-0.12624561210958102,0.6924003326837311,87.24736565454988
Maxe,-0.6119413043589546,0.6410871894058723,0.1861871499713685,0.5386527020848481,72.57389351005946
Maxe,0.17175788629875632,0.4378985031219303,-0.26933810579762424,1.4907868029942388,82.96892491741478
Maxe,0.08316353752722211,0.29251088380760903,-0.05933125186810092,0.6396440133847653,73.50260585239265
Maxe,-0.5455376115834412,0.09200119971590516,0.011835281485700564,0.41806717186048264,30.875509728649234
Maxe,-0.5217317731055825,0.5266983956115628,0.3136590859078277,0.48852178546751923,24.687280246936165
Maxe,-0.4496929456399412,0.0952840739639191,-0.20366038999492328,0.43360186677446,47.90662351873628
Maxe,-0.595803904927078,0.21754152014741518,-0.07124051830689043,0.5954017263036796,39.48474506329018
Maxe,-0.3079892953452412,0.4011260896187155,0.06142572545665254,0.5663132747610238,68.01004727582865
Maxe,-0.6982040773565116,0.41354399805618963,0.11697594527487036,0.6062982497009038,19.752876724045496
Maxe,-0.4638900437147697,0.24128986581988707,0.04256761682346244,0.3280592914985735,44.547355624064686
Maxe,-0.5717922651247787,0.38726101939456004,-0.010945603903054603,0.5471558707410515,55.83039323887271
Maxe,-0.26905961262162353,0.11407811910414081,-0.12550290475823886,0.2954778892205629,50.644094265546165
Maxe,0.3053644403278173,0.13006232644336962,-0.13572523417378843,1.295680308434157,74.81526821580849
Maxe,-0.4547914989190328,0.3324915392162399,-0.10727560691821653,0.587336558583867,70.34693200486726
Maxe,-0.3002235544551942,0.5517585734534262,0.03789370734304009,3.4649163753396732,103.44852619782621
Maxe,-0.38229540446331367,0.13688990550009,-0.23951252457511313,0.2802149462991357,43.28984920494615
Maxe,-0.7114599935461317,0.44287488369507966,-0.03801856137144749,0.5377585725900005,49.54949110018155
Maxe,-0.3231137036448714,0.19502304561202594,-0.0001209406724699583,0.41477703129149307,39.159114823896466
Maxe,-0.40488590566503063,0.6659506943379989,-0.026679384563666014,4.201515503773864,183.48348583377708
Maxe,-0.3677903175013876,0.18846952874643405,0.025274301369545466,0.5645853717078323,38.152283401967466
Maxe,-0.31182110650952066,0.12290335674588708,0.0762985893332929,0.5316923220595188,34.60711611706476
Maxe,-0.45188029841318067,0.3136729180717051,-0.05908330807549305,0.36339206006681146,56.017585594992475
Maxe,-0.38948154889301173,0.24665828944898488,0.15029752084679296,0.539586155057546,31.15788602844706
Maxe,-0.7962055868522487,0.28455712617216006,0.14140948207807705,0.3448493863291143,49.960271162469866
Maxe,-0.21158267820606746,0.2456509040047113,0.11085160692721313,0.5943886180784076,30.57640203271011
Maxe,-0.5677889859202494,0.4270872938341876,-0.08215670567370342,0.40301860889716334,32.94835861616419
Maxe,-0.3480229455542006,0.1703990277998083,0.10930364806576041,0.478987026046415,31.578322459231813
Maxe,-0.26881790793741817,0.2059997017885001,-0.016729867231807548,0.44681632431585905,32.800996948504405
Maxe,-0.45406888076030205,0.11295086259087979,-0.006522831692682582,0.4870961913664107,42.77559619937646
Maxe,0.10564749177601496,0.4602547146393528,-0.05856339174624384,5.3909888675056665,242.74405064056967
Maxe,-0.2252012606247208,0.435019086020607,-0.25072812931442057,1.545574778852703,93.47872879966869
Maxe,-0.3622929923483192,0.44231351708454464,-0.14414816953148518,0.7944158378554148,72.2045425253567
Maxe,-0.8520078136763026,0.21134811963666528,0.13703627871500978,0.5098142468109245,33.579837044611615
Maxe,-0.5283119178847786,0.17642458428778865,-0.24113927306290858,0.3710622793271781,33.41851031213526
Maxe,-0.4801516152204631,0.1615121800906177,-0.20045341004101241,0.2481317966145141,57.37386079516336
Maxe,-0.7078233471618933,0.5523421522770283,0.08780217768122331,0.6645767783739408,23.170252885119428
Maxe,-0.6534449959999055,0.8460459750131151,0.1312001876069066,0.5357415213600889,77.29522402878786
Maxe,-0.5353192346215649,0.5004338642964997,0.12223373454166442,0.6094726621867373,17.112115496145712
Maxe,-0.15118018872883401,0.13891714096204466,-0.0811158523734069,0.288596716568144,49.00899753764561
Maxe,0.15402698692894712,0.14104054006569408,-0.04605275371972997,0.3427271215392304,49.72663202548942
Maxe,-0.21792774756380162,0.18205662476261714,-0.077753232149194,0.46694535522311925,26.840338315761635
Maxe,-0.5939389120254572,0.049536368527668795,-0.31105032232793345,0.39005353333097986,35.69883874030672
Maxe,-0.06590362816188543,0.08304023668583746,-0.12958911958047667,0.3852023612779506,30.6283316119141
Maxe,-0.22045038188588367,0.3728904960427501,-0.07268091206990966,1.1928173598098497,53.583945585172515
Maxe,0.121233749566079,0.027498244362356185,0.017904348152172046,0.2832403512413568,48.72084905793714
Maxe,-0.5179909262099028,0.27192607197746355,-0.07430008591052782,0.296163820754568,60.490655667291435
Maxe,-0.6742224703773875,0.19090243774685084,0.04875945562507,0.6031254078286364,26.770589578690632
Maxe,-0.16601627945619657,0.414973993774587,-0.036225506396863234,2.16280261247154,41.28541464931166
Maxe,-0.06814481511733987,0.11994388729946141,-0.2965477163079964,0.32943424425689133,57.48812065936332
Maxe,-0.4311981686380113,0.10228872186016666,-0.05219181832016532,0.4438814022569171,38.77758281404583
Maxe,-0.2550432698746116,0.25295133547058124,-0.12312170793650384,0.325472508744164,50.02590413528792
Maxe,-0.2902324690228784,0.182202669218778,-0.23819633962842912,0.31523891631814516,56.987490876910385
Maxe,-0.5495054960086183,0.18405067756146024,-0.023417971497566352,0.48693543766727165,52.004267231093884
Maxe,-0.40466322185873427,0.38109350846741136,-0.10744012617270401,0.9908832044899513,78.20088797887979
Maxe,-0.4581367722083769,0.23510966971839514,-0.19904822308361148,0.514837571963727,50.53815856868516
Maxe,-0.17914690564255953,0.38794646949301603,-0.24691618403321114,1.1050344987168452,28.70512834363432
Maxe,-0.6391466516004898,0.42338351865897705,0.13113272105496665,0.5845009227671073,24.271416782020914
Maxe,-0.5895564042469938,0.27075744154940634,-0.06824193540679704,0.4404119299669469,59.790966963808074
Maxe,-0.3881349829931828,0.20521049038062095,-0.033017861242623105,0.3069458461018581,33.1187509035607
Maxe,-0.2806663852223437,0.22438815201126033,0.021278833492344842,0.29081913859729747,57.6654472897464
Maxe,-0.4306224222419746,0.38344856053260046,-0.21493971407531676,1.5649068453857062,118.15031807868198
Maxe,-0.814033857274681,0.22997981685409652,-0.009196919961368576,0.4541796099220587,51.380986422991775
Maxe,-0.2522009630212261,0.12289765346042052,-0.12129729466163065,0.4100606959943321,56.063454993205
Maxe,0.3312428270374559,0.34999848443393333,-0.17821536961155862,1.669341887147458,47.12066645102288
Maxe,0.21151668171981897,0.4155076061566315,-0.17536852037180412,1.0203167352618725,95.6170488674452
Maxe,-0.696539534461569,0.3868124713948601,0.12418846486056713,0.6360325934805925,40.05849195872947
Maxe,-0.6098377723375366,0.2674727778921916,-0.11637024340588124,0.48750086769951084,27.346912691200664
Maxe,-0.20707961630056393,0.2619375616859609,0.0007171123866462317,1.368093454597905,101.76610486419871
Maxe,0.24264662861751346,0.32145199875552766,-0.05150813641230063,0.38709585403881264,27.709812151112054
Maxe,0.09824004164415004,0.13223277196492766,-0.18699936062365416,0.30429571911297126,41.23786937471578
Maxe,-0.8374924971425929,0.8823956825046697,0.2692242245779383,0.7514802533743935,64.94447906749022
Maxe,-0.3707508747066808,0.05407223877815646,0.006627904528563264,0.31591759236501554,31.91955178759953
Maxe,-0.5264131379483261,0.2284830464345033,-0.23539457262481156,0.4024815744086567,65.04889145065432
Maxe,-0.3795422974948329,0.09601501831248663,0.026853965690235224,0.43397647192403993,33.837452049414395
Maxe,-0.15070956485242953,0.3526905964147994,-0.20585709094494975,0.5031546563366195,51.17078872509954
Maxe,0.13480068313248847,0.11452085927712301,-0.15689652532522513,2.0494534059086402,77.71419487346195
Maxe,-0.40274749687818384,0.3201764088501207,-0.19413618460888526,0.4624131700386018,62.817665001672026
Maxe,-0.08341962443569456,0.32162049448938723,0.024368672647751975,0.46517762977715527,57.93658846927063
Maxe,-0.13905996591126854,0.4554691222273471,-0.04247166011354284,0.5688402324162999,72.08453776215046
Maxe,-0.6712948223631815,0.16129832418317808,-0.19561407139570042,0.46901444380988544,32.161463062251656
Maxe,-0.1056818554671558,0.09512372398074452,-0.14250831250562396,0.29148229308362306,37.484090739414555
Maxe,-0.1718326175735449,0.3530952935809017,0.07997884022573194,0.42719068838552765,39.1028892809776
Maxe,-0.3278111699802049,0.03272661168869819,-0.1140162596299476,0.2188913075025487,46.45649804876933
Maxe,-0.5075183163677616,0.22404601420466444,-0.18849397219595507,0.36745140878484495,39.12345558242624
Maxe,-0.533332192114008,0.15878742478436814,0.15386877769590804,0.4765948900489995,25.28245029947447
Maxe,-0.3199087316218299,0.33526316452272403,0.0922187922645085,0.3404751884855998,54.968213483264144
Maxe,0.17737150727831655,0.46840587851462684,-0.0959825090883247,0.5465122952044101,37.785701687433495
Maxe,-0.6389995381483266,0.15470688076243588,0.052278565823791874,0.5070694074116413,43.66883069014936
Maxe,-0.5979540638641249,0.04379511907155074,0.1901390742206324,0.4252920434102122,30.894053645124536
Maxe,-0.3507214817113605,0.2581856097073597,0.037159910596241456,0.4823551690382046,40.22037531707203
Maxe,0.296737912661501,0.21051785399723638,-0.25481870640019105,78.82903138245852,3012.7131015809737
Maxe,-0.6172695990942692,0.2873153433415199,-0.04429484132569045,0.5534728648788426,65.27860694730732
Maxe,-0.566568725463389,0.5707399902837264,0.23735276360970714,0.7021905303236768,46.1982673031343
Maxe,-0.4796857284107516,0.18110835357085445,-0.1391840776358952,0.5425676002023307,26.28825912682011
Maxe,0.2225301458435877,0.16157286360251905,-0.09717857564420862,1.4413698595453492,33.32393063476685
Maxe,-0.6314625054326133,0.1282568328778833,0.08230609260422186,0.47689712870853135,33.52746232221702
Maxe,-0.5502672770965384,0.037599335013123285,-0.061265580593475547,0.3850666953483229,35.081709939689226
Maxe,-0.2680692964964505,0.1725914414396132,-0.21383274180893333,0.37829203035276765,34.66221627476306
Maxe,-0.22409396297742312,0.2983241952714251,0.21432968780569037,0.41063032852028114,34.51538099762881
Maxe,-0.33171289430514694,0.08048798659260661,-0.3220321694446191,0.21106226922158342,41.728369025314805
Maxe,-0.4347438409745922,0.08258540774234682,-0.15656756380345233,0.29459609007339127,47.91376336502094
Maxe,-0.39172763857609394,0.3661355796986863,0.03906619144708663,0.6226354446087744,78.1212217319522
Maxe,0.22569032009276305,0.1649841363445369,-0.13912634224267667,0.5904338877535446,72.75762391876077
Maxe,-0.10764984870234447,0.1275369066471493,-0.10963443748277565,0.5562695124481655,63.98582648704774
Maxe,-0.31773667714615006,0.09766969378415782,0.053083190820295015,0.3164251907979199,39.65968973141994
Maxe,-0.4123893163726825,0.22311646092457788,-0.11116954471804776,0.3657508666683,43.557263563993104
Maxe,-0.37032164785939203,0.31231377825678863,-0.029495970556254296,1.4225745304094233,103.55610495481837
Maxe,-0.2872587673392492,0.1522923941807643,-0.2805786331117496,0.3772521675555616,32.404561638135995
Maxe,-0.5388469006503849,0.45557160272133046,0.09870252040318842,0.6329042918431859,30.546534369330928
Maxe,-0.051537289535760866,0.028074661625147084,-0.008909419592947006,0.3372415572841569,39.47853617412274
Maxe,-0.6343869405342635,0.14442936635979664,-0.20233198544652958,0.3633096476041333,59.12720688392746
Maxe,0.22924807440721656,0.025707995479911837,-0.0015727109810570606,0.3355736428429398,51.84497499636878
Maxe,-0.416629597013522,0.08990644696814436,-0.17795964881069729,0.49098891321714594,25.8854828853949
Maxe,0.24202081818392324,0.26405156213737085,-0.04195641822134037,0.36980819482371674,34.420340457777826
Maxe,-0.3677528114431492,0.0380974005870749,-0.23411875309888144,0.361777136353638,47.009250475763196
Maxe,-0.26812141546306756,0.20781063459373628,0.040310076085154474,0.43173370861521615,34.28526479485507
Maxe,-0.12017416260702243,0.11992306736844591,-0.18117832184939775,0.24002955961476716,51.48339484558348
Maxe,-0.07385781008280638,0.039295353885872145,-0.2838924998988783,0.39515795962298855,36.78936845344454
Maxe,-0.6966672885832469,0.14969096826014022,0.019396842872899035,0.5447426686817034,36.16977378164355
Maxe,-0.8113312201549586,0.30827850260714246,-0.01660228444576563,0.612736814671676,34.131182636575446
Maxe,-0.6195220086127666,0.5218586708269389,0.049031430044941024,0.5842612535753882,60.10161494478092
Maxe,-0.5543908813796378,0.3872243395634823,0.13726833296226926,0.6310379266017849,43.08494788194254
Maxe,-0.6574900627914382,0.11949350932267604,-0.11704003126373642,0.37434172763162543,46.2359958227966
Maxe,-0.450508564383223,0.16683475957850286,0.22668885564909994,0.379478761009994,34.982188676484164
Maxe,-0.1326710412457008,0.12194673832145668,-0.1573414892325081,0.2966782384226624,45.22347797627421
Maxe,0.16472426825481662,0.2354011021240774,-0.1599628277075466,0.32850024864151883,51.5377549331547
Maxe,-0.5048390084280225,0.2340948466532903,-0.0914328723388938,0.31248616592199346,47.67865247908191
Maxe,-0.7660441975855143,0.5044305622666728,0.15274253570559765,0.6629753964700797,26.580831213163094
Maxe,-0.6422641337833083,0.4052732537031115,-0.036307300882534525,0.5085128360834387,54.15591958413493
Maxe,-0.43500600441403536,0.08438635264791325,-0.04662132488160556,0.36732490821672864,43.86356298081952
Maxe,0.22229429965988282,0.19689585549061908,-0.09029917898627644,1.3749758502781146,108.50852612351862
Maxe,-0.48666619324626287,0.5674823735911352,0.08024498083753812,0.6314879742874552,19.14741203121337
Maxe,-0.5273313163748652,0.199459431813489,0.10826364666825418,0.46455124059860536,28.85583063170865
Maxe,-0.418608879916067,0.11777238611271804,-0.06486949370150456,0.30980853484148957,39.266357063404406
Maxe,-0.8346765094578839,0.32187080069477875,0.08016357684550908,0.6100950151579719,42.21253931899902
Maxe,-0.26492810424495183,0.1525609205472528,0.03451058261513352,0.39599569389051037,34.673831942050526
Maxe,-0.4866726524424483,0.1109461675106405,-0.2462483247361413,0.2761881190791805,40.302472613613254
Maxe,0.11321365953575757,0.1226274144699124,-0.33432415248257225,1.4823529046496828,63.38049747967986
Maxe,-0.3077122994036616,0.10152158486952087,-0.20011910526635268,0.3934103098009247,37.04141509371918
Maxe,-0.6385664724049487,0.4435520151026311,0.14609292532004575,0.6740700935811204,31.59850230529656
Maxe,-0.8066673265210444,0.6443180106635618,0.128186272066319,0.6876731080617526,19.46592743611658
Maxe,-0.4810046971111108,0.20041926297538795,0.10013525581755257,0.6003573580005394,37.956578030634255
Maxe,-0.3610538518787221,0.024087900156302144,-0.23739671376456667,0.3063849915686804,45.96571218181537
Maxe,0.27190289554710995,0.09982114965063779,-0.2328880325345937,0.4792940061640557,54.71990574805433
Maxe,0.11203224934013349,0.12033027215423327,-0.025372726431109327,0.42707598027208055,37.868650173156475
Maxe,-0.6613585078330486,0.16658167700857018,-0.035600889935543556,0.4767053453361308,49.449128090224846
Maxe,-0.1383469338274319,0.19372094704351425,-0.29783725442001313,0.2832355624395287,45.84542321653519
Maxe,-0.34557595550412834,0.08915563438264877,-0.22557410437055228,0.34884908255071573,53.531773728359354
Maxe,-0.7721269859705717,0.2541766509075355,0.15457657803579347,0.5486819755927979,42.956678420828595
Maxe,-0.5538874196990695,0.39380519131473557,0.09356970452277616,0.5152559969671384,48.85655352372535
Maxe,-0.7354176114199455,0.50520008076427,0.07871390337117841,0.527498094270034,53.00294636091604
Maxe,-0.1850243211570644,0.1888987201217646,0.06931475936216401,0.4404155640588042,45.12922824226793
Maxe,-0.48531711336369426,0.01685848021023556,-0.00337884118419784,0.2913113278830888,48.29597339036161
Maxe,-0.5245533266516479,0.3246754597286347,0.1880522381788096,0.5104580332509463,30.874697115798256
Maxe,-0.5810893222676422,0.2618188265918944,-0.12216302603844081,0.37693534077469715,36.424951891350375
Maxe,-0.5272292518174707,0.09597813203772217,0.08834546680350047,0.4732383160976107,58.78495326518406
Maxe,-0.4072127010008154,0.24042388563998,0.14749168941454818,0.5817231309169367,43.32479120535645
Maxe,-0.8645596965302501,0.25904380283151596,-0.01963782433173728,0.542064585927148,54.31551788942605
Maxe,-0.43044127025219486,0.10480808252916507,-0.16968227120180887,0.5354805140579981,29.30086358360937
Maxe,-0.665009677443621,0.05727139399915354,0.034478378628351514,0.3522466526984749,39.16192029580157
Maxe,-0.3282371032065318,0.14737797544818648,0.06376675192241342,1.3632745390690115,45.557872742397066
Maxe,0.2861920514510744,0.12407354205616453,-0.025565968495313188,0.5016706250375698,66.51186856294784
Maxe,0.18993964969589497,0.268477217608749,-0.2514634181199286,0.29660110970396203,39.268529494855756
Maxe,-0.38195055519495336,0.2869166222387614,-0.19506461850839227,0.3913785815190126,30.190177247068963
Maxe,-0.44758952537621655,0.634369231731413,0.30215775920051513,0.609212396857641,46.94510160130279
Maxe,-0.09706089194794015,0.17055944838104498,-0.2839476528303951,0.3408958986297211,60.865094298430435
Maxe,-0.4991940476577737,0.274041115787057,0.018045237001487847,0.5339018012292374,21.383656667023814
Maxe,-0.4651492816061134,0.3710702723615845,0.12391963492947158,0.4597874364580995,54.377060520817544
Maxe,-0.34419069163220156,0.05207079839386407,-0.3861293372363901,0.2546527303435326,46.41450277505035
Maxe,-0.5974285632385431,0.08785059932935876,0.02385559227749524,0.6100099750511807,36.3469702118356
Maxe,-0.8913661827095103,0.663705647161788,0.22740191791086783,0.6990674025958166,22.7193368901181
Maxe,-0.6010352151583488,0.2889077889398828,0.05885379185815171,0.6317814693045372,40.35092765675776
Maxe,0.1562742998817277,0.3100502883970375,-0.23195381297485895,0.47766619573944097,59.34111407117567
Maxe,-0.38193532293160415,0.16320153223585285,0.0040360728146617095,0.4696482513726686,29.679322822485084
Maxe,-0.17557226412813398,0.02440958005435392,-0.29485557782843297,0.40272823599875485,33.40417437737229
Maxe,0.27328595998016864,0.1056202964485758,0.08991272872660035,0.46384210605967285,29.51086700920019
Maxe,0.19984674562752588,0.012802473171672723,-0.06277645757551292,0.25698354943579593,39.91827380586679
Maxe,-0.7965862782315206,0.46407288610568304,0.19175199071398732,0.700729030535417,23.211659547654627
Maxe,-0.6892165427564494,0.8711174041061174,0.13540001828587483,0.6815600651300153,52.96381463626294
Maxe,-0.39141074165793777,0.26571134027719434,0.16924554002796752,0.6166426386940552,26.31589402235089
Maxe,-0.06700335876172765,0.23218393684072697,0.04430014954000273,1.1577346783480527,47.516903904559214
Maxe,-0.45887158475994383,0.06234665852598564,-0.13810762064732546,0.3519828263473843,45.37159906512672
Maxe,-0.38919725583707393,0.4568630513625451,0.12189610664804924,0.51270091556961,26.593467660144952
Maxe,-0.3347894818249489,0.21315303810171282,0.0018048574562165346,0.32770261035717324,33.50117808031279
Maxe,-0.4418125385451934,0.13451547666944202,-0.08196893368970447,0.5154264805916992,34.32240091643664
Maxe,-0.44058378472855986,0.22822693584509715,-0.20018983803729723,0.30548985897730324,43.3203306356846
Maxe,0.2061425037202034,0.3787274135483738,-0.1954701176231217,0.6553155279327854,63.316903621513106
Maxe,0.31807832178106477,0.017308660448052814,-0.028124163787152736,0.2843697600658165,53.08220476644057
Maxe,-0.36096302806813785,0.22334932561304396,-0.04670905074910265,0.5899875962601836,32.26841263705915
Maxe,0.14367155239696172,0.18767961887534684,-0.07481213381455858,0.5127075460002191,48.1222009722675
Maxe,-0.16609929178257607,0.1327183382463451,0.11764963544405295,0.3643932459407501,37.80817113804092
Maxe,0.0699201195911992,0.20308234325571575,-0.27467308476501023,0.6070304804862802,63.391953793679676
Maxe,-0.35665009417858506,0.10633987286625193,-0.13361805907057175,0.3978634214891804,50.02969433515079
Maxe,-0.4069481470864076,0.06762137490561108,-0.09012328550817965,0.3822661359428119,41.656948377039946
Maxe,-0.4265637818075335,0.27040225752378194,0.18353975077893983,0.4952209595431154,39.92760322259497
Maxe,-0.7225158608705741,0.1726462998258049,0.04012693728592266,0.45954278712767643,67.12917875299193
Maxe,-0.5809723377356326,0.15568855116816221,-0.055324342407604504,0.49772674143725254,28.959096467052575
Maxe,0.2180481794291208,0.16839518653543126,-0.055287474132766135,1.392190971012041,101.46661029796553
Maxe,-0.4686631189388395,0.3159896571687103,-0.16858150653966786,0.42846906116123373,27.87717960815498
Maxe,-0.8204904252541487,0.23679306334503095,0.05309453848867753,0.6222813934330924,36.697889981541074
Maxe,-0.3133209584172888,0.1501417116515129,-0.10916345930523186,0.8954245296832065,85.88855688880167
Maxe,0.19177695894904329,0.15163437208488723,0.04521746148431166,1.3341852358404067,56.70320021801688
Maxe,0.14133052223017667,0.12557307480872834,-0.34190298457214807,1.4350413624250937,36.18923903117069
Maxe,-0.46692610821993313,0.21657163890223735,0.05691967115523044,0.3937361930499666,33.3801641687908
Maxe,-0.33215560072467787,0.03731428793117884,-0.11052872361345946,0.15082171469981664,52.05479740621898
Maxe,0.1627610782190268,0.2142238327247729,-0.17708606859330156,0.44339341690951706,66.35596523517839
Maxe,-0.40454532483150146,0.11509337743974517,-0.2780049563883322,0.3228535210421193,53.41631176834966
Maxe,-0.6063829066587698,0.46755489982429826,0.004140223760185468,1.5467887660300372,115.82923731085313
Maxe,-0.36648327090364347,0.0379724344145718,-0.05510519732709522,0.3539452921451682,35.36158878475923
Maxe,-0.553118035550291,0.040908019157757124,-0.201008715887578,0.4141746675753048,40.21770631618919
Maxe,-0.6962164846857167,0.19698931634398184,0.00429229232153085,0.5625248477288104,26.462895109042385
Maxe,0.3975951278367118,0.1221635550120365,-0.004669640440571226,2.0582437815495753,47.61538502432406
Maxe,0.13782705886285063,0.27452521318681866,-0.10700633608757663,0.5412352594915311,63.14129886343963
Maxe,-0.385465375047504,0.08940635264033461,-0.1622338620312765,0.4519915605885552,40.54967403230833
Maxe,-0.6806243899448093,0.11853406443169409,-0.07372023429695623,0.3022473798162463,43.37597177728316
Maxe,-0.6101114572639375,0.41068375387414263,-0.22522734371706024,0.3706592586713135,44.97652304140321
Maxe,-0.4252980020076401,0.18987382028088828,-0.16142610312492783,0.3000697030711384,41.5045541333198
Maxe,-0.24896378653470197,0.07097132926401875,-0.04293724728419135,0.3703480066236584,51.50407811779967
Maxe,-0.8940220519777479,0.37399246995081,0.2404949417529229,0.6223253652032186,49.055540976933656
Maxe,0.20063254789189128,0.3265145069909857,0.005763237373969876,0.8410026454380081,71.43308621654032
Maxe,-0.4425641199543052,0.12375389112931705,-0.07343536191681377,0.24670889268087656,57.40338111012875
Maxe,-0.23271816173006815,0.30307305799384465,0.31807837830640623,0.6283317393720019,23.088957821298308
Maxe,-0.28607328055584724,0.05864005548598401,0.060902208143708995,0.3663792255865901,45.79926806220626
Maxe,-0.5297267176189522,0.4661099871452697,0.22458388278657712,0.5302313978648099,22.81504529271936
Maxe,-0.2372052613797479,0.07872527590062903,-0.008876653367689842,0.3571257846926606,44.51941286542646
Maxe,-0.8252483495401005,0.3246177569598069,0.12454137875639942,0.5960586058803738,35.64888740618124
Maxe,-0.6891811511899413,0.20121680120389335,0.024541998588096966,0.535943096027914,38.12297440851096
Maxe,-0.6439385275910696,0.9212565376668553,0.014148847871667081,0.867584129461101,95.26046327389506
Maxe,-0.07834023652940023,0.13347897136741496,-0.30854625739879216,0.4323159200078174,40.600186136258344
Maxe,-0.4792244591302943,0.07067142943405572,-0.2205408087426998,0.296515852426693,56.00763934172096
Maxe,-0.0718741683288567,0.2879582299098719,-0.06680759811505893,0.49120612132193375,39.381935899957554
Maxe,-0.5081016290414675,0.0565371764751284,-0.04740224519023616,0.3866526208299077,33.560106036238345
Maxe,-0.7076283339253993,0.2121215598655461,0.20919253856386316,0.5661175778550005,33.14590206518078
Maxe,-0.08404353950040128,0.08985933620378349,0.031314980947068985,0.4302821067412485,31.268300251111622
Maxe,-0.3708752343679461,0.11761611034805479,-0.19937105561487548,0.4355682239466431,53.06422775219954
Maxe,-0.5876012154021728,0.05355663448473343,-0.13732602884103084,0.4697847695964017,33.40479507111758
Maxe,-0.15248553240707066,0.24964238565774086,-0.16496378442934692,0.5024355914251453,62.75593960718774
Maxe,-0.1464932508986305,0.19873491864714876,-0.1268461430438598,0.9090102802692862,77.06421112314177
Maxe,-0.11906527494788192,0.2321599000846856,-0.14000591883483474,1.071399353479394,35.67916787391619
Maxe,-0.6507980540461765,0.2673803665049052,0.0064176291448044855,0.35153313639562317,46.139003498657
Maxe,-0.5208184491478421,0.5254551680846654,0.03374124332940555,1.5055362918762374,114.22415047198741
Maxe,-0.24006766461855333,0.11416631275624323,-0.17243712034242095,0.2975702977081241,49.50458071289753
Maxe,-0.3929958338443933,0.8092988425809524,-0.02529925224313453,1.369064447767101,108.20033362333145
Maxe,-0.4233606360245863,0.2928389185054321,-0.12329090931274116,0.4577891450008662,71.34099156773767
Maxe,0.1346649504691943,0.28064360209612493,-0.1733647393738199,1.3188397659746278,103.47981151579542
Maxe,-0.35398216296100304,0.014473335578157132,-0.03908953294850363,0.3883174957942574,35.04150982521057
Maxe,-0.47852816467590564,0.05462257826589536,-0.067210153184628,0.47229630570708264,37.11640563206876
Maxe,-0.4432180013188133,0.061646203697896175,-0.22933947473340033,0.34854609753978166,35.561665279148094
Maxe,-0.3505005861735132,0.3757189622421264,0.06063499833532981,0.47936524843990486,62.22351415259945
Maxe,-0.5831600182690552,0.6545207233658775,0.04851814431503322,1.1571448433679248,16.660277502136328
Maxe,-0.09884927792700843,0.11966413470523911,-0.1749447137143069,0.367162836697255,39.410450218968116
Maxe,-0.5565373794925794,0.7167279290832533,0.0064219019416208445,0.5670704020411754,23.279021432415966
Maxe,-0.48109808906762286,0.6992407231025171,-0.1360470290958211,1.6125425100439617,116.29995416055542
Maxe,-0.7733222762685473,0.5669378676793945,0.03283539737106712,0.4784751479615838,71.24011043341197
Maxe,-0.18711143996675988,0.40048976928920776,-0.10402611327264961,1.490070889179454,86.0150696068766
Maxe,-0.33784416317392346,0.1553752885727459,-0.45369595832929044,0.29388452694742073,48.46423089376499
Maxe,-0.6729019871105396,0.47837186458525094,0.23262740792515055,0.686684136442494,44.19000863661858
Maxe,-0.3124924865053146,0.14981374283565715,-0.07219544502621136,0.5071424509272897,42.469635031531965
Maxe,-0.7006122907944106,0.2785551344180696,0.0016873535483689158,0.46227013273973544,53.651670121129385
Maxe,-0.163755616101658,0.541778131964789,0.14169665663272704,0.4069784357129184,38.29004380249954
Maxe,0.27060576749010445,0.229926446704447,-0.07551681829905553,0.50251358448871,69.16020983500151
Maxe,-0.5860808784787066,0.37823715271520364,0.08903383562751048,0.49401592114560083,19.496671997287585
Maxe,-0.32124224311485305,0.5120055902387457,-0.17725960763590848,1.1060637877586854,107.42777008423585
Maxe,-0.15205783422120311,0.20462547325358543,-0.1590840579904513,0.4310101046471946,27.77724118135182
Maxe,-0.5406128244656525,0.6666292037973559,0.20488555350012652,0.5894180421352528,55.431686319159844
Maxe,0.26229554383016,0.290201952130009,-0.21753681104206904,5.342648760501625,241.64856604730738
Maxe,-0.3527001170094337,0.2131546111740604,-0.19357805684661006,0.3218259986222235,32.62793370997151
Maxe,-0.4108482426217384,0.17985283002059063,0.1136687546715333,0.5236380750559727,36.17956863288839
Maxe,-0.30322394222856497,0.2901495742016692,0.14921157412214572,0.869645632990151,66.83153480354706
Maxe,0.5164253276933786,0.150412904405838,-0.03976080425174994,2.292157337209207,133.80801369076158
Maxe,-0.5225201578400378,0.3064963168529443,0.06089226339599335,0.4579499801909325,59.85098757395825
Maxe,-0.3971193860868292,0.14174318194459137,-0.16098633475274124,0.34050335360689893,46.484797220963145
Maxe,-0.4365774571938182,0.34632893060047054,0.15064817902287636,0.6493977726730383,31.452153364010165
Maxe,-0.6877661898399938,0.3071776849037865,0.1228076617542292,0.6317781702318138,37.070861860415825
Maxe,0.3185924197438409,0.25626552953638243,-0.25193893737615225,1.8060057969038856,94.56539744834133
Maxe,-0.22849423023855875,0.08653030157037275,-0.21108184028854454,0.3835828063687953,44.66712005981686
Maxe,0.2885402466804565,0.08666568322283771,-0.01240351104436568,0.8879076150729744,80.04560011879528
Maxe,-0.610578199097599,1.540127719908583,0.02664018271198182,1.9057422636466252,155.4111667872322
Maxe,-0.6793534014102406,0.38999111779698664,-0.03917386681413762,0.6720807902965886,77.47173748583634
Maxe,-0.39911807555215484,0.6011521441825824,-0.03728128637414229,1.1752268130512395,26.251119409413974
Maxe,-0.4426148470827592,0.09204251652173154,-0.02313097155556574,0.30129282917485567,39.408706576333856
Maxe,-0.3471487920439249,0.3820815173073373,-0.10379028213721958,1.6540185772027713,101.65817966622949
Maxe,-0.5063951335107066,0.05383907415403999,-0.033290297391727196,0.49868050729381586,40.45705880754297
Maxe,-0.3216122226549239,0.1326831670558897,-0.024675924125948406,0.5054349023444643,32.50160382052682
Maxe,0.18857881799773255,0.14545681390962445,-0.06914254569109847,0.35673552458064434,59.92334827115876
Maxe,-0.5659617224057082,0.06103107419313549,-0.10860631684139102,0.3160913950416291,45.711028737721854
Maxe,-0.47459443771785065,0.043364603570453214,-0.1429748691377608,0.3048465310539691,42.70400268678192
Maxe,-0.29580669228134643,0.10166427939841567,0.0277645223214907,0.39832955779983065,50.91762372057273
Maxe,0.2524118306270048,0.4699246318451472,0.13021593209472407,0.4454613569778265,64.57095822073178
Maxe,-0.13916326092237788,0.08439422554390305,-0.06744477264806842,0.3832514933324895,40.47470392907408
Maxe,-0.44159262003240607,0.31764118076452014,0.11443463917297336,1.0765148292472773,72.86122395791558
Maxe,0.1860559036001633,0.34636490116571317,-0.05439561558104965,0.4318095537496362,62.49724655686794
Maxe,-0.5032480925975574,0.4140066335581206,-0.15188309320678212,0.6084394428668838,75.44308927403074
Maxe,-0.1803532237292252,0.04789907646381887,-0.058203301290820394,0.16913233826647622,54.77581617419615
Maxe,-0.45661472201702075,0.3325893223448884,0.05702554125361351,0.6048010318386735,39.74625404304277
Maxe,0.24998037068820333,0.16922795424083542,-0.20917421162969693,3.68884639121802,175.85728735033808
Maxe,-0.6023446626110227,0.6248859332711822,0.1075862864721345,0.6198864112399967,32.05191190274978
Maxe,-0.2997727723741944,0.19755623590576937,-0.025190869432544272,0.5050272584875115,25.04746768015115
Maxe,-0.5344001303045127,0.051706142922998445,-0.19395115328227064,0.3987497003661074,44.22416030653699
Maxe,-0.6303298034600069,0.25970921683989434,-0.06950223579783095,0.4407689421748893,66.93928453460863
Maxe,-0.41287394667790234,0.06167170999458008,-0.06419473222875798,0.48751865374965975,36.79150117256976
Maxe,-0.4605414328264198,0.018644575529640862,-0.2086929219472116,0.4417726168008197,36.600854026536936
Maxe,-0.5171637886384113,0.05913007321132731,-0.22663691611716175,0.390803565541628,45.50273520538658
Maxe,0.07007718294100128,0.22060400838688735,-0.09947086080811328,0.3916813576950285,50.928147282668974
Maxe,-0.530583015958451,0.07135379558241042,0.06353830932752677,0.4676870954203176,34.25576753445643
Maxe,-0.4815729570237606,0.14294102755138205,-0.04138114189779981,0.5052295129362201,45.12645316338239
Maxe,-0.2866081156494271,0.07663012716929488,-0.07856031130833703,0.35119272549909414,34.88083838351098
Maxe,-0.35957236443615626,0.03928817666043754,-0.2888644829060524,0.40255249907676416,46.07838515683883
Maxe,0.30651939488338076,0.33225735642277743,-0.23528334274416454,1.0890641259389948,50.00082343431005
Maxe,-0.658080489071768,0.16046277850740528,-0.02420273592563388,0.334481994753578,37.44159705198488
Maxe,-0.37594930557992884,0.29902374919010866,0.08180145000491568,0.44605583513832214,29.908803323353244
Maxe,-0.3557009701997607,0.056765852689961836,-0.06724488494365072,0.2339464232972695,54.57092254037531
Maxe,-0.49703598879762084,0.19001650518806912,-0.034984814303573475,0.5091058137029507,30.99406623615968
Maxe,-0.3172886997981996,0.08420234226327562,-0.07070801522777852,0.4060791142683129,42.85624091149238
Maxe,-0.6417408180614517,0.3524905098606551,0.1623635185068243,0.5490464849229374,29.98742589475721
Maxe,-0.5699452634128007,0.12627307544427924,-0.25967992623603364,0.3785781467414496,36.99827842434228
Maxe,-0.5161816579849144,0.1521313916408213,0.045781683123226516,0.5203731732736582,25.713858314483254
Maxe,-0.7270949934607265,0.663161422304319,-0.014698519824103601,0.6365543428506129,33.453006875347874
Maxe,-0.227671722185267,0.12725738839969733,-0.21819880316432835,0.37702987231476903,53.96825772200748
Maxe,0.09720749500157527,0.5680362243319115,-0.2065983239629978,1.5063622836369395,76.15292852789153
Maxe,0.1161562375950552,0.10909743896006659,-0.167355648529949,0.3637563812062945,35.26260932395145
Maxe,-0.08581127078490461,0.16705596689036878,-0.24349707173776242,0.4272144717717154,28.87642670081638
Maxe,-0.36539312128383283,0.20592813143021943,0.05305264162810906,0.6370572183637244,71.81521137043707
Maxe,-0.5601387447573716,0.15405484405558578,0.12644907641430933,0.4799813359860136,34.55194634093795
Maxe,-0.4780598669732288,0.09092368748550997,-0.04974464783127313,0.3556313681203604,46.16097616072127
Maxe,-0.5429005982325972,0.11446126094025744,-0.05325763933284252,0.32183788972149824,48.66862370565844
Maxe,-0.35791179319768257,0.21998642973943378,-0.029588926605000482,0.2972190481376736,61.03130690193367
Maxe,-0.21342702383285622,0.21152218520790114,-0.07500425498377086,0.4275529831556659,35.954558726666846
Maxe,0.24027864949633815,0.24965312681030927,-0.006897744230854726,1.3002680673258586,103.17856501636751
Maxe,-0.2606619334202934,0.21134447253957447,-0.09422948570619871,0.40409015206988697,33.644592842036126
Maxe,0.2058593315974547,0.5546318515671868,0.15852315862875094,0.5569448031472615,75.94173496420402
Maxe,-0.4817461494001015,0.14266293211784847,-0.03200287032036224,0.5071468550953019,41.12732227159583
Maxe,0.31404939265526544,0.09276451776494761,0.04459268553758307,0.3357806495179177,39.01769176712973
Maxe,-0.46992080285540705,0.20569994636877892,0.018495202731792604,0.5110648166259599,31.956323386216212
Maxe,-0.08793017220960868,0.11375192281021099,-0.07354500468824965,0.394555876571995,31.37270625429607
Maxe,0.2088641172622791,0.2027639085463806,-0.15289048306665035,0.5267538220611742,26.587479746291212
Maxe,-0.3639314105490068,0.1572485988604833,-0.07047530594867839,0.4909927855129928,27.032359740028852
Maxe,-0.2801564149493341,0.4014584788995951,0.024703441191331287,0.8315786111202503,87.67348882558177
Maxe,-0.4927242733528634,0.18634309838535174,-0.12990885832346027,0.441574419690134,61.67890624771917
Maxe,-0.36615817916316973,0.13418130969326078,-0.02298212796652533,0.3045341517886135,40.90608729736614
Maxe,-0.11158766442120963,0.2030319372908787,-0.05382462204804647,0.48718438633725925,36.778222256462186
Maxe,-0.1744048696961567,0.16254824867608023,-0.04197446285009488,0.28829887428547174,50.61504644056073
Maxe,-0.4880924262080596,0.1474680918683295,-0.1773112344580286,0.3320224296052786,35.729009553831496
Maxe,-0.1938253934469728,0.1365091383525769,0.05102091344631971,0.3776129673314417,48.55752223122377
Maxe,-0.7675043245656311,0.689827434683596,0.1081248691009805,0.5561556637839301,28.526744612985414
Maxe,-0.48819770552920655,0.5106757482193556,0.2031462888426316,0.5921573400212372,26.662562366113313
Maxe,-0.50357233924225,0.12244630440281198,0.029000188163076587,0.4046550028077745,39.35976077306567
Maxe,-0.16266390116453477,0.01776458819477376,-0.061939297737294056,0.35574659080629106,34.48922865121048
Maxe,-0.22184119247950054,0.29597082532422525,-0.06248436025375379,0.5423936024315897,28.70489327487201
Maxe,-0.265543596201584,0.10403574803954707,0.03132977153885373,0.4253108226486619,49.09548776605352
Maxe,-0.5459818357211592,0.4084506414401109,0.0829854766856815,1.1371703622405955,35.5539134199572
Maxe,-0.07787001130781843,0.1751916123385856,-0.020555073467839385,0.5287291208736683,28.932741742615598
Maxe,-0.3967189935799098,0.22434011265420556,-0.07951897290676925,0.5159928802264938,33.934469322095175
Maxe,0.3679277257948099,0.384797656397798,0.06263134053114364,1.3732742392801367,42.37172646353851
Maxe,-0.5758628679359574,0.2734572858601512,-0.1092882634238114,0.29104862426129513,46.449765278977814
Maxe,-0.17912408622537068,0.4304266916319766,-0.04265560336318238,0.9902352974989871,70.3263381286081
Maxe,-0.724282894577041,0.12061892368335399,-0.05150321978490228,0.5107029625843528,46.713322149940254
Maxe,-0.20460793964636692,0.04773442017561812,-0.02889057908157834,0.4018805414660913,42.1400842121955
Maxe,-0.2887583532006377,0.19763793164689272,-0.05334166306284813,1.403224037752823,105.87055769273202
Maxe,-0.2887718590597532,0.04913427340762268,-0.014762820616801847,0.38216868489141814,39.95973586757591
Maxe,-0.2243883345917842,0.19069840055100742,-0.06499683783761605,0.4882422652426851,34.11569446264406
Maxe,-0.12342875807616832,0.024110394069516518,-0.06632451896948131,0.45980261998999206,30.457979056439346
Maxe,-0.36778208995494677,0.6459106834083338,-0.08067150488774283,1.5303117836834805,71.52679151981262
Maxe,-0.467310634053193,0.02975388692731611,-0.14100200211922018,0.32371746398078705,40.63720283852699
Maxe,-0.04965962524057234,0.5518205020936751,0.055741404120583,1.157411050064731,66.07117086119332
Maxe,-0.7383378642809448,0.5220562011725348,0.11609493815515212,0.6523015706600033,28.9261797823888
Maxe,-0.47740992057989934,0.09195218257164209,-0.030643965043868293,0.26563629548518314,46.5785713174517
Maxe,-0.4116239170935975,0.27796599500947616,-0.002573816512034113,0.5432122047959098,65.25383670156113
Maxe,-0.7037022202695787,0.2842943173320269,-0.06830187056135888,0.4803535719131475,26.234108628065016
Maxe,-0.37802438848951003,0.40009306878450135,0.09317212527253875,0.49447591140276903,57.31922330788352
Maxe,-0.5732173524514694,0.2296440099238878,0.021603482064468167,0.5053555188302765,48.66182170438056
Maxe,-0.7475185010442298,0.45522650882132415,0.24037497101783895,0.6298741751563964,24.71822863025021
Maxe,-0.20503300346825482,0.5123599383698593,-0.14152723298556444,1.4559821331769027,78.86954694607638
Maxe,-0.18461479398400357,0.15989971238373318,-0.25278706090270775,0.5462521531398782,64.9870224399636
Maxe,-0.6221530446219394,0.13056153691661593,0.04329633539596051,0.5326457154267349,24.208341622259702
Maxe,-0.27979473854857007,0.773402593578526,-0.07744033833794159,2.4229646873496167,97.04536680297973
Maxe,-0.6465998864396085,0.06994142419289152,-0.05021322141374664,0.4376255895596496,51.328905193125294
Maxe,-0.7531682034329669,0.29439640855196564,0.13024928509862715,0.4141661816169568,42.82808614684924
Maxe,-0.14361622014600015,0.3260611454267732,-0.09718515470945827,1.1362447975751542,51.75186626992203
Maxe,-0.6445287539184669,0.6203697437367504,0.10280612006609138,0.6508465398032932,18.539774946046595
Maxe,-0.31537191537951026,0.07192329227348318,-0.21712285869512507,0.4420646769831809,28.216764025199033
Maxe,-0.5067112960931655,0.08690459355706405,-0.22440130163255959,0.4541520395342774,45.345178345819114
Maxe,-0.4544232777314854,0.15260935145837723,-0.04462877279288416,0.39456532610810124,52.233573798442634
Maxe,-0.08386070338811205,0.27435835906610684,-0.2398629684911795,0.30872119821031185,54.70909404484355
Maxe,-0.22774890004652154,0.07270595903622933,-0.36224072379635125,0.3401972405097737,46.632344177479496
Maxe,-0.5241026490495794,0.250152272980184,-0.10727663901581884,0.6218875617218205,27.95693114118938
Maxe,-0.3434141879084998,0.289415120881497,-0.09876830740133194,0.4199905781754263,27.72180623865087
Maxe,-0.2596796849999873,0.048881247841243994,-0.12420800058860491,0.3475503234056738,40.96837062843398
Maxe,-0.10763966227299905,0.03350381577214253,-0.2983753702894657,0.3759977977742692,39.668851105243235
Maxe,-0.4428521369443096,0.08066509393829921,-0.007372995624090233,0.5169912606511609,34.76630620957786
Maxe,-0.262340889616386,0.13896414453815048,-0.10748179374109262,0.45311716251258094,27.63970331851997
Maxe,-0.4678067800343883,0.1333344431538675,-0.19184735546658244,0.5225752757732923,28.192981265961443
Maxe,-0.46044215798403015,0.10940490656073758,-0.1804969716367759,0.5092756238542699,43.02711423401584
Maxe,0.12639865914544632,0.038925434175011084,-0.16340321373950178,0.37724970234066607,43.34923717118956
Maxe,-0.6836183408813665,0.07431118352452615,-0.1917408128911409,0.3863182365992654,43.63397168679109
Maxe,0.3417419383299847,0.09743221578563524,0.08451112472056305,0.4641803376339304,42.19850113589041
Maxe,-0.5785091543160198,0.3377403316651529,-0.13477053763440755,0.42886470861413933,51.82592462109096
Maxe,-0.4943638644265459,0.3591536313668279,-0.1989817115541653,0.5139044479015342,25.08482801730849
Maxe,0.190480086401105,0.2766780180785042,0.05952134768193939,0.3727357604744945,35.96915784088257
Maxe,-0.4026509966990013,0.41193306441460875,-0.062125880493943283,0.5509826615337003,68.57848848297273
Maxe,-0.7003037745917898,0.34408907046276704,-0.10066787520510839,0.5741247991643845,28.865923267028556
Maxe,-0.25742740293051364,0.014912870677170864,-0.1341496705527392,0.2710457673104326,38.50135163788055
Maxe,-0.6924621952375904,0.20520045379494203,-0.12655513512634378,0.377769096817508,64.78366568165443
Maxe,-0.22456065205758147,0.3192238736861606,-0.25758758745297355,0.3745680753608525,68.24214533070308
Maxe,-0.355260910296502,0.24631575531039504,-0.05984393443147386,0.45888525525719154,52.46926424436533
Maxe,-0.6340493418338444,0.7221710788508936,0.2111963364529129,0.6268579765946594,67.52525951464249
Maxe,-0.8096864555327683,0.7458754808485213,0.21700153295095406,0.6999303257546371,10.914544677275071
Maxe,-0.376986436547907,0.2156923353827886,0.15060640013783014,0.4684296385937902,41.06728058530153
Maxe,-0.36639392435580187,0.16754942873023662,-0.043023882256681294,0.5184649165327742,30.51947359672348
Maxe,-0.6652264323756734,0.4091555246716031,0.21719990957230376,0.5673352760862954,42.176570725181946
Maxe,-0.29800281566071957,0.44724374795679855,0.10291216060506886,0.5733049956267999,23.825735626457785
Maxe,-0.6699508264759444,0.1530951448037533,-0.09866894668757174,0.46218451607573213,34.59301628070249
Maxe,-0.2532416866382327,0.06619809113808231,-0.24132598916553388,0.2766187097675914,52.72810029930249
Maxe,-0.6508404612655732,0.5463909319407418,-0.05409937991957485,0.4200702378953193,36.07675289659768
Maxe,0.1427955793200787,0.08571465916604161,-0.09733036840171667,0.29495051903168784,34.048283019955655
Maxe,-0.2191624921336568,0.14588365920652316,-0.11219257676765565,0.3914500118889767,37.10284904155999
Maxe,-0.5317834149785008,0.2524315182197059,0.04360073898230052,0.5521235496401762,30.86229931981174
Maxe,-0.34150382098867327,0.11808263810606046,-0.1866112318499828,0.3576353792595674,47.895678716305355
Maxe,-0.4545487270191464,0.4893042843503979,-0.16716632395394532,0.4241198406111132,66.11262425829798
Maxe,-0.1688650465493739,0.5577234141480998,-0.12771980544964856,2.318193546724663,50.354889115963644
Maxe,-0.585491202533378,0.19603508114507825,-0.10915108956672569,0.45842003058733255,46.85207539917248
Maxe,-0.31761837556063854,0.20089561183215654,-0.18897852256720354,0.43448332286159463,44.45806945654791
Maxe,-0.6827099343811587,0.6049759865589988,0.030907109682366034,1.1235453272618483,108.59563525908185
Maxe,0.2616214038194711,0.33696886831507555,-0.18681708938003422,8.546672201135735,47.11981793006894
Maxe,-0.24378698174182553,0.3541468467668238,0.17031902201112362,3.6481122884851995,176.19613982058428
Maxe,-0.5160149663708267,0.44797517823885313,-0.11846007463110227,0.5988909067765307,21.111907545870615
Maxe,-0.1462349901389577,0.07896325474302082,-0.03531316929877573,0.31846466660526745,33.26822661668371
Maxe,0.22395289518120828,0.061708292626802705,-0.04668066173643199,0.4615886721778698,49.436808652408644
Maxe,-0.09903140381889403,0.1434123836849594,-0.316385476345265,0.2970832813693177,34.33613199466403
Maxe,0.18754582346693766,0.20853383372503384,-0.3349751154109296,0.30789243629234947,58.6898130783442
Maxe,-0.24108708016563934,0.3246038703787171,0.029832900068227548,0.4803467908838629,34.197031638220174
Maxe,-0.33927644644009275,0.2968563376248497,-0.048704093936484116,0.575971885796383,52.597021345509766
Maxe,-0.9210014161225222,1.0778957257010693,0.2916445818917968,0.7388194672308093,63.93174472331185
Maxe,-0.3235447446582107,0.27190429815077016,0.17083830074120226,0.5135339100660519,36.135239910637274
Maxe,-0.10052680676500149,0.03810615216520512,-0.10867507997220038,0.24480516060129,40.28372632158646
Maxe,0.15650870459311383,0.23735436415021843,0.031922933146075354,0.3247636157177157,34.39887960501095
Maxe,-0.287685991900388,0.028086465476207682,-0.07388312168913347,0.4181385511313659,38.63607410987299
Maxe,-0.4040438409471009,0.4368065733518427,0.10326030094057272,1.4234668579236387,107.9120387086023
Maxe,-0.5107601708426546,0.1893610406722176,-0.07076284889618939,0.4651261305929301,52.886658405622484
Maxe,-0.7294865543196956,0.5282589290885532,0.03684347673586183,0.6270870488916981,54.34667022362869
Maxe,-0.513838811212631,0.13483856151848048,0.008752882573587615,0.5612405208983505,49.70916240328586
Maxe,-0.36552418240785045,0.1846838173208672,-0.17281224084533514,0.5050746993535261,47.03911708877944
Maxe,-0.4083916963702333,0.5155598494013451,0.03470006149147345,0.5017512008861952,26.17586132453491
Maxe,0.44912217390493037,0.39185250922813547,-0.04221809750783088,2.6160675279639647,66.67249424747104
Maxe,0.10480116693185104,0.043183807606251304,-0.18749960464657547,0.2892711280569461,42.27147672708886
Maxe,-0.4504616931656305,0.39605748775000826,0.14027334462134916,0.6042747878678051,27.08465174373284
Maxe,-0.14793405841030433,0.1435335587638076,-0.0483358169840062,0.371446257675415,35.185206089554974
Maxe,-0.7287032752616626,0.328872021682415,0.03856619623360826,0.630847186595655,28.004427899795964
Maxe,-0.438447829694812,0.035957090422003575,-0.2634013183595033,0.4189597925475541,32.230227017315045
Maxe,-0.1941748282917404,0.1069140427063437,0.06385282535925749,0.33868084696346146,48.24177623304108
Maxe,-0.35523069728328216,0.10055648131007525,-0.04839185373640949,0.4843384759408588,45.85564157554288
Maxe,-0.6423939514638277,0.20178228483975405,0.25472736349309294,0.4183525863588126,27.87889872369798
Maxe,-0.7853259392173639,0.40161207032253543,0.20835265227131114,0.5454161742370547,52.64871838466456
Maxe,-0.22547691986452129,0.5384542208788122,0.19850638221128744,0.9170321782024656,68.06595643481208
Maxe,-0.4855018599758508,0.07717830099095029,-0.15100903569762356,0.45324586224364666,38.36250918646884
Maxe,-0.3888779706982877,0.06177181915549272,-0.2593759607244332,0.396918198687419,46.10700180112867
Maxe,-0.5201750502297258,0.18654958643635766,-0.0759326102553136,0.57977905700048,42.987454443085696
Maxe,-0.6054187149556934,0.3517293910439836,-0.04500243117363448,0.43546344521372915,68.57723059316291
Maxe,-0.5231887246889637,0.3103900258320282,0.04182586476163171,0.5920365357485822,67.13073522866773
Maxe,-0.5821371847527455,0.23978478614281412,-0.009979233446314326,0.4969684401405489,41.60454718579372
Maxe,-0.30991082876461795,0.18787759806455256,0.11393446866934262,0.3447739182415304,50.88269543371069
Maxe,-0.9219990843306399,0.3386555690400773,0.28409472410886033,0.6469438800011816,32.36623958356609
Maxe,0.18624374389846987,0.3297197290254214,0.13970600357835178,0.37925136149322475,44.14374672313586
Maxe,-0.15134135882305827,0.10777801506819584,-0.10084748785691308,0.39863952706543243,35.234082295521674
Maxe,-0.631557844502993,0.45574745301634545,0.013958117139441199,0.4667807639599752,29.094184682746608
Maxe,-0.1238175269414283,0.08538421148391281,-0.21405435335572792,0.27784094497428774,40.076741534881506
Maxe,-0.4434374163754714,0.008849003775446809,-0.039697726669974814,0.4083013630817168,31.205766432393617
Maxe,-0.522647955693835,0.4421012980349232,0.02159282590644403,0.44412196343050825,33.06101416568376
Maxe,-0.1650500468273422,0.12744622863852725,-0.10391428074298198,0.5733737183816218,33.52527883481982
Maxe,-0.23646213949481865,0.23096639126049912,0.0318887074864255,0.4612166850982601,28.164302367120037
Maxe,-0.2979938152645829,0.13497879758077466,-0.08149205480065856,0.48179362864147535,39.45757630135772
Maxe,-0.47848515685210913,0.16276244750298582,-0.1289567530642684,0.26925268748697034,57.24144779686361
Maxe,-0.2650209586927229,0.3535603171631852,0.14000350641193887,0.4767900767401521,32.339435805040985
Maxe,0.20961583856988464,0.4274005543338263,-0.18575323146972053,1.1658924256866885,51.40960683834997
Maxe,-0.41466393272912405,0.25248627525097184,0.13167513261329994,1.4157185554695855,85.77667214550061
Maxe,-0.37768968641932554,0.20822025270951466,-0.017657395275062993,0.4256677919577644,53.41405594449124
Maxe,-0.8538272117077921,0.4249152126666612,-0.016515310011368318,0.4423819606164607,64.02561830146749
Maxe,-0.7041427841409676,0.0965344436953859,-0.08696462463661495,0.5153484041889451,44.30178170798295
Maxe,-0.5035676810912197,0.06892300756247766,0.00042789330130633334,0.3880780215745073,39.12551830814588
Maxe,0.18804465800913434,0.06788712239465441,-0.1734023581446066,0.29649748136647386,40.9055795829364
Maxe,-0.5705221643502159,0.22019567557527867,0.0962555756403916,0.5620590286784657,36.51680739391783
Maxe,-0.666873466836897,0.2920363460965848,0.15173408202434882,0.5273431973323479,27.516561115666594
Maxe,-0.18813057517924525,0.15273070186156185,0.02952844255240477,0.4374937685396397,34.99670172579942
Maxe,0.1635681370096514,0.1114374253532224,-0.28777693901587603,0.32564726853066867,52.011993646953066
Maxe,-0.18914234424591705,0.32710389073639734,-0.16638945831508864,0.41104326971322275,42.840127316113076
Maxe,-0.277938641267641,0.2568472687492294,0.12855332136659725,0.4145685084607132,28.316061338758935
Maxe,-0.2504748544234231,0.15711312789065532,0.036547798458144536,3.6586582652674307,169.2161819285741
Maxe,-0.48696628068484216,0.4302189353658048,-0.12422949083997493,0.4200631895521711,45.11143439729974
Maxe,-0.1963913199894673,0.4074327449879556,0.1234594465978696,0.4596012340827182,40.01759638028002
Maxe,-0.7509523891726708,0.09249637505232519,0.08278341426681823,0.44430902573179754,34.07056280153098
Maxe,-0.5214623782423562,0.6390998350133547,-0.07953896409264401,1.3956196476652905,33.98723677399834
Maxe,-0.5750288551312381,0.15607222611096305,-0.10634857748896424,0.2521299627840024,53.35306357060344
Maxe,-0.4553172035009736,0.10986843010249717,-0.03671646532243263,0.24073437096432923,48.301886876620834
Maxe,-0.666851716433253,0.3490877016955122,-0.027491685069519226,0.5095388539418968,55.18971752821214
Maxe,-0.6537372312193381,0.9413395082414675,0.37528763272173354,0.6867885447206952,41.06052882828488
Maxe,-0.3960508838823956,0.19296981244888667,0.06497596759158111,0.4117318774508344,38.81259099210321
Maxe,-0.45842930267035903,0.12863726657548633,-0.19596658818540091,0.24671152704339994,51.50631984283012
Maxe,-0.8202894872596814,0.6905344590452407,0.2930035215186291,0.6510894567698202,61.90152972631613
Maxe,-0.3258807808460985,0.28114356589881423,0.03792875166076207,0.48119560457829985,44.44766686195311
Maxe,-0.43853456730594936,0.34367503711490693,0.08635027318111142,0.637438046441023,29.346255006923926
Maxe,-0.21773213435465852,0.17284969942517034,-0.1972215259254779,1.0849959203354538,41.782421862909544
Maxe,-0.5554013393950853,0.25576039457867833,0.02685867479698251,0.4350531626473923,60.476893076636486
Maxe,-0.3146094886808334,0.17561081499268855,0.09540464975596531,2.0616687437183865,46.05348316032649
Maxe,-0.45452836125863133,0.03003293593246867,-0.15927810698250516,0.4560299717762909,33.318744664116004
Maxe,-0.18165369336648385,0.06742911432695073,-0.1679677016897214,0.327116184680535,51.055447423604946
Maxe,0.34044007508968616,0.22076216660885678,-0.06645469562962077,0.40563966943670127,50.66264433201813
Maxe,-0.31783467856562553,0.4866741129475093,0.015467060710032742,1.4719465544752526,71.10458664456041
Maxe,-0.5558081610606047,0.1668149196154744,-0.018085780199491735,0.47360343907011293,42.94986922958058
Maxe,-0.5337985226581428,0.05035596119099935,-0.08681596346786813,0.49043629286167484,36.0907059033372
Maxe,-0.6731156625123804,0.10696959376750914,-0.03495584852974104,0.5066976378070124,42.27954400154536
Maxe,-0.08120659939843444,0.02802919751833095,-0.042456885068773216,0.3492925946478367,39.614542448544775
Maxe,-0.5246213148383254,0.3306314713472548,0.10909723757976934,0.3912033356894865,28.812400910831105
Maxe,-0.5851010942387126,0.44829590500393424,-0.04538500386722808,0.5472531607121435,69.8678087066512
Maxe,0.1989101964147052,0.151472678938159,-0.18673245729783325,1.467262227851956,90.26044208024165
Maxe,-0.27764443141069606,0.5394750775120447,-0.047320600032342106,0.5127524458089109,33.92707834377602
Maxe,-0.7954240299923633,0.41155245469151297,0.03884442087694617,0.5175812705783669,56.04218425814454
Maxe,0.21662742617251216,0.06319198566910508,-0.006298257702761694,0.38172955325416696,33.520622059459
Maxe,-0.19252069459254573,0.3834273320452105,0.10076695140843261,0.48512255526024944,28.520647166428695
Maxe,-0.8004773667575872,0.2775821508808586,0.18122733939241864,0.6069022264039085,46.149497392250915
Maxe,-0.5966445586421405,0.13491415525968442,0.025334583255942348,0.5753830976602821,32.96535007617785
Maxe,-0.3835332279413512,0.14375053729303916,0.13150880438058743,0.5617860513899051,32.768081803533214
Maxe,-0.7267832961960645,0.5106446271128268,0.08337168887053184,0.5563244702742934,25.589434869400584
Maxe,-0.7158394091913377,0.23665242059065358,0.15173719107840036,0.60405258202927,47.58965129815607
Maxe,-0.14722151263886574,0.3531628680250935,-0.05899693365546823,0.5547014761583378,38.14900229934137
Maxe,-0.36106814875435356,0.11431620138826579,-0.2378485950537144,0.42284453633767005,28.535919730089333
Maxe,0.3955239002962217,0.372753265391274,-0.1878030093213505,2.421666396236402,149.4371024710836
Maxe,-0.40507461417926904,0.6722970652256204,0.1687622979239116,0.7475214247892055,53.38696226177757
Maxe,0.22681168945288785,0.22909539203364981,0.1054711457780188,1.310750080057386,54.34512539202734
Maxe,-0.3668786310324345,0.021818750497531077,-0.15805422656215315,0.43400594236992224,33.48195918076663
Maxe,-0.4723946411835601,0.05270399284257519,-0.3335525720732744,0.41513734042319816,36.09753553245958
Maxe,-0.6313093656394365,0.6594773065173737,-0.024304486026672952,0.6227152692639812,67.12248945669768
Maxe,-0.0582929934347434,0.10120980162437905,0.0340958531767181,0.39484554921388487,30.294639024377602
Maxe,0.1622875939935878,0.18774760720357275,-0.019524144037758626,0.39278267953133095,28.315076970920316
Maxe,-0.6702624844550134,0.6059147969765936,0.052255156893839236,0.616893837910367,17.970127398042465
Maxe,-0.27163151351343123,0.3257141101649528,0.02964170886719937,0.349262921296626,49.53259266961937
Maxe,0.15406972460093346,0.2305246143197809,-0.0884999721933295,1.3932093735815723,108.24000932073503
Maxe,-0.5157855002362204,0.2699902349854032,-0.048224699974989835,0.46645814585610446,28.464076580529184
Maxe,-0.35585899771327123,0.1599838233753324,-0.15296541709823921,0.2517525079951429,59.098348827765854
Maxe,-0.20678854574839117,0.09882089613095087,-0.22826580381773687,0.26379907695987403,45.17947888074107
Maxe,-0.19278819534510916,0.20379346499679288,-0.034986858583782456,0.555762835154575,31.829505648031677
Maxe,-0.3841363184464308,0.13594470900665617,-0.05126393801727468,0.3097430714507976,39.188965059922914
Maxe,-0.05321372294069174,0.27104018742426905,-0.03264027011319234,0.5236439121049061,31.713997016374744
Maxe,-0.5279902732207327,0.27648113989450174,-0.060177836733391624,0.5528357931748381,25.80865467919527
Maxe,-0.2615814227104082,0.10032083650146184,-0.10555437913502738,0.42338996332768286,37.28190134511179
Maxe,-0.32824845171691003,0.40102400400788235,0.04829001858924357,1.016993830456565,50.57776641416443
Maxe,-0.27853500269743336,0.29335196031639243,-0.23386537861348988,0.6941960494863596,77.61567246878715
Maxe,-0.6396132793331315,0.0424854362752835,-0.02559695828965171,0.44737852015691854,36.67970096851578
Maxe,-0.23050598557630841,0.493012526228976,-0.05848105004325769,0.5053733657369255,50.08841112446832
Maxe,0.09295340200987826,0.21206651821732256,-0.278683926646312,0.5859883081090542,64.92907240636337
Maxe,-0.35181248147795025,0.2891933654688475,-0.015652529170761587,0.5435408498484565,55.18981755693751
Maxe,-0.16042070763040917,0.2560529258852981,0.034895169517231914,0.34211369138049647,32.548588685707514
Maxe,-0.3951743859025492,0.19501363968732005,-0.08200248230381375,0.5105308836394432,33.552296970402104
Maxe,-0.5367623322376851,0.3815659862945179,-0.15801405362636825,0.47288988849128416,29.40343033236145
Maxe,-0.7919981832694022,0.4711984893432759,-0.0461312084283609,0.40059736749537617,54.25630504555634
Maxe,-0.5520672822886501,0.30157264671618883,-0.04058533938359547,0.5737499877491452,36.81922141591403
Maxe,-0.16834125943207043,0.1685666851617871,-0.09840737594033047,0.4588011432719575,39.0113396391072
Maxe,-0.5279249506467341,0.108802465271755,0.02884315246384649,0.35937820063526227,43.79435978078456
Maxe,-0.6039897625704976,0.104629670026033,0.018006087285318537,0.4313900644308291,42.32640716995
Maxe,-0.5896941448168782,0.32257884668527426,-0.08719251744734255,0.43917511644083257,26.271609654426925
Maxe,-0.666878497660539,0.37460229158258523,0.1520469241966676,0.637590016959155,26.91809584118517
Maxe,-0.11117844881328914,0.36483618734631956,-0.08946506964554903,1.4984506668493622,44.277213980502154
Maxe,-0.32728723572831225,0.7354766910995233,0.01293609906460803,2.0654656789592414,65.38682670317934
Maxe,-0.9261263882271089,0.31172385418124315,0.13259410192124232,0.6743122410911813,19.56927915913041
Maxe,-0.4217913929401418,0.08788466159235989,0.04069949447787165,0.4560808264258967,33.1381034544315
Maxe,0.15738915162753359,0.6833157041889089,0.14663331712468558,1.3223652379591355,83.73907500796362
Maxe,-0.42291097418304296,0.21254292779537082,-0.19319273506122245,0.6748550336237553,66.96104767052003
Maxe,-0.46734881452805377,0.2955573089676302,-0.2519039462442288,1.0084267120108896,87.35584560445619
Maxe,-0.9120690002382114,0.5002571568763095,0.20607521056226236,0.5420082879802095,39.405302741484945
Maxe,-0.2361471181384715,0.2480678573035465,-0.09304107321093592,0.41966813454098056,32.37649468826631
Maxe,-0.3463026808627634,0.08031010731331731,0.005457693753763594,0.34336658566728834,35.916648482480575
Maxe,-0.1763539002169892,0.16666173080784624,-0.29603793108123383,0.4229386504701095,37.693725668614526
Maxe,-0.6451917381343525,0.4553808825751752,0.2557486934672041,0.6523324152380763,40.63736322406637
Maxe,-0.4529130369256307,0.304611806522137,0.1730798544720072,0.5656903738648773,73.733949566048
Maxe,-0.4933478943748324,0.13257091487688888,0.07252459482621404,0.43083213582625784,38.66268360898819
Maxe,-0.5874858254645117,0.12085098828329495,0.0125481092550334,0.4033155455496088,34.070619729458826
Maxe,-0.256447846973264,0.33029685923170615,-0.005030687552898641,1.451524836528993,86.36980442495044
Maxe,-0.5091266202678341,0.08262603133468031,-0.07551340468891159,0.47613885468596373,48.36821821006881
Maxe,-0.1855154640812019,0.4247439768642517,0.11880957708264742,2.183461610190111,80.21639840940452
Maxe,-0.6953614671711106,0.3752222085159942,-0.08368393129948923,0.5927227544454585,29.315762406446986
Maxe,-0.512622921718809,0.7384663460438027,0.09713181092219232,1.6158521548335845,127.58353793383678
Maxe,-0.23889866342369284,0.03168599450716496,-0.05664788724332919,0.48635615635368135,38.150685912471786
Maxe,-0.15100601540191283,0.3695525444954826,-0.1848000797711507,0.3603683723735884,35.492878510896766
Maxe,-0.7596497061214802,0.2920897344157819,0.001393044374895347,0.584969606223401,36.505830277593965
Maxe,-0.2416886653530595,0.1267039508129531,0.08467314065814863,0.5445712832144893,32.34371880636352
Maxe,-0.21037897758290122,0.3745089662421217,-0.029376518941492163,0.45880025706894545,73.19628816245923
Maxe,-0.14218019740584786,0.04465062642752855,-0.0025311726900466036,0.32442685316474623,43.885273162462596
Maxe,-0.18565060742573603,0.0991449395146,-0.15195394342415205,0.4871512234555557,43.4191071486119
Maxe,-0.41919817285374095,0.29351018325274136,0.19009753552637845,0.5072918862588222,28.34074833058819
Maxe,-0.5591733823701093,0.2937246495560216,-0.0735331958145589,0.50742634121166,23.77351467798995
Maxe,-0.4357981856943707,0.3332060611204968,-0.11973034919330443,0.35122067851838606,46.07131027214078
Maxe,-0.7405452230822979,0.2365760285072494,-0.000625191561314739,0.5459369386207004,53.6932946284677
Maxe,-0.5063630592962557,0.30574218813341814,0.13451527378019643,0.4731990782710302,48.58479473327576
Maxe,-0.28080344671881263,0.0696583152214642,-0.19200658048052152,0.41027213281458413,41.482723979963005
Maxe,-0.4959777912248686,0.059667391436217854,-0.0626022465338422,0.36043759366897854,35.77165103026343
Maxe,-0.38768113641419816,0.3254833985229385,0.2014435867516619,0.5293530755970092,53.607838642455846
Maxe,-0.6012913380679671,0.29536448101819734,0.1397634759585551,0.49211146614748325,23.02889673151411
Maxe,-0.3937205936969912,0.5457221599084596,-0.04858987154494993,1.6969452865639678,102.41129490427097
Maxe,0.23383180531874692,0.09890188635265063,-0.2587147323830359,0.6556969385633372,72.7289728067163
Maxe,-0.6896896364579486,0.14146818435345496,-0.03345186449472589,0.5148223602487378,35.065511704513526
Maxe,0.27234610837271866,0.6162678900668883,-0.08280269731641084,1.5837027643827295,108.89609019661181
Maxe,-0.5831510302608,0.18354254537474424,-0.1685569613742641,0.36622118900489886,51.66136341165568
Maxe,-0.8129409214505168,0.773467109320592,0.1762581341111344,0.6111705113656294,23.536941912558444
Maxe,0.10645369737185717,0.05714318757194268,-0.22507737572205405,0.2775245755927589,42.39247007297669
Maxe,0.34132977001476555,0.014986072167960418,-0.21517400504462222,0.44198681206470675,45.39992320550627
Maxe,-0.19336373795810374,0.04337496018985211,0.008490386475334271,0.27826132178095164,38.83247719313559
Maxe,-0.16859043201373358,0.025435613755756696,-0.16076745179365828,0.36353827648658915,41.227467521392136
Maxe,0.1640623827646991,0.18911398076957392,-0.21300424444837796,2.2292545044635275,50.78121689786664
Maxe,-0.33588185589716507,0.34482083627087595,-0.0060016154184472864,0.423742104261287,54.0268151130458
Maxe,-0.191923684638321,0.04349247482112477,0.07347966590519288,0.3940033430102776,44.34873790025249
Maxe,-0.34079468889973585,0.25934676280832214,-0.0711248671777583,1.2694730398167036,95.97054225710515
Maxe,-0.24534259449875606,0.04516692042030575,-0.05355960161754986,0.3576130326727553,49.785076725256914
Maxe,-0.5663730623382087,0.23452749847596013,-0.03524016374215168,0.558968300509353,45.66831125949871
Maxe,-0.7305595489401729,0.1634953746230129,-0.029717074175526416,0.48981719259685513,37.12527473039143
Maxe,-0.12315459232333308,0.15525855177390993,-0.32157823439474836,1.1241743882489188,53.62361057217254
Maxe,-0.31594745763674437,0.15630798242022576,-0.2703684294424674,0.24147176068961115,41.67244449687082
Maxe,-0.40403417883892423,0.25766115140320445,-0.2559623088795116,0.3773047412288309,33.993901295015576
Maxe,-0.20083078475700178,0.39225070923867317,-0.11360843598370311,1.534193991294211,45.900045843132126
Maxe,0.282832123525496,0.10824959463113566,0.0903961537214278,0.48685651450702966,57.361248155138775
Maxe,-0.6150052769371656,0.20343712538312309,-0.05645035310372149,0.4570178349036932,27.895062032475842
Maxe,-0.5331836006209217,0.18397519722955788,-0.20294087747488532,0.4094464505477678,34.73863075261748
Maxe,-0.20079505401091818,0.21366245030279574,-0.029938575429700503,0.501042645981835,31.75235614134452
Maxe,-0.28510993036759213,0.19640140385298993,-0.2414609796405646,0.6289651743951544,57.12612546230162
Maxe,-0.6419306261944249,0.06971514377651952,-0.07949733369104509,0.5707995671199985,40.31430216728312
Maxe,-0.3105454220839776,0.24527678419396795,-0.03727423040518607,0.38217534232157285,58.55674641904127
Maxe,-0.12678994024663715,0.08979574293831345,-0.08715268940052906,0.39534377916082336,40.70526105819208
Maxe,-0.5329908596877285,0.2737743773555481,-0.08525516054103068,0.40626922259563875,49.816924619955444
Maxe,-0.26346769467188563,0.11868831502812582,-0.17141047478630744,0.42232821186824776,46.16016260319954
Maxe,-0.4743495115656701,0.5137754042264228,0.09977909562569935,0.5792263042545075,23.08021176448179
Maxe,-0.4622891172933276,0.1383373700873856,-0.09693344298870939,0.296639607512696,54.14301641054541
Maxe,-0.5549465376674285,0.30640184403934034,-0.04038686069062241,0.442452551814632,70.09065677335481
Maxe,-0.7933418431284188,0.5908611326376789,0.10855040455508928,0.6336984441784325,48.60981765754731
Maxe,-0.14838663253302506,0.24444310231120464,-0.10203326379866623,0.29592517343476593,38.894124174696344
Maxe,-0.05911015372076771,0.025365558723082594,-0.1275304375792333,0.3292752468680159,42.15111525020347
Maxe,0.15515864376123778,0.2123420611128605,-0.1461052572166263,0.41732518350233533,59.244054937029
Maxe,-0.3056093073230199,0.16486862469865377,-0.23547036932684878,0.2970685089496691,63.17760744031864
Maxe,0.15251251385849707,0.3134520049552461,-0.2639575858056369,1.539549837433996,95.14855316120996
Maxe,-0.23569491070672977,0.1364528639275409,0.018985369984582032,0.3574847435743735,53.361718315480914
Maxe,-0.5072401973178133,0.7903232952156698,-0.0633257272555291,1.6482148444319398,55.69276826139053
Maxe,-0.18215525536975297,0.2313305615393785,0.017467540570787594,0.47338927549478516,27.29114906953955
Maxe,-0.31909843695030177,0.040032190299364764,-0.26517654853377715,0.2966623847026558,42.53154080927667
Maxe,-0.3068815822702038,0.2102470469568214,-0.11258832398769701,1.3998547577775384,35.89682972658083
Maxe,-0.32384557282016574,0.11587661392236022,0.11153992581605991,0.4418064747985047,34.34474396629103
Maxe,-0.30517878201591975,0.23531296529111026,-0.05404424733405623,0.4060235225873921,36.130109151372736
Maxe,-0.2088011791772332,0.18749303909518056,-0.16120519645184883,8.533953921852682,42.0565221116277
Maxe,-0.541617399885133,0.09267518072288292,-0.02536032435811865,0.40084030879008786,46.63502268092439
Maxe,0.13644190863408912,0.12422853035396905,-0.17891940350771718,0.8658520234271889,85.78240979753244
Maxe,-0.17674773275372585,0.40971976764265594,0.2268603978579486,0.4436234131529188,56.360353918981666
Maxe,-0.1636913525350377,0.15705184096945396,0.027909066630806452,1.059962406138599,38.965827148038116
Maxe,-0.355310746639086,0.1054769481305748,0.1200892237932168,0.42013725365034776,28.97422836829086
Maxe,-0.1715157856858881,0.013033756679388605,-0.2909640371632586,0.37327670239794525,34.6635207108942
Maxe,-0.7241062451666835,0.4469615339881189,-0.037714560075935745,0.5159162373419774,56.70248298687834
Maxe,-0.7177573381208971,0.2881233940761155,-0.022569097392072805,0.39719768363987773,35.99922628923515
Maxe,0.3345874775278721,0.2331799148660007,-0.04094676733577918,1.947409839359114,65.22335678923362
Maxe,-0.4925813075089177,0.12887669846943067,-0.22866391042714368,0.2682117642075455,42.7904935722984
Maxe,-0.3029717320533284,0.1285449459246531,0.17904199356270464,2.294812844908612,126.78473766344537
Maxe,-0.44030704008141575,0.41492293024672156,0.13117162398734428,0.6159143138866278,42.03409080130093
Maxe,-0.24044952307242062,0.22440923651780068,0.0002637192095712126,0.35684571846052215,43.87784077963952
Maxe,-0.06767029694680951,0.02622034338882397,0.013057775274779571,0.33513900486731246,36.61001518502269
Maxe,-0.6664016269910741,1.0231240322379809,0.1211957187123969,0.6951819920448973,54.8822018997563
Maxe,-0.6769350179908341,0.15373336179623262,0.06863795152489295,0.5040793731365638,43.99699425643995
Maxe,-0.6025287289435457,0.42869786842488244,0.02739386410389478,0.5786851592936951,70.17649519347182
Maxe,-0.3558745004912746,0.6927731818351812,0.1754712577869711,0.48184874912800585,50.359307617076716
Maxe,0.15286021815821346,0.2923493115853243,0.0006934483733583324,0.5166853103979521,76.67568705672873
Maxe,0.17242119918899557,0.19136097867341542,-0.1894580879320067,1.4052752915111848,57.134239533443704
Maxe,-0.39186325084682966,0.1883181224130339,-0.14160958295161843,0.3450389028568652,40.70979819984248
Maxe,-0.3369614332196095,0.19088694522173702,0.11674712808019623,0.4983410288780978,38.33208426862947
Maxe,-0.4009658544839374,0.16087269168863605,0.07752253465274432,0.5492920895371287,49.82373884254193
Maxe,-0.5560513597506342,0.08447745077773128,-0.08075338767733116,0.34940717709610947,44.827190265001285
Maxe,0.08480369718111776,0.04802000388322729,-0.08668552210710065,0.40381507492219676,35.680734271550506
Maxe,-0.4908124283814884,0.4175206321999537,-0.10918100753911514,0.4940419706520994,26.65882131083543
Maxe,-0.8163446404787331,0.2959473785331258,-0.23315399837244002,0.38300801044578703,41.970161139266594
Maxe,-0.6932920339728748,0.07561790255662863,0.12330796839580395,0.40365766416283927,48.84864939861137
Maxe,-0.14743472750721198,0.10304221962026064,-0.21731790490698547,0.2984064431373233,38.75889259310473
Maxe,-0.2650428499240177,0.1943055723804356,-0.11894330823545163,0.44370927050817943,29.279960019372865
Maxe,-0.4383905783763482,0.26652372480781894,0.05113635703561299,0.6244419634104496,81.07746207418924
Maxe,-0.48784874559478975,0.04417893235222324,-0.0799278491836723,0.3951934087635742,31.056856650193883
Maxe,-0.37849015119347196,0.30729408656280044,0.11876947246973565,0.5679321888373418,27.298413430811557
Maxe,0.14464115937308464,0.1937069411308739,-0.25974064476390185,0.5077340347949212,46.93271617266139
Maxe,-0.23267421037569258,0.2664625925893261,-0.24499933717771955,0.32027858741084103,43.32385931091801
Maxe,-0.22901088643227152,0.25702633881987486,0.01274994338522542,3.8514143254788538,190.95942680552454
Maxe,-0.5710509007769882,0.2552810989434415,-0.05021411203910733,0.2596422473764682,42.906082263069564
Maxe,-0.4984387763960376,0.07984961652696611,0.07592850291832312,0.4902469532011072,44.319992195109435
Maxe,-0.22599883378034097,0.23528357161232344,0.11445642503999696,0.5292426930027556,28.800080229298473
Maxe,-0.47576379514075723,0.45419058232171927,-0.015447873082675456,0.6636784281951364,79.58676572271735
Maxe,-0.3619917305530186,0.17236180989004227,-0.04663851583376521,0.3056629903109858,41.696305604063035
Maxe,-0.333133334523791,0.03571336410610393,-0.025784558216509167,0.4732454567052737,36.26676346695394
Maxe,-0.3608752696905495,0.1325866813378643,-0.29005001961761573,0.23733869990946146,54.248046152737984
Maxe,-0.4222745285889981,0.009283192167742035,-0.16907484859021535,0.4048485352738804,34.72293985073994
Maxe,-0.7868237997813999,0.50471907793091,0.10063533759119296,0.680979667679385,52.94915157420789
Maxe,-0.4168093445677352,0.3579326239282754,0.1073903323463968,0.6275088345841804,35.363205301481244
Maxe,-0.7064353179998125,0.5715520259394782,-0.11764009698546171,0.34433824540783353,48.45372792999183
Maxe,-0.29664025214669837,0.4767787557099637,-0.23260857474429933,1.0522617040736988,78.1508670127456
Maxe,-0.5348522557176585,0.996517131572172,0.023311418265363145,2.9705784368119432,203.57557071830126
Maxe,-0.6740909712407877,0.4548803059682319,-0.02095491002081925,0.4649912227507164,64.14579572915505
Maxe,-0.39481255109367025,0.15698774615564176,0.02579896465059901,0.5706354000294208,38.54913264091277
Maxe,-0.7559783210503376,0.11195190672334421,-0.022539221114336056,0.2988384968866895,49.28224691552033
Maxe,-0.9086664708847965,0.20705058391679546,0.21211285005598046,0.5934300807292644,41.690421111457184
Maxe,-0.2721433768345597,0.286859976378106,0.10300496487316516,0.41674031024473324,27.46622630007124
Maxe,0.15203440434465926,0.290864436153289,0.1979028914940852,2.0741357439124783,85.3040739209538
Maxe,-0.550253896974076,0.14501616298752124,-0.047328795348534,0.3648567991874168,33.74488074967448
Maxe,-0.3674755962909567,0.25612440332950537,0.09041073673786588,0.4365651663438831,41.02026409734827
Maxe,-0.758363081896529,0.4532376645266777,0.051790226987225574,0.6360938716209945,61.107792851194276
Maxe,-0.153258993119852,0.2093129489334331,-0.02592258067359332,0.9237106438813871,80.12823647020541
Maxe,-0.5351686803288979,0.3252762519779961,0.3254660757907956,1.29297078580442,64.0246371494592
Maxe,-0.29550725483300694,0.3141782898567582,-0.05600421666024923,1.3491742725632487,96.19929505848404
Maxe,0.36383468833797256,1.08815680803953,0.02051787930973293,1.5326034343364265,117.38473227424234
Maxe,-0.3450696544465949,0.1575033870692669,-0.09205235240524971,1.4495607845250142,33.033218092075884
Maxe,-0.7304996112269271,0.3145580715714317,0.2245484741931607,0.5598097991526656,23.855125265467716
Maxe,-0.10322235757099493,0.18131901949044532,-0.1537046809326952,0.2753453938104928,46.48809483560353
Maxe,0.2662863233294896,0.1349696177044752,-0.04464500444187631,1.4346607469991508,104.16525824548897
Maxe,-0.44883578829747817,0.35480140656217196,-0.06369512867327944,0.3328333983425444,49.04487809962434
Maxe,-0.14484248842336223,0.03501871148013425,-0.39057101141179684,0.24003878982009347,41.284246058799596
Maxe,-0.6485236249930597,0.09910395140605373,-0.08856064891824754,0.39087730023012746,34.66180074699585
Maxe,-0.37761233234089087,0.17276053391399013,-0.012545546752631984,0.5497125086069393,43.077503683693564
Maxe,-0.2779564090100041,0.3379935225446398,-0.2185198152428011,0.562484620462499,74.67449860252522
Maxe,-0.7266298772141306,0.10733480732014469,-0.020694870111817035,0.47458696768563463,37.55881394548897
Maxe,-0.33046128148521065,0.24761958557264308,-0.06857186234718034,0.5548598537034783,37.919849249610394
Maxe,0.31463802429436366,0.70724620989143,-0.03629655214503704,5.288349667005802,228.6823884834726
Maxe,-0.44574104504323686,0.3952082470809001,-0.19840170272575933,0.4394669664559359,29.553864490180967
Maxe,-0.24951433479458013,0.19742202605787051,-0.12388946337517101,0.26509683436571774,43.37510520865876
Maxe,-0.7050562386320589,0.2326298882255236,-0.16346482375681076,0.5067083339705853,48.65122466432698
Maxe,-0.30575149132369817,0.5048726451502781,0.08460670856577193,1.5637666309251317,113.27826819111479
Maxe,-0.6164482864998598,0.4108125766964249,0.13901196812201758,0.6131524445331092,23.34089683117543
Maxe,-0.17146600364506415,0.07760896852261559,-0.16413740278741198,0.3560421720214546,33.61901825300336
Maxe,-0.5135074784948923,0.03700511935106691,-0.07066428101103696,0.3223170913996083,43.17034301868786
Maxe,0.1219306678095044,0.3619395404239224,-0.29725783245082915,0.7023530781903579,83.84205601926071
Maxe,-0.45799720035711755,0.27373165064627253,-0.23070850399721576,0.3260161745242819,63.953061633874555
Maxe,-0.7449441327115857,0.020362746578129687,-0.08081529043901824,0.4748449191981517,35.93453497351258
Maxe,0.11828049409682026,0.16202229112694727,-0.0856529892849878,0.4480944149062952,27.80910095211744
Maxe,-0.6687143337330279,0.287998972772094,-0.09441864406852093,0.562560493510153,59.91214355153784
Maxe,-0.5475569585860076,0.27100772915663274,-0.013834276932308707,0.4450042764719926,60.244052494764176
Maxe,-0.7233634766972706,0.25528191805279987,0.032905574151942577,0.5304459328431979,30.544883273960806
Maxe,-0.5613531133151383,0.18915215098335028,-0.12426546679802707,0.5417239660330179,38.12792964933826
Maxe,-0.9412749168037144,0.6539881459029084,0.2723550266539028,0.6984600528518404,45.10093756555846
Maxe,-0.6382512001256057,0.15333142484076706,-0.029553274761110915,0.3506153709806082,53.687551307189366
Maxe,-0.38641484078584687,0.10685377299286189,-0.2113825152929628,0.3128203714779384,45.55646743114943
Maxe,-0.671399321768596,0.32958641970408326,0.052723616762086686,0.6818406449613503,43.25521119956663
Maxe,-0.7626764656999924,0.35523816554531545,0.0807242843910047,0.6550426113764122,49.699039122505084
Maxe,-0.5140370351993363,0.5215755238408908,-0.0373269979189024,0.5292973807882093,23.357811655328636
Maxe,-0.3084151434996417,0.1009780522459969,0.06887934981644082,0.5703168863277044,66.73228712212193
Maxe,-0.3809914240800912,0.2656228227073371,-0.03375066250104311,0.5992021675528665,34.814568305774664
Maxe,-0.32881249580380967,0.1242823305380973,-0.32453696939883303,0.20620173547431622,42.99640579380305
Maxe,-0.3581399563096846,0.13165543936033622,-0.08594689182977504,0.39727317340988594,35.472565586298224
Maxe,-0.3722069781052937,0.11168882116255004,-0.19499283010259744,0.3763330663257235,41.72601858398138
Maxe,0.26670233903863544,0.15403151666799447,-0.09168050320073357,0.5052409658359646,43.36785789207455
Maxe,-0.595265885436855,0.05660549571822136,-0.02060962011563243,0.4034179534551168,36.12259405012655
Maxe,-0.5100597600440423,0.04227993870493382,-0.1728444456684661,0.311413100756935,40.47776378342182
Maxe,-0.360944967522731,0.1676916536509236,-0.050286822043257184,0.37210382485528,31.770320115095814
Maxe,-0.20245215432080316,0.5514815064141075,0.06652625122808974,1.3882400626507194,92.12225770802438
Maxe,-0.6608139850345569,0.5527226991974992,0.3393804852322826,0.6088204588518623,16.848648629211418
Maxe,-0.6626862985288057,0.4026341436431621,0.09460550040255808,0.6116141548679083,23.621456709721432
Maxe,0.20614466623690766,0.11432799609112476,-0.015878199589103477,3.3161515553646215,82.63119498621751
Maxe,-0.4243523731605807,0.3559859395155525,-0.1542881248420675,0.4471622619193621,26.90660166645766
Maxe,-0.6590119449108776,0.10995008138044889,-0.1867022983956793,0.44330282470785193,39.54708664440884
Maxe,-0.4745676767577046,0.09188343119638924,-0.07306281163123371,0.2921705582275231,49.445785773121145
Maxe,-0.15369721980700055,0.07922177613216776,-0.09432444920953448,0.4062822081199881,41.29052499182639
Maxe,-0.6876668967001488,0.7230384859820425,0.06729642606838364,0.5172086489730096,73.82969069414446
Maxe,-0.292743427143469,0.5663020840558135,-0.07504619678249608,1.0105714379468507,82.70512577921373
Maxe,-0.4631376877225539,0.24447125898381544,0.005559040670248115,0.5940925301438781,32.09434802353038
Maxe,-0.4422280420193626,0.5087204622629254,0.025727489614224677,1.09462328952178,27.206198247420257
Maxe,-0.32037239841374254,0.3624022192033264,-0.10770934436655027,1.1037599687994593,29.949429464960303
Maxe,0.14006782917572747,0.26795729518458894,-0.09140111725865305,1.0613739050629138,27.815808279116972
Maxe,-0.6525856293458968,0.52942109813901,-0.040595775251671073,0.4834377309848203,30.00904324593767
Maxe,-0.06131744756025632,0.14180590051524927,-0.27137716554030433,0.32822677182764326,49.62831444608418
Maxe,-0.9498315401357877,0.8587114591102143,0.5670405130867093,0.7928200082502564,51.919090318556904
Maxe,-0.3258699859061755,0.07189196555884783,-0.06030944827634238,0.4460701350627526,42.65830330850085
Maxe,-0.2845144983503397,0.2295413000055809,-0.011438195557304232,0.4072643494160098,58.33357667920894
Maxe,-0.544477116902031,0.777361738753851,0.2051768950014045,0.5799856703993346,57.50288422172275
Maxe,-0.8537040428884023,0.2796070865439827,0.1132541740859342,0.5752007766505537,44.98268743387533
Maxe,0.2307768426873832,0.3295047590159487,-0.1719599207029109,0.5207539099398258,41.397471455607835
Maxe,-0.2347140368171181,0.26540875763260774,-0.08911379435748039,0.5927656012062591,62.61813197333553
Maxe,-0.19505654721021626,0.26689401377550903,0.09820107368260975,0.4847094280764661,37.59030137346083
Maxe,-0.7395974075288714,0.04117410226971117,0.042462128904330584,0.5848707544288815,31.441607201785992
Maxe,-0.5050588659865135,0.027684151797197753,-0.09539773660721187,0.39903789316305954,37.50014488950848
Maxe,-0.6219164124112462,0.27347121640037386,-0.06227439892132789,0.5721922998928287,40.02506769416754
Maxe,-0.32360568609437523,0.5410814648439677,0.10585922786749309,0.5565625786006141,50.85027983991181
Maxe,-0.491396290425387,0.14306748335198458,-0.20659192538370663,0.32730095030321055,59.12781123390981
Maxe,0.19610468335447845,0.052421512342721445,-0.3475061898064382,0.29030626459353,38.35577777236896
Maxe,-0.2612857371140012,0.1430920785562459,0.03930931953806987,0.23858191226726064,54.45480937591435
Maxe,-0.1262428001522337,0.09215514731701874,-0.2955376337621751,0.5981640896918445,73.17476935876532
Maxe,-0.5888672018544325,0.03946268635560714,0.1144531281246715,0.4667724730363031,32.802650051457384
Maxe,-0.5168548868027424,0.7442600807210773,0.08855911420805697,0.704161658062186,31.709339067184285
Maxe,-0.3963570171783136,0.12934056999779225,-0.1199872247298217,0.47850797719893384,39.97681107899082
Maxe,-0.29872114469574274,0.05006621538405953,-0.16285511192607383,0.3175886446412655,43.31718512565125
Maxe,-0.19942645223564057,0.7914347914511775,0.0018523121089775495,1.2510335760643938,105.75262563409683
Maxe,-0.7720539967024602,0.5849297153024211,0.19312181838566622,0.5720230770909404,60.12588292958644
Maxe,-0.20478937305473327,0.317342066263488,-0.08420387619163001,2.1666271949404443,39.55425867314623
Maxe,0.5457649917478921,0.30088665108523516,-0.21346343795664674,3.7940211614020254,184.33240423374295
Maxe,-0.18095367878123095,0.35016538013035936,-0.08750214633962408,0.48392440207719745,57.20660404454409
Maxe,-0.4384409617019632,0.3377814564048843,0.0732887412461215,0.6216835851149886,36.91719411579056
Maxe,-0.5104800910346352,0.7217703738907256,0.19272379810920243,1.366071887316918,114.573818763817
Maxe,-0.23089235415121434,0.06412720889296293,-0.12589652735475923,0.3769006500577176,41.22946938287035
Maxe,-0.550597265020887,0.14386118260654573,-0.04864571869532953,0.42763300914500446,43.573566919281014
Maxe,-0.9437111326483756,1.7672016550577314,0.5586313095090081,0.8660103396567637,67.57590762734179
Maxe,-0.4133124660367351,0.24949653200447125,-0.225327408104145,0.46009113228040943,27.88898183182063
Maxe,0.28426676498487136,0.2416385634946739,-0.2359833174256753,1.01378705029925,90.10699548103676
Maxe,-0.33091328521124863,0.12931027952038981,0.022586197026750722,0.43472120987089014,56.602917553194246
Maxe,-0.14953200242624431,0.20353640638411333,-0.0677648662716546,0.4261427052700717,31.067330163038122
Maxe,-0.530144598454597,0.35381339671894163,-0.1789538541774058,0.471789497011526,27.39127834930126
Maxe,-0.607679223469066,0.5542375431938883,0.20358017945805124,0.6284417114882299,18.90754219623823
Maxe,-0.41066424804080914,0.12069415184189922,-0.024904052051439345,1.4758766550139735,71.91991651308545
Maxe,-0.1465422083920372,0.18845100036192206,-0.17934901799581182,0.43661045548972693,32.05325834812455
Maxe,-0.1114370038585045,0.08589824964046758,-0.13435547526718272,0.26397244410795195,51.921431392779056
Maxe,-0.6743923222713839,0.37428547907802073,-0.005479258742222091,0.5211621783088113,23.710754963791253
Maxe,-0.6644455079718414,0.30990332308896695,-0.12561749651465443,0.3907274777873863,39.87920705578504
Rand,0.30557726862238793,0.2803040820590668,0.02208709242520454,3.190819267406797,43.019334538872045
Rand,-0.41700819165372344,0.2905967614816647,-0.006236121118058045,0.667194885704131,65.7891050019703
Rand,-0.2424883176527537,0.6304968820634953,-0.11932498752209116,1.6611995780607398,42.54168978244523
Rand,-0.43888425594378155,0.3634296130835287,-0.11393490621164086,0.6041594806055502,62.542438236242106
Rand,-0.11090805418340953,0.6038439122584697,-0.12693482144031323,0.8147310858373437,32.862723230401244
Rand,0.1576959678033371,0.3192360482434406,-0.17152841950117684,4.05231364732157,47.85739441425118
Rand,-0.3397033812503998,0.8050679157585353,0.06491783098110893,78.89001812319758,68.88682941804782
Rand,0.2056163948251083,0.6656894171006075,-0.011699843678869308,4.287582379649559,61.05834083023588
Rand,0.3393002573910968,0.2554523791284115,-0.1750715519750641,3.4547566534725296,38.513281792620944
Rand,-0.4034870889537151,0.3200198565796998,-0.1114764593318413,0.7987309110299576,43.781663397183415
Rand,-0.2511820788392022,0.17811351694276362,-0.09181290579945603,0.3467718122494157,56.41929999235321
Rand,-0.5164501928335075,0.4892707511339992,-0.11861486275823598,0.5724091893949634,29.11050866472515
Rand,-0.40410157852623396,0.21266357270155406,-0.07282293838193586,0.37123767942272595,64.06541052287797
Rand,-0.7533425081454734,0.5792295016120168,-0.08366471652122554,0.4725539954913978,34.96909059227063
Rand,-0.4854735924686798,0.732907353667841,-0.07566376295490941,78.99991308467771,77.10610962631871
Rand,-0.32967742335965955,0.3274758872603967,-0.03219190943849983,0.38793398309032195,60.86522977525605
Rand,0.28845052264749904,0.3528983920347719,-0.15041064022360492,3.4572137613803697,50.69145877495542
Rand,-0.6852937403571288,0.8164414510404562,0.06815438931769983,1.0497490827890565,37.09753754782034
Rand,-0.4017828404886702,0.17935146545398295,-0.026097513751732287,1.4658013954965128,50.23236365836456
Rand,-0.44382066495589123,0.7504213372431295,0.013352791661688257,1.542295423344906,54.07866997228341
Rand,-0.41857674310016035,0.31313566905431467,-0.2312680465057911,0.4117624374965416,57.05818740026457
Rand,-0.6399561341989538,1.026119798812827,0.027355984925070197,3.6302876989727513,53.43127927762244
Rand,0.28951530627581157,0.47876769248661066,0.04794069002304119,78.9979825098497,58.994647012421694
Rand,-0.21969732631145147,0.269226749243164,-0.22402840585922115,1.6182660206912767,59.123541344134466
Rand,0.07733611018472022,1.009392241593113,-0.033149622558012494,8.609513813359012,30.05058771700163
Rand,0.2906641645566143,0.3672535031002108,0.010759358018073211,1.0818576185514384,41.48244671112346
Rand,-0.6662381913579052,0.3144843835399854,0.045981672451026516,0.49412380318745097,32.039307566683824
Rand,-0.5461617173306358,1.0848497498943286,-0.12780840729414825,4.320742361588957,73.58462603920579
Rand,-0.2044202035342096,0.6406350720689055,-0.03412983935942692,78.82978910439799,56.29772700685392
Rand,-0.2748626043576712,0.19063578346564883,-0.22227417646303096,3.488232145943937,54.14299306076246
Rand,-0.5011736490321754,0.8675677131177487,0.028752154227767786,5.505220311220976,68.03616631837046
Rand,-0.22637398190270838,0.06274513766780113,-0.15688725025723438,0.44466619163099824,49.45218937240155
Rand,0.15607899281374227,0.6437281398869283,9.761076183927912e-05,78.88131437194667,74.29866171611287
Rand,-0.12333509347418062,0.22445200665873277,-0.06277779148336857,0.5200295420084922,41.38612322194735
Rand,0.3901360390596219,0.8487284871094944,-0.041369556675976644,78.90778775685945,52.34579548236582
Rand,-0.7413040392141105,1.9566946473263762,0.016801167340557786,4.11617466403985,45.485373371643796
Rand,-0.05459187304059038,0.3498334562616338,-0.02206416665314964,78.86417411058487,62.76852739275889
Rand,-0.21141576977303,0.3209049494020896,-0.12152949567591945,0.6331647786139816,55.93472378899246
Rand,-0.24349571471640266,0.6182917956454963,-0.1240912299801548,2.2213613432632093,42.94548643005993
Rand,-0.12264490700224853,0.6928846133271737,-0.06268322640003579,4.3296338889538575,47.227791869866714
Rand,-0.3977702391253784,0.15421977364504977,-0.1636920493486859,0.553526807846077,54.94662734435261
Rand,-0.22733087670142155,0.18970980268275298,-0.06405487586541042,0.5830832211717135,52.34987128163341
Rand,0.3682750444846716,0.47708520741171057,-0.07749354933923368,3.73422049026953,42.010605094705426
Rand,-0.4400935719980647,0.6620634266930155,-0.008778034097001014,1.6450434236814944,57.202845836411754
Rand,0.22728579057248685,0.2286717951718833,-0.19163589936281636,0.2881397390727259,45.74109989829677
Rand,-0.33028455917712984,0.5711785409117026,-0.1743281916157592,1.72073298808936,48.57902394990501
Rand,-0.5711193349256107,0.15843653417124703,-0.06171055148758612,0.32902502299292313,47.28082527406679
Rand,-0.4140166147557604,0.3570933398346149,-0.23026885790100715,0.5929203033626066,44.4779025199048
Rand,0.18737958189152282,0.6134970527004711,0.03833800616778768,1.5369013634712734,42.094464292282616
Rand,-0.4853508572868633,0.1554086268092792,-0.1328198473221583,0.3118177539827032,41.132148391982426
Rand,0.14586148965884532,0.10783709811879627,0.014001792450335468,0.5018645254288284,61.20907760957793
Rand,-0.5578933969681479,0.0513115957002185,-0.03596513788959132,0.35532141290980845,58.940161042992386
Rand,0.17443428628979762,0.3791718987038942,0.20577667808284097,3.989683282636366,42.03991282403137
Rand,-0.3203864566985397,0.7120271531829069,0.16813058650506166,6.270886016253083,47.832132489486725
Rand,-0.607052006272775,0.33181346875390405,-0.027466262743619373,0.42876364482556106,65.2332962252124
Rand,-0.6336960757491181,0.709860891045885,-0.046607734496601806,0.599644417794506,29.006969356598646
Rand,-0.47977084709561757,0.5534604703557033,-0.08895913021739453,2.771739558206042,39.75278747108894
Rand,-0.35398171347649043,0.780481072926462,-0.062673331178446,8.666637253875185,25.164144239558855
Rand,0.15486090411191508,0.41771671872761873,-0.1208085588055827,3.772454237653193,45.218915452686204
Rand,-0.2615664576368203,0.8003250249568088,0.058374509421254855,1.2439672723534971,61.012174677035105
Rand,0.22369200061257083,0.4090819388591552,0.01379845662284713,5.467826975450121,58.54793534022473
Rand,0.4317622526002599,0.9837028194118487,-0.0950999008360383,78.93273374842828,70.12045021801254
Rand,-0.3065433489041727,0.1787893124871218,-0.05364506097154786,3.484520305848301,49.67251084149286
Rand,-0.36633996360642934,0.43984710548831024,0.16161444758639645,3.5164542748082885,30.202955033979194
Rand,-0.7124575141788209,2.10454420391195,0.044923236324018775,8.857046716472063,34.5537037159636
Rand,-0.6169684886309305,0.04755596853671098,-0.027237248371415182,0.4581537607368512,62.859755474668944
Rand,-0.2769899675777914,0.7236316215261469,-0.07330844513334164,1.8414543622076067,43.87779671741946
Rand,-0.8051893156061091,0.5725880058626537,0.11855233590326791,0.4849062138857249,50.41594757916082
Rand,0.39134196905670515,0.15857762871369013,-0.2055714985261664,1.5040570937108209,54.25181083516922
Rand,-0.14730493207096113,0.5805975249186279,-0.28133818967552204,3.6022366557761165,56.94756644501954
Rand,0.40965819792438035,0.28271584119237025,-0.2573868001224881,78.82893844659529,52.928212391207616
Rand,-0.39408562510535666,0.6461351084256407,-0.2307989645784069,1.1881131057046932,57.02157746624387
Rand,0.3609018940239933,0.43338314741358774,-0.15055948630868712,2.243428262225106,51.688018980119075
Rand,-0.08315020312716151,0.5524771064639926,0.02456078296314744,2.233744603055737,60.293712671077834
Rand,-0.3448973636519108,0.6120535184790599,-0.08267577824279125,2.792552863867682,36.84968900757345
Rand,-0.2746966822026789,0.8191444671785714,-0.03750673534907386,9.363615850486543,44.43398277395272
Rand,-0.1722191984824724,0.9061554283823823,-0.18870365320196272,2.993175380254992,40.45758571210863
Rand,0.4329713134185576,0.7334027800885724,-0.14390795630952277,78.71797963428148,37.762544345268154
Rand,-0.4068098133354642,0.3838275183027487,-0.1322338541090394,0.42882750605373815,31.985657152973836
Rand,-0.4112489164631741,0.5274955731971106,-0.04835768786716819,2.48259463043156,45.70389788203963
Rand,0.040453964016440025,0.024780498305871874,-0.28875441917048333,0.35411016137150136,54.44340628221691
Rand,-0.38438393538029636,1.52469026077963,0.036309424102072343,1.7358162504424852,14.774668270940028
Rand,0.4378850977648727,0.5258405098302477,-0.08684065737243539,2.7973444694505853,46.877774653237985
Rand,0.24279706595982714,0.34991464166880215,-0.273347465481959,5.386589451514454,48.142907522658405
Rand,-0.40341767643212095,0.24874645032004686,-0.27573133271720807,0.4509487015073784,58.86437991662892
Rand,-0.2689036051947336,0.615836736478242,-0.08053672883664183,2.525168373408217,59.89134837796088
Rand,-0.6371639714918753,0.7328409120135445,0.04008038743884205,4.327691025090199,46.33086622698349
Rand,-0.34510509859491445,0.4032594788340509,0.04636863514002731,1.5072190691941536,37.11005088104698
Rand,0.5288991066245776,0.3859681534327965,-0.19443873873033468,8.60578789744969,44.20485267420708
Rand,0.21572696524826507,0.708115117987383,-0.17263739403297476,5.818346369483133,46.252843918672106
Rand,-0.6627051911119209,1.2744764781772895,0.16588782339882713,1.904604315414057,26.814086423205826
Rand,-0.3707567394574616,0.8771569888738172,-0.0007427527167576245,1.5882191392655551,22.804014422663023
Rand,-0.3598683592343738,0.15199522568971693,0.004687069652190603,0.3584130810557868,63.64991594270928
Rand,0.19948661295703338,0.22902374926558808,0.037024975966781684,1.2554446219803506,30.04185447485268
Rand,-0.4513780445356683,0.05193371075242272,-0.2213255636479769,0.33016257799468113,45.053874689504404
Rand,-0.5646258749590737,0.493240276991714,-0.028202111918309646,2.186552243424684,52.16361776537099
Rand,0.10280854149153243,0.37680662016086375,-0.05412943589585742,1.4548126287033762,39.39006863028911
Rand,-0.6215958894534261,0.702904700016704,0.08933272528730564,0.6549342047213044,71.67326447057351
Rand,-0.27246707456325303,0.2868737711165625,-0.07278364933559169,3.7765899650044914,60.78145846336821
Rand,-0.18244964860039797,0.8320321689055843,-0.18808532440024947,4.782075642814775,45.33367541026703
Rand,0.4455368596544306,0.500309418151635,-0.12741147171023898,1.576280270110461,45.88566561542186
Rand,-0.28146760892585654,0.4222540816655709,-0.19363389266652103,1.5665575205656286,65.11589607621711
Rand,-0.3304563518329479,0.1958461538358857,-0.07255757381810735,0.5359083646577033,49.140863837135875
Rand,-0.5556471916515265,1.0105438278912708,0.09258676666985659,0.902847623732717,25.410184576589252
Rand,-0.833144123493158,0.2181906435251319,0.09257293044448343,0.31382038380936605,52.02580377425395
Rand,-0.21511432282101442,0.21900223397717777,0.03466944049915606,0.3103946436509621,41.6049298368321
Rand,-0.47142669412127314,0.7159621219167875,0.052655940711772466,2.978319311827695,62.13261472063596
Rand,0.2039507753076597,0.5686075423296993,0.10434949026754652,5.424028515708554,69.56382961213883
Rand,0.36531820379459856,0.19614373386899864,-0.19097771909088518,2.056375522949384,41.02026499804376
Rand,-0.3074655164721621,0.15508939381496653,-0.13850339866757186,0.3987828828683563,60.92908805158006
Rand,-0.2668598500551997,0.7208524136827681,-0.07845633468432112,2.1794965672764994,63.20354104125043
Rand,-0.5566279754706465,0.6389376276169462,0.12520495243719734,8.740466470463197,33.49149290130015
Rand,-0.4227002855024175,0.6698497940591546,-0.23161835052939364,1.4310298224421214,45.577836800207415
Rand,-0.2734073456833418,0.4460436190986627,-0.05695986834353083,3.99558738156691,63.6185132665897
Rand,-0.706357247655528,0.7517170061266625,0.1332129710319127,0.6374178568387958,21.635789853031934
Rand,0.23301927352879814,0.38090140620999435,-0.18933171540370547,1.6934265687722594,50.369335148723
Rand,0.14749509476144157,0.57960655094613,-0.0724975603829385,2.1340087836084853,56.56130986112928
Rand,-0.2300495865473273,0.4161357446675845,-0.0625890628597083,1.5584008842812769,50.500319115182236
Rand,-0.5744054036797936,1.787780609122151,-0.08934847954284385,5.229485067213771,57.63181650785461
Rand,-0.6788306015337959,1.412333113183594,0.029064368762464925,4.212340177887068,33.17543105602855
Rand,-0.8227111212894611,0.3862981988481345,0.015550068034005418,0.527003047867061,40.056243777943756
Rand,-0.42177574469626533,0.605077179661931,0.08356727266257799,1.0700562630511312,57.44755308079552
Rand,-0.16381873720233303,0.31025874235969647,0.2733957053426146,0.6010687235384163,58.7645699649694
Rand,0.2579948855765045,0.5640942172489701,-0.19913636006242272,4.702396847016503,42.35193243447507
Rand,-0.33707105664142206,0.11572557505266694,-0.26120636895056887,0.5130092058117077,62.474897505424984
Rand,0.1745147035841474,0.6456323738182095,-0.0551192807233443,3.3713549403166163,71.64113972097131
Rand,-0.06285047885458299,0.17467176355362374,-0.3761773417356242,0.5491516857375586,38.13297233798772
Rand,0.32358517604639414,0.3648223004341524,-0.21860565697110995,1.7459247993771276,48.30225115481765
Rand,-0.5381809381003969,0.8104375465834405,-0.08266939890824707,2.441047847172521,45.14066765324943
Rand,-0.13231561433342065,0.34807166406830314,-0.03250471287049979,1.4661461628062042,36.215343409035576
Rand,-0.3420257602769319,0.9678566011420957,0.02306687027169557,2.425833402700017,39.53613319326264
Rand,0.6610541152069058,0.4800442590803554,-0.17062022535516502,8.899910075996331,46.76408768235117
Rand,-0.28992764805602816,0.3653008510735902,-0.19239495929127062,8.618538880594341,38.50455878656543
Rand,-0.521880164525877,1.0095489815630003,-0.056338312054970134,9.019035302879043,35.990688566015756
Rand,-0.20064053494544073,2.28638057537999,0.03547391978716047,79.03968037235374,60.003889171766765
Rand,-0.6003785729339745,0.2629982355270206,-0.13712317436541266,0.3311355626706546,55.63650331263602
Rand,-0.39724746945743294,1.1453926177629714,-0.06732374075440022,5.70853561118173,53.25716957245563
Rand,-0.2951402417847362,0.29247273228887993,0.019220056532347263,3.5881996846924964,40.1534071531464
Rand,-0.31915740113322877,0.47547740625982265,-0.14890144608167674,4.205983201887969,50.424229699103115
Rand,-0.06667446716770088,0.9588815640621717,0.02891936041396295,3.766246921081773,68.6873377384179
Rand,-0.705502665145514,0.8340172500422668,0.13339087595789187,2.1716471727216575,11.05591837780582
Rand,0.3281706460643205,0.10214904372079918,0.06156020518619432,8.43568462146035,67.42319956908958
Rand,-0.6445970557487397,0.4051884990866187,-0.09775931427672536,0.5988843023139216,47.48128790600005
Rand,0.19023424329296312,0.3257064281043392,-0.14433787953612764,1.3890181164139483,58.27626219468891
Rand,0.12279061071971994,0.17429664899015762,-0.23011517439701834,1.4222799532486912,48.25113556620156
Rand,-0.7012577466367692,0.1302566928163384,0.10436989685270409,0.5480749111229376,56.93849864245515
Rand,0.5556888263554919,0.4178864619427591,0.05271296270806903,8.631415753534064,44.46124914757939
Rand,-0.7231445190090406,0.32839541536873507,0.13987484057839272,0.4951309785170376,60.674726989312724
Rand,-0.5411952566540739,0.6507444839499411,-0.02670982771564119,1.507407868276354,71.60852730053578
Rand,-0.42722198851363113,1.1051249096995037,0.01772595843493239,78.88250091014025,63.65072514974454
Rand,0.1422196227562065,0.026665392265679842,0.0053729579316096655,0.29120073052194173,58.86462255766032
Rand,-0.3299032543908422,0.8946811351423797,-0.08821101548107751,1.0897725236509144,53.89142613958086
Rand,-0.10177114952539867,0.19821935688489403,-0.21886056625353079,0.9132792336442754,54.23290641972706
Rand,0.08397868794516183,0.3186704501709858,0.0825180171160046,2.0288531426909566,65.01272522442144
Rand,-0.3853765184453066,0.3353839420914973,-0.10215182184478808,1.3892786866288973,41.06560811111743
Rand,0.38762391084663206,0.28799981269851443,-0.2108724118244487,3.443467733616957,55.900343693154916
Rand,-0.46661234995211187,0.30714878588006433,0.1348228791678545,0.45450210275114783,68.68816622695974
Rand,0.2727667865655982,0.46627267980727927,0.05974773954553558,4.294432210970924,47.201570309317816
Rand,-0.3000747931931964,0.2712583055708501,0.016063638394945977,0.3014336408671917,65.63842213830908
Rand,-0.21229250520314163,0.14386985233760438,-0.04520338858520592,0.49527976385961836,39.02307462356357
Rand,-0.39490453607814463,0.16738970450023855,-0.032028097230839485,0.3915725030422105,58.904741331460755
Rand,-0.3599770523339124,0.4871126508204349,-0.03407469587761908,3.709989147312171,74.34279793462835
Rand,0.33248448502108546,0.09051618574571589,-0.034792087425833125,1.0252497376763792,44.107284748005895
Rand,-0.33075539355994477,0.6902300804499668,0.14602694532033478,4.437992053191765,36.98499078319459
Rand,-0.2595949216773797,0.35694028143430534,-0.26395458457792503,0.6028814250411554,36.719334437866806
Rand,-0.2530414665835857,0.46082837805624505,-0.17708409622806812,2.4802197505229158,69.01007424300019
Rand,-0.45274453474801735,0.5246872412676545,-0.15201429973112232,0.394430958327807,57.03182528327233
Rand,-0.3890308504464828,1.1085687919311273,0.15523565583198556,1.7040582716299815,40.21505219964883
Rand,-0.6076513314406132,0.4096091929897492,0.13181883191054106,0.7127360037525025,38.38497234380764
Rand,-0.42648110283285856,0.9923179247669364,0.21187905963649573,1.0559225513499535,78.31003096603266
Rand,-0.11165330339825986,0.3869346025837074,-0.08993613069326664,4.140846140412785,66.84617099925566
Rand,-0.7312223126142783,0.455531672587167,0.01647858184316534,0.5611170030187516,73.57237153487503
Rand,0.2772448625897606,0.17366357701303348,-0.2188456260207283,0.716428538298075,55.149570491485036
Rand,-0.12405288077310334,0.09796478940114547,0.0415514794004877,3.9975599113170937,30.93135944430142
Rand,-0.3242929308540996,0.2232899928414837,-0.042833671373263965,0.638699283430313,52.91781466069162
Rand,0.31341167029697004,0.18958353806204994,-0.13124929121471224,1.4300089940689005,53.7206358579168
Rand,0.19526201877867072,0.48211109931025353,0.022796912674514235,5.447772517884057,51.84734291476406
Rand,-0.7524164619331628,0.17596941005077377,-0.029733893427019844,0.44398861948370316,58.246712760439344
Rand,0.3977088960652312,0.30711179138824296,0.03416421563394074,2.828538882893919,53.11160015144779
Rand,-0.4719596232126504,0.4543137217288664,-0.09928829091925255,1.630335592287651,35.73385964962408
Rand,-0.2755256580888553,0.3173121034370003,-0.05652382682649081,1.432998991776887,55.129878796896726
Rand,0.3058689820542241,0.24604789084763876,-0.24385053902532786,0.45306088241839554,37.85861101353552
Rand,0.16479416751113907,0.5008853636754467,-0.31319381111631395,2.4086756907357345,55.22994521207855
Rand,-0.10299961731349538,0.27369869223727317,-0.07338609394000221,0.9719852451403151,53.72032230435906
Rand,-0.3947126113198258,0.34740274202910226,-0.1113064204862566,1.657461175871779,53.69862544246378
Rand,-0.335348980315082,0.5745552153313166,-0.04622420950203609,3.6652716896876827,33.72694318359305
Rand,0.3627489002504287,0.21092168940129902,-0.25066558491893265,0.4868708255042639,53.14387800060164
Rand,-0.8175973733468364,0.05813563734627274,-0.0678696953909752,0.4136988580450487,57.963987630220004
Rand,0.12453679719172293,0.2549976937469962,0.08141609254030802,8.60406891081157,41.13200479897802
Rand,0.38904558613199225,0.26707285303873707,-0.00608328157882845,1.4862067933617684,58.05896215832649
Rand,-0.09297320443211045,0.9852009368922223,0.010053909869045622,8.69532001843102,57.34820386070268
Rand,0.3222865017214088,0.2051361622829153,-0.0692675739577282,1.294405224135348,57.33887103184083
Rand,-0.4292647771988537,0.3269245701029576,-0.05278538992870263,0.6653835684579469,37.37132060702323
Rand,-0.08967814934022642,0.13153880501598408,-0.10086491612323378,2.1285514589290293,55.075377632775734
Rand,0.4153337658349663,0.655204677694804,-0.1806405966924608,4.267048808983857,44.102421919776255
Rand,-0.6735603067924278,0.30142184954370405,0.051236154595543204,0.4701735272800992,71.02884973132018
Rand,-0.6221797983602869,0.3185795739942102,-0.021536818112877814,0.43653492947704203,41.145712393120114
Rand,-0.3697751608260458,0.2774810092371264,0.1542013949684782,0.498673223785253,35.97526296998024
Rand,-0.34643579004235436,0.37085858075645056,-0.15625286493708623,1.0086868287003508,48.23497686624623
Rand,-0.37538030517563326,1.5896553144018761,0.12500722026872835,4.1001268693148285,39.302299961516006
Rand,-0.4987998002063292,1.0636844088452946,0.029623932655453624,79.00218982883885,78.16525214533463
Rand,-0.4179514881615664,0.5695488094861176,-0.11004058780838813,1.348896728908555,45.936281134680776
Rand,-0.366161383716159,0.7786663799092846,-0.09179847086223958,4.4490718679501535,52.36852308714586
Rand,0.30768118768979563,0.3851763252696564,-0.24934270658470495,1.30803608033672,40.449772760258554
Rand,-0.4433194478312543,0.36961654898487895,-0.1873074610025661,0.5887895472649568,54.16611077316945
Rand,-0.10841100712969706,0.4414948586520692,-0.08753290480859931,2.7203884653677526,53.248140676062306
Rand,-0.5662815885273569,0.5885056294457318,-0.09448266302620248,1.557008000595843,42.50737036163203
Rand,0.10181250208062856,0.07971309205913905,-0.296413055372737,0.18218767224224292,57.83920339653081
Rand,0.1517226019192424,0.3877062711933534,-0.19005408218528935,78.88225550806683,57.331714624824826
Rand,-0.2749302900897667,0.2965728008147769,-0.18674993987128388,1.1140454477707107,56.60084188032227
Rand,0.37515849422481096,0.27436078478831183,0.07880214289604516,3.618357813645722,63.987495011570225
Rand,-0.4872514280404351,0.6542582941219888,-0.06689945214596334,1.3274961777259373,27.904325954407387
Rand,-0.15621766207040974,0.2140308165491196,0.046477627146805214,1.0815623825009326,45.68645020233165
Rand,0.4842549923664167,0.23047971244102977,-0.15187313430306476,8.452642903977894,44.78598036364973
Rand,-0.3756791901593284,0.07213875727547772,-0.0593226438614815,0.3033556653767173,49.36292846737612
Rand,-0.42856648961071303,0.2525500047838788,0.19039783873698923,78.76034238394132,76.10956511417928
Rand,-0.6519047497244383,0.7501490468583992,0.06947736427399027,1.3980227715400515,37.31659602646457
Rand,-0.3952078797881491,0.22656596568803314,-0.021747367278586147,0.4341702058367547,36.79560014834845
Rand,0.40125567360888803,0.4612833908055428,0.07747294710897971,78.88708700247196,76.03572292084807
Rand,0.19540595059335242,0.27540093208488353,-0.2445610115123287,1.0141433084839249,48.99035918871714
Rand,0.16926268330166971,0.2222644261492583,-0.24657672972925856,1.511751851882582,43.650844895326976
Rand,0.1190854575700332,0.6250704761449557,-0.16294546890855569,8.673355019558112,37.893391169678054
Rand,-0.18929763410787742,0.17998123795816984,-0.06091666577865011,0.2683194393542959,53.48660200523606
Rand,0.5878121469765893,0.2683371031452944,-0.22460237064031405,1.3474228433657454,53.22154657672973
Rand,0.2580825961639491,1.4518075083093014,-0.04720260188174748,8.774178306471576,45.939715496839895
Rand,-0.7306769611056967,0.12892292296335245,-0.07685729949467791,0.3478420939559421,56.530602813787546
Rand,0.19002824066127877,0.3700067550351171,-0.1257105772935825,0.8930040656099872,42.032147491242995
Rand,-0.47676582861053585,0.3358821232938022,-0.12838381498734802,0.36336148428145965,33.2042052292467
Rand,-0.35093086039622323,0.32503167473651035,0.041107721219464544,3.625906483389821,70.30535677860279
Rand,-0.42018828904870276,0.21366569244768913,0.06620309152210231,3.912706623220157,73.66609858360042
Rand,-0.2802451590926265,0.26799414466518195,0.0791826968518257,0.9551742873894246,46.733782827799594
Rand,0.25195994237305547,0.6302635058411268,-0.24366238275548865,4.615658202168382,62.654883159367024
Rand,-0.4260828175161404,0.31116868748184423,0.03930028379249779,0.6723376892177318,39.62953454958525
Rand,-0.5429043831097786,1.358384079873185,0.047293528910219595,3.174239043835831,80.00200148989833
Rand,-0.7121829898229601,0.4396515193650618,-0.07013095150871071,0.31156292196272417,53.951024559101924
Rand,0.38568447280252394,0.3196812172718699,-0.15195927044765117,1.877436063985223,50.54876433875798
Rand,-0.4411342101804391,0.5931706940415322,-0.11071416241152947,1.503272010772125,66.81199400453063
Rand,-0.4076745240444509,0.8320729635368144,0.01945503556686335,1.498376804663509,44.54858777399712
Rand,0.4679954535107515,0.3988839114879361,-0.16126544795652262,2.1343671887647586,51.02566856368317
Rand,0.30252345727156404,1.159361860143495,-0.030872438282038995,9.464992214586513,41.33537333912901
Rand,0.23329521976682466,0.4704177612919992,-0.01297921822335325,2.271562355321477,56.80615423105171
Rand,-0.5089653731669884,0.24033480081828137,-0.05021285397944958,0.7279891798749729,42.105775841022535
Rand,-0.5338153776597729,0.4077063293172209,-0.015279690120167803,1.1584861347865327,44.22346751014907
Rand,-0.515909912653211,0.1761863604928547,-0.031492617246096116,0.5217985574033823,65.76038697688954
Rand,-0.6419468040739768,0.8531583045407507,0.13601634748546487,1.5351787345763641,21.086154287104403
Rand,-0.2507689830315505,0.19104213662884834,-0.0483541729600169,0.4859425136152798,35.05886972793615
Rand,-0.3794671410081366,0.4509938426625884,0.028656374316659603,0.5235917737919733,73.95851788289927
Rand,-0.6177324292456488,0.8880759943344728,0.15288817114741443,1.5800477926115133,17.02733858482752
Rand,0.25504845120786224,0.48888680173557875,0.041044753380042896,5.65869453216725,60.65153075096885
Rand,-0.5641142137901138,0.8795403824241103,-0.09172500019042333,2.698652612499996,29.40172921158836
Rand,0.2219452822415911,0.13207336707672823,-0.054976506423126896,0.4885860260895377,52.31699393873925
Rand,0.4491067349603842,0.35275344340538334,0.07308482379975859,5.669969074381162,45.340263085641936
Rand,0.1597702092036798,0.5305406967077153,-0.12900960715500742,1.1541243194925435,49.28320686049615
Rand,-0.5092007530190947,0.1983722835163074,0.2445764422226291,3.9118890621607525,55.73954986913415
Rand,-0.598243547388371,0.3779939616697796,0.07051521757607235,0.5682115135305698,29.24991129326105
Rand,-0.7886949486016235,0.749293113122042,0.07402263432841234,0.580321672228204,69.06151859381954
Rand,-0.23125706094366644,0.46287667922763553,-0.1854603316760029,0.7014373259517949,48.282777102936116
Rand,0.3997139423196604,0.4442375975577705,-0.01043463679967622,78.69941159247986,55.07077833721618
Rand,-0.3061834194487246,0.4362859074866684,-0.1606573212109922,1.3373579782546539,51.083754259885396
Rand,-0.2356000857190547,1.1728122916188397,-0.0354082517973179,2.4485913413905003,39.42836761881913
Rand,-0.3157967038556779,0.7985659791627808,-0.10300621350008851,2.172973909351565,52.436442595027174
Rand,-0.20549538220357588,0.6670735983682408,0.03351170720855036,1.569077906151668,49.18288939109344
Rand,-0.6157129120276432,0.11915726119375543,0.04554948672560256,0.39394573862430843,48.88697112164618
Rand,-0.5045764812812144,0.026303692998435064,0.1927425420904757,0.4991632823448172,48.726777253164066
Rand,-0.5967998129807325,0.43124300064668064,-0.12528420361167783,0.5448159854814435,29.77289143328832
Rand,-0.44125084098296186,0.039865048779374114,0.10125235218876058,0.32596296284503906,43.03697639100653
Rand,-0.42816144324208244,0.1205703670732341,0.03409104104198686,0.4908504454688994,46.64794748457418
Rand,-0.41921119961634545,0.9025080857408405,0.01124271375369536,2.259739451554212,30.195740697113475
Rand,0.16619577464157803,0.6820706375198058,-0.1741046696761717,2.6435013034442774,49.98985875310133
Rand,0.16982903484111128,0.3559973839441978,0.06301545492607243,1.3890576586721701,65.36106430506938
Rand,0.34185861803939177,0.2429286890674774,-0.08587081118330404,5.236521815052306,48.83760020365891
Rand,-0.47761850342063306,0.28347795195688175,-0.13198567291760102,0.3238869459520012,64.61326984765026
Rand,0.6041518117114834,0.28175650560358784,-0.2556134881658936,1.7462012154074682,49.43415783807053
Rand,0.19155313337138732,0.313148530790441,-0.053586665439214205,3.352453510399676,32.52486712509203
Rand,-0.31055438832932547,0.994751896570342,-0.0008981659426409013,3.898039326369975,61.96059491327198
Rand,0.48419120206228816,0.8814000474165369,-0.12415461300938774,78.74565015623408,36.255976852706404
Rand,-0.10838517744457801,0.4766241034263544,-0.0219613484447315,1.1097129898393299,64.23364097996384
Rand,0.2908097104742526,0.5633769910958246,-0.24472418706732166,2.3062914050039036,55.24232350163432
Rand,-0.6322849646679134,0.6925507426478243,0.06624947626009262,0.6385143208584451,21.907378666169187
Rand,-0.6415710865900018,0.08794177413116806,-0.08539964608054364,0.5045846496203915,45.35711084664148
Rand,-0.26868676823446896,0.5602986968181931,0.0391141394375147,1.487837981686098,63.78196911831069
Rand,0.17130671983377238,0.582437536357478,0.1494205127038688,2.0176845655108724,33.69335737605024
Rand,0.3751969632820076,0.18975565360564633,-0.20992575854195786,1.4112132159158934,47.33607603658162
Rand,-0.36230764945233573,0.2246219754888985,0.09692555665084622,0.817692442938297,42.908280640607025
Rand,-0.43360143767048553,0.10380738237461273,0.16496093391941125,0.4850502864456076,42.179535642387435
Rand,-0.43414632410755455,0.5516627936555552,-0.1530435200283931,4.192641680268292,50.495425309728105
Rand,-0.33649953065583293,0.27227841081972926,-0.09667235499548002,0.3892633542100746,42.38173693612257
Rand,-0.5875655067883787,0.15186141214762666,-0.015801603248959697,0.5172937358959124,37.15276293942537
Rand,0.130811840407512,1.0337730043248592,0.009311985221604454,8.938466235612868,21.55331513151258
Rand,-0.3259603187030985,0.2884942926631915,-0.06870006016425134,0.43794111257637186,51.51508888279881
Rand,-0.5011608369159937,0.41328031778467655,-0.028784400119432965,3.5789098743116976,44.20777218485079
Rand,0.45877376020217553,0.24298907076502158,-0.18439010224755,1.7418869075661474,54.17019473984615
Rand,-0.5140545574641231,0.45044046813355265,-0.06365969908146897,1.2071858424081896,30.621843943230232
Rand,0.13200182546697506,1.437737692726318,-0.10400588759508461,9.703687224523886,39.17719759861871
Rand,0.09972081032874472,0.2817665780194524,-0.09467354782925351,1.5346197731286133,48.80846937061848
Rand,-0.5151777884832315,0.42425868731437627,0.031069763317459385,1.53084062652471,68.48269270319392
Rand,-0.48106605299353944,0.7851270369888017,0.056490122779466585,6.034643331264917,64.22447331589194
Rand,-0.5908543532641419,0.19378053776944135,0.08676739489221467,0.3175137248251088,58.29666045008124
Rand,-0.37681812889963257,0.38407630712270224,-0.26166162032601953,1.2591664481127394,31.455311283161645
Rand,0.1668913629350862,0.17450803899751566,-0.20850593956374175,1.4303246769887952,42.29919377772541
Rand,0.1347246156541668,0.6255852990339696,-0.0622212160681459,5.826687589567188,54.595048956683144
Rand,-0.27351111644901205,0.19905729168361835,-0.1452798067034071,0.6463070177084331,61.22008936091914
Rand,-0.1040699869181279,0.03535532551401766,0.12366154120992039,0.4744807054657063,53.01439964691011
Rand,-0.5214918864647853,0.84609781498396,0.20747394358271048,2.418701416310769,81.76771278021955
Rand,0.43563917738856106,0.4956817151340764,-0.09318063758015162,8.550496804762158,48.30762537954836
Rand,-0.14254985633383602,0.6768996635515031,0.07385074109991856,4.316783924699461,40.45304914439901
Rand,-0.542486885051245,0.6894063350934254,-0.11238518337118704,1.91531412620524,50.79123075958687
Rand,-0.37077489960990523,0.2759845379204668,-0.13232062935442374,1.068621592570474,46.28574718256216
Rand,-0.3411094081286451,0.4805202699200315,-0.2489485899923655,2.218838553474866,51.665808311786854
Rand,-0.6351451617113869,0.16861872424001423,0.030940290461863754,0.3347471609650255,59.400256819586005
Rand,0.3462267910001623,0.7670211032709036,-0.04898849913923591,1.7310442574159628,32.386665911492805
Rand,-0.18173079664659667,0.4708786833031674,-0.034905805311535594,8.551877628569967,58.3175432043163
Rand,0.5240094301066263,0.36018914679624403,-0.18472006519872583,5.075196830048169,57.3029131332176
Rand,-0.2880740536506452,0.27936867942599986,-0.12382408607016437,0.458762228752081,57.97694044894458
Rand,-0.26994707139033514,0.5786905082142126,0.011237337432905305,4.679171502819898,50.68552884343607
Rand,-0.2758215644024151,1.4354883221289678,-0.043837076384926156,5.023593815603709,52.34198189734809
Rand,-0.5550882157447043,0.5737757088271424,0.028272838606168124,2.3415449771527106,30.388083687914325
Rand,-0.2033014557982526,0.42805142902017285,0.03679681581977925,1.5754984472589555,59.77990361607021
Rand,-0.41745133935168155,0.7678841874451822,0.015862057427094744,2.6648074432959916,35.10922752151152
Rand,-0.11541126175115618,0.1407968977237235,-0.06755065501803158,0.3877981200898839,40.53549133976196
Rand,0.31172353778105727,0.4964781372091365,-0.2314134862198554,4.206682484187468,43.597207264562776
Rand,0.15366105738306746,0.4434194260599781,-0.1480615284863357,1.1010761232822606,38.60413502720708
Rand,-0.6621785968481663,0.6305404644738892,0.05377161990536044,0.7954118742578058,43.67590638416224
Rand,-0.40315880867556786,0.1838251465144886,-0.22225491042326834,0.2654942225045893,61.92559853114705
Rand,-0.20875000497353313,0.4472814168943683,-0.0660558151792225,0.766425331498854,25.910872738201636
Rand,0.3651644608673332,0.3242112600048287,-0.018739374944641524,1.1379849487696831,39.5689152768095
Rand,-0.35502208866095897,0.08633977368199723,0.003945504934367806,1.37959118622923,49.56177212021481
Rand,-0.652970850331271,0.4345368766131202,0.1490281973049516,0.5984064739153651,71.29210379693
Rand,-0.2533375893514377,0.1943820274006475,-0.030089693460514346,0.2689345649757697,55.05525191100552
Rand,-0.23244087559111185,0.5587970165306707,-0.046855343375624366,1.3033439621532141,71.84696355263259
Rand,-0.34162402072836,1.0207364510103862,-0.0028062079238181767,4.308124599807708,58.18763341881712
Rand,-0.07412793139302971,0.17898343005671946,-0.24702745293231262,0.4768343125178382,52.68784859074215
Rand,-0.21049775202006352,0.25367019662303775,0.00419258701599625,2.1216865085271617,40.22007653152076
Rand,-0.7721884004191278,0.19324751126337952,0.025916153040919376,0.6299089550773426,58.80497228615439
Rand,-0.5330476035704503,0.37445221423341635,-0.02506313096721343,2.1123600164317,40.84348087218606
Rand,-0.7638029835828671,0.18645982859780869,-0.004708044493339589,0.5523385824790478,54.271376460272144
Rand,-0.4221117645368791,0.46048424059658927,0.07819445461290787,0.7513798549140194,58.101378830296326
Rand,0.23474794929440124,0.5820683563626269,-0.15221650836879538,1.5374839918662715,52.96608335673177
Rand,0.13054460889977404,0.13520366097787076,-0.07111424330883609,0.32070973050603857,65.34601250874532
Rand,-0.7655178960048435,1.0360849553758342,0.09387771156001894,1.5151733063861306,39.78748465011041
Rand,-0.5839526250903744,0.8097705844418954,0.05821685775245736,2.2174698647455426,48.57327263756829
Rand,-0.1879438026275273,0.21410894415012155,-0.0451245653237272,5.366292000933321,66.41326345440885
Rand,0.09692030939583848,0.7519875343452933,-0.14454611279955695,2.172153661515446,44.23971163581359
Rand,0.23803437077352438,0.47199658353846513,0.04111598036394895,2.2055192092730085,59.069395791115994
Rand,0.23924096243673237,0.09582079594197648,-0.07611021848126234,0.3212896008427265,51.51896250213264
Rand,-0.6880619592575252,0.1912667792730063,0.07482367919067949,0.4483148539279925,63.034413871703855
Rand,-0.1554874135393003,0.628932054245347,-0.09311906128244322,0.6146531219033994,25.44196655142953
Rand,-0.2455937574886637,0.53245296292893,-0.1530712465216262,2.670424899524541,54.570407303288015
Rand,0.2864223546129687,0.2951765266845945,-0.22481357575772992,2.3037608114270003,43.78192155399268
Rand,-0.1580190652460598,0.18012371316788647,-0.2571135089789087,0.38280366509136876,41.86494714114436
Rand,0.12733642511271942,0.8129675644298924,-0.13191301596989613,3.7541411387676202,50.76410396014446
Rand,0.12924594823643587,0.25645747329140356,-0.22174790469988145,1.151374401296507,44.370485958882696
Rand,-0.38138736669956985,0.25731399818364914,-0.040317810295109065,1.035578736612136,62.38788297695162
Rand,-0.505541688449122,0.7276181250482561,0.05586500067846197,0.813498816415148,72.41225345838899
Rand,-0.2694996025137092,0.21044458495901344,-0.07042689110639141,0.5487872472588695,51.56562072267417
Rand,-0.30694054549504807,0.35194972917691847,-0.016595951349369063,1.2675786903245307,45.775239012304034
Rand,0.27518153907196663,0.3160862752645069,-0.26701291730261606,5.366680456195031,58.5142892032427
Rand,0.34965574295473034,0.2815573038446864,-0.02507543404848364,2.3047523409538453,46.53715674418427
Rand,-0.5234863593715803,0.9572429130691049,0.04520077830447023,5.684785579622334,56.107163093705005
Rand,0.0985574705924466,0.5278158926037597,-0.210692507586317,4.083564745812116,37.53262637019558
Rand,-0.7203477910740184,0.29704152973065107,-0.017448059607030046,0.5675753720908873,41.268916303018315
Rand,-0.3909129736859909,0.6743612578183752,-0.1740366521387064,1.1573371294852273,53.02139050862606
Rand,-0.08845721973604947,1.2431243153857348,-0.1351737996427778,8.870745458750129,36.57926906927208
Rand,0.3679942664202994,0.43329220769472976,-0.1033712979411329,5.38114578408044,37.6267015568212
Rand,-0.14431220989530383,0.2777916333514317,-0.198592320624263,0.5795433278888817,34.005263542706004
Rand,0.17608693103532302,0.11785035422315382,-0.24339671266344953,0.25242462444859903,51.25939515812906
Rand,0.48699106153102417,0.5179865413259083,-0.05681608020927473,4.399286337023001,43.14352941402936
Rand,-0.4361168841091955,0.9613282684483526,0.03487776067239296,78.88235423218408,57.36757922437877
Rand,-0.35419960620038055,1.1784976052034666,0.027366049425298824,2.022002074806139,48.54467109884719
Rand,-0.1403610888787243,0.2622941425578597,-0.24388894045851967,3.783436338318231,59.404446993253714
Rand,0.26194825934631877,0.49031834696009924,-0.12820764804484117,4.666083706931589,43.83038995639305
Rand,-0.4507845937718888,0.8298465597719135,-0.1554726121389389,1.438635623058109,32.179953681758214
Rand,-0.2004294671635365,0.19645270200660753,-0.22128244760224902,0.4273298846766389,68.18651494647824
Rand,0.19199113084835062,0.7645217841426634,-0.0799313239169902,2.105240834543324,69.7593422861367
Rand,-0.1176324940687,0.3033142563688502,-0.2711158556572766,2.178926582788209,37.574242751781284
Rand,0.37483621283402513,0.7813659070719016,-0.06505455289805884,3.1656829229640002,57.23477894618869
Rand,0.32604684640066084,0.29200462297501784,-0.2493019957631285,2.0814690610475033,64.29928977091038
Rand,0.11587996248870763,0.6583330179407266,-0.1360250815311014,1.574206505782735,56.57398703099784
Rand,-0.38973402300980253,0.41961250617253,-0.0703622674266273,1.5107958364180631,69.37213331460745
Rand,-0.6613661733289404,1.0874526360630177,0.16834210637525399,1.4649369251399118,91.4224861282612
Rand,-0.24011686558694115,0.36233099925053946,-0.10144145396201837,78.81380964189216,68.60760352353535
Rand,-0.45189022655962163,0.6364560588084791,0.10136543287933876,1.4144244002264204,33.925387596369724
Rand,-0.3901890316381243,0.08980391886981935,-0.21188822498756468,0.25766463402354206,50.23318647010515
Rand,-0.22464142761322556,0.36049579573659807,-0.02583726980341507,0.4322727785037289,33.512319831662246
Rand,-0.4387506000357067,0.277350632124355,-0.09274612216723298,0.4233120898395016,38.40793389263043
Rand,-0.5552587646698864,0.7576474537528547,-0.00293147333819166,3.8773943661705057,61.35474201349281
Rand,-0.31916644064336963,0.46853944343199627,-0.2551258550530182,1.5177458456862616,60.71235038008314
Rand,0.20808551633369604,0.4749902825767138,-0.12156226109899819,8.567917267072355,53.85568148475882
Rand,0.3046377133326259,0.43225500194058714,-0.21579285704804718,78.86844096365179,57.83837160955483
Rand,-0.4216457261175278,0.10339969130719365,0.022450503464190877,0.3683863125010578,52.95817487099427
Rand,0.22605837697631653,0.7112454176860238,-0.16538709586861416,78.84694618713033,51.29925276314686
Rand,-0.25276803184337976,0.3988451519371223,0.20702046254102738,0.5864075415846508,62.04876753658128
Rand,0.19013251645427015,0.47625838976382856,-0.19176332322498502,1.0197511670749215,45.98109144101244
Rand,-0.2430232850837657,2.241329569039837,-0.02666110602761756,9.50683103784733,41.706448324920146
Rand,-0.46052194673628466,0.23985511125029763,0.14814313849416338,3.7205426830824893,60.421465248316764
Rand,-0.6628489614962636,0.6115431686236434,0.08443924264717721,1.0840927643835696,69.66722775310156
Rand,-0.31883725728069656,0.16878831048936735,-0.05491654285156078,0.6582676287869734,58.71768542194602
Rand,0.34918881521840883,0.4638418216121635,0.06888706358464376,1.4543562692986773,30.69096969163384
Rand,-0.33948437383605,0.06566062223983812,-0.0336518880477357,0.2708132908313238,45.22280883964561
Rand,-0.20351916022356067,1.2772368493084454,0.01119798261906979,5.85245166542719,63.36807622841341
Rand,-0.3654871692959917,0.2721267102191599,-0.08284930670583471,0.5922451580744011,56.085110969712716
Rand,0.4465504107524222,0.4551569371469745,-0.1713938412931026,9.326865126746236,35.87171954000696
Rand,0.05121707273981893,0.33300904215401206,-0.2846611054136095,2.435638033599944,49.285519126766694
Rand,0.2625873034212566,0.33215347226110725,-0.09959125717497246,3.927023347431467,63.51654817279305
Rand,0.40539507644393236,0.3131536911837184,-0.19948031934360433,1.8543543427919134,45.63109206711184
Rand,-0.7739588362465933,0.2980757514527924,-0.1643822624025642,0.29055967735938076,51.518627053392606
Rand,-0.26679381202392605,0.36524363944608834,-0.05335601134605293,1.5177033539811806,57.43762470014476
Rand,0.26966557770269894,0.32287638870917423,-0.03565459578489709,1.2884693549023247,63.943028297566386
Rand,0.38384517343277214,0.34329978343499157,-0.10414102573893348,1.3351535915443578,61.73913426947249
Rand,-0.5311239868214923,0.7601036158435432,-0.010491751065898067,0.5807185600225876,25.8815982715329
Rand,-0.37344535847899296,0.599988194506299,-0.041434453691675255,1.479704725430095,69.09855090443354
Rand,-0.35237352980877945,0.6087677216007081,-0.09114276455817916,1.4615766708422797,65.57655968982203
Rand,-0.26618258876772183,0.20075679998597354,0.006149238087491753,0.4200959505326338,65.39210389136008
Rand,0.30797081030194506,0.1410378116486572,-0.13181019648854483,8.45288224917308,42.307525303528045
Rand,0.11359327001520336,0.25452549843845085,-0.07886374505827577,1.2817388773470741,46.118998868998254
Rand,0.2565284263773111,0.16322222083747484,0.07547207530139712,1.372483841573182,66.58778357516967
Rand,-0.2573808569828197,0.7986532663482546,0.06698510589534871,1.5533655446848837,63.37244248969579
Rand,-0.5116466425166467,0.7255639181057034,-0.13380621797195472,1.7638886629735642,65.61078241698809
Rand,-0.43981512047005766,2.1960329799365335,0.17802250921677568,5.6324225553867535,53.17327402640769
Rand,0.40036256057286035,0.3749507027707285,0.21399567676047462,3.616382786908763,70.23840638690675
Rand,-0.31008486277627306,0.5431493006248391,0.15389270089306947,3.982395302618489,79.18667663674577
Rand,0.2836549630110479,0.2489927223898397,-0.2641301216135148,1.4522312592619702,53.56779436534935
Rand,-0.5752308848111812,0.2633248894085388,-0.184914648462844,0.4376607790528591,38.90241809314736
Rand,-0.3809352684581799,0.27115302514394585,0.023908206418988817,0.38365220369294195,61.39782648508938
Rand,-0.1758247246465378,0.10355157781360044,-0.018122787303305302,1.3641908070975726,55.25045798509508
Rand,-0.24932307413948496,0.8692199779485549,-0.08924211679398487,1.4770963966831585,55.396519270350666
Rand,-0.33834505752031657,1.1003392854685017,-0.0001631814192979396,3.233980768822033,39.78048007065597
Rand,0.34257536898425855,0.32949274003252205,-0.17306636701315486,1.8759982645133175,38.63097801777561
Rand,-0.5798092172127052,0.4038832707322184,-0.07485712492401939,0.6791851908218007,37.032881329914346
Rand,0.3368360726771412,0.09609717893756702,-0.2206959381499982,0.2334555303079976,56.247223556489786
Rand,-0.45192415405655917,0.3144598070832797,-0.015055852024546519,0.5457513183901989,45.26226683788515
Rand,-0.6279561568883307,0.4518469153746434,-0.07441684593934446,0.45150976910042595,40.17361558958489
Rand,-0.44641322893003255,0.6857103997153775,-0.10593428554773224,5.455154185345625,66.84487698554257
Rand,-0.8894704033258064,1.0117420684315783,0.26732913015921556,0.6359914219216799,78.95739074137714
Rand,-0.19579788830176073,1.0981264787817366,0.05508077761510081,8.763501597931507,33.20255834505495
Rand,-0.4165061401697287,0.5437428979428728,-0.1112064870499474,1.6378369960530108,56.56370193663436
Rand,0.35214923615478133,0.6660739590646447,-0.05642586508662698,2.1567158476359642,48.601892544361945
Rand,-0.5951130886649806,0.5566846474794716,0.058933708602642396,1.8158358966666617,45.839977781119146
Rand,-0.43468591602856,0.2963413481037632,-0.08220719924225926,0.5833972202665243,39.479711270275516
Rand,-0.47546623182686104,1.229027222509329,0.07165927640833072,1.8392236712932908,27.487884705922816
Rand,-0.7111765468652043,1.9718440701136015,0.183608410403536,7.056128156483749,67.23645460160922
Rand,-0.4978794170363886,0.38238834615624745,-0.0861877786728389,0.5416836659615566,64.76322800689455
Rand,0.3863253089101154,0.5920245224973024,-0.0024975235434984743,5.380753091887511,62.615881997276
Rand,-0.33698870799729647,0.08070385619816015,-0.030107800565413703,0.26885754634653414,51.038472223219166
Rand,-0.5228605698256571,1.6976863070934887,0.12812101721200003,78.87057636817015,46.08111211691049
Rand,-0.3003766029314793,0.619705200359596,-0.024271111214491235,1.3278954530017224,29.067792259445476
Rand,-0.22379256799240033,0.38238528555783835,0.14100537666411533,2.5117573415353194,49.356726647740764
Rand,-0.2267138255996115,0.4344720218777753,-0.12936449393044264,2.2067912650634356,40.57824031833229
Rand,-0.42750674705057895,0.8580442276075845,-0.08578922867959557,2.9835795207243976,63.7553401339457
Rand,0.12306756951163839,0.14509816779868795,0.06985991314866387,0.40176247794153186,49.95981911185183
Rand,-0.6454071269767597,1.1034103229688204,0.1565144601367902,5.512942916507514,66.5844220866236
Rand,-0.4810236957468486,0.31846515297225625,0.09547091216956509,0.34751334657646543,63.93414546111501
Rand,0.2188531193722989,0.7503670520769757,-0.09172472225790786,2.632815288203199,46.943285614846644
Rand,-0.24912891255919828,0.05338754051853299,-0.1873470649433631,0.2873785391270387,49.66398528078443
Rand,-0.30438727710811353,0.7642316278888017,0.052666167506007805,5.71946368520908,59.98153663524726
Rand,-0.5448959674985938,0.18895482665063137,0.042071964791616775,0.4458010532436118,64.24993566935203
Rand,-0.6707928797287078,0.10228958287185834,-0.28489858656055966,0.4538384571121347,45.52679268815608
Rand,-0.5989068215838318,0.662327637506742,0.0738715148615203,2.226490007024966,38.482175709078355
Rand,-0.3038704723717869,0.7826802192335484,-0.023890563940080736,1.5842785025626154,44.71355939893029
Rand,0.1605072287235918,0.7196101050816915,0.10581262216115811,1.459797726954916,36.85340184645716
Rand,-0.5228737349025847,0.943403395692814,-0.060663001609014326,1.028358225489772,42.552123465354676
Rand,-0.36760826207494623,0.6973246828940937,-0.1046846646364354,3.4375177269680157,24.614450886881073
Rand,-0.5462325922255207,0.9144933677053058,0.1729605289454793,1.406396055205973,11.963273939864138
Rand,-0.2093522831369246,0.14378960851026784,-0.26564145338157225,1.080501553388021,48.23223795751399
Rand,-0.6296814878893368,0.9385776774579838,0.02159819610020138,2.2950243237686845,53.674772789357675
Rand,0.35436534233004496,0.3696177583542323,0.04735494389230848,0.7208377691827312,47.9586453161008
Rand,0.331014491924445,0.5544848639282172,-0.17285467565024829,4.043330250112887,56.74303667974383
Rand,-0.681788860711803,0.13673808460443398,0.04121136941396376,0.5716757412895173,61.38788266433095
Rand,0.21373980433023354,0.32049212422357265,-0.1880074860943974,0.8123597928991962,37.91891434035545
Rand,0.2702878783035722,0.893854077374231,-0.04138145387834101,1.4409832677759327,33.79272297319319
Rand,-0.24612369961787323,1.4073330302164673,0.1668321875031148,9.000060510414118,33.714718147305774
Rand,-0.3360057948972945,0.4361548907589955,-0.22143082471714065,0.35853402382867045,40.23840673188525
Rand,-0.48310030692725314,0.5037456252942942,0.09429277148792745,1.3327080510824227,65.73050763445522
Rand,-0.164251608528869,0.12535575027408974,0.02685912200936534,1.0610308976719938,48.830904494984274
Rand,0.3220494687978235,0.49357089646450214,-0.061001996675295336,8.572440178165648,42.9049650498054
Rand,-0.4626952937060492,0.1600454373804669,-0.11573521434955612,0.26465050862060413,57.45355471761717
Rand,-0.5533016658136658,0.6824118349744273,-0.023140622554247706,0.809702878188014,33.138116494864434
Rand,-0.29724765517091656,0.5604676759261998,0.06698407263101237,0.5126135469560864,25.53845741943871
Rand,-0.6054548327334279,0.15957435215693777,-0.03225024159946013,0.36140203895271233,46.08890518631049
Rand,-0.2939320997541631,0.0983603879087703,-0.08028577742225733,0.8255024896370226,49.58513662588824
Rand,-0.229097739078667,0.8935108129947787,0.04778950605244115,5.366871597445075,46.515788477786266
Rand,-0.5316887510102297,0.7437790920993709,-0.08898960134075015,0.7135534148099163,68.35702220504245
Rand,-0.3556115172627514,0.4659904790425948,0.06922964609831145,3.9192829692494557,32.24525921034896
Rand,0.479165289555446,0.3055490667982955,-0.2147641921707983,1.4733673238352416,49.79757651063877
Rand,-0.1395639646001215,0.8436242687748632,-0.053824064833584054,1.0427637491746011,36.94053354636003
Rand,-0.11184949849836429,0.3121337621839171,-0.23110406770400616,3.7435928741670934,51.59051778412066
Rand,0.3998421695135213,0.36876329551559495,-0.2204070264073089,4.328073660596642,52.441246817831576
Rand,-0.4346128209242295,0.10214995432713728,-0.19374529410526722,0.3324374227406315,60.999077631670104
Rand,0.15846065302365012,0.27175993039813207,0.03457010363713339,1.4479731193700514,46.0906186190028
Rand,-0.2588948295205949,0.8168746873157898,-0.12532637269422564,1.6337627869110127,51.88678801900852
Rand,-0.6491761936493244,1.1009018086912985,0.04319242719963988,1.90261616351516,75.9401984934454
Rand,0.3062282809514332,0.2908805142576157,-0.05884150344152218,0.4673032609376739,36.7775676004487
Rand,-0.4415307484884372,1.247769530580705,-0.01228216874654274,8.974617193364008,43.80014188560878
Rand,-0.5590519424267479,0.2273805175777172,-0.16444032640437514,0.4228340288374301,42.43213983196098
Rand,-0.19501165984522695,0.2250626017720918,-0.07967845767547234,2.1661830757480405,57.086482038955346
Rand,-0.14027186306432632,0.38782740672162425,-0.050746784534135315,1.0660300598215464,60.6476546100606
Rand,-0.5708992413797898,0.209297447192098,0.034516640396474486,0.5988205374784917,35.63337358480431
Rand,-0.4508920543829023,0.5660018684542025,-0.004251799791785335,0.5064850024915054,74.45983421534366
Rand,-0.5569258842337796,0.13147303108375039,-0.16926738778754805,0.5090363961125483,41.56472583887142
Rand,0.3212062899549877,1.2803160789079215,0.05825490937135933,9.721732778602235,22.88915075861324
Rand,0.13279082250382204,0.19612851050256705,-0.07567748086040939,0.35283929598746794,39.965892151845146
Rand,-0.46336077333457043,0.9685976722969647,-0.07793294475985572,1.8463518390387883,27.209346074331975
Rand,-0.25708198295566254,0.3087814359102942,-0.10126352252966177,0.6267867433335873,39.68673052615846
Rand,-0.11224296651226778,0.2994894888231189,-0.08471636681332491,1.444117524211609,67.05498017820999
Rand,0.4208759003621544,0.20871733248404759,-0.1940118462757162,78.71982348848368,50.061433430538195
Rand,-0.3404673683813742,0.20438448162673373,0.10285381211679459,0.3160568476350881,43.10352150266129
Rand,-0.4683176992427086,0.21505283119846808,-0.22035466263013306,0.4788293968772015,66.94898340352536
Rand,-0.6329005102063308,0.8142847978456078,0.015027889341428664,3.674311123614067,43.266457592808486
Rand,-0.42009102447263524,0.7505797121379157,-0.13270794600033006,1.4255979473360811,34.87280734351168
Rand,-0.22233995810775598,0.5017038575657098,-0.13659959293980084,0.718779930195022,32.21705653294665
Rand,-0.5583599780202577,0.6801719532548369,-0.06923417837569165,3.5702466631809093,41.578090395203624
Rand,-0.19425006829677496,0.18366353731577395,-0.1625253674991233,1.0677814030563844,54.646102243206926
Rand,0.31112626066452065,0.9053244287762002,-0.16973658981427103,2.1300217980484577,34.34637234949697
Rand,0.34264791066882916,0.35528859586345546,-0.04028623860807026,0.47420707502019516,58.84074288219456
Rand,-0.4732673857785762,0.4980337473199617,0.1366671287330581,78.78224943539095,77.56975677899504
Rand,-0.5235172320354033,0.7542831919113065,-0.09345483559357928,4.203598309695798,64.10714703504392
Rand,-0.396251415942436,0.42162130545023047,-0.2995763713301867,1.699741296786768,44.352953059138116
Rand,-0.2442444727555601,0.613905821565618,-0.2031125276107888,5.404430381772826,41.44251037342134
Rand,-0.3182764843151772,0.45363082759911694,-0.1961773270449367,1.8672410101291574,55.50615115160381
Rand,-0.44186664785770646,0.7341679385798514,-0.07276761363157017,4.1308632954677424,64.2668244960037
Rand,0.32758465421112015,0.8124159045903218,0.02183939445419404,3.6109312580552477,75.32961651367958
Rand,-0.6507218686279412,0.8513937112935969,-0.11085051277390381,1.4666747156375741,35.819651140427794
Rand,-0.17302028774959513,1.14826726292983,-0.005227971966621728,78.88398481837446,71.81424867770619
Rand,0.6878510067031962,0.24623827418873767,-0.054326031735274935,78.75776632644101,59.85983062315533
Rand,-0.451268026724403,0.1302260362053199,-0.12028785839492905,0.2703631763604261,46.54863142505625
Rand,-0.1531066319533246,0.08703355773059684,-0.08680573910314084,0.4419691938259978,55.83703689086714
Rand,-0.22591071420273742,0.44037518579220053,0.015419069378105372,2.057609004379671,36.25453041331206
Rand,-0.5163875465306709,0.2991142433934682,-0.056412413959596425,0.37459986666771283,33.421333525710985
Rand,-0.14857180234871997,1.1056818275053355,-0.07315294664075098,2.438109112607687,33.56974891973506
Rand,0.28933648523057487,0.48291884486604175,-0.15632580776892133,78.84835967316023,50.66146417438466
Rand,-0.5956745264938942,0.30005212299696177,-0.20607499358683673,0.3577969133139121,39.95309266305897
Rand,-0.15578484585932728,0.1923155751933049,-0.2816851703634471,0.9099989104667647,57.222767638661786
Rand,-0.4280948878888409,0.2775366495622781,0.1120520233119053,0.5099313937960569,35.13972599470221
Rand,0.3300266532494768,0.10147902607044482,-0.20511324579707643,1.3399898691058714,59.33781690412546
Rand,-0.31027319097215134,0.33945513240309755,-0.1811724662580194,3.558953529586102,49.757559605477994
Rand,0.41743652517733454,0.4683850433967202,0.08136788199313019,5.3233151022712635,57.04922979455366
Rand,-0.4461219796921566,0.29570233436063537,0.04290950189170806,5.225012333055846,65.35039599301014
Rand,-0.17412480859061988,0.4011161249876419,-0.09529248795586272,8.655342691571475,32.804400462582734
Rand,-0.5483849558228113,1.6873450890880204,0.030415680749054676,2.2174104294856063,42.38789910981264
Rand,-0.7267033014353992,0.5621602908639163,-0.07823292824444807,0.5559368706920446,30.247060912842894
Rand,-0.08525943719492776,0.15549310580128964,-0.09696753256598957,0.33481466170990504,49.84057820490141
Rand,-0.1993485700278128,0.14855263760806145,-0.2243810414549406,0.45808372590690866,37.7132481760929
Rand,0.1762688712037711,0.41324263114347354,-0.15861540905202548,5.371710178192633,64.00879290986775
Rand,-0.22501280519023903,0.4096028146478776,-0.09013926237274766,3.4437101979940516,51.53118720382497
Rand,0.3910388007523605,0.5354550135973261,-0.16502156722392078,1.8587950685451915,61.0778803551087
Rand,-0.25285616827161617,0.8635812492599252,0.07606481820650632,8.940661949916526,28.820030376063066
Rand,-0.19777489151029892,0.1494440663348282,-0.1873172414480498,0.2986561200272524,39.564423605438634
Rand,-0.2023782148666185,0.25555774355452066,-0.0032089429322653537,1.6373516392972483,46.66501227365899
Rand,0.35844876104509626,0.14797792693827166,-0.12892159073213705,2.0306035275822834,59.00330444102484
Rand,0.0648673003148379,0.30706821021083525,-0.31995291704493495,1.1738796208912774,45.24959728712947
Rand,-0.29306668652082224,0.16455060519606643,-0.20237301953634113,0.5210706117707266,60.818992904915994
Rand,0.30536815654252625,0.14825049517670202,-0.09130984613552663,3.370985077053592,51.82589527580802
Rand,-0.0752277211314426,0.555385516183413,-0.14595502908279184,2.5547386626786763,64.53982047522867
Rand,0.3672613544748667,0.5978630725072615,-0.23437182201949563,2.8547181495197775,45.43522166299018
Rand,-0.3023274718546721,0.26807543395123534,-0.057296861345039474,0.41884938128181076,59.44809463057098
Rand,-0.7317626453394169,0.6074785795568067,0.039329750133307396,0.5050228648687427,72.49544952164418
Rand,-0.3559526978729213,0.45325108434387323,0.09779540148642119,4.192050706712401,41.90192529617874
Rand,-0.5041277733994741,2.287844762127039,-0.06304370746615343,9.266595679976788,39.72909007917805
Rand,-0.40811834598819086,0.8776280135714222,-0.13780454614665816,1.72067282085112,73.59649733575407
Rand,-0.43856880780101726,0.4047061895305323,-0.015374744568984121,1.7113333366451224,48.527472618122744
Rand,-0.4694806107751349,0.4884156943123588,-0.09483072743718479,1.5781691154533628,61.50208446263276
Rand,-0.1705423859148984,0.2537179576778562,-0.08418158023122467,0.5097086362851762,41.53550204987906
Rand,-0.5045264773120738,0.13534243041509617,0.11050868946087566,0.38413675349435683,61.60606927487046
Rand,0.3361190496191441,0.3093280733693716,-0.11539952467510281,8.588522335233684,36.001652794844986
Rand,-0.6953642380286944,0.3988547822361232,0.08191128629695625,0.5518522342688665,63.559690991598636
Rand,0.2778153357916036,0.3370661912967349,-0.17945815770838974,3.992331906551741,44.2203229378086
Rand,-0.4918574507805864,0.3849293460491503,0.048373958253191324,0.5307911040202786,58.4500223244562
Rand,-0.42456962469922793,0.33230496541852705,-0.183749209030181,0.3718832925825006,66.37601970106142
Rand,-0.12692113148484793,0.2382149077409413,-0.30840034666722865,1.4823936236221125,44.86658412588927
Rand,-0.07082493810601569,0.08645792409688571,-0.09203571435641034,0.2531523319896658,44.57050993524426
Rand,0.33079467263295825,0.5432619615552914,0.058618021689354226,3.8578687938056317,39.290128361016244
Rand,0.3241936009452386,0.17456754335787453,-0.0177063425055846,1.6446857395495944,50.52361626010082
Rand,-0.5301656563533358,0.2497268347417804,0.19217313075213777,0.5529486745292349,50.79881932650518
Rand,-0.4700859715723703,0.8195844161861601,-0.09149022215861852,1.5687337034627853,41.851271258331366
Rand,-0.07071742991598619,0.13697253377258842,-0.3217880258733723,0.2627787879991129,42.13576654230425
Rand,-0.6102737265405437,0.12358312898310216,-0.12391782175630134,0.39321693369080435,61.08561030561729
Rand,-0.6124875170956696,1.146285502453198,-0.029568273028682198,2.9022699468263182,34.31366255165603
Rand,-0.3878626679667134,0.8760488674229778,0.030044398572171404,5.543403897156009,74.19869549783861
Rand,-0.7235630660936425,2.16300667285747,0.20300078861339077,2.475409685564048,58.02066216286057
Rand,-0.17143723564709196,0.5540265267934144,-0.06519146117831935,4.264592318599162,63.85910040327744
Rand,0.550615193280658,0.37858864199723113,-0.22741620689478442,2.5460492488470194,51.27472208977739
Rand,-0.27561769675563075,0.8226986861834608,-0.019388931136063475,3.9334987664583188,57.72009138168623
Rand,0.43812695433511895,0.37985258784597786,0.027462122703885917,5.2271601614454175,44.7770569076753
Rand,0.1645894976358891,0.22797621796624862,-0.2653756647918172,5.385381154428435,61.110886391084364
Rand,0.26937400577680726,0.6027195051303483,-0.008712886204820039,3.6753919381138624,74.20382430367258
Rand,-0.15286934026955895,0.32817194630307667,-0.22674115775935003,1.0723492470672575,53.32423877181408
Rand,-0.5568478095851445,0.32680494692649786,-0.018861044875282153,0.5686197524427374,32.967770755794476
Rand,-0.6984809816785763,0.4750711387497703,-0.048720817821751417,0.6229553797502596,74.81432744215194
Rand,0.3238181865988784,0.2920728751300167,-0.07627674117562003,2.216369188564351,37.64304075753877
Rand,0.29501657586476515,1.078017740630995,0.006337286966268828,78.88034920928605,60.731452470486005
Rand,-0.17822616333181962,0.4811596377994274,-0.20359608511247124,1.2082639558087096,30.321729117428813
Rand,-0.23667737753896,1.5968143719835473,-0.13315928799785642,3.0120265907827193,48.62699103002483
Rand,0.5309184617561812,0.342643925493971,-0.28244225853196664,3.1741395328999342,51.67607583180751
Rand,0.27723487757058574,0.21738633039252658,0.06499556860055396,8.535052060094452,38.04405995413107
Rand,-0.22029593146589901,0.96269083307819,0.062059385541347586,4.47230281392242,57.51442761444239
Rand,-0.24763838771405433,0.7081162219352057,0.16447706618448635,3.2832653278694646,68.38368686333727
Rand,-0.36117027989223205,0.22097061834091103,-0.15962845591719654,0.286142714088889,49.686519875294685
Rand,-0.3302322650953489,0.4711850548617905,0.2358703696604715,0.5205116745714146,72.71341515831503
Rand,0.31677299291861605,0.3063023507395384,-0.01364430103504059,2.3507933537946895,56.394911440523856
Rand,0.2721212562333058,0.16511983487190923,-0.17922306136563312,5.2884778685756535,53.91536555265225
Rand,-0.13810876578530212,1.2346764191376476,0.05277001557580436,6.158386102861097,61.851794294872754
Rand,0.2722009952371668,1.2472847406329124,-0.09083922917895892,4.740456108498281,58.577149088790605
Rand,0.2679362521006643,1.0793637509018912,-0.0007824591399345621,78.73785021257274,35.424328023828835
Rand,0.17264718743434282,0.4444691338210213,-0.2388844494159774,1.186772432770422,41.223905557505816
Rand,0.35691127338696793,0.3949644081626757,-0.21210074465291487,1.574332707942018,46.18509259522769
Rand,0.0646176331810507,0.07422223533719342,-0.030442455133823914,0.33124263322307,50.79512067058126
Rand,-0.543414124176904,0.8107641105928352,-0.04420679635176196,2.298289592004107,36.55813294338943
Rand,0.19561902297913192,0.07803811198462736,-0.028389613998100364,0.3683731252461794,43.788814420981446
Rand,-0.27916483257145674,0.31895972432344044,-0.06845365493795479,0.48668897120457005,71.8579124638139
Rand,-0.7614280837149955,0.6041056620429427,0.05973583383192501,0.4687376178212388,35.19458248718957
Rand,-0.6940637984299554,0.8957973218169432,0.03252415705711734,2.281187638021371,29.619745915803392
Rand,-0.3373123521050018,0.33664935270561797,-0.23534653031117633,0.37841338168580596,54.66087804354785
Rand,-0.2850534479346152,0.41853959781471134,-0.13909801960550594,1.7478409595706672,45.848559748387764
Rand,0.2080573992550032,0.265755116916006,-0.06117301192171617,1.0914068436570246,35.44804684995021
Rand,-0.47219522232633715,1.1575225574087729,-0.10731893741131464,2.511724800785549,71.57688916852784
Rand,0.278774187062537,0.2641376439960085,-0.2784729413888739,2.2218809329514793,50.37534825998846
Rand,-0.44154521885958964,1.1788209688463525,0.014617377963245174,2.388055702833622,34.76997935470759
Rand,-0.45715742087966366,0.30629187017906745,-0.043388409849080274,0.34172461226531475,37.045701067910464
Rand,-0.4513080104132069,0.26198271211625873,-0.029192692307450824,0.5407290090720627,66.00976892687518
Rand,0.42910738775395063,0.16869753474381244,-0.11925439041143732,1.4025545431263802,42.95303630615586
Rand,0.5619065285495636,0.6341282129324248,-0.07855308863294105,79.24427996519864,55.75973402203166
Rand,-0.7498644084544891,0.13823168547855133,-0.09068357474134167,0.47242707989038013,71.0250554934292
Rand,-0.8137790700476656,0.9139502891493445,-0.016803511371234897,0.7238666972129311,71.19649456618953
Rand,0.35914547191507906,0.6432339088410199,-0.009989332202255919,78.85514892089307,58.859928837636986
Rand,-0.3444642291598333,0.17413909183140977,-0.03915504658821993,0.49022779496784796,60.11365810849574
Rand,-0.4040155232733387,0.21137258828157846,0.1888240170462314,0.6338528024449872,65.13710262479731
Rand,-0.22201464704282575,0.5469218076882003,0.028086114758102777,1.471663433079734,25.874191344863167
Rand,0.35158437866232856,0.4096846283582763,-0.08586861412857599,1.4122167236699892,52.6358978123586
Rand,0.27616582066361683,0.22285145591829442,-0.07331555344552901,5.403669059570151,60.98221871418779
Rand,0.216943830943664,0.6556172120506147,0.06562255634713374,2.780913017542512,66.82014585023038
Rand,0.5486981088128865,0.6538482388623982,-0.1422463085357478,9.527912717692846,46.721536218810165
Rand,-0.3597054534451228,0.38977859700907386,-0.009988563152928023,5.393746267339578,58.58636764510062
Rand,-0.37188992650158115,1.0496180773003174,-0.06731263231260838,2.0553631207964167,53.14266295957022
Rand,-0.18939507896795266,0.5263342100006099,-0.013395519247958803,1.3981588666377156,43.50455182777935
Rand,0.44158220014557803,1.1213799791093333,-0.042468643327329844,9.719743724587598,35.782897056090704
Rand,-0.3402582933419548,0.364378185987691,-0.04266009748470787,1.3356959857800106,62.48319265897461
Rand,0.26824547827440703,0.3885871144195753,0.004916084698062894,8.588730251526016,49.57838014462701
Rand,-0.3021182211024849,0.7156914297009205,-0.03354008485354857,1.600720242140759,31.150271157998393
Rand,0.23313126752226931,0.3023274255272658,-0.24685160934742123,1.5080352446881693,42.804618952110935
Rand,0.3465147185472681,0.17623190125433114,0.13525110451808917,3.646007953171159,53.60232378093735
Rand,0.4905818734314824,0.32284864175158823,0.053621656805516886,8.658787208924043,44.34357066632077
Rand,0.2318208503263759,0.223049192376583,0.0513502190696274,8.548244167801425,46.56371518440076
Rand,-0.4014964810242758,0.9843781531349688,0.06842209665671127,2.362659508097805,70.18763925837754
Rand,0.15853916950669877,0.5677842941928704,-0.005905128737361572,79.00958172913015,80.36744420770042
Rand,0.3589441854868177,0.3222911092591037,-0.10737904398161213,1.9248576276548597,31.76114740356698
Rand,0.2899516271455633,0.2579206521641475,-0.10388106293763513,5.367809480690439,63.98670915202624
Rand,-0.228053097613647,0.3894354712258589,-0.05842340186892984,0.4795906982936993,43.30724089023089
Rand,0.09442171178646158,1.3072543618318986,0.01459346133707457,6.525331907459233,59.45924976636331
Rand,-0.7128125328620483,0.5600299123450796,-0.03466312970873996,0.35846509321402475,46.281045014564256
Rand,-0.6201845342659893,0.13463812737140088,0.0028751258638548766,0.34571773209280643,66.66206343251297
Rand,-0.2555399729004967,0.31649281474983965,-0.11944445883301148,2.278720389707409,36.419491128932876
Rand,-0.2336667139149581,0.5043700315025459,-0.2830953496232009,4.233730809852579,46.32653189346299
Rand,-0.2579789708510368,0.8066879752516982,0.010868604581082582,2.8369933868422774,48.98408487941371
Rand,-0.4346451740485987,0.17887625961888026,-0.22642034344087955,0.32889100865081755,54.39132330165839
Rand,-0.6492649852962638,0.8623034968704992,0.05770470834933375,1.1578921104373416,73.60689879576985
Rand,-0.4356747107911695,0.5020642744528898,0.021538199163993237,1.4790974817978857,64.1245097131789
Rand,-0.45238704933930185,0.31357045920724247,0.03222903491605673,1.4608168361168543,44.82989410173193
Rand,-0.15377738103148175,1.9110753482367406,0.03906874303493932,9.485663044706289,40.564565068894666
Rand,-0.2904102164510829,0.2660560360027453,-0.22397675750699483,1.221138365288798,37.52014409033656
Rand,-0.20922148361409185,0.48474646832072266,0.01781147504309581,0.4957190663674925,64.74958078693712
Rand,-0.19094987177621875,1.8462097658913632,0.04423108251663676,78.99267345142603,69.45612121475037
Rand,0.30513174835337553,0.27294788715469015,-0.159030432173602,3.4070738176752218,60.46626894690941
Rand,-0.2569724765758351,0.11712109750292368,-0.1922111103818502,0.6004718771885144,60.13525150746592
Rand,0.2856378190081702,0.2713824358430884,-0.1256117197718864,0.565575907122093,63.50378396190216
Rand,-0.2619875643411141,0.484783108289039,-0.13029077788828275,1.4292388298679444,69.68871441623288
Rand,-0.19534276012553345,0.23243869842471904,0.027651276107787802,3.6529248140520507,72.78819297333824
Rand,-0.639984092515548,0.34672712553463514,0.06560526306044036,0.8205999865792771,50.521774804950006
Rand,0.24827253402770966,0.1561924648259395,-0.02997870708384706,2.304664961798285,55.85509206658281
Rand,-0.588692455096346,0.5827475744830068,-0.08794166794538961,0.49144967243035415,37.970567233271424
Rand,-0.4671439861267195,0.2682715230383265,-0.10047704259176161,0.6746172745783047,43.98295415909427
Rand,-0.31038677691632377,0.41392440503948363,-0.12988502201482274,1.551728284259705,53.39085560111003
Rand,0.22466643499781497,0.3078156839214943,0.05023123901936766,1.3546634424260313,58.170203838160596
Rand,0.15468276367830613,0.5799419944277717,0.051014540617260656,2.1532586559680005,49.79096886103262
Rand,-0.44950348416181196,0.742681652014651,-0.14330323086143965,1.8598333190292824,65.97088402683292
Rand,-0.3254694558775327,0.1668618933717389,-0.1285564291198269,0.4324285635529191,45.38443394544382
Rand,0.31455295507034475,0.3375098950960199,-0.11438252362244797,5.384707629289932,57.26528156896956
Rand,-0.6371449522880949,0.5141951948346362,-0.17558477457173421,0.3676950246820814,59.49006243709609
Rand,0.3378808314706341,1.614021151129755,0.07951099148008162,5.4496923835616915,30.658467818654717
Rand,-0.24778720969890766,0.4820389893767526,-0.041172968974814976,4.220170435173107,43.86055078648871
Rand,-0.2085642024744019,0.03731630169672968,-0.09323229210837465,0.3928628302670836,55.73536311213702
Rand,0.21293463096255474,0.18838867351791175,-0.35167612638408563,8.546667113600414,44.84332313468761
Rand,-0.3331791048517315,0.05790268093588034,0.008172409962704685,0.3198057912311341,50.44000043373656
Rand,0.1104790839866562,1.169688962884627,-0.1576460832377545,4.1998111189788805,47.724565302571015
Rand,-0.2552337364559968,0.4275355620823146,0.09569944842465379,3.7595465212833927,72.34419384996794
Rand,-0.451371142501656,0.5291605773370585,-0.024910098570483943,1.4427136950275021,24.790946095074602
Rand,-0.28380263675178274,0.13742348173177454,-0.2152154579773727,0.39090535970409984,43.58283897860118
Rand,-0.10327685923260126,0.49560870195366774,-0.317268662065018,1.186564123311816,37.36945671982799
Rand,0.06326140171475617,0.11732205111180619,-0.1345847335284364,0.4172799130597629,44.64516402913162
Rand,-0.26381183886223436,0.6336423887296914,-0.016310740466464996,78.92676808288626,68.27059461295487
Rand,0.13576698525389988,0.17051632045828735,-0.022142403370482202,1.0989589071786607,52.09615229848975
Rand,-0.2124745715023025,0.23471408724758902,-0.08528224047906124,0.6123763982764263,49.830777268784296
Rand,-0.36580572982351045,0.23206274170939684,-0.17930241123254922,0.5616726087441826,67.52504017954074
Rand,-0.24278916141473394,0.46314624520703573,-0.012535560102004389,1.1924188099095394,38.66908906845312
Rand,-0.5182515996213596,0.7217883988485925,-0.12550300073493387,2.1299269849788414,43.26169745283256
Rand,-0.6983811968918687,0.24411990800206157,-0.13145729659398386,0.49907515434531236,66.46930571108958
Rand,-0.42365565492220786,0.13020286693037825,-0.00413714680680741,0.3197272977704567,47.75235393645462
Rand,0.35351409135741285,0.47067358588954156,-0.20815190229563293,2.697641564366736,62.549563812217244
Rand,-0.4857790657350344,0.7076108581326801,-0.07978050265765382,0.5996027369605355,67.41957632968452
Rand,-0.6364501178536981,0.3894579592510807,-0.019230626178375006,0.5074737043385052,73.8966757909485
Rand,0.33791079188426343,0.5358302599369039,-0.13147466422875617,1.6752167451430204,32.01241934888516
Rand,-0.19894226731876025,1.1593021359044193,0.05139808416217378,1.696578856827351,62.66781556207208
Rand,-0.24362894819486308,0.2816431358556704,-0.18296742756793238,0.6255785426081889,36.888093376783864
Rand,-0.48076793994997924,1.0187291611370166,0.05402799403825275,5.520304023957643,58.037813231361724
Rand,-0.12482533819428451,0.09149904887249342,-0.3601610048871405,0.22654040236758577,52.60789145592104
Rand,-0.6676362437378897,0.1522106309527536,0.09659090218911522,0.5224278306187762,61.70145824107701
Rand,-0.32258226045736754,1.0633164821061245,0.13558617664470904,1.2593043674265996,68.06694071691287
Rand,-0.436711417964342,0.1063708918495931,-0.16743805963143865,0.37288250105519927,37.39468947428916
Rand,-0.41121097475140767,0.1879318457893891,-0.13499279585927218,0.3381415167985451,58.15112768243736
Rand,-0.4240837124972878,0.16189679449816724,-0.17108102906075962,0.3020375715979025,61.95579485430318
Rand,0.2168980541898148,0.11995854470009697,-0.05596516693672666,0.24352786209734456,60.713620273520405
Rand,-0.39990902437860254,0.4568613800201541,-0.10626894055262333,3.49456422499333,56.87950309492885
Rand,0.23784139045061278,0.2428785191222555,0.015243788574981692,1.4885717951171187,61.759775020889116
Rand,-0.3380053938912212,0.2702583241158538,-0.03970413741961262,0.45021525992709666,39.78641484481168
Rand,0.13704669026093402,0.2683683609124153,-0.2229757800769536,0.9624186016866192,40.84495140881062
Rand,0.22980684663225964,0.5951525606679744,-0.22255987485877576,0.9661735045416628,60.29845936778172
Rand,-0.146131279987866,0.53492343828872,-0.041476081150166794,8.793669872607168,44.71663961230196
Rand,0.2138374952623105,0.5573167334780794,0.11396689290914602,1.5533765292005703,63.93252160342746
Rand,-0.3626877773680598,0.11245001964626038,-0.144062871149205,0.22088202826385425,45.748486477634906
Rand,-0.6146012420419664,0.11245397887035606,-0.11082393775904897,0.5235172227186102,60.51983344444084
Rand,-0.20309892463132473,0.21455308193534756,-0.18011156879759826,1.3614644208046036,62.9539537869794
Rand,-0.15351001245555124,1.1294033580368164,-0.09181827118941417,78.90314313542736,44.09866205145263
Rand,0.2670201113872624,0.2550393093043095,-0.18887419215651072,1.0378973893664416,53.540346377361935
Rand,-0.2948612334265446,0.26176375378708344,-0.056680248069398066,2.184407758855833,55.337299161768016
Rand,-0.7898652323633834,1.198767846346796,0.15767990223230632,2.5708759329918442,32.670808260358335
Rand,0.30083850921872785,0.4896287887882956,-0.17587147667820574,2.4731676500364173,42.89517998597261
Rand,-0.6185844591624934,0.16691339360939872,-0.0001319672497733062,0.5358059699450791,50.36167629224002
Rand,-0.16365749736909838,0.364494798300093,-0.2592461910377301,1.2374895308553613,39.10204021764619
Rand,-0.18037603948463238,0.16863906903661455,-0.2673778496283885,0.4041868314380946,41.77667544674378
Rand,0.4330640975571107,0.3057334434844624,-0.070323145695057,0.8714313916490961,43.244791817205616
Rand,0.1329782649702374,0.7530094365594365,-0.05672804265833295,1.5462124138810187,36.553110290999584
Rand,-0.29409036472798394,0.4403139301818646,-0.12010956642159823,0.6141679358024633,59.940841824465416
Rand,-0.34088649939729565,0.3465866582745932,-0.2366170910010443,5.407453687298683,66.01023459860875
Rand,-0.2377526029094965,1.3413463560667533,0.049837485397863666,8.959949586339262,44.72192432139881
Rand,-0.32678079287084955,0.07917133746327559,-0.016760855556261865,0.27434127465334945,46.887846935665515
Rand,-0.15392664369855982,0.10869585500828985,-0.05995815532491285,0.3606603706364052,49.02826946910393
Rand,0.3881136110306952,0.3003669070036722,-0.01097233612029549,8.539057773622648,42.371506528494834
Rand,0.3876670298898698,1.0547792067673127,-0.019239725795776073,8.804108636473982,37.109703743696315
Rand,-0.16959257793841329,0.5603086226425026,-0.11126463509663281,1.2304346326542972,39.86922706495592
Rand,-0.5246605299849982,1.6157556840757543,-0.0905224950421214,4.741523813396669,60.338794955497264
Rand,0.09168166319267451,0.257512007299432,-0.18597313697046902,0.9479248918517392,56.79095042389617
Rand,-0.29171841071973803,0.40746134732912553,-0.03975602209722554,0.78127822316125,42.657293164055034
Rand,-0.43567914223707094,0.12506799658938542,-0.10315125737582055,0.3838358651096218,63.382599580483365
Rand,-0.23662750582593062,0.09799045295325937,-0.13154692803677806,1.4115107263857103,56.36666281604812
Rand,-0.2351412407269274,0.8254673769177,-0.05137106733103982,3.845987270935422,55.718595025316475
Rand,0.35115791152660947,0.5018942209722401,-0.011766195780891987,78.69947276111583,60.65935833038698
Rand,-0.206719685446638,0.33327597085829075,-0.09343513318050259,1.4834853179910013,36.095390167571466
Rand,0.09418709817643638,0.3616003688941888,-0.12698387443883213,4.088762647653372,46.75250418524078
Rand,-0.2228823453270509,0.31041463871040975,0.035830911800424595,2.8049326217008788,66.20191298547434
Rand,-0.24255813641427867,0.29069862427111237,-0.2479339550820371,0.5289071973973802,53.30109356171242
Rand,-0.2501310709404207,0.0245064205043626,-0.1462917364810327,0.38985698894715815,47.32941191944004
Rand,0.20131907171382343,0.5826642300316482,-0.0409933455249402,1.2115395180043675,35.874922792281545
Rand,-0.2581904067856446,1.2286052508889185,-0.02178469663541597,2.3777433856164687,47.400404287867914
Rand,0.5293324967463044,0.33965406517695806,-0.24091782582009183,2.4769996326318857,55.76641053413318
Rand,0.3706669598538933,0.682328572132176,-0.12323862869820595,1.5531346813575424,36.61821831575495
Rand,-0.6499862915132694,0.15140806454802974,-0.05446079354313672,0.3231672268540506,52.12697996105348
Rand,-0.460287275237258,0.2713502838480751,-0.004069598089988942,0.9292946661518963,68.87939400234671
Rand,-0.2702380379486887,0.4679460885674033,-0.1453468951415802,1.8379312934746768,64.59967437536181
Rand,-0.7919066189877872,0.07729192198320672,-0.1623050976453932,0.4238703023804749,47.88587223897389
Rand,-0.7046117244371799,0.7603508508341875,0.021518175128223325,1.9506779060106831,50.48690012190129
Rand,-0.32363533319495075,1.3772214969154775,-0.04715590981191001,3.428112733948971,43.26952745309766
Rand,-0.6360949064835304,0.3760003520798185,-0.27188457134617816,0.34331781375598436,45.852108831804564
Rand,-0.6288352465217331,0.16078629968162256,0.0767431060108769,0.5261272629934607,37.80135479558945
Rand,-0.36855990728100796,0.9121322749150176,0.01945217509044133,2.5918205694369356,79.0924172050231
Rand,-0.8109601001032465,0.6573808824498146,0.12103081164367979,0.5490331770615537,31.343704401348248
Rand,-0.2893274722503977,0.4491628563106945,-0.24180848240747554,0.6522819658089745,46.698880054301654
Rand,-0.5750387716274393,0.4095994691307013,0.027191493849378103,0.4910124301958094,68.61767756101472
Rand,0.2748324304697293,0.39739018699171663,-0.00735433418760885,1.1201190861114885,28.212715888811317
Rand,-0.47586801172310067,0.9567901375792319,0.0005212893595414562,3.1519119290342625,62.87733423080181
Rand,0.2583705460062049,0.6128412191983869,-0.11060356029849959,5.706267543802816,64.37220382619972
Rand,0.246424072562496,0.5749633091438845,-0.12799597128263165,3.8304795146033883,33.482378314074865
Rand,-0.4484721096133925,0.8645335228559891,-0.00927923840708255,2.269837992950896,52.68266915459886
Rand,-0.7495674478253362,0.3626477773261757,0.13107047558406,0.6794800901607067,37.28365509215742
Rand,-0.36082955879891127,0.4231441993615106,-0.22084098809119532,0.708740481978859,56.04125420146182
Rand,-0.2832202299948553,0.5488100323039115,-0.1307726427039512,0.6919973231259445,52.54963605692533
Rand,-0.5468317392850446,0.3253763209897529,-0.040777540840118046,0.40273732280866853,37.37263728436071
Rand,-0.42707931410184213,0.3193849711182337,0.11027430228156151,0.4440877589193726,75.2871884002166
Rand,-0.27551068398285744,1.8157646208566447,-0.04664197497726356,6.950710582144398,62.650897117864034
Rand,-0.6973905006586177,0.17721179608935106,0.07864998517045556,0.38425593477736686,36.45904326421607
Rand,-0.5374848986028146,0.13883776267689013,0.11618329606062136,0.42990360316581316,53.96422631430304
Rand,0.19788730266796956,0.4110036145899903,-0.0017479731138510257,78.77035552079846,48.174538000193785
Rand,-0.5427736734595235,0.4278907350535275,0.004089086546612206,2.0958043871516616,36.19358759893442
Rand,-0.07741705726437029,0.3597493604253879,-0.10234469378521782,0.562315250168511,45.23916793034638
Rand,-0.27335550128023905,0.7651235785599717,3.395152414618373e-05,3.632166004910547,58.470737427211716
Rand,-0.48844478868597174,0.5438264424913701,-0.1603181756910676,0.8239038430881879,45.62363713750636
Rand,0.3853074287942945,0.4170883550264575,-0.17170532943164402,2.5068029811110324,55.577834481732204
Rand,0.5489688549192204,0.3503321953897548,-0.14149202101714337,78.81851800124687,53.97060939460994
Rand,0.2149656285480683,0.13236452293741843,-0.15122486915263425,1.0890172579095028,47.850273364483364
Rand,-0.14699194386727982,0.6408969149729288,-0.2077863221363491,1.6423952360099339,53.02217546500677
Rand,-0.16404278896479557,0.34174609198420886,0.012766224848108798,2.4647427091467398,60.77802133306195
Rand,-0.16927844132772826,0.30839684185116856,-0.27379472577742253,0.3198908159160973,46.17617472612471
Rand,0.06539650707173544,0.6558768571789345,-0.0623399287603279,3.5312720514813574,38.234754226185096
Rand,-0.21097681201869514,0.20861780193278673,0.07702030017812109,0.4847962763351403,34.012134502584786
Rand,-0.17798160155879636,0.1230444995308807,-0.11330223429679516,0.5673646565424654,42.52543773166346
Rand,-0.5094256615717204,1.4547447323189417,-0.01167062204622276,9.110763206013656,33.48463741320783
Rand,-0.21435129829165378,0.13465456254109712,-0.20215116942824413,0.4755500872996547,42.713321066416874
Rand,-0.20598065057941364,0.14866069021370762,-0.17622439567382014,0.2392478335549846,64.48169200013879
Rand,0.2951490639560727,0.5945618290990234,-0.11781895858144105,6.037718150482256,65.3365701838297
Rand,-0.2812707485819332,1.9062465093922192,0.13015820713232573,2.6495541733187613,33.829583829839684
Rand,-0.22074706105759992,0.4399186634865814,-0.16358419065599472,2.217912019305564,40.953355826835704
Rand,0.35235122804438057,0.4668805068805506,-0.13072680001547965,8.481849652728531,56.781233251805716
Rand,-0.4365983709925526,0.252398947888797,-0.16288343485041237,0.34010362406161126,43.921857052897764
Rand,-0.21280843350882545,0.22183761515828815,-0.05221152535039773,2.3882569452828224,58.14076850901536
Rand,-0.4050007617511268,0.30956507460401816,0.1453959528023842,0.43590058732812215,67.60773513056198
Rand,-0.44580999117690445,0.7204535687988659,-0.0912391491820798,1.6761237675310008,32.743547729132736
Rand,-0.379011861052716,0.1537983075165516,-0.2010264034627581,0.4323737499139516,63.589227492484014
Rand,-0.2818842114847063,0.5426568669462654,-0.07058653409802108,2.1879665651560685,65.04969672055381
Rand,0.1328733195047887,1.0363942647814717,0.05614420662143574,8.792437563304748,47.70825101914079
Rand,-0.3461815244575628,0.16320386541880344,-0.3632909678303936,0.29929836857845066,59.42937249624227
Rand,-0.3709522784959113,0.6887836000310411,-0.14109894044351326,0.6688063783268153,66.0167223810415
Rand,0.20823833289406074,0.3142319238854837,-0.2610217134984907,0.3426827076198144,52.31781325958145
Rand,-0.3619512018973332,0.7259546815430566,-0.01159595775635347,0.6920548838197149,24.551257690436053
Rand,-0.14320598849343352,0.24203702408341718,0.031402123443646866,0.4045365666248434,57.97164500022556
Rand,0.2689619635594728,0.49398123188602067,-0.10069617826430162,78.86625453409735,65.84548274298773
Rand,-0.5803013206555817,1.4430416272691606,-0.011584897401828293,3.7271120530402184,34.32211587431433
Rand,0.451969480653791,1.173877795244175,-0.12928390711851565,79.31071800131195,38.49496920617417
Rand,-0.30522069075291747,0.2546051253653589,0.008151786511072064,0.41120772446633785,35.3322818553029
Rand,0.24429112647499784,0.5429666295246944,-0.1946732477555077,8.662452364622059,46.79749791016853
Rand,-0.26977006653442065,0.47012260503522907,-0.043598920625895224,4.116109340135847,58.42958560609753
Rand,-0.706440852611479,0.16882744244195227,0.09331012095897967,0.5508185860583626,46.0378044862582
Rand,-0.19892916989394444,0.3111333406509659,-0.046868446530570776,0.6246624666014597,33.73050691676941
Rand,0.07899443179946915,0.763999044695997,-0.05574350011625931,1.4526583532205377,57.94127913796727
Rand,-0.7679981321721226,0.253222253911918,0.089524934378106,0.3763591972681471,53.16382205952513
Rand,-0.11571686315866075,0.5848712087358228,-0.12166268064963214,0.6834627446883125,66.66183162326791
Rand,0.2166672925697854,0.23784071641634838,-0.20262700430936756,1.0944074595301305,32.53394577506986
Rand,-0.2814721787773447,0.3266421247468281,-0.11968035791488188,1.1787803958736938,51.92781415793175
Rand,-0.34001075852906065,0.2681745919964082,-0.14979216313835145,1.179560604564541,42.379718036894474
Rand,-0.107477148513715,0.4193290749775155,0.047749441986778565,1.8328633877293037,37.15397639276795
Rand,-0.28504691510398483,0.2838540370695374,-0.1704726123934354,2.4558478907937227,41.601556950477345
Rand,-0.6102721860471702,0.9718866539514537,0.1517047947619443,2.3802094184781994,58.672699829849364
Rand,-0.5534980793033242,0.047754102625092665,-0.25462272013433734,0.3566688501461853,58.37693918927725
Rand,-0.5076974900244604,0.6188783046549979,-0.0449638243004874,0.5342658286370013,26.70979052200988
Rand,-0.2564009965032982,0.08699062781766866,-0.11060681834030053,0.37401872972622935,46.71175338750221
Rand,0.15431495718517912,0.02979019811498814,-0.12150748406534397,0.22380443978844058,51.94230172788015
Rand,-0.1079422692263381,0.20622816192514773,-0.2325556579255648,0.5411837488470266,38.34308526671011
Rand,-0.3395866196905273,0.9006067916886262,0.08380763781966806,1.0757172554534506,74.22535093196811
Rand,-0.11392817643193132,0.06319513518264455,-0.19353187329285607,0.41705305899361694,53.7670507744729
Rand,0.27370463756324637,0.47401172314728557,-0.03904519348677852,78.84784823237115,71.64916289069316
Rand,-0.6043004139780478,0.11758293510151072,-0.08664314658743284,0.27754286467734895,56.06155616632829
Rand,-0.16119335960392994,0.07484212604581805,-0.011425820264086527,0.4817432873293821,39.782603091116
Rand,0.4160907507875084,0.4776256504255568,0.04517164083280809,8.784724058347825,27.97217805620913
Rand,-0.17729804861987417,0.6410272656819439,-0.24740502346254165,4.1339113717409255,50.79400559349547
Rand,0.2773859226436992,0.8325998878875074,-0.11282045947221206,1.7095465057837558,52.425739284235696
Rand,-0.5528911382436259,0.27528701507726094,0.21579441598629742,0.5890956537994909,64.54055478651293
Rand,-0.5461350061134592,0.2754310380294823,-0.07933146895709409,0.5506850179921903,40.65972822972187
Rand,-0.2560200805547218,0.21945995464344686,-0.01907866875768071,0.45484203826503244,36.90708074472847
Rand,0.34728472059784843,0.6762864496989949,0.05452781962024423,78.80607946786789,64.97405443595522
Rand,-0.32653291550177366,0.6290684305923084,-0.074020871266316,1.2566765556687103,74.20267147753755
Rand,-0.1704814438841098,0.2218900998370862,0.10943940138815678,78.84826376851022,68.99629323951781
Rand,-0.7657493159858809,0.5303817078385502,0.11282354431634149,0.6476098785872779,77.31211239524363
Rand,-0.4039047786415066,0.40152503068566603,-0.2157249523900335,0.7729893508906277,37.07421813731301
Rand,-0.3718642332448548,0.1508601535145906,0.031199064567236347,0.8504481088181319,65.69762948058984
Rand,0.16820143576692695,0.5402142827481936,-0.09635521715834205,2.316776461921639,39.93777320532635
Rand,-0.22164534313418532,0.8170667891435436,-0.0218290516981207,1.9334809494252927,68.82714114154493
Rand,0.4697083993167705,1.2655026094383772,0.08080666713443946,78.73108711060176,31.06281775558172
Rand,-0.4997009160193753,0.3457791201889002,0.05840574602067558,2.1772956242277117,45.50138671949651
Rand,0.21286604525645486,0.3389060047871136,-0.10914304077489263,2.1335601674862983,54.70668319734998
Rand,-0.18334044954762602,0.050385610394782475,-0.2304135852951509,0.2490977526921802,47.838015951518344
Rand,0.30201334519597056,0.3066615575352739,-0.21210396744617682,4.051641978497994,55.60101718541558
Rand,-0.27478831660582703,0.4183038666443826,-0.1582057306624693,1.1414921809504255,60.51779298259046
Rand,-0.5783722298692682,1.9619243026869522,0.1313162464175176,2.6168816481136976,66.39514080828731
Rand,-0.5337200785142943,0.2865906980092908,-0.13069080948987977,0.3662329818143171,49.18221682714787
Rand,0.3010933767315929,0.7321823663230191,-0.14484421067559172,6.042692115400124,59.902104635816244
Rand,-0.6641025298864192,0.1015536015655683,0.018691726627820364,0.5429713780781064,46.18722142470421
Rand,-0.5023096499963303,0.15277118365907089,-0.20706144753666814,0.2757888213362451,49.5197013527857
Rand,0.3406959394817775,0.6925125950217095,-0.17537979491262698,8.615039422917256,45.40336117373367
Rand,0.4299437806763172,0.3741344979956195,-0.04545036041993072,8.564836737176952,34.907824141228836
Rand,-0.45893779901808546,0.871989412238606,0.0050126338825964315,2.3464211434558524,35.60749446504737
Rand,0.4031750123364592,0.44385418945646915,-0.12139192659628067,8.691784906662058,34.48108935036019
Rand,-0.35827135064223103,0.3951773901693827,0.04330988627387869,1.4720478499856295,43.98127338741228
Rand,-0.25753828899613357,0.8845812078950732,-0.07963690245516393,6.716123100080423,50.698521658801624
Rand,-0.1905703704674311,0.46111660759631007,-0.17826124172819469,1.5193889457731262,49.25097731051412
Rand,-0.3682404296652844,0.2949224326967391,-0.09564251857711653,1.512454902838246,54.9864873255415
Rand,0.11366120420305084,0.620903206082237,-0.027504279273863886,5.3970891875727345,43.9691882198841
Rand,0.3564772989889656,0.6072715823120172,0.24737604713038655,2.112264318138144,27.573975777310057
Rand,-0.2587703222935375,0.1124114453766909,-0.09872703192171933,0.8926848862826254,55.2731099961831
Rand,-0.6341073946118498,0.48169698860968746,-0.007279273539580476,1.8212560440181615,33.25336361995641
Rand,-0.45286461924696075,1.3836742667139268,0.10053419976955738,5.53883054059964,45.49449949901413
Rand,-0.802877860847042,0.7886696078489597,0.309491361779619,0.715743755757486,72.42577060650406
Rand,-0.6968726811524717,0.529855396755095,0.10780233037525495,0.6201899294501971,37.7744723341347
Rand,-0.46601988166866204,0.9343474894994076,0.0384819001316322,2.68742297444614,40.38510748715176
Rand,0.6003658744602959,0.315971099350498,-0.14353534253613162,8.547162929008696,39.85326791353684
Rand,0.33297538027538515,0.5445946064094217,-0.16271445938521023,1.8458247126605205,55.112459334856986
Rand,-0.30910145663440713,0.6036182391386788,-0.016403223328302467,5.407329449224857,72.36827400850751
Rand,-0.45644708449504534,0.7796018883407643,-0.0438243442596588,2.6053060535400583,35.85735946060342
Rand,-0.11659897642001454,1.2467391877012786,0.027029972466139404,9.609624684280693,33.64801069787512
Rand,-0.2693054773167114,0.4412196632663532,0.041563701456169624,1.3892870672201323,37.88828610370077
Rand,-0.21491161663513236,0.5126238749040175,-0.0016776438489280593,5.360132195042432,54.77301804445759
Rand,0.4089833409301592,0.2786986233215819,-0.009116228914311748,2.4150175198554655,68.5434690494165
Rand,0.4376897430428778,0.39021281853230283,0.022722173725033133,8.482945056183784,43.66005335949033
Rand,-0.1831938655601142,0.18771789296961097,-0.2845604006655031,3.942938391362251,60.63162125026563
Rand,-0.34484894942318794,0.680103983633539,-0.11905440104242515,2.2523561373000094,45.67498532146288
Rand,-0.18502115633485214,0.4969224337083132,0.03996234017675965,8.638919012199546,33.40545730256616
Rand,0.26878261788687224,0.39374236815493907,-0.16873789308808468,1.5416435697057764,51.63237699497262
Rand,-0.35940398616172564,0.7578438198778963,-0.0013736667373077723,2.3524452128970417,75.33384623769363
Rand,-0.22003631364296874,1.1176137648226652,0.0021217242969784277,4.469020573681022,50.25535688679275
Rand,0.23931845877560654,0.3332849751685586,0.013762463384391103,1.1050609421489268,48.04409103498162
Rand,-0.6285572236230995,0.22528037725929323,0.18175187325284706,0.6175399193509366,45.59843060179339
Rand,0.1616745284946473,0.3963002370110538,0.043936122832285054,5.44178597989775,67.32001405681007
Rand,0.414234161048569,0.6100537848090513,-0.15908339235145155,8.502514849807948,56.75698763292753
Rand,-0.07362148927602644,0.22075265335775401,-0.12290201495438673,0.7093601851604309,55.70615775637221
Rand,-0.12101914567484895,0.18540585952358382,-0.23939591322441078,0.6086096331534037,39.27437434449349
Rand,0.31811804475943084,1.1394420597641546,-0.03353218363213605,2.41135244359299,53.22804702202557
Rand,-0.33226135471755713,0.9407329690874209,0.03163377506810372,2.2346295527480273,64.02380056292009
Rand,-0.18891338072732028,0.5315750145099484,-0.126343223090505,2.605515855008088,54.02134047488039
Rand,-0.49006901215165877,0.3108195638033592,0.12096087615773406,0.5457666362038421,33.82196256398422
Rand,0.24625199844718956,0.5723964467161096,-0.1160113316317694,1.2264003176398173,36.343308477770755
Rand,0.3502139410060237,0.8905216642523432,0.018662889730194063,4.0279822258037195,47.977892993826956
Rand,-0.4683144967760716,0.4227098191795922,-0.15789574942856163,0.5876090406479975,62.80224355542655
Rand,-0.23996274615869728,0.4935298662153997,0.027506834317632955,1.9404147202641915,62.18930636111069
Rand,0.1723347776590632,0.7937478128740473,-0.19867762469400416,6.469941440266165,57.36199272724537
Rand,-0.3567488395809817,0.16358552688803873,-0.029531210328444617,0.6226816146971614,60.66201939196626
Rand,-0.7460508798980094,0.3792901064707753,-0.09523423479989097,0.40568443278262145,48.71692801553067
Rand,-0.32373093574288775,1.9477867150797166,-0.03267895646983981,79.10579729138152,60.60145485059702
Rand,-0.5005355132469074,0.620771057151343,0.07403843636621046,1.17851504652419,28.133457859683354
Rand,0.40296850949936835,0.2464891632597422,-0.03057003122706518,1.286727030097226,52.8253269736051
Rand,0.2603361504430045,0.4955026394950717,-0.20900785348449658,6.66750925012479,62.87046901948317
Rand,-0.5862549843016102,0.2698634882330066,0.08230671592487102,0.5696780501958111,33.227710175897094
Rand,-0.1405833727259727,0.4772641949173881,-0.2017579431945398,4.453177490481016,57.07205953286979
Rand,-0.17119900484671785,0.593441493778415,0.0866975439105076,1.5118305280384645,33.91317708224405
Rand,-0.6677184334677623,0.9150131905315435,0.08329902748848564,1.676296749963309,47.03483183223941
Rand,-0.29524442015250973,0.4100021738602237,-0.19111734469397576,1.065104722359249,61.230773906504396
Rand,-0.2922334092105898,0.12767338368775052,-0.009178297662848785,0.4761884514772875,63.11251883956144
Rand,-0.28458872960317294,0.8538156962381654,0.20189968609354164,2.012806903334753,17.188980165385374
Rand,-0.29374071337215935,0.25072899422417444,-0.26625928689848444,1.3778574589808184,67.75596434079098
Rand,-0.2547397273171264,0.027288082769197912,-0.06723080253803736,0.21610707143388272,50.66710518570024
Rand,-0.14257057064475617,0.692824540150427,0.004512814125180311,4.452908977448761,64.74284662820999
Rand,-0.23768848985624963,0.3413163373705408,-0.22812600185921547,1.4177494655741232,65.68724508903183
Rand,-0.4678149577141477,0.6878244399953957,-0.10323314483594845,1.1921968496260344,64.30707006917703
Rand,-0.5079136848056416,0.24844284159768898,-0.12484529254811307,0.5038979772863241,51.688257919013004
Rand,0.5159719601318007,0.7221689481620364,-0.10397120679899986,2.5517809440365835,63.95166299626879
Rand,0.3182269303461433,0.704900962922814,-0.16830897120323277,5.405308440499878,56.23746945332464
Rand,-0.1000185234815982,0.06879575217318211,-0.09407526248883077,0.4035402462879507,53.92912777357808
Rand,-0.17265345687597672,0.17364251700069597,-0.16147063923917876,0.7150580519227772,54.890901924084304
Rand,0.28751656067987025,0.37553916852322944,-0.18516586447161537,3.7161959302374066,41.274269708172646
Rand,-0.6279306674342415,0.9513639511676131,0.11378015238846977,4.199852559445848,44.71245422449545
Rand,-0.17273017517795444,0.20646017421399523,-0.3178338400810307,0.5820249186504859,58.406178457800685
Rand,-0.3726508860693526,0.41743803990288064,-0.07565439343382452,0.9245627454170782,37.12756608918542
Rand,0.32461776966321865,0.5265233932878948,0.04570138102247335,3.742237697188844,29.747715397564946
Rand,-0.15327987935607362,0.9703026564884281,0.031233484760507652,2.506237543936339,40.09055935665334
Rand,0.15035662693044927,0.42741106521131045,-0.004082018606747293,3.805726919565064,64.64102916439813
Rand,-0.4356374926073653,0.9453242079810404,-0.0007860255002797257,4.224692990526343,77.28830347273484
Rand,-0.35491978858711226,0.368222010802027,-0.04692192204703926,2.3790628090290316,61.174786599141896
Rand,-0.26603852671981354,0.32798067731468217,-0.09881191198829153,4.1267896476470645,51.0852210226022
Rand,0.30236508925017946,0.20482003710821867,-0.1634577516471358,3.943832435007859,57.46666227568248
Rand,-0.30504130724628997,0.5522049258070227,0.033002092159077734,1.9473670185775043,44.3337066741349
Rand,0.12948102357032182,1.0159169536033295,0.023249024901802414,78.85671811739688,57.85589507503178
Rand,0.17098543676757005,0.38018582957515035,-0.10913133526683053,3.523370797690985,47.72593986217323
Rand,0.32809671522565387,0.19687680795241613,-0.045759529228604344,2.112670105863134,42.925898434688506
Rand,0.4107596709124741,0.42629748401772644,0.025619147619966334,1.996836521357765,36.834510554114566
Rand,-0.7498234259169727,0.09714062661880486,0.12623453008119254,0.3145757214270912,43.526644766454076
Rand,-0.5095985807075708,0.4027783390878234,-0.22251480583632718,0.6007884993342038,32.30244228340819
Rand,0.5483350203370164,0.29782371776876443,-0.010584842728321003,3.1308212441260963,51.16483235097906
Rand,-0.7921696669863555,1.1222134469663783,0.14717657470152976,1.1364838013457947,33.97117868115437
Rand,-0.5589450203330657,0.9565691656007104,-0.1325158009699688,2.20814547149813,29.878310394598063
Rand,-0.4703865778171414,0.5366561405384488,0.01144248436270595,2.517003958975269,64.48452926487678
Rand,-0.2736620393890812,0.22635794321915242,0.06519172281539133,0.5543514086669694,61.09666280802958
Rand,0.3596528850255065,0.3086951938556474,-0.17540906294860464,1.4126579970352093,42.45844662315733
Rand,0.4535849240612261,0.840591249082627,-0.14036886630178455,3.34137128959723,43.68775536582854
Rand,-0.4115512757412839,0.5429272365428228,-0.14504453895262379,0.5728720724079813,32.38513812649826
Rand,-0.38294010442113857,0.320830372625501,-0.1015161856938824,0.9957966953905729,53.22227828838364
Rand,-0.45879794540355956,0.5875368739620423,0.02122235742148244,2.551285938404847,43.99306920916401
Rand,-0.13823078048499757,0.19976765028149204,-0.24433449770558036,0.9657616537500244,54.25257924342611
Rand,0.38344187274821584,1.1768236752296464,-0.13369407872765923,8.929031664614978,52.50511353512428
Rand,-0.248649761015596,0.6950024743576713,-0.14135895553951902,4.452542059115825,57.5928365314135
Rand,-0.3869611025009123,0.06963080317837123,-0.2811531382226883,0.3794043248098795,58.57921868683158
Rand,-0.12199979045284837,0.2668258908906308,-0.13792648024068138,2.464267947334551,51.29769317974924
Rand,-0.29458670958232147,0.5703933824999285,0.1743401451207865,1.2568958643084416,37.28835321291448
Rand,-0.3150567964063868,0.18903555556060261,-0.23086721132677374,0.23507831895393969,49.80990123488819
Rand,-0.27066372425558344,0.44477450992051776,-0.06744165496682668,1.1686998450312955,30.939187878667546
Rand,0.5468578082095626,0.3108431012541653,-0.19752814534469926,2.065536402753594,55.616573696548684
Rand,-0.14883374789731357,0.5063051686549599,0.16935408591326026,0.5434532138920852,64.429024091475
Rand,-0.4332874249253432,0.24063211905024845,-0.13159128642404205,0.33418151946045427,56.06197181376127
Rand,0.25640850881687327,0.43319442100778505,-0.03204135902202224,0.7240938155724063,39.2486645518969
Rand,-0.32248947642416725,1.1377801732523631,0.15871559952462588,8.919400137397048,24.487057789595553
Rand,-0.4529184035613313,0.6529997382531673,0.018769037167432733,1.608725803272459,40.70617436461374
Rand,0.32050319722079446,0.5225810186469704,-0.23699301762325214,78.78359211719453,48.49693492111341
Rand,0.19307040707229498,0.28255992691881193,-0.007947695186816798,1.1961179092569751,48.18892769527371
Rand,0.1303524378016949,0.5625755953118083,-0.13073434684324695,1.3094480477000296,51.34024436436299
Rand,0.12191369799949645,1.1746016406968172,5.718075245111114e-05,78.87375863592263,40.70084304822865
Rand,0.2822116836088004,0.12445395486290937,-0.18458880551689955,0.31449528928152815,57.07171385007106
Rand,-0.18148325512237243,0.2837834146063178,-0.252755931201536,3.5169501825119642,50.696771821676165
Rand,-0.4195977321139678,0.39863104934682037,-0.0986268775566258,0.7252509915384386,58.03320740502122
Rand,-0.254404686714813,0.4323735969490029,-0.08655309059815425,1.7042995902501852,33.49469140250218
Rand,-0.5924462018359098,0.24031224256627345,0.0054500552769714,0.3447434231605029,36.26815798172394
Rand,-0.8761535499633097,1.0988913765767676,0.21609237420595795,0.8643401160677656,11.324479012510299
Rand,-0.2783350499705465,0.30633012601448284,0.019869313915762802,1.3802132646399174,61.21665084340556
Rand,-0.4587342447462016,0.8770033225803406,0.07953478488490896,2.1553762306536837,67.39382061476526
Rand,-0.18913975234279032,1.1082096391299798,-0.08154070790387849,1.9287301911156336,43.55684419663839
Rand,0.11817852817483171,0.25518466517620164,-0.08236120849244799,3.501383714800522,48.24625623497704
Rand,-0.7753213463910693,0.2770361103757494,-0.03775359019436693,0.6148169817327283,48.44899682733124
Rand,-0.48244269661698347,0.2038763192344193,0.11387579430397061,2.1352678268244216,44.961963979045585
Rand,-0.5837286456241213,0.7517322884077263,-0.10813405479299423,0.7393077279290425,50.61524057864698
Rand,-0.605098215962995,0.5420456368439808,0.10482039095898597,4.205526872453647,60.60750325902009
Rand,0.1673670025751802,0.028070954593097518,-0.03641865428645616,0.3750451635356553,52.16870292883484
Rand,-0.3090664894749789,0.26910373188016484,-0.18620408331319363,1.19404959453743,36.97956239705077
Rand,-0.7452375901762561,0.28385244460062314,0.05522573982656292,0.42947615162189545,42.1902777946782
Rand,0.11994612203298924,0.7736182565055286,0.023216948542124003,1.8138942774601727,56.57341045447198
Rand,-0.24828082884160446,0.2463732316735996,0.009504501553519633,2.1461040142859114,37.598396687274985
Rand,-0.9147445646651045,0.2285166018754504,0.2450696714012551,0.47131443308117615,54.49882007918932
Rand,0.17775008804761525,1.245263467178893,0.06613757247244248,5.5840782588059685,33.98191735918002
