Method,D,V,M,L,HT
Nmcs,0.06241074139211415,0.05478138536594655,-0.34318243266110604,0.3932292730555542,34.705040048472725
Nmcs,0.20954692084447735,0.028667498598512132,-0.12996879921562474,0.3059060139792851,38.764617360138736
Nmcs,-0.499160948568938,0.08232075947374166,-0.03832206631252991,0.5112831891327008,32.841519790262986
Nmcs,0.1249480571362607,0.1374995656712065,-0.02673419254187956,0.5460903639516484,31.423311050165413
Nmcs,-0.04701558353345002,0.3110209696396084,-0.12797826802592852,0.7190938415877544,75.51487983644324
Nmcs,-0.13457218399093004,0.121940357213942,-0.38244059599623426,0.4887437808199115,30.34559559219606
Nmcs,-0.4894270071997285,0.18116393867388975,-0.3583562524389626,0.2695124330817309,53.342822824203985
Nmcs,0.19510010726271998,0.03235523527524215,-0.05020331512473052,0.4129991359480785,31.97982743449241
Nmcs,-0.16565411332804464,0.03427752022499391,-0.14161708261444955,0.37170510921208383,37.97786480115631
Nmcs,-0.43175662596207387,0.2092643647147498,-0.270742408752866,0.3558267242579758,61.13826169239712
Nmcs,-0.038225465649281004,0.11774121708128156,-0.27643225873322036,0.36495750683529476,32.40828494433307
Nmcs,0.1355097517690262,0.37103398514475433,0.006450190288103255,1.7970290829394318,79.57567928698347
Nmcs,0.07068534882039906,0.1701105329401172,-0.2925661038046899,0.4809440651325342,25.053259487061347
Nmcs,0.20954692084447735,0.09469442387121006,-0.05109675407161321,0.4524201731885616,32.67633785566741
Nmcs,0.1249480571362607,0.1374995656712065,-0.02673419254187956,0.5460903639516484,31.423311050165413
Nmcs,0.20954692084447735,0.09469442387121006,-0.05109675407161321,0.4524201731885616,32.67633785566741
Nmcs,-0.16408185043401596,0.2753982285976536,-0.19973777403143989,0.8082232593589884,39.62875605720946
Nmcs,-0.24201211004569012,0.20520942232454975,-0.0602039623922664,0.48303840222425076,28.407069738218667
Nmcs,0.07803227315789456,0.10167163450215078,-0.28996105465042493,0.37196642655160017,31.56449173791633
Nmcs,0.22546158891835327,0.029129541713679756,-0.0946002707807128,0.3047150693410265,39.9330745113296
Nmcs,-0.16565411332804464,0.03427752022499391,-0.14161708261444955,0.37170510921208383,37.97786480115631
Nmcs,0.06827597199197702,0.21280941479300802,0.05837522899696445,0.5908285604345539,29.86873065247304
Nmcs,-0.4894270071997285,0.18116393867388975,-0.3583562524389626,0.2695124330817309,53.342822824203985
Nmcs,-0.16408185043401596,0.2753982285976536,-0.19973777403143989,0.8082232593589884,39.62875605720946
Nmcs,0.2827376982947997,0.09469442387121006,-0.0270881143567327,0.4322571310431388,30.768154918355563
Nmcs,0.041648240955310535,0.04958928443464666,-0.08995549421371021,0.41728682121660915,32.108798351366225
Nmcs,0.06241074139211415,0.05478138536594655,-0.34318243266110604,0.3932292730555542,34.705040048472725
Nmcs,-0.23952329778815368,0.187564758983052,-0.1639818981675589,0.4891984039422403,33.05257223468598
Nmcs,0.1701857241299225,0.025195450005128343,-0.10184068654545293,0.3011637955690317,41.14474702746645
Nmcs,0.05776736800274648,0.0683544775769332,-0.08242232644220682,0.4055501308457672,32.86605282042136
Nmcs,-0.26148960541541616,0.10218887865168672,-0.41360312044883596,0.36379910801885007,33.814741942181634
Nmcs,0.2827376982947997,0.09469442387121006,-0.0270881143567327,0.4322571310431388,30.768154918355563
Nmcs,-0.1718493844652409,0.1583243449109601,-0.21577897227941237,0.38218698045799326,59.19182139166334
Nmcs,0.20954692084447735,0.09469442387121006,-0.05109675407161321,0.4524201731885616,32.67633785566741
Nmcs,-0.24201211004569012,0.20520942232454975,-0.0602039623922664,0.48303840222425076,28.407069738218667
Nmcs,0.1355097517690262,0.37103398514475433,0.006450190288103255,1.7970290829394318,79.57567928698347
Nmcs,-0.24201211004569012,0.20520942232454975,-0.0602039623922664,0.48303840222425076,28.407069738218667
Nmcs,0.05815711704862324,0.2770438061302085,-0.2837536604676978,0.7097954816301889,74.77933211592688
Nmcs,-0.16565411332804464,0.03427752022499391,-0.14161708261444955,0.37170510921208383,37.97786480115631
Nmcs,-0.24201211004569012,0.20520942232454975,-0.0602039623922664,0.48303840222425076,28.407069738218667
Nmcs,-0.1718493844652409,0.1583243449109601,-0.21577897227941237,0.38218698045799326,59.19182139166334
Nmcs,0.05776736800274648,0.0683544775769332,-0.08242232644220682,0.4055501308457672,32.86605282042136
Nmcs,0.18770792516270632,0.13101903269545828,-0.1161870464442096,0.5105036593166629,28.244087777939995
Nmcs,0.20954692084447735,0.09469442387121006,-0.05109675407161321,0.4524201731885616,32.67633785566741
Nmcs,0.1701857241299225,0.025195450005128343,-0.10184068654545293,0.3011637955690317,41.14474702746645
Nmcs,0.15824033227569448,0.08277074618418065,-0.27005734529972913,0.44032213998004804,26.845657022352015
Nmcs,0.23918383895493955,0.13154632827453552,-0.32973992592931917,0.3114369551280884,36.5244671297633
Nmcs,-0.4174715890733641,0.09033929592737423,-0.1057408108411956,0.49782204447819606,27.64325297044849
Nmcs,-0.04701558353345002,0.3110209696396084,-0.12797826802592852,0.7190938415877544,75.51487983644324
Nmcs,-0.09954416642238634,0.054331089261437496,-0.12292561819301845,0.3790810000965625,37.251656270036044
Nmcs,-0.4174715890733641,0.09033929592737423,-0.1057408108411956,0.49782204447819606,27.64325297044849
Nmcs,-0.570478709565692,0.06355931112525769,-0.050589812803645204,0.4806837653951345,30.046797416984056
Nmcs,-0.23981146051552282,0.2498037892150955,-0.055949282056478755,0.39367913069511024,52.1899105784831
Nmcs,0.1355097517690262,0.37103398514475433,0.006450190288103255,1.7970290829394318,79.57567928698347
Nmcs,0.20954692084447735,0.028667498598512132,-0.12996879921562474,0.3059060139792851,38.764617360138736
Nmcs,0.06827597199197702,0.21280941479300802,0.05837522899696445,0.5908285604345539,29.86873065247304
Nmcs,0.041648240955310535,0.04958928443464666,-0.08995549421371021,0.41728682121660915,32.108798351366225
Nmcs,-0.13457218399093004,0.121940357213942,-0.38244059599623426,0.4887437808199115,30.34559559219606
Nmcs,-0.047515479207247566,0.36166513622193563,0.004491383068070867,1.5824300211237778,90.83125906996813
Nmcs,0.07803227315789456,0.10167163450215078,-0.28996105465042493,0.37196642655160017,31.56449173791633
Nmcs,0.15391939653116912,0.15350415028288017,-0.24019052139299715,0.5005851427235213,27.841674528404326
Nmcs,0.07803227315789456,0.10167163450215078,-0.28996105465042493,0.37196642655160017,31.56449173791633
Nmcs,0.05776736800274648,0.0683544775769332,-0.08242232644220682,0.4055501308457672,32.86605282042136
Nmcs,0.20954692084447735,0.09469442387121006,-0.05109675407161321,0.4524201731885616,32.67633785566741
Nmcs,-0.16408185043401596,0.2753982285976536,-0.19973777403143989,0.8082232593589884,39.62875605720946
Nmcs,-0.038225465649281004,0.11774121708128156,-0.27643225873322036,0.36495750683529476,32.40828494433307
Nmcs,0.23918383895493955,0.13154632827453552,-0.32973992592931917,0.3114369551280884,36.5244671297633
Nmcs,-0.23952329778815368,0.187564758983052,-0.1639818981675589,0.4891984039422403,33.05257223468598
Nmcs,0.20954692084447735,0.09469442387121006,-0.05109675407161321,0.4524201731885616,32.67633785566741
Nmcs,0.19510010726271998,0.03235523527524215,-0.05020331512473052,0.4129991359480785,31.97982743449241
Nmcs,-0.2763332867139311,0.28999806456538113,-0.26476140679843274,0.4950997298189461,51.88486002171497
Nmcs,-0.1718493844652409,0.1583243449109601,-0.21577897227941237,0.38218698045799326,59.19182139166334
Nmcs,-0.6270478916216273,0.06477970106014087,-0.04146210084487965,0.498207482799353,31.873766055496144
Nmcs,0.22546158891835327,0.029129541713679756,-0.0946002707807128,0.3047150693410265,39.9330745113296
Nmcs,-0.4174715890733641,0.09033929592737423,-0.1057408108411956,0.49782204447819606,27.64325297044849
Nmcs,-0.19504658218462548,0.11797062948483046,-0.04154912458820965,0.22119530942420113,52.04295856340018
Nmcs,0.3551977360750783,0.12279427079356744,-0.23393636487786162,6.7641898424021045,295.90831256751966
Nmcs,-0.23952329778815368,0.187564758983052,-0.1639818981675589,0.4891984039422403,33.05257223468598
Nmcs,0.20954692084447735,0.028667498598512132,-0.12996879921562474,0.3059060139792851,38.764617360138736
Nmcs,0.15391939653116912,0.15350415028288017,-0.24019052139299715,0.5005851427235213,27.841674528404326
Nmcs,-0.22242481605434847,0.41380466930748694,0.05556746918464201,1.3527313852018628,96.9745672851754
Nmcs,0.19510010726271998,0.03235523527524215,-0.05020331512473052,0.4129991359480785,31.97982743449241
Nmcs,0.20954692084447735,0.09469442387121006,-0.05109675407161321,0.4524201731885616,32.67633785566741
Nmcs,-0.16565411332804464,0.03427752022499391,-0.14161708261444955,0.37170510921208383,37.97786480115631
Nmcs,-0.038225465649281004,0.11774121708128156,-0.27643225873322036,0.36495750683529476,32.40828494433307
Nmcs,-0.24201211004569012,0.20520942232454975,-0.0602039623922664,0.48303840222425076,28.407069738218667
Nmcs,-0.4894270071997285,0.18116393867388975,-0.3583562524389626,0.2695124330817309,53.342822824203985
Nmcs,-0.499160948568938,0.08232075947374166,-0.03832206631252991,0.5112831891327008,32.841519790262986
Nmcs,0.22546158891835327,0.029129541713679756,-0.0946002707807128,0.3047150693410265,39.9330745113296
Nmcs,0.15824033227569448,0.08277074618418065,-0.27005734529972913,0.44032213998004804,26.845657022352015
Nmcs,0.05776736800274648,0.0683544775769332,-0.08242232644220682,0.4055501308457672,32.86605282042136
Nmcs,-0.23952329778815368,0.187564758983052,-0.1639818981675589,0.4891984039422403,33.05257223468598
Nmcs,0.27214743356190196,0.08838138157326947,-0.2539412225716781,1.1881787444252898,90.95121780105288
Nmcs,-0.499160948568938,0.08232075947374166,-0.03832206631252991,0.5112831891327008,32.841519790262986
Nmcs,-0.43175662596207387,0.2092643647147498,-0.270742408752866,0.3558267242579758,61.13826169239712
Nmcs,-0.23952329778815368,0.187564758983052,-0.1639818981675589,0.4891984039422403,33.05257223468598
Nmcs,0.18770792516270632,0.13101903269545828,-0.1161870464442096,0.5105036593166629,28.244087777939995
Nmcs,-0.23952329778815368,0.187564758983052,-0.1639818981675589,0.4891984039422403,33.05257223468598
Nmcs,0.24138206910925522,0.06972818397192394,-0.2537357491605888,1.2011889365297073,91.95121882518146
Nmcs,0.22546158891835327,0.029129541713679756,-0.0946002707807128,0.3047150693410265,39.9330745113296
Nmcs,-0.2763332867139311,0.28999806456538113,-0.26476140679843274,0.4950997298189461,51.88486002171497
Nmcs,0.21149228880621496,0.11055425980131058,-0.1050623264285201,1.3249272851741818,92.06325395201584
Nmcs,0.24138206910925522,0.06972818397192394,-0.2537357491605888,1.2011889365297073,91.95121882518146
Nmcs,-0.3864159787464152,0.2638223112480955,-0.28089837337703977,1.2179403046469284,81.38112562942703
Nmcs,0.20954692084447735,0.028667498598512132,-0.12996879921562474,0.3059060139792851,38.764617360138736
Nmcs,-0.6270478916216273,0.06477970106014087,-0.04146210084487965,0.498207482799353,31.873766055496144
Nmcs,-0.1718493844652409,0.1583243449109601,-0.21577897227941237,0.38218698045799326,59.19182139166334
Nmcs,-0.6270478916216273,0.06477970106014087,-0.04146210084487965,0.498207482799353,31.873766055496144
Nmcs,0.16977913815945578,0.11447897968495571,-0.039544113275903445,0.5098378702615143,31.423311050165413
Nmcs,0.06827597199197702,0.21280941479300802,0.05837522899696445,0.5908285604345539,29.86873065247304
Nmcs,-0.13713816647679927,0.266907570881715,-0.25880305985575675,0.6131573095564088,46.57353038513201
Nmcs,-0.23952329778815368,0.187564758983052,-0.1639818981675589,0.4891984039422403,33.05257223468598
Nmcs,0.1249480571362607,0.1374995656712065,-0.02673419254187956,0.5460903639516484,31.423311050165413
Nmcs,0.06241074139211415,0.05478138536594655,-0.34318243266110604,0.3932292730555542,34.705040048472725
Nmcs,-0.16565411332804464,0.03427752022499391,-0.14161708261444955,0.37170510921208383,37.97786480115631
Nmcs,0.05776736800274648,0.0683544775769332,-0.08242232644220682,0.4055501308457672,32.86605282042136
Nmcs,-0.570478709565692,0.06355931112525769,-0.050589812803645204,0.4806837653951345,30.046797416984056
Nmcs,-0.04701558353345002,0.3110209696396084,-0.12797826802592852,0.7190938415877544,75.51487983644324
Nmcs,-0.4174715890733641,0.09033929592737423,-0.1057408108411956,0.49782204447819606,27.64325297044849
Nmcs,-0.570478709565692,0.06355931112525769,-0.050589812803645204,0.4806837653951345,30.046797416984056
Nmcs,0.23918383895493955,0.13154632827453552,-0.32973992592931917,0.3114369551280884,36.5244671297633
Nmcs,-0.23981146051552282,0.2498037892150955,-0.055949282056478755,0.39367913069511024,52.1899105784831
Nmcs,-0.23981146051552282,0.2498037892150955,-0.055949282056478755,0.39367913069511024,52.1899105784831
Nmcs,-0.6270478916216273,0.06477970106014087,-0.04146210084487965,0.498207482799353,31.873766055496144
Nmcs,-0.570478709565692,0.06355931112525769,-0.050589812803645204,0.4806837653951345,30.046797416984056
Nmcs,-0.24201211004569012,0.20520942232454975,-0.0602039623922664,0.48303840222425076,28.407069738218667
Nmcs,0.2827376982947997,0.09469442387121006,-0.0270881143567327,0.4322571310431388,30.768154918355563
Nmcs,-0.2563102159237933,0.2859650481348199,-0.1610422965608176,0.651308001787898,43.573969438373446
Nmcs,0.16977913815945578,0.11447897968495571,-0.039544113275903445,0.5098378702615143,31.423311050165413
Nmcs,-0.4174715890733641,0.09033929592737423,-0.1057408108411956,0.49782204447819606,27.64325297044849
Nmcs,0.19510010726271998,0.03235523527524215,-0.05020331512473052,0.4129991359480785,31.97982743449241
Nmcs,0.23918383895493955,0.13154632827453552,-0.32973992592931917,0.3114369551280884,36.5244671297633
Nmcs,0.20954692084447735,0.028667498598512132,-0.12996879921562474,0.3059060139792851,38.764617360138736
Nmcs,0.23918383895493955,0.13154632827453552,-0.32973992592931917,0.3114369551280884,36.5244671297633
Nmcs,0.16977913815945578,0.11447897968495571,-0.039544113275903445,0.5098378702615143,31.423311050165413
Nmcs,0.2827376982947997,0.09469442387121006,-0.0270881143567327,0.4322571310431388,30.768154918355563
Nmcs,0.14170100498893207,0.26676947037051824,-0.23217275542904142,18.529877716237415,240.4128763975567
Nmcs,0.06241074139211415,0.05478138536594655,-0.34318243266110604,0.3932292730555542,34.705040048472725
Nmcs,0.21149228880621496,0.11055425980131058,-0.1050623264285201,1.3249272851741818,92.06325395201584
Nmcs,-0.047515479207247566,0.36166513622193563,0.004491383068070867,1.5824300211237778,90.83125906996813
Nmcs,-0.04701558353345002,0.3110209696396084,-0.12797826802592852,0.7190938415877544,75.51487983644324
Nmcs,0.05776736800274648,0.0683544775769332,-0.08242232644220682,0.4055501308457672,32.86605282042136
Nmcs,0.18770792516270632,0.13101903269545828,-0.1161870464442096,0.5105036593166629,28.244087777939995
Nmcs,-0.499160948568938,0.08232075947374166,-0.03832206631252991,0.5112831891327008,32.841519790262986
Nmcs,-0.23952329778815368,0.187564758983052,-0.1639818981675589,0.4891984039422403,33.05257223468598
Nmcs,0.19510010726271998,0.03235523527524215,-0.05020331512473052,0.4129991359480785,31.97982743449241
Nmcs,-0.43175662596207387,0.2092643647147498,-0.270742408752866,0.3558267242579758,61.13826169239712
Nmcs,-0.23952329778815368,0.187564758983052,-0.1639818981675589,0.4891984039422403,33.05257223468598
Nmcs,-0.6270478916216273,0.06477970106014087,-0.04146210084487965,0.498207482799353,31.873766055496144
Nmcs,0.19510010726271998,0.03235523527524215,-0.05020331512473052,0.4129991359480785,31.97982743449241
Nmcs,0.1249480571362607,0.1374995656712065,-0.02673419254187956,0.5460903639516484,31.423311050165413
Nmcs,-0.26148960541541616,0.10218887865168672,-0.41360312044883596,0.36379910801885007,33.814741942181634
Nmcs,-0.23952329778815368,0.187564758983052,-0.1639818981675589,0.4891984039422403,33.05257223468598
Nmcs,0.15824033227569448,0.08277074618418065,-0.27005734529972913,0.44032213998004804,26.845657022352015
Nmcs,-0.038225465649281004,0.11774121708128156,-0.27643225873322036,0.36495750683529476,32.40828494433307
Nmcs,-0.2563102159237933,0.2859650481348199,-0.1610422965608176,0.651308001787898,43.573969438373446
Nmcs,-0.5344386851113117,0.10661213918923676,-0.13636604526418736,0.5149475498752303,33.91022287856313
Nmcs,-0.33489625350196206,0.22911583895147797,-0.31054367551145623,1.213040904711882,86.08920957559245
Nmcs,-0.24201211004569012,0.20520942232454975,-0.0602039623922664,0.48303840222425076,28.407069738218667
Nmcs,-0.10409533143919764,0.10771244540996039,-0.24238194100632182,0.4211239995260053,34.433212586288164
Nmcs,0.20954692084447735,0.09469442387121006,-0.05109675407161321,0.4524201731885616,32.67633785566741
Nmcs,-0.499160948568938,0.08232075947374166,-0.03832206631252991,0.5112831891327008,32.841519790262986
Nmcs,0.15824033227569448,0.08277074618418065,-0.27005734529972913,0.44032213998004804,26.845657022352015
Nmcs,0.2827376982947997,0.09469442387121006,-0.0270881143567327,0.4322571310431388,30.768154918355563
Nmcs,0.07803227315789456,0.10167163450215078,-0.28996105465042493,0.37196642655160017,31.56449173791633
Nmcs,0.23918383895493955,0.13154632827453552,-0.32973992592931917,0.3114369551280884,36.5244671297633
Nmcs,0.05776736800274648,0.0683544775769332,-0.08242232644220682,0.4055501308457672,32.86605282042136
Nmcs,0.2827376982947997,0.04304839660091854,-0.11148613156118106,0.2990936709309405,36.37637047664221
Nmcs,-0.570478709565692,0.06355931112525769,-0.050589812803645204,0.4806837653951345,30.046797416984056
Nmcs,-0.4894270071997285,0.18116393867388975,-0.3583562524389626,0.2695124330817309,53.342822824203985
Nmcs,0.16977913815945578,0.11447897968495571,-0.039544113275903445,0.5098378702615143,31.423311050165413
Nmcs,-0.43175662596207387,0.2092643647147498,-0.270742408752866,0.3558267242579758,61.13826169239712
Nmcs,0.041648240955310535,0.04958928443464666,-0.08995549421371021,0.41728682121660915,32.108798351366225
Nmcs,0.15824033227569448,0.08277074618418065,-0.27005734529972913,0.44032213998004804,26.845657022352015
Nmcs,-0.19504658218462548,0.11797062948483046,-0.04154912458820965,0.22119530942420113,52.04295856340018
Nmcs,0.23918383895493955,0.13154632827453552,-0.32973992592931917,0.3114369551280884,36.5244671297633
Nmcs,-0.11952323000995337,0.052896471488475615,-0.3472468914224385,0.4082772365892257,36.566152707145136
Nmcs,-0.1718493844652409,0.1583243449109601,-0.21577897227941237,0.38218698045799326,59.19182139166334
Nmcs,0.17363212445982337,0.020181547302984222,-0.13760697944804945,0.2788105448524203,34.27136351374131
Nmcs,-0.14489877642089946,0.14577911161779827,-0.08254008438581968,0.3661079796963322,56.91120994155689
Nmcs,-0.4894270071997285,0.18116393867388975,-0.3583562524389626,0.2695124330817309,53.342822824203985
Nmcs,-0.09954416642238634,0.054331089261437496,-0.12292561819301845,0.3790810000965625,37.251656270036044
Nmcs,-0.4174715890733641,0.09033929592737423,-0.1057408108411956,0.49782204447819606,27.64325297044849
Nmcs,0.15824033227569448,0.08277074618418065,-0.27005734529972913,0.44032213998004804,26.845657022352015
Nmcs,-0.23952329778815368,0.187564758983052,-0.1639818981675589,0.4891984039422403,33.05257223468598
Nmcs,-0.14489877642089946,0.14577911161779827,-0.08254008438581968,0.3661079796963322,56.91120994155689
Nmcs,-0.24201211004569012,0.20520942232454975,-0.0602039623922664,0.48303840222425076,28.407069738218667
Nmcs,0.23918383895493955,0.13154632827453552,-0.32973992592931917,0.3114369551280884,36.5244671297633
Nmcs,0.19510010726271998,0.03235523527524215,-0.05020331512473052,0.4129991359480785,31.97982743449241
Nmcs,-0.07178468975677677,0.12372380109530715,-0.38018353635103247,0.34081245792149895,35.87743129431864
Nmcs,-0.0836646286301983,0.13957190278517653,-0.1581713697429619,0.3608786692603935,56.210743625789775
Nmcs,-0.08031387490552742,0.4036980382882073,0.02618193928408471,1.3784256546275864,100.96581330867815
Nmcs,-0.1718493844652409,0.1583243449109601,-0.21577897227941237,0.38218698045799326,59.19182139166334
Nmcs,-0.4141486197670331,0.15262820398145355,-0.3578343308293753,0.359138689820547,56.68883532751475
Nmcs,-0.2763332867139311,0.28999806456538113,-0.26476140679843274,0.4950997298189461,51.88486002171497
Nmcs,-0.22420664045850766,0.2710991931585258,-0.130082454953809,0.4934669604494853,50.95303027561634
Nmcs,-0.22242481605434847,0.41380466930748694,0.05556746918464201,1.3527313852018628,96.9745672851754
Nmcs,0.06241074139211415,0.05478138536594655,-0.34318243266110604,0.3932292730555542,34.705040048472725
Nmcs,0.15824033227569448,0.08277074618418065,-0.27005734529972913,0.44032213998004804,26.845657022352015
Nmcs,-0.19504658218462548,0.11797062948483046,-0.04154912458820965,0.22119530942420113,52.04295856340018
Nmcs,-0.2563102159237933,0.2859650481348199,-0.1610422965608176,0.651308001787898,43.573969438373446
Nmcs,-0.04701558353345002,0.3110209696396084,-0.12797826802592852,0.7190938415877544,75.51487983644324
Nmcs,-0.6270478916216273,0.06477970106014087,-0.04146210084487965,0.498207482799353,31.873766055496144
Nmcs,0.18770792516270632,0.13101903269545828,-0.1161870464442096,0.5105036593166629,28.244087777939995
Nmcs,-0.24201211004569012,0.20520942232454975,-0.0602039623922664,0.48303840222425076,28.407069738218667
Nmcs,0.06827597199197702,0.21280941479300802,0.05837522899696445,0.5908285604345539,29.86873065247304
Nmcs,-0.570478709565692,0.06355931112525769,-0.050589812803645204,0.4806837653951345,30.046797416984056
Nmcs,-0.24201211004569012,0.20520942232454975,-0.0602039623922664,0.48303840222425076,28.407069738218667
Nmcs,-0.43175662596207387,0.2092643647147498,-0.270742408752866,0.3558267242579758,61.13826169239712
Nmcs,0.17363212445982337,0.020181547302984222,-0.13760697944804945,0.2788105448524203,34.27136351374131
Nmcs,-0.499160948568938,0.08232075947374166,-0.03832206631252991,0.5112831891327008,32.841519790262986
Nmcs,-0.23952329778815368,0.187564758983052,-0.1639818981675589,0.4891984039422403,33.05257223468598
Nmcs,-0.23981146051552282,0.2498037892150955,-0.055949282056478755,0.39367913069511024,52.1899105784831
Nmcs,0.21149228880621496,0.11055425980131058,-0.1050623264285201,1.3249272851741818,92.06325395201584
Nmcs,-0.16565411332804464,0.03427752022499391,-0.14161708261444955,0.37170510921208383,37.97786480115631
Nmcs,-0.24201211004569012,0.20520942232454975,-0.0602039623922664,0.48303840222425076,28.407069738218667
Nmcs,-0.22420664045850766,0.2710991931585258,-0.130082454953809,0.4934669604494853,50.95303027561634
Nmcs,-0.2763332867139311,0.28999806456538113,-0.26476140679843274,0.4950997298189461,51.88486002171497
Nmcs,0.2827376982947997,0.09469442387121006,-0.0270881143567327,0.4322571310431388,30.768154918355563
Nmcs,-0.22242481605434847,0.41380466930748694,0.05556746918464201,1.3527313852018628,96.9745672851754
Nmcs,0.1355097517690262,0.37103398514475433,0.006450190288103255,1.7970290829394318,79.57567928698347
Nmcs,-0.1718493844652409,0.1583243449109601,-0.21577897227941237,0.38218698045799326,59.19182139166334
Nmcs,0.15824033227569448,0.08277074618418065,-0.27005734529972913,0.44032213998004804,26.845657022352015
Nmcs,-0.24201211004569012,0.20520942232454975,-0.0602039623922664,0.48303840222425076,28.407069738218667
Nmcs,0.05776736800274648,0.0683544775769332,-0.08242232644220682,0.4055501308457672,32.86605282042136
Nmcs,0.16977913815945578,0.11447897968495571,-0.039544113275903445,0.5098378702615143,31.423311050165413
Nmcs,0.23918383895493955,0.13154632827453552,-0.32973992592931917,0.3114369551280884,36.5244671297633
Nmcs,0.15391939653116912,0.15350415028288017,-0.24019052139299715,0.5005851427235213,27.841674528404326
Nmcs,-0.27010661804779984,0.1520139608409093,-0.23207047490612995,0.20853666759191067,47.61686705879829
Nmcs,0.20954692084447735,0.09469442387121006,-0.05109675407161321,0.4524201731885616,32.67633785566741
Nmcs,0.1355097517690262,0.37103398514475433,0.006450190288103255,1.7970290829394318,79.57567928698347
Nmcs,-0.261787385374251,0.11412172306719481,-0.09441835822212462,0.23494300636907414,53.86353077686444
Nmcs,-0.5373386127817003,0.054718936462232595,-0.058492976189920484,0.4922752081468178,33.63575055499928
Nmcs,0.18770792516270632,0.13101903269545828,-0.1161870464442096,0.5105036593166629,28.244087777939995
Nmcs,-0.23952329778815368,0.187564758983052,-0.1639818981675589,0.4891984039422403,33.05257223468598
Nmcs,0.18770792516270632,0.13101903269545828,-0.1161870464442096,0.5105036593166629,28.244087777939995
Nmcs,0.06827597199197702,0.21280941479300802,0.05837522899696445,0.5908285604345539,29.86873065247304
Nmcs,0.23918383895493955,0.13154632827453552,-0.32973992592931917,0.3114369551280884,36.5244671297633
Nmcs,-0.6270478916216273,0.06477970106014087,-0.04146210084487965,0.498207482799353,31.873766055496144
Nmcs,-0.19504658218462548,0.11797062948483046,-0.04154912458820965,0.22119530942420113,52.04295856340018
Nmcs,0.06827597199197702,0.21280941479300802,0.05837522899696445,0.5908285604345539,29.86873065247304
Nmcs,-0.1020630737896154,0.40238056065198363,0.022709123646341967,1.6130598732212373,90.38373253515329
Nmcs,-0.4894270071997285,0.18116393867388975,-0.3583562524389626,0.2695124330817309,53.342822824203985
Nmcs,0.15824033227569448,0.08277074618418065,-0.27005734529972913,0.44032213998004804,26.845657022352015
Nmcs,-0.047515479207247566,0.36166513622193563,0.004491383068070867,1.5824300211237778,90.83125906996813
Nmcs,-0.04701558353345002,0.3110209696396084,-0.12797826802592852,0.7190938415877544,75.51487983644324
Nmcs,-0.038225465649281004,0.11774121708128156,-0.27643225873322036,0.36495750683529476,32.40828494433307
Nmcs,0.05776736800274648,0.0683544775769332,-0.08242232644220682,0.4055501308457672,32.86605282042136
Nmcs,-0.13713816647679927,0.266907570881715,-0.25880305985575675,0.6131573095564088,46.57353038513201
Nmcs,-0.24201211004569012,0.20520942232454975,-0.0602039623922664,0.48303840222425076,28.407069738218667
Nmcs,0.06241074139211415,0.05478138536594655,-0.34318243266110604,0.3932292730555542,34.705040048472725
Nmcs,0.3015230956372361,0.2299657451053136,-0.26569266976582884,2.5416820880165125,47.25394527290666
Nmcs,-0.14489877642089946,0.14577911161779827,-0.08254008438581968,0.3661079796963322,56.91120994155689
Nmcs,-0.14489877642089946,0.14577911161779827,-0.08254008438581968,0.3661079796963322,56.91120994155689
Nmcs,-0.038225465649281004,0.11774121708128156,-0.27643225873322036,0.36495750683529476,32.40828494433307
Nmcs,-0.13713816647679927,0.266907570881715,-0.25880305985575675,0.6131573095564088,46.57353038513201
Nmcs,-0.23952329778815368,0.187564758983052,-0.1639818981675589,0.4891984039422403,33.05257223468598
Nmcs,0.06241074139211415,0.05478138536594655,-0.34318243266110604,0.3932292730555542,34.705040048472725
Nmcs,0.06241074139211415,0.05478138536594655,-0.34318243266110604,0.3932292730555542,34.705040048472725
Nmcs,0.2827376982947997,0.09469442387121006,-0.0270881143567327,0.4322571310431388,30.768154918355563
Nmcs,-0.07178468975677677,0.12372380109530715,-0.38018353635103247,0.34081245792149895,35.87743129431864
Nmcs,-0.570478709565692,0.06355931112525769,-0.050589812803645204,0.4806837653951345,30.046797416984056
Nmcs,-0.13457218399093004,0.121940357213942,-0.38244059599623426,0.4887437808199115,30.34559559219606
Nmcs,0.18770792516270632,0.13101903269545828,-0.1161870464442096,0.5105036593166629,28.244087777939995
Nmcs,-0.19504658218462548,0.11797062948483046,-0.04154912458820965,0.22119530942420113,52.04295856340018
Nmcs,-0.3864159787464152,0.2638223112480955,-0.28089837337703977,1.2179403046469284,81.38112562942703
Nmcs,-0.038225465649281004,0.11774121708128156,-0.27643225873322036,0.36495750683529476,32.40828494433307
Nmcs,0.07068534882039906,0.1701105329401172,-0.2925661038046899,0.4809440651325342,25.053259487061347
Nmcs,-0.14396849279481855,0.10141025306796318,-0.11301432516136914,0.20442271383486332,50.81257992658726
Nmcs,-0.4894270071997285,0.18116393867388975,-0.3583562524389626,0.2695124330817309,53.342822824203985
Nmcs,-0.43175662596207387,0.2092643647147498,-0.270742408752866,0.3558267242579758,61.13826169239712
Nmcs,-0.13713816647679927,0.266907570881715,-0.25880305985575675,0.6131573095564088,46.57353038513201
Nmcs,0.16977913815945578,0.11447897968495571,-0.039544113275903445,0.5098378702615143,31.423311050165413
Nmcs,0.06241074139211415,0.05478138536594655,-0.34318243266110604,0.3932292730555542,34.705040048472725
Nmcs,-0.570478709565692,0.06355931112525769,-0.050589812803645204,0.4806837653951345,30.046797416984056
Nmcs,-0.4894270071997285,0.18116393867388975,-0.3583562524389626,0.2695124330817309,53.342822824203985
Nmcs,0.23918383895493955,0.13154632827453552,-0.32973992592931917,0.3114369551280884,36.5244671297633
Nmcs,0.16977913815945578,0.11447897968495571,-0.039544113275903445,0.5098378702615143,31.423311050165413
Nmcs,-0.20033471882843154,0.10858412831873884,-0.37721419478510343,0.3863512071523102,33.670377929525465
Nmcs,-0.07178468975677677,0.12372380109530715,-0.38018353635103247,0.34081245792149895,35.87743129431864
Nmcs,-0.09954416642238634,0.054331089261437496,-0.12292561819301845,0.3790810000965625,37.251656270036044
Nmcs,-0.33489625350196206,0.22911583895147797,-0.31054367551145623,1.213040904711882,86.08920957559245
Nmcs,0.19510010726271998,0.03235523527524215,-0.05020331512473052,0.4129991359480785,31.97982743449241
Nmcs,0.17363212445982337,0.020181547302984222,-0.13760697944804945,0.2788105448524203,34.27136351374131
Nmcs,-0.19504658218462548,0.11797062948483046,-0.04154912458820965,0.22119530942420113,52.04295856340018
Nmcs,0.23918383895493955,0.13154632827453552,-0.32973992592931917,0.3114369551280884,36.5244671297633
Nmcs,0.07803227315789456,0.10167163450215078,-0.28996105465042493,0.37196642655160017,31.56449173791633
Nmcs,0.19510010726271998,0.03235523527524215,-0.05020331512473052,0.4129991359480785,31.97982743449241
Nmcs,-0.43175662596207387,0.2092643647147498,-0.270742408752866,0.3558267242579758,61.13826169239712
Nmcs,0.041648240955310535,0.04958928443464666,-0.08995549421371021,0.41728682121660915,32.108798351366225
Nmcs,0.1355097517690262,0.37103398514475433,0.006450190288103255,1.7970290829394318,79.57567928698347
Nmcs,0.1872058477799151,0.2672938743174737,-0.29463434695600876,2.543665504331569,50.200500889645625
Nmcs,0.21149228880621496,0.11055425980131058,-0.1050623264285201,1.3249272851741818,92.06325395201584
Nmcs,0.2827376982947997,0.09469442387121006,-0.0270881143567327,0.4322571310431388,30.768154918355563
Nmcs,-0.16565411332804464,0.03427752022499391,-0.14161708261444955,0.37170510921208383,37.97786480115631
Nmcs,0.15391939653116912,0.15350415028288017,-0.24019052139299715,0.5005851427235213,27.841674528404326
Nmcs,-0.19504658218462548,0.11797062948483046,-0.04154912458820965,0.22119530942420113,52.04295856340018
Nmcs,-0.23952329778815368,0.187564758983052,-0.1639818981675589,0.4891984039422403,33.05257223468598
Nmcs,0.21149228880621496,0.11055425980131058,-0.1050623264285201,1.3249272851741818,92.06325395201584
Nmcs,-0.4894270071997285,0.18116393867388975,-0.3583562524389626,0.2695124330817309,53.342822824203985
Nmcs,0.2827376982947997,0.09469442387121006,-0.0270881143567327,0.4322571310431388,30.768154918355563
Nmcs,0.20954692084447735,0.09469442387121006,-0.05109675407161321,0.4524201731885616,32.67633785566741
Nmcs,-0.261787385374251,0.11412172306719481,-0.09441835822212462,0.23494300636907414,53.86353077686444
Nmcs,0.1249480571362607,0.1374995656712065,-0.02673419254187956,0.5460903639516484,31.423311050165413
Nmcs,0.19510010726271998,0.03235523527524215,-0.05020331512473052,0.4129991359480785,31.97982743449241
Nmcs,0.24138206910925522,0.06972818397192394,-0.2537357491605888,1.2011889365297073,91.95121882518146
Nmcs,-0.23952329778815368,0.187564758983052,-0.1639818981675589,0.4891984039422403,33.05257223468598
Nmcs,0.1355097517690262,0.37103398514475433,0.006450190288103255,1.7970290829394318,79.57567928698347
Nmcs,-0.16565411332804464,0.03427752022499391,-0.14161708261444955,0.37170510921208383,37.97786480115631
Nmcs,-0.499160948568938,0.08232075947374166,-0.03832206631252991,0.5112831891327008,32.841519790262986
Nmcs,-0.13457218399093004,0.121940357213942,-0.38244059599623426,0.4887437808199115,30.34559559219606
Nmcs,0.18770792516270632,0.13101903269545828,-0.1161870464442096,0.5105036593166629,28.244087777939995
Nmcs,0.10153618342196391,0.11426042299769948,-0.24195124375004895,0.4885830755587739,26.845657022352015
Nmcs,-0.5344386851113117,0.10661213918923676,-0.13636604526418736,0.5149475498752303,33.91022287856313
Nmcs,-0.2563102159237933,0.2859650481348199,-0.1610422965608176,0.651308001787898,43.573969438373446
Nmcs,-0.570478709565692,0.06355931112525769,-0.050589812803645204,0.4806837653951345,30.046797416984056
Nmcs,-0.43175662596207387,0.2092643647147498,-0.270742408752866,0.3558267242579758,61.13826169239712
Nmcs,0.2305419603694578,0.12153450120503806,-0.23134123929618142,0.32050697622724394,35.44331251121746
Nmcs,-0.19504658218462548,0.11797062948483046,-0.04154912458820965,0.22119530942420113,52.04295856340018
Nmcs,0.1701857241299225,0.025195450005128343,-0.10184068654545293,0.3011637955690317,41.14474702746645
Nmcs,0.16977913815945578,0.11447897968495571,-0.039544113275903445,0.5098378702615143,31.423311050165413
Nmcs,0.17207988760448806,0.12770933925308736,-0.03540367409794908,0.5130278168821856,30.3304632876154
Nmcs,0.20954692084447735,0.028667498598512132,-0.12996879921562474,0.3059060139792851,38.764617360138736
Nmcs,-0.261787385374251,0.11412172306719481,-0.09441835822212462,0.23494300636907414,53.86353077686444
Nmcs,0.23918383895493955,0.13154632827453552,-0.32973992592931917,0.3114369551280884,36.5244671297633
Nmcs,-0.33489625350196206,0.22911583895147797,-0.31054367551145623,1.213040904711882,86.08920957559245
Nmcs,-0.499160948568938,0.08232075947374166,-0.03832206631252991,0.5112831891327008,32.841519790262986
Nmcs,-0.19504658218462548,0.11797062948483046,-0.04154912458820965,0.22119530942420113,52.04295856340018
Nmcs,0.10153618342196391,0.11426042299769948,-0.24195124375004895,0.4885830755587739,26.845657022352015
Nmcs,-0.570478709565692,0.06355931112525769,-0.050589812803645204,0.4806837653951345,30.046797416984056
Nmcs,-0.24201211004569012,0.20520942232454975,-0.0602039623922664,0.48303840222425076,28.407069738218667
Nmcs,0.22546158891835327,0.029129541713679756,-0.0946002707807128,0.3047150693410265,39.9330745113296
Nmcs,0.041648240955310535,0.04958928443464666,-0.08995549421371021,0.41728682121660915,32.108798351366225
Nmcs,-0.499160948568938,0.08232075947374166,-0.03832206631252991,0.5112831891327008,32.841519790262986
Nmcs,-0.22420664045850766,0.2710991931585258,-0.130082454953809,0.4934669604494853,50.95303027561634
Nmcs,0.16977913815945578,0.11447897968495571,-0.039544113275903445,0.5098378702615143,31.423311050165413
Nmcs,0.20954692084447735,0.028667498598512132,-0.12996879921562474,0.3059060139792851,38.764617360138736
Nmcs,-0.33489625350196206,0.22911583895147797,-0.31054367551145623,1.213040904711882,86.08920957559245
Nmcs,0.3774503988160176,0.14798325464614717,-0.2329556745956156,7.452488230350915,328.50326421563136
Nmcs,0.07803227315789456,0.10167163450215078,-0.28996105465042493,0.37196642655160017,31.56449173791633
Nmcs,0.07803227315789456,0.10167163450215078,-0.28996105465042493,0.37196642655160017,31.56449173791633
Nmcs,-0.4174715890733641,0.09033929592737423,-0.1057408108411956,0.49782204447819606,27.64325297044849
Nmcs,-0.23981146051552282,0.2498037892150955,-0.055949282056478755,0.39367913069511024,52.1899105784831
Nmcs,-0.16565411332804464,0.03427752022499391,-0.14161708261444955,0.37170510921208383,37.97786480115631
Nmcs,-0.22420664045850766,0.2710991931585258,-0.130082454953809,0.4934669604494853,50.95303027561634
Nmcs,-0.22242481605434847,0.41380466930748694,0.05556746918464201,1.3527313852018628,96.9745672851754
Nmcs,-0.26148960541541616,0.10218887865168672,-0.41360312044883596,0.36379910801885007,33.814741942181634
Nmcs,0.22546158891835327,0.029129541713679756,-0.0946002707807128,0.3047150693410265,39.9330745113296
Nmcs,-0.570478709565692,0.06355931112525769,-0.050589812803645204,0.4806837653951345,30.046797416984056
Nmcs,-0.24201211004569012,0.20520942232454975,-0.0602039623922664,0.48303840222425076,28.407069738218667
Nmcs,-0.038225465649281004,0.11774121708128156,-0.27643225873322036,0.36495750683529476,32.40828494433307
Nmcs,0.06827597199197702,0.21280941479300802,0.05837522899696445,0.5908285604345539,29.86873065247304
Nmcs,0.23918383895493955,0.13154632827453552,-0.32973992592931917,0.3114369551280884,36.5244671297633
Nmcs,0.07068534882039906,0.1701105329401172,-0.2925661038046899,0.4809440651325342,25.053259487061347
Nmcs,-0.10409533143919764,0.10771244540996039,-0.24238194100632182,0.4211239995260053,34.433212586288164
Nmcs,-0.499160948568938,0.08232075947374166,-0.03832206631252991,0.5112831891327008,32.841519790262986
Nmcs,-0.2763332867139311,0.28999806456538113,-0.26476140679843274,0.4950997298189461,51.88486002171497
Nmcs,0.2827376982947997,0.09469442387121006,-0.0270881143567327,0.4322571310431388,30.768154918355563
Nmcs,-0.570478709565692,0.06355931112525769,-0.050589812803645204,0.4806837653951345,30.046797416984056
Nmcs,-0.23952329778815368,0.187564758983052,-0.1639818981675589,0.4891984039422403,33.05257223468598
Nmcs,-0.2763332867139311,0.28999806456538113,-0.26476140679843274,0.4950997298189461,51.88486002171497
Nmcs,0.21149228880621496,0.11055425980131058,-0.1050623264285201,1.3249272851741818,92.06325395201584
Nmcs,0.15824033227569448,0.08277074618418065,-0.27005734529972913,0.44032213998004804,26.845657022352015
Nmcs,-0.499160948568938,0.08232075947374166,-0.03832206631252991,0.5112831891327008,32.841519790262986
Nmcs,0.16977913815945578,0.11447897968495571,-0.039544113275903445,0.5098378702615143,31.423311050165413
Nmcs,0.1249480571362607,0.1374995656712065,-0.02673419254187956,0.5460903639516484,31.423311050165413
Nmcs,0.16977913815945578,0.11447897968495571,-0.039544113275903445,0.5098378702615143,31.423311050165413
Nmcs,0.2827376982947997,0.04304839660091854,-0.11148613156118106,0.2990936709309405,36.37637047664221
Nmcs,-0.4141486197670331,0.15262820398145355,-0.3578343308293753,0.359138689820547,56.68883532751475
Nmcs,-0.04701558353345002,0.3110209696396084,-0.12797826802592852,0.7190938415877544,75.51487983644324
Nmcs,-0.499160948568938,0.08232075947374166,-0.03832206631252991,0.5112831891327008,32.841519790262986
Nmcs,0.23918383895493955,0.13154632827453552,-0.32973992592931917,0.3114369551280884,36.5244671297633
Nmcs,-0.5344386851113117,0.10661213918923676,-0.13636604526418736,0.5149475498752303,33.91022287856313
Nmcs,-0.33489625350196206,0.22911583895147797,-0.31054367551145623,1.213040904711882,86.08920957559245
Nmcs,0.19510010726271998,0.03235523527524215,-0.05020331512473052,0.4129991359480785,31.97982743449241
Nmcs,-0.499160948568938,0.08232075947374166,-0.03832206631252991,0.5112831891327008,32.841519790262986
Nmcs,0.23918383895493955,0.13154632827453552,-0.32973992592931917,0.3114369551280884,36.5244671297633
Nmcs,-0.11086203308093129,0.3796199301241193,0.03183123147233601,16.22968451374184,321.4561014953336
Nmcs,0.07803227315789456,0.10167163450215078,-0.28996105465042493,0.37196642655160017,31.56449173791633
Nmcs,-0.07178468975677677,0.12372380109530715,-0.38018353635103247,0.34081245792149895,35.87743129431864
Nmcs,0.21149228880621496,0.11055425980131058,-0.1050623264285201,1.3249272851741818,92.06325395201584
Nmcs,-0.19504658218462548,0.11797062948483046,-0.04154912458820965,0.22119530942420113,52.04295856340018
Nmcs,-0.4894270071997285,0.18116393867388975,-0.3583562524389626,0.2695124330817309,53.342822824203985
Nmcs,-0.570478709565692,0.06355931112525769,-0.050589812803645204,0.4806837653951345,30.046797416984056
Nmcs,-0.4174715890733641,0.09033929592737423,-0.1057408108411956,0.49782204447819606,27.64325297044849
Nmcs,-0.09954416642238634,0.054331089261437496,-0.12292561819301845,0.3790810000965625,37.251656270036044
Nmcs,-0.37098703858319904,0.27891578945630013,-0.1326761869604606,8.639124741119,284.39921922750483
Nmcs,0.18770792516270632,0.13101903269545828,-0.1161870464442096,0.5105036593166629,28.244087777939995
Nmcs,0.22546158891835327,0.029129541713679756,-0.0946002707807128,0.3047150693410265,39.9330745113296
Nmcs,0.05776736800274648,0.0683544775769332,-0.08242232644220682,0.4055501308457672,32.86605282042136
Nmcs,-0.14489877642089946,0.14577911161779827,-0.08254008438581968,0.3661079796963322,56.91120994155689
Nmcs,-0.6270478916216273,0.06477970106014087,-0.04146210084487965,0.498207482799353,31.873766055496144
Nmcs,-0.09954416642238634,0.054331089261437496,-0.12292561819301845,0.3790810000965625,37.251656270036044
Nmcs,0.15824033227569448,0.08277074618418065,-0.27005734529972913,0.44032213998004804,26.845657022352015
Nmcs,-0.08031387490552742,0.4036980382882073,0.02618193928408471,1.3784256546275864,100.96581330867815
Nmcs,-0.4174715890733641,0.09033929592737423,-0.1057408108411956,0.49782204447819606,27.64325297044849
Nmcs,0.23918383895493955,0.13154632827453552,-0.32973992592931917,0.3114369551280884,36.5244671297633
Nmcs,-0.24201211004569012,0.20520942232454975,-0.0602039623922664,0.48303840222425076,28.407069738218667
Nmcs,-0.1718493844652409,0.1583243449109601,-0.21577897227941237,0.38218698045799326,59.19182139166334
Nmcs,-0.24201211004569012,0.20520942232454975,-0.0602039623922664,0.48303840222425076,28.407069738218667
Nmcs,-0.4894270071997285,0.18116393867388975,-0.3583562524389626,0.2695124330817309,53.342822824203985
Nmcs,-0.570478709565692,0.06355931112525769,-0.050589812803645204,0.4806837653951345,30.046797416984056
Nmcs,-0.04701558353345002,0.3110209696396084,-0.12797826802592852,0.7190938415877544,75.51487983644324
Nmcs,-0.16565411332804464,0.03427752022499391,-0.14161708261444955,0.37170510921208383,37.97786480115631
Nmcs,0.2827376982947997,0.09469442387121006,-0.0270881143567327,0.4322571310431388,30.768154918355563
Nmcs,-0.08031387490552742,0.4036980382882073,0.02618193928408471,1.3784256546275864,100.96581330867815
Nmcs,0.07803227315789456,0.10167163450215078,-0.28996105465042493,0.37196642655160017,31.56449173791633
Nmcs,0.23918383895493955,0.13154632827453552,-0.32973992592931917,0.3114369551280884,36.5244671297633
Nmcs,0.05776736800274648,0.0683544775769332,-0.08242232644220682,0.4055501308457672,32.86605282042136
Nmcs,0.20954692084447735,0.028667498598512132,-0.12996879921562474,0.3059060139792851,38.764617360138736
Nmcs,0.2827376982947997,0.04304839660091854,-0.11148613156118106,0.2990936709309405,36.37637047664221
Nmcs,-0.1718493844652409,0.1583243449109601,-0.21577897227941237,0.38218698045799326,59.19182139166334
Nmcs,-0.1718493844652409,0.1583243449109601,-0.21577897227941237,0.38218698045799326,59.19182139166334
Nmcs,-0.27010661804779984,0.1520139608409093,-0.23207047490612995,0.20853666759191067,47.61686705879829
Nmcs,-0.23981146051552282,0.2498037892150955,-0.055949282056478755,0.39367913069511024,52.1899105784831
Nmcs,-0.27010661804779984,0.1520139608409093,-0.23207047490612995,0.20853666759191067,47.61686705879829
Nmcs,-0.23981146051552282,0.2498037892150955,-0.055949282056478755,0.39367913069511024,52.1899105784831
Nmcs,-0.2763332867139311,0.28999806456538113,-0.26476140679843274,0.4950997298189461,51.88486002171497
Nmcs,-0.4174715890733641,0.09033929592737423,-0.1057408108411956,0.49782204447819606,27.64325297044849
Nmcs,-0.16565411332804464,0.03427752022499391,-0.14161708261444955,0.37170510921208383,37.97786480115631
Nmcs,0.20954692084447735,0.028667498598512132,-0.12996879921562474,0.3059060139792851,38.764617360138736
Nmcs,0.15824033227569448,0.08277074618418065,-0.27005734529972913,0.44032213998004804,26.845657022352015
Nmcs,0.16977913815945578,0.11447897968495571,-0.039544113275903445,0.5098378702615143,31.423311050165413
Nmcs,0.30442853660010744,0.1462585305027347,-0.3022750126909873,0.3278067100900376,34.073185053359566
Nmcs,0.15824033227569448,0.08277074618418065,-0.27005734529972913,0.44032213998004804,26.845657022352015
Nmcs,0.22546158891835327,0.029129541713679756,-0.0946002707807128,0.3047150693410265,39.9330745113296
Nmcs,-0.22242481605434847,0.41380466930748694,0.05556746918464201,1.3527313852018628,96.9745672851754
Nmcs,0.15824033227569448,0.08277074618418065,-0.27005734529972913,0.44032213998004804,26.845657022352015
Nmcs,0.20954692084447735,0.028667498598512132,-0.12996879921562474,0.3059060139792851,38.764617360138736
Nmcs,-0.43175662596207387,0.2092643647147498,-0.270742408752866,0.3558267242579758,61.13826169239712
Nmcs,0.16977913815945578,0.11447897968495571,-0.039544113275903445,0.5098378702615143,31.423311050165413
Nmcs,-0.11593194879059426,0.21997393021913364,-0.280749220253073,0.8122784365064613,38.28796942072147
Nmcs,-0.04701558353345002,0.3110209696396084,-0.12797826802592852,0.7190938415877544,75.51487983644324
Nmcs,-0.33489625350196206,0.22911583895147797,-0.31054367551145623,1.213040904711882,86.08920957559245
Nmcs,-0.23981146051552282,0.2498037892150955,-0.055949282056478755,0.39367913069511024,52.1899105784831
Nmcs,0.20954692084447735,0.09469442387121006,-0.05109675407161321,0.4524201731885616,32.67633785566741
Nmcs,-0.2763332867139311,0.28999806456538113,-0.26476140679843274,0.4950997298189461,51.88486002171497
Nmcs,-0.16408185043401596,0.2753982285976536,-0.19973777403143989,0.8082232593589884,39.62875605720946
Nmcs,-0.22242481605434847,0.41380466930748694,0.05556746918464201,1.3527313852018628,96.9745672851754
Nmcs,0.3551977360750783,0.12279427079356744,-0.23393636487786162,6.7641898424021045,295.90831256751966
Nmcs,-0.499160948568938,0.08232075947374166,-0.03832206631252991,0.5112831891327008,32.841519790262986
Nmcs,0.041648240955310535,0.04958928443464666,-0.08995549421371021,0.41728682121660915,32.108798351366225
Nmcs,0.18770792516270632,0.13101903269545828,-0.1161870464442096,0.5105036593166629,28.244087777939995
Nmcs,0.05776736800274648,0.0683544775769332,-0.08242232644220682,0.4055501308457672,32.86605282042136
Nmcs,-0.22420664045850766,0.2710991931585258,-0.130082454953809,0.4934669604494853,50.95303027561634
Nmcs,0.1249480571362607,0.1374995656712065,-0.02673419254187956,0.5460903639516484,31.423311050165413
Nmcs,0.20954692084447735,0.09469442387121006,-0.05109675407161321,0.4524201731885616,32.67633785566741
Nmcs,0.1249480571362607,0.1374995656712065,-0.02673419254187956,0.5460903639516484,31.423311050165413
Nmcs,-0.047515479207247566,0.36166513622193563,0.004491383068070867,1.5824300211237778,90.83125906996813
Nmcs,-0.2763332867139311,0.28999806456538113,-0.26476140679843274,0.4950997298189461,51.88486002171497
Nmcs,-0.06774206419885312,0.02140940593263918,-0.1220179964345318,0.34893765536450294,35.7220968509524
Nmcs,0.05776736800274648,0.0683544775769332,-0.08242232644220682,0.4055501308457672,32.86605282042136
Nmcs,0.1249480571362607,0.1374995656712065,-0.02673419254187956,0.5460903639516484,31.423311050165413
Nmcs,0.041648240955310535,0.04958928443464666,-0.08995549421371021,0.41728682121660915,32.108798351366225
Nmcs,-0.16565411332804464,0.03427752022499391,-0.14161708261444955,0.37170510921208383,37.97786480115631
Nmcs,-0.499160948568938,0.08232075947374166,-0.03832206631252991,0.5112831891327008,32.841519790262986
Nmcs,0.22546158891835327,0.029129541713679756,-0.0946002707807128,0.3047150693410265,39.9330745113296
Nmcs,0.16977913815945578,0.11447897968495571,-0.039544113275903445,0.5098378702615143,31.423311050165413
Nmcs,-0.04701558353345002,0.3110209696396084,-0.12797826802592852,0.7190938415877544,75.51487983644324
Nmcs,-0.24201211004569012,0.20520942232454975,-0.0602039623922664,0.48303840222425076,28.407069738218667
Nmcs,-0.27010661804779984,0.1520139608409093,-0.23207047490612995,0.20853666759191067,47.61686705879829
Nmcs,-0.4894270071997285,0.18116393867388975,-0.3583562524389626,0.2695124330817309,53.342822824203985
Nmcs,-0.23981146051552282,0.2498037892150955,-0.055949282056478755,0.39367913069511024,52.1899105784831
Nmcs,-0.570478709565692,0.06355931112525769,-0.050589812803645204,0.4806837653951345,30.046797416984056
Nmcs,-0.261787385374251,0.11412172306719481,-0.09441835822212462,0.23494300636907414,53.86353077686444
Nmcs,0.3551977360750783,0.12279427079356744,-0.23393636487786162,6.7641898424021045,295.90831256751966
Nmcs,0.1249480571362607,0.1374995656712065,-0.02673419254187956,0.5460903639516484,31.423311050165413
Nmcs,0.1249480571362607,0.1374995656712065,-0.02673419254187956,0.5460903639516484,31.423311050165413
Nmcs,-0.43175662596207387,0.2092643647147498,-0.270742408752866,0.3558267242579758,61.13826169239712
Nmcs,-0.04701558353345002,0.3110209696396084,-0.12797826802592852,0.7190938415877544,75.51487983644324
Nmcs,-0.43175662596207387,0.2092643647147498,-0.270742408752866,0.3558267242579758,61.13826169239712
Nmcs,0.1249480571362607,0.1374995656712065,-0.02673419254187956,0.5460903639516484,31.423311050165413
Nmcs,0.1249480571362607,0.1374995656712065,-0.02673419254187956,0.5460903639516484,31.423311050165413
Nmcs,0.18770792516270632,0.13101903269545828,-0.1161870464442096,0.5105036593166629,28.244087777939995
Nmcs,0.07068534882039906,0.1701105329401172,-0.2925661038046899,0.4809440651325342,25.053259487061347
Nmcs,0.1249480571362607,0.1374995656712065,-0.02673419254187956,0.5460903639516484,31.423311050165413
Nmcs,-0.04701558353345002,0.3110209696396084,-0.12797826802592852,0.7190938415877544,75.51487983644324
Nmcs,-0.43175662596207387,0.2092643647147498,-0.270742408752866,0.3558267242579758,61.13826169239712
Nmcs,0.18770792516270632,0.13101903269545828,-0.1161870464442096,0.5105036593166629,28.244087777939995
Nmcs,0.17207988760448806,0.12770933925308736,-0.03540367409794908,0.5130278168821856,30.3304632876154
Nmcs,-0.16565411332804464,0.03427752022499391,-0.14161708261444955,0.37170510921208383,37.97786480115631
Nmcs,-0.24201211004569012,0.20520942232454975,-0.0602039623922664,0.48303840222425076,28.407069738218667
Nmcs,-0.26148960541541616,0.10218887865168672,-0.41360312044883596,0.36379910801885007,33.814741942181634
Nmcs,0.06827597199197702,0.21280941479300802,0.05837522899696445,0.5908285604345539,29.86873065247304
Nmcs,-0.2763332867139311,0.28999806456538113,-0.26476140679843274,0.4950997298189461,51.88486002171497
Nmcs,0.15824033227569448,0.08277074618418065,-0.27005734529972913,0.44032213998004804,26.845657022352015
Nmcs,0.20954692084447735,0.09469442387121006,-0.05109675407161321,0.4524201731885616,32.67633785566741
Nmcs,-0.04701558353345002,0.3110209696396084,-0.12797826802592852,0.7190938415877544,75.51487983644324
Nmcs,-0.16565411332804464,0.03427752022499391,-0.14161708261444955,0.37170510921208383,37.97786480115631
Nmcs,-0.07178468975677677,0.12372380109530715,-0.38018353635103247,0.34081245792149895,35.87743129431864
Nmcs,0.22546158891835327,0.029129541713679756,-0.0946002707807128,0.3047150693410265,39.9330745113296
Nmcs,0.18770792516270632,0.13101903269545828,-0.1161870464442096,0.5105036593166629,28.244087777939995
Nmcs,-0.09954416642238634,0.054331089261437496,-0.12292561819301845,0.3790810000965625,37.251656270036044
Nmcs,0.15824033227569448,0.08277074618418065,-0.27005734529972913,0.44032213998004804,26.845657022352015
Nmcs,0.20954692084447735,0.09469442387121006,-0.05109675407161321,0.4524201731885616,32.67633785566741
Nmcs,0.1249480571362607,0.1374995656712065,-0.02673419254187956,0.5460903639516484,31.423311050165413
Nmcs,0.18770792516270632,0.13101903269545828,-0.1161870464442096,0.5105036593166629,28.244087777939995
Nmcs,-0.33489625350196206,0.22911583895147797,-0.31054367551145623,1.213040904711882,86.08920957559245
Nmcs,-0.2563102159237933,0.2859650481348199,-0.1610422965608176,0.651308001787898,43.573969438373446
Nmcs,-0.261787385374251,0.11412172306719481,-0.09441835822212462,0.23494300636907414,53.86353077686444
Nmcs,-0.5373386127817003,0.054718936462232595,-0.058492976189920484,0.4922752081468178,33.63575055499928
Nmcs,-0.07178468975677677,0.12372380109530715,-0.38018353635103247,0.34081245792149895,35.87743129431864
Nmcs,-0.08031387490552742,0.4036980382882073,0.02618193928408471,1.3784256546275864,100.96581330867815
Nmcs,0.15824033227569448,0.08277074618418065,-0.27005734529972913,0.44032213998004804,26.845657022352015
Nmcs,-0.5344386851113117,0.10661213918923676,-0.13636604526418736,0.5149475498752303,33.91022287856313
Nmcs,-0.4894270071997285,0.18116393867388975,-0.3583562524389626,0.2695124330817309,53.342822824203985
Nmcs,0.23918383895493955,0.13154632827453552,-0.32973992592931917,0.3114369551280884,36.5244671297633
Nmcs,-0.16408185043401596,0.2753982285976536,-0.19973777403143989,0.8082232593589884,39.62875605720946
Nmcs,-0.43175662596207387,0.2092643647147498,-0.270742408752866,0.3558267242579758,61.13826169239712
Nmcs,-0.2977593017466359,0.17864918266813393,-0.3424190544646671,1.2197417622172784,88.75850921894961
Nmcs,-0.04701558353345002,0.3110209696396084,-0.12797826802592852,0.7190938415877544,75.51487983644324
Nmcs,0.07038734561883678,0.2629858806767304,-0.29763221219108715,2.128433505011949,62.989536175984135
Nmcs,0.20954692084447735,0.09469442387121006,-0.05109675407161321,0.4524201731885616,32.67633785566741
Nmcs,0.19510010726271998,0.03235523527524215,-0.05020331512473052,0.4129991359480785,31.97982743449241
Nmcs,-0.26148960541541616,0.10218887865168672,-0.41360312044883596,0.36379910801885007,33.814741942181634
Nmcs,0.1355097517690262,0.37103398514475433,0.006450190288103255,1.7970290829394318,79.57567928698347
Nmcs,-0.261787385374251,0.11412172306719481,-0.09441835822212462,0.23494300636907414,53.86353077686444
Nmcs,0.21149228880621496,0.11055425980131058,-0.1050623264285201,1.3249272851741818,92.06325395201584
Nmcs,0.30442853660010744,0.1462585305027347,-0.3022750126909873,0.3278067100900376,34.073185053359566
Nmcs,-0.04701558353345002,0.3110209696396084,-0.12797826802592852,0.7190938415877544,75.51487983644324
Nmcs,-0.27010661804779984,0.1520139608409093,-0.23207047490612995,0.20853666759191067,47.61686705879829
Nmcs,0.05776736800274648,0.0683544775769332,-0.08242232644220682,0.4055501308457672,32.86605282042136
Nmcs,-0.13457218399093004,0.121940357213942,-0.38244059599623426,0.4887437808199115,30.34559559219606
Nmcs,-0.43175662596207387,0.2092643647147498,-0.270742408752866,0.3558267242579758,61.13826169239712
Nmcs,0.06827597199197702,0.21280941479300802,0.05837522899696445,0.5908285604345539,29.86873065247304
Nmcs,0.15824033227569448,0.08277074618418065,-0.27005734529972913,0.44032213998004804,26.845657022352015
Nmcs,-0.16565411332804464,0.03427752022499391,-0.14161708261444955,0.37170510921208383,37.97786480115631
Nmcs,-0.047515479207247566,0.36166513622193563,0.004491383068070867,1.5824300211237778,90.83125906996813
Nmcs,0.10153618342196391,0.11426042299769948,-0.24195124375004895,0.4885830755587739,26.845657022352015
Nmcs,0.20954692084447735,0.028667498598512132,-0.12996879921562474,0.3059060139792851,38.764617360138736
Nmcs,-0.20033471882843154,0.10858412831873884,-0.37721419478510343,0.3863512071523102,33.670377929525465
Nmcs,0.20954692084447735,0.028667498598512132,-0.12996879921562474,0.3059060139792851,38.764617360138736
Nmcs,-0.570478709565692,0.06355931112525769,-0.050589812803645204,0.4806837653951345,30.046797416984056
Nmcs,-0.5344386851113117,0.10661213918923676,-0.13636604526418736,0.5149475498752303,33.91022287856313
Nmcs,-0.16408185043401596,0.2753982285976536,-0.19973777403143989,0.8082232593589884,39.62875605720946
Nmcs,-0.499160948568938,0.08232075947374166,-0.03832206631252991,0.5112831891327008,32.841519790262986
Nmcs,-0.24201211004569012,0.20520942232454975,-0.0602039623922664,0.48303840222425076,28.407069738218667
Nmcs,-0.4174715890733641,0.09033929592737423,-0.1057408108411956,0.49782204447819606,27.64325297044849
Nmcs,-0.1718493844652409,0.1583243449109601,-0.21577897227941237,0.38218698045799326,59.19182139166334
Nmcs,0.15824033227569448,0.08277074618418065,-0.27005734529972913,0.44032213998004804,26.845657022352015
Nmcs,0.16977913815945578,0.11447897968495571,-0.039544113275903445,0.5098378702615143,31.423311050165413
Nmcs,-0.11952323000995337,0.052896471488475615,-0.3472468914224385,0.4082772365892257,36.566152707145136
Nmcs,-0.261787385374251,0.11412172306719481,-0.09441835822212462,0.23494300636907414,53.86353077686444
Nmcs,0.041648240955310535,0.04958928443464666,-0.08995549421371021,0.41728682121660915,32.108798351366225
Nmcs,0.2827376982947997,0.09469442387121006,-0.0270881143567327,0.4322571310431388,30.768154918355563
Nmcs,-0.2563102159237933,0.2859650481348199,-0.1610422965608176,0.651308001787898,43.573969438373446
Nmcs,-0.23952329778815368,0.187564758983052,-0.1639818981675589,0.4891984039422403,33.05257223468598
Nmcs,0.2827376982947997,0.09469442387121006,-0.0270881143567327,0.4322571310431388,30.768154918355563
Nmcs,0.1249480571362607,0.1374995656712065,-0.02673419254187956,0.5460903639516484,31.423311050165413
Nmcs,-0.4174715890733641,0.09033929592737423,-0.1057408108411956,0.49782204447819606,27.64325297044849
Nmcs,0.14461576777849763,0.06956294328388672,-0.06876947078472817,0.4076236177861702,33.62048611796963
Nmcs,0.22546158891835327,0.029129541713679756,-0.0946002707807128,0.3047150693410265,39.9330745113296
Nmcs,-0.23981146051552282,0.2498037892150955,-0.055949282056478755,0.39367913069511024,52.1899105784831
Nmcs,-0.4141486197670331,0.15262820398145355,-0.3578343308293753,0.359138689820547,56.68883532751475
Nmcs,0.22546158891835327,0.029129541713679756,-0.0946002707807128,0.3047150693410265,39.9330745113296
Nmcs,-0.261787385374251,0.11412172306719481,-0.09441835822212462,0.23494300636907414,53.86353077686444
Nmcs,-0.43175662596207387,0.2092643647147498,-0.270742408752866,0.3558267242579758,61.13826169239712
Nmcs,-0.11876808973599942,0.252919000523348,-0.2685269329576527,6.447199098977137,271.53807900914427
Nmcs,0.15824033227569448,0.08277074618418065,-0.27005734529972913,0.44032213998004804,26.845657022352015
Nmcs,0.06241074139211415,0.05478138536594655,-0.34318243266110604,0.3932292730555542,34.705040048472725
Nmcs,0.20954692084447735,0.028667498598512132,-0.12996879921562474,0.3059060139792851,38.764617360138736
Nmcs,0.23918383895493955,0.13154632827453552,-0.32973992592931917,0.3114369551280884,36.5244671297633
Nmcs,0.1701857241299225,0.025195450005128343,-0.10184068654545293,0.3011637955690317,41.14474702746645
Nmcs,-0.261787385374251,0.11412172306719481,-0.09441835822212462,0.23494300636907414,53.86353077686444
Nmcs,-0.43175662596207387,0.2092643647147498,-0.270742408752866,0.3558267242579758,61.13826169239712
Nmcs,-0.09954416642238634,0.054331089261437496,-0.12292561819301845,0.3790810000965625,37.251656270036044
Nmcs,0.15309989307672378,0.09240766282056637,-0.10837919826804206,1.2049543646456362,88.2308853285657
Nmcs,-0.23981146051552282,0.2498037892150955,-0.055949282056478755,0.39367913069511024,52.1899105784831
Nmcs,-0.570478709565692,0.06355931112525769,-0.050589812803645204,0.4806837653951345,30.046797416984056
Nmcs,-0.4894270071997285,0.18116393867388975,-0.3583562524389626,0.2695124330817309,53.342822824203985
Nmcs,0.05776736800274648,0.0683544775769332,-0.08242232644220682,0.4055501308457672,32.86605282042136
Nmcs,0.1249480571362607,0.1374995656712065,-0.02673419254187956,0.5460903639516484,31.423311050165413
Nmcs,0.05815711704862324,0.2770438061302085,-0.2837536604676978,0.7097954816301889,74.77933211592688
Nmcs,0.1249480571362607,0.1374995656712065,-0.02673419254187956,0.5460903639516484,31.423311050165413
Nmcs,-0.13713816647679927,0.266907570881715,-0.25880305985575675,0.6131573095564088,46.57353038513201
Nmcs,-0.23981146051552282,0.2498037892150955,-0.055949282056478755,0.39367913069511024,52.1899105784831
Nmcs,-0.33489625350196206,0.22911583895147797,-0.31054367551145623,1.213040904711882,86.08920957559245
Nmcs,0.16977913815945578,0.11447897968495571,-0.039544113275903445,0.5098378702615143,31.423311050165413
Nmcs,-0.570478709565692,0.06355931112525769,-0.050589812803645204,0.4806837653951345,30.046797416984056
Nmcs,-0.22420664045850766,0.2710991931585258,-0.130082454953809,0.4934669604494853,50.95303027561634
Nmcs,-0.27010661804779984,0.1520139608409093,-0.23207047490612995,0.20853666759191067,47.61686705879829
Nmcs,0.15824033227569448,0.08277074618418065,-0.27005734529972913,0.44032213998004804,26.845657022352015
Nmcs,-0.6270478916216273,0.06477970106014087,-0.04146210084487965,0.498207482799353,31.873766055496144
Nmcs,0.1249480571362607,0.1374995656712065,-0.02673419254187956,0.5460903639516484,31.423311050165413
Nmcs,-0.05146606630779372,0.17401409959009742,-0.21011208426889616,0.4802922411559918,26.36151965263242
Nmcs,0.15391939653116912,0.15350415028288017,-0.24019052139299715,0.5005851427235213,27.841674528404326
Nmcs,0.15824033227569448,0.08277074618418065,-0.27005734529972913,0.44032213998004804,26.845657022352015
Nmcs,-0.4894270071997285,0.18116393867388975,-0.3583562524389626,0.2695124330817309,53.342822824203985
Nmcs,-0.3029538944772862,0.15271004216279593,-0.04632299954405907,0.4617090033021052,25.539596965721017
Nmcs,0.21149228880621496,0.11055425980131058,-0.1050623264285201,1.3249272851741818,92.06325395201584
Nmcs,0.1355097517690262,0.37103398514475433,0.006450190288103255,1.7970290829394318,79.57567928698347
Nmcs,0.1249480571362607,0.1374995656712065,-0.02673419254187956,0.5460903639516484,31.423311050165413
Nmcs,0.22546158891835327,0.029129541713679756,-0.0946002707807128,0.3047150693410265,39.9330745113296
Nmcs,-0.0836646286301983,0.13957190278517653,-0.1581713697429619,0.3608786692603935,56.210743625789775
Nmcs,0.21149228880621496,0.11055425980131058,-0.1050623264285201,1.3249272851741818,92.06325395201584
Nmcs,0.22546158891835327,0.029129541713679756,-0.0946002707807128,0.3047150693410265,39.9330745113296
Nmcs,0.1249480571362607,0.1374995656712065,-0.02673419254187956,0.5460903639516484,31.423311050165413
Nmcs,-0.19504658218462548,0.11797062948483046,-0.04154912458820965,0.22119530942420113,52.04295856340018
Nmcs,-0.499160948568938,0.08232075947374166,-0.03832206631252991,0.5112831891327008,32.841519790262986
Nmcs,-0.16565411332804464,0.03427752022499391,-0.14161708261444955,0.37170510921208383,37.97786480115631
Nmcs,0.16977913815945578,0.11447897968495571,-0.039544113275903445,0.5098378702615143,31.423311050165413
Nmcs,-0.11876808973599942,0.252919000523348,-0.2685269329576527,6.447199098977137,271.53807900914427
Nmcs,-0.09954416642238634,0.054331089261437496,-0.12292561819301845,0.3790810000965625,37.251656270036044
Nmcs,-0.22242481605434847,0.41380466930748694,0.05556746918464201,1.3527313852018628,96.9745672851754
Nmcs,-0.261787385374251,0.11412172306719481,-0.09441835822212462,0.23494300636907414,53.86353077686444
Nmcs,-0.23981146051552282,0.2498037892150955,-0.055949282056478755,0.39367913069511024,52.1899105784831
Nmcs,-0.1718493844652409,0.1583243449109601,-0.21577897227941237,0.38218698045799326,59.19182139166334
Nmcs,0.20954692084447735,0.09469442387121006,-0.05109675407161321,0.4524201731885616,32.67633785566741
Nmcs,-0.1020630737896154,0.40238056065198363,0.022709123646341967,1.6130598732212373,90.38373253515329
Nmcs,-0.047515479207247566,0.36166513622193563,0.004491383068070867,1.5824300211237778,90.83125906996813
Nmcs,0.06241074139211415,0.05478138536594655,-0.34318243266110604,0.3932292730555542,34.705040048472725
Nmcs,0.10153618342196391,0.11426042299769948,-0.24195124375004895,0.4885830755587739,26.845657022352015
Nmcs,0.15824033227569448,0.08277074618418065,-0.27005734529972913,0.44032213998004804,26.845657022352015
Nmcs,-0.038225465649281004,0.11774121708128156,-0.27643225873322036,0.36495750683529476,32.40828494433307
Nmcs,-0.16408185043401596,0.2753982285976536,-0.19973777403143989,0.8082232593589884,39.62875605720946
Nmcs,-0.261787385374251,0.11412172306719481,-0.09441835822212462,0.23494300636907414,53.86353077686444
Nmcs,-0.07178468975677677,0.12372380109530715,-0.38018353635103247,0.34081245792149895,35.87743129431864
Nmcs,-0.570478709565692,0.06355931112525769,-0.050589812803645204,0.4806837653951345,30.046797416984056
Nmcs,0.06827597199197702,0.21280941479300802,0.05837522899696445,0.5908285604345539,29.86873065247304
Nmcs,-0.04701558353345002,0.3110209696396084,-0.12797826802592852,0.7190938415877544,75.51487983644324
Nmcs,-0.17325625336933315,0.240391406560133,-0.22487902511687266,2.1211510023927342,51.07700470705998
Nmcs,-0.0836646286301983,0.13957190278517653,-0.1581713697429619,0.3608786692603935,56.210743625789775
Nmcs,0.23918383895493955,0.13154632827453552,-0.32973992592931917,0.3114369551280884,36.5244671297633
Nmcs,0.20954692084447735,0.09469442387121006,-0.05109675407161321,0.4524201731885616,32.67633785566741
Nmcs,-0.5373386127817003,0.054718936462232595,-0.058492976189920484,0.4922752081468178,33.63575055499928
Nmcs,-0.13457218399093004,0.121940357213942,-0.38244059599623426,0.4887437808199115,30.34559559219606
Nmcs,-0.24201211004569012,0.20520942232454975,-0.0602039623922664,0.48303840222425076,28.407069738218667
Nmcs,0.07803227315789456,0.10167163450215078,-0.28996105465042493,0.37196642655160017,31.56449173791633
Nmcs,-0.0836646286301983,0.13957190278517653,-0.1581713697429619,0.3608786692603935,56.210743625789775
Nmcs,-0.09954416642238634,0.054331089261437496,-0.12292561819301845,0.3790810000965625,37.251656270036044
Nmcs,-0.03279771055106528,0.32968206135002726,-0.10805377085333967,1.3838320054001103,102.4435394065415
Nmcs,-0.09954416642238634,0.054331089261437496,-0.12292561819301845,0.3790810000965625,37.251656270036044
Nmcs,-0.04701558353345002,0.3110209696396084,-0.12797826802592852,0.7190938415877544,75.51487983644324
Nmcs,-0.0836646286301983,0.13957190278517653,-0.1581713697429619,0.3608786692603935,56.210743625789775
Nmcs,-0.24201211004569012,0.20520942232454975,-0.0602039623922664,0.48303840222425076,28.407069738218667
Nmcs,-0.499160948568938,0.08232075947374166,-0.03832206631252991,0.5112831891327008,32.841519790262986
Nmcs,0.17207988760448806,0.12770933925308736,-0.03540367409794908,0.5130278168821856,30.3304632876154
Nmcs,0.16977913815945578,0.11447897968495571,-0.039544113275903445,0.5098378702615143,31.423311050165413
Nmcs,0.20954692084447735,0.09469442387121006,-0.05109675407161321,0.4524201731885616,32.67633785566741
Nmcs,-0.570478709565692,0.06355931112525769,-0.050589812803645204,0.4806837653951345,30.046797416984056
Nmcs,0.20954692084447735,0.09469442387121006,-0.05109675407161321,0.4524201731885616,32.67633785566741
Nmcs,-0.27010661804779984,0.1520139608409093,-0.23207047490612995,0.20853666759191067,47.61686705879829
Nmcs,0.27214743356190196,0.08838138157326947,-0.2539412225716781,1.1881787444252898,90.95121780105288
Nmcs,0.07803227315789456,0.10167163450215078,-0.28996105465042493,0.37196642655160017,31.56449173791633
Nmcs,-0.23952329778815368,0.187564758983052,-0.1639818981675589,0.4891984039422403,33.05257223468598
Nmcs,-0.4081160128787956,0.24411537768734526,-0.30939355607785457,1.1424388402309025,77.99030592210916
Nmcs,0.27214743356190196,0.08838138157326947,-0.2539412225716781,1.1881787444252898,90.95121780105288
Nmcs,0.1355097517690262,0.37103398514475433,0.006450190288103255,1.7970290829394318,79.57567928698347
Nmcs,-0.16565411332804464,0.03427752022499391,-0.14161708261444955,0.37170510921208383,37.97786480115631
Nmcs,-0.04701558353345002,0.3110209696396084,-0.12797826802592852,0.7190938415877544,75.51487983644324
Nmcs,-0.5373386127817003,0.054718936462232595,-0.058492976189920484,0.4922752081468178,33.63575055499928
Nmcs,0.17207988760448806,0.12770933925308736,-0.03540367409794908,0.5130278168821856,30.3304632876154
Nmcs,0.20954692084447735,0.028667498598512132,-0.12996879921562474,0.3059060139792851,38.764617360138736
Nmcs,0.15824033227569448,0.08277074618418065,-0.27005734529972913,0.44032213998004804,26.845657022352015
Nmcs,0.24138206910925522,0.06972818397192394,-0.2537357491605888,1.2011889365297073,91.95121882518146
Nmcs,-0.4894270071997285,0.18116393867388975,-0.3583562524389626,0.2695124330817309,53.342822824203985
Nmcs,-0.23981146051552282,0.2498037892150955,-0.055949282056478755,0.39367913069511024,52.1899105784831
Nmcs,-0.09954416642238634,0.054331089261437496,-0.12292561819301845,0.3790810000965625,37.251656270036044
Nmcs,-0.2763332867139311,0.28999806456538113,-0.26476140679843274,0.4950997298189461,51.88486002171497
Nmcs,0.22546158891835327,0.029129541713679756,-0.0946002707807128,0.3047150693410265,39.9330745113296
Nmcs,0.1872058477799151,0.2672938743174737,-0.29463434695600876,2.543665504331569,50.200500889645625
Nmcs,0.041648240955310535,0.04958928443464666,-0.08995549421371021,0.41728682121660915,32.108798351366225
Nmcs,-0.14396849279481855,0.10141025306796318,-0.11301432516136914,0.20442271383486332,50.81257992658726
Nmcs,-0.261787385374251,0.11412172306719481,-0.09441835822212462,0.23494300636907414,53.86353077686444
Nmcs,0.041648240955310535,0.04958928443464666,-0.08995549421371021,0.41728682121660915,32.108798351366225
Nmcs,0.06827597199197702,0.21280941479300802,0.05837522899696445,0.5908285604345539,29.86873065247304
Nmcs,0.06827597199197702,0.21280941479300802,0.05837522899696445,0.5908285604345539,29.86873065247304
Nmcs,0.18770792516270632,0.13101903269545828,-0.1161870464442096,0.5105036593166629,28.244087777939995
Nmcs,-0.23981146051552282,0.2498037892150955,-0.055949282056478755,0.39367913069511024,52.1899105784831
Nmcs,0.05087300930806009,0.20662875967840036,-0.13443991092329846,0.40323109920283867,40.25933233471915
Nmcs,-0.499160948568938,0.08232075947374166,-0.03832206631252991,0.5112831891327008,32.841519790262986
Nmcs,-0.27010661804779984,0.1520139608409093,-0.23207047490612995,0.20853666759191067,47.61686705879829
Nmcs,-0.16565411332804464,0.03427752022499391,-0.14161708261444955,0.37170510921208383,37.97786480115631
Nmcs,-0.6270478916216273,0.06477970106014087,-0.04146210084487965,0.498207482799353,31.873766055496144
Nmcs,-0.11952323000995337,0.052896471488475615,-0.3472468914224385,0.4082772365892257,36.566152707145136
Nmcs,-0.16565411332804464,0.03427752022499391,-0.14161708261444955,0.37170510921208383,37.97786480115631
Nmcs,-0.43175662596207387,0.2092643647147498,-0.270742408752866,0.3558267242579758,61.13826169239712
Nmcs,0.2305419603694578,0.12153450120503806,-0.23134123929618142,0.32050697622724394,35.44331251121746
Nmcs,-0.08031387490552742,0.4036980382882073,0.02618193928408471,1.3784256546275864,100.96581330867815
Nmcs,-0.499160948568938,0.08232075947374166,-0.03832206631252991,0.5112831891327008,32.841519790262986
Nmcs,-0.17325625336933315,0.240391406560133,-0.22487902511687266,2.1211510023927342,51.07700470705998
Nmcs,0.15391939653116912,0.15350415028288017,-0.24019052139299715,0.5005851427235213,27.841674528404326
Nmcs,0.06241074139211415,0.05478138536594655,-0.34318243266110604,0.3932292730555542,34.705040048472725
Nmcs,-0.14489877642089946,0.14577911161779827,-0.08254008438581968,0.3661079796963322,56.91120994155689
Nmcs,-0.14489877642089946,0.14577911161779827,-0.08254008438581968,0.3661079796963322,56.91120994155689
Nmcs,0.21149228880621496,0.11055425980131058,-0.1050623264285201,1.3249272851741818,92.06325395201584
Nmcs,-0.04701558353345002,0.3110209696396084,-0.12797826802592852,0.7190938415877544,75.51487983644324
Nmcs,-0.499160948568938,0.08232075947374166,-0.03832206631252991,0.5112831891327008,32.841519790262986
Nmcs,0.15309989307672378,0.09240766282056637,-0.10837919826804206,1.2049543646456362,88.2308853285657
Nmcs,0.15824033227569448,0.08277074618418065,-0.27005734529972913,0.44032213998004804,26.845657022352015
Nmcs,0.2827376982947997,0.09469442387121006,-0.0270881143567327,0.4322571310431388,30.768154918355563
Nmcs,0.30442853660010744,0.1462585305027347,-0.3022750126909873,0.3278067100900376,34.073185053359566
Nmcs,0.07803227315789456,0.10167163450215078,-0.28996105465042493,0.37196642655160017,31.56449173791633
Nmcs,-0.047515479207247566,0.36166513622193563,0.004491383068070867,1.5824300211237778,90.83125906996813
Nmcs,0.22546158891835327,0.029129541713679756,-0.0946002707807128,0.3047150693410265,39.9330745113296
Nmcs,0.3551977360750783,0.12279427079356744,-0.23393636487786162,6.7641898424021045,295.90831256751966
Nmcs,-0.16565411332804464,0.03427752022499391,-0.14161708261444955,0.37170510921208383,37.97786480115631
Nmcs,0.07038734561883678,0.2629858806767304,-0.29763221219108715,2.128433505011949,62.989536175984135
Nmcs,-0.4141486197670331,0.15262820398145355,-0.3578343308293753,0.359138689820547,56.68883532751475
Nmcs,-0.4141486197670331,0.15262820398145355,-0.3578343308293753,0.359138689820547,56.68883532751475
Nmcs,0.24138206910925522,0.06972818397192394,-0.2537357491605888,1.2011889365297073,91.95121882518146
Nmcs,0.22546158891835327,0.029129541713679756,-0.0946002707807128,0.3047150693410265,39.9330745113296
Nmcs,-0.07178468975677677,0.12372380109530715,-0.38018353635103247,0.34081245792149895,35.87743129431864
Nmcs,0.20954692084447735,0.09469442387121006,-0.05109675407161321,0.4524201731885616,32.67633785566741
Nmcs,0.06241074139211415,0.05478138536594655,-0.34318243266110604,0.3932292730555542,34.705040048472725
Nmcs,-0.2563102159237933,0.2859650481348199,-0.1610422965608176,0.651308001787898,43.573969438373446
Nmcs,0.15824033227569448,0.08277074618418065,-0.27005734529972913,0.44032213998004804,26.845657022352015
Nmcs,-0.4141486197670331,0.15262820398145355,-0.3578343308293753,0.359138689820547,56.68883532751475
Nmcs,-0.09954416642238634,0.054331089261437496,-0.12292561819301845,0.3790810000965625,37.251656270036044
Nmcs,-0.570478709565692,0.06355931112525769,-0.050589812803645204,0.4806837653951345,30.046797416984056
Nmcs,-0.16565411332804464,0.03427752022499391,-0.14161708261444955,0.37170510921208383,37.97786480115631
Nmcs,-0.19504658218462548,0.11797062948483046,-0.04154912458820965,0.22119530942420113,52.04295856340018
Nmcs,-0.0836646286301983,0.13957190278517653,-0.1581713697429619,0.3608786692603935,56.210743625789775
Nmcs,0.20954692084447735,0.09469442387121006,-0.05109675407161321,0.4524201731885616,32.67633785566741
Nmcs,-0.0836646286301983,0.13957190278517653,-0.1581713697429619,0.3608786692603935,56.210743625789775
Nmcs,-0.261787385374251,0.11412172306719481,-0.09441835822212462,0.23494300636907414,53.86353077686444
Nmcs,0.05815711704862324,0.2770438061302085,-0.2837536604676978,0.7097954816301889,74.77933211592688
Nmcs,0.20954692084447735,0.028667498598512132,-0.12996879921562474,0.3059060139792851,38.764617360138736
Nmcs,-0.37760330363902983,0.09392472755260457,-0.11113100924992779,0.4664726015296093,24.936407395559755
Nmcs,-0.26148960541541616,0.10218887865168672,-0.41360312044883596,0.36379910801885007,33.814741942181634
Nmcs,0.07068534882039906,0.1701105329401172,-0.2925661038046899,0.4809440651325342,25.053259487061347
Nmcs,-0.4141486197670331,0.15262820398145355,-0.3578343308293753,0.359138689820547,56.68883532751475
Nmcs,0.22546158891835327,0.029129541713679756,-0.0946002707807128,0.3047150693410265,39.9330745113296
Nmcs,0.18770792516270632,0.13101903269545828,-0.1161870464442096,0.5105036593166629,28.244087777939995
Nmcs,-0.23981146051552282,0.2498037892150955,-0.055949282056478755,0.39367913069511024,52.1899105784831
Nmcs,0.22546158891835327,0.029129541713679756,-0.0946002707807128,0.3047150693410265,39.9330745113296
Nmcs,-0.22420664045850766,0.2710991931585258,-0.130082454953809,0.4934669604494853,50.95303027561634
Nmcs,0.06827597199197702,0.21280941479300802,0.05837522899696445,0.5908285604345539,29.86873065247304
Nmcs,-0.4894270071997285,0.18116393867388975,-0.3583562524389626,0.2695124330817309,53.342822824203985
Nmcs,0.22546158891835327,0.029129541713679756,-0.0946002707807128,0.3047150693410265,39.9330745113296
Nmcs,-0.22242481605434847,0.41380466930748694,0.05556746918464201,1.3527313852018628,96.9745672851754
Nmcs,0.2827376982947997,0.09469442387121006,-0.0270881143567327,0.4322571310431388,30.768154918355563
Nmcs,-0.499160948568938,0.08232075947374166,-0.03832206631252991,0.5112831891327008,32.841519790262986
Nmcs,-0.499160948568938,0.08232075947374166,-0.03832206631252991,0.5112831891327008,32.841519790262986
Nmcs,0.20954692084447735,0.09469442387121006,-0.05109675407161321,0.4524201731885616,32.67633785566741
Nmcs,-0.4894270071997285,0.18116393867388975,-0.3583562524389626,0.2695124330817309,53.342822824203985
Nmcs,0.19510010726271998,0.03235523527524215,-0.05020331512473052,0.4129991359480785,31.97982743449241
Nmcs,-0.261787385374251,0.11412172306719481,-0.09441835822212462,0.23494300636907414,53.86353077686444
Nmcs,-0.11876808973599942,0.252919000523348,-0.2685269329576527,6.447199098977137,271.53807900914427
Nmcs,0.16977913815945578,0.11447897968495571,-0.039544113275903445,0.5098378702615143,31.423311050165413
Nmcs,-0.27010661804779984,0.1520139608409093,-0.23207047490612995,0.20853666759191067,47.61686705879829
Nmcs,0.1701857241299225,0.025195450005128343,-0.10184068654545293,0.3011637955690317,41.14474702746645
Nmcs,-0.499160948568938,0.08232075947374166,-0.03832206631252991,0.5112831891327008,32.841519790262986
Nmcs,0.1701857241299225,0.025195450005128343,-0.10184068654545293,0.3011637955690317,41.14474702746645
Nmcs,-0.16565411332804464,0.03427752022499391,-0.14161708261444955,0.37170510921208383,37.97786480115631
Nmcs,-0.24201211004569012,0.20520942232454975,-0.0602039623922664,0.48303840222425076,28.407069738218667
Nmcs,0.3774503988160176,0.14798325464614717,-0.2329556745956156,7.452488230350915,328.50326421563136
Nmcs,-0.2763332867139311,0.28999806456538113,-0.26476140679843274,0.4950997298189461,51.88486002171497
Nmcs,-0.24201211004569012,0.20520942232454975,-0.0602039623922664,0.48303840222425076,28.407069738218667
Nmcs,-0.07178468975677677,0.12372380109530715,-0.38018353635103247,0.34081245792149895,35.87743129431864
Nmcs,-0.570478709565692,0.06355931112525769,-0.050589812803645204,0.4806837653951345,30.046797416984056
Nmcs,-0.27010661804779984,0.1520139608409093,-0.23207047490612995,0.20853666759191067,47.61686705879829
Nmcs,0.20954692084447735,0.028667498598512132,-0.12996879921562474,0.3059060139792851,38.764617360138736
Nmcs,-0.16565411332804464,0.03427752022499391,-0.14161708261444955,0.37170510921208383,37.97786480115631
Nmcs,0.07068534882039906,0.1701105329401172,-0.2925661038046899,0.4809440651325342,25.053259487061347
Nmcs,-0.23952329778815368,0.187564758983052,-0.1639818981675589,0.4891984039422403,33.05257223468598
Nmcs,0.22546158891835327,0.029129541713679756,-0.0946002707807128,0.3047150693410265,39.9330745113296
Nmcs,-0.19504658218462548,0.11797062948483046,-0.04154912458820965,0.22119530942420113,52.04295856340018
Nmcs,-0.2563102159237933,0.2859650481348199,-0.1610422965608176,0.651308001787898,43.573969438373446
Nmcs,0.1249480571362607,0.1374995656712065,-0.02673419254187956,0.5460903639516484,31.423311050165413
Nmcs,-0.24201211004569012,0.20520942232454975,-0.0602039623922664,0.48303840222425076,28.407069738218667
Nmcs,-0.4174715890733641,0.09033929592737423,-0.1057408108411956,0.49782204447819606,27.64325297044849
Nmcs,0.1355097517690262,0.37103398514475433,0.006450190288103255,1.7970290829394318,79.57567928698347
Nmcs,0.23918383895493955,0.13154632827453552,-0.32973992592931917,0.3114369551280884,36.5244671297633
Nmcs,-0.2763332867139311,0.28999806456538113,-0.26476140679843274,0.4950997298189461,51.88486002171497
Nmcs,0.16977913815945578,0.11447897968495571,-0.039544113275903445,0.5098378702615143,31.423311050165413
Nmcs,-0.499160948568938,0.08232075947374166,-0.03832206631252991,0.5112831891327008,32.841519790262986
Nmcs,-0.4894270071997285,0.18116393867388975,-0.3583562524389626,0.2695124330817309,53.342822824203985
Nmcs,-0.499160948568938,0.08232075947374166,-0.03832206631252991,0.5112831891327008,32.841519790262986
Nmcs,0.19510010726271998,0.03235523527524215,-0.05020331512473052,0.4129991359480785,31.97982743449241
Nmcs,-0.24201211004569012,0.20520942232454975,-0.0602039623922664,0.48303840222425076,28.407069738218667
Nmcs,-0.499160948568938,0.08232075947374166,-0.03832206631252991,0.5112831891327008,32.841519790262986
Nmcs,-0.04701558353345002,0.3110209696396084,-0.12797826802592852,0.7190938415877544,75.51487983644324
Nmcs,-0.1718493844652409,0.1583243449109601,-0.21577897227941237,0.38218698045799326,59.19182139166334
Nmcs,0.16977913815945578,0.11447897968495571,-0.039544113275903445,0.5098378702615143,31.423311050165413
Nmcs,0.041648240955310535,0.04958928443464666,-0.08995549421371021,0.41728682121660915,32.108798351366225
Nmcs,-0.16565411332804464,0.03427752022499391,-0.14161708261444955,0.37170510921208383,37.97786480115631
Nmcs,-0.261787385374251,0.11412172306719481,-0.09441835822212462,0.23494300636907414,53.86353077686444
Nmcs,0.07803227315789456,0.10167163450215078,-0.28996105465042493,0.37196642655160017,31.56449173791633
Nmcs,-0.16408185043401596,0.2753982285976536,-0.19973777403143989,0.8082232593589884,39.62875605720946
Nmcs,0.16977913815945578,0.11447897968495571,-0.039544113275903445,0.5098378702615143,31.423311050165413
Nmcs,0.1872058477799151,0.2672938743174737,-0.29463434695600876,2.543665504331569,50.200500889645625
Nmcs,0.041648240955310535,0.04958928443464666,-0.08995549421371021,0.41728682121660915,32.108798351366225
Nmcs,0.15824033227569448,0.08277074618418065,-0.27005734529972913,0.44032213998004804,26.845657022352015
Nmcs,-0.5373386127817003,0.054718936462232595,-0.058492976189920484,0.4922752081468178,33.63575055499928
Nmcs,0.18770792516270632,0.13101903269545828,-0.1161870464442096,0.5105036593166629,28.244087777939995
Nmcs,0.16977913815945578,0.11447897968495571,-0.039544113275903445,0.5098378702615143,31.423311050165413
Nmcs,0.16977913815945578,0.11447897968495571,-0.039544113275903445,0.5098378702615143,31.423311050165413
Nmcs,0.06827597199197702,0.21280941479300802,0.05837522899696445,0.5908285604345539,29.86873065247304
Nmcs,-0.4174715890733641,0.09033929592737423,-0.1057408108411956,0.49782204447819606,27.64325297044849
Nmcs,-0.16565411332804464,0.03427752022499391,-0.14161708261444955,0.37170510921208383,37.97786480115631
Nmcs,-0.13457218399093004,0.121940357213942,-0.38244059599623426,0.4887437808199115,30.34559559219606
Nmcs,0.14461576777849763,0.06956294328388672,-0.06876947078472817,0.4076236177861702,33.62048611796963
Nmcs,-0.24201211004569012,0.20520942232454975,-0.0602039623922664,0.48303840222425076,28.407069738218667
Nmcs,0.3774503988160176,0.14798325464614717,-0.2329556745956156,7.452488230350915,328.50326421563136
Nmcs,0.24138206910925522,0.06972818397192394,-0.2537357491605888,1.2011889365297073,91.95121882518146
Nmcs,0.06241074139211415,0.05478138536594655,-0.34318243266110604,0.3932292730555542,34.705040048472725
Nmcs,-0.499160948568938,0.08232075947374166,-0.03832206631252991,0.5112831891327008,32.841519790262986
Nmcs,-0.43175662596207387,0.2092643647147498,-0.270742408752866,0.3558267242579758,61.13826169239712
Nmcs,-0.4174715890733641,0.09033929592737423,-0.1057408108411956,0.49782204447819606,27.64325297044849
Nmcs,0.22546158891835327,0.029129541713679756,-0.0946002707807128,0.3047150693410265,39.9330745113296
Nmcs,0.1249480571362607,0.1374995656712065,-0.02673419254187956,0.5460903639516484,31.423311050165413
Nmcs,0.22546158891835327,0.029129541713679756,-0.0946002707807128,0.3047150693410265,39.9330745113296
Nmcs,-0.5344386851113117,0.10661213918923676,-0.13636604526418736,0.5149475498752303,33.91022287856313
Nmcs,-0.26148960541541616,0.10218887865168672,-0.41360312044883596,0.36379910801885007,33.814741942181634
Nmcs,0.20954692084447735,0.028667498598512132,-0.12996879921562474,0.3059060139792851,38.764617360138736
Nmcs,0.19510010726271998,0.03235523527524215,-0.05020331512473052,0.4129991359480785,31.97982743449241
Nmcs,0.15824033227569448,0.08277074618418065,-0.27005734529972913,0.44032213998004804,26.845657022352015
Nmcs,-0.22242481605434847,0.41380466930748694,0.05556746918464201,1.3527313852018628,96.9745672851754
Nmcs,0.23918383895493955,0.13154632827453552,-0.32973992592931917,0.3114369551280884,36.5244671297633
Nmcs,0.05776736800274648,0.0683544775769332,-0.08242232644220682,0.4055501308457672,32.86605282042136
Nmcs,-0.20033471882843154,0.10858412831873884,-0.37721419478510343,0.3863512071523102,33.670377929525465
Nmcs,-0.16565411332804464,0.03427752022499391,-0.14161708261444955,0.37170510921208383,37.97786480115631
Nmcs,0.06827597199197702,0.21280941479300802,0.05837522899696445,0.5908285604345539,29.86873065247304
Nmcs,0.15824033227569448,0.08277074618418065,-0.27005734529972913,0.44032213998004804,26.845657022352015
Nmcs,0.21149228880621496,0.11055425980131058,-0.1050623264285201,1.3249272851741818,92.06325395201584
Nmcs,-0.4174715890733641,0.09033929592737423,-0.1057408108411956,0.49782204447819606,27.64325297044849
Nmcs,-0.4894270071997285,0.18116393867388975,-0.3583562524389626,0.2695124330817309,53.342822824203985
Nmcs,-0.11593194879059426,0.21997393021913364,-0.280749220253073,0.8122784365064613,38.28796942072147
Nmcs,-0.5373386127817003,0.054718936462232595,-0.058492976189920484,0.4922752081468178,33.63575055499928
Nmcs,0.23918383895493955,0.13154632827453552,-0.32973992592931917,0.3114369551280884,36.5244671297633
Nmcs,0.1249480571362607,0.1374995656712065,-0.02673419254187956,0.5460903639516484,31.423311050165413
Nmcs,-0.20370614455023459,0.2602049578980491,-0.2679155106542819,6.939972100784501,266.5584034863989
Nmcs,0.1249480571362607,0.1374995656712065,-0.02673419254187956,0.5460903639516484,31.423311050165413
Nmcs,0.2827376982947997,0.09469442387121006,-0.0270881143567327,0.4322571310431388,30.768154918355563
Nmcs,-0.27010661804779984,0.1520139608409093,-0.23207047490612995,0.20853666759191067,47.61686705879829
Nmcs,0.20954692084447735,0.09469442387121006,-0.05109675407161321,0.4524201731885616,32.67633785566741
Nmcs,-0.04701558353345002,0.3110209696396084,-0.12797826802592852,0.7190938415877544,75.51487983644324
Nmcs,0.07803227315789456,0.10167163450215078,-0.28996105465042493,0.37196642655160017,31.56449173791633
Nmcs,0.06241074139211415,0.05478138536594655,-0.34318243266110604,0.3932292730555542,34.705040048472725
Nmcs,0.21149228880621496,0.11055425980131058,-0.1050623264285201,1.3249272851741818,92.06325395201584
Nmcs,0.2827376982947997,0.09469442387121006,-0.0270881143567327,0.4322571310431388,30.768154918355563
Nmcs,-0.11952323000995337,0.052896471488475615,-0.3472468914224385,0.4082772365892257,36.566152707145136
Nmcs,0.22546158891835327,0.029129541713679756,-0.0946002707807128,0.3047150693410265,39.9330745113296
Nmcs,0.20954692084447735,0.028667498598512132,-0.12996879921562474,0.3059060139792851,38.764617360138736
Nmcs,-0.11952323000995337,0.052896471488475615,-0.3472468914224385,0.4082772365892257,36.566152707145136
Nmcs,-0.570478709565692,0.06355931112525769,-0.050589812803645204,0.4806837653951345,30.046797416984056
Nmcs,0.1249480571362607,0.1374995656712065,-0.02673419254187956,0.5460903639516484,31.423311050165413
Nmcs,-0.24201211004569012,0.20520942232454975,-0.0602039623922664,0.48303840222425076,28.407069738218667
Nmcs,0.22546158891835327,0.029129541713679756,-0.0946002707807128,0.3047150693410265,39.9330745113296
Nmcs,-0.570478709565692,0.06355931112525769,-0.050589812803645204,0.4806837653951345,30.046797416984056
Nmcs,-0.499160948568938,0.08232075947374166,-0.03832206631252991,0.5112831891327008,32.841519790262986
Nmcs,-0.17325625336933315,0.240391406560133,-0.22487902511687266,2.1211510023927342,51.07700470705998
Nmcs,0.1249480571362607,0.1374995656712065,-0.02673419254187956,0.5460903639516484,31.423311050165413
Nmcs,-0.07178468975677677,0.12372380109530715,-0.38018353635103247,0.34081245792149895,35.87743129431864
Nmcs,-0.04701558353345002,0.3110209696396084,-0.12797826802592852,0.7190938415877544,75.51487983644324
Nmcs,-0.33489625350196206,0.22911583895147797,-0.31054367551145623,1.213040904711882,86.08920957559245
Nmcs,0.06241074139211415,0.05478138536594655,-0.34318243266110604,0.3932292730555542,34.705040048472725
Nmcs,0.20954692084447735,0.028667498598512132,-0.12996879921562474,0.3059060139792851,38.764617360138736
Nmcs,-0.17325625336933315,0.240391406560133,-0.22487902511687266,2.1211510023927342,51.07700470705998
Nmcs,0.15824033227569448,0.08277074618418065,-0.27005734529972913,0.44032213998004804,26.845657022352015
Nmcs,-0.23981146051552282,0.2498037892150955,-0.055949282056478755,0.39367913069511024,52.1899105784831
Nmcs,0.16977913815945578,0.11447897968495571,-0.039544113275903445,0.5098378702615143,31.423311050165413
Nmcs,0.3774503988160176,0.14798325464614717,-0.2329556745956156,7.452488230350915,328.50326421563136
Nmcs,-0.04701558353345002,0.3110209696396084,-0.12797826802592852,0.7190938415877544,75.51487983644324
Nmcs,0.20954692084447735,0.028667498598512132,-0.12996879921562474,0.3059060139792851,38.764617360138736
Nmcs,0.1701857241299225,0.025195450005128343,-0.10184068654545293,0.3011637955690317,41.14474702746645
Nmcs,-0.27010661804779984,0.1520139608409093,-0.23207047490612995,0.20853666759191067,47.61686705879829
Nmcs,0.17207988760448806,0.12770933925308736,-0.03540367409794908,0.5130278168821856,30.3304632876154
Nmcs,-0.6270478916216273,0.06477970106014087,-0.04146210084487965,0.498207482799353,31.873766055496144
Nmcs,-0.43175662596207387,0.2092643647147498,-0.270742408752866,0.3558267242579758,61.13826169239712
Nmcs,0.18770792516270632,0.13101903269545828,-0.1161870464442096,0.5105036593166629,28.244087777939995
Nmcs,-0.23981146051552282,0.2498037892150955,-0.055949282056478755,0.39367913069511024,52.1899105784831
Nmcs,0.05776736800274648,0.0683544775769332,-0.08242232644220682,0.4055501308457672,32.86605282042136
Nmcs,0.17363212445982337,0.020181547302984222,-0.13760697944804945,0.2788105448524203,34.27136351374131
Nmcs,0.20954692084447735,0.028667498598512132,-0.12996879921562474,0.3059060139792851,38.764617360138736
Nmcs,0.21149228880621496,0.11055425980131058,-0.1050623264285201,1.3249272851741818,92.06325395201584
Nmcs,-0.5344386851113117,0.10661213918923676,-0.13636604526418736,0.5149475498752303,33.91022287856313
Nmcs,0.14461576777849763,0.06956294328388672,-0.06876947078472817,0.4076236177861702,33.62048611796963
Nmcs,-0.5373386127817003,0.054718936462232595,-0.058492976189920484,0.4922752081468178,33.63575055499928
Nmcs,0.2827376982947997,0.09469442387121006,-0.0270881143567327,0.4322571310431388,30.768154918355563
Nmcs,-0.2763332867139311,0.28999806456538113,-0.26476140679843274,0.4950997298189461,51.88486002171497
Nmcs,-0.11952323000995337,0.052896471488475615,-0.3472468914224385,0.4082772365892257,36.566152707145136
Nmcs,-0.24201211004569012,0.20520942232454975,-0.0602039623922664,0.48303840222425076,28.407069738218667
Nmcs,0.07803227315789456,0.10167163450215078,-0.28996105465042493,0.37196642655160017,31.56449173791633
Nmcs,-0.4174715890733641,0.09033929592737423,-0.1057408108411956,0.49782204447819606,27.64325297044849
Nmcs,0.2827376982947997,0.09469442387121006,-0.0270881143567327,0.4322571310431388,30.768154918355563
Nmcs,0.18770792516270632,0.13101903269545828,-0.1161870464442096,0.5105036593166629,28.244087777939995
Nmcs,-0.5344386851113117,0.10661213918923676,-0.13636604526418736,0.5149475498752303,33.91022287856313
Nmcs,0.17207988760448806,0.12770933925308736,-0.03540367409794908,0.5130278168821856,30.3304632876154
Nmcs,-0.047515479207247566,0.36166513622193563,0.004491383068070867,1.5824300211237778,90.83125906996813
Nmcs,-0.23952329778815368,0.187564758983052,-0.1639818981675589,0.4891984039422403,33.05257223468598
Nmcs,-0.11952323000995337,0.052896471488475615,-0.3472468914224385,0.4082772365892257,36.566152707145136
Nmcs,0.15824033227569448,0.08277074618418065,-0.27005734529972913,0.44032213998004804,26.845657022352015
Nmcs,-0.1718493844652409,0.1583243449109601,-0.21577897227941237,0.38218698045799326,59.19182139166334
Nmcs,-0.04701558353345002,0.3110209696396084,-0.12797826802592852,0.7190938415877544,75.51487983644324
Nmcs,0.10153618342196391,0.11426042299769948,-0.24195124375004895,0.4885830755587739,26.845657022352015
Nmcs,-0.23981146051552282,0.2498037892150955,-0.055949282056478755,0.39367913069511024,52.1899105784831
Nmcs,-0.261787385374251,0.11412172306719481,-0.09441835822212462,0.23494300636907414,53.86353077686444
Nmcs,-0.24201211004569012,0.20520942232454975,-0.0602039623922664,0.48303840222425076,28.407069738218667
Nmcs,-0.19504658218462548,0.11797062948483046,-0.04154912458820965,0.22119530942420113,52.04295856340018
Nmcs,0.18770792516270632,0.13101903269545828,-0.1161870464442096,0.5105036593166629,28.244087777939995
Nmcs,-0.07178468975677677,0.12372380109530715,-0.38018353635103247,0.34081245792149895,35.87743129431864
Nmcs,0.05776736800274648,0.0683544775769332,-0.08242232644220682,0.4055501308457672,32.86605282042136
Nmcs,-0.16565411332804464,0.03427752022499391,-0.14161708261444955,0.37170510921208383,37.97786480115631
Nmcs,0.15824033227569448,0.08277074618418065,-0.27005734529972913,0.44032213998004804,26.845657022352015
Nmcs,-0.570478709565692,0.06355931112525769,-0.050589812803645204,0.4806837653951345,30.046797416984056
Nmcs,-0.16565411332804464,0.03427752022499391,-0.14161708261444955,0.37170510921208383,37.97786480115631
Nmcs,-0.23952329778815368,0.187564758983052,-0.1639818981675589,0.4891984039422403,33.05257223468598
Nmcs,-0.24201211004569012,0.20520942232454975,-0.0602039623922664,0.48303840222425076,28.407069738218667
Nmcs,0.23918383895493955,0.13154632827453552,-0.32973992592931917,0.3114369551280884,36.5244671297633
Nmcs,-0.4081160128787956,0.24411537768734526,-0.30939355607785457,1.1424388402309025,77.99030592210916
Nmcs,0.22546158891835327,0.029129541713679756,-0.0946002707807128,0.3047150693410265,39.9330745113296
Nmcs,-0.16565411332804464,0.03427752022499391,-0.14161708261444955,0.37170510921208383,37.97786480115631
Nmcs,0.1701857241299225,0.025195450005128343,-0.10184068654545293,0.3011637955690317,41.14474702746645
Nmcs,0.20954692084447735,0.028667498598512132,-0.12996879921562474,0.3059060139792851,38.764617360138736
Nmcs,-0.23952329778815368,0.187564758983052,-0.1639818981675589,0.4891984039422403,33.05257223468598
Nmcs,-0.570478709565692,0.06355931112525769,-0.050589812803645204,0.4806837653951345,30.046797416984056
Nmcs,-0.09954416642238634,0.054331089261437496,-0.12292561819301845,0.3790810000965625,37.251656270036044
Nmcs,-0.16565411332804464,0.03427752022499391,-0.14161708261444955,0.37170510921208383,37.97786480115631
Nmcs,0.07068534882039906,0.1701105329401172,-0.2925661038046899,0.4809440651325342,25.053259487061347
Nmcs,-0.24201211004569012,0.20520942232454975,-0.0602039623922664,0.48303840222425076,28.407069738218667
Nmcs,0.06241074139211415,0.05478138536594655,-0.34318243266110604,0.3932292730555542,34.705040048472725
Nmcs,-0.27010661804779984,0.1520139608409093,-0.23207047490612995,0.20853666759191067,47.61686705879829
Nmcs,-0.23952329778815368,0.187564758983052,-0.1639818981675589,0.4891984039422403,33.05257223468598
Nmcs,-0.499160948568938,0.08232075947374166,-0.03832206631252991,0.5112831891327008,32.841519790262986
Nmcs,0.05776736800274648,0.0683544775769332,-0.08242232644220682,0.4055501308457672,32.86605282042136
Nmcs,-0.16565411332804464,0.03427752022499391,-0.14161708261444955,0.37170510921208383,37.97786480115631
Nmcs,-0.2763332867139311,0.28999806456538113,-0.26476140679843274,0.4950997298189461,51.88486002171497
Nmcs,-0.24201211004569012,0.20520942232454975,-0.0602039623922664,0.48303840222425076,28.407069738218667
Nmcs,-0.2763332867139311,0.28999806456538113,-0.26476140679843274,0.4950997298189461,51.88486002171497
Nmcs,0.22546158891835327,0.029129541713679756,-0.0946002707807128,0.3047150693410265,39.9330745113296
Nmcs,-0.4894270071997285,0.18116393867388975,-0.3583562524389626,0.2695124330817309,53.342822824203985
Nmcs,-0.24201211004569012,0.20520942232454975,-0.0602039623922664,0.48303840222425076,28.407069738218667
Nmcs,-0.09954416642238634,0.054331089261437496,-0.12292561819301845,0.3790810000965625,37.251656270036044
Nmcs,0.15824033227569448,0.08277074618418065,-0.27005734529972913,0.44032213998004804,26.845657022352015
Nmcs,0.1249480571362607,0.1374995656712065,-0.02673419254187956,0.5460903639516484,31.423311050165413
Nmcs,-0.4174715890733641,0.09033929592737423,-0.1057408108411956,0.49782204447819606,27.64325297044849
Nmcs,-0.23952329778815368,0.187564758983052,-0.1639818981675589,0.4891984039422403,33.05257223468598
Nmcs,0.05776736800274648,0.0683544775769332,-0.08242232644220682,0.4055501308457672,32.86605282042136
Nmcs,-0.2563102159237933,0.2859650481348199,-0.1610422965608176,0.651308001787898,43.573969438373446
Nmcs,-0.5373386127817003,0.054718936462232595,-0.058492976189920484,0.4922752081468178,33.63575055499928
Nmcs,0.21149228880621496,0.11055425980131058,-0.1050623264285201,1.3249272851741818,92.06325395201584
Nmcs,0.2827376982947997,0.09469442387121006,-0.0270881143567327,0.4322571310431388,30.768154918355563
Nmcs,0.23918383895493955,0.13154632827453552,-0.32973992592931917,0.3114369551280884,36.5244671297633
Nmcs,-0.4141486197670331,0.15262820398145355,-0.3578343308293753,0.359138689820547,56.68883532751475
Nmcs,-0.22242481605434847,0.41380466930748694,0.05556746918464201,1.3527313852018628,96.9745672851754
Nmcs,0.1701857241299225,0.025195450005128343,-0.10184068654545293,0.3011637955690317,41.14474702746645
Nmcs,-0.499160948568938,0.08232075947374166,-0.03832206631252991,0.5112831891327008,32.841519790262986
Nmcs,-0.24201211004569012,0.20520942232454975,-0.0602039623922664,0.48303840222425076,28.407069738218667
Nmcs,-0.1718493844652409,0.1583243449109601,-0.21577897227941237,0.38218698045799326,59.19182139166334
Nmcs,0.06241074139211415,0.05478138536594655,-0.34318243266110604,0.3932292730555542,34.705040048472725
Nmcs,-0.16565411332804464,0.03427752022499391,-0.14161708261444955,0.37170510921208383,37.97786480115631
Nmcs,0.20954692084447735,0.09469442387121006,-0.05109675407161321,0.4524201731885616,32.67633785566741
Nmcs,-0.16408185043401596,0.2753982285976536,-0.19973777403143989,0.8082232593589884,39.62875605720946
Nmcs,0.16977913815945578,0.11447897968495571,-0.039544113275903445,0.5098378702615143,31.423311050165413
Nmcs,0.18770792516270632,0.13101903269545828,-0.1161870464442096,0.5105036593166629,28.244087777939995
Nmcs,-0.24201211004569012,0.20520942232454975,-0.0602039623922664,0.48303840222425076,28.407069738218667
Nmcs,0.21149228880621496,0.11055425980131058,-0.1050623264285201,1.3249272851741818,92.06325395201584
Nmcs,0.22546158891835327,0.029129541713679756,-0.0946002707807128,0.3047150693410265,39.9330745113296
Nmcs,0.20954692084447735,0.09469442387121006,-0.05109675407161321,0.4524201731885616,32.67633785566741
Nmcs,0.05776736800274648,0.0683544775769332,-0.08242232644220682,0.4055501308457672,32.86605282042136
Nmcs,-0.14489877642089946,0.14577911161779827,-0.08254008438581968,0.3661079796963322,56.91120994155689
Nmcs,-0.499160948568938,0.08232075947374166,-0.03832206631252991,0.5112831891327008,32.841519790262986
Nmcs,-0.2763332867139311,0.28999806456538113,-0.26476140679843274,0.4950997298189461,51.88486002171497
Nmcs,0.15824033227569448,0.08277074618418065,-0.27005734529972913,0.44032213998004804,26.845657022352015
Nmcs,-0.24201211004569012,0.20520942232454975,-0.0602039623922664,0.48303840222425076,28.407069738218667
Nmcs,-0.23952329778815368,0.187564758983052,-0.1639818981675589,0.4891984039422403,33.05257223468598
Nmcs,0.15824033227569448,0.08277074618418065,-0.27005734529972913,0.44032213998004804,26.845657022352015
Nmcs,-0.19504658218462548,0.11797062948483046,-0.04154912458820965,0.22119530942420113,52.04295856340018
Nmcs,-0.261787385374251,0.11412172306719481,-0.09441835822212462,0.23494300636907414,53.86353077686444
Nmcs,0.22546158891835327,0.029129541713679756,-0.0946002707807128,0.3047150693410265,39.9330745113296
Nmcs,0.1249480571362607,0.1374995656712065,-0.02673419254187956,0.5460903639516484,31.423311050165413
Nmcs,-0.4141486197670331,0.15262820398145355,-0.3578343308293753,0.359138689820547,56.68883532751475
Nmcs,0.2827376982947997,0.09469442387121006,-0.0270881143567327,0.4322571310431388,30.768154918355563
Nmcs,-0.24201211004569012,0.20520942232454975,-0.0602039623922664,0.48303840222425076,28.407069738218667
Nmcs,0.15824033227569448,0.08277074618418065,-0.27005734529972913,0.44032213998004804,26.845657022352015
Nmcs,-0.499160948568938,0.08232075947374166,-0.03832206631252991,0.5112831891327008,32.841519790262986
Nmcs,0.15391939653116912,0.15350415028288017,-0.24019052139299715,0.5005851427235213,27.841674528404326
Nmcs,0.20954692084447735,0.09469442387121006,-0.05109675407161321,0.4524201731885616,32.67633785566741
Nmcs,-0.13457218399093004,0.121940357213942,-0.38244059599623426,0.4887437808199115,30.34559559219606
Nmcs,0.16977913815945578,0.11447897968495571,-0.039544113275903445,0.5098378702615143,31.423311050165413
Nmcs,-0.4174715890733641,0.09033929592737423,-0.1057408108411956,0.49782204447819606,27.64325297044849
Nmcs,0.041648240955310535,0.04958928443464666,-0.08995549421371021,0.41728682121660915,32.108798351366225
Nmcs,0.1249480571362607,0.1374995656712065,-0.02673419254187956,0.5460903639516484,31.423311050165413
Nmcs,0.15824033227569448,0.08277074618418065,-0.27005734529972913,0.44032213998004804,26.845657022352015
Nmcs,-0.038225465649281004,0.11774121708128156,-0.27643225873322036,0.36495750683529476,32.40828494433307
Nmcs,-0.15042888133737528,0.14659795718319094,-0.2131134838635704,0.23342275258728448,50.51464613839567
Nmcs,0.17363212445982337,0.020181547302984222,-0.13760697944804945,0.2788105448524203,34.27136351374131
Nmcs,0.15824033227569448,0.08277074618418065,-0.27005734529972913,0.44032213998004804,26.845657022352015
Nmcs,-0.261787385374251,0.11412172306719481,-0.09441835822212462,0.23494300636907414,53.86353077686444
Nmcs,0.05776736800274648,0.0683544775769332,-0.08242232644220682,0.4055501308457672,32.86605282042136
Nmcs,0.05776736800274648,0.0683544775769332,-0.08242232644220682,0.4055501308457672,32.86605282042136
Nmcs,0.15824033227569448,0.08277074618418065,-0.27005734529972913,0.44032213998004804,26.845657022352015
Nmcs,-0.2563102159237933,0.2859650481348199,-0.1610422965608176,0.651308001787898,43.573969438373446
Nmcs,-0.23981146051552282,0.2498037892150955,-0.055949282056478755,0.39367913069511024,52.1899105784831
Nmcs,-0.3029538944772862,0.15271004216279593,-0.04632299954405907,0.4617090033021052,25.539596965721017
Nmcs,-0.5344386851113117,0.10661213918923676,-0.13636604526418736,0.5149475498752303,33.91022287856313
Nmcs,-0.038225465649281004,0.11774121708128156,-0.27643225873322036,0.36495750683529476,32.40828494433307
Nmcs,0.23918383895493955,0.13154632827453552,-0.32973992592931917,0.3114369551280884,36.5244671297633
Nmcs,-0.1718493844652409,0.1583243449109601,-0.21577897227941237,0.38218698045799326,59.19182139166334
Nmcs,-0.6270478916216273,0.06477970106014087,-0.04146210084487965,0.498207482799353,31.873766055496144
Nmcs,0.19510010726271998,0.03235523527524215,-0.05020331512473052,0.4129991359480785,31.97982743449241
Nmcs,-0.1718493844652409,0.1583243449109601,-0.21577897227941237,0.38218698045799326,59.19182139166334
Nmcs,0.15824033227569448,0.08277074618418065,-0.27005734529972913,0.44032213998004804,26.845657022352015
Nmcs,-0.570478709565692,0.06355931112525769,-0.050589812803645204,0.4806837653951345,30.046797416984056
Nmcs,0.07038734561883678,0.2629858806767304,-0.29763221219108715,2.128433505011949,62.989536175984135
Nmcs,0.06241074139211415,0.05478138536594655,-0.34318243266110604,0.3932292730555542,34.705040048472725
Nmcs,-0.3864159787464152,0.2638223112480955,-0.28089837337703977,1.2179403046469284,81.38112562942703
Nmcs,-0.13457218399093004,0.121940357213942,-0.38244059599623426,0.4887437808199115,30.34559559219606
Wave,-0.28942678295154284,0.11083142005736288,-0.36902892755188027,0.2878984723397995,48.47282837039848
Wave,0.07547097512550412,0.16489415413601727,-0.2767405673542098,0.46351825425023163,48.82188061790381
Wave,0.23082111441788694,0.5001838270671193,-0.24320255466463184,1.814349595511727,81.96453037731422
Wave,0.09875266227007903,0.06581706542510035,-0.1608367118459012,0.41184935328828587,34.30047313996999
Wave,-0.5047393440077033,0.08889633906009867,-0.30520194941661155,0.5126190918638948,31.79272131058456
Wave,-0.09015252513242944,0.07679530241773906,-0.3460412504402885,0.46243214572517854,38.23888588813409
Wave,0.2908301842817177,0.10357022624990797,-0.3397210995352578,0.3020490890991427,49.31404771511592
Wave,0.060758261637886085,0.24569206385810133,-0.08781047039344138,0.5013425662376522,36.240547251226296
Wave,0.15499517904994706,0.0380639581615373,-0.263571963578819,0.28277774890368124,36.221047811354524
Wave,-0.14285775424636035,0.028440582907659117,-0.39836740932574666,0.3650237609126894,32.72414404745993
Wave,0.13844633319380165,0.042196066055946044,-0.38575076163869626,0.26154407108904587,35.40326056028195
Wave,-0.2092883011529198,0.03956382995343165,-0.3526519655463061,0.2786325557759127,40.028602828923354
Wave,-0.1784998143430716,0.07287894896998467,-0.32404361101264806,0.3266121981127607,30.895447872566844
Wave,0.2799774639997809,0.1328341039234103,-0.3071911017726005,0.2902046366939997,48.3057321512404
Wave,-0.23522524580722945,0.08951558173789395,-0.40475534026407567,0.2890249197217484,38.04945566469131
Wave,0.2754843467627495,0.20694045557493296,-0.2992012282901773,1.2712949419143518,100.34601887590719
Wave,-0.25520725661871235,0.14071898532787988,-0.3661880257181644,0.35831863690688925,40.9778809830019
Wave,-0.3356001669867816,0.08507820334090153,-0.38540785909291597,0.4557773437574251,28.13553233182327
Wave,0.45019698389509655,0.16517214292259869,-0.29362594377892004,2.0656145084728945,42.64615825508008
Wave,-0.42442662179691637,0.12703472812161132,-0.2388532266063111,0.39308466379088547,29.384663252357015
Wave,-0.14143616560863603,0.08716371374393325,-0.41284828261562506,0.4766467386744303,40.64739841126617
Wave,0.12475236734011749,0.11944113959169418,-0.3130280925617265,6.367581670321754,266.15632947776123
Wave,-0.08946836055873295,0.087025818486599,-0.36151634225752394,0.3222635080748949,34.56175462133127
Wave,-0.1997947021638209,0.08601576085602289,-0.43814175436616065,0.47739124140903977,31.289591383513415
Wave,0.13074893468644017,0.24833144421787293,-0.12008146823169587,0.5008439976021215,41.5264833929359
Wave,0.05105133868691121,0.06813221239603115,-0.4050039022173022,0.3941959578806412,30.955407601907368
Wave,0.1673170143981256,0.1572323235929623,-0.30278280305477084,2.099543338092697,37.0466991198028
Wave,-0.2598048612967827,0.04596129159950129,-0.40170184434203443,0.24496055609588657,40.353504758500605
Wave,0.04580736794265536,0.14845981879834974,-0.37083991379347453,0.39682579007602814,25.037106895654205
Wave,-0.15404538339963797,0.17808248161007684,-0.2662485247770133,1.74463976728221,56.844224724291074
Wave,0.11465286273565364,0.07251779218510113,-0.34025834559226104,0.3454868231614199,56.40980768337359
Wave,-0.15833678999210213,0.10630594436759733,-0.254792641562295,0.2201230145505322,44.29353291022564
Wave,0.2433727954430129,0.22662375523307365,-0.24160360002159734,1.2177449871740886,84.41831014709923
Wave,-0.20651475849735776,0.06037938913398705,-0.16782416607705525,0.41040036456365936,29.700828936718853
Wave,0.11760677164694681,0.1337789313428684,-0.38475340107545447,0.37987040134069144,39.580566565670544
Wave,0.14884706407308013,0.18844222649106068,-0.19909131725829066,0.4405358648574142,32.5025176442651
Wave,-0.2712141782554752,0.1756811625261777,-0.42187170928410844,0.2829022319772235,35.377148875314774
Wave,0.2244219289397611,0.14261606926327025,-0.30834709202146376,0.3511465721690583,59.95945629656415
Wave,0.145792026330057,0.15690954613760702,-0.30487424927099477,0.7980847303605656,30.005670650517864
Wave,0.5548471719143477,0.27278932166780934,-0.26131527273066013,7.481563994435405,321.35276338782444
Wave,0.31766944713492695,0.20523443250692183,-0.2972781308949887,0.43871839671858703,36.52186390733395
Wave,-0.04176740865744831,0.07521291114551916,-0.4074269335085385,0.192831978333014,40.9045627075455
Wave,-0.10693380585774792,0.055039897750131316,-0.3158414185939171,0.19211525614354702,43.14215791971907
Wave,0.26662843479749243,0.12904661614186447,-0.11700802311174197,0.3621223590215722,47.871793469687894
Wave,-0.28210799750994764,0.051090559421706774,-0.2422082384382166,0.4540826388530595,35.257291199298166
Wave,-0.08590790361452667,0.17758110745436,-0.3531478986098263,1.2153149023177297,92.37072606565606
Wave,0.340301648753755,0.17308822829755072,-0.1410444393739465,1.3160666708989075,90.83277106617845
Wave,0.16074916688349178,0.1730087196674041,-0.4180304380534527,0.3448605474331815,28.967091017606023
Wave,0.21704040716766534,0.32955541334888994,-0.27912900997701007,1.376415317703106,100.19824625357761
Wave,-0.1176948421016426,0.21419788993776998,-0.14950403804500473,0.47373994878385783,45.27867144471334
Wave,-0.13640569428549637,0.12407599147312923,-0.32217354515543545,0.22577026909982806,44.088663941813245
Wave,-0.15376818056777872,0.06360625578992032,-0.27707997378299554,0.36381726136925285,50.11665201680532
Wave,-0.15232306304608786,0.2487110311143974,-0.05972975845809324,0.4987154519631156,36.870849741415995
Wave,-0.24434662907142696,0.05878996551233386,-0.3585906197520882,0.31684500343445243,40.944360249962685
Wave,0.5323891821182679,0.2212202277210343,-0.22305423394484927,7.458454728065968,317.3502641853592
Wave,-0.41754883472349263,0.06738647242880966,-0.33371975688301564,0.24724694586053994,53.14828474754863
Wave,-0.12480985056522137,0.07493820634618156,-0.23805606512437333,0.3103184135351413,41.33767045890033
Wave,0.5327930087503958,0.26047413238525186,-0.2885000206535551,7.494524732473197,325.4124054250808
Wave,0.15589714911050073,0.06223319986187494,-0.430031722743255,0.22629308961373837,38.2378682281207
Wave,-0.11208854020081963,0.13814148199161808,-0.2757810240519524,0.36967720924057285,39.48260983577623
Wave,-0.5351433159974343,0.20323293624530098,-0.07923360760135978,0.5349888123726769,36.78727709876899
Wave,0.2378501775361928,0.15719861533185567,-0.3848413889968558,0.6459745329842246,60.82343064507017
Wave,-0.23569864831510393,0.14166531406023158,-0.11707314534741241,0.5010072528550559,27.526027649495106
Wave,0.06761380330994651,0.05290523899339346,-0.36015283307874435,0.29722127834492534,31.762956624340507
Wave,-0.3262450223093662,0.045497028843209275,-0.4000248633541675,0.37656883955738435,37.82953507144749
Wave,-0.15264073532624556,0.019777693859768124,-0.384060820786274,0.26902542250979367,39.853445512334986
Wave,-0.22936818368745326,0.05146436237300669,-0.3464468513331748,0.3847331060027903,57.018932217930974
Wave,-0.04822269444066409,0.009738204031861483,-0.40936591103423964,0.3416393391720193,33.356964820184785
Wave,0.1456323891243209,0.025295115680410707,-0.41477680943608697,0.33908643473562394,37.12299361089798
Wave,-0.19360738929409427,0.0929178881101255,-0.3093002892453004,0.4013181028633946,42.275395362355034
Wave,-0.08106844311837673,0.07722641946335858,-0.3986889824759995,0.46566740028383535,33.23873502199371
Wave,0.04703867151226841,0.025873584954132528,-0.40444729586705214,0.24067785291732158,43.166486682590076
Wave,-0.10258004870077822,0.09234069752602667,-0.5025722004198353,0.3742719460373874,44.35899025633249
Wave,-0.12379315018530218,0.20211847442115594,-0.25721702209745717,0.3362225718389611,52.225955009176324
Wave,-0.25051264399333795,0.06807054011042928,-0.25140592789120003,0.4858284987381084,35.34201616746596
Wave,0.31651156835490635,0.30109297867334545,-0.20791561768927677,6.921766092219315,273.693388153863
Wave,-0.07770135978532115,0.07582312492411095,-0.3320812585713041,0.4253038075451655,34.42227320615091
Wave,-0.22202200651036264,0.016434397179892903,-0.271142257418386,0.41318915986370736,35.9018618692132
Wave,-0.16994025082384828,0.07974581435450709,-0.37059759195996067,0.2261246710264282,49.149644093270716
Wave,0.0347387102996732,0.11832424248044507,-0.11215891610246605,0.4735590703153162,54.307037986845025
Wave,0.09262155285835168,0.056685400724074964,-0.3555529761496431,0.368195345532336,28.102638778268332
Wave,0.24373188249204103,0.06830587165921258,-0.36686984567372816,0.3535199432420167,48.75908574123149
Wave,-0.49486620416139765,0.06726830820793739,-0.3575343597333192,0.42604420836411233,29.380574088436596
Wave,-0.39092420370453607,0.07077731111276293,-0.11027486195902422,0.436493236640208,34.34447845365913
Wave,-0.24148992562411145,0.022750969058431537,-0.39744216783277003,0.4455915251515971,35.553430002576356
Wave,-0.2772997969816039,0.20980329495844705,-0.45669650021911157,0.21921906536181332,41.480440420708184
Wave,0.10642865464220394,0.08832208665695057,-0.165405604125791,0.2902760772510165,39.755685965203014
Wave,-0.18949324321253047,0.01889732265547824,-0.4162139057455893,0.37017331517578156,32.432610266444165
Wave,-0.15950514503663626,0.02095120715092989,-0.39157465530850416,0.4055262940610092,38.56198894806804
Wave,-0.21609139883653333,0.12013400069008325,-0.2914937590671661,0.34970942625315693,41.04273976921499
Wave,0.18416930992783667,0.11864121232627864,-0.3464626820980035,0.22161513588975432,48.649371848135395
Wave,-0.310828225875648,0.3133343404451795,-0.05174736678239788,0.5380524223907683,16.15805136227228
Wave,0.1939129610045041,0.06387262376225385,-0.35831044956565467,0.36576684114147423,49.47667379262189
Wave,-0.23730519541786377,0.08141560633789414,-0.07567402805322287,0.5032766353440826,36.50631610774847
Wave,-0.1436332671250643,0.06503508709787695,-0.43500621243522036,0.3934729099722173,40.159638225028004
Wave,-0.1720707741471984,0.05390279292347526,-0.2538592813765565,0.2155275536975953,47.039816706527574
Wave,0.19437982891169978,0.1517369280825606,-0.30419489767960883,0.5284042385486064,69.51715007848344
Wave,0.22008296716729422,0.13245577813028525,-0.28936739090497837,0.26272453191053213,41.26489177926394
Wave,-0.1472587044507482,0.05288086248651698,-0.4464444950124043,0.27616191832326503,37.53154160826335
Wave,0.14012653428616062,0.1839117507236779,-0.3214390819808414,1.2573252991310824,88.78929827730107
Wave,0.1464392935899706,0.10308532624106251,-0.3781093165585611,0.6125358843370832,65.28626053717664
Wave,-0.14261611739345928,0.1661670655185679,-0.45532749392943284,0.6360725125971989,37.21531408695939
Wave,0.07670789679232237,0.0864598890771641,-0.37121351282286275,0.31750499734420085,30.239270545070216
Wave,-0.1743309155371669,0.02252780622073391,-0.36826919639851996,0.36801626930422454,35.93178104742279
Wave,0.08549605961339389,0.08618246444431513,-0.2965754083698796,0.30872657273489607,31.312230401992533
Wave,-0.2359196259463928,0.07233688807237451,-0.14901394287592135,0.3876230378170058,24.978277995338324
Wave,-0.6212332945314805,0.1796771049660713,-0.055006412136974714,0.575003643083844,28.984639865197366
Wave,-0.051245720279350586,0.11798152909868084,-0.407415994405485,0.47296030622448654,33.90032094347117
Wave,0.07902496231498518,0.21948838566302725,-0.31610063911535086,0.6721784893335481,60.49317676098295
Wave,0.06179828612237559,0.0933580732377574,-0.36884061035021287,0.2923963904489076,33.083405655422666
Wave,-0.44262131187922904,0.06588664314602757,-0.1768795335399359,0.4471004871223899,29.64728523223867
Wave,-0.18175409606189386,0.062305088345822913,-0.30858468586204696,0.3108580582361732,42.87489637020794
Wave,-0.5004339871202494,0.10626041432787539,-0.24278484945897003,0.39212727388101176,42.88544103982637
Wave,0.1076711181013545,0.10433872063687469,-0.2801998918949051,0.36647345329099773,58.59324821569528
Wave,-0.2777238994783574,0.03357776657498733,-0.340897060118201,0.2992239183783664,34.59157442558889
Wave,-0.19135657224453295,0.11914522173592361,-0.3000962722842226,0.521780622689522,26.536970584657695
Wave,0.4313545674614082,0.1323668101903775,-0.2276344316310885,6.334312736062035,264.7128478417571
Wave,0.4165779784992274,0.14858052861200224,-0.22760393574447327,1.1806140310900688,86.8020877540766
Wave,-0.12983163605397546,0.045461722706140364,-0.4722626319787698,0.3814105542053557,30.61111745435941
Wave,-0.13442398470108935,0.04858355731263343,-0.12171987492539292,0.303702979960303,33.273136493163705
Wave,0.18744151026229142,0.17311673394992494,-0.28369007965818605,0.3960950374626881,53.35174964464068
Wave,-0.06067051518294084,0.05998181013938101,-0.4431049738387246,0.39456757966184164,35.22680402243952
Wave,0.15075555650729983,0.055835310460280986,-0.3379274202498398,0.38588502621782145,35.31703816388823
Wave,-0.1989260460641633,0.1520510188055492,-0.12920183920068104,0.4296764195713963,27.62667430515327
Wave,-0.19370503195993277,0.07951701158616889,-0.25029357859994805,0.30646117114077304,59.14077226993442
Wave,0.2376572687294421,0.1407837594928076,-0.3000014392531157,1.721824807623345,56.39236060197928
Wave,-0.22908541359489065,0.07328852929139647,-0.23391695034754195,0.3266337978549213,32.99045619600068
Wave,0.2381950007503166,0.1831360827596628,-0.26681917563480917,0.3424943070884417,38.38020812712338
Wave,-0.24922537092684177,0.021180591177190376,-0.3244199352043633,0.45442815517006835,31.781468848804852
Wave,0.30934722182660107,0.15608635400902343,-0.23226071953858138,0.4053555169781716,49.04664768303187
Wave,-0.05934130427357505,0.09274049987097073,-0.3361188522780544,0.26579210294648004,34.84749647542804
Wave,0.10074263740899994,0.022178682378683943,-0.3990545285433255,0.30730193720391535,32.68072518458226
Wave,0.4329282169677269,0.0731250955185599,-0.2864949355891993,0.3907920026012448,53.45847654996125
Wave,-0.534972266798867,0.0331784365682927,-0.28168939587553066,0.38799196025798427,41.83238803747971
Wave,0.2197013829428411,0.04065714571784794,-0.35353737957570497,0.27930997338385644,44.045444812216274
Wave,-0.29865692704266417,0.1194519446013115,-0.26160379584347765,0.5305519973602614,35.00093030997814
Wave,0.040833297022035975,0.06937312308675674,-0.45409753539308345,0.28086736484334573,34.01548868450986
Wave,0.17713228766447553,0.08395858347088542,-0.284832236593574,0.31989233941587075,51.48832402484861
Wave,-0.5231998160061762,0.10780131892132479,-0.28186023277417965,0.35557774942171394,33.35555134742673
Wave,0.09263502283929216,0.05817396300847666,-0.28541549637678115,0.39541629599292527,34.79272336649483
Wave,0.12852579525288746,0.06859885702097585,-0.27908920703936885,0.319238994818942,40.390147663255874
Wave,0.24940892282441673,0.08555122658324657,-0.30015080508720465,1.2373743486008846,88.42471658571571
Wave,-0.10822413091716132,0.13238515191459754,-0.14822863449325915,0.4528073901968334,39.210650322712254
Wave,-0.12586461582502367,0.0590920419958725,-0.34510790374540573,0.3133658083806858,33.56573711527896
Wave,0.344183817110027,0.12023281445667502,-0.23282986795091098,1.15313734672801,84.49581704277513
Wave,-0.09015252513242944,0.07679530241773906,-0.3460412504402885,0.46243214572517854,38.23888588813409
Wave,0.07688429563108655,0.14273281888048428,-0.2160879651282985,0.3142486985336371,43.057679782190995
Wave,-0.037021927525188805,0.05731898827276187,-0.39642858146103344,0.3791557498425786,30.094523170833334
Wave,0.10545684460011401,0.12498864996651782,-0.12068723740311403,0.414747354332865,30.313811557124932
Wave,-0.4141150248402651,0.09654035528315928,-0.14909161165289855,0.5274016179636742,27.86783474489756
Wave,-0.5121032401490766,0.016955338259403468,-0.14838121156204973,0.31436376655436593,40.44042824674331
Wave,-0.060852558243916124,0.03587535420236752,-0.40859619692564453,0.37719450356140866,39.82540731294612
Wave,0.16634994903119155,0.2206833848528042,-0.23260385055429333,1.6865580585463655,45.31874437229935
Wave,-0.23223233252351771,0.1393950112824427,-0.27620429383395434,0.5491016387301277,32.924437140936604
Wave,-0.3205725666047183,0.052225644902467304,-0.4121754988159634,0.3572268452137267,39.2676153533179
Wave,0.22703659041595026,0.04764835529611859,-0.30961867127732695,0.3155156944582595,31.24097126875376
Wave,0.25167166126045115,0.18908419113457645,-0.291819766853872,0.301283405829938,44.910165566603325
Wave,-0.06021375612582311,0.09886133289587133,-0.30972991793678734,0.347208258875267,32.88093122891198
Wave,-0.3520266510486133,0.08843934174206047,-0.23636418685015637,0.1967272764991316,49.479106291021075
Wave,0.1324704324934453,0.09546195839672414,-0.40756409296944784,0.2307560492612356,39.96382221159726
Wave,0.06821272736306712,0.1281869443512898,-0.4240984266667342,0.4354116144274149,44.29732221982541
Wave,0.2187494095957313,0.12012220192356629,-0.46046861327897887,0.3712622603225456,49.37813387884751
Wave,-0.12416028764343637,0.03866785803729063,-0.3653349406204681,0.39867709225630477,40.77827323636924
Wave,0.2108744933264931,0.19083906004312542,-0.3339217285730057,1.195788161527178,85.62057142597973
Wave,-0.23328084605710508,0.03300551088013406,-0.39145777970916246,0.3818954759621604,37.62698780653109
Wave,-0.1530418650677257,0.24402710977148695,-0.30042989969026,1.1675093582139415,75.96098498063556
Wave,-0.14226844552484488,0.0339305976014589,-0.2745221128833661,0.24961219511874877,42.837871967331985
Wave,0.09680200663925201,0.1291817589733504,-0.27533250278743393,0.40359289119742764,26.736503533302145
Wave,0.0743463625856561,0.14592507249660222,-0.28015559207017665,0.21816266956522382,40.2980662591105
Wave,-0.10476461714845,0.08142753660626725,-0.42129894534480783,0.401626798969421,28.285118359195256
Wave,0.10695374579532468,0.09138497237933871,-0.3451712913336163,0.4625255158524081,50.50370382856711
Wave,-0.5423926939429877,0.043970009280798895,-0.1495275518139796,0.2930287547516813,39.957054973638265
Wave,0.21765511989531117,0.10332507584062982,-0.4079667326249887,0.27959384161640793,53.81574029859342
Wave,-0.14495473756861513,0.07251631465055368,-0.17627200969824053,0.4890176009218744,32.13562165341706
Wave,0.06700657979291567,0.0698139498957295,-0.3538978290988467,0.41195012735634445,51.33037343856783
Wave,-0.2856396746732125,0.0748551550358794,-0.2872842974732645,0.47271326685280785,29.4237609378226
Wave,-0.0997616410183686,0.052285906848213236,-0.4476136467493784,0.39256121802189403,30.61111745435941
Wave,-0.26373816160622154,0.17100566287800914,-0.26075860750185453,0.4850686031048424,44.93543476526848
Wave,-0.14559109996089456,0.12361555147180399,-0.3584079196713341,1.2908213860430393,90.5021678197151
Wave,-0.1229455773904517,0.03916608880525166,-0.2087037391846179,0.3142470768841642,42.33660142023163
Wave,0.06915475534355903,0.1551041111624479,-0.2502514723941981,0.3914303092113854,54.54538603031372
Wave,0.23895513130063142,0.039747892369048854,-0.3437637413092485,0.34190796462296186,39.228000573798866
Wave,0.14789523935814408,0.01748808032062067,-0.24460840263991745,0.3482101124940439,33.960065953228465
Wave,-0.11987876323925924,0.024202167564395423,-0.3341875845231447,0.281081827740171,39.156916786620016
Wave,-0.15154442524691883,0.09597931093227131,-0.2409294287598293,0.4859341756422916,31.4719258666238
Wave,0.1200499950992463,0.130015370997203,-0.2079192669593023,1.2157484378715064,93.3350745511179
Wave,-0.23946275666391512,0.21325901295403446,-0.1691783522587011,0.6100405222407161,66.4021348952821
Wave,-0.31377445417908434,0.017897049831820146,-0.1629053332011427,0.42814875256383145,33.161208059182414
Wave,-0.22054135019016657,0.0810858767399218,-0.34489319447196254,0.4731561021181199,40.78966974846387
Wave,-0.1985781533437241,0.06714089846230906,-0.27621056570241387,0.4371917313059903,34.45529567089393
Wave,-0.2883641398675116,0.08803802002911224,-0.1218512004608769,0.4274209492279987,39.005356044518045
Wave,-0.15596865433852863,0.18834752436976201,-0.20883721501316696,0.3791206395067595,47.11607771163418
Wave,-0.2507762127570468,0.051157619989867384,-0.23297610894231194,0.42782045178905287,31.007936914097975
Wave,-0.13736725372247785,0.1454388680813413,-0.3916180259040749,1.2643345216954023,92.33469740946246
Wave,-0.1008981809286302,0.0250219025941149,-0.3895488135366685,0.2802800018094588,32.70327295904289
Wave,0.16999404633154488,0.04913639672926687,-0.34067641324304787,0.3492609415094874,29.585024991992675
Wave,-0.15159836088652484,0.06502004858088964,-0.3942635793157905,0.3484545049955097,43.83763535571395
Wave,0.11215261187543396,0.03362987671101609,-0.28487803458133837,0.21378933573564798,48.66866891112913
Wave,0.12710402021542205,0.17993906355678324,-0.2629414786985503,0.2914679963315545,38.836728001489675
Wave,-0.3614661775654445,0.09675645851692254,-0.21828406697368102,0.4396059063904227,38.87909627899393
Wave,-0.39292626890831805,0.24844163660712243,-0.37937132497441756,0.27819704810638457,44.45513537479536
Wave,0.5245336510326686,0.17890299101047177,-0.22107424880376592,1.4285791696588204,83.48109219626338
Wave,0.1629299078580541,0.08362561772243914,-0.23757620433478113,0.5515046023524475,30.230529196630826
Wave,-0.32316031769036413,0.11276493721969696,-0.28783015523794814,0.34914329993941856,44.71607606532878
Wave,-0.13897817640344656,0.08032061666027619,-0.21756766882312636,0.486261779298774,29.031096812496983
Wave,0.11645665892375365,0.04834316229842404,-0.28682124727627717,0.4331132355062416,34.11764746800973
Wave,0.11271527435797876,0.16834946329743677,-0.1251136667797602,1.1546018447886393,83.56749004757495
Wave,0.19608459997105498,0.13504589377096396,-0.3522420569854949,0.6369898322092039,31.567872471644524
Wave,-0.3991120217655615,0.11355521190249003,-0.136410125701387,0.3987666427703769,25.94924701551193
Wave,0.14800778408392767,0.3667206092462801,-0.14727744199433787,0.36525500218640433,52.05946716773368
Wave,-0.03660286119895512,0.06032386549611244,-0.12360216744426376,0.2621995068487342,41.83836427989743
Wave,-0.3897834280973186,0.044881199364879075,-0.39549070781564216,0.4711064187641659,28.634953330200403
Wave,-0.1542588109498748,0.08446033671108123,-0.2022852993431288,0.35149903542940286,40.67328009648584
Wave,0.05807857094624523,0.1708846362333896,-0.33090858170578163,0.47907742263913455,40.24462517870137
Wave,0.1442831641819951,0.0830728531037281,-0.35403185197848214,0.27733128938855967,44.00217689086533
Wave,-0.47035918728452514,0.17540874445522983,-0.14360926039175642,0.5069577995590255,33.2516716369469
Wave,0.2800603060031842,0.1405474056024699,-0.08479467997150192,0.31231970814944865,52.64866407867563
Wave,-0.27482861327709884,0.05166278706600498,-0.3870760779192971,0.28410248480465017,34.871736916279524
Wave,0.37721514742972395,0.1542854359781842,-0.27472147072757275,0.529285860655667,44.17412482118041
Wave,-0.3315125966250504,0.017057324039284127,-0.33896113030913116,0.30676259846935605,38.58968182237909
Wave,-0.3720140586834645,0.014785996074654278,-0.4001451916999289,0.4257326136316229,32.008095468860766
Wave,-0.24138333090948888,0.1282618957816394,-0.14885252815496888,0.5034940679701385,37.72205276112982
Wave,0.29030981656848587,0.09462560763587632,-0.25060752022566096,1.1057713323304756,64.18783348726198
Wave,-0.0858501799438897,0.026054827232607602,-0.36436184354062884,0.3695063835500128,32.84492264760815
Wave,-0.3592233551603863,0.10680317140540199,-0.3325404538612847,0.2287399066840593,42.94188618856454
Wave,0.4214947163574743,0.153991472306516,-0.2912472132648335,0.7594340224745714,28.93505749474837
Wave,-0.29867917603171007,0.09003483100185458,-0.3127555713427521,0.3198222380688807,50.457211718654605
Wave,-0.09418745666886034,0.06233199703107065,-0.36845231475806534,0.4199492731691284,50.59078977333227
Wave,0.09436768526576832,0.12363071177650883,-0.1923983724954168,0.41121669525773946,46.28850470450933
Wave,0.09620262685507203,0.22599749416664103,-0.30858814770396037,0.4160970313026261,62.10895708916856
Wave,-0.03944825738833738,0.06503941678166439,-0.4037638314052484,0.38442896988386505,38.12397308821256
Wave,0.21560164146213667,0.14179045646235255,-0.3156676133868905,0.8222685739605076,26.445795876978796
Wave,-0.11537806107006657,0.2358962182450735,-0.12012955103710025,0.44165601549218186,52.051452955728465
Wave,-0.525729376867111,0.07921107542833085,-0.28102191143343264,0.34838134727021086,41.90458212509319
Wave,-0.3791651732303889,0.11061600900762372,-0.31598292291747343,0.36451429180667977,51.91733810612645
Wave,-0.17254887986168516,0.043152672062554145,-0.36046999601968094,0.40975601705120446,31.263799766828814
Wave,-0.22239866382242973,0.05948375477936736,-0.3653838894731783,0.35990008326394635,50.49431937135988
Wave,-0.47877217812355843,0.07134102049446565,-0.38913450714503867,0.37103566126840903,31.850756826837156
Wave,-0.4122513418588299,0.2674004410242072,-0.113489762177564,0.5285142657731623,41.82074797255641
Wave,-0.15047388455164112,0.14334366530102222,-0.32170225192851143,0.3435924381361023,31.515366608227865
Wave,-0.0972081833234557,0.1438483399029938,-0.34631745839356726,0.5300306466355248,31.396124715932096
Wave,0.05365516126961528,0.09243749635765561,-0.35705321982856675,0.482384455915268,25.699062886031655
Wave,0.23571317761236266,0.04864145797279249,-0.3199803090944782,0.21797010822476112,40.1582803182291
Wave,-0.31717949501441883,0.015612564858497246,-0.41490823895034584,0.3993279105861605,34.633385894372566
Wave,0.13662319971714285,0.04265422261758681,-0.40223917542679055,0.2611363700781016,34.099444489922895
Wave,-0.16147100719380925,0.06689655938194078,-0.39200742783657927,0.3221913250499048,36.693010276074936
Wave,-0.18496655337172194,0.1469314275047386,-0.3564514788034178,0.4193923529669788,34.507292576350984
Wave,0.0867336837656199,0.10532481140077588,-0.4232463768228673,0.2727628742096944,47.74980996365036
Wave,-0.35028429269035594,0.02826151517344507,-0.3367011161215216,0.25135744890873235,42.39063555827429
Wave,0.04326712926788177,0.11010333637052813,-0.25208876100188804,0.454731624693495,33.76601452598771
Wave,-0.3811451519537927,0.11075316905319163,-0.12181222309591139,0.3429136757821066,37.97774366057734
Wave,-0.10716635781994305,0.11766576614851956,-0.44850334797482755,0.2562605417856364,52.5071554555556
Wave,-0.303717840790026,0.0024976648471595232,-0.2673651738921755,0.29709213172221444,41.73744458159647
Wave,0.18379884918083725,0.13485132529311403,-0.3620732160171951,0.23948262347637844,40.041485569029845
Wave,0.051111667212959525,0.09835520626324437,-0.3933747371348859,0.3280971654371547,43.659259551733236
Wave,-0.22309160486130034,0.19545852468823582,-0.4442342874709241,0.39490805977760574,54.14376598259915
Wave,-0.43000801885806095,0.06067285760988085,-0.3323725650149168,0.3464844845356176,39.828449128300825
Wave,-0.2508859565567214,0.003921381850493389,-0.3866483455798782,0.38714244119490826,33.33604924649722
Wave,-0.1190697652167904,0.067761058529846,-0.28497028072657926,0.43086898712506455,34.984813015992
Wave,-0.04952083360211759,0.1488093003433832,-0.34441203427992706,0.37108000077251563,38.52683505982346
Wave,-0.4053101101701906,0.0533763493830024,-0.16538752603734622,0.4142522968206858,33.24011416696452
Wave,0.1148086691468864,0.22213171879791696,-0.29536831600817076,0.3156400873373526,52.25528810841395
Wave,0.23215662467564574,0.08153933457996382,-0.31365500346012376,0.29959446971300574,51.6334128290025
Wave,-0.3055247846024082,0.08150493647786511,-0.2848202497962286,0.42208109626735124,40.43375248629157
Wave,-0.039950906491856966,0.1330523467598473,-0.3527824504834859,0.4690069560901959,42.6513823948149
Wave,-0.5135685814100861,0.04966292586676301,-0.14368938325658756,0.47244841558997935,30.543336733974783
Wave,-0.10939755520730035,0.042734596780950006,-0.36951814954141676,0.3803719772494291,40.86787527149204
Wave,0.04596579674938649,0.06658225141300586,-0.33541328358403094,0.26707692547729994,35.41370404479611
Wave,-0.19999657509542032,0.09118313534757516,-0.26852377471045025,0.5106175290399171,29.84794399316086
Wave,-0.12169131024912541,0.025780203045540722,-0.46639058984636195,0.3842284540510519,37.41493606595402
Wave,0.09691771708581616,0.12102749061746391,-0.3869875286294018,0.4114232146280505,32.84591775174971
Wave,0.3250828923482205,0.037873382402432175,-0.2639163131399178,0.3177435429441393,34.10216579690047
Wave,0.20769221484358935,0.06475482150096487,-0.2669540952882842,1.0742074681888691,67.2190127642923
Wave,0.3643925759398735,0.05302023586587741,-0.2905177116925533,0.25667771277027973,49.4702617925572
Wave,0.1002806166636667,0.10566536218216482,-0.2485852117221997,0.393575452243252,30.194364280058448
Wave,-0.41646035679194193,0.07774096121583428,-0.32641087303897587,0.4422125194799165,30.8574477576424
Wave,0.1907521056862857,0.2402817643138619,-0.25894240765565113,2.486785165043372,23.12738691521041
Wave,-0.05482073853729039,0.21911845363406618,-0.3830418538250727,0.49144440357598684,31.746024456474643
Wave,-0.18309405664381076,0.037283602378208276,-0.34641787755826486,0.33677629992959257,46.396507445198
Wave,-0.18646361655057103,0.10876615476254785,-0.21816514420117397,0.44207973080467466,28.303951590688776
Wave,-0.16151144858028288,0.018503947840972448,-0.370332623443326,0.4259187131760818,32.95474479360205
Wave,0.16410974083103308,0.18905531634985961,-0.06519997296575848,2.0475758754019973,43.62759291861244
Wave,-0.18650392508510366,0.08501257850434754,-0.4515141610153051,0.4053365989519112,43.34767464740728
Wave,-0.09670682589118579,0.09809538467325943,-0.27478815433007053,0.5564524608143775,33.155237052181086
Wave,-0.1950151010123981,0.11744298444333942,-0.38871461947979097,0.29313638805467496,49.48046640118238
Wave,-0.23557920990952586,0.23517072592328664,-0.30521251210303574,1.1983560880399855,67.11976939413717
Wave,-0.060538263521755356,0.14729092590821333,-0.3068864858070072,0.45566848098388774,23.50209795291818
Wave,0.05105133868691121,0.06146842954561197,-0.35187942024070606,0.40041110826276194,38.0075848530402
Wave,0.22770469214932915,0.13314092281292234,-0.42084817442417,0.4117785524386394,30.062375298570515
Wave,0.25092010944525694,0.16407742822135382,-0.35312919707538754,0.2523964638418385,46.56114070858074
Wave,0.13247008114466627,0.16219380731485641,-0.3503825746791931,0.47197509599652515,67.79861562765755
Wave,-0.33685421409127636,0.14917953751491247,-0.08383898426312464,0.5430251830627015,32.12410958989601
Wave,-0.10788166605533128,0.008886436470272208,-0.3236518887147852,0.2797921190080518,38.6230204344403
Wave,0.323749643499,0.12917675514186394,-0.39719961922771996,0.40585310727408136,34.406563328859576
Wave,-0.14140469636658776,0.09794473900902637,-0.4104718418121431,0.2315403158568601,38.24721878535264
Wave,-0.39501562594875006,0.061758098943466,-0.3596514069583026,0.3147414169524042,36.74817569801856
Wave,0.11949831036245141,0.18040873018681697,-0.3280829116055182,0.3834625205093602,32.04089470920822
Wave,-0.3628587957408106,0.03534191816425647,-0.2855219689703709,0.46921374275957856,32.50226210240875
Wave,-0.40650367404886883,0.15587178134353913,-0.4127407991334815,0.264034020750883,46.291167690359444
Wave,-0.08846300237089494,0.03573527221475124,-0.41362036695466453,0.37121872086207625,32.16708011804421
Wave,-0.06943685161830328,0.13912597580762576,-0.37089056431341977,0.3089908184689474,52.66222274210722
Wave,-0.5211547898356677,0.11560294366250827,-0.37436858561690445,0.4298393384333921,38.944827941862805
Wave,-0.29363688790795617,0.03989399694930736,-0.36303176792638187,0.3785878635299535,38.936340079818436
Wave,0.22796433540338748,0.09530167029066952,-0.29949862471441624,0.28768090410312885,33.988983306697556
Wave,0.18752520281110752,0.040602717315260474,-0.3361640480628732,0.34999674691653004,31.147206819784586
Wave,0.03492117877036731,0.04699966696222492,-0.3447909210373715,0.3641990419019367,38.798098290484695
Wave,-0.23370270477817018,0.066121321108394,-0.35426744342973937,0.3526948180173951,37.70795294493967
Wave,-0.3280122328019809,0.24940206965554287,-0.16318052427933208,1.0805761621262369,84.09337767260904
Wave,-0.2511730176759277,0.11584154303160041,-0.25648913856475414,0.39317135172908846,43.589774241385804
Wave,0.3272180992908483,0.1499427431838078,-0.26265125838264775,1.2193151406262557,86.08917978363723
Wave,-0.35106322815697816,0.12398271446707618,-0.4329180312697632,0.4664175807643131,28.476387546520407
Wave,-0.4609500744756684,0.06069514616441296,-0.26062461494984984,0.529607517495115,31.34373629519461
Wave,-0.08644268048869597,0.05915689918049529,-0.36416952286428744,0.2807792721572331,39.82281070147394
Wave,-0.6278047765029486,0.08201705725463859,-0.3085498839094886,0.38072255949393385,38.6940574918219
Wave,-0.22554978575791215,0.09036185328404198,-0.33868471409252504,0.4732900864045697,36.872730330684
Wave,0.23972954676530042,0.15297316472574485,-0.2757482138740268,0.7680457057328175,31.92340509139767
Wave,-0.1277597139021479,0.2248331834608775,-0.3585122953878065,0.3128522859973861,39.192064026282836
Wave,-0.27744856009515617,0.11918605919400146,-0.22828812408434873,0.3331591095604768,38.881195858954605
Wave,-0.143947840957577,0.10645960760182951,-0.3521182729263633,0.25700417615478793,40.330875861191856
Wave,-0.0972081833234557,0.1438483399029938,-0.34631745839356726,0.5300306466355248,31.396124715932096
Wave,0.14744252704169536,0.13120179547037392,-0.4579182569270597,0.6148319135386225,63.870865553682215
Wave,-0.36905374157169424,0.08935076837251885,-0.3732572870719188,0.4069089861476037,34.363514927247785
Wave,-0.22356859267714319,0.07326166877692371,-0.26029200469458036,0.33081078785783957,27.906324146347902
Wave,-0.41567045283245674,0.06680150041024058,-0.22420313770459294,0.17726552573475027,47.37369196108046
Wave,-0.44344493580521965,0.11624901080861103,-0.2742693271083015,0.49015286134034125,36.37836924425828
Wave,0.11544072907033365,0.06187799779220095,-0.40065170472572015,0.3004050352904639,35.42454344164066
Wave,-0.32215246571278117,0.05829536263470493,-0.2162576756997235,0.3972874941383806,37.54008952746221
Wave,0.35299370600320634,0.09728168361100158,-0.33114367157312413,0.26117950858747085,50.89780785735979
Wave,-0.20148108167545958,0.10170818656501565,-0.2835101132818048,0.3392639407398874,51.501708977324775
Wave,-0.3027203174910124,0.14970339755405399,-0.24451125951937316,0.3068753379399342,57.928759090983355
Wave,0.24212187023515772,0.13969746627364749,-0.22466826475872914,6.768035557751364,259.46364961337395
Wave,-0.5236213412661701,0.12512359113808116,-0.16971265333517543,0.3442955432682929,44.69562981998862
Wave,-0.0907165521038411,0.05058324583393119,-0.39045801541397573,0.44956391525340617,33.821459902654574
Wave,-0.09038151055795135,0.1356134440846522,-0.20987945315718404,0.5061288881685488,26.51161315023094
Wave,-0.5091604674271201,0.08164819337309592,-0.16064944892168442,0.5066795844922699,30.478608688190516
Wave,-0.47186006460611235,0.08104190980377489,-0.21149712763908307,0.3831767192523819,39.25753984874062
Wave,-0.3586678122789546,0.17769996625063195,-0.09975637246492325,0.5038504484094288,38.29439207721659
Wave,0.05463037404375995,0.07976709339978275,-0.39749805809876815,0.30227461388478566,31.960690354029595
Wave,0.26118947715662627,0.13241209126938275,-0.3918227486217406,0.27466083081960935,39.33246180276592
Wave,-0.051826842236433274,0.10157100015565053,-0.30993141217719583,0.22543854829977694,36.39126127716611
Wave,0.3512510340096328,0.12134748729769189,-0.3046728616817545,1.2011684051441174,87.54181354019758
Wave,-0.2268236510122107,0.03601385034879505,-0.40201843880785476,0.3249994401488933,33.594286636499845
Wave,-0.35043062301280115,0.08601988999939945,-0.2565075080208783,0.1869086387186003,52.584051263238884
Wave,-0.584543770705741,0.02460846552819054,-0.1480655075061444,0.5088552601925844,29.6593278569074
Wave,0.10352969721918717,0.11199959209167379,-0.31620829071170087,0.6146818856425001,30.72151573994813
Wave,0.14585060332902877,0.06679863091370893,-0.31213832508000167,0.15352869977801828,47.74344939827686
Wave,-0.16304349577898786,0.1167405432408685,-0.29146265931030874,0.2693830194379994,47.1886676262805
Wave,-0.16680734329453983,0.07837860386815731,-0.18752989757376595,0.3884640958135908,37.53004081307852
Wave,0.07920942731107543,0.10032891796885923,-0.26378704959371224,0.22415295774745753,39.01548054956005
Wave,-0.17198457002268885,0.06610922340634276,-0.24721579062286955,0.1511555401006873,44.74906233396056
Wave,0.08343572313036299,0.08219753515010782,-0.2811030716920461,0.21189513826516498,38.319181845120475
Wave,0.31238960746090727,0.12412158531682409,-0.22055058703470626,0.2554123212462925,36.86682576434472
Wave,-0.3699552599614183,0.05934063239346976,-0.3655542518983191,0.4868835084410546,30.16548516279915
Wave,0.12549215259344818,0.05180616924048106,-0.19621744434283825,0.21698040935198648,47.354409356255914
Wave,-0.376944083806675,0.059010886083505576,-0.3618856047943684,0.31196238402394477,32.116344066415365
Wave,0.10802919633891696,0.04559100531352508,-0.405125581500261,0.2689826039108777,39.02909172970019
Wave,-0.13143845274316762,0.09580414210665945,-0.25239120737216003,0.41658245059327353,42.920736268155565
Wave,-0.10053101527891858,0.055947398450981414,-0.4173718744727847,0.41583816231939913,41.88830671293456
Wave,-0.3125361626755888,0.06077613925999392,-0.3581578519757176,0.31271617181374084,36.16486672225744
Wave,0.16706205748206945,0.049722333882593756,-0.13205070243011807,0.15117017053576695,39.98373348667535
Wave,0.11008366271134071,0.034314407343504,-0.368637214842782,0.20199027500071853,49.60049865722776
Wave,0.11828495007936042,0.2770177420644496,-0.2229403432949666,0.39103257287135784,29.787209585458932
Wave,-0.17269545998338393,0.12042006783903578,-0.33330947532646343,0.3812919215161114,23.874960498966203
Wave,-0.23650715746649148,0.16010989034349984,-0.23824122410705317,0.3362035952471381,60.674793547294534
Wave,-0.27383143899219364,0.1826547838612282,-0.2226262048332994,0.46050429921784,42.65400794987376
Wave,0.25387068375928884,0.19208656022856904,-0.2685011583437731,1.5469668542258708,59.74943289057731
Wave,-0.2130400094905841,0.012580633484204934,-0.23125669907072594,0.44716461367449684,31.410607758404257
Wave,-0.04961503582641078,0.04804827052269434,-0.3601891254312631,0.41572063655644054,27.991832718819317
Wave,0.5168748952928082,0.17545682896363846,-0.25353216024529335,0.7424745011302774,33.1346468755847
Wave,0.1456323891243209,0.025295115680410707,-0.41477680943608697,0.33908643473562394,37.12299361089798
Wave,0.21023206814657378,0.17195588544653298,-0.215316315955407,0.432542568532578,56.3385209029046
Wave,-0.12437658882945046,0.021945404875522313,-0.45509445494335327,0.3272295565752971,35.65637520649841
Wave,-0.4111076101627369,0.009720476403572084,-0.23220266956672056,0.45238357292091796,33.90167047759136
Wave,-0.4242750361118544,0.06115929690269319,-0.28852790171380893,0.3753280056868622,36.48044733336894
Wave,-0.06894607486406731,0.058957089811762745,-0.4188511284958054,0.4568460702908952,35.53873824939016
Wave,0.06289362164730027,0.07620769463156607,-0.3272151051051633,0.2872625885861496,34.30133305230081
Wave,-0.15645577966643887,0.16699131056079217,-0.3637443727102329,0.4253154195678047,57.9685941168928
Wave,-0.20182387270259666,0.06541451908005923,-0.4554118920141513,0.33501040476922783,42.29069727364021
Wave,0.11239380090411846,0.12782564349927114,-0.21319264711383626,0.3353718759579976,34.58525597462533
Wave,-0.19043482350388924,0.1432446085244569,-0.20127850862507043,0.5787637156436437,24.768714970196896
Wave,-0.03969474964956888,0.10794446862284293,-0.2630526637945139,0.3654729189432818,42.470444569213264
Wave,0.2960269808919805,0.3480439943724955,-0.24347919851121402,2.5081630048807155,21.271761769689324
Wave,0.056719958451113967,0.09284443051251579,-0.45373493785302543,0.36711866957250444,46.93180989028543
Wave,0.2048852763425696,0.13656335345310436,-0.29000196497414654,1.3585897537863978,93.7035773867503
Wave,0.1395012072674324,0.027155643286414823,-0.30887681788922045,0.3795233728220463,30.808154942535396
Wave,-0.2306820711485847,0.1501538039147496,-0.3529009413075056,0.39039494193418844,48.5368442926154
Wave,0.13228153334435114,0.12030620875481561,-0.33226969243332893,1.4621642135723196,62.806174161712974
Wave,-0.3208869555037412,0.17693462782696218,-0.11164421472233553,0.5767129211753373,25.987186530445044
Wave,-0.25595163126778425,0.14393041789922784,-0.21545831206027105,0.46553844484921875,43.65160291777004
Wave,-0.2850634019832459,0.1225604003113385,-0.23728704007736742,0.40592724322226753,50.134403786223935
Wave,-0.27376449559115856,0.0653454348803841,-0.3269219328770107,0.4358793721454717,31.397753043909656
Wave,0.1151842668668743,0.08436060286659466,-0.3863009063779568,0.5064968444724423,63.014890235365975
Wave,-0.15702907626863633,0.09069600971807604,-0.4583492648924336,0.3657175959956793,35.1057775007103
Wave,-0.13101769442926597,0.08735725113662905,-0.44307143357303574,0.4126661201043212,41.10267596979722
Wave,0.06641898225264435,0.06065064549027026,-0.37875301039272957,0.28537303331389624,38.616182300585685
Wave,0.14517039763224077,0.09157211072782079,-0.3635187696368207,0.36580563291858276,44.674543893093684
Wave,-0.11696287515251216,0.04283191084657869,-0.3618960078595681,0.3750039690841853,28.685752040644047
Wave,0.43590942325692494,0.27577303636886497,-0.24833039107323987,2.7959948655701323,77.79783332975178
Wave,-0.21301654092607286,0.05502476368238248,-0.3354592993250817,0.27865267460909926,38.947016763966595
Wave,0.06928828158902786,0.04110728533893908,-0.31085419734989117,0.30374771613626994,47.470454020005974
Wave,0.25936747409919986,0.2497101206827141,-0.25475155699911595,6.826345111632826,255.85090097722403
Wave,-0.12334726447237443,0.14197612458390288,-0.3534280128947124,0.3406152016765102,43.37141289831024
Wave,0.22972686776744408,0.13197122436034694,-0.16234208859395344,1.9599981695130497,36.99718334906534
Wave,0.09100530910331055,0.09704293585926463,-0.3522824704299358,0.5245235335963037,59.98704896150703
Wave,0.33884476395242125,0.15138817648980907,-0.33002585059501466,0.39061073760146164,37.66245259990462
Wave,0.16342082067733738,0.14866063132204907,-0.27743442090438436,1.720296580679307,58.30453224479002
Wave,0.5548162021650124,0.2886928536677018,-0.2133597092297822,1.5668389381294,92.33172945154827
Wave,-0.5069238347859667,0.050296879517687,-0.1648480080334204,0.4068590216981354,38.35717430772409
Wave,-0.14478527423717272,0.039413833073376134,-0.3672385961200195,0.24263154711824092,43.24202787654908
Wave,-0.16677172106170507,0.028213051309512894,-0.3732736201855721,0.39018507844592043,33.7127403179777
Wave,-0.08358320960699636,0.05668210893786185,-0.27650921003823625,0.4204086934080772,57.346498489236815
Wave,-0.25992857053815155,0.0983228007106797,-0.273800553702281,0.22141383629036687,45.727741899145364
Wave,-0.28715371618488733,0.016900661828773457,-0.42469986106468666,0.37464790048612107,32.70568192365825
Wave,-0.21924145311671261,0.020674190785459935,-0.4273178238646062,0.3909570905329148,34.059508012358705
Wave,0.2677424925567049,0.6488417090829578,-0.16137186631163092,0.656149078872173,77.29590099206128
Wave,0.1456323891243209,0.025295115680410707,-0.41477680943608697,0.33908643473562394,37.12299361089798
Wave,-0.09056428381802746,0.24911519466574128,-0.3026288823238286,0.38009521922269274,40.02510501940051
Wave,-0.27785001388008895,0.07089318498732805,-0.2894922232834855,0.3347647273885084,41.695973867836344
Wave,-0.09015696537562655,0.08400763196326207,-0.32864008848644477,0.3950140089042351,51.63105449895147
Wave,-0.2037695625899025,0.01443862638760578,-0.3057730689284779,0.4552487505112944,30.445346546335134
Wave,-0.3334026891471397,0.035208677379148165,-0.23199809013222245,0.436850117443757,36.168679007440375
Wave,0.2190805760641586,0.30658502568043755,-0.48902914476852827,0.41931373457808846,54.595902508892195
Wave,-0.34206074665737757,0.04241741947436536,-0.26951386989660286,0.32199158258361743,31.266778848516623
Wave,0.08653273635328868,0.14760812895038844,-0.17299840093050908,1.1800450655910268,90.49346548781969
Wave,-0.10533819063514213,0.12562572534385363,-0.23057097526696393,0.4687779713756153,36.17374112102771
Wave,0.08232673207476805,0.027417917276040826,-0.35459229518768287,0.3383646979005004,29.852752036698053
Wave,-0.18783382558388215,0.030925845082799736,-0.41488036401076483,0.38638551574546726,38.70713893322742
Wave,-0.07954099003178025,0.014917268521901639,-0.42109678093533365,0.26730103662825394,38.31134048308141
Wave,0.49701406231095485,0.18545216540194032,-0.2613895284986142,2.050103832197039,57.5064438118269
Wave,-0.17854698640589553,0.10318009923621892,-0.4648955325769603,0.3456959929927324,36.48676653211591
Wave,-0.2069559785737908,0.07472132393485968,-0.30620630850687003,0.35818572833038737,28.549111554254296
Wave,-0.31252165184576897,0.11861414233944682,-0.1985464469090221,0.438400814846633,28.3683701304823
Wave,-0.30683364444507133,0.029385837289968908,-0.19109854052904254,0.39656229905559237,37.615808647268565
Wave,-0.06762405815336958,0.02493416947058299,-0.32024630709313645,0.39620475588393017,32.308862079770236
Wave,-0.10918336256813077,0.00937529091791581,-0.3546667556966079,0.3727588576670845,31.96152571517959
Wave,-0.12567795623419303,0.15128370077156222,-0.219813884410894,0.496505851644239,25.43109304963235
Wave,-0.14589431863693214,0.20643448835769523,-0.21572739085374526,0.35654317873449193,45.43438152866535
Wave,0.4013591069372302,0.14251444781783795,-0.24452681766214376,1.3169917371376305,93.37142933745135
Wave,0.3484423428763419,0.12537754422843544,-0.32003671028877473,0.42268350797506726,49.31404771511592
Wave,-0.04959038608472035,0.1228183363603061,-0.4066522906814347,0.48346011893340224,30.972518076805613
Wave,-0.6735922534051022,0.08172576225442471,-0.31786503979706726,0.3941830183919225,34.10671925351348
Wave,-0.24661825297658785,0.04463968289796959,-0.39715489527272824,0.26554518269349375,38.6588057547056
Wave,0.15494657620455776,0.011793716092757898,-0.12400756662611906,0.25615466934553677,39.98778959948486
Wave,-0.30440191685271245,0.016421127436183052,-0.1445847479008177,0.32212503750406496,36.77281224094965
Wave,-0.18037544744091238,0.10924179939619519,-0.09554776626092076,0.38563970680791604,36.82690017083744
Wave,-0.39596090382912247,0.08448818083547241,-0.5137172882387577,0.3277213083434832,35.23531981939518
Wave,-0.21775049128514568,0.03592674147008994,-0.2845330291671753,0.43982797448765226,37.017224967299356
Wave,-0.35100354698848824,0.09373313888374075,-0.25944371801894434,0.5596225946138985,27.58539515629218
Wave,0.24572774020493787,0.11787489284288213,-0.2674754176835687,1.4484202026706952,67.76188456481337
Wave,-0.3757384452635202,0.09412044461761185,-0.2523870649626062,0.32951738256088514,41.29135254226061
Wave,0.2394987737417006,0.21594274672280261,-0.41666882222791135,0.5800617399837351,43.234250634882386
Wave,0.10833307257221533,0.058592104466240316,-0.32292951976187967,0.26208887365398975,45.253024620359966
Wave,-0.24550330306392767,0.14466886867276968,-0.3107440484106636,0.5260728525957985,24.911437805260654
Wave,-0.2556636492763972,0.0514221695377217,-0.3296375340177394,0.41067638592307026,30.506513915164344
Wave,-0.08730023235893603,0.16920477493469632,-0.308527067191824,0.5032780607846703,24.576334772634812
Wave,-0.10512446042131118,0.08638926775782615,-0.39819058262590484,0.358871154625133,34.61612162461468
Wave,0.11215261187543396,0.03362987671101609,-0.28487803458133837,0.21378933573564798,48.66866891112913
Wave,-0.17032446845206012,0.10745942245959891,-0.1630897048485802,0.4690181257215368,42.74986236455601
Wave,-0.1936878383290465,0.06589585918114249,-0.3630765027796602,0.18908799745420327,51.03407008399953
Wave,-0.28654863433192956,0.014612901246747922,-0.3756752935048469,0.37404161735293756,33.97344549595233
Wave,-0.08569597462013001,0.19883040987595307,-0.19432147256797594,0.4796876910207528,29.508538380012872
Wave,0.2348805402922267,0.09773468153410861,-0.34926413259904493,0.44812328879224955,61.06370061496787
Wave,-0.2540287842436444,0.034220644950268525,-0.3569523347478629,0.4072515315722979,38.19785199904469
Wave,-0.21520161339633342,0.03727831110124723,-0.2917294627239966,0.44488629871281943,32.554948439224724
Wave,0.14801175955742732,0.0763297925451368,-0.3219117943315591,0.2774174582876575,41.616527150934814
Wave,-0.29190959306650655,0.0801074737102945,-0.2732725036098924,0.3722344864105377,42.772475249416146
Wave,0.06211719851244615,0.1606650922394948,-0.4155725911855375,0.5025863022381465,35.80513156799899
Wave,-0.17784137831034483,0.24447392012621103,-0.22271643564274998,1.1070404540905363,71.2053329723165
Wave,-0.246066784685385,0.09104373373808525,-0.2110663718190938,0.3470103764119124,48.023315294587555
Wave,-0.1053179880114101,0.1572753379405293,-0.3656477625552784,1.7479379277203113,46.93292086971146
Wave,-0.2465275000469358,0.08821803884005355,-0.37081456318825207,0.34364267181612534,41.86538373220197
Wave,0.15203710481276234,0.06613676991264406,-0.09555036386698898,0.3103946152533194,47.31057264452631
Wave,-0.22468777364236844,0.14041490493644587,-0.2544829662463796,0.573027164648322,30.09663547411605
Wave,0.07604952502543455,0.1062665904302309,-0.2857734419073328,0.4088132044092308,27.190251469212136
Wave,-0.40182231581376704,0.08266234474164538,-0.10405117381063454,0.5150923825202255,33.53740411992911
Wave,-0.11891341247658935,0.032532192494043245,-0.13486052178857805,0.27421313906236205,37.01807149962426
Wave,-0.31899082195449974,0.026502141488623232,-0.26421769721206795,0.31616714783549577,35.42778135327071
Wave,-0.06692196084855115,0.08767736383945009,-0.32796513418830237,0.3245197209075189,44.298490388200776
Wave,-0.16261263535273798,0.19090093658778945,-0.3409477231343468,0.4802533832430406,54.66244329945649
Wave,-0.40109186143231057,0.037327936354007,-0.18065282243502911,0.41958197646643053,38.36085721946724
Wave,-0.2798601037420154,0.11393387187181214,-0.42996126768856385,0.3766773173004911,29.391552136031482
Wave,0.22285687704587304,0.14655748713772856,-0.30445432876704276,0.37723338959104,59.29866596117002
Wave,0.15209275395758975,0.12999122290115442,-0.3440615906917011,0.24160269623492903,47.965129271069685
Wave,0.26824510731754914,0.12651558437581784,-0.2971953467297425,0.7692175613796147,35.69844383350471
Wave,0.09987354367604384,0.20091138951150284,-0.27424831125471727,1.4495855752930011,65.42363113783185
Wave,-0.16013881256422718,0.05337387939490758,-0.45254674684959395,0.3270116333822612,43.403475970571314
Wave,-0.2648651096975062,0.04826231057854739,-0.08304244683814699,0.13192614027857028,48.46527569499805
Wave,-0.08203216651446492,0.04734555430840683,-0.3792433749458669,0.2639727954995806,47.264303384839074
Wave,0.060020845524252374,0.13066556507508123,-0.3360666325546504,0.45217436434491914,23.44558939929499
Wave,-0.05799731429660245,0.09528120435990439,-0.353773697334675,0.246013407571948,49.13167436193371
Wave,-0.12291237151856041,0.016020663421030538,-0.2688602697422815,0.3335828497207478,36.20011077014071
Wave,0.08102139725258456,0.10077951611907923,-0.3670902745427055,0.4880392121427516,27.6281642484015
Wave,-0.09380338405131335,0.08444469369162441,-0.15727923276377911,0.4674383593324991,42.457246258813306
Wave,0.3710295742089501,0.26612407785218545,-0.2711598565627517,7.502484792478385,331.09377894598606
Wave,0.12718766828128686,0.11053590587078765,-0.2854417337136253,0.2517232133407636,47.57131758949051
Wave,-0.17012400175807416,0.17951015045367763,-0.2834584720721254,0.5073017538690454,62.0764752847953
Wave,-0.046972721840104016,0.06851489574616525,-0.40338739392906514,0.291706008051955,39.029748415253295
Wave,0.3231446167897004,0.21336341002263257,-0.2812838735169771,0.5907765962023805,51.72386965410318
Wave,-0.3688715473313563,0.18654868291291757,-0.17143208473640922,0.3857170836991137,35.826293757709664
Wave,-0.17817424997908732,0.1241670956199867,-0.2932557688369814,0.2819133399321144,44.94890971238878
Wave,-0.05541820486894758,0.02546207419576611,-0.34422174496281477,0.4012887082715546,35.13925661056106
Wave,0.16189391997164754,0.2004886532464185,-0.39412747792661773,0.8234219978809524,29.693085386340684
Wave,0.26140950607255536,0.08146437573414816,-0.3495827690338307,0.40531165203202657,29.84278679914675
Wave,-0.10023951889583516,0.11582728749071972,-0.4017322573679541,0.37822289913667245,35.47108506276002
Wave,0.08102989101799282,0.11385293858917267,-0.3644843310288912,0.6228110316859774,31.50470173300527
Wave,0.21854035020389667,0.10590980514813302,-0.272621127437161,0.22581371688889357,36.93626533486649
Wave,-0.23188502474359665,0.12730798625772352,-0.3124679723242812,0.3319513146319572,55.54067674720298
Wave,-0.18445994816561462,0.0797041603873681,-0.30473041234316345,0.39903869910352063,42.62242098457987
Wave,-0.4501260815918362,0.13350352121679787,-0.1700274178425981,0.4524908147260902,34.2442633497775
Wave,-0.2705855329216783,0.16451760429003087,-0.20386368403462152,1.089887235287001,87.98072336010047
Wave,-0.16628004539758218,0.08287365051028986,-0.3190035019258847,0.19359655219310984,45.07479984317667
Wave,-0.1342401378044171,0.03266369069130843,-0.3657560346732732,0.3746071531828579,38.72111094638552
Wave,-0.3604672700745065,0.039102284348860275,-0.41537685662173857,0.46107502613984724,37.34664602401206
Wave,0.19067241157817838,0.1902594443224281,-0.26765297374897584,10.343094082078375,267.52685617070426
Wave,-0.25368180638366666,0.01861917908209157,-0.3212609309781386,0.3740424261714927,38.48375720364333
Wave,0.1416456105872197,0.08374619772353523,-0.18045817625867477,1.2409039707985043,88.67110173095422
Wave,-0.23197236044167258,0.21739668962564615,-0.15207798407444828,0.5333434463499883,25.539276721588823
Wave,-0.1429824204120624,0.10305142785800943,-0.30628429252493483,0.45657240419569767,54.77237717286525
Wave,0.13426107812528193,0.14140379712500573,-0.25740907731339985,0.4039499996059399,32.224945674408694
Wave,0.2252091686152729,0.1259144786809934,-0.20182041394596367,0.6383200928222065,65.02485129916195
Wave,0.3668963838985268,0.16440421886026008,-0.29084439565817194,0.32335191558265797,35.25890815336905
Wave,0.21393459550082158,0.1288759813973542,-0.31351472370880523,0.7620589448678885,33.68217356695681
Wave,-0.19631540064944833,0.12311344247974296,-0.3653109444486083,0.22674886678235176,44.666112269309664
Wave,-0.05541820486894758,0.1122277437950699,-0.36051798086839193,0.45658912144338093,41.64542067000414
Wave,-0.17820743968352606,0.1224937824621676,-0.265727799513731,1.2142581758890645,92.41721120869289
Wave,-0.3008225262768326,0.05944138182696714,-0.3172342639341069,0.4004930740339867,36.048766789476865
Wave,-0.481484700378908,0.09478349331760552,-0.0913984563293837,0.48731813408113184,31.87110167483508
Wave,0.2568631805466395,0.1174073445415372,-0.30995884702732357,0.2964219271277199,49.20993858190217
Wave,0.05117580346553172,0.07813592717620271,-0.417017483311222,0.27619123459576117,38.96493340104938
Wave,0.08048355611328988,0.08695717911200362,-0.3678740090370345,0.3905631349861221,39.029091263070256
Wave,-0.11636112706704355,0.04700818129629723,-0.23066843769305337,0.4245013339786393,35.0525233663977
Wave,-0.35328738967722095,0.19119558624392505,-0.14394709838026354,0.4749826891758517,27.39052509426825
Wave,-0.14774816447531725,0.07662837865117016,-0.18369574807543573,0.23394491317762436,49.29275444516691
Wave,0.10460481992442876,0.13292078132622615,-0.28649212996932955,0.3762768561468904,32.687300570465496
Wave,-0.537343148057978,0.09043500845454007,0.06326730406722443,0.3338801038595845,41.4304356826873
Wave,0.25483528500700353,0.17406916391696053,-0.3202765565543586,1.229511662335178,91.0589672544399
Wave,-0.05617474392704899,0.06567990897469904,-0.3324831245653385,0.47442560848740256,60.45063793089167
Wave,0.17337439993041692,0.154961270708735,-0.278269640259507,0.601916568155706,37.303136523800596
Wave,-0.10042178996832471,0.16531114063706234,-0.36291634691265157,0.2654814511052755,51.39765706367403
Wave,0.13868785103286788,0.28083909549179353,-0.00258253320582801,1.0367655767885016,66.55890435994122
Wave,0.19092516950422928,0.12830990537409814,-0.30769504620528454,0.3559035357052139,61.84353255277126
Wave,0.032352320327539624,0.08021667673234406,-0.4093836055310747,0.45146426027276076,51.06098778906979
Wave,-0.2989876333748422,0.10001170020504276,-0.2477269098457765,0.38131006146738317,60.50890636314054
Wave,0.293330063671019,0.1098453351304447,-0.27725433418959367,0.5589819742585362,47.60310018150382
Wave,0.20952648773297244,0.1369048640479158,-0.3600804983287521,0.4296265588911487,50.85288572123763
Wave,0.276445616406421,0.1960246088241951,-0.21801054723091418,1.3852647262910311,60.06617756790928
Wave,0.2536032370911249,0.07338167632312897,-0.30082047176132237,0.3974991329703206,32.961956829874175
Wave,-0.25560735121265465,0.047700465277081605,-0.37054216580000476,0.19434099801058505,45.43278765082679
Wave,-0.6050270657225406,0.03803422038958032,-0.2495940165258363,0.4398086095026657,39.51206207747852
Wave,-0.5995371338436825,0.16500475689928532,-0.3066120783272694,0.4005832301551922,45.82581260163296
Wave,-0.07309619229873456,0.05112457091226934,-0.1800260730918817,0.41845347138188166,51.38015676325562
Wave,0.3709156220678929,0.21831806323033506,-0.06449986107827728,0.446255457295789,53.29771014992716
Wave,0.15792207586932155,0.03541525338653306,-0.3316546397339607,0.29848215482858925,37.591987959310224
Wave,-0.382285480730898,0.04524047468909999,-0.3864617709383259,0.4707292769414395,36.77007021598858
Wave,0.274989594808579,0.2078129649996797,-0.23352202062483537,0.4008397622273813,38.459199397234435
Wave,-0.356638265164494,0.03153393943810264,-0.2842800025397252,0.32844923303367135,42.66299646525632
Wave,-0.41576280013684785,0.162430953683884,-0.29652010101244347,0.46795528498276345,39.547737930577476
Wave,0.33831448960860083,0.12432543925152253,-0.3503259283322893,0.3351606370578484,51.97992580687024
Wave,-0.3365926023011465,0.0899293579280825,-0.05920052380260539,0.4514687507548285,28.317692137223034
Wave,-0.18805255329713677,0.10525876436201957,-0.36097455932434347,0.36560446195924184,33.43880855994116
Wave,0.2465990001340494,0.1161437827587343,-0.3259413853992486,0.274092889645334,41.12810621279507
Wave,0.353386626458288,0.19871256977477464,-0.2993897942487936,0.583599931605152,67.67383987745508
Wave,0.12232975309393651,0.16757782391531548,-0.35879515776589616,0.40219358828782664,57.60688498945775
Wave,-0.15583742000033776,0.07067206554224649,-0.34281953758643563,0.34660496123534745,31.33569180189295
Wave,-0.30600523270451735,0.06466878463991839,-0.3572203994045256,0.45377327164125314,32.19589109987884
Wave,-0.3715041464792529,0.0978248181973586,-0.12211905548583676,0.5041735403381407,27.242225923805755
Wave,-0.12823675378823934,0.11445004431144004,-0.23190754787533432,0.47682394474817535,53.7159238575924
Wave,-0.0970768212855248,0.08181833923722334,-0.1288439705363285,0.43628295045223797,34.130238110465264
Wave,-0.07172292540926861,0.1238417027761404,-0.2009738176382902,0.29024998125973106,38.60719770726433
Wave,0.1847752057700812,0.05936585438016547,-0.357746424980842,0.314010417985548,52.89006153158058
Wave,-0.248937544614121,0.12339546780525086,-0.1336716624025521,0.45831272729945405,38.87689887183659
Wave,-0.21346481269498657,0.1935491707481608,-0.29764870484563344,0.4058980995681168,54.7190485828276
Wave,0.26406339184792565,0.18881344825295548,-0.2498594148218714,0.7642951899404591,39.923350604953214
Wave,-0.40017454082779486,0.11235736403123772,-0.2572183924301187,0.42147954350027095,30.52095444918557
Wave,-0.28627767559265926,0.1276139324857602,-0.5343329032214067,0.3074554803525417,49.236354986142516
Wave,0.1392913555462722,0.11408382873238758,-0.3056245445653221,0.40315625755154677,49.22604976378746
Wave,0.24720990594431763,0.16247713305657147,-0.09327349363976051,0.46443148475927076,26.57402090772907
Wave,0.2332517076692798,0.10565821737341219,-0.39488009531091556,0.39914658640078066,31.56420660810613
Wave,-0.33715143817775234,0.08417353905600988,-0.06775791204186539,0.358393651156572,34.64458676264935
Wave,-0.42788876243009566,0.07985713969697862,-0.2882464532747146,0.3615220074805503,45.08445747522945
Wave,0.1316799547098691,0.36594720173289763,-0.30030034755774476,0.8641100958915585,47.620839123521726
Wave,0.1681021336904535,0.13398294830415175,-0.2543683642064965,1.2242490394291397,87.60975914071736
Wave,-0.08759655771184888,0.15680350418168834,-0.3526634415038189,0.5280797213966326,27.93110088683755
Wave,-0.31165980580463964,0.20579146159755224,-0.08688866227219706,1.3124683936026051,92.06490076245865
Wave,-0.2508575540392708,0.13139001400761205,-0.10981427237252714,0.3413607407224857,35.95602924776096
Wave,-0.12604143277283736,0.07388624991449429,-0.27989974064399736,0.41670481528752107,38.26757072687539
Wave,-0.11332735871831703,0.06609999498134876,-0.33584270832009544,0.4471186749438898,31.771221618864352
Wave,0.17295561247027752,0.13607635445217162,-0.3160994044393237,0.2954193561587912,43.43743935620081
Wave,-0.04769590332109032,0.030956028076281956,-0.39338423538841527,0.33181405025600413,39.5666421731233
Wave,0.18544007917258765,0.08491493845968359,-0.35429169585666054,0.24041403224221872,45.08689585722099
Wave,-0.2249201298096013,0.07857490826009991,-0.3193033763132682,0.3956597423646061,25.690174651887293
Wave,-0.16411074572114792,0.05257506181337792,-0.33474039776494496,0.3809070437284383,47.384655666918775
Wave,0.2924799062654332,0.12012731449169307,-0.21016094494411466,1.0755185988375113,79.91309408122612
Wave,0.08366901216884462,0.12345842543082583,-0.3404925595621256,0.44772887343799683,38.22123860725238
Wave,-0.13446118228762874,0.0836716455132056,-0.3569584961651735,0.2944078112910451,38.97125401475214
Wave,0.09346277168546016,0.19856744760690065,-0.35142534420713123,1.3859901136896464,98.76594609479211
Wave,-0.16997357901405238,0.09974788655698527,-0.3967456715842692,0.31155789261972067,38.247590673767306
Wave,-0.05155739747441635,0.08832434711066643,-0.3647517526067303,0.42921866792790564,33.16451105729768
Wave,-0.28462972547015086,0.18203138351280795,-0.2929319550830572,0.39260241839451665,50.1822293392691
Wave,0.18745702309249732,0.09490792173538518,-0.30715096698880573,0.18587328778083181,46.804911220502
Wave,-0.2450929996966819,0.01892853095340174,-0.2956252225159208,0.3110156039885224,35.13779140400514
Wave,-0.20484267142164905,0.14720741442736512,-0.22508435353373865,0.2361730904943234,50.79098948211085
Wave,0.21892131881975005,0.12402040263758311,-0.3706442907886616,0.24334325490127268,36.736036918585086
Wave,0.1855451453177926,0.15232924607510473,-0.2937838143210707,1.1249769772575466,83.90563332896537
Wave,-0.1354583393297029,0.007186484265325048,-0.4439575843951059,0.3571913151057115,34.038403602333155
Wave,-0.19514727810013455,0.025033637492444905,-0.40715397405730736,0.387671566076274,31.37391578104462
Wave,-0.17765054434515995,0.17620693709923888,-0.25924017877779987,0.3703990452297069,42.32500188311753
Wave,0.05021344177790003,0.09089968176397797,-0.2505501242045596,0.34251314665750904,28.32086370115337
Wave,-0.3952003402152541,0.006965859062427572,-0.34155997933381477,0.3984086698997245,32.98358055502044
Wave,-0.08462462678740235,0.17813780676675045,-0.26895779076465337,0.44146486650127337,42.95292656442534
Wave,0.25700033121440985,0.13909200587992185,-0.3463212894708061,0.4322080929246286,56.65935960982226
Wave,0.0725207731041056,0.159942437712096,-0.3984588699941643,0.24685153916994418,51.32862734385347
Wave,0.1745982337205265,0.1466833383252632,-0.2437050417726201,0.5372065543334047,58.387919616396765
Wave,0.41452723573247097,0.2503841363226703,-0.20343059400314217,0.614245121854032,58.38155231956263
Wave,0.0947828290128888,0.051697016147408216,-0.35341577473768254,0.41483265067247493,29.25820233558202
Wave,-0.26047288083981673,0.04687714499388091,-0.13436307711541925,0.4547168057875275,29.255939625827978
Wave,0.049259732701113126,0.14762349408814512,-0.4258018845000716,0.4698276068663981,48.29240450401967
Wave,-0.3575905952843103,0.10994241978135814,-0.25746902419484374,0.5182024879633398,35.501809446063746
Wave,-0.12520826835985266,0.21168250837773234,-0.2019666933559028,0.5564543907666945,34.36044440780786
Wave,-0.47381546845879274,0.18510629121676586,-0.31273708522125826,0.34070652510985716,29.36946945924214
Wave,-0.2625929076051823,0.03175049953490121,-0.45762767028128143,0.3392258560510396,37.0514589777452
Wave,-0.07153693489223269,0.1152582669975176,-0.3654455348821685,0.3303074017420456,46.233046072027946
Wave,-0.09112528989672017,0.11900103199094114,-0.30675205159277136,0.4412520934304383,50.993685611673655
Wave,-0.10873819212495933,0.16776853219713958,-0.1724023173827797,0.5616828931794666,25.505613472603635
Wave,0.28050078550049073,0.2766480799413161,-0.41572386453096705,0.47956561974529077,49.934978253522196
Wave,-0.41842356004831205,0.023735455438976327,-0.3800908993729298,0.3576162619337717,31.862550443957367
Wave,-0.11127190799268735,0.019208837052655914,-0.3710533381149746,0.26596620404248783,37.17218315419635
Wave,-0.3349228582296381,0.04950212084323222,-0.07926381828683639,0.44467863873950264,30.592366385582533
Wave,0.28643198282008503,0.14286739940459908,-0.31627994659541797,0.37958885509288665,40.774075892428144
Wave,-0.1694528434735155,0.05092918732512967,-0.45371281615982006,0.31538183878606424,34.40106025425184
Wave,-0.17096678868758622,0.0562811733139559,-0.40644787520251735,0.3936223004813481,28.52303184243327
Wave,0.3115439171853731,0.15734207816090065,-0.3262560742773045,0.5856975753395903,44.03972477511905
Wave,0.10138731199681557,0.02989185210737081,-0.2845647535159109,0.3608241807132298,35.455914380921755
Wave,0.15746581885957028,0.1439385184201863,-0.3006782331657282,6.847441788821026,260.0191141580338
Wave,0.1067215838081922,0.10817839569982454,-0.33688503281085636,0.44523929806940515,25.41876538768093
Wave,0.3661657907963478,0.1528845591651919,-0.32955604821336193,0.6304063208034077,61.46775145349139
Wave,0.19891605544896057,0.046270685813880344,-0.3622567928504831,0.222402542529674,36.92465332968741
Wave,0.07983835505567455,0.15876017750155844,-0.34841749989116555,0.45305483204358155,40.565429736446006
Wave,-0.07695069594163842,0.22006003920854988,-0.23749764558025868,0.5308961220055932,28.635121778106058
Wave,-0.2784341164219992,0.092349335207326,-0.32426072776816517,0.36875042263090163,25.34603988626637
Wave,0.10471141197611306,0.053039662569853555,-0.3962373017883377,0.31751122240810986,36.20571105359358
Wave,0.1479047661637524,0.13968499932579298,-0.14203540958007643,0.3720701082085802,42.68110249941221
Wave,-0.15678391343109352,0.04364887045058879,-0.39195429255018444,0.38929343786554177,41.08835781992603
Wave,0.2385416124903203,0.13873126107053574,-0.41600470834034614,0.430827552980718,32.89487556225617
Wave,0.32922028474639126,0.10871043737246974,-0.3741590070750052,0.34792403829767576,43.97437998812574
Wave,-0.04215459062754195,0.1084157126765967,-0.30959995660607303,0.41349146030847617,26.42239078441464
Wave,0.28550951622312737,0.14600207563506146,-0.3499722193950974,0.25249594205186343,35.66068357200169
Wave,-0.13248278787666373,0.2068626358866228,-0.04544080485792422,0.5712700654234949,29.059042326565027
Wave,0.24412215664232373,0.14738592717083138,-0.24761941886865202,1.1972082975036822,91.73193405490058
Wave,-0.32240408166882817,0.14259319184759717,-0.2666795211781027,0.3833512562525383,23.483824064478185
Wave,-0.03347336260838875,0.028474561906960953,-0.3962330754438401,0.3566679155929623,31.157142079878735
Wave,0.3037898844970581,0.10951770718350873,-0.28972299615370883,0.3856571662682301,43.08183758597342
Wave,-0.45422348264893764,0.01219569005264865,-0.5160287690159016,0.44998203142471865,35.74758086220867
Wave,0.14921101178880464,0.10266523693108018,-0.31405342876322595,0.3153112907884648,47.934515051223514
Wave,0.1939129610045041,0.06387262376225385,-0.35831044956565467,0.36576684114147423,49.47667379262189
Wave,0.29911377972242353,0.15118784418047698,-0.2764682527601563,0.4566338690036323,64.75940043498643
Wave,-0.4399592184966374,0.0348444902234437,-0.32007051832062927,0.46115426839834983,34.22684075109979
Wave,0.11448969681683333,0.10054181175417351,-0.39430205657782597,0.21626072761905543,47.071276481490806
Wave,-0.12169131024912541,0.025780203045540722,-0.46639058984636195,0.3842284540510519,37.41493606595402
Wave,-0.20652507921224533,0.06577239669670647,-0.38642069881274993,0.3293054114240746,31.565029933310388
Wave,-0.4127657125833205,0.10585714721555799,-0.32825572353989274,0.4708415542385986,27.55360544992451
Wave,0.44872285161860836,0.1489125778804019,-0.22972033763024097,2.4591279126798717,29.42454434068315
Wave,0.25954123298487786,0.11065560919698245,-0.30462604904823626,1.1626160280805478,81.4514275822416
Wave,-0.09201427864413939,0.05276711242047806,-0.3360024025515894,0.32524644443165834,34.14700221728333
Wave,0.1844930406200757,0.09362814572022443,-0.3089743225462122,0.36993618133454104,48.950926910428535
Wave,-0.27487495025974207,0.18617380718039256,-0.11611112763016043,0.8024091277428758,29.25566853120015
Wave,0.049259732701113126,0.14762349408814512,-0.4258018845000716,0.4698276068663981,48.29240450401967
Wave,0.2734574622318329,0.07737838459100671,-0.28876671068956744,0.23001607349116404,41.80834620741349
Wave,-0.32740278688871105,0.019766021672442298,-0.4174829096064315,0.3966940681754866,32.65659992224197
Wave,0.16790185230823423,0.0565444261826553,-0.3208462739760832,0.3154402327190066,33.88288872690299
Wave,-0.19179504717373128,0.11353661778232522,-0.39673938318735097,0.29560176006984973,39.77253767364583
Wave,0.4308781039460318,0.32067355794203045,-0.36291671229315225,2.530586348189023,56.351770618757506
Wave,0.39598871921765116,0.0762748794825364,-0.29392157311858963,0.5401453692706327,63.09149665536156
Wave,0.2284745558465594,0.09552954849211878,-0.4109659637480051,0.39240055515857075,48.79838528236257
Wave,-0.048210051531069414,0.12187313435682963,-0.32640302642994146,0.45401891434754044,47.20447263448237
Wave,-0.06888819873462296,0.02675993723397952,-0.207798548252612,0.4036691628097115,32.98908818588606
Wave,-0.1375982349018935,0.046009396581595634,-0.4267100450403145,0.3511867318576402,33.28019930616317
Wave,-0.19904018074683033,0.05789604615763903,-0.29640050308158356,0.4620211582622585,40.54932733929723
Wave,-0.11770432610696857,0.11659476698511381,-0.36078045142512793,0.4039218499849601,32.74869019954063
Wave,-0.22653238072117116,0.07111361770581108,-0.04096965532822928,0.34466181674413593,33.70267794536477
Wave,0.1178000518934889,0.060385959995774105,-0.22291298298034193,1.0194037110955143,78.30154658645823
Wave,0.11975669225272488,0.1534227245258159,-0.3955112703330539,0.667617057820182,61.27683696089671
Wave,-0.12221971030540224,0.09439193559290378,-0.3563385619330306,0.4757537409432069,34.33158278454372
Wave,0.4726560855441104,0.1808638640045855,-0.35363322871773817,7.505147027139707,326.35572962506427
Wave,0.17035646673464763,0.07240027206941342,-0.2974682231904211,0.23782207215017315,49.60769451980985
Wave,-0.11101080057242663,0.030137946821868822,-0.3278157268393556,0.2841813192171316,34.87682921257299
Wave,0.19492036012348796,0.1289579819243723,-0.3313554754013581,0.660928251013136,63.901056233290646
Wave,0.34464915491303044,0.14004042679095302,-0.3307194567666589,0.38748951458176767,34.19016977229834
Wave,0.1890404807462279,0.06240665299117013,-0.2765766744926456,0.41433318727548274,36.88513470601756
Wave,-0.4585828825128156,0.040230632522119794,-0.35113651375346794,0.4993087755680966,36.656749251957066
Wave,-0.06639369949402123,0.12106294003846352,-0.2809124211038689,0.2562781707400674,33.583379988262415
Wave,0.396162611740116,0.14325085059843143,-0.2607498346161461,2.0309448261679446,37.82006236983359
Wave,0.247405976750245,0.11142398784743354,-0.2593144195200536,0.42234448313251305,39.92111995322406
Wave,-0.2695334083836727,0.014074801262950628,-0.3086658049494889,0.43857070474709847,33.33604924649722
Wave,-0.47415998814094024,0.18811834746705375,-0.20226165899926551,0.40799159655148776,50.681846519160466
Wave,-0.32269077727410056,0.06498315894965029,-0.3344419369451051,0.4666970745560896,41.43428605504713
Wave,-0.34202652262725725,0.07859899585401435,-0.4812357541902556,0.4113449146438877,32.682125754720765
Wave,0.1313946013215389,0.09250483178563156,-0.3279813931302955,0.4132879418647924,24.941018959462447
Wave,-0.2324410395547384,0.06234522452345657,-0.3015409341249122,0.4702940177581514,31.48524083072019
Wave,0.023408568760944094,0.044717320232478375,-0.3676289219656554,0.2833936571769148,37.971583887803234
Wave,0.08610478322247517,0.069957101258455,-0.2860859276294231,0.28582380454203743,42.131796870844965
Wave,-0.1925284362453001,0.039589057349639266,-0.30564730453802214,0.4626446412971259,31.823200501404152
Wave,0.04216593580841728,0.07115132910262155,-0.26928782460340217,0.4172662853137738,26.812984181075084
Wave,0.09056623192518537,0.15331008205915825,-0.31601211092231085,0.356003447786792,37.37067193818123
Wave,0.08932413610353279,0.21380476252698738,-0.21423022943159095,1.1561108722071225,79.78986145909022
Wave,-0.10704274590334426,0.11306678403002805,-0.3909275701626141,0.3368346621899136,51.21170777823192
Wave,-0.49695808684469267,0.06861945981530967,-0.2813785467962668,0.3754394512561577,40.1512307996347
Wave,-0.17685467384182876,0.18132217689914581,-0.3663982729075356,0.4006997044603023,31.905114772877017
Wave,0.10077810831638029,0.15534613844882053,-0.28155171181630667,0.3639269424029455,29.884464763443866
Wave,0.10027859852243418,0.03311508145689881,-0.32112935838353396,0.4142741464777207,33.19566877696949
Wave,-0.24131949843403763,0.046635801072158256,-0.21837451456378748,0.4935772654708643,28.211471470477335
Wave,0.45287609927701966,0.06312540837267873,-0.23169667508427402,0.27377982210152774,50.04553537745645
Wave,0.06789543046787443,0.05216486911571575,-0.4054032663696485,0.36593894703248764,44.58627089548975
Wave,-0.16982270981261094,0.009647218203132732,-0.284778188849537,0.40954411406659547,35.656672684292246
Wave,0.15952981370694144,0.07698198858977631,-0.3529893097243427,0.40159806369934387,41.25191849957312
Wave,-0.0968295050529755,0.03915474631706245,-0.3817038791043018,0.3867782344733907,30.83706552017363
Wave,-0.43759375903976294,0.030677278198923637,-0.12026372276898498,0.4409480736628638,29.307677697049957
Wave,-0.3382523813994897,0.09552133871001953,-0.1615270262394862,0.34899655990414863,45.83952011440472
Wave,0.11230677179122939,0.12706408730474777,-0.3752709748403843,0.2897665211892141,36.78703516137386
Wave,-0.07553108565583277,0.017107204939224303,-0.4078104010517523,0.23080706193080971,39.96994008367177
Wave,0.23209583464983358,0.3622593338375374,-0.3592686221862586,0.6097146265489974,63.759608374708556
Wave,-0.38007836266342954,0.07161999032341289,-0.2671284924934593,0.5186243893039879,35.375356857352145
Wave,-0.3232991122515624,0.075497210949598,-0.23728398796571323,0.5031863840216618,27.778007691389373
Wave,-0.4030535483159061,0.13778152328432908,-0.2925387471367234,0.26083832634990045,52.52477118558583
Wave,-0.2433649792454589,0.04245056220317099,-0.35505961318264273,0.31260488344153675,36.547454265809606
Wave,-0.21013756052116792,0.07973036884165843,-0.22646379110726858,0.4062686093621082,29.84778974018805
Wave,0.20232706733718425,0.29002812277882617,-0.12534406255288338,0.8102547688941097,38.02668926079538
Wave,-0.26798486505344005,0.030261653436943724,-0.33106038272486543,0.3834888412389607,37.477835508620856
Wave,0.21021701469379594,0.24022568259914062,-0.27086077989310475,0.6430562609813963,56.6418431798533
Wave,-0.05244467985594722,0.13852011741061498,-0.3756133324654839,0.48146666954791884,22.648403141843445
Wave,-0.1269089927162404,0.03544145935704906,-0.23939399223795102,0.43172995470805847,36.434451021807696
Wave,-0.41742462220284837,0.03686582577519066,-0.286186830414578,0.47919184448950475,30.16548516279915
Wave,-0.5604363819390576,0.008610318429302256,-0.15567340731364826,0.3976659388723888,33.454962330956846
Wave,0.5131994512787603,0.23218528318551646,-0.281465912061436,1.3276933832880204,91.72123257876349
Wave,-0.06371524058741634,0.11737320458657834,-0.19644824698818636,0.49937231957813855,27.507630656283247
Wave,-0.0633426426270938,0.0982267194336532,-0.37720171400456703,0.5346895910205757,60.79364520629457
Wave,0.4114312923608906,0.34458896320583354,-0.21858094292008115,7.693810943821956,357.3600384355652
Wave,-0.4155918353075838,0.004001221107259497,-0.43039575794190815,0.39935768454610343,36.03700890620347
Wave,-0.29692926169750294,0.006632470030214109,-0.28898695826036935,0.30688037997653617,35.23658793450885
Wave,-0.3755606018112433,0.10387092223095276,-0.3084685894187749,0.3389138280777144,35.0507212636752
Wave,-0.35243882591037506,0.17520406568305125,-0.2741842923766921,0.24483189864236046,45.04127181954254
Wave,0.12247707199472506,0.12384708375727956,-0.21269379479887562,0.4373837327860441,50.457716389352306
Wave,-0.09175129560194546,0.11618049812561151,-0.2533516547380341,0.433979322037591,40.30834469624277
Wave,0.25092010944525694,0.16407742822135382,-0.35312919707538754,0.2523964638418385,46.56114070858074
Wave,0.23449364182441934,0.1157726996775135,-0.025539341176959676,0.3291933369633235,33.959626308741754
Wave,-0.36728652711480053,0.021672430969692506,-0.43574070044035107,0.3516533199493638,33.31170226580099
Wave,0.08226826924729501,0.017296577231874777,-0.4222584769944027,0.233373871791811,43.89871206641316
Wave,-0.3760359218116944,0.026872267028540186,-0.24494904879369847,0.36747014916725773,46.898336829255015
Wave,0.30979120305678925,0.04520958202641562,-0.26283554896005745,0.253843257849945,35.788989059124376
Wave,0.3315949330897092,0.0908134406030219,-0.33298862807372454,0.32055594548473587,48.155557154857505
Wave,-0.6845019683050069,0.1431459613584548,-0.2362774044882259,0.48544402885305415,30.605414780333497
Wave,0.05603168308565338,0.08714159595284447,-0.28835348400262484,0.3156163672014995,41.88506177555022
Wave,-0.3797809720483105,0.08297216041973872,-0.2448055377362696,0.5055374608701535,35.678600757733406
Wave,-0.3053469165528647,0.1169833809989129,-0.27114495847311015,0.3593609126149002,26.166704967145584
Wave,-0.07850527681032413,0.08749265471786713,-0.42173024803910575,0.46980859834136757,29.976500570753306
Wave,0.1411840031450588,0.13018734950483585,-0.212433824961826,8.488797511479367,281.5600932571592
Wave,0.19700456525032958,0.1710810612413784,-0.241484759930123,0.7730251037542977,32.224945674408694
Wave,-0.24189481327853418,0.09429963511264287,-0.2506761028899778,0.43765603675633796,24.346606520579527
Wave,-0.12041908669359869,0.06611948774094713,-0.270785767521777,0.4605454422956993,35.26151279170023
Wave,-0.12466238216801452,0.02396629287281101,-0.2907942997804544,0.35674409204865465,38.4490223804886
Wave,-0.20239652276672665,0.13802699250987427,-0.22461666365759458,0.45824874480448496,23.493813140254826
Wave,0.21997959346651633,0.08389130586545403,-0.25676060891451374,0.4205579630589504,30.14568698778927
Wave,-0.4187045743781916,0.09182976384631535,-0.14487261247512925,0.46766912640475183,29.602527924990817
Wave,-0.2556239310413498,0.15184155971518062,-0.19945029589556873,0.5271324760172795,22.191629792541164
Wave,0.17209074805258937,0.050968924521959356,-0.2543265247732799,0.27083362269520433,38.761610008728816
Wave,-0.22964561652025278,0.15174805221753626,-0.2983100684516636,0.24387805033669713,42.316077881795096
Wave,-0.21903408466367463,0.05823358384161259,-0.32702814648240885,0.38746176593466886,29.074071437361276
Wave,-0.11563854071247766,0.09883827174817748,-0.09109797449080356,0.42209802602166263,30.506722803486404
Wave,-0.11227051517971182,0.20534638860671092,-0.315984166607337,0.2654746919701095,41.25010566540839
Wave,-0.2669499003458958,0.01994455579909809,-0.29696737353589586,0.4500271510886262,37.46171927605264
Wave,-0.21484219956699782,0.06384974929701845,-0.11817620733044691,0.432766550486383,35.72063382268112
Wave,0.4537661036623011,0.15974611376887032,-0.29760117035316697,1.2016287206534932,88.00974537277472
Wave,0.26796495852327173,0.025624411839146537,-0.3205619429416099,0.24272304580971304,41.51102440306033
Wave,0.3875342202653853,0.14571758260966766,-0.2998486435734832,0.7535284504950538,34.96932680977895
Wave,0.1344034005196723,0.007358063732473233,-0.31248981751348265,0.2968056268631925,39.86357435977301
Wave,0.2916997697468263,0.17799811735495458,-0.2816172419964666,1.24062163867762,87.738128172118
Wave,0.20524220554692557,0.09191403236345233,-0.27567255382416683,0.3429184297641619,45.56640237064351
Wave,0.4044498639807844,0.16833006062514366,-0.2630587664256751,0.5370058668216224,36.5588354332536
Wave,0.07729221204292461,0.16971482596753037,-0.4089028937649921,0.6378013386117972,35.07545369065492
Wave,-0.17420792803160487,0.15198454879088857,-0.2869484757941365,0.3111795634591902,38.49306382209834
Wave,0.2693023382873202,0.20450961217972444,-0.2584017757093109,1.6712322152047532,59.93736378548347
Wave,-0.5062978960731357,0.04024104525191814,-0.2648759782379437,0.48336593559120566,32.738243769031385
Wave,-0.13168311953523115,0.0628174540260735,-0.44546723044636716,0.3905786175049077,29.42323330701433
Wave,-0.03776251779198625,0.08042110522282736,-0.30829440904257416,0.34679995788405504,30.51478626500179
Wave,-0.045792639139904015,0.1614173862659311,-0.42849676676460874,0.4409313589833651,50.012790192250066
Wave,-0.1759047063334877,0.11533076754936047,-0.2591648421745364,0.3871556173969266,34.51911027975883
Wave,-0.18094559781119057,0.059261457208829735,-0.30268593292827356,0.24885669733959087,39.69688467465251
Wave,0.2316013204229916,0.08408174673061122,-0.30763484705025895,0.4156135866780384,27.5701450076645
Wave,-0.582602201774722,0.06383983239477647,-0.3093896845615177,0.4876917010379472,38.79083668829087
Wave,0.1456323891243209,0.056518595455932866,-0.43492485286139376,0.2253143707415179,46.42566206452947
Wave,-0.42837688349514547,0.15192359270512273,-0.3076280360180316,0.4713032049950401,27.695290283698167
Wave,-0.1818757220802627,0.1826394551742348,-0.31166391668847576,0.4789072729046104,54.492815738532556
Wave,0.1990948738615566,0.12646244514063187,-0.3402914776003403,0.5005788052313875,24.257663833464292
Wave,0.16726799321508087,0.15399841786688634,-0.3776044498685713,0.34183981907425476,44.60698852270578
Wave,-0.5012957243869087,0.1106432984792896,-0.2278960874714117,0.37189728706424074,29.691378871585542
Wave,0.3574105123977449,0.25418511772346786,-0.2846880880626269,0.6977528643389184,69.99238846618714
Wave,0.35144686296100575,0.07342685375331047,-0.2753044498319439,1.1668434770662628,86.14002662984008
Wave,0.21288708243146204,0.12799294838509623,-0.10393898596919132,1.2239477138983341,89.72147301167749
Wave,0.09820109550394965,0.022615228966719685,-0.37814361657633117,0.27973595712969257,37.71936449711302
Wave,-0.07977309768047922,0.10085840691498467,-0.4329940470904693,0.4686577932266541,33.081988918804086
Wave,-0.1833715860224832,0.10187248932233421,-0.12891419235830448,0.45043162609293663,33.30849474166219
Wave,0.14195843654057538,0.12271618472810213,-0.3746947789098713,0.39637650828384347,45.56282458143023
Wave,0.14348396618395434,0.07546215913161493,-0.2549381128042422,0.3506341564031589,46.77560337747125
Wave,0.10746290662455696,0.04232272572323412,-0.28230462319968935,0.2580545148490334,41.6689601184719
Wave,-0.4878217653525311,0.08744401199311176,-0.13824921263596401,0.45586030433533065,30.98246028122917
Wave,0.09959759604629435,0.05072829436715291,-0.4310187585897267,0.2803957392476767,40.00113235979508
Wave,0.30422938265961746,0.2369036100402271,-0.28728696491293493,2.0882507268467654,50.21210381193966
Wave,-0.3689861434864409,0.08446363992294822,-0.31076286845279866,0.531441150850697,32.693660532098946
Wave,0.17069650625632193,0.28993402331191864,-0.2531781605962061,1.1520701840014258,76.87805393580798
Wave,0.0860246648045861,0.08255316183095793,-0.3781572427255387,0.24217953325158473,42.391226582849654
Wave,-0.3459192575955995,0.07513421768980667,-0.22667561249970658,0.3461633073385828,32.76262302487042
Wave,0.08919819686919173,0.10619253164866385,-0.3021569645409571,0.32962399744534504,50.69651644214885
Wave,-0.0838481984042849,0.14351596239650746,-0.22170424857397864,0.3145932172251968,41.72292469462337
Wave,-0.3890728645501249,0.06405546183067597,-0.3040607144623112,0.485564340753687,35.57388059728342
Wave,-0.32588691767572103,0.13764226520125702,-0.37868479750579775,0.326696214940347,36.229969819388224
Wave,0.1757264241315784,0.059601156667307476,-0.3422389173286231,0.35849768566605783,44.07664350602537
Wave,0.18347531538265763,0.10171261338553717,-0.2869103856465218,0.2136775213334986,42.804812662432774
Wave,-0.23845206147590314,0.07324311352218651,-0.3923675644352863,0.35425961305695963,48.29438595211719
Wave,-0.5192228502320637,0.07697161531630743,-0.045925138184898434,0.3583891422953638,49.70870119008585
Wave,0.22679084065767943,0.09497080111189284,-0.3179377093134658,0.3846130260289147,33.24441203875145
Wave,-0.415763196320012,0.1914360798036965,-0.3296399873455419,0.4001934303463654,24.868615448149605
Wave,0.02061260186173559,0.1085281996961411,-0.35742622475846003,0.4784754312820683,38.262098532130416
Wave,-0.28397535189071316,0.005636514223719417,-0.27107760428725325,0.319441945564675,37.656818472773665
Wave,-0.4403423005088499,0.12515268509290056,-0.2972953751621152,0.4850400866062639,29.111864599267676
Wave,0.08783292829343028,0.16818036548951915,-0.431600865633136,8.57507146180844,278.47111155452507
Wave,0.10405419214825451,0.09896181475387698,-0.3067090634931868,0.34527279553735185,50.98432930558438
Wave,-0.20957761219374185,0.03933345528723815,-0.41836172152137646,0.33135678753674574,30.798614320296853
Wave,0.2871713343517973,0.06128803986320689,-0.22931490279909753,0.19277955586216747,44.30495433619229
Wave,0.05084894756466833,0.168408592016429,-0.28284826489898324,0.4695667272396302,37.76255292848008
Wave,-0.2449251325378305,0.16485821211843862,-0.34961591265570563,0.6652523779951397,31.241033190256736
Wave,0.13099547298261408,0.1857357627228394,-0.31067645560129004,0.2918442047501806,53.25546279332769
Wave,-0.20462318159907622,0.013637414350159142,-0.22187291707535967,0.27544948099812316,31.115979863621803
Wave,0.20452714721353882,0.07382905036954872,-0.34641345251624556,0.22681354483003088,39.18182079085145
Wave,-0.31686031382356694,0.0216884508633571,-0.3568576182505165,0.4283847773380438,36.6829762193536
Wave,-0.24503748922360694,0.043707542844307376,-0.3112652309369987,0.4646890429404755,30.900873164658673
Wave,-0.32052818838205077,0.07572093531412713,-0.29433862756741114,0.43616439865174284,34.783135005595696
Wave,-0.12030571716954883,0.08842834217617626,-0.1597547707774489,0.3190655722516059,32.93571623622022
Wave,-0.11817635382962627,0.14758716182578377,-0.24906510813920577,1.1113735516370993,63.919567236692124
Wave,-0.05541820486894758,0.1122277437950699,-0.36051798086839193,0.45658912144338093,41.64542067000414
Wave,0.08923585429523255,0.10020238703457293,-0.36512234383180575,0.21478402565746565,52.963558664450225
Wave,-0.2897620900838208,0.09668342648766734,-0.23850516534597957,0.516930876739883,32.359932912630825
Wave,-0.047713631472633904,0.09605874379488762,-0.23794443171541863,0.469127158062885,37.30034771035923
Wave,-0.2843735730924298,0.214460107264233,-0.24995351879218716,0.45457527785394897,47.87813823459351
Wave,0.3011577287852378,0.10414486648133796,-0.2765395342270879,2.0619192799955552,42.98792136995101
Wave,0.1597405328324289,0.09718984305009427,-0.26855235220969526,0.23977174013866806,33.691124437090586
Wave,0.17335089528760556,0.08031151678193374,-0.08966251317797229,0.29419346160867355,36.07812996982828
Wave,-0.28259733592341457,0.09472348574961162,-0.3919663685965579,0.19419975075097617,48.51492093101593
Wave,0.17606894758292863,0.29320251001757897,-0.3413990010309695,1.496836049639497,77.26101079228022
Wave,-0.13038096341885716,0.017038573391737588,-0.3857622141168405,0.35846487973134644,36.43986011041199
Wave,-0.15975222322838112,0.13352804957272232,-0.3029724918689684,0.5681646903918953,64.95107599355687
Wave,-0.3169579298921499,0.14035424123234747,-0.0802723403331927,0.5547157867609871,28.932599377493826
Wave,0.08393146776406596,0.04223145960572429,-0.35080499084943856,0.3335038449801311,37.104586069457675
Wave,0.18083256451745344,0.02693745631937098,-0.26709172417795046,0.13419532733097653,50.27716280459534
Wave,-0.37230436082095714,0.05638895213381917,-0.44973447803112615,0.29598233436419213,40.49590416639868
Wave,0.13410668980905557,0.04853650431804997,-0.349429525518857,0.33002298414711173,45.106252494107444
Wave,-0.3526705520178189,0.06363480084578814,-0.2948972931075915,0.38147287552422754,29.915051732544953
Wave,-0.33713528574801244,0.08927768135603281,-0.16705812905298026,0.5421112774009166,28.562199165896995
Wave,-0.45452674899165096,0.05048357053254189,-0.128835205862741,0.465394168873876,33.512806662792265
Wave,0.2247355552207545,0.2332578368165723,-0.3042866322132779,0.3028233608660079,60.56329917698333
Wave,0.19935784678936103,0.17129148125953683,-0.438967795613617,0.2789077150798632,44.64251012715803
Wave,-0.34604336403616753,0.18815364931097006,-0.10435066139945287,0.547495836112792,26.740322141899448
Wave,-0.4190575257394604,0.35990625412719995,-0.29538096888494964,0.38567894590956514,27.905504744135353
Wave,0.05251706106698688,0.09374180696333718,-0.19714977368542333,0.4075417391069705,41.55065855996848
Wave,-0.08091647483992001,0.03635293791919332,-0.32980402774484496,0.3574181964054394,41.185694379564545
Wave,-0.2080658648834723,0.2677515300187138,-0.09610392269638378,1.0465655162150522,80.4363848128976
Wave,-0.5942910840650264,0.11209854714529395,-0.3135536150897015,0.42090122942117925,40.580225119757905
Wave,-0.28764219213615383,0.04016023112063112,-0.3024029962826994,0.315366564666218,37.25969631651246
Wave,-0.10301059771964001,0.01184177386488611,-0.4960937836811137,0.3653301856643842,34.40106025425184
Wave,-0.3472354610814645,0.06718336704611827,-0.1587181559037811,0.4621676443696088,34.830788622699046
Wave,0.3772798655770072,0.13062431415848366,-0.20269649969461462,1.140809535626024,88.49735268569754
Wave,0.3525743748895502,0.1070338187413344,-0.2091787073353776,1.6752069322363945,55.23042350684674
Wave,0.13122514325528006,0.12669106286035867,-0.4224746826883146,0.37263725392669245,27.252785195186043
Wave,-0.5357145803726201,0.15361789996886838,-0.05175261622223682,0.5065834694174033,24.443608375132158
Wave,0.1939129610045041,0.06387262376225385,-0.35831044956565467,0.36576684114147423,49.47667379262189
Wave,0.6691257284596124,0.2685458482512969,-0.3021751721016409,7.537404508601538,328.01390442607834
Wave,0.13869187340456401,0.0991813464539502,-0.21510870347224142,0.32587171528967773,39.43534972425449
Wave,-0.07029858540445434,0.037125282623287285,-0.45869826142799214,0.38106614690838114,31.655873917674484
Wave,0.041182240591548284,0.20410941867490004,-0.3434451623348954,0.6528665202038872,33.14089800682774
Wave,-0.16153646672587907,0.11196391958581511,-0.46140278945315666,0.40516639919078656,53.85025687915882
Wave,0.264947545283819,0.2505016648461667,-0.2506600415467171,0.7041709292279782,61.41602133722167
Wave,-0.10679886648237466,0.04548866677392088,-0.45157136038527895,0.39114800911912206,40.678754637284854
Wave,-0.031130848030327212,0.03521807887855311,-0.3835163641541134,0.17445940009183766,40.82164235428957
Wave,-0.2086262337389414,0.012230317126346858,-0.1913541542971461,0.3749423855521941,36.4726233914783
Wave,0.16875069903168835,0.10543095968427083,-0.32563359518403096,0.6190858404867845,66.12598496431205
Wave,-0.2766808904559911,0.035476035646745466,-0.35336721339470567,0.3873550672221514,39.316052598811865
Wave,0.15055702338300028,0.0885653793991534,-0.16685017185568116,0.3798788633119363,27.811779126269432
Wave,-0.17868174754639135,0.09353470714015241,-0.3481750696397361,0.5102357535003225,26.70265434480597
Wave,-0.11679114884220992,0.1311073704678062,-0.41599697529476004,0.404112599133177,52.42338029436877
Wave,-0.18612807196161907,0.14351817686107504,-0.15249583174535053,1.4741276228024016,60.975910823799225
Wave,-0.14559067041188925,0.029085464343652882,-0.4269315386684676,0.26009627704044036,37.33063809591738
Wave,-0.20041667035771812,0.08732881161798481,-0.06716842195416262,1.0579663080274562,67.8962975784241
Wave,-0.45901515971271356,0.09857871598341307,-0.22504499722239157,0.42554689329220746,28.488965916460913
Wave,0.20120791712398745,0.055037767762133746,-0.3541563037073213,0.39521679653999525,50.958122483278565
Wave,0.07372727727783855,0.05155582277334312,-0.36633209864516947,0.3222070360318806,56.13001068569491
Wave,-0.2048623132263589,0.04410724865588746,-0.4118738563602757,0.4514612509614953,30.727494704169843
Wave,-0.4189739727733824,0.12913205979719944,-0.14752377234136266,0.39288415772624424,40.25279538020862
Wave,-0.5042146573641884,0.02483769129000645,-0.18199112207248502,0.39787626596990383,36.13227623844179
Wave,0.49774247693427187,0.2101710748080404,-0.1953812355108239,1.7217043418752587,72.37547622963298
Wave,0.21877536110672027,0.1090601302254944,-0.4060914905710428,0.3607621592845417,37.26140870074305
Wave,-0.21264649725942286,0.08953333545008797,-0.36346895272657104,0.21519369791668475,49.83689953892685
Wave,-0.07850527681032413,0.08749265471786713,-0.42173024803910575,0.46980859834136757,29.976500570753306
Wave,-0.5097281434379999,0.0965692931101976,-0.2845166923988586,0.520725486474259,37.13734135685528
Wave,0.22410073224782268,0.08587330809627511,-0.23903537618659354,0.2018470575078976,45.419930033947516
Wave,0.3063144914145939,0.1730204049103024,-0.28396703599205186,2.4961767207198133,40.91843990508431
Wave,0.30277760160068484,0.19130545649101377,-0.28954635685180835,0.4413865782015978,52.1608728709351
Wave,-0.2381573251581853,0.01600636328596265,-0.4349700640372894,0.35152388992194056,33.00739709086944
Wave,0.24257443592370226,0.05381902144461389,-0.31103818215137996,0.3098049236996415,32.15882469268742
Wave,-0.0509020693012308,0.06248040263123015,-0.33314024427538413,0.4519999669537019,33.631925863636305
Wave,0.09175485865940095,0.1396949717613885,-0.40493972249018023,0.5222069932383873,55.458622298881856
Wave,-0.08059926497855616,0.1285471953515794,-0.3885341303428981,0.4946511253056846,36.833704439152136
Wave,0.016939709977323435,0.11746595817524767,-0.3228154314700572,0.45979529342332287,27.023561170126378
Wave,0.1497013831872299,0.06567180167785322,-0.3176335757691676,0.28437491407264887,36.27301478856932
Wave,-0.08826555704308323,0.11778462403517712,-0.4196237159903458,0.38522223137702644,51.21170777823192
Wave,0.27342763972868145,0.20479271443705693,-0.3282363270884058,1.7236522755498778,57.56773535050122
Wave,0.22211340900210613,0.11221107473182954,-0.35034773471559644,0.6071482047611579,31.498246946321334
Wave,0.3709779636159521,0.09297195262555143,-0.3244515032643777,0.34947478891912426,38.43776797138105
Wave,0.05106524833859518,0.030497361575699662,-0.331591038065425,0.25475228991140825,41.87578959638757
Wave,-0.13617936084683505,0.1171412584177014,-0.303106427268674,1.1167686657613363,77.90063582345279
Wave,0.34966049838907043,0.1214055044901818,-0.2954822621062216,1.133812417368811,80.99231438474806
Wave,-0.589946401937696,0.07416228095376454,-0.16815822036083156,0.5326585713042125,35.75731653796838
Wave,-0.06882834455378006,0.05497829138206493,-0.2998340720771094,0.45579040555929257,34.522938448675205
Wave,0.08577534528271723,0.046697364370543046,0.027017953788450004,0.3932166526870217,28.458716659062166
Wave,0.10749268625201788,0.14707794173610744,-0.28477363868702693,1.2913649071160704,92.69548529468223
Wave,-0.18276513232069527,0.10549481625076071,-0.1539352320674894,0.39836086130560877,36.58790726600119
Wave,-0.34359353689972016,0.021437602792237068,-0.37355475626521434,0.272693958739855,40.94805072593304
Wave,-0.28841768384786953,0.07695612736842254,-0.3942459970512059,0.2957050070823048,33.84587040492529
Wave,0.32680641233438146,0.1840542945675056,-0.33461733840257557,0.7697332272134656,40.446238372797964
Wave,-0.3463496976918664,0.07758159213389061,-0.23134725079573587,0.17755962748119233,41.27460135183831
Wave,-0.26343602392715115,0.10135358658233899,-0.3892367823851047,0.39800620255046665,28.62504240257384
Wave,0.09449071183467028,0.1408979090980781,-0.28476205095672,0.4535635298501628,63.316791567259514
Wave,-0.116867458601712,0.05869243293314501,-0.29260988978546365,0.27374676239269524,35.40311055833436
Wave,0.14047926566278934,0.22721636374974646,-0.24294463891496007,8.504068024101027,273.502619234329
Wave,-0.11355860194916668,0.06704935497586458,-0.3136946703577068,0.32339759854006717,35.77342713746811
Wave,0.3030458969388361,0.126653048577473,-0.31125692193239135,0.323752790875166,49.65219275805349
Wave,-0.2065617538140929,0.09698172303690009,-0.34262986803106243,0.3485405589045624,31.134214650707907
Wave,-0.24043949404910026,0.04907043584317493,-0.3233136897786976,0.4208741665019643,36.21482023924246
Wave,0.202051957332543,0.09264685575887488,-0.15967211624558283,0.17670835303676224,42.99319051867956
Wave,0.23703005227450877,0.07656630645407789,-0.3932246444829944,0.24979786986525246,41.13564730771808
Wave,-0.36098173179614973,0.0010905107006089858,-0.14546368727812692,0.37514179709107687,37.69363969513018
Wave,-0.08664211162399311,0.04720116413157008,-0.3524851306207776,0.38146278302636116,35.59468333215963
Wave,0.10759981297929043,0.15098225415622285,-0.34344974597705913,1.2154753976864607,86.9784450959433
Wave,0.18561477669659435,0.10429302827401458,-0.3390231811179328,0.6529432825026056,64.79898215886219
Wave,0.08036226059576149,0.0523922230047348,-0.3220517495171296,0.38405044657777354,26.74420446441461
Wave,-0.6038704590860473,0.14285875038903612,-0.03436621275071698,0.5337006169577031,29.85754922529781
Wave,0.32507191522958506,0.1769887533320153,-0.3399822642194016,6.860771163346551,296.479834864775
Wave,-0.1520836665026027,0.1874665182797451,-0.38380377890374423,0.29887787666381144,40.37562512750667
Wave,-0.2019490421594956,0.14053606001868008,-0.3686663041259831,0.3322714301496466,36.617543365639946
Wave,0.07551274156352493,0.0388407063049753,-0.36792497217353376,0.2813499884138597,34.92428565842266
Wave,-0.42117518388096975,0.07819808288129464,-0.26647437934368773,0.34692981689512853,41.693789815964635
Wave,0.0880970252554037,0.04865625141151317,-0.3834138608863194,0.346937783793513,31.49716382389664
Wave,-0.17696891560623612,0.01875391777627285,-0.31895463789063716,0.37252052434256766,32.65158554035289
Wave,-0.5083359710298905,0.0379552387204007,-0.2433816253947844,0.46765701749273964,33.04311699687075
Wave,0.13915100635996197,0.13536515726455617,-0.24451509340320446,0.8088455645531952,23.36699635132746
Wave,-0.19051111614441396,0.08267564604696356,-0.30774166753811266,0.4955874198641875,23.31249074062984
Wave,0.135401394177766,0.04803056590857283,-0.2820564131884893,0.451761151787714,34.65330399305394
Wave,-0.14246397996533366,0.09557930017154835,-0.25548788990148497,0.495193494962641,23.743687422807938
Wave,0.03897942353224065,0.04817148888726401,-0.40158076504416,0.3648704505518316,43.947328591417154
Wave,-0.3991578072730748,0.11690055190817192,-0.46183726716948087,0.26694976069119036,37.95502669663493
Wave,-0.2587826886136576,0.24287168588794805,-0.16991724496697896,0.48940626151840316,46.267500937171306
Wave,-0.17889867849832145,0.17009034014245067,-0.308111757984787,1.5052979668943243,61.20902809528235
Wave,-0.20811383095873243,0.13646694714403673,-0.10806566601879013,0.23841032208616156,44.06278223488001
Wave,0.1378009070944337,0.1035741479128012,-0.30573554783332896,0.39503389226585506,47.422688555338766
Wave,0.403598882857244,0.08823058794309994,-0.35108229445095906,0.26212770109926053,34.96929783204496
Wave,-0.30387804759021164,0.1094719175206662,-0.39707867893236476,0.2351181637267772,42.717098769729596
Wave,-0.07710283497987196,0.08586623182441455,-0.27777899213970075,0.30736511198047445,36.69236750062663
Wave,-0.10867191929013886,0.14754509792847367,-0.2461615241979233,0.4101528484896762,47.45238813454813
Wave,0.21163576067604087,0.16996431611708165,-0.17835983735085767,0.2591286510108649,43.36424813519326
Wave,-0.32093055378791147,0.04677129260342443,-0.29259555098410084,0.3553622914205474,35.643795601428835
Wave,0.29517402463225106,0.06661852978122793,-0.24338019181916629,0.2827851205297507,41.383093476674794
Wave,0.030404988778957347,0.10155219767264023,-0.4330871040972736,0.4114504151359942,27.79262745670201
Wave,0.1595000340574514,0.1533947132308647,-0.3039170593389016,1.446713245527996,65.63233271432924
Wave,0.04235590700891698,0.119419784921445,-0.4489919456314127,0.34330206205105795,29.704067271589775
Wave,0.06264635785096384,0.01380057908424608,-0.41133145889857997,0.2660514296620289,43.53121554833205
Wave,0.16113851815944633,0.24268380372749307,-0.06385455802387935,0.518347860792578,20.607680018476465
Wave,-0.1253852146612324,0.0842419129576178,-0.251479682602605,0.4085713995722764,40.314839813287044
Wave,-0.34169737474128287,0.1740390683669627,-0.3043250016034252,0.25805921139059934,39.84402037451888
Wave,-0.26360926178749267,0.17278667357777783,-0.07928362235155784,0.5279208676273752,33.89592762742892
Wave,0.2656221973534382,0.26098082978187637,-0.3752918289829721,0.6813710090183206,72.48298126272726
Wave,0.030742264523609064,0.09403257273018686,-0.37590921776735764,0.26042890611653197,41.24657813137718
Wave,0.1417922416662892,0.06191159424106021,-0.23456008619720356,0.35980738923348116,30.099691400472572
Wave,-0.49253273985824086,0.05113496989661689,-0.20054926597536776,0.34671840210132715,39.28629902358033
Wave,0.3663975412195112,0.057289427692570415,-0.25925946435033603,0.2596195461626301,50.534498825114035
Wave,-0.3758646757266736,0.09263782876205995,-0.2975334781418742,0.4940864119241406,31.7365774959829
Wave,-0.40962316657591336,0.08161251019185253,-0.26210169510856507,0.4288505287215307,34.953811456264496
Wave,0.22814325058331134,0.06982327089979704,-0.3760883156494461,0.26630972837723643,36.93623120824407
Wave,0.17424265029936062,0.06636739404623625,-0.2979402363106999,0.2675981633405165,36.55954013676359
Wave,-0.17779182922763093,0.20840316574168308,-0.2982382452354678,0.34541817121857277,40.45127057811087
Wave,-0.12975116014280913,0.1075427103033351,-0.3014216045905545,0.4747464391305556,37.421121151340934
Wave,0.04832659329198706,0.0898685464418868,-0.37921751033964235,0.4626754667319038,28.909206913915213
Wave,0.12205293355840713,0.0167985362056861,-0.2603260498059776,0.30071519714742656,40.39165731685618
Wave,-0.4281427940473328,0.020910640117502266,-0.34512200498716233,0.28373464678468396,41.031045037920336
Wave,-0.25879912198441557,0.08551538302619158,-0.38276005223915066,0.33622162528403843,56.624165349265155
Wave,-0.05626394946523228,0.10094457059398068,-0.4530729294615831,0.340257751098899,34.499097214570064
Wave,0.2441569867813568,0.1832639149864854,-0.2874930475108729,2.062353177852974,40.17739248890239
Wave,-0.31709050340571454,0.11286894118624757,-0.2044026355541087,0.4711198007482928,31.03285955795534
Wave,0.38638277347767475,0.3002648216208606,-0.23414544328460704,0.8740732452462948,31.69738906282913
Wave,-0.12169131024912541,0.025780203045540722,-0.46639058984636195,0.3842284540510519,37.41493606595402
Wave,0.44289090899672184,0.20456493786171856,-0.26062846632903086,0.7455888833786033,39.87664732438027
Wave,0.13506002165022724,0.20738915919638784,-0.24228494551198762,1.22149078661389,84.31337636382503
Wave,-0.12967671916229873,0.13706100552163566,-0.3757077209865435,0.6353984848927079,34.698673495037774
Lopi,-0.24412880767572132,0.16089451682594494,-0.2111066438308036,0.43444347425356006,28.814370603476885
Lopi,-0.5005628007831148,0.07127956375768886,-0.2446021898339931,0.5168669318369551,29.110193608392766
Lopi,0.17428058358117904,0.06547396257111726,-0.35255130910748084,0.22981634231555925,39.881910015299404
Lopi,-0.3973360482188123,0.07501010174605785,-0.27464285000363875,0.4461541874048411,30.12190003712605
Lopi,-0.4675467119062797,0.108458486660535,-0.1117597433150211,0.4538104901390361,31.60614659574768
Lopi,-0.21515520783042244,0.14902757282803894,-0.21639311451826887,0.5780712042703391,68.59723761314932
Lopi,0.16332768598549866,0.0838817056807232,-0.05859624458015951,0.43404215723214723,26.644468092451298
Lopi,-0.20098349884943817,0.06560260688672294,0.030105676985164382,0.36526204318718714,30.138956925633735
Lopi,-0.36840927350960495,0.0492981721722658,-0.05994142560957817,0.41137162828774376,41.093508330521864
Lopi,0.09927086819716396,0.06707641756443165,-0.15007158486981276,0.43816123640574595,37.45707464776451
Lopi,-0.11704213597478615,0.053470344332349096,-0.337173460897548,0.22225453128741054,46.762374684460454
Lopi,-0.2792253601404474,0.13537302395119172,-0.29913786986224483,0.38664894415991896,58.637052480666796
Lopi,0.06972583471731897,0.17096934561703553,-0.24175864548752998,0.34410071260494995,60.76060066184564
Lopi,0.10577812122227773,0.26192191377817153,-0.17649602994353214,0.48571382503982574,50.22698392378045
Lopi,-0.1898661711149614,0.20612144646807443,-0.20019689400987675,0.5508343337148257,33.220119488716975
Lopi,-0.3851724874223845,0.22505277144890462,-0.0996646483909891,0.35643485314467055,30.307245399861728
Lopi,-0.43607906226830007,0.033919843178923326,-0.11790809964136292,0.31796801935009417,37.851273083451
Lopi,0.24407070243273954,0.05408301995266784,-0.20444794389313123,0.5394396703864288,29.14815655778515
Lopi,-0.08156823657640125,0.10591296548504783,-0.05837697076847621,0.39689828098607566,33.07283181968498
Lopi,-0.17100516785134479,0.17809905865065043,-0.227202432348913,0.5193294314572213,24.728860650471216
Lopi,0.12502796679090325,0.10597727786555404,-0.07162363805421187,0.33698585982408485,44.00003861698706
Lopi,0.21578519066708057,0.18256606491148128,-0.2418663298160112,0.36114997604047105,49.283085074664946
Lopi,0.16812238931196413,0.037959028158512556,-0.058574460411567844,0.3611371578024011,34.76224240887982
Lopi,-0.3164706227043804,0.2869533109477832,-0.1113599616193413,0.6401042690169277,23.544453061845367
Lopi,-0.2760275382936462,0.13141887510565772,-0.18142171996912504,0.3738674150630934,30.790731076444185
Lopi,-0.22641862606684987,0.0989990091080927,-0.17156923930866239,0.3813810878160116,34.2934125259158
Lopi,0.1739424835847378,0.18057372187510917,-0.059799474172289,1.3033162050704379,102.36707558580541
Lopi,-0.19600626038689428,0.12264664236301084,-0.02051935184173227,0.42095926050375765,26.065237467911032
Lopi,-0.3247137131221398,0.11234196690967684,-0.15529724193288902,0.40041196962413145,25.588411577520958
Lopi,-0.2436836322655449,0.07681353977207137,-0.0822160272121188,0.45056937709739525,61.948166300580965
Lopi,0.37585789129361835,0.1578870879714825,-0.2075462392517637,1.4111430129507732,100.35741182967666
Lopi,-0.11681111838817024,0.10445863214977624,-0.22743115136668668,0.3185392892170445,46.549895653126384
Lopi,-0.15866977004288155,0.04520456697849749,-0.3369069539495409,0.4120803791267627,33.30021645305858
Lopi,0.11188762304114101,0.19277009480271706,-0.07579974176799278,0.5125928470006516,24.42528216624082
Lopi,-0.11439373780739592,0.23591258279837607,-0.24912227999507627,0.37160323818596463,40.39169228152736
Lopi,-0.0777506235097497,0.026501466149506454,-0.1628635031761105,0.3789445487076887,29.21970650944614
Lopi,-0.7905822587045381,0.12102967166040975,0.030824721071356725,0.4335023571319507,38.74625296291314
Lopi,-0.2436684018667447,0.08682465663242425,-0.1605724113220742,0.5467762451675793,29.801634454424416
Lopi,0.2760340468905821,0.05662753155515411,-0.2917622772830786,0.2441865712716867,49.406566576926586
Lopi,0.1393435311291073,0.0284642313039541,-0.22346267208431508,0.3346894204863719,40.983890964065075
Lopi,0.33679446665608437,0.16399150995966347,-0.24223768676410493,0.31713481998546555,57.14161638616349
Lopi,-0.1312578300392725,0.14949978984289686,-0.21341996801646926,0.6139605297004235,64.55416734490792
Lopi,-0.5254048795593284,0.15064550139145647,-0.08147953932496553,0.5740371600118449,32.05650357273298
Lopi,0.07743624031541507,0.13545659812351435,-0.27208949386162423,0.47231865407701795,48.041072132643095
Lopi,0.2439361900719474,0.1687359583689557,-0.2514674181364572,0.7704981014477934,30.940392607018143
Lopi,-0.06291654197663321,0.13725809391201232,-0.24768092282289356,0.4052424275573148,59.67615115942425
Lopi,-0.2737711831055511,0.04011843185173822,-0.16214280627132852,0.38507428283648326,30.966248685153662
Lopi,-0.23027999353858167,0.14263820185628537,-0.2560722820317246,0.4090652683307933,47.06596689882242
Lopi,-0.20724159552540383,0.08686145570661444,-0.3576798968973746,0.26928300116738724,45.145643823314764
Lopi,-0.28428554514862026,0.0371694207230441,-0.16692108273628603,0.3123825122876379,42.772758454142775
Lopi,-0.04996190710956763,0.021112827365380966,-0.3237025824755913,0.362040715278057,38.99335563226303
Lopi,-0.45455725321288487,0.15735564227318716,-0.03845658272072044,0.5507228881552874,28.887742713548796
Lopi,0.41201714196773703,0.18601301472480472,-0.317971075216642,1.3697713396348064,90.63828128789157
Lopi,-0.16589186781545162,0.12286893145268185,0.04079345155382256,0.4128183815827896,39.87102727665323
Lopi,-0.4883975639728959,0.17387835503650476,-0.1414196267403121,0.5092242489118172,37.48866668527529
Lopi,0.37331134637958685,0.10214745641495068,-0.1271370767892557,1.0135591156646306,71.36406618410767
Lopi,0.1048249487734505,0.041738594518192576,-0.12385948924877109,0.4264899387420857,35.14124310854369
Lopi,-0.2535355749808071,0.06590924776274332,-0.23927964115601938,0.20552778914558667,51.33172662670536
Lopi,-0.4091585689703173,0.058529223632772596,-0.07431521946557872,0.32089504463323043,44.925304971025795
Lopi,-0.2173075197969866,0.13561853277729014,-0.21890904232103142,1.4646614403314193,56.84196301458833
Lopi,0.23307725594475331,0.04437051918714128,-0.23703631161597238,0.23589463468899804,36.58975285548855
Lopi,-0.11302036888189128,0.1218616056039252,-0.23371179127026193,0.28185590244733844,45.25451230577191
Lopi,0.07624232135323025,0.07010345448084883,-0.19550027788114419,0.27518567484035256,36.16322525119203
Lopi,-0.21425226106412568,0.2284632094715202,-0.15863264408561392,2.163903551961821,30.698380847958514
Lopi,0.07839905836024336,0.08822287802808193,-0.27792027865979285,0.46410472088374616,30.932105041169223
Lopi,-0.14901501470037903,0.0965652791042909,-0.3179094502211267,1.695278757311514,54.53044521706276
Lopi,0.3735752160523809,0.03578726018204306,-0.25379145349123305,0.38251767529983405,56.994843195836495
Lopi,0.5360756150769175,0.3334696179380847,-0.1157166339576446,1.4315485993525738,82.85730706358171
Lopi,-0.31076536116668907,0.06927593778289518,-0.25548853554354617,0.35481430158994287,33.37369635830321
Lopi,-0.40092365239439953,0.15641480673997338,-0.2780393828367691,0.30825114451890395,46.02924616651132
Lopi,-0.13266870892165,0.20514860993066436,-0.14323348988962634,0.5974065301137571,27.832184612321974
Lopi,-0.2375857747112386,0.024532543609567786,-0.1725856878374046,0.4248053971821918,36.08798481042325
Lopi,-0.35142519561843844,0.07765168975839203,-0.32618006475108974,0.26213034601974416,41.71152257677687
Lopi,0.030672840106606574,0.08528535104228915,-0.276432483061269,0.45686906398937394,32.31134053741233
Lopi,-0.15159836088652484,0.01209024658938955,-0.35101223411606314,0.31567135785292927,36.406618227080386
Lopi,0.5245584849652989,0.13622523040622903,-0.22283583090227976,0.5652289790759444,57.26535577895958
Lopi,-0.23249392979018046,0.0036039462995340757,-0.23110298093429776,0.2702308184103744,40.543847816496395
Lopi,0.10766895841901758,0.008049874530063323,-0.33453200824746787,0.3112449412791952,38.325006163352946
Lopi,-0.2814987940596937,0.052511544680972744,-0.26030011181603324,0.47531907989863326,35.647906592767015
Lopi,-0.2884501707946579,0.051381112586814603,-0.11552836601135404,0.2377833984466171,44.21298760619283
Lopi,0.05577200096123781,0.06620296808633645,-0.2338074385192451,0.4215318574637561,28.02748752138236
Lopi,0.26769037396140466,0.2729546014072276,-0.23286420960423987,2.0470075823509295,56.51907203400938
Lopi,-0.3658369443366525,0.06647235945533175,-0.07277587347266876,0.30018227454543284,38.31513346925449
Lopi,0.26558318352309923,0.305983663590606,-0.2928100320022549,0.39702193368178285,42.73881228659667
Lopi,-0.18414798288933887,0.0810158665553253,-0.23138331259185865,0.5557347031032728,32.528122942382886
Lopi,-0.6369972895866551,0.5727592032872473,-0.04106518367954642,0.5372422523984379,19.1143934745463
Lopi,0.16508614183314577,0.11672697637560465,-0.22082088749603113,0.22947202282154328,55.94837679765528
Lopi,0.1464713770850852,0.14911236272788414,0.05171235321690744,0.5115034167821707,37.83173023967514
Lopi,-0.5458313489895399,0.05693687423239143,-0.21866724110083233,0.3918196801823843,36.69907625143418
Lopi,-0.15904984019582183,0.04285455072542825,-0.22742247798545093,0.34988865590599894,38.921964201178675
Lopi,-0.431437969082034,0.27189599630194955,-0.14557777580006048,0.5003796027447358,44.188756641077674
Lopi,-0.162155421868077,0.030533003395249742,-0.09673597131017568,0.27217149690874226,36.57819378468368
Lopi,-0.25249810866285216,0.1483705468398525,-0.0915180347535804,0.47205261095957846,40.40824010294925
Lopi,-0.2385224041203824,0.17620701833634494,-0.24138539253798857,0.3674791627881401,48.114498138609164
Lopi,-0.39169266791491886,0.07145038496750063,-0.10868452244210909,0.3748651653904048,52.17561692408173
Lopi,-0.13188292169893068,0.17049128131458427,-0.20806698822287947,0.3611473590461455,26.98317267925814
Lopi,-0.17257824772647512,0.09245473215398399,-0.06471299251046177,0.4732572150077558,38.771449630324575
Lopi,0.424341924325359,0.1678303806237491,-0.21571526030239974,1.2662909273917609,96.52032753792354
Lopi,-0.14149611264287668,0.21132707293751526,-0.07689239829057057,0.46400044685490643,50.6198902034912
Lopi,0.11843763077898407,0.07065489959465271,-0.23214202710567658,0.3078114904397047,43.41901977652611
Lopi,0.2497730709587813,0.0029658978523893946,-0.022920180983056107,0.27759175587098556,35.09329805032359
Lopi,-0.0865281891874203,0.15456823587318363,-0.20139431915442826,0.4558256261205447,25.544769477765847
Lopi,-0.49917703312651074,0.4342668362501298,0.009812237829783467,0.6440018836739421,19.73234270203883
Lopi,0.5590479826211162,0.231165390320392,-0.23472708522396116,25.04872354426661,154.81027364214998
Lopi,-0.2728868492120652,0.15173929410536996,-0.10020739992938284,1.2093305438004431,94.50382921820909
Lopi,0.17300880032736327,0.19955100905146816,-0.22638812069851805,2.571303387403943,32.22117054567242
Lopi,-0.1452521558164813,0.06472501607727052,-0.38316142176140966,0.42749712903841197,38.335425261712004
Lopi,-0.2353371325831199,0.1271363225087983,-0.022783603900821982,0.48888329305104333,38.868036759659596
Lopi,-0.24232446858706447,0.07226873384522127,-0.1310135161030186,0.4988661480409279,29.013536889586394
Lopi,0.394647810601076,0.06615855297024646,-0.1976364519583972,0.33202308039684136,35.861004208418436
Lopi,0.2728847999028131,0.37085124702354577,0.057703216184366836,0.6031876836655978,25.184495825917733
Lopi,0.07704986695360136,0.03744697504981045,-0.02636787398782554,0.42332277422690295,38.41098176455354
Lopi,0.3143487136462413,0.21306202101832863,-0.02166262576764637,0.36746073283729486,45.39994570464911
Lopi,-0.186015312877899,0.030319359258201655,-0.2475353164909907,0.322746146992347,46.565303055892194
Lopi,-0.17936882296018603,0.12328042920532707,-0.037855845486554,0.4437360667724318,30.356296382045592
Lopi,-0.40526671154541266,0.2921283186588516,-0.1550385262017562,0.3963250202549691,28.5855495676429
Lopi,-0.23876781624738458,0.07630935869673817,-0.10355509845013247,0.31779587714411595,41.14072894802167
Lopi,-0.16289326514658387,0.16647985333621018,0.027931899271831907,0.4408648519825741,57.697566605447555
Lopi,-0.4436595140902457,0.11896498455801097,-0.2191147333344469,0.3435378452085631,55.043658407177745
Lopi,0.3082825463892309,0.04214503003054844,-0.04781664230812843,0.3466127775496378,35.287542620075456
Lopi,-0.08425177349884011,0.1042352577421467,-0.2769326833967772,0.293692517324087,38.71582350864497
Lopi,-0.5489561070890993,0.049017324459268916,-0.1005748154905625,0.5326988215009301,33.682448427441656
Lopi,-0.2546172777931487,0.047042501842883035,-0.041513802058218946,0.2933694328743509,44.25545671153735
Lopi,-0.06312610680948906,0.042361817447923736,-0.10266895234770053,0.4068750071929887,32.60915862130874
Lopi,-0.2005803939982468,0.19944821116659525,-0.186744389271983,1.7587865791170774,48.25701657656974
Lopi,0.17641630123629168,0.04603578983496071,-0.17384943210190412,0.3852405033187528,39.94906780645617
Lopi,-0.4128289038476192,0.16238124581097801,-0.026416957627051738,0.28103277441011665,49.23813540999068
Lopi,0.08287320289771102,0.24910366132626627,-0.22040581903130604,0.3333804128640401,36.70667125234975
Lopi,-0.18979733348103775,0.0026641180014957393,-0.3573149873541511,0.2579117907528361,39.37031326804977
Lopi,-0.22397049142623976,0.08557202221001081,-0.17216369618707505,0.5263983169704985,34.80802459894219
Lopi,-0.17985026580203584,0.06705381840789178,-0.40395956929733545,0.27256143232879426,41.157042482719035
Lopi,-0.25761241271520297,0.1329103075279941,-0.18105972864475833,0.1955398326063979,41.76536493353938
Lopi,0.19594042465890804,0.1276342826080082,-0.21864439166187993,0.44302892359894336,30.963594592343874
Lopi,-0.5133204323926583,0.04651568239474418,-0.06884736071819465,0.32679889082995656,47.659729789940876
Lopi,0.22327567366222134,0.11705196911754474,-0.13139796410505133,0.334846590234372,51.81264777132706
Lopi,0.11494987344805097,0.1719262481197214,-0.056847439269895945,1.1122227189412481,82.94240394100105
Lopi,0.33860506492956843,0.2127107865424663,-0.19426577404614245,6.760555036434441,287.69323757175744
Lopi,-0.1358640915076781,0.19114167067812868,-0.11472585159466746,0.47276088341225586,33.629604400908235
Lopi,-0.32858178365200763,0.1776571320612805,-0.1006842118628375,0.40257624629741556,53.1096686736518
Lopi,-0.13316140821159,0.023326246850698323,-0.20412419142981753,0.45638293263279334,32.93345045282186
Lopi,-0.36108084104733973,0.22178904311424114,-0.03832364830312559,0.5244991680781252,32.58319795591792
Lopi,-0.14389363119951112,0.23254102167321516,-0.05943245933504626,0.5822533659518052,28.49848382236755
Lopi,0.0525649440718885,0.171227542724187,-0.11118330440459065,0.3517866479686501,39.08047357162199
Lopi,-0.20224102472734462,0.174964138716826,-0.3279002803681546,1.1878534836965828,70.01706395658482
Lopi,-0.6111399023110957,0.17374849734128,-0.27253256618383004,0.3855276510792681,29.99689675347225
Lopi,-0.15235955175805035,0.15486805082805533,-0.10842287227152986,0.4222550526653945,34.12503431637595
Lopi,-0.42644441779364484,0.059216835189634255,-0.38436240782427866,0.27239997081403694,43.82925468416439
Lopi,0.21700509606811846,0.08566131400464003,-0.0026174763772367124,0.3718117183344863,40.5010123211086
Lopi,-0.3987999798846456,0.04721023954234301,-0.29834593464871817,0.3857503246466115,39.39143159978393
Lopi,-0.22053590199525908,0.25365357744781947,-0.1611262663151042,0.30293983031852834,50.810219401503105
Lopi,-0.2340509815733448,0.12783748564817637,-0.26651805052811667,0.21776602813901402,45.12800803022228
Lopi,-0.49884560281506346,0.1511003188535653,-0.1971536882488704,0.5862609725883089,24.406021897782026
Lopi,-0.17239893665847833,0.16125963359893755,-0.3077966928965804,0.4060615875019391,33.90386409939403
Lopi,-0.17415131804781359,0.10020392506220739,-0.3317023776881426,0.43251424014114415,57.86749737362251
Lopi,0.17482146465334528,0.06304200754374294,-0.1704812389933669,0.3489316900220719,33.35232940448404
Lopi,-0.08211189014136776,0.07851694305679392,-0.01461896014682134,0.38189015633174256,42.36288644599483
Lopi,-0.27072318458459543,0.16176461649925816,-0.18608028758719913,0.5079115884879567,39.54083139409177
Lopi,-0.30097290325197495,0.07369721910039283,0.021170177643086874,0.4420729359096781,28.11203164618215
Lopi,-0.3231109177027719,0.2015201686520854,-0.1483210838040267,0.22566754430270686,46.89699794382387
Lopi,0.5643395982704584,0.17876147103046114,-0.22270135126328608,1.2156486588924897,81.19237111606388
Lopi,-0.3170570600776363,0.08204548784833157,-0.06196967756039501,0.4569362599348125,33.90364108493261
Lopi,0.32782160373339625,0.17102168619004973,-0.21216078296829363,0.782408119460047,47.16091280561703
Lopi,0.27644781522882556,0.16725965865527298,-0.1234085303965497,0.45641266721152757,40.10019724426428
Lopi,-0.37415620605671335,0.3141387766202719,-0.033418469328151325,0.8881206671886724,91.38220434312106
Lopi,-0.12471901936470184,0.13460309736716558,-0.16795422417978545,0.6415823779294066,62.95218470429763
Lopi,0.39975621555242113,0.12527154489445497,-0.07377070645473435,2.422550552608344,26.11771783603573
Lopi,-0.325975044147896,0.016567495199395023,-0.0296080790150983,0.43246136278098135,37.93077715995601
Lopi,0.39456769668723907,0.1238180907074465,-0.19621941061388398,0.35960247994587347,48.903851331621226
Lopi,0.12069528094179778,0.21841917895782648,-0.1765947680442637,0.6905811495863716,75.8223572923741
Lopi,-0.5926020815948327,0.01241847112385191,-0.19795176810592746,0.4875932935180395,38.35616559785762
Lopi,0.1045504476672821,0.08568781332458199,-0.26436608245958065,0.49990833785538535,60.0409860205044
Lopi,-0.22385504926308034,0.13281188863265253,-0.09250153486508911,0.4249653378440263,47.34640121785367
Lopi,-0.6911135708259722,0.11304876510998715,-0.07781657558269196,0.6090300262811238,29.95540488646973
Lopi,0.15032188150073,0.08912996491900635,-0.06974194163958755,0.22377361534626614,39.72294197233575
Lopi,-0.3599627191307716,0.03901027830555261,-0.24385837756997805,0.3318208642359603,35.80287018183573
Lopi,-0.3434282874307026,0.022881543043399778,-0.26003543269181234,0.3019988124239963,41.49314637868419
Lopi,-0.3437923243420196,0.06656782938845998,-0.4763706718182583,0.3339175344479711,40.93898142562208
Lopi,-0.22341420928941635,0.1058265004172052,-0.27917305299401346,0.330608637413504,47.11314592642003
Lopi,-0.10483850195438749,0.21711923204497655,-0.04517035245757009,0.3678689506938352,59.14437944302397
Lopi,0.16776820070489384,0.1013991440566272,-0.1712817412789799,0.23417248119445666,44.778558366473675
Lopi,-0.677921778201187,0.19144860542807132,-0.0831511028200114,0.6037967552220761,27.882322332076562
Lopi,-0.5158504395256194,0.14797337921806591,0.022916145178330204,0.37797736775416513,34.03464389233194
Lopi,-0.1913958941607301,0.14863006061766754,-0.32612577033909046,0.4166578996687727,55.89219236468998
Lopi,-0.30918567011739445,0.09403418577317886,-0.015798706713768266,0.5008580715942814,32.34618219229101
Lopi,-0.3667908451984232,0.11796159418003302,-0.1544911561195452,0.26431373109405065,56.22432469651728
Lopi,0.07817963402626989,0.013670327856587403,-0.3014250587879846,0.20997229132096226,40.81747328571428
Lopi,-0.38418766571358137,0.2620463942080093,-0.11413641139078129,0.5407729301138758,21.99047607784683
Lopi,-0.08512372626316103,0.20655373235462862,-0.09063664853965245,0.4639885966763743,26.812482711582717
Lopi,0.1931068019217978,0.07442814643870041,-0.21036425294639569,0.250244158950111,40.930634112505395
Lopi,-0.2133518862201034,0.1285393204405218,-0.2448798145903214,0.4134046706005429,26.57653436340498
Lopi,-0.21325023672628043,0.06362680798401485,-0.32667501729135395,0.19541448935620445,37.38203070761769
Lopi,-0.4202983823769885,0.06022684861718049,-0.2319217862933011,0.44990989729553,29.624873502727993
Lopi,0.1705496222626424,0.08941968585182014,-0.13047311476460607,0.2248652494080564,43.18009980283865
Lopi,-0.28134972716377604,0.047800197622285726,-0.015212426844474918,0.45800063507593824,36.19741788240413
Lopi,-0.14245823606604024,0.13200138858550803,-0.2634055846112205,0.5313880806206085,28.991135976915885
Lopi,-0.10476123752186567,0.09750861427770467,-0.10869170235941197,0.43220463787944935,36.45420795373886
Lopi,-0.2542021882893265,0.37705236730367914,-0.17241240467936,0.7535438241209341,74.47392140639354
Lopi,-0.1626518005982792,0.08964130948168188,0.018209640985217004,0.5615656398294178,31.0816615139422
Lopi,-0.39874137573706475,0.01074136580205581,-0.13243612209778777,0.3565450769636346,42.79584792755086
Lopi,0.16390674162150523,0.06645860958637877,-0.2006059067417058,0.4015197859790144,38.170243573601674
Lopi,-0.14998949135893572,0.058392479729540106,-0.42765587053951987,0.4569210823965096,32.202594155113054
Lopi,0.21438242903822757,0.1369464162154452,-0.17510055283112655,1.1529818453109548,61.08577540303964
Lopi,0.13754106896591795,0.07737700426613162,-0.17486685078614866,0.4083638867176016,36.87385793523181
Lopi,-0.31144501688347215,0.1583135938344943,-0.0337225235256238,0.37016592800952075,42.993155904117025
Lopi,-0.1620785895369834,0.11321235853725861,-0.007418247945750709,1.4214556626164918,60.491227208392935
Lopi,-0.1917624057240943,0.1391101358304186,-0.2314118625767526,0.38605740898276236,30.13242870553369
Lopi,-0.44931516119821324,0.17828583288646077,-0.12967770448616356,0.46332387515655044,46.208101594882656
Lopi,0.1322022228204275,0.10025559836897832,-0.2359554620332874,0.35442705230814814,40.11563051221415
Lopi,-0.07895163812329052,0.03335443414221865,-0.11774497772164161,0.25826805967117417,44.69981927692198
Lopi,-0.195407694898229,0.03725397737504682,-0.32226073181413895,0.34475586584413376,49.32419351371062
Lopi,0.06907861913841169,0.3668176191287305,-0.35105081867105,0.5643497530708663,70.89169630683053
Lopi,-0.3236104865597048,0.1458738307864106,-0.10986910984716482,0.27490168473085314,47.6524019980137
Lopi,0.37442402545823084,0.2363887464517675,0.09787834470521703,6.749301532124711,247.74412764256294
Lopi,-0.1482471507593488,0.07602829701422863,-0.2839312922018126,0.41629971735952903,36.88629187549185
Lopi,0.13217077493616197,0.12645150817652073,-0.3049739585416584,0.3787636091106701,51.98156740290134
Lopi,0.32518348554838394,0.12466816898960172,-0.2905017181848793,0.3270340796516706,32.27175140990386
Lopi,-0.26566098741127697,0.041876401497589574,-0.2588953238476332,0.3148849557928648,30.998933949276694
Lopi,-0.39933150336180845,0.09863814205567227,-0.1474708589233083,0.4362210747814315,38.5626904829884
Lopi,-0.11205847729169846,0.29792416666753585,-0.10600946620738791,0.4619375486137134,38.38575345998109
Lopi,0.024158528188511726,0.011700740097195846,-0.30674301892666994,0.34787093017012366,35.457190686961724
Lopi,-0.14851831498212792,0.0620141770082636,-0.31752446712365423,0.4094729610807166,40.39575187870413
Lopi,0.15995542312602873,0.05581879598858332,-0.17895765515476642,0.3862128513445485,27.841739409352808
Lopi,-0.15865403637283232,0.0715244140639368,-0.20799924896118777,0.2767995504067929,60.142419446395266
Lopi,-0.4436902807652905,0.1237042692853459,-0.08186508863092815,0.4908059825689893,34.16564499916414
Lopi,0.08893755521893892,0.18010305745006883,-0.27623478635106763,0.24277445163398445,44.239365100443194
Lopi,-0.0820570481210273,0.19358479811964868,-0.22543829058019693,0.42968372322148446,41.32237893775435
Lopi,-0.4188122629043942,0.021544539182613533,-0.20951747919959937,0.4348786061904208,36.59833372274648
Lopi,-0.1893146777613629,0.19761245877841166,-0.09497375267030009,1.1725070451259598,92.35201848050652
Lopi,-0.5690442894533072,0.20850494590446647,-0.02034177254897851,0.48768503096205384,44.02832144473937
Lopi,-0.47344097044790334,0.03555401812462851,-0.25642860732132233,0.4824451163211201,25.846533773229904
Lopi,-0.4769886660514032,0.006419441112310696,0.008785224733987409,0.33034966491159834,33.107936608328316
Lopi,-0.0992074684731069,0.034545248969960134,-0.33613382796436064,0.382968358241701,30.457860455271714
Lopi,-0.3164373556692608,0.2561986907871431,-0.03035174810709661,0.5511093030235374,25.457325432278296
Lopi,-0.2697282187528359,0.16394001205511877,-0.21332319267114153,0.6584097008478038,64.11843241747052
Lopi,-0.24440195513248608,0.08734746162903592,-0.28354156936370994,0.32312444331951473,44.36020068959147
Lopi,-0.1506701127973344,0.0584782764284512,-0.30741725111667767,0.435552702049484,33.94513977777034
Lopi,0.38844019529874496,0.18877876846119795,-0.2722029184889989,0.3226822954167825,40.935537508165694
Lopi,-0.11651099549374443,0.07962196567055681,-0.08734570907290255,0.4450838477061619,37.24781529825026
Lopi,0.06963374349335187,0.1495647870028915,-0.15031154853510612,1.4905258631639347,71.3935164697671
Lopi,0.15223193280810474,0.10757623582969318,-0.2771843034609409,1.070675991038216,76.82766195683844
Lopi,-0.486747770149531,0.09751098408274397,-0.12486514076739365,0.5218137351346666,34.422262102888276
Lopi,0.27151756334415206,0.42095266372354595,-0.25056427516443186,0.4642257363523609,42.26071821084645
Lopi,0.12060164137139434,0.1543808778990315,-0.20219616997764875,0.4680088839886682,30.384069874015623
Lopi,0.08092561866371958,0.21138718479659052,-0.2485527292388073,0.27046365109653087,43.851895381923654
Lopi,-0.18743619759522528,0.06326732628267462,-0.3005103323623456,0.4480872445531022,58.93594973838067
Lopi,0.0838262592397328,0.16019139337411853,-0.10906393874934411,0.37949217100872,52.938320053227336
Lopi,0.11398466746375308,0.0476780680262288,-0.22985007517317005,0.2548444229949063,36.44054012191576
Lopi,-0.0478651082002001,0.25046291326159303,-0.21815246200126456,0.34817545179137216,49.49500144749664
Lopi,-0.3269753240820301,0.02379375907961282,-0.3880108444662407,0.365948661714141,40.392599822796996
Lopi,0.23362436536862363,0.17448221805261777,-0.055590232588609984,0.3993177673311705,44.28135813214514
Lopi,-0.22497090579358436,0.16591019697153792,-0.17814769613692644,0.5798776399577652,61.60469727316903
Lopi,-0.19521988438601945,0.008985260810483165,-0.18545094866183168,0.40860723477086436,39.2195607102123
Lopi,-0.5715183339395391,0.09369086200473799,0.04472432415585301,0.5499588189452728,32.289565170180076
Lopi,0.10470105234198399,0.11473838226311346,-0.25154530499153455,0.41023660297882486,46.20022858549743
Lopi,0.3518821292738293,0.10614701852533348,-0.23613593792056325,0.34516151588662536,54.71609889808438
Lopi,-0.26780560171651274,0.07333780896624015,-0.2513825151726318,0.4101401221876219,44.35439089453884
Lopi,-0.2631105413190894,0.04713407396503117,-0.09912507565910933,0.4156389910893104,36.57413624546462
Lopi,0.14680905242489722,0.23554145992377878,-0.29316709757610093,0.7833312433600884,39.58052914369996
Lopi,-0.37143094596080317,0.07429028818294994,-0.2508378029342024,0.5056310316556469,30.661126620339292
Lopi,0.09135941352002018,0.08549172337091206,-0.26470441877634915,0.3473918218167752,29.506953270037314
Lopi,0.2995618952927518,0.05605654224088317,-0.3042366516504696,0.3504574964245982,50.606312050675974
Lopi,0.07262379575117087,0.12245835491876951,-0.3290993823039695,0.4794951074488163,27.970668736140347
Lopi,0.0940628108672851,0.09024777892451438,-0.2349808075835338,0.3842594890075569,42.445153306424174
Lopi,-0.48757214867752613,0.2792275525117026,0.1761057609888816,0.5429443411576658,23.040767544609984
Lopi,-0.44483138236416897,0.14934558298769451,-0.38635491726578564,0.3529425286560798,39.48813489130391
Lopi,-0.11324934766134229,0.10978730183388523,-0.2986359714561722,0.3770042874589309,40.98373304929618
Lopi,-0.17187816202475056,0.12043699200433466,-0.048056081025946516,0.4351374652731789,27.482046635476166
Lopi,0.09012506910964208,0.019528264746411027,-0.13853917533430077,0.38112506838582905,33.13077332452206
Lopi,-0.4904643492041542,0.14434848562721717,-0.11021705469257839,0.45189864168294575,24.216832153765502
Lopi,-0.25795697337649537,0.29304502281535433,-0.13193469333952054,0.8694337206497852,20.340026574505238
Lopi,-0.21869482955728167,0.14954434139964295,-0.2982599904549676,0.4637405368363996,40.10186576999617
Lopi,-0.2836249841487076,0.03561303064093764,-0.2564296618368173,0.22309450652956545,53.694060178897985
Lopi,-0.3881293409925202,0.0782446768510848,-0.27840997092173814,0.30017087918358076,46.68694937261456
Lopi,-0.13713941417405245,0.1348120171050066,-0.12197789471653714,0.4086207853524225,54.92588363417208
Lopi,0.11765115017383274,0.1228893738573077,-0.18426671428724936,0.42576590092995803,24.363750270260716
Lopi,0.29504580985560086,0.19686358985568558,-0.011971979004614311,0.4231551965525349,49.32160320560051
Lopi,0.26157425415939195,0.05497401091722189,-0.2562305261389944,0.29667515970319486,42.43354278548951
Lopi,-0.3098379417821452,0.05925270646578988,-0.18108931118590801,0.334083939869745,48.04239147926928
Lopi,0.18050872405674018,0.10234914876800612,-0.1760848750455205,1.3661367679107692,60.60883552239369
Lopi,-0.6342173637308248,0.05934317549245287,-0.2513901554338847,0.47750521442161437,30.950633452317774
Lopi,0.24300418498175402,0.04981413657070677,-0.2786614565451299,0.16702647348479993,48.74864986611762
Lopi,-0.27435308411847237,0.10860781461619753,-0.1583430022833937,0.18624390726584394,46.14372202231601
Lopi,-0.136146862815876,0.028293892259766244,-0.4254943905133244,0.38493696612811795,39.93928365343435
Lopi,-0.18828102291587365,0.09532728526903715,-0.30045953347361476,0.3318296250673748,46.35515476094715
Lopi,-0.5370664553883284,0.08459851569577206,-0.11008219714456738,0.4771036858975479,32.50579370411887
Lopi,-0.40041786592610307,0.10242069700054172,-0.15781430903751986,0.40098856772835506,44.005479085932734
Lopi,0.4993927773580939,0.3567173594553424,-0.05987134838191416,506.7554365138318,48.52922815656612
Lopi,0.17552243499649847,0.031241826247724903,-0.3652077806154345,0.2630852808293403,35.283104623772914
Lopi,-0.29894832820967193,0.2855609617414561,-0.12931153227785291,0.4344170341320978,54.80293865012902
Lopi,-0.4794069148280018,0.07586388155082227,-0.28397892841904543,0.273621882934513,34.745083041524005
Lopi,-0.17430457521436815,0.08908945853554748,-0.06886194772737228,1.0573494644229116,80.08364697274196
Lopi,-0.30416705014678985,0.032264949558688354,-0.4683322654710467,0.3485847171805578,38.14430674029521
Lopi,-0.38949964012906074,0.01883377937749794,-0.23231972452478447,0.4768071818157963,34.746810315218134
Lopi,0.06260674472647547,0.19369861097244803,-0.2653361416147885,0.36599726328970333,45.85572335064441
Lopi,-0.4436120566255728,0.028047941248585673,-0.23548830440044338,0.42260111862989697,37.799668206433964
Lopi,-0.5117131839915715,0.053613812744435205,-0.20779767642829877,0.4897940680133228,32.17496347534838
Lopi,-0.3771189858120258,0.15110938732867288,-0.11582507723470475,0.4660897299925651,37.11173612227515
Lopi,-0.2977956497575974,0.13481868161602878,-0.2557178063392781,0.35958959510544,44.10710101538841
Lopi,0.256333117663012,0.09068349658357588,-0.24589729052445936,0.3304310045873483,35.98629765070105
Lopi,0.12345281338849101,0.08494708866893022,-0.14767995505998405,0.4098922319124121,23.298065703998432
Lopi,-0.5515945331452498,0.1171080269438916,-0.19407616814213915,0.47018640815393675,34.24707850728085
Lopi,-0.15793707912202787,0.15836652072588958,-0.20987421546609247,1.1307297903126896,75.03220740554438
Lopi,-0.1727567371422014,0.043288371413942185,0.010357521580832503,0.5066985403220591,28.750871879997206
Lopi,-0.27199137337597,0.1376536204698682,-0.2175574717209151,0.3174487604710839,40.3430464602195
Lopi,-0.30748910482696323,0.12541821291982463,-0.4587559148947721,0.3536799278014099,46.58023362947442
Lopi,-0.43991351101013687,0.1505349654923977,-0.2860815131111477,0.42290568482853785,47.81506120021054
Lopi,0.20463254130203412,0.1692423172743225,-0.2770748114390404,0.833761460502484,24.18336078641474
Lopi,0.22352331923009378,0.2800798374538701,-0.045987940309691167,1.2177555369811484,92.6064210428173
Lopi,-0.31457116882273783,0.10072084236788299,-0.21980947900058936,0.47449768898899725,33.73838684513122
Lopi,-0.465798918877337,0.02018980271054615,-0.1823073835289309,0.41785638023876776,31.933194755721843
Lopi,-0.21959779690742318,0.02090986485690799,-0.4396283388864203,0.32105503674453756,37.08218245566995
Lopi,-0.09890098239623359,0.056178268435192226,-0.297317867365658,0.4547942943507588,37.30026788001271
Lopi,0.2503010994942393,0.04546120650195869,-0.31295359703053255,0.3145084822448855,32.3640174681193
Lopi,-0.3544876360306175,0.22376898516331273,-0.2665495177905749,0.3996003409345982,59.42074616471824
Lopi,-0.08419853561814525,0.24797137832287358,-0.13594498654094114,0.4921869797345403,26.644716498396086
Lopi,-0.36125870549294115,0.03781894462279549,-0.3906190595526019,0.37752793991022177,38.45468347652582
Lopi,0.14311474404809021,0.23435546578484717,-0.1357475011236609,2.154410942618614,45.45609060071562
Lopi,-0.06854773691998531,0.10087757470608257,-0.08519960980806927,0.4403633918810495,53.05065470069908
Lopi,-0.24085916689111037,0.04365361377151053,-0.38906476901651765,0.29369102680053655,39.933097268146895
Lopi,-0.39784053135120784,0.038062744475629746,-0.23230716114358246,0.2887521689358629,35.09909204123023
Lopi,0.032603737567933846,0.22597895070942972,-0.053527755979253494,0.5484980982379905,36.648768296006345
Lopi,-0.6674159007459538,0.14969639482658598,-0.0222273468983359,0.6199162607201311,35.857736542692265
Lopi,0.20348702424508974,0.369235313388311,-0.06425221829394666,0.6716866727844356,67.98144321587705
Lopi,0.21445070845858688,0.06337172968591565,-0.2515143178424894,0.32639999218885735,31.447795462729367
Lopi,-0.3940643326849482,0.16052466279447972,-0.22726258410190642,0.3620366612758739,27.84703024958673
Lopi,-0.2360111228157004,0.08152317218717826,-0.18938550832995657,0.4206642359677756,37.82068555068318
Lopi,-0.04983826411640957,0.019774850908877144,-0.13714666469611986,0.2194103999936062,45.14609587562319
Lopi,0.1730466841145951,0.11127006735326564,-0.24981196508914658,0.36184218447465527,43.8668255994217
Lopi,0.1519695670703136,0.15802825985370655,-0.2407981314059992,0.36877237851070044,32.10141782107751
Lopi,-0.08821626584963406,0.07170765124755865,-0.09995559101988966,0.39176121199121194,35.88196877943145
Lopi,-0.15225340843369617,0.13790938356473956,-0.08298437907519551,0.4227988682353463,35.09536531664819
Lopi,0.2769711737435096,0.2788926354849863,-0.08822659423579447,0.5273186435186824,55.45718630448713
Lopi,-0.39231242360789864,0.17938637667636523,-0.15950852359730272,0.465795563816662,21.79987249197292
Lopi,-0.1084043649407232,0.11624863785909426,-0.08506412797199826,0.3415490746706271,46.625307972001345
Lopi,0.10422970701512059,0.12127884523028735,-0.08947877366817979,0.4591897139923133,32.60879416182871
Lopi,-0.2039366456287106,0.05261634441022437,-0.4530214611739061,0.4114270353581477,40.659167743372855
Lopi,-0.14064843081835993,0.14251051668863704,-0.3335793697570649,0.38812888015086555,27.204583538384533
Lopi,-0.29295405381824147,0.22832971643896563,-0.10301447212680362,0.3527223584123595,44.22744479736008
Lopi,0.059184521034642,0.12188018945154903,-0.10444784028911781,0.3887725385799249,41.976066095663235
Lopi,-0.46823035319007933,0.04683264846300021,-0.30571512862161443,0.31796270475250166,34.467052371661175
Lopi,-0.21619886882368816,0.07049534146181483,-0.4267329774698917,0.3818367181002648,39.49251356066066
Lopi,-0.3400827172460522,0.17645357502445772,-0.1970374609353837,0.28336822715962307,58.11239072639155
Lopi,-0.33626587109651834,0.17260242808471307,-0.22331533645469845,0.4141493353351508,54.78788782011826
Lopi,-0.22987575580506497,0.24369366209493823,0.030054823423119374,0.8711989955022045,18.760591210575978
Lopi,-0.1035006855566188,0.10538229592363206,-0.3257733738508422,0.523427874268543,26.9524163408395
Lopi,-0.5690787793358418,0.10975858222109088,-0.22519398839273538,0.2943801337487373,35.8464239858664
Lopi,0.33322713092438466,0.3121404175102724,-0.2875718816041841,1.9931295569679586,119.53070262208274
Lopi,0.10952212531023245,0.13049722931933322,-0.10426280845975985,0.8012906804886634,26.558885302944073
Lopi,-0.0918317897152323,0.058216533253853994,-0.10433196884716466,0.4139695199707954,26.189860667379012
Lopi,0.1337642949690448,0.14301092706540303,-0.07958002253463294,0.4057988584726323,47.975528242562476
Lopi,0.06728263488668954,0.05530895341111921,-0.17478583054535896,0.3572752172366036,44.15112165407516
Lopi,0.20318169157506985,0.05486937738341161,-0.1830696246366674,0.20615984714872465,42.72887847875326
Lopi,0.14159612479963646,0.25060981537213095,-0.25292420411165856,1.4638360421677385,101.28528195637645
Lopi,0.13812424124290698,0.10443012578581819,-0.39943276724196125,0.2726583766358023,37.54487015654731
Lopi,-0.25846405720308807,0.13392991909255628,-0.276120659787561,0.47273492529621686,37.972958534529724
Lopi,-0.17033092274205264,0.09720465622637055,-0.25464048462138744,0.40844568446825963,29.26905509380986
Lopi,-0.3044218858171187,0.07668180643014447,-0.28201758031163965,0.42331457082080914,27.592857564855596
Lopi,-0.28105225961557634,0.2433442057731127,-0.1428405691978194,0.589283913972894,24.435647080781482
Lopi,0.16672168265137163,0.053197663331467505,-0.12709054381368104,0.39878583312764376,47.71499626336672
Lopi,-0.17297688731170513,0.1399914510713358,-0.24135387415442439,0.2947419802435014,51.06790246539116
Lopi,-0.06983523074126616,0.11774358600061034,-0.3110543634906731,0.4083330465024751,60.62982188263312
Lopi,-0.27336642444257475,0.09121154097487874,-0.05037014275204683,0.4684067270449993,41.00487849686504
Lopi,-0.4043853099524377,0.15963591513874106,-0.020284172494216525,0.5456750999443826,28.2604461105702
Lopi,-0.35248935585240637,0.05284426563378734,-0.2275333121381219,0.3423326094984923,39.43599540818205
Lopi,-0.22596353862649676,0.05412834918545541,-0.30963905992217083,0.4368849908778434,31.647038427602865
Lopi,-0.4592370694072206,0.07950510606040459,-0.04252874499438016,0.4874276877276735,23.877200863259613
Lopi,-0.1867267757416455,0.021234683904461597,-0.34865852160230026,0.30916081885523417,36.67027742757322
Lopi,0.09885843665628324,0.2376060608535188,-0.1958994134302088,0.5057146076552519,50.68705170719238
Lopi,-0.2752970216583795,0.10212604583703759,-0.15278686869899452,0.48552204177447744,28.287601162599046
Lopi,-0.3936323557017565,0.20498840214697026,-0.03266436718932003,0.578699238287857,29.341173860226228
Lopi,-0.5370925173778716,0.028701509004154725,-0.18224281425676567,0.45930356107738896,36.91608806061582
Lopi,-0.22412639150860897,0.0655977359794765,-0.00324043296856878,0.3333876624778708,39.33086518309714
Lopi,0.18944760409842815,0.11709938570162955,-0.09481905349765961,0.3273116101069219,30.310185351753802
Lopi,-0.3254366582563236,0.04349381732317024,-0.3512366163295221,0.35838736515807984,43.21526344703984
Lopi,-0.2315274478454602,0.05830171676368208,-0.26709895688665225,0.2919147380718995,56.766440192404694
Lopi,-0.15811480409270762,0.3227006627822355,0.006779611976545218,0.5844693033855775,38.62414406720013
Lopi,0.48514944831673285,0.2045637770763257,-0.1381719972774161,6.819216476314409,292.3951618584881
Lopi,0.03615226352084842,0.2372167371321224,-0.20688225491505022,0.502599486703576,43.55786933326077
Lopi,-0.34828211341882337,0.162226589621071,-0.07571717225207562,0.42482470902300773,29.137755479815542
Lopi,-0.13789760855164102,0.1468115331901087,-0.14339000420817818,0.4272179316937909,28.539236391557623
Lopi,0.11120076967489284,0.19430713452349063,-0.22315619443902596,0.356695680826157,42.39423137340886
Lopi,-0.10785575792102021,0.03544743544019438,-0.3274318560410239,0.4060249124959822,33.94095393245619
Lopi,-0.16851889206473544,0.17288764022856545,-0.17024038677067657,0.6516367481612471,30.52948924443903
Lopi,-0.16741872026751572,0.18753405059749376,-0.20231924659005004,0.45004044642417806,31.34971015139333
Lopi,-0.2663600570631637,0.04812650548746643,-0.23425658024931606,0.288293808251071,44.312225160671346
Lopi,0.23441747142819808,0.09861743886337877,-0.23716635870159142,0.45979156835587276,58.201172853162745
Lopi,-0.30221085573039547,0.033853016479568815,-0.2518818272635397,0.3244353922629616,45.0065156733845
Lopi,-0.33424183890390535,0.04381733522125534,-0.11927071141721776,0.37292926967279566,30.038063361315714
Lopi,-0.2704010046862373,0.033008518756041896,-0.1790404254891404,0.2953106644046471,47.84062307738077
Lopi,-0.5514879264050379,0.2750541913501417,-0.17039575604260407,0.4816946397227166,45.49557844718913
Lopi,-0.4573820631222867,0.1516579960404881,-0.2138309709388874,0.5199033284265374,37.58899165159983
Lopi,-0.444124373535284,0.05793118226527731,-0.33374430165908764,0.44072306111014903,38.67310570083572
Lopi,0.1583610997797333,0.20417952774565032,-0.27202445492484095,0.36740278339613586,37.57245867949725
Lopi,0.03374371789607795,0.10313057477321204,-0.19784405110915704,0.4895662790024873,52.84147581941574
Lopi,-0.479313837937266,0.033868423863183755,-0.20566326073896324,0.4309031839818383,33.82660873032592
Lopi,0.5153846402541657,0.21589648633318687,-0.2549829315478446,1.3132456365164002,93.83677503222026
Lopi,0.16003205729428,0.06544757688536314,-0.2787052602735052,0.4200771059868385,35.50943391912007
Lopi,-0.14890477679431008,0.09494077897222407,-0.1353670775585563,0.4009545211856863,34.81104146206262
Lopi,-0.1698931933122881,0.1762465502895433,-0.3245559800254369,0.21502318110166097,45.737018741791296
Lopi,-0.1330539780563413,0.1074622389012558,-0.3676416779281987,0.3306441792591804,52.7245010042288
Lopi,-0.30793205556860503,0.11277156508092397,-0.22102747165931375,0.4019871833966908,62.482164334248964
Lopi,-0.4020614227238027,0.04352525596671446,-0.08859960005558741,0.5041053900000382,33.339210942318935
Lopi,-0.22191324579673474,0.05826552702314393,-0.13110018411410196,1.0619351844149307,79.9975100296912
Lopi,-0.37730314032470463,0.015002346752291743,-0.1971578678789614,0.4491854680749494,33.739412382849615
Lopi,-0.22560026277437756,0.15573494618045017,-0.22683843802180784,0.48155995606907764,21.1032549191721
Lopi,-0.12433219707222987,0.19630629639815517,-0.2193330819553559,0.43719018522431563,26.14100024422134
Lopi,0.2249772824716207,0.06336604185328064,-0.15036873925046648,0.3443426450469482,28.56022459609347
Lopi,-0.21770203107977293,0.20435315969679957,-0.1423363311249489,0.5759966245373793,21.862841180004942
Lopi,0.15680777221380038,0.10587826372594936,-0.3433864663037084,0.2316339432141893,53.91704780344307
Lopi,-0.12431361058927654,0.10596027485790357,-0.28546103913785215,1.211997549538371,92.49390943310067
Lopi,-0.09241487966012665,0.006925865072570185,-0.28260151087982344,0.3224477490385987,35.07106097690096
Lopi,-0.1750075463846068,0.08646577259167888,-0.2946501506557596,0.3273865503934773,45.43345922153156
Lopi,0.16302309492797873,0.058781923074914574,-0.2412689673070669,0.1991454687528163,50.98073952324329
Lopi,-0.11937437014026546,0.08938431658825484,-0.2719542516727799,0.2796701078006825,39.43918136176673
Lopi,0.06215636186704107,0.10295764404722889,-0.30050875358016294,0.3975298546326332,36.00638211473084
Lopi,0.3132542841791467,0.10349182294831034,-0.04304268327918383,0.35681786458291315,38.354395715729424
Lopi,0.23520352307278097,0.11229616932483069,-0.26592174587307704,0.2512899943566585,44.333030631879694
Lopi,-0.29712070061621887,0.18333126738988917,-0.09502857353158231,0.44865462756918223,54.82441356411082
Lopi,-0.31587797532013884,0.08851698882068063,-0.16034296678876214,0.31162576595810654,40.4820836395304
Lopi,-0.37394026328636937,0.18540331525908932,-0.18674581610509616,0.5720659564212198,34.53980323081275
Lopi,0.09429152004520552,0.10437913441586473,-0.18393732971515286,0.3623900659093662,29.68295326357194
Lopi,-0.22538104242398344,0.05924312912538103,-0.19163969430087666,0.2588932164940701,44.44195154957558
Lopi,0.25252077064775114,0.2357181728418296,-0.24364410952361468,0.4198953235458257,33.4529527063593
Lopi,-0.4287952986969833,0.03976647016193891,-0.11025116328461017,0.44542739129895786,26.36192676223507
Lopi,-0.35400400872827553,0.09295848411241861,-0.22536426261014023,0.4511629379719921,41.20992410159152
Lopi,0.2726532895806767,0.03157220240485485,-0.05023297555983166,0.3264160998354747,43.32542728240601
Lopi,-0.09481841980646002,0.04716888038651047,-0.09994005840039777,0.18459524187989407,41.902232913185586
Lopi,-0.05398881962396921,0.18834637998589665,-0.1674752751474975,0.5708570339433172,44.845831451377094
Lopi,-0.1962248856391633,0.15149222383936756,-0.21488136147406695,0.45450601305150495,31.304479250784496
Lopi,-0.2933145557298864,0.05655726205926444,-0.12839715624962925,0.40943585220043804,35.125022837764334
Lopi,0.17384912688123064,0.04055266014047333,-0.23314301699760548,0.15469417212129621,49.5709303781889
Lopi,-0.5701350017183376,0.20165046611980225,0.03202679553215053,0.4710534966492976,39.97583479678043
Lopi,0.13514427292406594,0.025469234187605223,-0.10005590325429532,0.2684483700155985,41.14430402414402
Lopi,0.24885142536621951,0.14025114006465386,-0.18313592627201197,0.2753564641502458,47.70285787412798
Lopi,-0.13911977876721582,0.161071003700116,-0.10473296087675371,0.4900122281144141,38.47947490203556
Lopi,-0.05839591366320703,0.05602228462500834,-0.3647940415710633,0.29208663013863134,32.193995872425106
Lopi,-0.28928662444674513,0.11502798084378477,-0.2628819413732864,0.4854308288351117,25.480168408798935
Lopi,-0.4642459986666233,0.06369762177417822,-0.1838251747446045,0.40218035102966404,29.513313204340594
Lopi,0.4121241041125686,0.12530742250436805,-0.2767438561872194,0.36496357269067325,33.20358115600249
Lopi,0.11570521744073525,0.03584399971832985,-0.19395549969760195,0.31072981915071224,31.6841176386787
Lopi,-0.5596236250209443,0.014397045025599058,-0.06286838666730869,0.4694832186023844,33.935986566502294
Lopi,-0.2540808641680356,0.07613242255403263,-0.34926847815836326,0.4345131029320733,39.65946881733595
Lopi,-0.19889967287618243,0.14142179001074617,-0.15019206408289673,0.6292204995197188,24.596154498067392
Lopi,-0.3448960360350385,0.04680973829433538,-0.02399441521977588,0.37801878441467684,27.513386750550275
Lopi,-0.23549774140078272,0.09012731572195268,-0.08264932452596745,0.4559612927564503,24.059049929303043
Lopi,0.13161688597506038,0.24361898320860104,-0.20505591978353782,2.6150127522402373,31.741927027690554
Lopi,0.31129829619772675,0.1815281843399712,-0.292997829294569,0.3007607435105195,40.07949417367603
Lopi,-0.4785573962374281,0.08153950135851465,-0.24631392368159552,0.4785376798189289,29.93695697677812
Lopi,0.12187590051243224,0.18527399963078556,-0.33201309295008563,0.43457181849442283,32.44468490504921
Lopi,-0.13650681902876877,0.09278680365984676,-0.1409548633331268,0.455281355786901,49.27462142571104
Lopi,0.16564290087050162,0.09604650012448958,-0.24217838963635424,1.1177642706658057,68.83208133522409
Lopi,0.24183993727111433,0.07268522937694233,-0.175462735930579,0.2562551034976538,50.1867695775403
Lopi,0.30732098705328387,0.09424208120042114,-0.05423382279761912,0.2187416584858381,47.347670758740094
Lopi,-0.15385172688542018,0.06552232513020266,-0.08571895461998852,0.42926043117309903,31.156738640523113
Lopi,-0.12896515635577047,0.0952911111082403,-0.27366109767462893,0.3421990066204643,30.120787477657707
Lopi,0.14529046714893518,0.1904857776742503,0.07497410291098446,0.6781799073532209,80.77175924468374
Lopi,-0.6142361097759608,0.05155671072896845,-0.031710739430354844,0.4723481969633899,30.231167592253804
Lopi,-0.4401995312886162,0.11226773860977408,-0.22304687515564486,0.3617173906680269,40.580653260704054
Lopi,-0.2696365783108064,0.18622860552589343,-0.1671715772818802,0.643747655060681,37.34677417958191
Lopi,-0.5633709967981388,0.06049342769455498,-0.0924742200972988,0.34671569483971254,40.73056020029722
Lopi,-0.2283295297880147,0.016620927628055705,-0.32412187834936795,0.3811210172028136,36.703541777895026
Lopi,-0.493012027891721,0.06264557085519369,-0.3850939875244187,0.34782259780570546,32.43814492255689
Lopi,0.24684658885482152,0.1988664480139465,-0.221053426297655,0.41400339004380987,37.273476297224946
Lopi,-0.11041282647841644,0.02321085623749041,-0.30223262848240623,0.34022450231006557,38.146065984613784
Lopi,-0.300852917296907,0.07176158779032424,-0.2170731809878031,0.18027115151131212,50.997525354205536
Lopi,-0.21301459770077927,0.04880792363755755,-0.3404784642878584,0.25171003353905524,44.70924190104794
Lopi,-0.35242788448035056,0.08657940270245948,-0.3096716494279258,0.42862670340339776,38.8969231385547
Lopi,0.18408612560334553,0.1430669249249738,-0.25091598718582364,6.370365444445566,266.8879798540125
Lopi,-0.510854128108692,0.2225777383637178,-0.037223985334473846,0.5932072294534324,38.29598661947202
Lopi,0.099416379936636,0.07300912861708828,-0.24681703120339007,0.44803689457949364,42.757565387015326
Lopi,-0.17251500687707982,0.3634746481885952,-0.017932391813588817,0.5870966022487871,26.126710638966678
Lopi,-0.4106930893297147,0.11767471138135592,-0.2662672345485678,0.2028981968728865,46.25760055801081
Lopi,-0.3046551086174761,0.14551890665350167,-0.18170191887371376,0.5598965302404346,21.064373311716015
Lopi,-0.16018631118832596,0.20431426141909656,-0.23376693412796584,0.5472677253500073,31.537165900971832
Lopi,0.15230890962983487,0.2533859765721728,-0.02641385241609728,0.518908413915398,25.79172979241572
Lopi,-0.19984439061645887,0.15735309204522507,-0.1718569470824522,0.554516857766885,32.114430557107326
Lopi,-0.3283367163216039,0.044421180718884706,-0.26816994594782506,0.431658253275069,32.76736682537572
Lopi,-0.6082520903239533,0.03987941322158375,-0.320400839542977,0.4196139881970986,39.26647752284884
Lopi,0.11584284936068565,0.06193391841558606,-0.20456715937535233,0.3489395929864299,34.717746883844924
Lopi,-0.35868801838410447,0.21874221826215295,-0.09409337791094945,0.39042437535947017,23.970999804266864
Lopi,0.10945678260128666,0.17247292033557177,-0.1897824498046071,0.5637994039847581,28.430067593253835
Lopi,-0.20262454929429086,0.11479710918900587,-0.1677226559964001,0.4065822270017616,47.432548348524314
Lopi,0.2462689834666016,0.04870597843408776,-0.15414994572421895,0.35539244481630167,38.39964741011
Lopi,-0.0810900177814753,0.17880448684268374,-0.27364911133925296,0.292824100728279,39.30994132643146
Lopi,-0.3446415359560552,0.1475740393470268,-0.22106197448781864,0.24533196609334282,42.428041364955966
Lopi,-0.19493490692269394,0.11040232946598383,-0.2557932279014517,0.2054194404327305,43.02744624855279
Lopi,-0.5802667674649837,0.06119429026337012,-0.20517309289914776,0.414159130167133,35.92544625796936
Lopi,-0.4285687637302339,0.04260083197874417,-0.16583264637479067,0.44680941640375454,24.574461426009783
Lopi,0.20730524366591468,0.14953449636747398,-0.2203547752180723,0.4338548121598488,53.10120114834232
Lopi,-0.35186639842868156,0.10927229881888804,-0.10723674355932432,0.373894357599813,28.462771549302403
Lopi,-0.0878393872097807,0.04719760383402481,-0.3138907685959258,0.2567272876753484,44.95572275535402
Lopi,0.15728616493039294,0.1998821541503108,-0.21147711880064124,0.6376725630450162,27.95687026009897
Lopi,-0.15908831000738877,0.10464780256667246,-0.1255342086804973,0.48824456547920714,28.31302840929706
Lopi,-0.16299553157238011,0.03902074759177433,-0.26642631505230274,0.1668017905078229,49.95575254990467
Lopi,-0.10367091070039305,0.17941990660461368,-0.2268552581103483,0.5284135331229172,25.293596149830982
Lopi,-0.1349635473189473,0.027103533054362118,-0.17837584848259241,0.31218072298868493,42.135463872878745
Lopi,-0.20442977372648968,0.16611113506236425,-0.20864588333573675,0.33936596079464415,50.30090676374156
Lopi,-0.5317299752819586,0.27737716837065063,-0.1618560412192097,0.3525885258672782,38.74589015007559
Lopi,-0.15884631042013714,0.04055919366393522,0.000616516081774732,0.38188520288335664,31.426872936932398
Lopi,-0.1415316639852789,0.1345700030391144,-0.26370537226864865,0.2616649780270095,37.72356772094702
Lopi,0.17554185737815284,0.20318937976503615,-0.24186557987687926,0.4137660161317539,38.27865370790182
Lopi,-0.08015291935466377,0.031095600599561197,-0.2222159519790836,0.3384761450853402,52.11730078637482
Lopi,-0.5165912931242189,0.0391473245222091,-0.26977565984503865,0.35079738937778693,34.906160032155775
Lopi,-0.361586939793198,0.2149206026030887,-0.26852198091343715,0.38408567138263755,60.03933518795912
Lopi,-0.14233793454786944,0.20334250316240476,0.04828585589868258,0.6309745471555283,59.71855545872701
Lopi,-0.2602038230585609,0.1513194613559987,-0.23526835535784021,0.38873389540942893,44.293509388583274
Lopi,-0.3911417126919582,0.1421685959414646,-0.08374009579616576,0.47704260023130707,33.944748862377686
Lopi,-0.45169219519868586,0.07548590612425872,-0.14181377863807812,0.46366907733470564,27.415899160950758
Lopi,0.10359070409243015,0.051795112042993766,-0.2599917162348444,0.34350073460464303,31.395182797226823
Lopi,0.4214779493756292,0.1373878096577023,-0.3102482833890023,0.3313251056494196,54.23302942289222
Lopi,0.1482317444359199,0.20736004823968232,-0.17013110164997539,0.47419790169907516,23.78277154024088
Lopi,-0.36874432108637684,0.13396560129836466,-0.31080813600906915,0.34656947076002925,46.77635634163862
Lopi,-0.1636044574621835,0.1995075599210189,-0.2669151185413385,2.5608640821836928,34.506788457871814
Lopi,-0.10701582841986772,0.04008965076192424,-0.18274919527982406,0.34459676813846224,32.535656332916005
Lopi,-0.3036877134703083,0.027359865727762424,-0.131111720858261,0.3760798822903278,29.402666398243625
Lopi,-0.4294697742605085,0.31553607168912706,-0.1409142115854732,0.41954007619855327,34.69093418890736
Lopi,-0.16355417747662493,0.060212091572151384,-0.18497601170098943,0.4287412478865425,36.85101488103267
Lopi,0.3368228594384196,0.0807644233681593,-0.2215527220178101,1.2148759884705163,86.06325939683589
Lopi,-0.4083071235350899,0.12962919142071644,-0.07788188632808105,0.32731391326932874,39.158208901144576
Lopi,-0.06904533372658847,0.10675304856598508,-0.1635320384493824,0.38055379017983865,57.776611449786934
Lopi,-0.22922453975418874,0.08351382819343853,-0.23430183224516885,0.37542672692907886,46.73485952183438
Lopi,-0.27564493118435923,0.046728793809897966,-0.1206911831025211,0.3770843786815025,38.01621088078505
Lopi,-0.3228454721325669,0.03509681606487078,-0.26623389619991245,0.22095684137215388,43.73892680064173
Lopi,0.239001013247021,0.5546787113237546,-0.10381548204201488,1.3099059641993196,81.22543722091774
Lopi,-0.11286293530403463,0.12776264153555167,-0.18896284733306928,0.4747389109696782,24.830503684737163
Lopi,0.19751451482221338,0.0846255311407033,-0.06843594550657137,0.17884185940259176,44.26905629346206
Lopi,0.28826136894719184,0.031794833427576774,-0.002214254394366322,0.20293390361305652,43.012228247683744
Lopi,0.10687403269294105,0.18035882699858402,-0.3749891889437619,0.40170798735694824,37.258021483674995
Lopi,0.0521336318107483,0.21774260052378014,-0.14691978579684178,0.5182173261644097,55.991408696094965
Lopi,-0.24358741322332564,0.11066277708516284,-0.16778763619069914,0.3694151027051481,47.87653064363401
Lopi,0.10824742728008754,0.19784596690365913,-0.32302252110593954,0.3139345228787305,43.12651189189211
Lopi,0.08322556497746318,0.1630944939382284,0.019738091172530517,0.5514763835411561,29.06375434099576
Lopi,0.2808060622686831,0.16730336976925314,-0.01047119314455133,2.0035031104823067,38.45275346152311
Lopi,0.12833659583637808,0.08163306156402261,-0.0755933000592229,0.5000749908891812,32.110584207497986
Lopi,-0.3195330542417737,0.14536683708021664,-0.2836208976902578,0.3331970914017606,29.982455279790234
Lopi,-0.25906683180764867,0.20101554065368457,-0.12871644678973376,0.38278251387044215,55.201748281656016
Lopi,-0.20397164622233804,0.14599722679258037,-0.16328725995562515,1.7485074333152366,57.24069170141445
Lopi,-0.2800555917649489,0.19457110141586575,-0.2409564426027257,0.27662595121973166,37.194440621947294
Lopi,0.25060803081468436,0.10600265578398375,-0.14611433800513166,0.3414491940346751,46.43788272398785
Lopi,0.3196451865639288,0.1568592716350189,-0.14469781264341203,0.7694029537703521,37.37299072083275
Lopi,-0.3452643010327232,0.242241235354922,-0.02298258908623189,0.5648143230434154,33.29076562807431
Lopi,-0.10010390487774755,0.14686555647401014,-0.2470297226752307,0.5463684543839122,59.39291045505952
Lopi,-0.34606152562237436,0.11545527889848786,-0.1350654987085573,0.5099267388399472,30.42964863600974
Lopi,-0.1757384019084963,0.07577109817288757,-0.33920632543062423,0.1818636187609226,43.374398732957104
Lopi,-0.15978285131091918,0.02341223302385803,-0.18053466183472344,0.1448748071266741,39.26261707173291
Lopi,-0.13220832547812064,0.027705178116079233,-0.2356293028235704,0.32732090823258814,38.81497220018918
Lopi,0.15928645054694582,0.026038961522232635,-0.2163602929227687,0.2280012597449538,35.997326948104174
Lopi,-0.5623741285560264,0.20699628718958757,-0.23385150209034844,0.29289159833054557,47.52612056583645
Lopi,-0.13037966853678323,0.11402586620741495,-0.3139287910725799,0.5105318647046098,59.37024727589098
Lopi,-0.1689196204883027,0.08170834418067334,0.005728169773138894,0.5020404857877023,28.057937899248003
Lopi,-0.5085046380892475,0.02770357713479461,-0.31834781724085526,0.42834947577170507,31.522477543037574
Lopi,-0.2959411223323133,0.12958588884122585,-0.09198889212851642,0.23013965575873244,42.93412604285684
Lopi,-0.23264667886429152,0.5167658221106846,-0.034602095082702795,10.365065558767185,262.4490828126524
Lopi,0.5719787210946912,0.33925654300261676,-0.1960205574189777,2.1982165729793497,106.72100548852713
Lopi,-0.6391397913578839,0.08816219028278535,-0.09856544213631425,0.43672540669938426,36.55948623322445
Lopi,-0.38775097457625357,0.028880766419886534,-0.1987258154873951,0.29235998493478904,36.36048508673323
Lopi,0.18393481965678143,0.16292118974372002,-0.26195309141969975,0.3087166170422499,55.70945088907355
Lopi,-0.15808509909021407,0.09544984352946853,-0.06723104847367728,0.5011657584399593,33.64833826595697
Lopi,-0.30742681021645735,0.07905609490818434,-0.1525174423632147,0.3185814096447612,44.143272770480124
Lopi,0.13843200601654282,0.0745200598020853,-0.24912918181485574,0.2690070181653408,47.88805631647867
Lopi,-0.23173268366733563,0.06882397085474093,0.012449935971952935,0.4278228465131783,39.68548130557185
Lopi,-0.4398392536911027,0.026823184047689463,-0.008276200173762889,0.48839152594148644,29.514545832590034
Lopi,-0.2266033062838223,0.1297113293779403,-0.29761602491010686,0.42185825083215955,27.581767640497382
Lopi,-0.2210869647024662,0.10687399892514673,-0.23986406154151244,0.487257758310666,61.19764195323766
Lopi,-0.4861091666709935,0.1871475992403181,-0.06835707123668475,0.5775851381425033,24.944962652656343
Lopi,-0.47896600320851523,0.16689607704727097,-0.17300343244252786,0.39333255695074626,26.876528335981927
Lopi,0.16488992489743703,0.1198827381251947,-0.346949233259055,0.29291278131801074,32.75874203959136
Lopi,0.12445960384068981,0.06544388400184596,-0.07026791579244504,0.4513737724585351,30.88123187202021
Lopi,0.15903125421301628,0.3469499395369741,-0.1600816349616837,16.279113459305137,296.306057671282
Lopi,-0.3651655948519278,0.0772101806419975,-0.2621216913741903,0.39588283216322,43.30801636002041
Lopi,0.35597060972087075,0.09768734123776551,-0.2789171626843258,0.3290969701968292,55.90292673734596
Lopi,-0.31988832121335203,0.07416684014806108,-0.39777305119281364,0.34382628733834664,44.108873631101964
Lopi,-0.2776232699212182,0.10859883901124878,-0.11924056378404048,0.47108852582071703,35.23643842990066
Lopi,-0.37406893149172493,0.10971502611984763,0.12993045072084403,0.510402202352929,28.1311664971957
Lopi,-0.0949602930582704,0.1138188611966607,-0.3465181451331092,0.3076839046541828,28.732397627223985
Lopi,-0.3358871458773935,0.24583948548130596,-0.06657616999667398,1.125119660695185,79.52927841173194
Lopi,-0.14821073044950517,0.03811004729078202,-0.22655858465504147,0.22145652452323472,48.25280021001688
Lopi,0.17867432739651928,0.019518676307016904,-0.2634311037920415,0.22885547234430517,35.195729089775824
Lopi,0.11984230326979523,0.2063317004954762,-0.2089083597995964,1.4006032785161928,93.86510895574617
Lopi,-0.34175160920376374,0.15257261923919085,-0.21613407927586556,0.4996362677926043,42.17347645948501
Lopi,-0.30146365161235333,0.12450776584680075,-0.18080055903973494,0.5299814374886715,33.73919086124513
Lopi,0.12644277505147988,0.14496384968613812,-0.24226431863514172,0.47912440065113004,52.02426609188522
Lopi,0.10043434932607885,0.1806848975588059,-0.2136460821877309,0.5401956238945309,19.57308977865112
Lopi,-0.3438661463800731,0.11183284299198708,-0.17528003349583862,0.38414491042316373,25.963898309387368
Lopi,-0.3812743664197246,0.06694748173897888,-0.28965562003194384,0.47860815355703,33.51495371656091
Lopi,-0.3148577247626047,0.07530809106422084,-0.08451615556222916,1.0943534327928244,67.20561753188554
Lopi,-0.3913921174766642,0.06894416908487488,-0.35773677676330706,0.45157943461001027,40.139347063397615
Lopi,-0.07854567071707491,0.12952937926552,-0.31530744404453037,0.3964171925628858,51.662755235616615
Lopi,0.08833265983043817,0.05626850630885769,-0.2628272277744898,0.3990241808594494,26.03630324042694
Lopi,-0.19579248057366383,0.20046593609757415,-0.16984721540580025,1.4461331612110724,53.566519549022146
Lopi,-0.6125431497582333,0.08504598118466555,-0.24213674265003363,0.3783437768008106,34.83622270887962
Lopi,-0.17226660091722346,0.12560205915894582,-0.08351583532126937,0.45091612502531747,46.94115444034573
Lopi,-0.08358788464528616,0.04501798242770237,-0.21447227218625606,0.35608074851440846,34.40781956638324
Lopi,-0.08429184501642618,0.22926542713212475,-0.1505402191867211,0.6204212193070188,67.66231975923108
Lopi,-0.22560094088908175,0.027436219702086807,-0.29716393405916824,0.43122110348890735,32.97910361884093
Lopi,-0.32976812271215694,0.2320867872151972,0.012212756167072448,0.45818413896713733,50.72245458085774
Lopi,0.21279264466041187,0.1263892486433231,-0.1858050099198564,0.4850241931637971,62.173930194750085
Lopi,-0.3606195959921063,0.0483045356528578,-0.12512812333771062,0.17151708715464536,52.33737749514974
Lopi,-0.1382510979162178,0.20441716184635225,-0.20242803782322447,0.45893863371906574,31.387290605220475
Lopi,-0.34477365285105777,0.12730018051581213,-0.08166825245066013,0.45573414370749865,35.589970088174404
Lopi,-0.3460639335637677,0.036830453891851585,-0.3067148684808954,0.428805251972081,28.248351331093364
Lopi,-0.5663234499525518,0.06527047954080781,-0.17650779391560084,0.4001176847409763,27.653914521466472
Lopi,-0.2692693005354682,0.19137513526504232,-0.08334753108165138,6.869486183515515,278.6420631767361
Lopi,0.28044451746814125,0.3350599139569468,-0.2958355072128768,1.2308359953442065,86.11069936404517
Lopi,0.06753329920787454,0.0871319363248641,-0.3111364536939653,0.5061860869157527,58.97747868600847
Lopi,-0.27866449779953284,0.3260894001383957,-0.16917748646838254,0.46920669197040704,23.053324749664093
Lopi,-0.6334491866536915,0.21417043075542477,-0.12990294204389755,0.42221828873058215,29.10705493201013
Lopi,0.5784087193567615,0.24749507245896876,-0.28270320857990444,2.4949688598282647,48.53847358434425
Lopi,-0.4634151013543662,0.38868491325465526,-0.24332247373595053,1.3936381677147254,103.74179808246187
Lopi,-0.17191394803590337,0.0560493920826637,-0.22207483932237373,0.3729183877804064,35.10855315514676
Lopi,-0.38548406782501143,0.19733092776144462,-0.18293903888536656,0.35211165133685923,52.46832336096743
Lopi,-0.10269886561935448,0.19743821642014936,-0.18688389563813498,0.4475959192461355,23.733417822995747
Lopi,-0.10952525563175067,0.11891563860447807,0.034018132362632555,0.38115592453798575,25.973308681313455
Lopi,-0.1371279162602383,0.0016812485099716248,-0.11473477859551902,0.2413622438993409,39.295259024734044
Lopi,-0.3490341987108379,0.07586137744534399,0.015735343475959482,0.46386601601595606,31.470224531465732
Lopi,-0.1907672752263359,0.15517749698100278,-0.10505781999435973,0.24543379990647107,47.266997477333994
Lopi,-0.15664339883416772,0.21887102737831204,-0.16732435430965475,2.050446857182414,43.2409834168511
Lopi,-0.34378745299566105,0.09405726799890549,-0.09024231739908592,0.2673800199063698,47.54214315367582
Lopi,0.19915187073814733,0.2531217400323901,-0.17262129494452289,0.35278264901489215,44.382610374546694
Lopi,0.18547807515728848,0.12483441861106506,-0.25235171752947777,1.703704116270283,51.64520781780079
Lopi,0.14768135921447884,0.04417301655271547,-0.2962739735334697,0.231884227365547,49.65668030269355
Lopi,-0.5980454414407989,0.1051809959687108,-0.09320681483224946,0.33193369012712676,40.892516409242134
Lopi,-0.48978481885063235,0.07341632774882406,-0.20320671365764645,0.5065745482042837,31.474179747193524
Lopi,-0.3325808405391045,0.1895156935110176,-0.22434899981864634,0.4232918733638194,24.022748049169202
Lopi,-0.2525272356492342,0.02714449590313061,-0.29276812999129254,0.2560695596648839,43.582268805214554
Lopi,-0.5707891778170138,0.01131732102564172,-0.034093216948124255,0.5054244236695079,35.14447863837222
Lopi,0.09111340273400069,0.07186030251314977,-0.24077688724175136,0.3338021966215699,30.606109950346053
Lopi,-0.5683362102292054,0.25498866308831214,-0.1437302403663488,0.48134723957363906,48.98961475015166
Lopi,-0.20147065911812936,0.09309190679625902,-0.25734056149478385,0.26774449552361107,43.03473467675803
Lopi,-0.20477415440881047,0.09791394908013346,-0.20205267523122603,0.40403816427292627,42.84094562179802
Lopi,0.1034046258069921,0.1320301312889773,-0.15248724774430827,1.1156263257797177,90.61426641622262
Lopi,-0.26124470615977,0.032672948638297186,-0.17660502464242897,0.40661199614811233,32.04114103774669
Lopi,-0.2549870843356839,0.038771318895703885,-0.10149398307139046,0.2919666059889498,40.20824807758346
Lopi,0.25454397129468603,0.16521740130378731,-0.30133335407199646,0.2520988940578722,44.19708868889552
Lopi,-0.0823862969564842,0.3231485419392687,-0.21105185597318424,0.31198653274484517,40.36408516253841
Lopi,-0.5429295680487347,0.04255824797863742,-0.09907439724269908,0.4666704096810196,36.64122787775095
Lopi,-0.38491223772216965,0.10110682330016504,-0.022856270629245418,0.5653353477641573,35.261363876013654
Lopi,0.1570210605642826,0.04622611602186518,-0.1808613550658784,0.32001308048050386,32.00774816167533
Lopi,-0.3709095919758729,0.1879281441428579,-0.051196378329075386,0.4121657163825397,47.64617946943437
Lopi,-0.19621447489932803,0.07777209826275618,-0.3679784187689732,0.39066287957754353,42.79034543048114
Lopi,-0.5244300425195645,0.046695946659934456,-0.30528128401538907,0.30008243886377767,41.26265158349397
Lopi,0.24893301858755115,0.0869990539585955,-0.17608532255645162,0.4361427919685446,30.718727889395975
Lopi,0.18402304863683838,0.1923225894087756,-0.04556058612420664,0.3690001854738357,37.80218101883405
Lopi,-0.3496465120511196,0.10716267814650964,-0.07093345153677234,0.4948089147461052,38.5310186841678
Lopi,0.12096177278034367,0.06400273387398467,-0.3333019053181996,0.2651268202970918,36.25819533300035
Lopi,0.10696232651581687,0.14289726040969603,-0.3767777624233883,0.7688957403210105,32.17877125456887
Lopi,-0.31557016724374776,0.0777726530395082,-0.16472306113229598,0.3047687155391923,37.46642497533537
Lopi,-0.10530734028273976,0.1260534117113384,-0.08630506360121958,0.33233945460326814,34.47314132944065
Lopi,0.20803209039727744,0.07821506395877269,-0.10709628767103181,0.24590329041403872,54.13968518807193
Lopi,-0.19114849695581373,0.24587317012604554,-0.04595911402452049,0.4709401937831758,28.331057428628807
Lopi,-0.3206658685983852,0.06580374453641594,-0.26613850540697415,0.29314531730177007,47.313715751864606
Lopi,-0.21416951449237853,0.12882234286819996,-0.2595697237295045,0.22219208583565575,44.35104506380051
Lopi,-0.5587881361905114,0.21318331433495358,-0.1518089677131353,0.42261195255622636,27.60082230317545
Lopi,-0.16659384421756895,0.10278528375976195,-0.16369280378360979,0.3642999068644354,38.93092778876462
Lopi,0.11946708053380761,0.14645494522725813,-0.1564731632746337,0.3374300309563671,51.15398450658912
Lopi,0.25137904849846515,0.06702033143960008,-0.0945903159425105,0.2923278250303502,43.666665941904476
Lopi,-0.4736602798290853,0.06487864428219207,-0.19423773959031246,0.33302606865324846,36.99603552119523
Lopi,-0.24099058626415074,0.026339860082531162,-0.22278493861602391,0.4397490402883703,30.874642708248853
Lopi,-0.23197421598767215,0.047027439603106666,-0.1300056939728258,0.26815791800758454,50.07420333734545
Lopi,-0.5101543908651329,0.12225382354521785,-0.19627046624654843,0.33983351411109963,37.00585633995357
Lopi,0.3225483559255928,0.05001284160067067,-0.04680354077478237,0.18675412030606098,45.155387597776084
Lopi,0.15311927715941653,0.2141361424919515,0.07352997261986664,0.49900787951292763,25.496094147598225
Lopi,-0.37092203886000485,0.1549595681030563,-0.17426189538672673,0.3705459011547281,56.85578059474868
Lopi,0.2415483591422241,0.3536999421167658,-0.10850939188279009,6.8357522403546165,302.0098884142477
Lopi,0.07939064233532896,0.2922561624748605,-0.2570287601893378,1.4050789840009215,104.10181144081717
Lopi,0.24161317319958142,0.08225135204942657,-0.15155545027373127,0.41348326643438005,26.781094973926887
Lopi,-0.33388721896820106,0.22749762079969388,-0.28456292450838216,0.39658853036692227,28.185768304526682
Lopi,0.21800751338936813,0.05376579718104969,-0.28862402432302703,0.19895879015677936,40.36657985946301
Lopi,0.13202489032026396,0.13056188987629957,-0.22970782340885224,0.3593399154868553,51.68470382484112
Lopi,-0.3484969485104801,0.06206315869214003,-0.3146008498387559,0.4229706168666603,41.79523303548735
Lopi,-0.15078547799740738,0.1021911607042594,-0.20166002498148836,0.2923851111396953,37.309578528688725
Lopi,0.5302656504922384,0.37729802433765697,-0.19689346571049443,6.872418873452745,291.54020622845013
Lopi,-0.1609898568374183,0.2657549342235431,0.006567829773838511,0.5230756945458537,22.847130944468297
Lopi,0.322950596445315,0.46571834430040104,-0.13384875913561928,1.2759394495460263,92.32637690015719
Lopi,-0.2804095778202584,0.2182887584692897,-0.19547482116074993,0.5177172321429157,37.17500140209911
Lopi,-0.25893302098055604,0.05554740327913976,-0.3760984189647404,0.3700930374789851,42.16496896407383
Lopi,-0.6206557572225258,0.1369882577187539,0.004815265866765392,0.536439283772398,41.642304536819275
Lopi,0.11411084351859666,0.01051169671661537,-0.12796009813457485,0.2373960501993506,40.36516123757192
Lopi,-0.4081706150954375,0.040148987907608104,-0.11287357019265952,0.34878723218761254,40.93833578013391
Lopi,-0.14080691109685584,0.09778711524946306,-0.22289786346406545,0.45978289709826065,25.009554731759934
Lopi,0.11881744347134454,0.1287618202165236,-0.09814987158912974,0.3352041854203074,29.63867074818029
Lopi,-0.16881862352386412,0.06433781713314157,-0.10673575032964686,0.1884141134014078,45.80940384357826
Lopi,0.21434027120689458,0.08391246704854438,-0.024266221716557086,0.27271627129316445,48.82383909301251
Lopi,0.4109321417749688,0.16869709914432213,-0.22317524095993296,6.361964971545953,269.99698822654676
Lopi,0.22026013425347446,0.07986158181599154,-0.12905088736706077,0.21561037681035558,36.947481426079264
Lopi,0.32923196290132384,0.24669313350683725,-0.1963629126468152,6.963054320097881,272.93171023904256
Lopi,-0.2194748181289717,0.1404586924233854,-0.13615179981506342,0.5119540499861264,26.696376100455034
Lopi,-0.44851361033736215,0.06482091716739519,-0.020856808370633292,0.4885035138546655,30.515994552652785
Lopi,0.3212864327734038,0.06577620005766545,-0.2720497289087097,0.21872949954661042,46.50519363504869
Lopi,-0.24817417960555171,0.07992891202894988,-0.20847881340884494,0.2903340852441158,53.94174327739887
Lopi,-0.3178493212704098,0.09619688948746889,-0.2166222308236245,0.5251036185231328,29.50680836856027
Lopi,-0.329027154891131,0.10722517330447404,-0.336391195941024,0.37266891317529677,32.98250325824057
Lopi,-0.39596862383754344,0.10722977488214117,-0.048323340450437895,0.40213972546599236,45.806909705311526
Lopi,0.3477601342765689,0.048792819005068835,-0.2545732026857619,0.27799553422007395,36.17671443051236
Lopi,0.17388799688722087,0.07344393424145076,0.04406662876715011,0.37003314424551403,36.577044085045934
Lopi,-0.12104654427066627,0.11417528589534173,-0.25933409262043816,0.5313633022581463,64.47030573840905
Lopi,0.14907649879834228,0.14315229036254912,-0.01880040615869872,0.38912631836878947,27.36304921892799
Lopi,0.1526295866855807,0.08184476254667901,-0.2690096443286525,0.3672475303717283,35.728833773571395
Lopi,-0.33065115562722985,0.04600406205137021,-0.07106168504887628,0.2829907801303739,46.109625579427146
Lopi,-0.2666632239345533,0.07699556956390372,-0.282972292417173,0.26366210021901604,53.53002789571638
Lopi,-0.1199737984815199,0.07133183625445026,-0.3773424478489879,0.2579785239310833,44.66258899021601
Lopi,0.1503658429797213,0.23731602602116184,-0.14801802304975004,2.498158273562119,35.10541832455989
Lopi,-0.40170943466236053,0.048703089826849,-0.06782898309854146,0.35264198682364584,39.030739564196445
Lopi,-0.30576074266568654,0.03465733189043071,-0.08139358152872532,0.5086460081483203,34.62614803042298
Lopi,-0.16735131219937116,0.10294195660914567,-0.17456351140722573,0.16768691950677547,46.904761341242505
Lopi,-0.4921323114668841,0.10835572035862025,-0.04656135517579701,0.538688986931917,34.100900044308744
Lopi,0.22608544087216248,0.15946884868786465,-0.2920364362194904,0.4339653942316324,47.29136800291723
Lopi,0.3965732670593576,0.21671096263138767,-0.07552183395527762,0.587955346028522,69.75931060821293
Lopi,-0.28245936589774434,0.02993581466647598,-0.17380278222365503,0.2556058989313058,48.19380567686978
Lopi,-0.2206482004452174,0.03892529689933659,-0.3413445338080612,0.2855673274543332,35.11225833278475
Lopi,-0.1403200902042517,0.165207428563752,-0.2833879926352686,0.4084258734667385,35.479034360772474
Lopi,-0.3221810195408429,0.11164505295733788,-0.29726687792622486,0.362784831685015,48.607953532011784
Lopi,-0.3965735778608513,0.016753870073289344,-0.3602809021303291,0.4367408997921774,32.69258972509851
Lopi,-0.09325624384071564,0.07401672750260617,-0.07467352957639607,0.4425768182797385,25.73623932355367
Lopi,0.3128550799565293,0.12512013275718686,-0.12345093808751424,0.2215455673112365,46.43576731145615
Lopi,0.3415744723451527,0.12563166259993958,-0.22147132033006567,0.36838229552381113,53.498245065886344
Lopi,-0.32757424592992773,0.17272918697368334,-0.21368397707535716,0.45948813747717915,21.336835832710698
Lopi,-0.29468990133345596,0.11877744491315856,-0.17049361881608904,0.3858796484431441,64.40657837938834
Lopi,-0.4916645560855343,0.19044392497610035,0.053843095023828454,0.5409499052259786,32.25050185751266
Lopi,-0.19081050521025447,0.03655790554565682,-0.08682223538158935,0.45822515072523085,28.21742658655083
Lopi,0.22616237612988052,0.26090109405637285,-0.19984478765651958,1.3316190807135193,85.9117189905038
Lopi,-0.2101418367240728,0.1915585192893719,-0.14903314676355284,0.5373598978450802,40.876355505477804
Lopi,0.35849951984977907,0.22437410118042264,-0.005391000297331023,1.1643028455589137,82.84926960690393
Lopi,0.04371622549618302,0.06738345460501714,-0.34796169004930644,0.201050787452654,49.26827205587647
Lopi,0.33307319355218745,0.04735855218799813,-0.26482247510138396,0.23113770162811406,48.612335812190295
Lopi,-0.5600458225609208,0.05270720989358753,-0.2142200653559977,0.33380886660423575,34.433959724883536
Lopi,-0.1814355630759933,0.19765168647119985,-0.16666009920789834,0.4840663134684014,47.263959780147026
Lopi,-0.46924109671792374,0.082737517396491,-0.38090031517227085,0.2754373387412803,37.49761780328348
Lopi,-0.14850987701367085,0.05061621256887007,-0.04338708981089129,0.4674440357866411,24.103023502798866
Lopi,-0.2758314944339736,0.06361908615033111,-0.3214891025297252,0.2718726484434659,46.93480472045787
Lopi,-0.2706680163215925,0.0946467402933453,-0.08611939650111224,0.3237529117845225,31.553831604409837
Lopi,0.4705810921707738,0.25929459261670496,-0.27519728093830387,0.7531139061276677,41.916615065534465
Lopi,-0.20427899509732061,0.0926433121682679,-0.20778540878949248,0.36465551613121383,41.06076035409913
Lopi,0.2237492672110511,0.12351548445124323,-0.261042587975888,0.7627885897477688,30.06782302336064
Lopi,-0.4409014201443954,0.08302309142855176,-0.30760524851658244,0.42831209661430025,36.32487852970541
Lopi,0.4229871050232817,0.1734962526843975,-0.23741589562129753,1.3012848199556843,90.811930185171
Lopi,-0.45122202852832394,0.06840482439850255,-0.17279487959364498,0.5368310742287178,27.564905329758908
Lopi,-0.19055923737510272,0.24156199630408035,-0.15179718975208575,0.5061313078272709,68.48019634010382
Lopi,-0.16102375455910473,0.05632643257030369,-0.2220810786244119,0.3031144210637974,32.12533368900644
Lopi,-0.13260655138017619,0.06580378402386242,-0.1597270801089723,0.44609694336431843,39.72021527773641
Lopi,-0.5206418554930732,0.013776595325508517,-0.08558424805745335,0.34110830668304715,38.131470317316975
Lopi,0.5562769360590414,0.072904235068218,-0.06601520801094511,1.1457406404466526,79.90999569508475
Lopi,0.1487168771093767,0.11051271094241537,-0.26310707791954185,0.5039416971745151,65.42848505834043
Lopi,0.3475435838259242,0.038997398482133,0.054182099852554434,0.32144678474776955,43.46346013127769
Lopi,-0.23659791636883026,0.06775609724413784,-0.3541945476700743,0.3285062571251561,33.60538687153329
Lopi,0.3653750772691808,0.06396891860250106,-0.1756402383956067,0.2996454780476469,36.30936782697696
Lopi,-0.11987787590569464,0.38670540588893243,-0.09482549317726711,0.41632444832992593,48.74509384026041
Lopi,0.06987722744853536,0.002870605821622665,-0.2875308622630789,0.331920776179893,34.106566342366136
Lopi,-0.11464379351979391,0.13126115729978824,-0.3991394595559709,0.4078889537367778,46.0115415551872
Lopi,-0.13653820199460054,0.16474527863243169,-0.07961996118974503,6.335919265097171,266.0235907802773
Lopi,0.1825175150740727,0.14174395675219986,-0.3437776322224492,0.30061080847290433,50.299417155126754
Lopi,0.1478342521823691,0.0778405664282157,-0.17823097168472704,0.3616626555979333,30.867640031212282
Lopi,-0.53009083851462,0.08619416234748425,-0.2101372332976506,0.31346181220223845,36.27174744703859
Lopi,0.2530927900496952,0.25828940518692906,-0.27539084711078854,0.4396416411892604,41.80019180453357
Lopi,0.3758746438401531,0.15751438329177603,-0.19949839095941613,1.666249640559217,53.33836227128689
Lopi,-0.49459384199711864,0.07895480974840877,-0.31085287446493576,0.38072530018916834,33.017358911866125
Lopi,0.19397573925347122,0.3816870435811271,-0.14615633205577372,0.8249404716105067,19.152084135552116
Lopi,0.14823374721294785,0.17902171780946285,-0.18187938062106535,0.6822073054222968,63.59107692651364
Lopi,-0.1887285016231515,0.1370120623138109,-0.05670101606723601,0.3540160414252345,37.91506215617109
Lopi,0.12892098257557305,0.26651544556501977,-0.15491426254891905,0.42224218054406165,41.95979899243763
Lopi,0.21650796811723405,0.10320492484766434,-0.22001675981572105,0.2857611817417173,38.23802795664078
Lopi,0.44049954538860286,0.20790606278282384,-0.2992285813605203,0.7691934502916263,32.66556511892702
Lopi,-0.4414458105815888,0.14412269499245717,0.00828390216384637,0.36564012442139876,29.52642679692168
Lopi,-0.11181230816388038,0.06934133266179088,-0.17756447358157373,0.32079986171097596,34.352713603217836
Lopi,0.11486897304129677,0.08483107718680163,-0.1674335518291681,0.45659145997954764,30.87192629530864
Lopi,-0.47485178182329646,0.075125016560855,-0.18199903134392958,0.40303020584461846,29.145259836311418
Lopi,-0.22096877896461903,0.06336480435429215,-0.2265365895208408,0.3098924287230294,41.87313787249615
Lopi,-0.38872347235372456,0.07312257559253077,-0.39118877003269675,0.3076200735446924,41.25130979329676
Lopi,0.2754523268179746,0.30974496262657625,-0.1212203378552092,0.4218074116611256,45.58987597813881
Lopi,-0.22598359942225066,0.08046669037142123,-0.2885311631239702,0.3724335698204336,36.89423385301631
Lopi,-0.4718553831305945,0.5676072647778708,-0.08674968363681206,1.4033425688071304,79.6328936641147
Lopi,-0.06671660630509878,0.05922236818960094,-0.2533536978232924,0.3904536927563456,32.69905402587379
Lopi,-0.148909573636845,0.05733042777161005,-0.3110015313397184,0.3188712651212519,37.31609302475308
Lopi,-0.2825276770861297,0.00757366873030724,-0.1574138688805412,0.43329092079258164,37.29859644745349
Lopi,-0.22076759099739685,0.1604277804957012,-0.0486340144541809,0.3761543096580958,48.121563495471804
Lopi,-0.2457878861013093,0.20377434247886325,-0.2015042380410357,0.7987808890392077,20.125216224346968
Lopi,-0.12753587096590835,0.13480456312830896,-0.0017660692366954348,0.4803125399580933,25.94363582062207
Lopi,-0.41921252692751476,0.034296648737537044,-0.24540466548316028,0.3685302486787531,37.581713621616814
Lopi,0.38684575756839457,0.08340667038913996,-0.21931584565403744,1.0888367380673356,79.74871702662533
Lopi,0.03970446092183427,0.13950472640669942,-0.2950213888412273,0.39971915380216216,25.892597272161986
Lopi,0.3141396957123326,0.1287254867111015,-0.19649186314982198,0.45729694878591215,23.120058384616637
Lopi,0.19917810899998548,0.12043743363638235,-0.25748928881257993,0.23797278924316173,47.38318966533721
Lopi,-0.20092812815230154,0.07134625485372428,-0.16038747979114207,0.23337457702461897,45.572974016029534
Lopi,-0.13309391736428366,0.08150695739797227,-0.2510993475300187,0.3348660577951614,30.781547402781996
Lopi,-0.3361523865569729,0.05835831375859846,-0.20230905001455057,0.33239073667199925,41.632325901584395
Lopi,0.13721096369795627,0.18627392115924263,-0.15917502864292596,6.800806512628591,261.51478641057474
Lopi,-0.38249209095044906,0.08708487593110029,-0.1635742718591493,0.5148522030312184,31.61966777779685
Lopi,-0.4716151997099053,0.14583497559460268,-0.05855616673298614,0.4682583851662799,42.501303007485134
Lopi,-0.091195304507142,0.05900010524673553,-0.1242981681071473,0.35199887043085654,35.45250561875414
Lopi,0.07133056279774902,0.15125785456792937,0.009903399778157618,0.42192266236090803,32.18827041937107
Lopi,-0.1333789911278126,0.003235461327919639,-0.2750154062946213,0.37423335445126343,32.611648113043366
Lopi,-0.23965536808468296,0.3662012216928174,-0.14309355746752048,1.2852410760364261,102.31326833728701
Lopi,-0.14456850668028684,0.036246822682736046,-0.2733758808239817,0.3731412181892918,47.31312413760455
Lopi,-0.4321245979348892,0.09974220433716666,-0.17288888048453024,0.5104310207433382,34.86960703825191
Lopi,-0.39192397678414437,0.11664699791119777,-0.14329358597564557,0.5573548313792545,39.24982170439196
Lopi,-0.3116786900560572,0.09212343944445164,-0.09979091221620408,0.4800603186878458,26.584868376304648
Lopi,-0.5382311174852089,0.07274947766999018,-0.2174743386337475,0.39761843032297034,42.52837539362434
Lopi,0.1052572987245931,0.2434825563960626,-0.3502061337704437,0.32274729854530015,53.58179208461423
Lopi,0.23549288638807864,0.28663159087097695,-0.05719364138514979,0.770141063173993,43.882162394404475
Lopi,-0.3546421516835559,0.06781965825263844,-0.30514336047241103,0.4563166804030501,36.87735438509969
Lopi,-0.24237333618085566,0.07970896989802412,-0.13953874248471898,0.38411221668842266,31.790630617003636
Lopi,0.06746619535172797,0.03910909037187977,-0.25942288323929097,0.42542222129525037,38.38890981925724
Lopi,-0.2662576359688957,0.020692913568049618,-0.12402578275351075,0.35055887752753784,37.31779342226261
Lopi,-0.2508310270713956,0.2042655104437988,-0.013529805379323467,0.4021818623388141,48.268241839799934
Lopi,-0.0473514062149615,0.09294381833680695,-0.31700316862723904,0.44021245706361595,23.355727371949595
Lopi,-0.22037117882829443,0.15144446374929948,-0.27282028675785747,0.21438345883507626,47.44883537513397
Lopi,-0.40680414651296326,0.021506399993760226,-0.16727842607279747,0.3286648862078298,41.164321279652334
Lopi,0.06585280829677133,0.0941880186296871,-0.37842532831590175,0.1558142542560733,49.010606973394474
Lopi,-0.4172595826848725,0.09149626287006193,-0.012047279829573623,0.2598937825402039,53.076378639254216
Lopi,0.09565502716606689,0.09471677111667041,-0.3286755269618784,0.4797340180556138,35.01717904761364
Lopi,-0.44780487599189545,0.19013647963804753,0.03186072365497705,0.3876548465042117,52.47957294686058
Lopi,-0.2336125988384258,0.14378090009678735,-0.16214368595717624,0.4251114592004505,29.42235305415339
Lopi,0.2413233315121856,0.11735237702123465,-0.09001220233977578,0.32211941437930874,46.04516252933453
Lopi,0.2978971631664491,0.25877834571783864,-0.06176589933997472,7.507130819756483,332.8658309497484
Lopi,-0.3626106920995795,0.11802325958508597,-0.020804270582385695,0.6342330622725922,25.241682506563087
Lopi,-0.20570746593569472,0.07150612142411268,-0.1524246010190973,0.29779212131196203,36.458057940711726
Lopi,0.08419855125671341,0.1390315626494928,-0.09117192805109817,0.2636066573258989,45.05955863004643
Lopi,-0.3252231902810533,0.019176242737462053,-0.10471079918757292,0.3079042101813381,31.07183564047456
Lopi,-0.3168561438968238,0.08010949907184148,-0.10360894972177964,0.3878043366149656,48.75190937006819
Lopi,-0.4862397197045385,0.25496805040837023,-0.19641686213902135,0.4997301597948601,49.67327663047975
Lopi,-0.31496307709428273,0.11859479563174675,-0.17996925221244073,0.5572870956500858,30.322033021816665
Lopi,-0.330684507106361,0.1808334887929385,-0.2219980076184098,1.7103758164118603,49.86944052819144
Lopi,-0.16700559387897412,0.04267753862277964,-0.20363804289843523,0.3148919934979576,37.99366547499666
Lopi,-0.2222734583022126,0.03824872127926382,-0.36506319894442835,0.4605288619234978,30.6910100659839
Lopi,-0.540478266104085,0.19965276513534438,-0.10301031753863929,0.49926774989168227,25.620842151059893
Lopi,0.04607483067251744,0.06071757845404472,-0.15378462963944206,0.3604020611813088,44.35631910426385
Lopi,0.04303821482222469,0.05244217294041294,-0.33542642897018515,0.28778761835174194,36.82498072436141
Lopi,-0.12024716891088227,0.11638597940146236,-0.2307580770439278,0.3090812907053742,31.70560497909554
Lopi,-0.3145547505984867,0.1190927360303379,-0.23789853946826192,0.35629163892958027,27.846263105683693
Lopi,-0.4783926277936555,0.20372285986500432,-0.2437966556132108,0.40409489359390405,27.35249071805133
Lopi,-0.2920888605880078,0.028995523427586822,-0.12200773907839342,0.4442037389818724,29.718205309659012
Lopi,-0.16969544512329218,0.08108240206295832,-0.20508238630483716,0.3752543755263094,56.99742221777345
Lopi,0.16591135578516567,0.14830583939220882,0.03369617262259004,1.2644434403169613,97.32619048874656
Lopi,-0.3644343342545124,0.20903452634231395,-0.05567194491417348,0.46818973922561863,28.43936989980741
Lopi,0.18950677738466815,0.07148630705313685,-0.1283301226225646,0.36600159555843037,35.359460488575294
Lopi,-0.5669676228995979,0.14565517952708382,-0.022511105893837844,0.568060706915989,30.465838895354004
Lopi,-0.15447881468882252,0.0784259278843542,-0.10494233331913866,0.42886772331725226,35.82244976005827
Lopi,0.34291573112034474,0.11588238621599292,-0.06572553880092585,1.275990387223399,89.76985481311954
Lopi,0.33241349957204175,0.13285679034009307,-0.2263898580302572,6.833195640992297,257.54002467999254
Lopi,-0.19842484116917525,0.06227021629339602,-0.25994091003046654,0.17321120930490466,45.183067024007
Lopi,-0.20754284860283861,0.03207477564085245,-0.3320797278192609,0.28436533783902085,32.90578228457057
Lopi,0.20592312854423495,0.08471800906349083,-0.26137677500732703,0.51072542289418,59.8614413546381
Lopi,0.21213949551203048,0.23793553961349606,-0.18287938446888535,0.4961069243806142,48.71591660098614
Lopi,-0.34982628755095546,0.086743126593574,-0.1472658241763979,0.44051736825559357,39.95946486141349
Lopi,0.2780159970429463,0.19569853780952337,-0.26827172564231133,0.59551198394786,69.27046285416762
Lopi,0.2260137543880988,0.06445948686396105,-0.11818355879928584,0.3192444474398262,33.1075128401395
Lopi,0.18969969654164895,0.07006135830539378,-0.16423672999369465,1.097800798988582,67.99308960768771
Lopi,0.3586284664178143,0.10647433136680988,-0.01779936368490645,0.37075812884128095,34.06595418870848
Lopi,-0.24056037371192063,0.015494916434955885,-0.11502313269204606,0.3407075371799033,35.63382622262405
Lopi,-0.23381409351206378,0.08974106840016398,-0.34626659929173054,0.4169424422779795,36.05763627070482
Lopi,-0.5085755978910506,0.03464884924202931,-0.31637387128179306,0.4582966488144246,33.65711162612711
Lopi,-0.317094418569161,0.04393486805536055,-0.33294316640917676,0.2913288337958614,46.899282818346066
Lopi,-0.5471007942711315,0.09791358126912848,0.01307405700878934,0.5669928629348909,33.961063987841186
Lopi,-0.09439178843795033,0.11012936581462276,-0.11238818308416726,0.5046426784002943,59.92514928032946
Lopi,0.22818831519237476,0.12598233162881695,-0.25301516489152315,0.23609287314231522,45.41464139412466
Lopi,-0.06979863626347968,0.1375675559102233,-0.2025242671784621,0.481515164545505,55.313403760083304
Lopi,-0.16298881161828907,0.03054479742092699,-0.12850017692040186,0.35068534311329547,32.37318192799816
Lopi,-0.10442182321667386,0.01238974002562648,-0.07689985546663215,0.4219621602558163,33.295459355287626
Lopi,-0.1045114489358311,0.19678594283730674,0.057540510785821994,0.42121247522016064,27.40020077054481
Lopi,0.15624935826681763,0.0409686578449664,-0.26361934225631595,0.2944931107265743,31.44060810011692
Lopi,-0.26974228726599403,0.31289720935113097,0.010053971359267682,0.5576834890951381,20.139653905388137
Lopi,-0.3293508928633807,0.15034760960378263,-0.08286921724238702,1.6698702606838187,44.76360573376543
Lopi,0.05000497216257846,0.1522602422699836,-0.3009931841511203,0.48323564837981636,54.16538331874043
Lopi,0.09601817153863436,0.07515866941859405,-0.1388752294669861,0.4717042110580143,32.41850414542115
Lopi,0.2233994769173498,0.30140103840963794,-0.24408985642436984,0.6176935639687089,69.25617030288655
Lopi,-0.3022022809508846,0.19686304670149038,-0.2117417687940495,0.37859384524078327,26.27091818867148
Lopi,0.37668956495881845,0.21342606299924335,-0.21074506251117955,0.3706576784930463,42.95488193789671
Lopi,-0.17230442961275233,0.06849600910914969,-0.2387145890512933,0.27296917953447103,40.42482040190252
Lopi,-0.43178371935767745,0.08074266819160089,-0.06984605590343396,0.39649691954977806,35.87489809148924
Lopi,-0.33233908015303654,0.1683525994820678,-0.1866179423608067,0.36801675566993086,57.3291384861047
Lopi,-0.24834610947694297,0.1558489807154651,-0.3342565319984572,1.1408736122691783,84.3595292208285
Lopi,-0.02584227393685965,0.09204725316401083,-0.3631154234584145,0.37636191190123164,45.63169059275464
Lopi,-0.23036097989422155,0.16236074381569499,-0.15051119922845815,0.344584405650231,42.98006381221396
Lopi,0.07780665702168688,0.10544386389215714,-0.44046101401283566,0.31822434005684436,36.84388134912467
Lopi,0.28355921698610914,0.11718211950986868,-0.12637998365606598,1.1546010479671696,72.08860338326203
Lopi,0.14087899584752359,0.08763044517039173,-0.2542923428514333,0.26271583081857275,43.7138605940065
Lopi,-0.16696014977149792,0.4037343884607235,-0.03160385010748241,0.8481878074509835,20.81742727151034
Lopi,-0.2981835476073519,0.06213274633262421,-0.2549655129127684,0.3024912273568654,49.6478559784016
Lopi,-0.23063771982983072,0.5089166107250906,-0.23915545520364684,8.663909245308385,290.63021436924623
Lopi,-0.149953341504033,0.1604960361087765,-0.20620645944386054,0.3847406155776143,52.47581424874205
Lopi,0.3597510888987517,0.1883745078319597,-0.2110282984420371,7.546915564143182,333.01365602412693
Lopi,-0.1526376602585493,0.07645930628232046,-0.10163045219211166,0.3496218155855825,46.054931546741216
Lopi,0.14826733365142644,0.02846478638016422,-0.28784726312394904,0.22769314874120192,37.909375492039224
Lopi,-0.19696750457079576,0.09491638900637293,-0.29732314172982344,0.18665898703754535,41.933214663300056
Lopi,-0.27245157423652705,0.10859932446342502,-0.24439853717089144,0.34516536475395293,52.451169114661674
Lopi,-0.4304737022877897,0.09181242679129041,-0.19562216569761431,0.332809102937811,29.308929114687036
Lopi,-0.04663264125613493,0.06922148931911443,-0.3344214163705889,0.4024914753717548,37.567160365589594
Lopi,0.2438359636858738,0.2981769267349321,-0.1499511228936683,0.4965339586357696,49.28483511017433
Lopi,-0.30348299114225924,0.039933927622070826,-0.2561720674490941,0.3310995717713152,38.186715445771874
Lopi,0.1614564526333516,0.02312770312873376,-0.16676100266845895,0.3152341132724312,31.03901776719142
Lopi,0.2261627572809499,0.29422670469343487,-0.1623992438391476,0.6126329327907079,49.291871214006264
Lopi,-0.41314863075832137,0.16986990866898424,-0.05723772575143649,0.4417320814543169,59.89459080514805
Lopi,-0.03717542867563789,0.021339785937850096,-0.07970363058570651,0.33932121319933983,32.32384775798604
Lopi,0.16198052991558265,0.2401653641104669,-0.14907458142727195,0.47933645621872695,23.288633528977407
Lopi,-0.3170355536514744,0.26354476713783037,-0.18987360703591855,0.37543919934277736,45.80670947979986
Lopi,-0.37391970579977485,0.11572681372576206,-0.24726812163571463,0.46012564008387796,26.823528766526973
Lopi,-0.5417745052300363,0.15934694841700311,0.04576377554981398,0.5966552724557705,28.441806480052783
Lopi,-0.3169240990983918,0.06157514556077572,-0.2553789326395266,0.35279280079680314,27.265098563100167
Lopi,-0.09820180825724684,0.04806479344714998,-0.18739629974871827,0.25908594260896467,48.763106902040185
Lopi,-0.2556203672655256,0.18301925188055085,-0.06110323417079813,0.354108179654587,38.128591443186295
Lopi,-0.16579116759809726,0.12377753929548516,-0.2849698373735642,0.37792621779668006,34.4972407729134
Lopi,0.22882446790674216,0.13503759728875228,-0.24837314534616264,0.272888530321203,41.31807503462253
Lopi,-0.34357041550612955,0.08651855522472314,-0.23289695940899205,0.5238588884794169,29.847367576949082
Lopi,-0.25141832894144533,0.13709643443992486,-0.10204327643012576,0.42316393403023794,27.118613634599008
Lopi,-0.08064319242004889,0.08084705045964609,-0.24757743095419113,0.32649364605483355,41.852955473456994
Lopi,0.2549762604720307,0.03783332484072725,-0.22802766883820128,0.2907006595979998,42.073235180426195
Lopi,-0.33743011316921523,0.0291246035802075,-0.21352250788345872,0.47269677506456753,30.214427838786115
Lopi,0.40528596666179917,0.08957343189570496,-0.1895365078512931,8.479972743365073,276.2075033106258
Lopi,-0.25416583969797985,0.5504421064987294,0.026494246864305973,0.7068038302676899,72.0426725757984
Lopi,-0.3883698939372123,0.06479791311129005,-0.364808201135168,0.2510322361564754,42.07894391652781
Lopi,-0.6831697959115738,0.09310458067347467,-0.1456568351645378,0.4587680699285482,27.778238253193337
Lopi,-0.3450909986968909,0.2228188556329616,-0.2783256497213287,0.3890319885382874,50.63438073771916
Lopi,0.05524087795392901,0.086998546476673,-0.2895712745342231,0.37113146436614114,44.26164614543753
Lopi,0.4658887995374522,0.22197184002661072,-0.2482025555402859,6.3473370041409005,262.41393255418376
Lopi,-0.4724984892033483,0.0626363201667593,-0.4035167933545112,0.40048349019381874,32.4023385595659
Lopi,-0.29498857509296716,0.09307268417286456,-0.20252347499880122,0.29663953735002896,48.8909456573111
Lopi,-0.1554806961969779,0.054839484821080545,-0.4627428401723767,0.2623429426244472,40.636211879851054
Lopi,-0.19655208899559326,0.02018571111841968,-0.20998119968160822,0.4579693494790669,34.40438470155557
Lopi,-0.27625894487607766,0.05456932053480847,-0.10443777860771646,0.3807177376347457,36.50615053144706
Lopi,-0.3980666481392924,0.07556299878268584,-0.2140283699014235,0.39351217202896016,41.64558789878998
Lopi,0.15798189625886916,0.09725499930955486,-0.27121299816951494,0.14630438873373336,42.98514477043563
Lopi,0.14599069823702537,0.11896819210932523,-0.010857515557992095,0.33343756844872763,41.714416160272656
Lopi,-0.43757310351473383,0.09132187131740994,-0.15319906977828476,0.4526863298296387,37.54751808282882
Lopi,-0.38322320619408745,0.024593714102445506,-0.24609209280405264,0.34436394834417,44.7519221822922
Lopi,-0.3562276418630177,0.10228399854738435,-0.16987595536323377,0.4230366031567752,27.238248515774046
Lopi,0.11947084381584461,0.10504721706610462,-0.15707726003014819,0.368154530191162,53.73460644720603
Lopi,0.18308845711428662,0.04624565836441841,-0.33999077787574566,0.2387495506561703,41.10627485905432
Lopi,0.15182008141373024,0.06773667853035503,-0.3245149297343169,0.35755345515864273,40.40108830204904
Lopi,-0.35550048700715686,0.12041206178185533,-0.1262807491710554,0.3924345067253953,28.912395889225856
Lopi,0.3126501258284595,0.10333939841597398,-0.28086273121529615,0.33453732857124674,45.34671804171112
Lopi,0.2093667808801239,0.13991051090792528,-0.3524224933643295,0.3466685642152632,59.53915077496977
Lopi,-0.30906356105106225,0.09480663303174082,-0.23710902795473474,0.34359187637213745,46.89630961749455
Lopi,-0.5767179887165352,0.06951105074735953,-0.23889713241861638,0.42764326568718863,40.21857263195125
Lopi,-0.5316367346333134,0.1650910002852342,-0.06731078663527673,0.5811882849590415,29.160299692821866
Lopi,-0.5813631937362866,0.413407973451884,0.09100473878785581,0.48329730502458207,19.93223232136159
Lopi,0.0865491949174719,0.13605774558258635,-0.30311517484145994,0.4243185102711876,37.03835423943149
Lopi,-0.13676551553908373,0.10588888933350246,-0.3211185449886972,0.4725309570685706,36.0328453765311
Lopi,0.5414749481699871,0.10978245464080767,-0.2357946878753336,2.029258002386208,54.62249872007575
Lopi,-0.11856192350632239,0.04045144971341112,-0.290559786617508,0.34722177562459167,32.56758391726095
Lopi,-0.2011622929889768,0.1718587317582398,-0.21900156975998164,1.482457982447978,62.030086449303724
Lopi,0.15375122340633368,0.3188156319625215,-0.22890097425332614,1.3821882465319848,89.06520196473137
Lopi,-0.17774684783193223,0.16152544417015213,-0.15003519747634467,1.322126004358391,96.40027341834306
Lopi,0.1561493055601612,0.05634449172127205,-0.21614903641154637,0.35358537036778653,38.68568503356111
Lopi,-0.1658636582961245,0.1626567525184351,-0.08153433197878682,0.5378724708456957,54.49244123911445
Lopi,-0.16824325066474113,0.0901869616515316,-0.11789398696279717,0.22039624521937512,45.62589519901862
Lopi,-0.279729232234754,0.09007791594069112,-0.1413589744938861,0.5206818863756588,30.570397590516283
Lopi,0.0470851830918854,0.23183855991153463,-0.2818048497944014,0.2849311829426297,44.74311826506174
Lopi,-0.08680764887276948,0.12848323593259714,-0.2652943110448093,0.25961070046800017,39.98117939253954
Lopi,-0.12660515877181933,0.21730439300949045,-0.3134896930380036,0.3540270728765247,41.69357225472135
Lopi,0.16951385073110936,0.24448846300862542,-0.1676528682258918,0.4387174882119689,37.08343996353176
Lopi,-0.5782102299880852,0.0474956329648882,-0.12984002224839694,0.45629479720734045,34.883446538168066
Lopi,-0.2549081169838536,0.09867538080452329,-0.3167697311879598,0.5057024760109551,29.0773338060256
Lopi,0.2161789092206594,0.3136225490120902,-0.10363882602639742,0.3076167859095533,48.74118981484808
Lopi,-0.44121284653623927,0.11122711709092706,-0.054022703287640576,0.4793871943880237,39.67107169939215
Lopi,0.19701998364875212,0.05373485115843,-0.24841184402051222,0.27601586776763287,35.58094889303141
Lopi,0.11544625396175986,0.06951624221782776,-0.17135694208387556,0.4268245474717459,27.907405503320653
Lopi,-0.20883518922772432,0.12089424072195412,-0.31278947533567447,0.4623614143654391,43.31118808887597
Lopi,-0.45997448507955263,0.1819736411698705,-0.15070949138470371,0.29016578668527665,42.71044402046218
Lopi,0.1356901639854706,0.06684436664931856,-0.1681821973074685,0.38873197542630455,46.62525289017673
Lopi,-0.24457212688795907,0.02942678635431824,-0.3652289360275408,0.3581875275206558,33.761549096048725
Lopi,0.4633061265326923,0.2994040611794594,-0.12040154079564716,0.48867588603543916,47.84609757553886
Lopi,0.16453744670538237,0.1857881857257601,-0.24044401808837407,0.31467404920357345,35.57744322502357
Lopi,-0.22307642405359274,0.30510226870695545,0.008164570833000115,0.5482330871231235,44.40861453085889
Lopi,0.30348314159200723,0.12910660491846204,-0.23589179711138641,0.6063648232960744,63.76417354877606
Lopi,0.24944292643160493,0.08369613069511983,-0.13884775796489376,0.32636648567811183,52.807859049166176
Lopi,0.19987520151133503,0.06588764098277948,-0.31038227423724035,0.33435072443872305,42.11939595297783
Lopi,-0.16269706205725815,0.07228694285911834,-0.13598778860697763,0.32076070713240373,50.755044788560575
Lopi,-0.3494529297495355,0.04151022074960235,-0.25011797839599725,0.3430768508037019,37.672992278981695
Lopi,0.11580801013193284,0.1527772180962023,-0.22819440385678472,0.47392698610003375,48.89759738597742
Lopi,0.1493633642482586,0.09013214923703242,-0.19964461479623463,0.2907771775080015,35.01899037260807
Lopi,-0.22008477732640577,0.11472711157959943,-0.236225868488532,0.29921687807076086,41.44550782380505
Lopi,-0.22182500710495384,0.06552737301505403,-0.07949941749394385,0.37498989299880964,39.31298704948765
Lopi,0.06087845928598259,0.2638484668597055,-0.0754008051680629,0.448237950343101,48.51888011581998
Lopi,0.14653386469874108,0.3001025287293167,0.043250066877265486,0.5774668578329997,32.888514148228
Lopi,-0.21633051921614938,0.05881007132161795,-0.19039881061744787,0.3745387437001598,29.483391967255915
Lopi,0.20670158486511792,0.09621091919281706,-0.16968911485330165,1.7382812019777465,72.33179140602924
Lopi,0.2058603701272787,0.0877966776482025,-0.136182865211964,1.0858013161283127,76.51649891777824
Lopi,0.10560619534133237,0.1199860224930227,-0.2725894021081433,0.3434545080561176,31.247558778736988
Lopi,-0.05562776193505001,0.3153179404372232,-0.3338369157882211,0.5871265135927837,72.55368504428674
Lopi,0.1010945999395462,0.12149681236265772,-0.24721182946685155,0.34201552118396444,48.150855759675295
Lopi,-0.38108666750784037,0.11943534906564161,-0.0977631546205002,0.5123111025089145,28.46430664659158
Lopi,0.22601642843656633,0.23729652019861866,-0.033896932106460734,1.280432571711045,88.85948436475432
Lopi,-0.5676799682434908,0.06394203436312569,-0.24560631158188734,0.5545844640809009,34.221690637791994
Lopi,0.22614297844225356,0.1202185833718977,-0.20856355217759412,0.4014513078844775,51.438086864859024
Lopi,-0.12934258511002336,0.10176323066123456,-0.22901966251231035,0.4838379449763207,31.99627443153527
Lopi,-0.07709426716056171,0.032187632946757624,-0.12307500862271537,0.37948141399083585,33.8763153248692
Lopi,0.12283958531788933,0.22922603985249487,-0.21805774380325477,0.4461409951014404,35.866681261367845
Lopi,0.053981247899518726,0.09116694964531838,-0.23462078598396566,0.4350686164379594,44.77083383715893
Lopi,0.2010706942620994,0.25338600821481283,-0.12931020097247267,0.4035596416142995,26.15490274495636
Lopi,-0.6367172675482502,0.23385484175265744,-0.22291959743336753,0.4073217674496571,45.32958470244932
Lopi,-0.2597210655645428,0.11949481208770449,-0.30607441415907227,0.3030838750866661,47.5678609745601
Lopi,-0.12101841298724061,0.13138790586824883,-0.22316344886640171,0.3858970633740824,48.53062108596341
Lopi,0.3634592074969136,0.0186238359426169,-0.032301018825732906,0.3151631207868259,39.379786798455726
Lopi,-0.4008084242135938,0.041038279066320536,-0.40792779701173015,0.2961507590551854,35.19395041307877
Lopi,-0.2133222076375939,0.17650490435999353,-0.10554972341309395,1.425982173030383,58.17923570484746
Lopi,0.18826169939913456,0.15627182086251845,-0.12040164941261854,6.783318922953235,293.6239968886952
Lopi,0.16628721110618497,0.10583730676305067,-0.2931168699502511,1.1300626731352903,68.68136453647055
Lopi,-0.6054172735570018,0.11111022964975137,-0.08395587285628861,0.4249807354581931,34.46619342319984
Lopi,0.11792764020813287,0.058177248505907886,-0.28464777087985366,0.23708369644682056,36.11365861133993
Lopi,-0.19085695798206062,0.14111886595668574,-0.22222687103530636,0.37536547305694856,57.39630480193112
Scps,-0.9643059092931108,1.9721522630525295e-31,-0.04608426114173678,1133.4870378775956,0.0
Scps,-0.9643059092931108,1.9721522630525295e-31,-0.04608426114173678,1133.4870378775956,0.0
Scps,-0.9643059092931108,1.9721522630525295e-31,-0.04608426114173678,1133.4870378775956,0.0
Scps,-0.9643059092931108,1.9721522630525295e-31,-0.04608426114173678,1133.4870378775956,0.0
Scps,-0.9643059092931108,1.9721522630525295e-31,-0.04608426114173678,1133.4870378775956,0.0
Scps,-0.9643059092931108,1.9721522630525295e-31,-0.04608426114173678,1133.4870378775956,0.0
Scps,-0.9643059092931108,1.9721522630525295e-31,-0.04608426114173678,1133.4870378775956,0.0
Scps,-0.9643059092931108,1.9721522630525295e-31,-0.04608426114173678,1133.4870378775956,0.0
Scps,-0.9643059092931108,1.9721522630525295e-31,-0.04608426114173678,1133.4870378775956,0.0
Scps,-0.9643059092931108,1.9721522630525295e-31,-0.04608426114173678,1133.4870378775956,0.0
Scps,-0.9643059092931108,1.9721522630525295e-31,-0.04608426114173678,1133.4870378775956,0.0
Scps,-0.9643059092931108,1.9721522630525295e-31,-0.04608426114173678,1133.4870378775956,0.0
Scps,-0.9643059092931108,1.9721522630525295e-31,-0.04608426114173678,1133.4870378775956,0.0
Scps,-0.9643059092931108,1.9721522630525295e-31,-0.04608426114173678,1133.4870378775956,0.0
Scps,-0.9643059092931108,1.9721522630525295e-31,-0.04608426114173678,1133.4870378775956,0.0
Scps,-0.9643059092931108,1.9721522630525295e-31,-0.04608426114173678,1133.4870378775956,0.0
Scps,-0.9643059092931108,1.9721522630525295e-31,-0.04608426114173678,1133.4870378775956,0.0
Scps,-0.9643059092931108,1.9721522630525295e-31,-0.04608426114173678,1133.4870378775956,0.0
Scps,-0.9643059092931108,1.9721522630525295e-31,-0.04608426114173678,1133.4870378775956,0.0
Scps,-0.9643059092931108,1.9721522630525295e-31,-0.04608426114173678,1133.4870378775956,0.0
Scps,-0.9643059092931108,1.9721522630525295e-31,-0.04608426114173678,1133.4870378775956,0.0
Scps,-0.9643059092931108,1.9721522630525295e-31,-0.04608426114173678,1133.4870378775956,0.0
Scps,-0.9643059092931108,1.9721522630525295e-31,-0.04608426114173678,1133.4870378775956,0.0
Scps,-0.9643059092931108,1.9721522630525295e-31,-0.04608426114173678,1133.4870378775956,0.0
Scps,-0.9643059092931108,1.9721522630525295e-31,-0.04608426114173678,1133.4870378775956,0.0
Scps,-0.9643059092931108,1.9721522630525295e-31,-0.04608426114173678,1133.4870378775956,0.0
Scps,-0.9643059092931108,1.9721522630525295e-31,-0.04608426114173678,1133.4870378775956,0.0
Scps,-0.9643059092931108,1.9721522630525295e-31,-0.04608426114173678,1133.4870378775956,0.0
Scps,-0.9643059092931108,1.9721522630525295e-31,-0.04608426114173678,1133.4870378775956,0.0
Scps,-0.9643059092931108,1.9721522630525295e-31,-0.04608426114173678,1133.4870378775956,0.0
Scps,-0.9643059092931108,1.9721522630525295e-31,-0.04608426114173678,1133.4870378775956,0.0
Scps,-0.9643059092931108,1.9721522630525295e-31,-0.04608426114173678,1133.4870378775956,0.0
Scps,-0.9643059092931108,1.9721522630525295e-31,-0.04608426114173678,1133.4870378775956,0.0
Scps,-0.9643059092931108,1.9721522630525295e-31,-0.04608426114173678,1133.4870378775956,0.0
Scps,-0.9643059092931108,1.9721522630525295e-31,-0.04608426114173678,1133.4870378775956,0.0
Scps,-0.9643059092931108,1.9721522630525295e-31,-0.04608426114173678,1133.4870378775956,0.0
Scps,-0.9643059092931108,1.9721522630525295e-31,-0.04608426114173678,1133.4870378775956,0.0
Scps,-0.9643059092931108,1.9721522630525295e-31,-0.04608426114173678,1133.4870378775956,0.0
Scps,-0.9643059092931108,1.9721522630525295e-31,-0.04608426114173678,1133.4870378775956,0.0
Scps,-0.9643059092931108,1.9721522630525295e-31,-0.04608426114173678,1133.4870378775956,0.0
Scps,-0.9643059092931108,1.9721522630525295e-31,-0.04608426114173678,1133.4870378775956,0.0
Scps,-0.9643059092931108,1.9721522630525295e-31,-0.04608426114173678,1133.4870378775956,0.0
Scps,-0.9643059092931108,1.9721522630525295e-31,-0.04608426114173678,1133.4870378775956,0.0
Scps,-0.9643059092931108,1.9721522630525295e-31,-0.04608426114173678,1133.4870378775956,0.0
Scps,-0.9643059092931108,1.9721522630525295e-31,-0.04608426114173678,1133.4870378775956,0.0
Scps,-0.9643059092931108,1.9721522630525295e-31,-0.04608426114173678,1133.4870378775956,0.0
Scps,-0.9643059092931108,1.9721522630525295e-31,-0.04608426114173678,1133.4870378775956,0.0
Scps,-0.9643059092931108,1.9721522630525295e-31,-0.04608426114173678,1133.4870378775956,0.0
Scps,-0.9643059092931108,1.9721522630525295e-31,-0.04608426114173678,1133.4870378775956,0.0
Scps,-0.9643059092931108,1.9721522630525295e-31,-0.04608426114173678,1133.4870378775956,0.0
Scps,-0.9643059092931108,1.9721522630525295e-31,-0.04608426114173678,1133.4870378775956,0.0
Scps,-0.9643059092931108,1.9721522630525295e-31,-0.04608426114173678,1133.4870378775956,0.0
Scps,-0.9643059092931108,1.9721522630525295e-31,-0.04608426114173678,1133.4870378775956,0.0
Scps,-0.9643059092931108,1.9721522630525295e-31,-0.04608426114173678,1133.4870378775956,0.0
Scps,-0.9643059092931108,1.9721522630525295e-31,-0.04608426114173678,1133.4870378775956,0.0
Scps,-0.9643059092931108,1.9721522630525295e-31,-0.04608426114173678,1133.4870378775956,0.0
Scps,-0.9643059092931108,1.9721522630525295e-31,-0.04608426114173678,1133.4870378775956,0.0
Scps,-0.9643059092931108,1.9721522630525295e-31,-0.04608426114173678,1133.4870378775956,0.0
Scps,-0.9643059092931108,1.9721522630525295e-31,-0.04608426114173678,1133.4870378775956,0.0
Scps,-0.9643059092931108,1.9721522630525295e-31,-0.04608426114173678,1133.4870378775956,0.0
Scps,-0.9643059092931108,1.9721522630525295e-31,-0.04608426114173678,1133.4870378775956,0.0
Scps,-0.9643059092931108,1.9721522630525295e-31,-0.04608426114173678,1133.4870378775956,0.0
Scps,-0.9643059092931108,1.9721522630525295e-31,-0.04608426114173678,1133.4870378775956,0.0
Scps,-0.9643059092931108,1.9721522630525295e-31,-0.04608426114173678,1133.4870378775956,0.0
Scps,-0.9643059092931108,1.9721522630525295e-31,-0.04608426114173678,1133.4870378775956,0.0
Scps,-0.9643059092931108,1.9721522630525295e-31,-0.04608426114173678,1133.4870378775956,0.0
Scps,-0.9643059092931108,1.9721522630525295e-31,-0.04608426114173678,1133.4870378775956,0.0
Scps,-0.9643059092931108,1.9721522630525295e-31,-0.04608426114173678,1133.4870378775956,0.0
Scps,-0.9643059092931108,1.9721522630525295e-31,-0.04608426114173678,1133.4870378775956,0.0
Scps,-0.9643059092931108,1.9721522630525295e-31,-0.04608426114173678,1133.4870378775956,0.0
Scps,-0.9643059092931108,1.9721522630525295e-31,-0.04608426114173678,1133.4870378775956,0.0
Scps,-0.9643059092931108,1.9721522630525295e-31,-0.04608426114173678,1133.4870378775956,0.0
Scps,-0.9643059092931108,1.9721522630525295e-31,-0.04608426114173678,1133.4870378775956,0.0
Scps,-0.9643059092931108,1.9721522630525295e-31,-0.04608426114173678,1133.4870378775956,0.0
Scps,-0.9643059092931108,1.9721522630525295e-31,-0.04608426114173678,1133.4870378775956,0.0
Scps,-0.9643059092931108,1.9721522630525295e-31,-0.04608426114173678,1133.4870378775956,0.0
Scps,-0.9643059092931108,1.9721522630525295e-31,-0.04608426114173678,1133.4870378775956,0.0
Scps,-0.9643059092931108,1.9721522630525295e-31,-0.04608426114173678,1133.4870378775956,0.0
Scps,-0.9643059092931108,1.9721522630525295e-31,-0.04608426114173678,1133.4870378775956,0.0
Scps,-0.9643059092931108,1.9721522630525295e-31,-0.04608426114173678,1133.4870378775956,0.0
Scps,-0.9643059092931108,1.9721522630525295e-31,-0.04608426114173678,1133.4870378775956,0.0
Scps,-0.9643059092931108,1.9721522630525295e-31,-0.04608426114173678,1133.4870378775956,0.0
Scps,-0.9643059092931108,1.9721522630525295e-31,-0.04608426114173678,1133.4870378775956,0.0
Scps,-0.9643059092931108,1.9721522630525295e-31,-0.04608426114173678,1133.4870378775956,0.0
Scps,-0.9643059092931108,1.9721522630525295e-31,-0.04608426114173678,1133.4870378775956,0.0
Scps,-0.9643059092931108,1.9721522630525295e-31,-0.04608426114173678,1133.4870378775956,0.0
Scps,-0.9643059092931108,1.9721522630525295e-31,-0.04608426114173678,1133.4870378775956,0.0
Scps,-0.9643059092931108,1.9721522630525295e-31,-0.04608426114173678,1133.4870378775956,0.0
Scps,-0.9643059092931108,1.9721522630525295e-31,-0.04608426114173678,1133.4870378775956,0.0
Scps,-0.9643059092931108,1.9721522630525295e-31,-0.04608426114173678,1133.4870378775956,0.0
Scps,-0.9643059092931108,1.9721522630525295e-31,-0.04608426114173678,1133.4870378775956,0.0
Scps,-0.9643059092931108,1.9721522630525295e-31,-0.04608426114173678,1133.4870378775956,0.0
Scps,-0.9643059092931108,1.9721522630525295e-31,-0.04608426114173678,1133.4870378775956,0.0
Scps,-0.9643059092931108,1.9721522630525295e-31,-0.04608426114173678,1133.4870378775956,0.0
Scps,-0.9643059092931108,1.9721522630525295e-31,-0.04608426114173678,1133.4870378775956,0.0
Scps,-0.9643059092931108,1.9721522630525295e-31,-0.04608426114173678,1133.4870378775956,0.0
Scps,-0.9643059092931108,1.9721522630525295e-31,-0.04608426114173678,1133.4870378775956,0.0
Scps,-0.9643059092931108,1.9721522630525295e-31,-0.04608426114173678,1133.4870378775956,0.0
Scps,-0.9643059092931108,1.9721522630525295e-31,-0.04608426114173678,1133.4870378775956,0.0
Scps,-0.9643059092931108,1.9721522630525295e-31,-0.04608426114173678,1133.4870378775956,0.0
Scps,-0.9643059092931108,1.9721522630525295e-31,-0.04608426114173678,1133.4870378775956,0.0
Scps,-0.9643059092931108,1.9721522630525295e-31,-0.04608426114173678,1133.4870378775956,0.0
Scps,-0.9643059092931108,1.9721522630525295e-31,-0.04608426114173678,1133.4870378775956,0.0
Scps,-0.9643059092931108,1.9721522630525295e-31,-0.04608426114173678,1133.4870378775956,0.0
Scps,-0.9643059092931108,1.9721522630525295e-31,-0.04608426114173678,1133.4870378775956,0.0
Scps,-0.9643059092931108,1.9721522630525295e-31,-0.04608426114173678,1133.4870378775956,0.0
Scps,-0.9643059092931108,1.9721522630525295e-31,-0.04608426114173678,1133.4870378775956,0.0
Scps,-0.9643059092931108,1.9721522630525295e-31,-0.04608426114173678,1133.4870378775956,0.0
Scps,-0.9643059092931108,1.9721522630525295e-31,-0.04608426114173678,1133.4870378775956,0.0
Scps,-0.9643059092931108,1.9721522630525295e-31,-0.04608426114173678,1133.4870378775956,0.0
Scps,-0.9643059092931108,1.9721522630525295e-31,-0.04608426114173678,1133.4870378775956,0.0
Scps,-0.9643059092931108,1.9721522630525295e-31,-0.04608426114173678,1133.4870378775956,0.0
Scps,-0.9643059092931108,1.9721522630525295e-31,-0.04608426114173678,1133.4870378775956,0.0
Scps,-0.9643059092931108,1.9721522630525295e-31,-0.04608426114173678,1133.4870378775956,0.0
Scps,-0.9643059092931108,1.9721522630525295e-31,-0.04608426114173678,1133.4870378775956,0.0
Scps,-0.9643059092931108,1.9721522630525295e-31,-0.04608426114173678,1133.4870378775956,0.0
Scps,-0.9643059092931108,1.9721522630525295e-31,-0.04608426114173678,1133.4870378775956,0.0
Scps,-0.9643059092931108,1.9721522630525295e-31,-0.04608426114173678,1133.4870378775956,0.0
Scps,-0.9643059092931108,1.9721522630525295e-31,-0.04608426114173678,1133.4870378775956,0.0
Scps,-0.9643059092931108,1.9721522630525295e-31,-0.04608426114173678,1133.4870378775956,0.0
Scps,-0.9643059092931108,1.9721522630525295e-31,-0.04608426114173678,1133.4870378775956,0.0
Scps,-0.9643059092931108,1.9721522630525295e-31,-0.04608426114173678,1133.4870378775956,0.0
Scps,-0.9643059092931108,1.9721522630525295e-31,-0.04608426114173678,1133.4870378775956,0.0
Scps,-0.9643059092931108,1.9721522630525295e-31,-0.04608426114173678,1133.4870378775956,0.0
Scps,-0.9643059092931108,1.9721522630525295e-31,-0.04608426114173678,1133.4870378775956,0.0
Scps,-0.9643059092931108,1.9721522630525295e-31,-0.04608426114173678,1133.4870378775956,0.0
Scps,-0.9643059092931108,1.9721522630525295e-31,-0.04608426114173678,1133.4870378775956,0.0
Scps,-0.9643059092931108,1.9721522630525295e-31,-0.04608426114173678,1133.4870378775956,0.0
Scps,-0.9643059092931108,1.9721522630525295e-31,-0.04608426114173678,1133.4870378775956,0.0
Scps,-0.9643059092931108,1.9721522630525295e-31,-0.04608426114173678,1133.4870378775956,0.0
Scps,-0.9643059092931108,1.9721522630525295e-31,-0.04608426114173678,1133.4870378775956,0.0
Scps,-0.9643059092931108,1.9721522630525295e-31,-0.04608426114173678,1133.4870378775956,0.0
Scps,-0.9643059092931108,1.9721522630525295e-31,-0.04608426114173678,1133.4870378775956,0.0
Scps,-0.9643059092931108,1.9721522630525295e-31,-0.04608426114173678,1133.4870378775956,0.0
Scps,-0.9643059092931108,1.9721522630525295e-31,-0.04608426114173678,1133.4870378775956,0.0
Scps,-0.9643059092931108,1.9721522630525295e-31,-0.04608426114173678,1133.4870378775956,0.0
Scps,-0.9643059092931108,1.9721522630525295e-31,-0.04608426114173678,1133.4870378775956,0.0
Scps,-0.9643059092931108,1.9721522630525295e-31,-0.04608426114173678,1133.4870378775956,0.0
Scps,-0.9643059092931108,1.9721522630525295e-31,-0.04608426114173678,1133.4870378775956,0.0
Scps,-0.9643059092931108,1.9721522630525295e-31,-0.04608426114173678,1133.4870378775956,0.0
Scps,-0.9643059092931108,1.9721522630525295e-31,-0.04608426114173678,1133.4870378775956,0.0
Scps,-0.9643059092931108,1.9721522630525295e-31,-0.04608426114173678,1133.4870378775956,0.0
Scps,-0.9643059092931108,1.9721522630525295e-31,-0.04608426114173678,1133.4870378775956,0.0
Scps,-0.9643059092931108,1.9721522630525295e-31,-0.04608426114173678,1133.4870378775956,0.0
Scps,-0.9643059092931108,1.9721522630525295e-31,-0.04608426114173678,1133.4870378775956,0.0
Scps,-0.9643059092931108,1.9721522630525295e-31,-0.04608426114173678,1133.4870378775956,0.0
Scps,-0.9643059092931108,1.9721522630525295e-31,-0.04608426114173678,1133.4870378775956,0.0
Scps,-0.9643059092931108,1.9721522630525295e-31,-0.04608426114173678,1133.4870378775956,0.0
Scps,-0.9643059092931108,1.9721522630525295e-31,-0.04608426114173678,1133.4870378775956,0.0
Scps,-0.9643059092931108,1.9721522630525295e-31,-0.04608426114173678,1133.4870378775956,0.0
Scps,-0.9643059092931108,1.9721522630525295e-31,-0.04608426114173678,1133.4870378775956,0.0
Scps,-0.9643059092931108,1.9721522630525295e-31,-0.04608426114173678,1133.4870378775956,0.0
Scps,-0.9643059092931108,1.9721522630525295e-31,-0.04608426114173678,1133.4870378775956,0.0
Scps,-0.9643059092931108,1.9721522630525295e-31,-0.04608426114173678,1133.4870378775956,0.0
Scps,-0.9643059092931108,1.9721522630525295e-31,-0.04608426114173678,1133.4870378775956,0.0
Scps,-0.9643059092931108,1.9721522630525295e-31,-0.04608426114173678,1133.4870378775956,0.0
Scps,-0.9643059092931108,1.9721522630525295e-31,-0.04608426114173678,1133.4870378775956,0.0
Scps,-0.9643059092931108,1.9721522630525295e-31,-0.04608426114173678,1133.4870378775956,0.0
Scps,-0.9643059092931108,1.9721522630525295e-31,-0.04608426114173678,1133.4870378775956,0.0
Scps,-0.9643059092931108,1.9721522630525295e-31,-0.04608426114173678,1133.4870378775956,0.0
Scps,-0.9643059092931108,1.9721522630525295e-31,-0.04608426114173678,1133.4870378775956,0.0
Scps,-0.9643059092931108,1.9721522630525295e-31,-0.04608426114173678,1133.4870378775956,0.0
Scps,-0.9643059092931108,1.9721522630525295e-31,-0.04608426114173678,1133.4870378775956,0.0
Scps,-0.9643059092931108,1.9721522630525295e-31,-0.04608426114173678,1133.4870378775956,0.0
Scps,-0.9643059092931108,1.9721522630525295e-31,-0.04608426114173678,1133.4870378775956,0.0
Scps,-0.9643059092931108,1.9721522630525295e-31,-0.04608426114173678,1133.4870378775956,0.0
Scps,-0.9643059092931108,1.9721522630525295e-31,-0.04608426114173678,1133.4870378775956,0.0
Scps,-0.9643059092931108,1.9721522630525295e-31,-0.04608426114173678,1133.4870378775956,0.0
Scps,-0.9643059092931108,1.9721522630525295e-31,-0.04608426114173678,1133.4870378775956,0.0
Scps,-0.9643059092931108,1.9721522630525295e-31,-0.04608426114173678,1133.4870378775956,0.0
Scps,-0.9643059092931108,1.9721522630525295e-31,-0.04608426114173678,1133.4870378775956,0.0
Scps,-0.9643059092931108,1.9721522630525295e-31,-0.04608426114173678,1133.4870378775956,0.0
Scps,-0.9643059092931108,1.9721522630525295e-31,-0.04608426114173678,1133.4870378775956,0.0
Scps,-0.9643059092931108,1.9721522630525295e-31,-0.04608426114173678,1133.4870378775956,0.0
Scps,-0.9643059092931108,1.9721522630525295e-31,-0.04608426114173678,1133.4870378775956,0.0
Scps,-0.9643059092931108,1.9721522630525295e-31,-0.04608426114173678,1133.4870378775956,0.0
Scps,-0.9643059092931108,1.9721522630525295e-31,-0.04608426114173678,1133.4870378775956,0.0
Scps,-0.9643059092931108,1.9721522630525295e-31,-0.04608426114173678,1133.4870378775956,0.0
Scps,-0.9643059092931108,1.9721522630525295e-31,-0.04608426114173678,1133.4870378775956,0.0
Scps,-0.9643059092931108,1.9721522630525295e-31,-0.04608426114173678,1133.4870378775956,0.0
Scps,-0.9643059092931108,1.9721522630525295e-31,-0.04608426114173678,1133.4870378775956,0.0
Scps,-0.9643059092931108,1.9721522630525295e-31,-0.04608426114173678,1133.4870378775956,0.0
Scps,-0.9643059092931108,1.9721522630525295e-31,-0.04608426114173678,1133.4870378775956,0.0
Scps,-0.9643059092931108,1.9721522630525295e-31,-0.04608426114173678,1133.4870378775956,0.0
Scps,-0.9643059092931108,1.9721522630525295e-31,-0.04608426114173678,1133.4870378775956,0.0
Scps,-0.9643059092931108,1.9721522630525295e-31,-0.04608426114173678,1133.4870378775956,0.0
Scps,-0.9643059092931108,1.9721522630525295e-31,-0.04608426114173678,1133.4870378775956,0.0
Scps,-0.9643059092931108,1.9721522630525295e-31,-0.04608426114173678,1133.4870378775956,0.0
Scps,-0.9643059092931108,1.9721522630525295e-31,-0.04608426114173678,1133.4870378775956,0.0
Scps,-0.9643059092931108,1.9721522630525295e-31,-0.04608426114173678,1133.4870378775956,0.0
Scps,-0.9643059092931108,1.9721522630525295e-31,-0.04608426114173678,1133.4870378775956,0.0
Scps,-0.9643059092931108,1.9721522630525295e-31,-0.04608426114173678,1133.4870378775956,0.0
Scps,-0.9643059092931108,1.9721522630525295e-31,-0.04608426114173678,1133.4870378775956,0.0
Scps,-0.9643059092931108,1.9721522630525295e-31,-0.04608426114173678,1133.4870378775956,0.0
Scps,-0.9643059092931108,1.9721522630525295e-31,-0.04608426114173678,1133.4870378775956,0.0
Scps,-0.9643059092931108,1.9721522630525295e-31,-0.04608426114173678,1133.4870378775956,0.0
Scps,-0.9643059092931108,1.9721522630525295e-31,-0.04608426114173678,1133.4870378775956,0.0
Scps,-0.9643059092931108,1.9721522630525295e-31,-0.04608426114173678,1133.4870378775956,0.0
Scps,-0.9643059092931108,1.9721522630525295e-31,-0.04608426114173678,1133.4870378775956,0.0
Scps,-0.9643059092931108,1.9721522630525295e-31,-0.04608426114173678,1133.4870378775956,0.0
Scps,-0.9643059092931108,1.9721522630525295e-31,-0.04608426114173678,1133.4870378775956,0.0
Scps,-0.9643059092931108,1.9721522630525295e-31,-0.04608426114173678,1133.4870378775956,0.0
Scps,-0.9643059092931108,1.9721522630525295e-31,-0.04608426114173678,1133.4870378775956,0.0
Scps,-0.9643059092931108,1.9721522630525295e-31,-0.04608426114173678,1133.4870378775956,0.0
Scps,-0.9643059092931108,1.9721522630525295e-31,-0.04608426114173678,1133.4870378775956,0.0
Scps,-0.9643059092931108,1.9721522630525295e-31,-0.04608426114173678,1133.4870378775956,0.0
Scps,-0.9643059092931108,1.9721522630525295e-31,-0.04608426114173678,1133.4870378775956,0.0
Scps,-0.9643059092931108,1.9721522630525295e-31,-0.04608426114173678,1133.4870378775956,0.0
Scps,-0.9643059092931108,1.9721522630525295e-31,-0.04608426114173678,1133.4870378775956,0.0
Scps,-0.9643059092931108,1.9721522630525295e-31,-0.04608426114173678,1133.4870378775956,0.0
Scps,-0.9643059092931108,1.9721522630525295e-31,-0.04608426114173678,1133.4870378775956,0.0
Scps,-0.9643059092931108,1.9721522630525295e-31,-0.04608426114173678,1133.4870378775956,0.0
Scps,-0.9643059092931108,1.9721522630525295e-31,-0.04608426114173678,1133.4870378775956,0.0
Scps,-0.9643059092931108,1.9721522630525295e-31,-0.04608426114173678,1133.4870378775956,0.0
Scps,-0.9643059092931108,1.9721522630525295e-31,-0.04608426114173678,1133.4870378775956,0.0
Scps,-0.9643059092931108,1.9721522630525295e-31,-0.04608426114173678,1133.4870378775956,0.0
Scps,-0.9643059092931108,1.9721522630525295e-31,-0.04608426114173678,1133.4870378775956,0.0
Scps,-0.9643059092931108,1.9721522630525295e-31,-0.04608426114173678,1133.4870378775956,0.0
Scps,-0.9643059092931108,1.9721522630525295e-31,-0.04608426114173678,1133.4870378775956,0.0
Scps,-0.9643059092931108,1.9721522630525295e-31,-0.04608426114173678,1133.4870378775956,0.0
Scps,-0.9643059092931108,1.9721522630525295e-31,-0.04608426114173678,1133.4870378775956,0.0
Scps,-0.9643059092931108,1.9721522630525295e-31,-0.04608426114173678,1133.4870378775956,0.0
Scps,-0.9643059092931108,1.9721522630525295e-31,-0.04608426114173678,1133.4870378775956,0.0
Scps,-0.9643059092931108,1.9721522630525295e-31,-0.04608426114173678,1133.4870378775956,0.0
Scps,-0.9643059092931108,1.9721522630525295e-31,-0.04608426114173678,1133.4870378775956,0.0
Scps,-0.9643059092931108,1.9721522630525295e-31,-0.04608426114173678,1133.4870378775956,0.0
Scps,-0.9643059092931108,1.9721522630525295e-31,-0.04608426114173678,1133.4870378775956,0.0
Scps,-0.9643059092931108,1.9721522630525295e-31,-0.04608426114173678,1133.4870378775956,0.0
Scps,-0.9643059092931108,1.9721522630525295e-31,-0.04608426114173678,1133.4870378775956,0.0
Scps,-0.9643059092931108,1.9721522630525295e-31,-0.04608426114173678,1133.4870378775956,0.0
Scps,-0.9643059092931108,1.9721522630525295e-31,-0.04608426114173678,1133.4870378775956,0.0
Scps,-0.9643059092931108,1.9721522630525295e-31,-0.04608426114173678,1133.4870378775956,0.0
Scps,-0.9643059092931108,1.9721522630525295e-31,-0.04608426114173678,1133.4870378775956,0.0
Scps,-0.9643059092931108,1.9721522630525295e-31,-0.04608426114173678,1133.4870378775956,0.0
Scps,-0.9643059092931108,1.9721522630525295e-31,-0.04608426114173678,1133.4870378775956,0.0
Scps,-0.9643059092931108,1.9721522630525295e-31,-0.04608426114173678,1133.4870378775956,0.0
Scps,-0.9643059092931108,1.9721522630525295e-31,-0.04608426114173678,1133.4870378775956,0.0
Scps,-0.9643059092931108,1.9721522630525295e-31,-0.04608426114173678,1133.4870378775956,0.0
Scps,-0.9643059092931108,1.9721522630525295e-31,-0.04608426114173678,1133.4870378775956,0.0
Scps,-0.9643059092931108,1.9721522630525295e-31,-0.04608426114173678,1133.4870378775956,0.0
Scps,-0.9643059092931108,1.9721522630525295e-31,-0.04608426114173678,1133.4870378775956,0.0
Scps,-0.9643059092931108,1.9721522630525295e-31,-0.04608426114173678,1133.4870378775956,0.0
Scps,-0.9643059092931108,1.9721522630525295e-31,-0.04608426114173678,1133.4870378775956,0.0
Scps,-0.9643059092931108,1.9721522630525295e-31,-0.04608426114173678,1133.4870378775956,0.0
Scps,-0.9643059092931108,1.9721522630525295e-31,-0.04608426114173678,1133.4870378775956,0.0
Scps,-0.9643059092931108,1.9721522630525295e-31,-0.04608426114173678,1133.4870378775956,0.0
Scps,-0.9643059092931108,1.9721522630525295e-31,-0.04608426114173678,1133.4870378775956,0.0
Scps,-0.9643059092931108,1.9721522630525295e-31,-0.04608426114173678,1133.4870378775956,0.0
Scps,-0.9643059092931108,1.9721522630525295e-31,-0.04608426114173678,1133.4870378775956,0.0
Scps,-0.9643059092931108,1.9721522630525295e-31,-0.04608426114173678,1133.4870378775956,0.0
Scps,-0.9643059092931108,1.9721522630525295e-31,-0.04608426114173678,1133.4870378775956,0.0
Scps,-0.9643059092931108,1.9721522630525295e-31,-0.04608426114173678,1133.4870378775956,0.0
Scps,-0.9643059092931108,1.9721522630525295e-31,-0.04608426114173678,1133.4870378775956,0.0
Scps,-0.9643059092931108,1.9721522630525295e-31,-0.04608426114173678,1133.4870378775956,0.0
Scps,-0.9643059092931108,1.9721522630525295e-31,-0.04608426114173678,1133.4870378775956,0.0
Scps,-0.9643059092931108,1.9721522630525295e-31,-0.04608426114173678,1133.4870378775956,0.0
Scps,-0.9643059092931108,1.9721522630525295e-31,-0.04608426114173678,1133.4870378775956,0.0
Scps,-0.9643059092931108,1.9721522630525295e-31,-0.04608426114173678,1133.4870378775956,0.0
Scps,-0.9643059092931108,1.9721522630525295e-31,-0.04608426114173678,1133.4870378775956,0.0
Scps,-0.9643059092931108,1.9721522630525295e-31,-0.04608426114173678,1133.4870378775956,0.0
Scps,-0.9643059092931108,1.9721522630525295e-31,-0.04608426114173678,1133.4870378775956,0.0
Scps,-0.9643059092931108,1.9721522630525295e-31,-0.04608426114173678,1133.4870378775956,0.0
Scps,-0.9643059092931108,1.9721522630525295e-31,-0.04608426114173678,1133.4870378775956,0.0
Scps,-0.9643059092931108,1.9721522630525295e-31,-0.04608426114173678,1133.4870378775956,0.0
Scps,-0.9643059092931108,1.9721522630525295e-31,-0.04608426114173678,1133.4870378775956,0.0
Scps,-0.9643059092931108,1.9721522630525295e-31,-0.04608426114173678,1133.4870378775956,0.0
Scps,-0.9643059092931108,1.9721522630525295e-31,-0.04608426114173678,1133.4870378775956,0.0
Scps,-0.9643059092931108,1.9721522630525295e-31,-0.04608426114173678,1133.4870378775956,0.0
Scps,-0.9643059092931108,1.9721522630525295e-31,-0.04608426114173678,1133.4870378775956,0.0
Scps,-0.9643059092931108,1.9721522630525295e-31,-0.04608426114173678,1133.4870378775956,0.0
Scps,-0.9643059092931108,1.9721522630525295e-31,-0.04608426114173678,1133.4870378775956,0.0
Scps,-0.9643059092931108,1.9721522630525295e-31,-0.04608426114173678,1133.4870378775956,0.0
Scps,-0.9643059092931108,1.9721522630525295e-31,-0.04608426114173678,1133.4870378775956,0.0
Scps,-0.9643059092931108,1.9721522630525295e-31,-0.04608426114173678,1133.4870378775956,0.0
Scps,-0.9643059092931108,1.9721522630525295e-31,-0.04608426114173678,1133.4870378775956,0.0
Scps,-0.9643059092931108,1.9721522630525295e-31,-0.04608426114173678,1133.4870378775956,0.0
Scps,-0.9643059092931108,1.9721522630525295e-31,-0.04608426114173678,1133.4870378775956,0.0
Scps,-0.9643059092931108,1.9721522630525295e-31,-0.04608426114173678,1133.4870378775956,0.0
Scps,-0.9643059092931108,1.9721522630525295e-31,-0.04608426114173678,1133.4870378775956,0.0
Scps,-0.9643059092931108,1.9721522630525295e-31,-0.04608426114173678,1133.4870378775956,0.0
Scps,-0.9643059092931108,1.9721522630525295e-31,-0.04608426114173678,1133.4870378775956,0.0
Scps,-0.9643059092931108,1.9721522630525295e-31,-0.04608426114173678,1133.4870378775956,0.0
Scps,-0.9643059092931108,1.9721522630525295e-31,-0.04608426114173678,1133.4870378775956,0.0
Scps,-0.9643059092931108,1.9721522630525295e-31,-0.04608426114173678,1133.4870378775956,0.0
Scps,-0.9643059092931108,1.9721522630525295e-31,-0.04608426114173678,1133.4870378775956,0.0
Scps,-0.9643059092931108,1.9721522630525295e-31,-0.04608426114173678,1133.4870378775956,0.0
Scps,-0.9643059092931108,1.9721522630525295e-31,-0.04608426114173678,1133.4870378775956,0.0
Scps,-0.9643059092931108,1.9721522630525295e-31,-0.04608426114173678,1133.4870378775956,0.0
Scps,-0.9643059092931108,1.9721522630525295e-31,-0.04608426114173678,1133.4870378775956,0.0
Scps,-0.9643059092931108,1.9721522630525295e-31,-0.04608426114173678,1133.4870378775956,0.0
Scps,-0.9643059092931108,1.9721522630525295e-31,-0.04608426114173678,1133.4870378775956,0.0
Scps,-0.9643059092931108,1.9721522630525295e-31,-0.04608426114173678,1133.4870378775956,0.0
Scps,-0.9643059092931108,1.9721522630525295e-31,-0.04608426114173678,1133.4870378775956,0.0
Scps,-0.9643059092931108,1.9721522630525295e-31,-0.04608426114173678,1133.4870378775956,0.0
Scps,-0.9643059092931108,1.9721522630525295e-31,-0.04608426114173678,1133.4870378775956,0.0
Scps,-0.9643059092931108,1.9721522630525295e-31,-0.04608426114173678,1133.4870378775956,0.0
Scps,-0.9643059092931108,1.9721522630525295e-31,-0.04608426114173678,1133.4870378775956,0.0
Scps,-0.9643059092931108,1.9721522630525295e-31,-0.04608426114173678,1133.4870378775956,0.0
Scps,-0.9643059092931108,1.9721522630525295e-31,-0.04608426114173678,1133.4870378775956,0.0
Scps,-0.9643059092931108,1.9721522630525295e-31,-0.04608426114173678,1133.4870378775956,0.0
Scps,-0.9643059092931108,1.9721522630525295e-31,-0.04608426114173678,1133.4870378775956,0.0
Scps,-0.9643059092931108,1.9721522630525295e-31,-0.04608426114173678,1133.4870378775956,0.0
Scps,-0.9643059092931108,1.9721522630525295e-31,-0.04608426114173678,1133.4870378775956,0.0
Scps,-0.9643059092931108,1.9721522630525295e-31,-0.04608426114173678,1133.4870378775956,0.0
Scps,-0.9643059092931108,1.9721522630525295e-31,-0.04608426114173678,1133.4870378775956,0.0
Scps,-0.9643059092931108,1.9721522630525295e-31,-0.04608426114173678,1133.4870378775956,0.0
Scps,-0.9643059092931108,1.9721522630525295e-31,-0.04608426114173678,1133.4870378775956,0.0
Scps,-0.9643059092931108,1.9721522630525295e-31,-0.04608426114173678,1133.4870378775956,0.0
Scps,-0.9643059092931108,1.9721522630525295e-31,-0.04608426114173678,1133.4870378775956,0.0
Scps,-0.9643059092931108,1.9721522630525295e-31,-0.04608426114173678,1133.4870378775956,0.0
Scps,-0.9643059092931108,1.9721522630525295e-31,-0.04608426114173678,1133.4870378775956,0.0
Scps,-0.9643059092931108,1.9721522630525295e-31,-0.04608426114173678,1133.4870378775956,0.0
Scps,-0.9643059092931108,1.9721522630525295e-31,-0.04608426114173678,1133.4870378775956,0.0
Scps,-0.9643059092931108,1.9721522630525295e-31,-0.04608426114173678,1133.4870378775956,0.0
Scps,-0.9643059092931108,1.9721522630525295e-31,-0.04608426114173678,1133.4870378775956,0.0
Scps,-0.9643059092931108,1.9721522630525295e-31,-0.04608426114173678,1133.4870378775956,0.0
Scps,-0.9643059092931108,1.9721522630525295e-31,-0.04608426114173678,1133.4870378775956,0.0
Scps,-0.9643059092931108,1.9721522630525295e-31,-0.04608426114173678,1133.4870378775956,0.0
Scps,-0.9643059092931108,1.9721522630525295e-31,-0.04608426114173678,1133.4870378775956,0.0
Scps,-0.9643059092931108,1.9721522630525295e-31,-0.04608426114173678,1133.4870378775956,0.0
Scps,-0.9643059092931108,1.9721522630525295e-31,-0.04608426114173678,1133.4870378775956,0.0
Scps,-0.9643059092931108,1.9721522630525295e-31,-0.04608426114173678,1133.4870378775956,0.0
Scps,-0.9643059092931108,1.9721522630525295e-31,-0.04608426114173678,1133.4870378775956,0.0
Scps,-0.9643059092931108,1.9721522630525295e-31,-0.04608426114173678,1133.4870378775956,0.0
Scps,-0.9643059092931108,1.9721522630525295e-31,-0.04608426114173678,1133.4870378775956,0.0
Scps,-0.9643059092931108,1.9721522630525295e-31,-0.04608426114173678,1133.4870378775956,0.0
Scps,-0.9643059092931108,1.9721522630525295e-31,-0.04608426114173678,1133.4870378775956,0.0
Scps,-0.9643059092931108,1.9721522630525295e-31,-0.04608426114173678,1133.4870378775956,0.0
Scps,-0.9643059092931108,1.9721522630525295e-31,-0.04608426114173678,1133.4870378775956,0.0
Scps,-0.9643059092931108,1.9721522630525295e-31,-0.04608426114173678,1133.4870378775956,0.0
Scps,-0.9643059092931108,1.9721522630525295e-31,-0.04608426114173678,1133.4870378775956,0.0
Scps,-0.9643059092931108,1.9721522630525295e-31,-0.04608426114173678,1133.4870378775956,0.0
Scps,-0.9643059092931108,1.9721522630525295e-31,-0.04608426114173678,1133.4870378775956,0.0
Scps,-0.9643059092931108,1.9721522630525295e-31,-0.04608426114173678,1133.4870378775956,0.0
Scps,-0.9643059092931108,1.9721522630525295e-31,-0.04608426114173678,1133.4870378775956,0.0
Scps,-0.9643059092931108,1.9721522630525295e-31,-0.04608426114173678,1133.4870378775956,0.0
Scps,-0.9643059092931108,1.9721522630525295e-31,-0.04608426114173678,1133.4870378775956,0.0
Scps,-0.9643059092931108,1.9721522630525295e-31,-0.04608426114173678,1133.4870378775956,0.0
Scps,-0.9643059092931108,1.9721522630525295e-31,-0.04608426114173678,1133.4870378775956,0.0
Scps,-0.9643059092931108,1.9721522630525295e-31,-0.04608426114173678,1133.4870378775956,0.0
Scps,-0.9643059092931108,1.9721522630525295e-31,-0.04608426114173678,1133.4870378775956,0.0
Scps,-0.9643059092931108,1.9721522630525295e-31,-0.04608426114173678,1133.4870378775956,0.0
Scps,-0.9643059092931108,1.9721522630525295e-31,-0.04608426114173678,1133.4870378775956,0.0
Scps,-0.9643059092931108,1.9721522630525295e-31,-0.04608426114173678,1133.4870378775956,0.0
Scps,-0.9643059092931108,1.9721522630525295e-31,-0.04608426114173678,1133.4870378775956,0.0
Scps,-0.9643059092931108,1.9721522630525295e-31,-0.04608426114173678,1133.4870378775956,0.0
Scps,-0.9643059092931108,1.9721522630525295e-31,-0.04608426114173678,1133.4870378775956,0.0
Scps,-0.9643059092931108,1.9721522630525295e-31,-0.04608426114173678,1133.4870378775956,0.0
Scps,-0.9643059092931108,1.9721522630525295e-31,-0.04608426114173678,1133.4870378775956,0.0
Scps,-0.9643059092931108,1.9721522630525295e-31,-0.04608426114173678,1133.4870378775956,0.0
Scps,-0.9643059092931108,1.9721522630525295e-31,-0.04608426114173678,1133.4870378775956,0.0
Scps,-0.9643059092931108,1.9721522630525295e-31,-0.04608426114173678,1133.4870378775956,0.0
Scps,-0.9643059092931108,1.9721522630525295e-31,-0.04608426114173678,1133.4870378775956,0.0
Scps,-0.9643059092931108,1.9721522630525295e-31,-0.04608426114173678,1133.4870378775956,0.0
Scps,-0.9643059092931108,1.9721522630525295e-31,-0.04608426114173678,1133.4870378775956,0.0
Scps,-0.9643059092931108,1.9721522630525295e-31,-0.04608426114173678,1133.4870378775956,0.0
Scps,-0.9643059092931108,1.9721522630525295e-31,-0.04608426114173678,1133.4870378775956,0.0
Scps,-0.9643059092931108,1.9721522630525295e-31,-0.04608426114173678,1133.4870378775956,0.0
Scps,-0.9643059092931108,1.9721522630525295e-31,-0.04608426114173678,1133.4870378775956,0.0
Scps,-0.9643059092931108,1.9721522630525295e-31,-0.04608426114173678,1133.4870378775956,0.0
Scps,-0.9643059092931108,1.9721522630525295e-31,-0.04608426114173678,1133.4870378775956,0.0
Scps,-0.9643059092931108,1.9721522630525295e-31,-0.04608426114173678,1133.4870378775956,0.0
Scps,-0.9643059092931108,1.9721522630525295e-31,-0.04608426114173678,1133.4870378775956,0.0
Scps,-0.9643059092931108,1.9721522630525295e-31,-0.04608426114173678,1133.4870378775956,0.0
Scps,-0.9643059092931108,1.9721522630525295e-31,-0.04608426114173678,1133.4870378775956,0.0
Scps,-0.9643059092931108,1.9721522630525295e-31,-0.04608426114173678,1133.4870378775956,0.0
Scps,-0.9643059092931108,1.9721522630525295e-31,-0.04608426114173678,1133.4870378775956,0.0
Scps,-0.9643059092931108,1.9721522630525295e-31,-0.04608426114173678,1133.4870378775956,0.0
Scps,-0.9643059092931108,1.9721522630525295e-31,-0.04608426114173678,1133.4870378775956,0.0
Scps,-0.9643059092931108,1.9721522630525295e-31,-0.04608426114173678,1133.4870378775956,0.0
Scps,-0.9643059092931108,1.9721522630525295e-31,-0.04608426114173678,1133.4870378775956,0.0
Scps,-0.9643059092931108,1.9721522630525295e-31,-0.04608426114173678,1133.4870378775956,0.0
Scps,-0.9643059092931108,1.9721522630525295e-31,-0.04608426114173678,1133.4870378775956,0.0
Scps,-0.9643059092931108,1.9721522630525295e-31,-0.04608426114173678,1133.4870378775956,0.0
Scps,-0.9643059092931108,1.9721522630525295e-31,-0.04608426114173678,1133.4870378775956,0.0
Scps,-0.9643059092931108,1.9721522630525295e-31,-0.04608426114173678,1133.4870378775956,0.0
Scps,-0.9643059092931108,1.9721522630525295e-31,-0.04608426114173678,1133.4870378775956,0.0
Scps,-0.9643059092931108,1.9721522630525295e-31,-0.04608426114173678,1133.4870378775956,0.0
Scps,-0.9643059092931108,1.9721522630525295e-31,-0.04608426114173678,1133.4870378775956,0.0
Scps,-0.9643059092931108,1.9721522630525295e-31,-0.04608426114173678,1133.4870378775956,0.0
Scps,-0.9643059092931108,1.9721522630525295e-31,-0.04608426114173678,1133.4870378775956,0.0
Scps,-0.9643059092931108,1.9721522630525295e-31,-0.04608426114173678,1133.4870378775956,0.0
Scps,-0.9643059092931108,1.9721522630525295e-31,-0.04608426114173678,1133.4870378775956,0.0
Scps,-0.9643059092931108,1.9721522630525295e-31,-0.04608426114173678,1133.4870378775956,0.0
Scps,-0.9643059092931108,1.9721522630525295e-31,-0.04608426114173678,1133.4870378775956,0.0
Scps,-0.9643059092931108,1.9721522630525295e-31,-0.04608426114173678,1133.4870378775956,0.0
Scps,-0.9643059092931108,1.9721522630525295e-31,-0.04608426114173678,1133.4870378775956,0.0
Scps,-0.9643059092931108,1.9721522630525295e-31,-0.04608426114173678,1133.4870378775956,0.0
Scps,-0.9643059092931108,1.9721522630525295e-31,-0.04608426114173678,1133.4870378775956,0.0
Scps,-0.9643059092931108,1.9721522630525295e-31,-0.04608426114173678,1133.4870378775956,0.0
Scps,-0.9643059092931108,1.9721522630525295e-31,-0.04608426114173678,1133.4870378775956,0.0
Scps,-0.9643059092931108,1.9721522630525295e-31,-0.04608426114173678,1133.4870378775956,0.0
Scps,-0.9643059092931108,1.9721522630525295e-31,-0.04608426114173678,1133.4870378775956,0.0
Scps,-0.9643059092931108,1.9721522630525295e-31,-0.04608426114173678,1133.4870378775956,0.0
Scps,-0.9643059092931108,1.9721522630525295e-31,-0.04608426114173678,1133.4870378775956,0.0
Scps,-0.9643059092931108,1.9721522630525295e-31,-0.04608426114173678,1133.4870378775956,0.0
Scps,-0.9643059092931108,1.9721522630525295e-31,-0.04608426114173678,1133.4870378775956,0.0
Scps,-0.9643059092931108,1.9721522630525295e-31,-0.04608426114173678,1133.4870378775956,0.0
Scps,-0.9643059092931108,1.9721522630525295e-31,-0.04608426114173678,1133.4870378775956,0.0
Scps,-0.9643059092931108,1.9721522630525295e-31,-0.04608426114173678,1133.4870378775956,0.0
Scps,-0.9643059092931108,1.9721522630525295e-31,-0.04608426114173678,1133.4870378775956,0.0
Scps,-0.9643059092931108,1.9721522630525295e-31,-0.04608426114173678,1133.4870378775956,0.0
Scps,-0.9643059092931108,1.9721522630525295e-31,-0.04608426114173678,1133.4870378775956,0.0
Scps,-0.9643059092931108,1.9721522630525295e-31,-0.04608426114173678,1133.4870378775956,0.0
Scps,-0.9643059092931108,1.9721522630525295e-31,-0.04608426114173678,1133.4870378775956,0.0
Scps,-0.9643059092931108,1.9721522630525295e-31,-0.04608426114173678,1133.4870378775956,0.0
Scps,-0.9643059092931108,1.9721522630525295e-31,-0.04608426114173678,1133.4870378775956,0.0
Scps,-0.9643059092931108,1.9721522630525295e-31,-0.04608426114173678,1133.4870378775956,0.0
Scps,-0.9643059092931108,1.9721522630525295e-31,-0.04608426114173678,1133.4870378775956,0.0
Scps,-0.9643059092931108,1.9721522630525295e-31,-0.04608426114173678,1133.4870378775956,0.0
Scps,-0.9643059092931108,1.9721522630525295e-31,-0.04608426114173678,1133.4870378775956,0.0
Scps,-0.9643059092931108,1.9721522630525295e-31,-0.04608426114173678,1133.4870378775956,0.0
Scps,-0.9643059092931108,1.9721522630525295e-31,-0.04608426114173678,1133.4870378775956,0.0
Scps,-0.9643059092931108,1.9721522630525295e-31,-0.04608426114173678,1133.4870378775956,0.0
Scps,-0.9643059092931108,1.9721522630525295e-31,-0.04608426114173678,1133.4870378775956,0.0
Scps,-0.9643059092931108,1.9721522630525295e-31,-0.04608426114173678,1133.4870378775956,0.0
Scps,-0.9643059092931108,1.9721522630525295e-31,-0.04608426114173678,1133.4870378775956,0.0
Scps,-0.9643059092931108,1.9721522630525295e-31,-0.04608426114173678,1133.4870378775956,0.0
Scps,-0.9643059092931108,1.9721522630525295e-31,-0.04608426114173678,1133.4870378775956,0.0
Scps,-0.9643059092931108,1.9721522630525295e-31,-0.04608426114173678,1133.4870378775956,0.0
Scps,-0.9643059092931108,1.9721522630525295e-31,-0.04608426114173678,1133.4870378775956,0.0
Scps,-0.9643059092931108,1.9721522630525295e-31,-0.04608426114173678,1133.4870378775956,0.0
Scps,-0.9643059092931108,1.9721522630525295e-31,-0.04608426114173678,1133.4870378775956,0.0
Scps,-0.9643059092931108,1.9721522630525295e-31,-0.04608426114173678,1133.4870378775956,0.0
Scps,-0.9643059092931108,1.9721522630525295e-31,-0.04608426114173678,1133.4870378775956,0.0
Scps,-0.9643059092931108,1.9721522630525295e-31,-0.04608426114173678,1133.4870378775956,0.0
Scps,-0.9643059092931108,1.9721522630525295e-31,-0.04608426114173678,1133.4870378775956,0.0
Scps,-0.9643059092931108,1.9721522630525295e-31,-0.04608426114173678,1133.4870378775956,0.0
Scps,-0.9643059092931108,1.9721522630525295e-31,-0.04608426114173678,1133.4870378775956,0.0
Scps,-0.9643059092931108,1.9721522630525295e-31,-0.04608426114173678,1133.4870378775956,0.0
Scps,-0.9643059092931108,1.9721522630525295e-31,-0.04608426114173678,1133.4870378775956,0.0
Scps,-0.9643059092931108,1.9721522630525295e-31,-0.04608426114173678,1133.4870378775956,0.0
Scps,-0.9643059092931108,1.9721522630525295e-31,-0.04608426114173678,1133.4870378775956,0.0
Scps,-0.9643059092931108,1.9721522630525295e-31,-0.04608426114173678,1133.4870378775956,0.0
Scps,-0.9643059092931108,1.9721522630525295e-31,-0.04608426114173678,1133.4870378775956,0.0
Scps,-0.9643059092931108,1.9721522630525295e-31,-0.04608426114173678,1133.4870378775956,0.0
Scps,-0.9643059092931108,1.9721522630525295e-31,-0.04608426114173678,1133.4870378775956,0.0
Scps,-0.9643059092931108,1.9721522630525295e-31,-0.04608426114173678,1133.4870378775956,0.0
Scps,-0.9643059092931108,1.9721522630525295e-31,-0.04608426114173678,1133.4870378775956,0.0
Scps,-0.9643059092931108,1.9721522630525295e-31,-0.04608426114173678,1133.4870378775956,0.0
Scps,-0.9643059092931108,1.9721522630525295e-31,-0.04608426114173678,1133.4870378775956,0.0
Scps,-0.9643059092931108,1.9721522630525295e-31,-0.04608426114173678,1133.4870378775956,0.0
Scps,-0.9643059092931108,1.9721522630525295e-31,-0.04608426114173678,1133.4870378775956,0.0
Scps,-0.9643059092931108,1.9721522630525295e-31,-0.04608426114173678,1133.4870378775956,0.0
Scps,-0.9643059092931108,1.9721522630525295e-31,-0.04608426114173678,1133.4870378775956,0.0
Scps,-0.9643059092931108,1.9721522630525295e-31,-0.04608426114173678,1133.4870378775956,0.0
Scps,-0.9643059092931108,1.9721522630525295e-31,-0.04608426114173678,1133.4870378775956,0.0
Scps,-0.9643059092931108,1.9721522630525295e-31,-0.04608426114173678,1133.4870378775956,0.0
Scps,-0.9643059092931108,1.9721522630525295e-31,-0.04608426114173678,1133.4870378775956,0.0
Scps,-0.9643059092931108,1.9721522630525295e-31,-0.04608426114173678,1133.4870378775956,0.0
Scps,-0.9643059092931108,1.9721522630525295e-31,-0.04608426114173678,1133.4870378775956,0.0
Scps,-0.9643059092931108,1.9721522630525295e-31,-0.04608426114173678,1133.4870378775956,0.0
Scps,-0.9643059092931108,1.9721522630525295e-31,-0.04608426114173678,1133.4870378775956,0.0
Scps,-0.9643059092931108,1.9721522630525295e-31,-0.04608426114173678,1133.4870378775956,0.0
Scps,-0.9643059092931108,1.9721522630525295e-31,-0.04608426114173678,1133.4870378775956,0.0
Scps,-0.9643059092931108,1.9721522630525295e-31,-0.04608426114173678,1133.4870378775956,0.0
Scps,-0.9643059092931108,1.9721522630525295e-31,-0.04608426114173678,1133.4870378775956,0.0
Scps,-0.9643059092931108,1.9721522630525295e-31,-0.04608426114173678,1133.4870378775956,0.0
Scps,-0.9643059092931108,1.9721522630525295e-31,-0.04608426114173678,1133.4870378775956,0.0
Scps,-0.9643059092931108,1.9721522630525295e-31,-0.04608426114173678,1133.4870378775956,0.0
Scps,-0.9643059092931108,1.9721522630525295e-31,-0.04608426114173678,1133.4870378775956,0.0
Scps,-0.9643059092931108,1.9721522630525295e-31,-0.04608426114173678,1133.4870378775956,0.0
Scps,-0.9643059092931108,1.9721522630525295e-31,-0.04608426114173678,1133.4870378775956,0.0
Scps,-0.9643059092931108,1.9721522630525295e-31,-0.04608426114173678,1133.4870378775956,0.0
Scps,-0.9643059092931108,1.9721522630525295e-31,-0.04608426114173678,1133.4870378775956,0.0
Scps,-0.9643059092931108,1.9721522630525295e-31,-0.04608426114173678,1133.4870378775956,0.0
Scps,-0.9643059092931108,1.9721522630525295e-31,-0.04608426114173678,1133.4870378775956,0.0
Scps,-0.9643059092931108,1.9721522630525295e-31,-0.04608426114173678,1133.4870378775956,0.0
Scps,-0.9643059092931108,1.9721522630525295e-31,-0.04608426114173678,1133.4870378775956,0.0
Scps,-0.9643059092931108,1.9721522630525295e-31,-0.04608426114173678,1133.4870378775956,0.0
Scps,-0.9643059092931108,1.9721522630525295e-31,-0.04608426114173678,1133.4870378775956,0.0
Scps,-0.9643059092931108,1.9721522630525295e-31,-0.04608426114173678,1133.4870378775956,0.0
Scps,-0.9643059092931108,1.9721522630525295e-31,-0.04608426114173678,1133.4870378775956,0.0
Scps,-0.9643059092931108,1.9721522630525295e-31,-0.04608426114173678,1133.4870378775956,0.0
Scps,-0.9643059092931108,1.9721522630525295e-31,-0.04608426114173678,1133.4870378775956,0.0
Scps,-0.9643059092931108,1.9721522630525295e-31,-0.04608426114173678,1133.4870378775956,0.0
Scps,-0.9643059092931108,1.9721522630525295e-31,-0.04608426114173678,1133.4870378775956,0.0
Scps,-0.9643059092931108,1.9721522630525295e-31,-0.04608426114173678,1133.4870378775956,0.0
Scps,-0.9643059092931108,1.9721522630525295e-31,-0.04608426114173678,1133.4870378775956,0.0
Scps,-0.9643059092931108,1.9721522630525295e-31,-0.04608426114173678,1133.4870378775956,0.0
Scps,-0.9643059092931108,1.9721522630525295e-31,-0.04608426114173678,1133.4870378775956,0.0
Scps,-0.9643059092931108,1.9721522630525295e-31,-0.04608426114173678,1133.4870378775956,0.0
Scps,-0.9643059092931108,1.9721522630525295e-31,-0.04608426114173678,1133.4870378775956,0.0
Scps,-0.9643059092931108,1.9721522630525295e-31,-0.04608426114173678,1133.4870378775956,0.0
Scps,-0.9643059092931108,1.9721522630525295e-31,-0.04608426114173678,1133.4870378775956,0.0
Scps,-0.9643059092931108,1.9721522630525295e-31,-0.04608426114173678,1133.4870378775956,0.0
Scps,-0.9643059092931108,1.9721522630525295e-31,-0.04608426114173678,1133.4870378775956,0.0
Scps,-0.9643059092931108,1.9721522630525295e-31,-0.04608426114173678,1133.4870378775956,0.0
Scps,-0.9643059092931108,1.9721522630525295e-31,-0.04608426114173678,1133.4870378775956,0.0
Scps,-0.9643059092931108,1.9721522630525295e-31,-0.04608426114173678,1133.4870378775956,0.0
Scps,-0.9643059092931108,1.9721522630525295e-31,-0.04608426114173678,1133.4870378775956,0.0
Scps,-0.9643059092931108,1.9721522630525295e-31,-0.04608426114173678,1133.4870378775956,0.0
Scps,-0.9643059092931108,1.9721522630525295e-31,-0.04608426114173678,1133.4870378775956,0.0
Scps,-0.9643059092931108,1.9721522630525295e-31,-0.04608426114173678,1133.4870378775956,0.0
Scps,-0.9643059092931108,1.9721522630525295e-31,-0.04608426114173678,1133.4870378775956,0.0
Scps,-0.9643059092931108,1.9721522630525295e-31,-0.04608426114173678,1133.4870378775956,0.0
Scps,-0.9643059092931108,1.9721522630525295e-31,-0.04608426114173678,1133.4870378775956,0.0
Scps,-0.9643059092931108,1.9721522630525295e-31,-0.04608426114173678,1133.4870378775956,0.0
Scps,-0.9643059092931108,1.9721522630525295e-31,-0.04608426114173678,1133.4870378775956,0.0
Scps,-0.9643059092931108,1.9721522630525295e-31,-0.04608426114173678,1133.4870378775956,0.0
Scps,-0.9643059092931108,1.9721522630525295e-31,-0.04608426114173678,1133.4870378775956,0.0
Scps,-0.9643059092931108,1.9721522630525295e-31,-0.04608426114173678,1133.4870378775956,0.0
Scps,-0.9643059092931108,1.9721522630525295e-31,-0.04608426114173678,1133.4870378775956,0.0
Scps,-0.9643059092931108,1.9721522630525295e-31,-0.04608426114173678,1133.4870378775956,0.0
Scps,-0.9643059092931108,1.9721522630525295e-31,-0.04608426114173678,1133.4870378775956,0.0
Scps,-0.9643059092931108,1.9721522630525295e-31,-0.04608426114173678,1133.4870378775956,0.0
Scps,-0.9643059092931108,1.9721522630525295e-31,-0.04608426114173678,1133.4870378775956,0.0
Scps,-0.9643059092931108,1.9721522630525295e-31,-0.04608426114173678,1133.4870378775956,0.0
Scps,-0.9643059092931108,1.9721522630525295e-31,-0.04608426114173678,1133.4870378775956,0.0
Scps,-0.9643059092931108,1.9721522630525295e-31,-0.04608426114173678,1133.4870378775956,0.0
Scps,-0.9643059092931108,1.9721522630525295e-31,-0.04608426114173678,1133.4870378775956,0.0
Scps,-0.9643059092931108,1.9721522630525295e-31,-0.04608426114173678,1133.4870378775956,0.0
Scps,-0.9643059092931108,1.9721522630525295e-31,-0.04608426114173678,1133.4870378775956,0.0
Scps,-0.9643059092931108,1.9721522630525295e-31,-0.04608426114173678,1133.4870378775956,0.0
Scps,-0.9643059092931108,1.9721522630525295e-31,-0.04608426114173678,1133.4870378775956,0.0
Scps,-0.9643059092931108,1.9721522630525295e-31,-0.04608426114173678,1133.4870378775956,0.0
Scps,-0.9643059092931108,1.9721522630525295e-31,-0.04608426114173678,1133.4870378775956,0.0
Scps,-0.9643059092931108,1.9721522630525295e-31,-0.04608426114173678,1133.4870378775956,0.0
Scps,-0.9643059092931108,1.9721522630525295e-31,-0.04608426114173678,1133.4870378775956,0.0
Scps,-0.9643059092931108,1.9721522630525295e-31,-0.04608426114173678,1133.4870378775956,0.0
Scps,-0.9643059092931108,1.9721522630525295e-31,-0.04608426114173678,1133.4870378775956,0.0
Scps,-0.9643059092931108,1.9721522630525295e-31,-0.04608426114173678,1133.4870378775956,0.0
Scps,-0.9643059092931108,1.9721522630525295e-31,-0.04608426114173678,1133.4870378775956,0.0
Scps,-0.9643059092931108,1.9721522630525295e-31,-0.04608426114173678,1133.4870378775956,0.0
Scps,-0.9643059092931108,1.9721522630525295e-31,-0.04608426114173678,1133.4870378775956,0.0
Scps,-0.9643059092931108,1.9721522630525295e-31,-0.04608426114173678,1133.4870378775956,0.0
Scps,-0.9643059092931108,1.9721522630525295e-31,-0.04608426114173678,1133.4870378775956,0.0
Scps,-0.9643059092931108,1.9721522630525295e-31,-0.04608426114173678,1133.4870378775956,0.0
Scps,-0.9643059092931108,1.9721522630525295e-31,-0.04608426114173678,1133.4870378775956,0.0
Scps,-0.9643059092931108,1.9721522630525295e-31,-0.04608426114173678,1133.4870378775956,0.0
Scps,-0.9643059092931108,1.9721522630525295e-31,-0.04608426114173678,1133.4870378775956,0.0
Scps,-0.9643059092931108,1.9721522630525295e-31,-0.04608426114173678,1133.4870378775956,0.0
Scps,-0.9643059092931108,1.9721522630525295e-31,-0.04608426114173678,1133.4870378775956,0.0
Scps,-0.9643059092931108,1.9721522630525295e-31,-0.04608426114173678,1133.4870378775956,0.0
Scps,-0.9643059092931108,1.9721522630525295e-31,-0.04608426114173678,1133.4870378775956,0.0
Scps,-0.9643059092931108,1.9721522630525295e-31,-0.04608426114173678,1133.4870378775956,0.0
Scps,-0.9643059092931108,1.9721522630525295e-31,-0.04608426114173678,1133.4870378775956,0.0
Scps,-0.9643059092931108,1.9721522630525295e-31,-0.04608426114173678,1133.4870378775956,0.0
Scps,-0.9643059092931108,1.9721522630525295e-31,-0.04608426114173678,1133.4870378775956,0.0
Scps,-0.9643059092931108,1.9721522630525295e-31,-0.04608426114173678,1133.4870378775956,0.0
Scps,-0.9643059092931108,1.9721522630525295e-31,-0.04608426114173678,1133.4870378775956,0.0
Scps,-0.9643059092931108,1.9721522630525295e-31,-0.04608426114173678,1133.4870378775956,0.0
Scps,-0.9643059092931108,1.9721522630525295e-31,-0.04608426114173678,1133.4870378775956,0.0
Scps,-0.9643059092931108,1.9721522630525295e-31,-0.04608426114173678,1133.4870378775956,0.0
Scps,-0.9643059092931108,1.9721522630525295e-31,-0.04608426114173678,1133.4870378775956,0.0
Scps,-0.9643059092931108,1.9721522630525295e-31,-0.04608426114173678,1133.4870378775956,0.0
Scps,-0.9643059092931108,1.9721522630525295e-31,-0.04608426114173678,1133.4870378775956,0.0
Scps,-0.9643059092931108,1.9721522630525295e-31,-0.04608426114173678,1133.4870378775956,0.0
Scps,-0.9643059092931108,1.9721522630525295e-31,-0.04608426114173678,1133.4870378775956,0.0
Scps,-0.9643059092931108,1.9721522630525295e-31,-0.04608426114173678,1133.4870378775956,0.0
Scps,-0.9643059092931108,1.9721522630525295e-31,-0.04608426114173678,1133.4870378775956,0.0
Scps,-0.9643059092931108,1.9721522630525295e-31,-0.04608426114173678,1133.4870378775956,0.0
Scps,-0.9643059092931108,1.9721522630525295e-31,-0.04608426114173678,1133.4870378775956,0.0
Scps,-0.9643059092931108,1.9721522630525295e-31,-0.04608426114173678,1133.4870378775956,0.0
Scps,-0.9643059092931108,1.9721522630525295e-31,-0.04608426114173678,1133.4870378775956,0.0
Scps,-0.9643059092931108,1.9721522630525295e-31,-0.04608426114173678,1133.4870378775956,0.0
Scps,-0.9643059092931108,1.9721522630525295e-31,-0.04608426114173678,1133.4870378775956,0.0
Scps,-0.9643059092931108,1.9721522630525295e-31,-0.04608426114173678,1133.4870378775956,0.0
Scps,-0.9643059092931108,1.9721522630525295e-31,-0.04608426114173678,1133.4870378775956,0.0
Scps,-0.9643059092931108,1.9721522630525295e-31,-0.04608426114173678,1133.4870378775956,0.0
Scps,-0.9643059092931108,1.9721522630525295e-31,-0.04608426114173678,1133.4870378775956,0.0
Scps,-0.9643059092931108,1.9721522630525295e-31,-0.04608426114173678,1133.4870378775956,0.0
Scps,-0.9643059092931108,1.9721522630525295e-31,-0.04608426114173678,1133.4870378775956,0.0
Scps,-0.9643059092931108,1.9721522630525295e-31,-0.04608426114173678,1133.4870378775956,0.0
Scps,-0.9643059092931108,1.9721522630525295e-31,-0.04608426114173678,1133.4870378775956,0.0
Scps,-0.9643059092931108,1.9721522630525295e-31,-0.04608426114173678,1133.4870378775956,0.0
Scps,-0.9643059092931108,1.9721522630525295e-31,-0.04608426114173678,1133.4870378775956,0.0
Scps,-0.9643059092931108,1.9721522630525295e-31,-0.04608426114173678,1133.4870378775956,0.0
Scps,-0.9643059092931108,1.9721522630525295e-31,-0.04608426114173678,1133.4870378775956,0.0
Scps,-0.9643059092931108,1.9721522630525295e-31,-0.04608426114173678,1133.4870378775956,0.0
Scps,-0.9643059092931108,1.9721522630525295e-31,-0.04608426114173678,1133.4870378775956,0.0
Scps,-0.9643059092931108,1.9721522630525295e-31,-0.04608426114173678,1133.4870378775956,0.0
Scps,-0.9643059092931108,1.9721522630525295e-31,-0.04608426114173678,1133.4870378775956,0.0
Scps,-0.9643059092931108,1.9721522630525295e-31,-0.04608426114173678,1133.4870378775956,0.0
Scps,-0.9643059092931108,1.9721522630525295e-31,-0.04608426114173678,1133.4870378775956,0.0
Scps,-0.9643059092931108,1.9721522630525295e-31,-0.04608426114173678,1133.4870378775956,0.0
Scps,-0.9643059092931108,1.9721522630525295e-31,-0.04608426114173678,1133.4870378775956,0.0
Scps,-0.9643059092931108,1.9721522630525295e-31,-0.04608426114173678,1133.4870378775956,0.0
Scps,-0.9643059092931108,1.9721522630525295e-31,-0.04608426114173678,1133.4870378775956,0.0
Scps,-0.9643059092931108,1.9721522630525295e-31,-0.04608426114173678,1133.4870378775956,0.0
Scps,-0.9643059092931108,1.9721522630525295e-31,-0.04608426114173678,1133.4870378775956,0.0
Scps,-0.9643059092931108,1.9721522630525295e-31,-0.04608426114173678,1133.4870378775956,0.0
Scps,-0.9643059092931108,1.9721522630525295e-31,-0.04608426114173678,1133.4870378775956,0.0
Scps,-0.9643059092931108,1.9721522630525295e-31,-0.04608426114173678,1133.4870378775956,0.0
Scps,-0.9643059092931108,1.9721522630525295e-31,-0.04608426114173678,1133.4870378775956,0.0
Scps,-0.9643059092931108,1.9721522630525295e-31,-0.04608426114173678,1133.4870378775956,0.0
Scps,-0.9643059092931108,1.9721522630525295e-31,-0.04608426114173678,1133.4870378775956,0.0
Scps,-0.9643059092931108,1.9721522630525295e-31,-0.04608426114173678,1133.4870378775956,0.0
Scps,-0.9643059092931108,1.9721522630525295e-31,-0.04608426114173678,1133.4870378775956,0.0
Scps,-0.9643059092931108,1.9721522630525295e-31,-0.04608426114173678,1133.4870378775956,0.0
Scps,-0.9643059092931108,1.9721522630525295e-31,-0.04608426114173678,1133.4870378775956,0.0
Scps,-0.9643059092931108,1.9721522630525295e-31,-0.04608426114173678,1133.4870378775956,0.0
Scps,-0.9643059092931108,1.9721522630525295e-31,-0.04608426114173678,1133.4870378775956,0.0
Scps,-0.9643059092931108,1.9721522630525295e-31,-0.04608426114173678,1133.4870378775956,0.0
Scps,-0.9643059092931108,1.9721522630525295e-31,-0.04608426114173678,1133.4870378775956,0.0
Scps,-0.9643059092931108,1.9721522630525295e-31,-0.04608426114173678,1133.4870378775956,0.0
Scps,-0.9643059092931108,1.9721522630525295e-31,-0.04608426114173678,1133.4870378775956,0.0
Scps,-0.9643059092931108,1.9721522630525295e-31,-0.04608426114173678,1133.4870378775956,0.0
Scps,-0.9643059092931108,1.9721522630525295e-31,-0.04608426114173678,1133.4870378775956,0.0
Scps,-0.9643059092931108,1.9721522630525295e-31,-0.04608426114173678,1133.4870378775956,0.0
Scps,-0.9643059092931108,1.9721522630525295e-31,-0.04608426114173678,1133.4870378775956,0.0
Scps,-0.9643059092931108,1.9721522630525295e-31,-0.04608426114173678,1133.4870378775956,0.0
Scps,-0.9643059092931108,1.9721522630525295e-31,-0.04608426114173678,1133.4870378775956,0.0
Scps,-0.9643059092931108,1.9721522630525295e-31,-0.04608426114173678,1133.4870378775956,0.0
Scps,-0.9643059092931108,1.9721522630525295e-31,-0.04608426114173678,1133.4870378775956,0.0
Scps,-0.9643059092931108,1.9721522630525295e-31,-0.04608426114173678,1133.4870378775956,0.0
Scps,-0.9643059092931108,1.9721522630525295e-31,-0.04608426114173678,1133.4870378775956,0.0
Scps,-0.9643059092931108,1.9721522630525295e-31,-0.04608426114173678,1133.4870378775956,0.0
Scps,-0.9643059092931108,1.9721522630525295e-31,-0.04608426114173678,1133.4870378775956,0.0
Scps,-0.9643059092931108,1.9721522630525295e-31,-0.04608426114173678,1133.4870378775956,0.0
Scps,-0.9643059092931108,1.9721522630525295e-31,-0.04608426114173678,1133.4870378775956,0.0
Scps,-0.9643059092931108,1.9721522630525295e-31,-0.04608426114173678,1133.4870378775956,0.0
Scps,-0.9643059092931108,1.9721522630525295e-31,-0.04608426114173678,1133.4870378775956,0.0
Scps,-0.9643059092931108,1.9721522630525295e-31,-0.04608426114173678,1133.4870378775956,0.0
Scps,-0.9643059092931108,1.9721522630525295e-31,-0.04608426114173678,1133.4870378775956,0.0
Scps,-0.9643059092931108,1.9721522630525295e-31,-0.04608426114173678,1133.4870378775956,0.0
Scps,-0.9643059092931108,1.9721522630525295e-31,-0.04608426114173678,1133.4870378775956,0.0
Scps,-0.9643059092931108,1.9721522630525295e-31,-0.04608426114173678,1133.4870378775956,0.0
Scps,-0.9643059092931108,1.9721522630525295e-31,-0.04608426114173678,1133.4870378775956,0.0
Scps,-0.9643059092931108,1.9721522630525295e-31,-0.04608426114173678,1133.4870378775956,0.0
Scps,-0.9643059092931108,1.9721522630525295e-31,-0.04608426114173678,1133.4870378775956,0.0
Scps,-0.9643059092931108,1.9721522630525295e-31,-0.04608426114173678,1133.4870378775956,0.0
Scps,-0.9643059092931108,1.9721522630525295e-31,-0.04608426114173678,1133.4870378775956,0.0
Scps,-0.9643059092931108,1.9721522630525295e-31,-0.04608426114173678,1133.4870378775956,0.0
Scps,-0.9643059092931108,1.9721522630525295e-31,-0.04608426114173678,1133.4870378775956,0.0
Scps,-0.9643059092931108,1.9721522630525295e-31,-0.04608426114173678,1133.4870378775956,0.0
Scps,-0.9643059092931108,1.9721522630525295e-31,-0.04608426114173678,1133.4870378775956,0.0
Scps,-0.9643059092931108,1.9721522630525295e-31,-0.04608426114173678,1133.4870378775956,0.0
Scps,-0.9643059092931108,1.9721522630525295e-31,-0.04608426114173678,1133.4870378775956,0.0
Scps,-0.9643059092931108,1.9721522630525295e-31,-0.04608426114173678,1133.4870378775956,0.0
Scps,-0.9643059092931108,1.9721522630525295e-31,-0.04608426114173678,1133.4870378775956,0.0
Scps,-0.9643059092931108,1.9721522630525295e-31,-0.04608426114173678,1133.4870378775956,0.0
Scps,-0.9643059092931108,1.9721522630525295e-31,-0.04608426114173678,1133.4870378775956,0.0
Scps,-0.9643059092931108,1.9721522630525295e-31,-0.04608426114173678,1133.4870378775956,0.0
Scps,-0.9643059092931108,1.9721522630525295e-31,-0.04608426114173678,1133.4870378775956,0.0
Scps,-0.9643059092931108,1.9721522630525295e-31,-0.04608426114173678,1133.4870378775956,0.0
Scps,-0.9643059092931108,1.9721522630525295e-31,-0.04608426114173678,1133.4870378775956,0.0
Scps,-0.9643059092931108,1.9721522630525295e-31,-0.04608426114173678,1133.4870378775956,0.0
Scps,-0.9643059092931108,1.9721522630525295e-31,-0.04608426114173678,1133.4870378775956,0.0
Scps,-0.9643059092931108,1.9721522630525295e-31,-0.04608426114173678,1133.4870378775956,0.0
Scps,-0.9643059092931108,1.9721522630525295e-31,-0.04608426114173678,1133.4870378775956,0.0
Scps,-0.9643059092931108,1.9721522630525295e-31,-0.04608426114173678,1133.4870378775956,0.0
Scps,-0.9643059092931108,1.9721522630525295e-31,-0.04608426114173678,1133.4870378775956,0.0
Scps,-0.9643059092931108,1.9721522630525295e-31,-0.04608426114173678,1133.4870378775956,0.0
Scps,-0.9643059092931108,1.9721522630525295e-31,-0.04608426114173678,1133.4870378775956,0.0
Scps,-0.9643059092931108,1.9721522630525295e-31,-0.04608426114173678,1133.4870378775956,0.0
Scps,-0.9643059092931108,1.9721522630525295e-31,-0.04608426114173678,1133.4870378775956,0.0
Scps,-0.9643059092931108,1.9721522630525295e-31,-0.04608426114173678,1133.4870378775956,0.0
Scps,-0.9643059092931108,1.9721522630525295e-31,-0.04608426114173678,1133.4870378775956,0.0
Scps,-0.9643059092931108,1.9721522630525295e-31,-0.04608426114173678,1133.4870378775956,0.0
Scps,-0.9643059092931108,1.9721522630525295e-31,-0.04608426114173678,1133.4870378775956,0.0
Scps,-0.9643059092931108,1.9721522630525295e-31,-0.04608426114173678,1133.4870378775956,0.0
Scps,-0.9643059092931108,1.9721522630525295e-31,-0.04608426114173678,1133.4870378775956,0.0
Scps,-0.9643059092931108,1.9721522630525295e-31,-0.04608426114173678,1133.4870378775956,0.0
Scps,-0.9643059092931108,1.9721522630525295e-31,-0.04608426114173678,1133.4870378775956,0.0
Scps,-0.9643059092931108,1.9721522630525295e-31,-0.04608426114173678,1133.4870378775956,0.0
Scps,-0.9643059092931108,1.9721522630525295e-31,-0.04608426114173678,1133.4870378775956,0.0
Scps,-0.9643059092931108,1.9721522630525295e-31,-0.04608426114173678,1133.4870378775956,0.0
Scps,-0.9643059092931108,1.9721522630525295e-31,-0.04608426114173678,1133.4870378775956,0.0
Scps,-0.9643059092931108,1.9721522630525295e-31,-0.04608426114173678,1133.4870378775956,0.0
Scps,-0.9643059092931108,1.9721522630525295e-31,-0.04608426114173678,1133.4870378775956,0.0
Scps,-0.9643059092931108,1.9721522630525295e-31,-0.04608426114173678,1133.4870378775956,0.0
Scps,-0.9643059092931108,1.9721522630525295e-31,-0.04608426114173678,1133.4870378775956,0.0
Scps,-0.9643059092931108,1.9721522630525295e-31,-0.04608426114173678,1133.4870378775956,0.0
Scps,-0.9643059092931108,1.9721522630525295e-31,-0.04608426114173678,1133.4870378775956,0.0
Scps,-0.9643059092931108,1.9721522630525295e-31,-0.04608426114173678,1133.4870378775956,0.0
Scps,-0.9643059092931108,1.9721522630525295e-31,-0.04608426114173678,1133.4870378775956,0.0
Scps,-0.9643059092931108,1.9721522630525295e-31,-0.04608426114173678,1133.4870378775956,0.0
Scps,-0.9643059092931108,1.9721522630525295e-31,-0.04608426114173678,1133.4870378775956,0.0
Scps,-0.9643059092931108,1.9721522630525295e-31,-0.04608426114173678,1133.4870378775956,0.0
Scps,-0.9643059092931108,1.9721522630525295e-31,-0.04608426114173678,1133.4870378775956,0.0
Scps,-0.9643059092931108,1.9721522630525295e-31,-0.04608426114173678,1133.4870378775956,0.0
Scps,-0.9643059092931108,1.9721522630525295e-31,-0.04608426114173678,1133.4870378775956,0.0
Scps,-0.9643059092931108,1.9721522630525295e-31,-0.04608426114173678,1133.4870378775956,0.0
Scps,-0.9643059092931108,1.9721522630525295e-31,-0.04608426114173678,1133.4870378775956,0.0
Scps,-0.9643059092931108,1.9721522630525295e-31,-0.04608426114173678,1133.4870378775956,0.0
Scps,-0.9643059092931108,1.9721522630525295e-31,-0.04608426114173678,1133.4870378775956,0.0
Scps,-0.9643059092931108,1.9721522630525295e-31,-0.04608426114173678,1133.4870378775956,0.0
Scps,-0.9643059092931108,1.9721522630525295e-31,-0.04608426114173678,1133.4870378775956,0.0
Scps,-0.9643059092931108,1.9721522630525295e-31,-0.04608426114173678,1133.4870378775956,0.0
Scps,-0.9643059092931108,1.9721522630525295e-31,-0.04608426114173678,1133.4870378775956,0.0
Scps,-0.9643059092931108,1.9721522630525295e-31,-0.04608426114173678,1133.4870378775956,0.0
Scps,-0.9643059092931108,1.9721522630525295e-31,-0.04608426114173678,1133.4870378775956,0.0
Scps,-0.9643059092931108,1.9721522630525295e-31,-0.04608426114173678,1133.4870378775956,0.0
Scps,-0.9643059092931108,1.9721522630525295e-31,-0.04608426114173678,1133.4870378775956,0.0
Scps,-0.9643059092931108,1.9721522630525295e-31,-0.04608426114173678,1133.4870378775956,0.0
Scps,-0.9643059092931108,1.9721522630525295e-31,-0.04608426114173678,1133.4870378775956,0.0
Scps,-0.9643059092931108,1.9721522630525295e-31,-0.04608426114173678,1133.4870378775956,0.0
Scps,-0.9643059092931108,1.9721522630525295e-31,-0.04608426114173678,1133.4870378775956,0.0
Scps,-0.9643059092931108,1.9721522630525295e-31,-0.04608426114173678,1133.4870378775956,0.0
Scps,-0.9643059092931108,1.9721522630525295e-31,-0.04608426114173678,1133.4870378775956,0.0
Scps,-0.9643059092931108,1.9721522630525295e-31,-0.04608426114173678,1133.4870378775956,0.0
Scps,-0.9643059092931108,1.9721522630525295e-31,-0.04608426114173678,1133.4870378775956,0.0
Scps,-0.9643059092931108,1.9721522630525295e-31,-0.04608426114173678,1133.4870378775956,0.0
Scps,-0.9643059092931108,1.9721522630525295e-31,-0.04608426114173678,1133.4870378775956,0.0
Scps,-0.9643059092931108,1.9721522630525295e-31,-0.04608426114173678,1133.4870378775956,0.0
Scps,-0.9643059092931108,1.9721522630525295e-31,-0.04608426114173678,1133.4870378775956,0.0
Scps,-0.9643059092931108,1.9721522630525295e-31,-0.04608426114173678,1133.4870378775956,0.0
Scps,-0.9643059092931108,1.9721522630525295e-31,-0.04608426114173678,1133.4870378775956,0.0
Scps,-0.9643059092931108,1.9721522630525295e-31,-0.04608426114173678,1133.4870378775956,0.0
Scps,-0.9643059092931108,1.9721522630525295e-31,-0.04608426114173678,1133.4870378775956,0.0
Scps,-0.9643059092931108,1.9721522630525295e-31,-0.04608426114173678,1133.4870378775956,0.0
Scps,-0.9643059092931108,1.9721522630525295e-31,-0.04608426114173678,1133.4870378775956,0.0
Scps,-0.9643059092931108,1.9721522630525295e-31,-0.04608426114173678,1133.4870378775956,0.0
Scps,-0.9643059092931108,1.9721522630525295e-31,-0.04608426114173678,1133.4870378775956,0.0
Scps,-0.9643059092931108,1.9721522630525295e-31,-0.04608426114173678,1133.4870378775956,0.0
Scps,-0.9643059092931108,1.9721522630525295e-31,-0.04608426114173678,1133.4870378775956,0.0
Scps,-0.9643059092931108,1.9721522630525295e-31,-0.04608426114173678,1133.4870378775956,0.0
Scps,-0.9643059092931108,1.9721522630525295e-31,-0.04608426114173678,1133.4870378775956,0.0
Scps,-0.9643059092931108,1.9721522630525295e-31,-0.04608426114173678,1133.4870378775956,0.0
Scps,-0.9643059092931108,1.9721522630525295e-31,-0.04608426114173678,1133.4870378775956,0.0
Scps,-0.9643059092931108,1.9721522630525295e-31,-0.04608426114173678,1133.4870378775956,0.0
Scps,-0.9643059092931108,1.9721522630525295e-31,-0.04608426114173678,1133.4870378775956,0.0
Scps,-0.9643059092931108,1.9721522630525295e-31,-0.04608426114173678,1133.4870378775956,0.0
Scps,-0.9643059092931108,1.9721522630525295e-31,-0.04608426114173678,1133.4870378775956,0.0
Scps,-0.9643059092931108,1.9721522630525295e-31,-0.04608426114173678,1133.4870378775956,0.0
Scps,-0.9643059092931108,1.9721522630525295e-31,-0.04608426114173678,1133.4870378775956,0.0
Scps,-0.9643059092931108,1.9721522630525295e-31,-0.04608426114173678,1133.4870378775956,0.0
Scps,-0.9643059092931108,1.9721522630525295e-31,-0.04608426114173678,1133.4870378775956,0.0
Scps,-0.9643059092931108,1.9721522630525295e-31,-0.04608426114173678,1133.4870378775956,0.0
Scps,-0.9643059092931108,1.9721522630525295e-31,-0.04608426114173678,1133.4870378775956,0.0
Scps,-0.9643059092931108,1.9721522630525295e-31,-0.04608426114173678,1133.4870378775956,0.0
Scps,-0.9643059092931108,1.9721522630525295e-31,-0.04608426114173678,1133.4870378775956,0.0
Scps,-0.9643059092931108,1.9721522630525295e-31,-0.04608426114173678,1133.4870378775956,0.0
Scps,-0.9643059092931108,1.9721522630525295e-31,-0.04608426114173678,1133.4870378775956,0.0
Scps,-0.9643059092931108,1.9721522630525295e-31,-0.04608426114173678,1133.4870378775956,0.0
Scps,-0.9643059092931108,1.9721522630525295e-31,-0.04608426114173678,1133.4870378775956,0.0
Scps,-0.9643059092931108,1.9721522630525295e-31,-0.04608426114173678,1133.4870378775956,0.0
Scps,-0.9643059092931108,1.9721522630525295e-31,-0.04608426114173678,1133.4870378775956,0.0
Scps,-0.9643059092931108,1.9721522630525295e-31,-0.04608426114173678,1133.4870378775956,0.0
Scps,-0.9643059092931108,1.9721522630525295e-31,-0.04608426114173678,1133.4870378775956,0.0
Scps,-0.9643059092931108,1.9721522630525295e-31,-0.04608426114173678,1133.4870378775956,0.0
Scps,-0.9643059092931108,1.9721522630525295e-31,-0.04608426114173678,1133.4870378775956,0.0
Scps,-0.9643059092931108,1.9721522630525295e-31,-0.04608426114173678,1133.4870378775956,0.0
Scps,-0.9643059092931108,1.9721522630525295e-31,-0.04608426114173678,1133.4870378775956,0.0
Scps,-0.9643059092931108,1.9721522630525295e-31,-0.04608426114173678,1133.4870378775956,0.0
Scps,-0.9643059092931108,1.9721522630525295e-31,-0.04608426114173678,1133.4870378775956,0.0
Scps,-0.9643059092931108,1.9721522630525295e-31,-0.04608426114173678,1133.4870378775956,0.0
Scps,-0.9643059092931108,1.9721522630525295e-31,-0.04608426114173678,1133.4870378775956,0.0
Scps,-0.9643059092931108,1.9721522630525295e-31,-0.04608426114173678,1133.4870378775956,0.0
Scps,-0.9643059092931108,1.9721522630525295e-31,-0.04608426114173678,1133.4870378775956,0.0
Scps,-0.9643059092931108,1.9721522630525295e-31,-0.04608426114173678,1133.4870378775956,0.0
Scps,-0.9643059092931108,1.9721522630525295e-31,-0.04608426114173678,1133.4870378775956,0.0
Scps,-0.9643059092931108,1.9721522630525295e-31,-0.04608426114173678,1133.4870378775956,0.0
Scps,-0.9643059092931108,1.9721522630525295e-31,-0.04608426114173678,1133.4870378775956,0.0
Scps,-0.9643059092931108,1.9721522630525295e-31,-0.04608426114173678,1133.4870378775956,0.0
Scps,-0.9643059092931108,1.9721522630525295e-31,-0.04608426114173678,1133.4870378775956,0.0
Scps,-0.9643059092931108,1.9721522630525295e-31,-0.04608426114173678,1133.4870378775956,0.0
Scps,-0.9643059092931108,1.9721522630525295e-31,-0.04608426114173678,1133.4870378775956,0.0
Scps,-0.9643059092931108,1.9721522630525295e-31,-0.04608426114173678,1133.4870378775956,0.0
Scps,-0.9643059092931108,1.9721522630525295e-31,-0.04608426114173678,1133.4870378775956,0.0
Scps,-0.9643059092931108,1.9721522630525295e-31,-0.04608426114173678,1133.4870378775956,0.0
Scps,-0.9643059092931108,1.9721522630525295e-31,-0.04608426114173678,1133.4870378775956,0.0
Scps,-0.9643059092931108,1.9721522630525295e-31,-0.04608426114173678,1133.4870378775956,0.0
Scps,-0.9643059092931108,1.9721522630525295e-31,-0.04608426114173678,1133.4870378775956,0.0
Scps,-0.9643059092931108,1.9721522630525295e-31,-0.04608426114173678,1133.4870378775956,0.0
Scps,-0.9643059092931108,1.9721522630525295e-31,-0.04608426114173678,1133.4870378775956,0.0
Scps,-0.9643059092931108,1.9721522630525295e-31,-0.04608426114173678,1133.4870378775956,0.0
Scps,-0.9643059092931108,1.9721522630525295e-31,-0.04608426114173678,1133.4870378775956,0.0
Scps,-0.9643059092931108,1.9721522630525295e-31,-0.04608426114173678,1133.4870378775956,0.0
Scps,-0.9643059092931108,1.9721522630525295e-31,-0.04608426114173678,1133.4870378775956,0.0
Scps,-0.9643059092931108,1.9721522630525295e-31,-0.04608426114173678,1133.4870378775956,0.0
Scps,-0.9643059092931108,1.9721522630525295e-31,-0.04608426114173678,1133.4870378775956,0.0
Scps,-0.9643059092931108,1.9721522630525295e-31,-0.04608426114173678,1133.4870378775956,0.0
Scps,-0.9643059092931108,1.9721522630525295e-31,-0.04608426114173678,1133.4870378775956,0.0
Scps,-0.9643059092931108,1.9721522630525295e-31,-0.04608426114173678,1133.4870378775956,0.0
Scps,-0.9643059092931108,1.9721522630525295e-31,-0.04608426114173678,1133.4870378775956,0.0
Scps,-0.9643059092931108,1.9721522630525295e-31,-0.04608426114173678,1133.4870378775956,0.0
Scps,-0.9643059092931108,1.9721522630525295e-31,-0.04608426114173678,1133.4870378775956,0.0
Scps,-0.9643059092931108,1.9721522630525295e-31,-0.04608426114173678,1133.4870378775956,0.0
Scps,-0.9643059092931108,1.9721522630525295e-31,-0.04608426114173678,1133.4870378775956,0.0
Scps,-0.9643059092931108,1.9721522630525295e-31,-0.04608426114173678,1133.4870378775956,0.0
Scps,-0.9643059092931108,1.9721522630525295e-31,-0.04608426114173678,1133.4870378775956,0.0
Scps,-0.9643059092931108,1.9721522630525295e-31,-0.04608426114173678,1133.4870378775956,0.0
Scps,-0.9643059092931108,1.9721522630525295e-31,-0.04608426114173678,1133.4870378775956,0.0
Scps,-0.9643059092931108,1.9721522630525295e-31,-0.04608426114173678,1133.4870378775956,0.0
Scps,-0.9643059092931108,1.9721522630525295e-31,-0.04608426114173678,1133.4870378775956,0.0
Scps,-0.9643059092931108,1.9721522630525295e-31,-0.04608426114173678,1133.4870378775956,0.0
Scps,-0.9643059092931108,1.9721522630525295e-31,-0.04608426114173678,1133.4870378775956,0.0
Scps,-0.9643059092931108,1.9721522630525295e-31,-0.04608426114173678,1133.4870378775956,0.0
Scps,-0.9643059092931108,1.9721522630525295e-31,-0.04608426114173678,1133.4870378775956,0.0
Scps,-0.9643059092931108,1.9721522630525295e-31,-0.04608426114173678,1133.4870378775956,0.0
Scps,-0.9643059092931108,1.9721522630525295e-31,-0.04608426114173678,1133.4870378775956,0.0
Scps,-0.9643059092931108,1.9721522630525295e-31,-0.04608426114173678,1133.4870378775956,0.0
Scps,-0.9643059092931108,1.9721522630525295e-31,-0.04608426114173678,1133.4870378775956,0.0
Scps,-0.9643059092931108,1.9721522630525295e-31,-0.04608426114173678,1133.4870378775956,0.0
Scps,-0.9643059092931108,1.9721522630525295e-31,-0.04608426114173678,1133.4870378775956,0.0
Scps,-0.9643059092931108,1.9721522630525295e-31,-0.04608426114173678,1133.4870378775956,0.0
Scps,-0.9643059092931108,1.9721522630525295e-31,-0.04608426114173678,1133.4870378775956,0.0
Scps,-0.9643059092931108,1.9721522630525295e-31,-0.04608426114173678,1133.4870378775956,0.0
Scps,-0.9643059092931108,1.9721522630525295e-31,-0.04608426114173678,1133.4870378775956,0.0
Scps,-0.9643059092931108,1.9721522630525295e-31,-0.04608426114173678,1133.4870378775956,0.0
Scps,-0.9643059092931108,1.9721522630525295e-31,-0.04608426114173678,1133.4870378775956,0.0
Scps,-0.9643059092931108,1.9721522630525295e-31,-0.04608426114173678,1133.4870378775956,0.0
Scps,-0.9643059092931108,1.9721522630525295e-31,-0.04608426114173678,1133.4870378775956,0.0
Scps,-0.9643059092931108,1.9721522630525295e-31,-0.04608426114173678,1133.4870378775956,0.0
Scps,-0.9643059092931108,1.9721522630525295e-31,-0.04608426114173678,1133.4870378775956,0.0
Scps,-0.9643059092931108,1.9721522630525295e-31,-0.04608426114173678,1133.4870378775956,0.0
Scps,-0.9643059092931108,1.9721522630525295e-31,-0.04608426114173678,1133.4870378775956,0.0
Scps,-0.9643059092931108,1.9721522630525295e-31,-0.04608426114173678,1133.4870378775956,0.0
Scps,-0.9643059092931108,1.9721522630525295e-31,-0.04608426114173678,1133.4870378775956,0.0
Scps,-0.9643059092931108,1.9721522630525295e-31,-0.04608426114173678,1133.4870378775956,0.0
Scps,-0.9643059092931108,1.9721522630525295e-31,-0.04608426114173678,1133.4870378775956,0.0
Scps,-0.9643059092931108,1.9721522630525295e-31,-0.04608426114173678,1133.4870378775956,0.0
Scps,-0.9643059092931108,1.9721522630525295e-31,-0.04608426114173678,1133.4870378775956,0.0
Scps,-0.9643059092931108,1.9721522630525295e-31,-0.04608426114173678,1133.4870378775956,0.0
Scps,-0.9643059092931108,1.9721522630525295e-31,-0.04608426114173678,1133.4870378775956,0.0
Scps,-0.9643059092931108,1.9721522630525295e-31,-0.04608426114173678,1133.4870378775956,0.0
Scps,-0.9643059092931108,1.9721522630525295e-31,-0.04608426114173678,1133.4870378775956,0.0
Scps,-0.9643059092931108,1.9721522630525295e-31,-0.04608426114173678,1133.4870378775956,0.0
Scps,-0.9643059092931108,1.9721522630525295e-31,-0.04608426114173678,1133.4870378775956,0.0
Scps,-0.9643059092931108,1.9721522630525295e-31,-0.04608426114173678,1133.4870378775956,0.0
Scps,-0.9643059092931108,1.9721522630525295e-31,-0.04608426114173678,1133.4870378775956,0.0
Scps,-0.9643059092931108,1.9721522630525295e-31,-0.04608426114173678,1133.4870378775956,0.0
Scps,-0.9643059092931108,1.9721522630525295e-31,-0.04608426114173678,1133.4870378775956,0.0
Scps,-0.9643059092931108,1.9721522630525295e-31,-0.04608426114173678,1133.4870378775956,0.0
Scps,-0.9643059092931108,1.9721522630525295e-31,-0.04608426114173678,1133.4870378775956,0.0
Scps,-0.9643059092931108,1.9721522630525295e-31,-0.04608426114173678,1133.4870378775956,0.0
Scps,-0.9643059092931108,1.9721522630525295e-31,-0.04608426114173678,1133.4870378775956,0.0
Scps,-0.9643059092931108,1.9721522630525295e-31,-0.04608426114173678,1133.4870378775956,0.0
Scps,-0.9643059092931108,1.9721522630525295e-31,-0.04608426114173678,1133.4870378775956,0.0
Scps,-0.9643059092931108,1.9721522630525295e-31,-0.04608426114173678,1133.4870378775956,0.0
Scps,-0.9643059092931108,1.9721522630525295e-31,-0.04608426114173678,1133.4870378775956,0.0
Scps,-0.9643059092931108,1.9721522630525295e-31,-0.04608426114173678,1133.4870378775956,0.0
Scps,-0.9643059092931108,1.9721522630525295e-31,-0.04608426114173678,1133.4870378775956,0.0
Scps,-0.9643059092931108,1.9721522630525295e-31,-0.04608426114173678,1133.4870378775956,0.0
Scps,-0.9643059092931108,1.9721522630525295e-31,-0.04608426114173678,1133.4870378775956,0.0
Scps,-0.9643059092931108,1.9721522630525295e-31,-0.04608426114173678,1133.4870378775956,0.0
Scps,-0.9643059092931108,1.9721522630525295e-31,-0.04608426114173678,1133.4870378775956,0.0
Scps,-0.9643059092931108,1.9721522630525295e-31,-0.04608426114173678,1133.4870378775956,0.0
Scps,-0.9643059092931108,1.9721522630525295e-31,-0.04608426114173678,1133.4870378775956,0.0
Scps,-0.9643059092931108,1.9721522630525295e-31,-0.04608426114173678,1133.4870378775956,0.0
Scps,-0.9643059092931108,1.9721522630525295e-31,-0.04608426114173678,1133.4870378775956,0.0
Scps,-0.9643059092931108,1.9721522630525295e-31,-0.04608426114173678,1133.4870378775956,0.0
Scps,-0.9643059092931108,1.9721522630525295e-31,-0.04608426114173678,1133.4870378775956,0.0
Scps,-0.9643059092931108,1.9721522630525295e-31,-0.04608426114173678,1133.4870378775956,0.0
Scps,-0.9643059092931108,1.9721522630525295e-31,-0.04608426114173678,1133.4870378775956,0.0
Scps,-0.9643059092931108,1.9721522630525295e-31,-0.04608426114173678,1133.4870378775956,0.0
Scps,-0.9643059092931108,1.9721522630525295e-31,-0.04608426114173678,1133.4870378775956,0.0
Scps,-0.9643059092931108,1.9721522630525295e-31,-0.04608426114173678,1133.4870378775956,0.0
Scps,-0.9643059092931108,1.9721522630525295e-31,-0.04608426114173678,1133.4870378775956,0.0
Scps,-0.9643059092931108,1.9721522630525295e-31,-0.04608426114173678,1133.4870378775956,0.0
Scps,-0.9643059092931108,1.9721522630525295e-31,-0.04608426114173678,1133.4870378775956,0.0
Scps,-0.9643059092931108,1.9721522630525295e-31,-0.04608426114173678,1133.4870378775956,0.0
Scps,-0.9643059092931108,1.9721522630525295e-31,-0.04608426114173678,1133.4870378775956,0.0
Scps,-0.9643059092931108,1.9721522630525295e-31,-0.04608426114173678,1133.4870378775956,0.0
Scps,-0.9643059092931108,1.9721522630525295e-31,-0.04608426114173678,1133.4870378775956,0.0
Scps,-0.9643059092931108,1.9721522630525295e-31,-0.04608426114173678,1133.4870378775956,0.0
Scps,-0.9643059092931108,1.9721522630525295e-31,-0.04608426114173678,1133.4870378775956,0.0
Scps,-0.9643059092931108,1.9721522630525295e-31,-0.04608426114173678,1133.4870378775956,0.0
Scps,-0.9643059092931108,1.9721522630525295e-31,-0.04608426114173678,1133.4870378775956,0.0
Scps,-0.9643059092931108,1.9721522630525295e-31,-0.04608426114173678,1133.4870378775956,0.0
Scps,-0.9643059092931108,1.9721522630525295e-31,-0.04608426114173678,1133.4870378775956,0.0
Scps,-0.9643059092931108,1.9721522630525295e-31,-0.04608426114173678,1133.4870378775956,0.0
Scps,-0.9643059092931108,1.9721522630525295e-31,-0.04608426114173678,1133.4870378775956,0.0
Scps,-0.9643059092931108,1.9721522630525295e-31,-0.04608426114173678,1133.4870378775956,0.0
Scps,-0.9643059092931108,1.9721522630525295e-31,-0.04608426114173678,1133.4870378775956,0.0
Scps,-0.9643059092931108,1.9721522630525295e-31,-0.04608426114173678,1133.4870378775956,0.0
Scps,-0.9643059092931108,1.9721522630525295e-31,-0.04608426114173678,1133.4870378775956,0.0
Scps,-0.9643059092931108,1.9721522630525295e-31,-0.04608426114173678,1133.4870378775956,0.0
Scps,-0.9643059092931108,1.9721522630525295e-31,-0.04608426114173678,1133.4870378775956,0.0
Scps,-0.9643059092931108,1.9721522630525295e-31,-0.04608426114173678,1133.4870378775956,0.0
Scps,-0.9643059092931108,1.9721522630525295e-31,-0.04608426114173678,1133.4870378775956,0.0
Scps,-0.9643059092931108,1.9721522630525295e-31,-0.04608426114173678,1133.4870378775956,0.0
Scps,-0.9643059092931108,1.9721522630525295e-31,-0.04608426114173678,1133.4870378775956,0.0
Scps,-0.9643059092931108,1.9721522630525295e-31,-0.04608426114173678,1133.4870378775956,0.0
Scps,-0.9643059092931108,1.9721522630525295e-31,-0.04608426114173678,1133.4870378775956,0.0
Scps,-0.9643059092931108,1.9721522630525295e-31,-0.04608426114173678,1133.4870378775956,0.0
Scps,-0.9643059092931108,1.9721522630525295e-31,-0.04608426114173678,1133.4870378775956,0.0
Scps,-0.9643059092931108,1.9721522630525295e-31,-0.04608426114173678,1133.4870378775956,0.0
Scps,-0.9643059092931108,1.9721522630525295e-31,-0.04608426114173678,1133.4870378775956,0.0
Scps,-0.9643059092931108,1.9721522630525295e-31,-0.04608426114173678,1133.4870378775956,0.0
Scps,-0.9643059092931108,1.9721522630525295e-31,-0.04608426114173678,1133.4870378775956,0.0
Scps,-0.9643059092931108,1.9721522630525295e-31,-0.04608426114173678,1133.4870378775956,0.0
Scps,-0.9643059092931108,1.9721522630525295e-31,-0.04608426114173678,1133.4870378775956,0.0
Scps,-0.9643059092931108,1.9721522630525295e-31,-0.04608426114173678,1133.4870378775956,0.0
Scps,-0.9643059092931108,1.9721522630525295e-31,-0.04608426114173678,1133.4870378775956,0.0
Scps,-0.9643059092931108,1.9721522630525295e-31,-0.04608426114173678,1133.4870378775956,0.0
Scps,-0.9643059092931108,1.9721522630525295e-31,-0.04608426114173678,1133.4870378775956,0.0
Scps,-0.9643059092931108,1.9721522630525295e-31,-0.04608426114173678,1133.4870378775956,0.0
Scps,-0.9643059092931108,1.9721522630525295e-31,-0.04608426114173678,1133.4870378775956,0.0
Scps,-0.9643059092931108,1.9721522630525295e-31,-0.04608426114173678,1133.4870378775956,0.0
Scps,-0.9643059092931108,1.9721522630525295e-31,-0.04608426114173678,1133.4870378775956,0.0
Scps,-0.9643059092931108,1.9721522630525295e-31,-0.04608426114173678,1133.4870378775956,0.0
Scps,-0.9643059092931108,1.9721522630525295e-31,-0.04608426114173678,1133.4870378775956,0.0
Scps,-0.9643059092931108,1.9721522630525295e-31,-0.04608426114173678,1133.4870378775956,0.0
Scps,-0.9643059092931108,1.9721522630525295e-31,-0.04608426114173678,1133.4870378775956,0.0
Scps,-0.9643059092931108,1.9721522630525295e-31,-0.04608426114173678,1133.4870378775956,0.0
Scps,-0.9643059092931108,1.9721522630525295e-31,-0.04608426114173678,1133.4870378775956,0.0
Scps,-0.9643059092931108,1.9721522630525295e-31,-0.04608426114173678,1133.4870378775956,0.0
Scps,-0.9643059092931108,1.9721522630525295e-31,-0.04608426114173678,1133.4870378775956,0.0
Scps,-0.9643059092931108,1.9721522630525295e-31,-0.04608426114173678,1133.4870378775956,0.0
Scps,-0.9643059092931108,1.9721522630525295e-31,-0.04608426114173678,1133.4870378775956,0.0
Scps,-0.9643059092931108,1.9721522630525295e-31,-0.04608426114173678,1133.4870378775956,0.0
Scps,-0.9643059092931108,1.9721522630525295e-31,-0.04608426114173678,1133.4870378775956,0.0
Scps,-0.9643059092931108,1.9721522630525295e-31,-0.04608426114173678,1133.4870378775956,0.0
Scps,-0.9643059092931108,1.9721522630525295e-31,-0.04608426114173678,1133.4870378775956,0.0
Scps,-0.9643059092931108,1.9721522630525295e-31,-0.04608426114173678,1133.4870378775956,0.0
Scps,-0.9643059092931108,1.9721522630525295e-31,-0.04608426114173678,1133.4870378775956,0.0
Scps,-0.9643059092931108,1.9721522630525295e-31,-0.04608426114173678,1133.4870378775956,0.0
Scps,-0.9643059092931108,1.9721522630525295e-31,-0.04608426114173678,1133.4870378775956,0.0
Scps,-0.9643059092931108,1.9721522630525295e-31,-0.04608426114173678,1133.4870378775956,0.0
Scps,-0.9643059092931108,1.9721522630525295e-31,-0.04608426114173678,1133.4870378775956,0.0
Scps,-0.9643059092931108,1.9721522630525295e-31,-0.04608426114173678,1133.4870378775956,0.0
Scps,-0.9643059092931108,1.9721522630525295e-31,-0.04608426114173678,1133.4870378775956,0.0
Scps,-0.9643059092931108,1.9721522630525295e-31,-0.04608426114173678,1133.4870378775956,0.0
Scps,-0.9643059092931108,1.9721522630525295e-31,-0.04608426114173678,1133.4870378775956,0.0
Scps,-0.9643059092931108,1.9721522630525295e-31,-0.04608426114173678,1133.4870378775956,0.0
Scps,-0.9643059092931108,1.9721522630525295e-31,-0.04608426114173678,1133.4870378775956,0.0
Scps,-0.9643059092931108,1.9721522630525295e-31,-0.04608426114173678,1133.4870378775956,0.0
Scps,-0.9643059092931108,1.9721522630525295e-31,-0.04608426114173678,1133.4870378775956,0.0
Scps,-0.9643059092931108,1.9721522630525295e-31,-0.04608426114173678,1133.4870378775956,0.0
Scps,-0.9643059092931108,1.9721522630525295e-31,-0.04608426114173678,1133.4870378775956,0.0
Scps,-0.9643059092931108,1.9721522630525295e-31,-0.04608426114173678,1133.4870378775956,0.0
Scps,-0.9643059092931108,1.9721522630525295e-31,-0.04608426114173678,1133.4870378775956,0.0
Scps,-0.9643059092931108,1.9721522630525295e-31,-0.04608426114173678,1133.4870378775956,0.0
Scps,-0.9643059092931108,1.9721522630525295e-31,-0.04608426114173678,1133.4870378775956,0.0
Scps,-0.9643059092931108,1.9721522630525295e-31,-0.04608426114173678,1133.4870378775956,0.0
Scps,-0.9643059092931108,1.9721522630525295e-31,-0.04608426114173678,1133.4870378775956,0.0
Scps,-0.9643059092931108,1.9721522630525295e-31,-0.04608426114173678,1133.4870378775956,0.0
Scps,-0.9643059092931108,1.9721522630525295e-31,-0.04608426114173678,1133.4870378775956,0.0
Scps,-0.9643059092931108,1.9721522630525295e-31,-0.04608426114173678,1133.4870378775956,0.0
Scps,-0.9643059092931108,1.9721522630525295e-31,-0.04608426114173678,1133.4870378775956,0.0
Scps,-0.9643059092931108,1.9721522630525295e-31,-0.04608426114173678,1133.4870378775956,0.0
Scps,-0.9643059092931108,1.9721522630525295e-31,-0.04608426114173678,1133.4870378775956,0.0
Scps,-0.9643059092931108,1.9721522630525295e-31,-0.04608426114173678,1133.4870378775956,0.0
Scps,-0.9643059092931108,1.9721522630525295e-31,-0.04608426114173678,1133.4870378775956,0.0
Scps,-0.9643059092931108,1.9721522630525295e-31,-0.04608426114173678,1133.4870378775956,0.0
Scps,-0.9643059092931108,1.9721522630525295e-31,-0.04608426114173678,1133.4870378775956,0.0
Scps,-0.9643059092931108,1.9721522630525295e-31,-0.04608426114173678,1133.4870378775956,0.0
Scps,-0.9643059092931108,1.9721522630525295e-31,-0.04608426114173678,1133.4870378775956,0.0
Scps,-0.9643059092931108,1.9721522630525295e-31,-0.04608426114173678,1133.4870378775956,0.0
Scps,-0.9643059092931108,1.9721522630525295e-31,-0.04608426114173678,1133.4870378775956,0.0
Scps,-0.9643059092931108,1.9721522630525295e-31,-0.04608426114173678,1133.4870378775956,0.0
Scps,-0.9643059092931108,1.9721522630525295e-31,-0.04608426114173678,1133.4870378775956,0.0
Scps,-0.9643059092931108,1.9721522630525295e-31,-0.04608426114173678,1133.4870378775956,0.0
Scps,-0.9643059092931108,1.9721522630525295e-31,-0.04608426114173678,1133.4870378775956,0.0
Scps,-0.9643059092931108,1.9721522630525295e-31,-0.04608426114173678,1133.4870378775956,0.0
Scps,-0.9643059092931108,1.9721522630525295e-31,-0.04608426114173678,1133.4870378775956,0.0
Scps,-0.9643059092931108,1.9721522630525295e-31,-0.04608426114173678,1133.4870378775956,0.0
Scps,-0.9643059092931108,1.9721522630525295e-31,-0.04608426114173678,1133.4870378775956,0.0
Scps,-0.9643059092931108,1.9721522630525295e-31,-0.04608426114173678,1133.4870378775956,0.0
Scps,-0.9643059092931108,1.9721522630525295e-31,-0.04608426114173678,1133.4870378775956,0.0
Scps,-0.9643059092931108,1.9721522630525295e-31,-0.04608426114173678,1133.4870378775956,0.0
Scps,-0.9643059092931108,1.9721522630525295e-31,-0.04608426114173678,1133.4870378775956,0.0
Scps,-0.9643059092931108,1.9721522630525295e-31,-0.04608426114173678,1133.4870378775956,0.0
Scps,-0.9643059092931108,1.9721522630525295e-31,-0.04608426114173678,1133.4870378775956,0.0
Scps,-0.9643059092931108,1.9721522630525295e-31,-0.04608426114173678,1133.4870378775956,0.0
Scps,-0.9643059092931108,1.9721522630525295e-31,-0.04608426114173678,1133.4870378775956,0.0
Scps,-0.9643059092931108,1.9721522630525295e-31,-0.04608426114173678,1133.4870378775956,0.0
Scps,-0.9643059092931108,1.9721522630525295e-31,-0.04608426114173678,1133.4870378775956,0.0
Scps,-0.9643059092931108,1.9721522630525295e-31,-0.04608426114173678,1133.4870378775956,0.0
Scps,-0.9643059092931108,1.9721522630525295e-31,-0.04608426114173678,1133.4870378775956,0.0
Scps,-0.9643059092931108,1.9721522630525295e-31,-0.04608426114173678,1133.4870378775956,0.0
Scps,-0.9643059092931108,1.9721522630525295e-31,-0.04608426114173678,1133.4870378775956,0.0
Scps,-0.9643059092931108,1.9721522630525295e-31,-0.04608426114173678,1133.4870378775956,0.0
Scps,-0.9643059092931108,1.9721522630525295e-31,-0.04608426114173678,1133.4870378775956,0.0
Scps,-0.9643059092931108,1.9721522630525295e-31,-0.04608426114173678,1133.4870378775956,0.0
Scps,-0.9643059092931108,1.9721522630525295e-31,-0.04608426114173678,1133.4870378775956,0.0
Scps,-0.9643059092931108,1.9721522630525295e-31,-0.04608426114173678,1133.4870378775956,0.0
Scps,-0.9643059092931108,1.9721522630525295e-31,-0.04608426114173678,1133.4870378775956,0.0
Scps,-0.9643059092931108,1.9721522630525295e-31,-0.04608426114173678,1133.4870378775956,0.0
Scps,-0.9643059092931108,1.9721522630525295e-31,-0.04608426114173678,1133.4870378775956,0.0
Scps,-0.9643059092931108,1.9721522630525295e-31,-0.04608426114173678,1133.4870378775956,0.0
Scps,-0.9643059092931108,1.9721522630525295e-31,-0.04608426114173678,1133.4870378775956,0.0
Scps,-0.9643059092931108,1.9721522630525295e-31,-0.04608426114173678,1133.4870378775956,0.0
Scps,-0.9643059092931108,1.9721522630525295e-31,-0.04608426114173678,1133.4870378775956,0.0
Scps,-0.9643059092931108,1.9721522630525295e-31,-0.04608426114173678,1133.4870378775956,0.0
Scps,-0.9643059092931108,1.9721522630525295e-31,-0.04608426114173678,1133.4870378775956,0.0
Scps,-0.9643059092931108,1.9721522630525295e-31,-0.04608426114173678,1133.4870378775956,0.0
Scps,-0.9643059092931108,1.9721522630525295e-31,-0.04608426114173678,1133.4870378775956,0.0
Scps,-0.9643059092931108,1.9721522630525295e-31,-0.04608426114173678,1133.4870378775956,0.0
Scps,-0.9643059092931108,1.9721522630525295e-31,-0.04608426114173678,1133.4870378775956,0.0
Scps,-0.9643059092931108,1.9721522630525295e-31,-0.04608426114173678,1133.4870378775956,0.0
Scps,-0.9643059092931108,1.9721522630525295e-31,-0.04608426114173678,1133.4870378775956,0.0
Scps,-0.9643059092931108,1.9721522630525295e-31,-0.04608426114173678,1133.4870378775956,0.0
Scps,-0.9643059092931108,1.9721522630525295e-31,-0.04608426114173678,1133.4870378775956,0.0
Scps,-0.9643059092931108,1.9721522630525295e-31,-0.04608426114173678,1133.4870378775956,0.0
Scps,-0.9643059092931108,1.9721522630525295e-31,-0.04608426114173678,1133.4870378775956,0.0
Scps,-0.9643059092931108,1.9721522630525295e-31,-0.04608426114173678,1133.4870378775956,0.0
Scps,-0.9643059092931108,1.9721522630525295e-31,-0.04608426114173678,1133.4870378775956,0.0
Scps,-0.9643059092931108,1.9721522630525295e-31,-0.04608426114173678,1133.4870378775956,0.0
Scps,-0.9643059092931108,1.9721522630525295e-31,-0.04608426114173678,1133.4870378775956,0.0
Scps,-0.9643059092931108,1.9721522630525295e-31,-0.04608426114173678,1133.4870378775956,0.0
Scps,-0.9643059092931108,1.9721522630525295e-31,-0.04608426114173678,1133.4870378775956,0.0
Scps,-0.9643059092931108,1.9721522630525295e-31,-0.04608426114173678,1133.4870378775956,0.0
Scps,-0.9643059092931108,1.9721522630525295e-31,-0.04608426114173678,1133.4870378775956,0.0
Scps,-0.9643059092931108,1.9721522630525295e-31,-0.04608426114173678,1133.4870378775956,0.0
Scps,-0.9643059092931108,1.9721522630525295e-31,-0.04608426114173678,1133.4870378775956,0.0
Scps,-0.9643059092931108,1.9721522630525295e-31,-0.04608426114173678,1133.4870378775956,0.0
Scps,-0.9643059092931108,1.9721522630525295e-31,-0.04608426114173678,1133.4870378775956,0.0
Scps,-0.9643059092931108,1.9721522630525295e-31,-0.04608426114173678,1133.4870378775956,0.0
Scps,-0.9643059092931108,1.9721522630525295e-31,-0.04608426114173678,1133.4870378775956,0.0
Scps,-0.9643059092931108,1.9721522630525295e-31,-0.04608426114173678,1133.4870378775956,0.0
Scps,-0.9643059092931108,1.9721522630525295e-31,-0.04608426114173678,1133.4870378775956,0.0
Scps,-0.9643059092931108,1.9721522630525295e-31,-0.04608426114173678,1133.4870378775956,0.0
Scps,-0.9643059092931108,1.9721522630525295e-31,-0.04608426114173678,1133.4870378775956,0.0
Scps,-0.9643059092931108,1.9721522630525295e-31,-0.04608426114173678,1133.4870378775956,0.0
Scps,-0.9643059092931108,1.9721522630525295e-31,-0.04608426114173678,1133.4870378775956,0.0
Scps,-0.9643059092931108,1.9721522630525295e-31,-0.04608426114173678,1133.4870378775956,0.0
Maxe,0.40705299139089746,0.6612231426472428,-0.025299549146894456,1.3768466215152435,82.93028091597148
Maxe,-0.16832910132214027,0.19782602613086836,-0.04508015714631401,0.3228223101497392,29.23396666427923
Maxe,-0.3150136700909308,0.3184230717087043,-0.30370815399156326,1.5590218423663338,75.48474048168642
Maxe,-0.37153811603865794,0.08183084297481755,-0.2301496791793673,0.3393738116880039,29.407008832620626
Maxe,0.1911058712394138,0.3651925024184419,-0.05761657635900586,0.5860862370057814,57.13540965031844
Maxe,-0.6516111984493691,0.3070099677101198,0.14799945852336155,0.6109593748079263,21.94485530238593
Maxe,-0.7772970108255965,0.05295370780664825,0.05083646245047065,0.5616294987615256,32.514381369199434
Maxe,-0.867054229484991,0.5628488967520172,0.27931802805136363,0.7403456837259148,33.427969564978326
Maxe,-0.2876452609090468,0.028499648152517654,-0.2010692702771939,0.41253459400393083,43.2933018932985
Maxe,-0.24812328272648948,0.24354878703748736,0.08754809854846923,0.31360401723921355,31.364298710895362
Maxe,-0.12462951160402885,0.24486243718104844,-0.003468994771130989,0.43562845948298085,24.656431300117426
Maxe,-0.7537877092679357,0.7931874044369456,0.06933725905837079,0.6296156333620054,14.028828533317931
Maxe,0.15756331196401602,0.030602484932657676,-0.27310701748613797,0.37918514694287137,34.872551659149146
Maxe,-0.8079604789375383,0.6002045363688878,0.0987342002536737,0.514230718528398,23.394859336819763
Maxe,-0.5643199274624893,0.3215733620128902,-0.03608927369220158,0.33452443557332656,59.15543149858177
Maxe,-0.22413520608695423,0.2214217404819291,-0.17531782843568894,0.5506858819654977,22.40319773269381
Maxe,-0.36008490720983294,0.5236969105028624,0.1720610656511042,0.6098084770492336,33.728845080223714
Maxe,-0.4115286983741173,0.5223924415020876,0.2195480950897836,0.637211294521145,22.59795798004068
Maxe,-0.4848792739208315,0.15596683445584833,-0.13746055585112307,0.3510846531760138,44.24594771995663
Maxe,-0.5385834770839654,0.1552057236841315,-0.16247779607386673,0.4155696094078854,54.25406776388091
Maxe,-0.33262247444653,0.11479396488296692,-0.18936223523187262,0.4303509924516499,24.75930010411725
Maxe,-0.21115999981277478,0.031986696112135074,-0.2761515115161249,0.4092982930395646,33.25234665432694
Maxe,-0.7021351296648526,0.7169790898380478,-0.08130129991202675,0.506085411671141,70.7978440005136
Maxe,-0.23592113034362738,0.13886073619712935,-0.16407244326454512,0.568228209479864,67.68635554983499
Maxe,-0.7755245229039646,0.4639668969585637,0.23289792775830814,0.6275770296902138,14.082410563143226
Maxe,-0.22712546494181715,0.285157221922947,-0.07373236164901009,0.8162997615032156,22.878460540480265
Maxe,0.3542044862918609,0.11349957546803136,-0.1977995804139914,0.5634941591901277,73.07178594443283
Maxe,0.241285783184288,0.1831864605029105,0.05770759107133673,0.8231621303260493,80.58356501325164
Maxe,-0.12601088272684402,0.28998978962618455,0.12122505665541947,0.5872034271384557,28.98012383126236
Maxe,-0.1317321005432889,0.2251895274632957,0.24178468960399774,0.48288275291210503,30.613655287517275
Maxe,0.2656454715475893,0.27741945735027757,-0.155272351477656,0.30493904217385864,38.37912410184828
Maxe,-0.40541655766542534,0.3181774761416285,0.12176889925806562,0.5618046222376447,16.404840310005067
Maxe,-0.11761282330749359,0.23981737165049588,-0.07957204966916957,0.49104660999118827,22.424909209161502
Maxe,-0.2521836972609304,0.1459120770845704,0.03188209582625472,0.5486112220538097,37.39583699738125
Maxe,-0.4945077656877134,0.1279329354313672,-0.09350715008335295,0.5775828655983788,25.414719571474116
Maxe,-0.20284425623224722,0.21727401440244587,-0.25114502646433184,0.35437112838143164,32.37880127807461
Maxe,-0.744892587038078,0.39696419305400077,0.04377037936549716,0.4944885326013643,27.04296901924718
Maxe,-0.5017109539402862,0.22515532393034862,-0.1940993572025018,0.27539262937122144,45.27091083437133
Maxe,-0.5535924712080297,0.18449645949865356,-0.02720162323956892,0.5249342674739517,21.352835501514654
Maxe,-0.36056010087975,0.4243274362182873,0.18426098057055293,0.6060997187588589,36.88156497614035
Maxe,-0.6580785288206834,0.26149899748455163,0.06711241027867482,0.5578284807249738,43.63432911664905
Maxe,0.2420779536478817,0.3326492284063626,-0.21803606804008224,0.43230927984908385,51.98757890179328
Maxe,-0.4098664263897729,0.3539117888824108,-0.06376054975536118,1.5557356443342338,59.054356916514735
Maxe,0.24658931217490654,0.22943355514670644,-0.05360648581834957,0.3131077556167205,27.938428002493136
Maxe,-0.6352502684239447,0.2453556344659204,0.05122882989472885,0.5658847094893352,15.495365349058442
Maxe,-0.4985521274026129,0.07940272331620142,0.15490962011384846,0.5327259251901396,36.76288252013483
Maxe,-0.374032861438767,0.15800936488092177,-0.11002986793901168,0.41504259079151024,36.520022922003
Maxe,-0.44682212593807774,0.04148529594274534,-0.20753520338631656,0.346326950911113,43.43302627543866
Maxe,0.18792239510466302,0.02851915634705469,-0.048901136275085154,0.2405987671549625,46.58304472721528
Maxe,-0.2508692614030541,0.09138597083289057,-0.15673312202348477,0.49007424775709874,32.73502981556308
Maxe,0.4154423744832684,0.17035191744784317,-0.19256632649103697,1.1907743414401408,85.90949767020713
Maxe,0.2406926562749547,0.22956337144707656,0.08397523704058722,0.3139362385186142,52.78483416876271
Maxe,0.2887732464667411,0.30836810117900526,-0.0689076359030209,0.5233850308537789,49.20304572738318
Maxe,-0.16847156176673936,0.6955646774779127,0.21578844493296304,0.5533746440991429,43.1076415975939
Maxe,-0.07380472415937536,0.034531542403314755,-0.11381939966469337,0.409285243711535,32.90725121605335
Maxe,-0.23815165988823508,0.45330544827443087,-0.01630538730121048,7.004016390224426,282.1405021625148
Maxe,-0.27855237653113435,0.20121502248481016,-0.21561884738926007,0.2520419134828924,56.63157164869621
Maxe,-0.3204106169030823,0.05089640515273301,0.14432871620465068,0.229435495531086,43.08694706678751
Maxe,-0.17565072926532047,0.18862989669656088,0.05541370787149107,0.5126604164881117,30.36879498165818
Maxe,-0.7361562596386245,0.20062574247330978,-0.07621389419071636,0.5268346021612853,21.399910715869414
Maxe,-0.7515851656069628,0.12977611252719362,-0.014745932157062174,0.5563432836202786,23.009249574537733
Maxe,-0.6013527209494394,0.03978129872150392,-0.21688468577972433,0.4782083923972675,30.72746213591897
Maxe,-0.14026788593061662,0.13845808570525098,-0.11248624228680909,0.463691465520409,50.33123267917084
Maxe,-0.7165689526081312,0.23666205102180138,0.11351959712631614,0.6503309190946612,26.947577040026573
Maxe,0.038863657457925097,0.3500652091852183,-0.21393510926613374,0.7695651768735334,75.99564159987224
Maxe,-0.5545945189400885,0.4071540521293744,-0.03559454270558771,0.6221199092035,78.15605897595668
Maxe,-0.4041908780689998,0.6702306206923211,0.18303232617937595,0.549418806543586,26.321486547441705
Maxe,-0.23748039776428564,0.25412072774445166,-0.1307856065976995,0.6562651810437908,17.97401324895091
Maxe,-0.2081208903433643,0.3437459555267973,0.021069481081991755,0.5375416023303099,36.493044994513916
Maxe,-0.13412520995343885,0.19741942293429565,-0.1310273931664925,0.45831323748297376,39.98393557799046
Maxe,-0.13979964652297167,0.05934364225179044,0.002739064861536289,0.3785825700779141,32.69363650704146
Maxe,-0.20656437890902107,0.3320739863585768,-0.10106178464845395,0.565688309648282,46.324887671699884
Maxe,-0.28397436583487534,0.13585365024021817,-0.09709485665206305,0.48376876452927803,36.02853956086264
Maxe,-0.7873977896080576,0.3039150039520516,0.19476350420765182,0.6919638660661674,33.45832467396268
Maxe,-0.26030684049623876,0.45213419768129165,0.1882317518310251,0.5621527293268036,39.67939571910733
Maxe,-0.1872472146359797,0.24981434189295282,-0.13340810172491782,0.5309524479565906,43.8934582075982
Maxe,-0.439788866167957,0.14499236160576595,-0.05904020838713715,0.42450992208711313,26.445948558461446
Maxe,-0.468117542994613,0.23608350393279723,-0.17396963429383747,0.40575471026868315,55.81799422513899
Maxe,-0.6371388782925036,0.6322275387733695,0.1971132520998865,0.6880888278955806,40.999904378907004
Maxe,-0.47249136688929105,0.08736089673455982,0.002237136527953766,0.48324522083739807,39.50828179197801
Maxe,-0.8504687883784933,0.8374240352380667,0.14956169951835543,0.6229584643323908,19.02071400911288
Maxe,-0.7647278134046701,0.6889430347521686,0.28801612432115326,0.6895284506571568,11.819310371920963
Maxe,-0.4438596372391874,0.17079684403144818,0.06746675489183397,0.5509827485309203,37.310191988123336
Maxe,-0.5929756080281344,0.11558286509102442,-0.03534161504113136,0.4324881361156354,30.33891349420179
Maxe,-0.6512249269368788,0.43589409275526547,0.207909165916372,0.6392909559029822,30.138162273115448
Maxe,-0.3670393823703482,0.19863933229220104,-0.2662567317320771,0.25569150702406707,38.78069919036285
Maxe,-0.3207040501009319,0.42929944648934526,-0.15897603316424333,0.5843184065175672,67.74338393292766
Maxe,0.16027179985368722,0.23533486796435085,-0.1643925205037405,0.38592901837564864,51.11531652628402
Maxe,0.16629716500434646,0.20634439652006323,0.10930648270169122,0.5013465081795072,27.00125787997539
Maxe,-0.3132171041025766,0.11831820055446077,-0.26124901069997575,0.26047192051726153,38.63094526815724
Maxe,0.13680548744663204,0.07558721023330432,-0.19435974560089458,0.3596815470527742,32.01829795946613
Maxe,-0.5544706438506348,0.6274619599370405,-0.04788692660343454,0.806384073922952,84.17721365042419
Maxe,-0.5370282235128337,0.7701145825153619,-0.005106386349413296,1.4135605808385217,118.96030831265227
Maxe,-0.3925939002310043,0.2267774704822893,-0.20346270261661417,8.632319729565046,287.4578451324913
Maxe,-0.26716292942035874,0.17728526596281996,-0.3843334654387337,0.4052840372229628,46.65507966539144
Maxe,-0.6167493365253086,0.10625068382751586,-0.00824794298646025,0.4810773338989204,34.79695156913333
Maxe,-0.26844136184709355,0.0645587387099706,-0.11496278018298617,0.47445925434615904,30.233008179393302
Maxe,-0.4584473853319945,0.5881277438830196,-0.09238995601441347,0.4169280480806707,36.04233390924112
Maxe,0.10685302163695343,0.10624356254396719,-0.26535424583615835,0.2751898624658517,47.384797350198774
Maxe,-0.22216903442679317,0.13762310824171237,-0.12801031511366545,0.2995958458576581,56.672022288096706
Maxe,0.20930026741313046,0.2936610404314567,-0.0841815604535046,0.6442738001025107,67.58237304608856
Maxe,-0.5611886155020015,0.3493617731079669,-0.10583291249009213,0.41005846742008845,66.79268551713861
Maxe,-0.48869370952494395,0.17728084739171068,-0.05929830513609801,0.23866872364480707,51.660200371031976
Maxe,-0.7250281929621999,0.8255325969454257,0.38020576561134656,0.718067909167291,9.124303249041091
Maxe,-0.49187940133731733,0.16063625499627712,-0.11620367792168312,0.343576316064479,45.154972845422996
Maxe,-0.23360851105151237,0.18612334425281923,0.02815035126704418,0.5560887590011304,30.404180719321204
Maxe,-0.27010465424917973,0.19635446392663478,0.04788169809014634,0.36503706397605795,35.336411201064124
Maxe,0.17308620399885777,0.30437776199211225,0.14839870792969456,0.4620202883076027,48.03053960569529
Maxe,-0.31184879741817645,0.31582928616668154,0.012555349967316297,0.6005817323026709,28.699820532577597
Maxe,-0.0548441633555717,0.03925580366715063,-0.09520749396231973,0.3841327303853089,31.766212415782228
Maxe,0.10078607320725423,0.08570268165370996,-0.06671187108844916,0.3227585495207645,37.911918909095554
Maxe,-0.1613244300676948,0.223639845643603,0.004539457861060653,0.45206757824011395,24.72086152949576
Maxe,-0.09188647837309172,0.35983411831747586,-0.21967534449369291,0.6063120142105399,66.66017800078792
Maxe,0.21787996671691626,0.17534451163058878,-0.05607467849157413,0.8310235235530873,38.50792541813127
Maxe,-0.6118735272333465,0.036431908141463576,0.04266957038684256,0.391293759108005,44.70491017537872
Maxe,-0.43787928744988264,0.19684386063138862,0.06513899345550828,0.5506779105373402,23.98442891867303
Maxe,-0.1793877282813498,0.11696145626477701,-0.0902845997567237,0.45279472501613344,32.910753989565585
Maxe,-0.8037039572472343,0.0880760811399282,-0.0005580043674169201,0.46071337235810306,33.045453500050726
Maxe,-0.1288439707548458,0.5123282693900693,-0.17497906759870974,1.4993906301904891,118.11579297863267
Maxe,-0.744878254066461,0.22366775649485127,0.044843814832285986,0.5333268705157285,27.278929206777114
Maxe,-0.6889173813124463,0.144847807191318,-0.05620291912046705,0.48218076807101257,43.16509298748667
Maxe,-0.6738082575738116,0.22872512492803834,-0.01559860671602645,0.6313125118319747,35.23696662315915
Maxe,-0.5482879512419199,0.16258947494007892,0.0419073341578643,0.45121355668508945,35.624403869086734
Maxe,-0.38003084918613517,0.10671684257060651,-0.22142770633999254,0.48126459551374545,33.18664721572699
Maxe,-0.49172259151173936,0.1740550704095706,-0.010500550198153328,0.4058467920068174,34.2048018706826
Maxe,0.12077477161449461,0.29094121388319094,-0.07336751740830644,0.49268469921326646,47.30554868235
Maxe,-0.14676460881428213,0.15733467866269552,-0.04263149824485427,0.2432099015973945,50.125433742688394
Maxe,-0.5607752766266656,0.4250467286151564,0.05606315999352092,1.146662143232871,71.44340674303425
Maxe,-0.5428306392449386,0.49102678239809505,-0.06808743108064481,0.46889936318310593,54.04490808872881
Maxe,-0.1159476218160288,0.3839037689199335,-0.019536483359006446,0.41019108446223884,64.11730285429124
Maxe,-0.5838403630154096,0.24954472151777515,0.23765244213884887,1.2391810217460513,103.21917300841884
Maxe,-0.718363725437788,0.14338619256104512,0.01628763771809736,0.5586431495360489,40.8805574560965
Maxe,-0.20001037291207008,0.19399857897545641,-0.12473005721976498,0.2414730383436557,50.36237365484139
Maxe,-0.5384232146158092,0.3991692384770592,-0.004673460472516275,0.5691177336564482,16.936193062805213
Maxe,0.11960727646851577,0.20213072680567276,-0.04200397822423343,0.5181431962479649,34.61228458379454
Maxe,-0.5482680249535967,0.22785203047070732,-0.05247558582036019,0.42193911447532473,55.36573660280204
Maxe,-0.20121803255313023,0.06055330859734307,-0.261895237570697,0.4158782404054501,34.87687613237095
Maxe,-0.3407615048871456,0.019333934146641373,-0.1311824060207032,0.4073804772095504,40.06158955611686
Maxe,-0.6673635801887647,0.1676912450646082,0.3041641749953982,0.386688410203103,37.38871495516615
Maxe,0.20889445699122058,0.15485639701838633,-0.11932566649280035,0.36853464173342954,34.58299957191594
Maxe,0.154465967412936,0.021515828445754365,0.042103033080835746,0.31398838554823744,40.815692783232755
Maxe,-0.05748717519668488,0.051072535908467054,-0.21866591210195255,0.3058690568285466,43.12188802588908
Maxe,-0.28422003194236356,0.28229502698172626,-0.12357322224306136,1.3182992618434701,100.88990239823552
Maxe,0.2724328243537231,0.21469830021259484,0.02070039438961485,1.2078863406331515,84.24525524806297
Maxe,-0.1366690997028713,0.337475923322264,-0.018044379452823982,0.45304094009457435,59.35990314433013
Maxe,-0.527448556740377,0.5489991865719953,-0.041360534245530683,0.49629821885384073,20.533193299306994
Maxe,-0.22020812178594779,0.14606307096079515,-0.18519542028896976,0.47890794299733935,44.154272506895126
Maxe,-0.7046232319887302,0.3029707339552559,0.026954901625931414,0.607351812720773,45.947135672872726
Maxe,-0.36089520884680326,0.2998719775991493,-0.14617238696670826,0.5593930535215863,72.80805904287762
Maxe,0.43660232701262036,0.1420996494962639,-0.23081728981740504,0.3336126445682068,44.991585382356575
Maxe,-0.732484498424663,0.266227931287217,0.14095917987745776,0.6392675012908626,23.529427737646607
Maxe,-0.6206300655815401,0.2980918275318764,-5.5295110630648026e-05,0.3985433969885102,29.96318589605288
Maxe,-0.11455816147370135,0.17168998115790304,0.06480845700260456,0.2933955145680201,37.9984803241703
Maxe,-0.28830894239036653,0.17923776541720277,-0.17010916177792215,1.287103418734442,91.72849565456718
Maxe,0.2957802610160335,0.5201596635419338,0.029890923238877265,0.43265483860364945,23.45783755265211
Maxe,-0.29633091870757977,0.08503119238770132,-0.0842236433380039,0.3484561962715765,35.680031138182386
Maxe,-0.5299975275613561,0.5628517904556377,0.16099328998714252,0.5742527142985554,56.116127520596166
Maxe,-0.25266198086020913,0.22559259944120508,-0.06827843055183143,0.47038083246834356,46.39006513521711
Maxe,-0.20429421776456544,0.024168554084196325,-0.1156122831984047,0.35389611683940586,44.68938899361591
Maxe,0.19268184467791388,0.1792920840374303,-0.24381900665716788,0.3559509586525481,36.891052580018574
Maxe,-0.21901406932421633,0.08641732705841695,0.02481932855344746,1.0931954545951665,81.47093470712632
Maxe,-0.3365634342411724,0.23388042480967966,0.141184641573863,0.48409494824567606,41.70027313015736
Maxe,-0.5412817238259302,0.5311704669224746,0.06010274058721704,0.5983959167722905,16.124478205968767
Maxe,-0.5987142828627544,0.49026355488174805,0.16861943512688352,0.6839763872691814,35.96787396013308
Maxe,-0.4892113353043178,0.31205981506268216,-0.03145633938255779,0.47169935882897235,54.77838116087777
Maxe,-0.5537619413281364,0.5873795272226323,0.0055074780627921436,0.5640761403207866,50.87626171011527
Maxe,-0.4382136179981865,0.019189939213339204,-0.14437365097809676,0.5010255860883724,36.21461104581122
Maxe,-0.13274319004793245,0.5021415732341759,-0.09310531675418121,1.5424771092948897,125.89678281972697
Maxe,-0.20176798103765675,0.22055686004522207,-0.2689285427587557,0.4968866279208048,22.413497761073696
Maxe,-0.865325294482568,0.09920013619343232,0.0032404269616740063,0.5755139221672979,32.143293150871315
Maxe,-0.18043716379929786,1.0954660138950891,0.05932834530004938,6.382993609170614,285.0205874161317
Maxe,0.2869942469439999,0.2934845883289789,-0.11436089220583379,0.4240751715064974,54.37700263048792
Maxe,-0.730004163521562,0.2457809341938538,-0.023585371025650042,0.5749200021487738,23.301911730344564
Maxe,0.2999274369708619,0.0655237552965706,-0.1728051502314577,0.27500187752003735,35.31245328025998
Maxe,-0.3641736143827328,0.15880397752698233,0.017672124066625355,0.5268995760351564,40.76520272818568
Maxe,-0.12427121675430962,0.2031259716801836,0.06603559694578685,0.49949761884092464,23.158199014704174
Maxe,-0.45643160940763006,0.35253622278737007,0.1158356148135242,0.46911890024088804,52.17754954253983
Maxe,-0.5185166047495525,0.8293307328412649,0.0573341985776768,1.5156703119656951,112.60731874751208
Maxe,-0.44426464678555905,0.282748865646154,-0.21567662662262949,0.4579008069216649,27.819508235745857
Maxe,-0.7905227085537657,0.2943276737079358,-0.0226944564509689,0.3767922593736478,40.213679978134316
Maxe,-0.32750098442603437,0.3849704758615758,-0.16651963052660096,0.5081530711272112,24.32485975715624
Maxe,0.1010871845406949,0.37479798614768944,0.04648058865201421,0.5383422515012343,42.405837518266935
Maxe,-0.21477055280581603,0.016376385720537723,-0.23730836622693222,0.3683117587740089,32.75600651567309
Maxe,-0.3560661980359906,0.3321009142716129,0.12820361617960457,0.6472007089369524,19.5381664917309
Maxe,-0.48590949663777905,0.5552451413435551,0.13864460834070672,1.2951131924583748,109.95033867572658
Maxe,-0.10942678895535704,0.14452070735266193,0.07322505307275189,0.37629439750827837,34.91620763343203
Maxe,-0.6888931562058062,0.16087525563843763,-0.030381855610179358,0.42274002192524324,42.61377125797659
Maxe,-0.889476687126485,0.7630730438196245,0.38751705979904344,0.6853004924461082,35.95963474324167
Maxe,-0.4583755264071663,0.4633302362771271,0.043347401876317186,1.8077526951221807,44.00597422811288
Maxe,-0.7380131622941262,0.2870940874291665,0.1470970180373466,0.5916762094380422,20.914532167328556
Maxe,-0.34336364414179954,0.17984313460436152,-0.36465108956881614,0.33882971502696657,39.73908112735363
Maxe,-0.2427259292626403,0.6144215779417828,0.08828472321914034,0.4598013313479418,55.60092438280083
Maxe,-0.2352198734888685,0.03887037354536843,-0.054747731922702755,0.45638868398153126,29.706446802214835
Maxe,-0.15407753883335268,0.5411661713658736,0.06127798622296612,0.4102993762606533,35.65881031389524
Maxe,-0.26258160875421366,0.0419099967923464,-0.11598287516423729,0.4880366820735521,34.15618933301454
Maxe,-0.6739259436371778,0.5615858522493511,0.04363157027501242,0.5501136747959418,21.130743163205455
Maxe,-0.6606954069747624,0.05929827245433576,-0.12012747051996749,0.44681481345036905,35.87381443711731
Maxe,-0.3019540542657592,0.024820372126167205,-0.09228643252867814,0.4772018483054836,30.47337476305633
Maxe,-0.2863846884348169,0.29028682339552375,-0.02388451403079772,0.6074960112617633,30.45221525680155
Maxe,-0.2540265971516878,0.2612751846705602,-0.00017100400044335666,0.3297404198866764,58.823330042089076
Maxe,-0.2697632143439417,0.32075457414122555,-0.08454101395947529,0.35454974643178755,31.348447034313796
Maxe,-0.2701459669450153,0.21305823713512165,-0.018207451350984127,0.39133720783637255,39.897335062357094
Maxe,-0.6416130334064081,0.06617389915870585,-0.02578736557696972,0.3386743522775545,42.0070887458978
Maxe,-0.554700482652712,0.4691520023752359,-0.013740567197120756,0.5361217161439499,14.743762340008882
Maxe,-0.7841902441527172,0.1573423014177786,0.12707470916587466,0.6295402910458769,34.34132211116621
Maxe,-0.3696503032695818,0.23720465671280713,0.008439001719100949,0.42151591857771636,49.768313273034195
Maxe,-0.48885853228628184,0.28824177232537296,-0.09893142602097417,0.4682717331915228,24.893367621189455
Maxe,-0.46882358333190494,0.028514054133985296,0.056710207009674815,0.49981248868556616,31.578745928649884
Maxe,-0.08883757241832049,0.3029797806216463,-0.16221653231098618,0.6812784228900916,38.99193154259865
Maxe,-0.5139906441965632,0.2749027372671349,-0.054371516134905,0.5546000571655489,17.451457745543767
Maxe,-0.22349884688479504,0.12702940639149699,-0.09448921557400657,0.3209551627822248,37.387455325715706
Maxe,-0.12819313789890724,0.18912872913164422,0.004482362930788387,0.4673833259741631,22.69000170694462
Maxe,-0.14372922110274455,0.6851749375103541,0.004117791583285038,0.8367708151257806,82.67494863912428
Maxe,-0.518597920985243,0.2633866938064028,-0.13320207928072453,0.39732367705193644,32.79765348459648
Maxe,0.3681509085300553,0.07019432828135133,-0.04896025732651858,0.3984185900203343,52.249586507313445
Maxe,-0.8018951752585071,0.5252445140672204,0.15320137320278207,0.5320627418653695,24.546109146134572
Maxe,-0.25292321584734917,0.22144453697622213,-0.08839904835220189,0.8175308589966511,26.774316547327086
Maxe,0.20054597021085727,0.15067691877856632,-0.1706094662190027,1.3953833348924245,97.80616852442097
Maxe,-0.23057598088944026,0.19104056164036262,-0.22699407801338353,0.3594939939730167,55.05162239594819
Maxe,-0.20075872288487004,0.5558673596628934,0.0534498673395187,0.5097838320450028,34.981430800714875
Maxe,-0.2638665818417344,0.09863693814737909,-0.23858313447556034,0.36831713901816454,27.568224317573403
Maxe,-0.1743258877665941,0.22055254520997564,0.11494567773417412,1.398791179728028,101.20710650118146
Maxe,-0.26096864847884493,0.4082442911431749,0.023747855320029564,0.360527555710096,48.25164376229984
Maxe,-0.49211847947236687,0.3395804049887622,-0.0870488888511,0.5234384583213662,47.52290823166957
Maxe,0.2425619094282089,0.23943013552953402,9.046690807902874e-05,0.4737833485639542,47.95378969484594
Maxe,-0.17548169291569896,0.09100841012099983,-0.09851455409849291,0.4892961295963417,34.56897820493589
Maxe,-0.15365693927715712,0.09032404434196459,-0.07633684707840344,0.29386650517418333,41.687720160292635
Maxe,0.11895486923255373,0.19181004475730035,0.10259203704051918,0.426456747989421,28.666378852134812
Maxe,-0.23242299660843052,0.12695171766435118,0.010090366100613904,1.0671645764372029,76.95069673748438
Maxe,-0.6548476135325614,0.3905446913825742,-0.020085490776337502,0.3924973356138613,33.4976291571445
Maxe,-0.7253397796396996,0.9984782600129979,0.17250226429712645,0.7421419901568211,7.625336025765149
Maxe,-0.5787307069985764,0.22833213450575413,-0.13590240049020483,0.5730740289735028,43.14728621419555
Maxe,-0.6299817154994103,0.4074490526212842,0.014953509474405593,0.5930673558997308,41.367641103469055
Maxe,-0.4901237977109975,0.43825073822073113,0.19590810134930936,0.5218706798843941,16.682599373398283
Maxe,-0.65563640614685,0.2188109652307712,-0.10662849862293966,0.3824661467075215,33.608167413217515
Maxe,-0.7880374409740577,0.21098930477077707,0.025483180853114018,0.49859128133184794,31.12483106549517
Maxe,-0.5927152713564172,0.30765972314642853,0.0701332421670482,0.6218899699052263,26.144709505370688
Maxe,-0.5204912616241348,0.42673753237172163,0.08801441959832693,0.9164738133120178,18.6741106774208
Maxe,-0.5720378148520755,0.05461160612049707,-0.01077770862404355,0.446684606557517,31.89042288818491
Maxe,-0.13506378239442712,0.0635355482500257,-0.04411609007193457,0.3423679463127395,33.70187935767639
Maxe,-0.45428488402662165,0.11793676669902912,-0.33765068588360175,0.3452759701548772,47.2053528862467
Maxe,-0.24215515937510518,0.7410693493295281,0.024459359758208322,0.6267611960987493,48.700766196534204
Maxe,-0.5502064377847411,0.35758456379909903,-0.06619965495963658,0.6197437263981617,72.94775404074306
Maxe,0.17031454070050672,0.24838195613738284,-0.08322761930423028,0.3969490102091322,22.80593661937785
Maxe,-0.44972566947693515,0.13434160081952654,0.07311663127277014,0.49629479871008647,65.38197351548291
Maxe,0.12017571948387318,0.3932287793251339,0.06451433384676654,0.45941956528146627,32.948368482176285
Maxe,-0.5226792388899407,0.1071019043192781,-0.08110777103786079,0.5023523126478561,38.629661781285904
Maxe,-0.26148562822902266,0.13959209909995146,-0.10026450416258455,1.0282355783254151,82.44168926930915
Maxe,-0.36811488989623764,0.03875663052347903,-0.2522988230703921,0.3681410577068669,34.38605786686527
Maxe,0.2812590555072637,0.32748605317093854,-0.03634452884126351,1.1271129077175364,72.61911500366841
Maxe,0.21631377832981294,0.1900547922934263,-0.07613579436486427,0.5151453778001716,67.81793413297041
Maxe,-0.4005134469634648,0.04407993023260364,-0.02450640962896657,0.39365082398790985,25.501368494393947
Maxe,0.7136561095398102,0.13681001758148545,0.047075173226104064,2.4781573393381677,54.96773426836499
Maxe,-0.6878112991285931,0.4723707070511975,0.07284175271642176,0.6001287558179502,17.79177080340554
Maxe,0.32119451069274285,0.09496543695855796,-0.15690152795858364,0.3292026644438785,31.895702729373603
Maxe,-0.7674586592117372,0.5812307016484278,0.1112375862797683,0.626023985619928,48.96018015961261
Maxe,-0.38094378811840507,0.22828384951387037,-0.03422903464998301,0.3751971479915237,29.434777304091195
Maxe,-0.37935149024040343,0.2713923066380451,-0.014071987611493995,0.368108353094117,51.736885237271004
Maxe,0.3102180122220963,0.3052365300757423,0.03930505526579742,0.46955943246374515,44.788661721596796
Maxe,-0.7160182969039761,0.05381640642042167,-0.2183921365800102,0.4500641008132135,36.888526992583756
Maxe,-0.09909450846435977,0.4230174669646015,0.008326740157423702,1.3959524449599467,62.26901974842823
Maxe,-0.7641403428859521,0.25949089998645947,0.14875495315756804,0.6463631587848087,20.77123896971134
Maxe,-0.770699845020012,0.6244645436750493,0.16762696755161055,0.6645985730792638,40.47403825777442
Maxe,-0.3977608826393832,0.2984977899472946,0.011354538183304416,0.6326276153238719,33.00373735556831
Maxe,-0.3050913741753778,0.2370729169170911,0.1504712239884887,1.3099831775772945,94.28141630544278
Maxe,-0.2095753779896336,0.3985006983742185,-0.09504424780623114,1.2375501583442217,98.89245828558973
Maxe,-0.23909404206059248,0.21693914185049423,0.03319479560041037,0.5325326080600863,39.35190702001432
Maxe,0.186727945989791,0.2254531431529631,0.010371744004301941,1.5099336317496572,59.09436943917041
Maxe,-0.3472604919371267,0.12249338422626266,0.02019328431788714,0.559615711176178,62.79652879476418
Maxe,-0.2618821769783257,0.1983886290770613,-0.04483684929064087,0.5465407809116651,24.451524710921177
Maxe,0.2367626297535369,0.3912941133552842,0.021703513888459473,0.40608151136836823,48.374975089677086
Maxe,-0.46477735453019603,0.0683862172107289,-0.20512439531524904,0.4601039232248237,39.94459887419308
Maxe,-0.15999388357773625,0.23695456997824133,-0.21574297649716945,6.8395401209838855,300.36571947144665
Maxe,0.4328182145038165,0.2950947716557347,-0.21571785042331706,0.6401416857435767,62.6474481681777
Maxe,-0.21333842005157233,0.2338464220779913,0.006179028545783285,1.6618355420414448,77.14522878192206
Maxe,-0.16447459372383572,0.08191667015382739,-0.21884291449037077,0.39440130786145616,33.11285098932018
Maxe,-0.66065950447515,0.5331023948261019,0.21339064718667256,0.6175375479749328,55.20973273321553
Maxe,-0.6395244577399781,0.032515342008985336,-0.004131829808302716,0.4135582793138392,35.13748602517253
Maxe,-0.3391687206387789,0.42463944972544193,0.021419396142684965,1.227160338027443,99.46183327040441
Maxe,-0.38358334023723806,0.26807108088996773,0.14219597786470087,0.556466776963987,37.596896042287064
Maxe,-0.4743141134447117,0.28104721371323926,0.14529960755460114,0.5966160067123586,42.33334610870172
Maxe,-0.3195703027446288,0.02835804415442142,-0.14716664090450426,0.4178435755578136,35.57217605332737
Maxe,-0.21177053385618416,0.32866577036117217,0.07867483500065584,0.616249773327191,33.39183953988938
Maxe,-0.7823315867853552,0.66745051310159,0.2101393501429204,0.6484866318343093,13.142481454309074
Maxe,-0.4376193786278469,0.07354379425301392,-0.0037067595867145008,0.40146401227780554,42.59046103217061
Maxe,-0.1027760153428785,0.06699621117175772,-0.024458442647049564,0.34112834324462954,33.45769782246395
Maxe,0.08184707034696605,0.19573901759002538,-0.06465835207966893,0.4800717630993402,22.405039515299446
Maxe,-0.5971192943718298,0.22096778186557983,-0.13780228204004363,0.536193260808981,25.01080842863312
Maxe,-0.3751671620947228,0.016512685122525062,0.007607566475885838,0.35315748049391427,40.178789483781145
Maxe,-0.698680624800385,0.2699964432630319,0.07402764670407612,0.6502090351129334,22.728574913535468
Maxe,-0.5547018554186686,0.24262851752266945,-0.10002949715885541,0.32674671577664127,53.88337964568113
Maxe,0.5507518056401959,0.23182113898410922,-0.16266994172841742,0.5645504451518459,62.76128405892388
Maxe,-0.5634775216057943,0.3515694782618112,0.17785158789810826,0.6958122570073197,33.28624097180829
Maxe,-0.36958312565622736,0.146307833595352,-0.07853162533119398,0.4322130186920949,27.840756273600526
Maxe,-0.6966239538943397,0.1404572212256951,0.05670679895823719,0.5448630310017379,39.32387977006349
Maxe,-0.7333337005197956,0.2580718276082221,0.10020474499681893,0.6441778556280504,31.539414056283118
Maxe,-0.11812003227203716,0.2050784952443049,-0.09644486973470373,0.35474047210128284,27.96512016875888
Maxe,-0.672786229953666,0.5437591901614106,0.10918392541047565,0.630924567586315,45.59590197933768
Maxe,-0.18649467748122062,0.22102189031227754,-0.2145781752728967,0.4624507109274145,53.51518132200052
Maxe,-0.40719095673457445,0.241161441757127,-0.0315765810314414,0.5446859723407338,32.47669236815357
Maxe,-0.463720926597619,0.07834820912047616,-0.22561030588087358,0.32116859760620153,38.17431349114443
Maxe,0.3659608840810441,0.0688931997009401,-0.2635874259076562,0.24499644042559818,41.41747877325792
Maxe,-0.575154642940688,0.7797398253075598,0.0553004343149198,1.3177991723664482,112.23596714131227
Maxe,-0.2859670927711938,0.1397972795475445,0.010662754596003474,0.5133498417991638,29.116167807617607
Maxe,-0.5301681234336364,0.11337466474832487,-0.0450671358680757,0.5436269245374963,32.02737348062491
Maxe,-0.23361043644006813,0.16039478328819523,0.025286363640905432,0.5727443078974974,26.804646372948213
Maxe,-0.09769597790537157,0.16959154132533696,-0.1062838092473944,0.3279541398123725,48.70547662008454
Maxe,-0.3206870021630539,0.8648921693808201,0.014454391134068528,0.5674998952590194,25.910269454026476
Maxe,0.1561522851673328,0.7886694866558684,-0.11479571692345243,1.4131648361504894,85.2572125964496
Maxe,-0.5544505204173324,0.5561731806231045,0.0482285991404509,0.4013210279273525,67.84580343258118
Maxe,-0.41588083103520646,0.07595736068744427,0.07371085304805407,0.506739603000133,31.15035592262332
Maxe,-0.3264190325241514,0.10016288217037342,0.025411837403729813,0.38921181018433465,46.133052482500624
Maxe,-0.28864648708698926,0.19121942073192513,0.05154035448295312,0.5586661059731629,30.255854299667583
Maxe,-0.19181099415611086,0.11294656909869769,-0.20539394085997262,0.5033362307189672,28.705827435224126
Maxe,-0.5143106675341429,0.21646897106620733,0.10925959185570512,1.7531092606997958,46.292549127328215
Maxe,-0.5325244489147978,0.15820900853148642,-0.12385709715660906,0.2744462876621185,39.23598463648903
Maxe,-0.06451049826064124,0.1285626143653746,-0.2415448768824122,0.3354288868545807,26.43378853841663
Maxe,-0.24835688560604016,0.074172842645031,-0.2217107399345252,0.3910971859095351,48.038050264799466
Maxe,-0.33736704546034735,0.14592273918355966,-0.03412271034126696,0.3555753273138664,43.061485474076875
Maxe,-0.35132376704456886,0.037473046720592186,-0.11826111322186675,0.5014413094672809,32.25356242541582
Maxe,-0.28726374369665075,0.30296586092838007,0.019709903112609384,1.6447793415666199,58.44916378123498
Maxe,-0.294273507785094,0.0916004789820856,-0.2562480591616036,0.29554266430904136,49.28381968429879
Maxe,-0.4438862245592582,0.0813355169990007,-0.2471600004511631,0.4481973745215445,30.89278020924118
Maxe,-0.17658335180171222,0.2833837993770439,-0.1291084224982727,0.28567649897383507,50.32525979438833
Maxe,0.4003653941677763,0.1423742636680109,-0.12132760043049376,1.2343226199853752,88.4025805955788
Maxe,-0.4313679624429987,1.0447668487302182,0.132690121462596,1.3189129734813987,105.9552343711043
Maxe,-0.7322643039949279,0.11365131149824621,0.17858837195161548,0.5040617949814965,41.48205790947341
Maxe,-0.6790090720891752,0.0737911052315007,-0.046037401575808455,0.36538508907514816,38.113687718373114
Maxe,-0.6018647732815803,0.2687347329102624,-0.0009686315233998423,0.45797034890460797,37.92174316537606
Maxe,-0.22747003215006195,0.5040210883621887,-0.033144941110214286,0.8284563670312705,50.753964926963896
Maxe,-0.47505551077379854,0.4969750424810848,0.12745449648176568,0.6796300236618001,28.317771143408542
Maxe,-0.2885242452522107,0.1337915732356269,-0.048856229157006346,0.2427612309903173,53.10203664232435
Maxe,-0.1487962897651771,0.2075409888024499,-0.1597526778861156,1.2893728429502664,112.2832394664818
Maxe,-0.5381492934081791,0.010285615139538138,-0.022701487945619037,0.3538372330405631,37.52987254523834
Maxe,0.14816928577083227,0.30495109135513443,-0.29608532551053507,0.4297048275881762,61.72276105300225
Maxe,0.282396367330994,0.262946679482588,-0.01673150366731186,1.0950989934089137,67.64173424649827
Maxe,0.12703769152910796,0.2644602342492149,-0.03527281057962992,0.41022140923364714,38.758673649384804
Maxe,-0.4525115633760489,0.49620131314686394,-0.08506614713521274,0.6585817400124043,27.59188873498787
Maxe,0.0834105625652498,0.21581621351407718,-0.21328446365787956,0.43572029771536525,28.455889319688158
Maxe,-0.43827502429129817,0.46085865876152887,-0.03727663952975426,0.6924144319873541,75.82824880162015
Maxe,-0.13348623682489197,0.14396722303791784,0.12337435829421343,0.39853921383065294,45.94281739597887
Maxe,-0.7797764091277517,0.7164965606124714,-0.010126433229433148,0.6294028179417006,58.45271251213494
Maxe,-0.311788262398798,0.1934226024237491,-0.05805216502849199,0.265566807175033,47.56510866263583
Maxe,-0.19490275185088565,0.330469666072566,0.11023240493618541,1.0445321902723121,73.07661066144827
Maxe,-0.21485227967960452,0.4346606466726007,0.062231582687063164,0.7224575209531557,68.3985193694909
Maxe,-0.513435051466018,0.27711760997714335,-0.017907613339652743,0.44032448758665804,51.60009125003651
Maxe,-0.6226706590812439,0.9182328995410913,0.020678370854464407,0.993407640086324,16.193806479504506
Maxe,-0.560901662197638,0.1723492628910372,0.05065985266959354,0.4946520448558014,23.325272708515953
Maxe,-0.28060459691799833,0.2675741463990464,0.05706677382222206,0.5708164202383161,27.905014305641856
Maxe,0.3915233543464936,0.271880864590683,-0.009318200747309793,0.5046926512472496,56.08101293240275
Maxe,-0.41484650391586536,0.1766273374777712,-0.10249368895851055,0.5151672153833775,42.172092813844536
Maxe,-0.3532196478713316,0.6931754268295014,0.2671249521485681,0.5939408882755163,41.864713907110826
Maxe,-0.7333394531042485,0.13429693598884168,0.15515588461898056,0.5124267975257832,42.173389576810045
Maxe,0.3563813752759993,0.10265394142986542,-0.17347987001805357,0.3010614588767058,45.16614071957429
Maxe,-0.213120706964608,0.1074564893847116,0.04482626859706112,0.4280912831243142,33.62810793007802
Maxe,-0.6064117780283743,0.096525049530743,0.052194472185050286,0.537072456168899,40.02583550554246
Maxe,-0.7561406083005662,0.1767571477321616,0.17148421049684678,0.41755224323183643,32.26635881274758
Maxe,0.3491465483773102,0.036000559855864415,-0.021541585321337844,0.30604148651882324,52.656536140628006
Maxe,-0.5546202020012679,0.05701898260325496,0.0030825153381424776,0.4795293792562859,38.01447569695519
Maxe,0.24739669521331983,0.13041542741972958,0.1509994010119872,6.211037174512953,266.2143966668291
Maxe,-0.4746729290453937,0.11447838487468158,-0.0172033273900119,0.5026003121539041,47.40666101259552
Maxe,-0.22990492682421662,0.0468742083101209,0.058585259630812826,0.38030906014032395,37.32734154195201
Maxe,0.5114628219810238,0.04327956386255387,-0.187067536817452,0.5287130881828058,38.30192337804288
Maxe,-0.4254883856184346,0.17096625894539078,0.028178701312290944,0.5078613329779665,28.94017831253588
Maxe,0.25232907479386846,0.1495937325208721,-0.123521762139148,1.4944338168590763,81.26313382540322
Maxe,0.32344503709501704,0.10539940723851766,-0.2120033846873267,0.397963927059223,48.29680646879218
Maxe,-0.2057052474723625,0.16129594670263686,-0.14668301610053713,0.5414842834200957,25.146342669494352
Maxe,0.3671786951389423,0.1414573438321191,-0.03484882264450664,0.31934432043721045,48.61070244873085
Maxe,-0.7394101732609146,0.10510676943400514,0.14751160906590677,0.6394055742204536,29.34757184194386
Maxe,0.1072627025127067,0.14451852039543417,-0.029091597572185678,0.38032941315888197,43.53404742688207
Maxe,-0.29273357307053843,0.4683663732864046,-0.010768447543411963,0.5485328733401428,60.45543178739371
Maxe,-0.6044363411055098,0.2723804563626588,0.22149046291736044,0.5568495419257398,30.874463437480077
Maxe,0.2917458423362378,0.3051818939975506,-0.006711944612501046,0.4239744600336535,42.809949306413344
Maxe,-0.46463624030601625,0.2603799838879489,-0.2120570020286342,0.3003899028308865,56.22656933737755
Maxe,-0.267299255809509,0.29553316654687634,0.024890503306244947,0.5890797450114833,22.18785693500984
Maxe,-0.13550921207672648,0.3701050644906719,-0.14406567558252617,0.4393470164203359,57.80339217626598
Maxe,-0.7593199291877778,0.30061629677268425,0.02006855414862379,0.5335404455928633,41.63599217655825
Maxe,-0.17599151857780032,0.23936220102727956,0.15290295035110793,0.4859133814174671,31.210340609341458
Maxe,-0.714603556304237,0.29918653654348326,0.13120723611666985,0.3854434798201747,34.07706329655565
Maxe,-0.5831822248643377,0.5044615968839679,0.0778799518812445,0.5829770886650836,17.635298859198887
Maxe,0.1254496816663174,0.10863763694618536,0.07648931797229445,0.4089633387415688,30.19380326764683
Maxe,-0.3011306505632674,0.16202782824214138,-0.021566496565507538,0.5561277509964505,28.74406672465892
Maxe,-0.7944065332425739,0.6350854708713535,0.237715338078679,0.7621974377979925,35.47619035891749
Maxe,-0.36003899212844276,0.1822611064595539,0.05715393360952075,0.3434737557172393,30.25033217751749
Maxe,-0.413914377664162,0.375436874634321,0.2270328717571131,0.5948260497556561,23.06050096711751
Maxe,-0.7309318846769073,0.05385471038184212,-0.02625644623079613,0.46186892939583607,34.01676146176771
Maxe,-0.43061455177969254,0.13800199648329076,-0.25986187731878924,0.4872844641188495,23.921181625768654
Maxe,-0.2214753942085776,0.1809364332630884,-0.05787796797550147,0.3831438896299378,41.935065646423546
Maxe,0.35280107396341726,0.11571785813487734,-0.21399365219495858,0.3249038617116769,39.68804670936428
Maxe,-0.4190908033977973,0.03915920694255146,-0.16267665834415174,0.3754044154318664,27.694319165782503
Maxe,-0.5392681357790755,0.6233496407848509,0.20238356511790545,0.6113166370783935,44.89085326526388
Maxe,-0.2658435193110847,0.4229657844191298,0.09033642841292466,1.0897716614181023,88.84825214844395
Maxe,-0.6356713672093686,1.0038287606719984,0.02205250159086599,0.6493026939192668,14.674976336095419
Maxe,0.1258708724019492,0.02751798972198303,-0.2196523504743469,0.31016446632744243,33.84002980085161
Maxe,-0.09539675901778172,0.10544563269763177,0.03500621526368953,0.4525704844785719,35.11079551226419
Maxe,-0.4787315988164854,0.22992006326751602,0.015321784337781,0.4565878704393804,34.230504734646026
Maxe,-0.6053822458946151,0.3984736560903662,-0.016711788305628007,0.7995902922799574,85.08348801700893
Maxe,0.2093219672580069,0.2620488163677629,-0.006149032007212859,0.4286135490973016,40.87985657112173
Maxe,-0.46588280115109226,0.1366173515330567,-0.046928239729773266,0.4122038226479331,37.51478911843012
Maxe,0.22634478442964306,0.46114570789724363,0.030364641486230318,2.4902758422067452,27.31831868623472
Maxe,-0.306311170983582,0.28206892602208095,-0.29266000486901955,0.3613935052836133,60.423915705149746
Maxe,-0.70529083888958,0.6296184863036067,0.15058287676773832,0.6921293642748046,17.30783323664894
Maxe,-0.8110378453768773,0.9812745396569907,0.17203773127277905,0.7233361637582784,14.283876694342851
Maxe,-0.22222118990265258,0.19236810276788333,-0.11903355000867441,0.4748782805715576,28.009632123987206
Maxe,-0.28346312986359984,0.35387018388376396,0.0848599964430178,0.5464189913738897,51.95799054675414
Maxe,-0.8673310419198526,1.799183573039461,0.3470239612494383,0.8341779111097822,7.360520424826806
Maxe,-0.4773607029824484,0.5003743934337443,-0.014979704437540363,1.4474228027319498,122.23544495569593
Maxe,-0.31295722235143764,0.2813881959183283,-0.24269452691107535,0.35450216833883647,62.8156432000879
Maxe,0.3408530497543681,0.1731795937733674,-0.2237248887236734,0.39129545646328945,48.236518636129
Maxe,-0.2677545876842956,0.184159511542918,-0.11797702628179944,1.2578494101914328,90.10923344984381
Maxe,-0.6022576296784439,0.5755106150233795,-0.06653596767804976,0.5686654228462392,71.51493151412525
Maxe,-0.690921031875694,0.44462682355180644,0.10901664419131947,0.4638604439620747,50.398155601701546
Maxe,-0.44788229282698866,0.17977355623821648,-0.05064674595101224,0.5229357130075188,34.84105385915319
Maxe,0.2850338319740596,0.12472134482716295,0.15016457845749287,0.29447987944704174,47.391964951227244
Maxe,-0.7911920018383677,0.4790657462077452,0.023372569493148806,0.6519316835735411,39.53379800414579
Maxe,-0.6278880881890343,0.1168263954472499,-0.1349034777772687,0.29720106306985505,44.56061921897387
Maxe,-0.405010606790148,0.3794715568144808,0.08734570694917157,0.5453285598859933,45.078015910184504
Maxe,0.2786696770034486,0.14002210074265825,-0.05703935766096578,0.24541873702603273,39.72291983992408
Maxe,-0.8074231470092732,0.22407923215427403,0.20005527570485349,0.5875857427503802,32.72730120505304
Maxe,-0.5203709552867846,0.3471124447732013,-0.08986022822164162,0.4955073494080265,19.618029158812526
Maxe,-0.7037572781600627,0.1095357935979151,-0.03811131689535808,0.5972867773178918,32.12302160436091
Maxe,-0.1266856713848697,0.20468764956801797,-0.027712564044956207,0.49123046682926436,41.99432550405173
Maxe,-0.38752131148977864,0.2692793969055165,0.09525302157873382,0.6291787950226619,29.78062987237355
Maxe,-0.43736951445137917,0.5205671274889412,-0.05355901083559939,0.6260106004869592,13.935215742565802
Maxe,0.2113745791578643,0.19911692249209412,-0.06515355144844086,1.1765169664018558,67.58427643207602
Maxe,-0.5016411659806896,0.1290706647066376,0.07274994918107776,0.18519749158103196,47.721834950106825
Maxe,0.32742035262949404,0.1905767000124508,-0.14796519384579454,0.274501388548529,42.514670929655715
Maxe,-0.1337266167749243,0.15336108018574862,-0.028521007581015716,0.37005860047872824,44.55083141746402
Maxe,-0.5048049586333676,0.2924911158949543,0.1855309258253897,0.5378381034618138,23.561097012543495
Maxe,-0.16623825894981314,0.08221964778693155,-0.07968773289832512,0.4478217284930338,59.44252584550875
Maxe,-0.7276801391750745,0.8209485153339429,0.10706410235994751,0.7015662133881664,13.814013517822577
Maxe,-0.2725921783099035,0.09052696059661747,-0.06283146344333759,0.49222790273181716,31.46880668398253
Maxe,-0.36254838190894284,0.5170004249201612,0.2194347024085415,0.6524921116444525,20.518066236464108
Maxe,0.2634302245172053,0.5511181330403103,-0.038210228996621756,6.842225296668438,291.28105692873083
Maxe,-0.2669334142632154,0.44594569433831605,-0.16464999781762144,0.6250182572202145,30.328619906302006
Maxe,-0.6356632375689919,0.17304708725166928,-0.014732256488795706,0.5775757726922243,38.344255141073035
Maxe,-0.28883313777313535,0.107718758275372,-0.07868769594911515,0.5131409992080269,29.402814961922413
Maxe,0.22282312610126362,0.30123280451957946,-0.0976606882738292,0.6137753937648125,74.4022561207861
Maxe,0.19590697258310028,0.22861259266501222,0.057237215269944824,0.479683444257737,26.976802087386716
Maxe,-0.08749359078966998,0.05428431576918704,-0.001119992769278188,0.4379653914894554,28.991125026637555
Maxe,-0.5541931259497227,0.6366774308413622,0.14578127133281485,0.6299708585711988,18.73166140227487
Maxe,-0.3955769744530593,0.18638216452076536,0.14183581196466066,0.5431172702869008,30.962256427426066
Maxe,-0.4875386283005834,0.1561598223866949,-0.08414626343561021,0.30155566781492266,37.261007506980924
Maxe,-0.13134187314214588,0.059522386308689015,-0.008158640631311304,0.2578925110523141,44.7610485570215
Maxe,-0.41911138367755096,0.11268928411623161,-0.2198751723975473,0.30758471412052885,29.61934890881188
Maxe,-0.16887720758767444,0.15128858899500383,-0.1297468912637744,0.4312465865422917,59.5995782043458
Maxe,0.2077886897536763,0.21231360801380622,-0.29190942956503335,0.34591285349212725,43.25089127189793
Maxe,-0.19849602964994756,0.08315569803978382,0.032531724714881693,0.5178580202045208,29.347059353718915
Maxe,-0.4747181787467418,0.10071920758505386,-0.08031775634093839,0.30011312011078733,55.25379490923095
Maxe,-0.4501474618179424,0.10778539548285208,-0.06280391304140338,0.5497209727268815,29.609171843514908
Maxe,-0.4314526189198196,0.3542039970636321,-0.058454700424034944,1.3513349247416744,112.67585243334459
Maxe,-0.34406260771730596,0.07796870206176328,-0.09104761910562308,0.31055136183390175,40.42348864541379
Maxe,-0.25441574473715417,0.16002484518018628,-0.008034998038003944,0.5230602159860758,29.1774374604666
Maxe,0.19775290455964614,0.5481971906489838,-0.07109985157202675,0.9682245165650871,28.685242061818684
Maxe,-0.4067859603288719,0.03900267456923344,-0.2344588722069965,0.3317914538589292,35.59670746661165
Maxe,-0.16809043203978205,0.15138651479701346,-0.17878798893410766,8.456874853771238,278.4978491841483
Maxe,-0.5316793331383376,0.4355292113623124,0.12483162176645167,0.42587569876231035,30.43921270738704
Maxe,-0.27712173152279684,0.10415916242704101,0.00041888189338738183,0.5414254073379555,29.78303327131857
Maxe,-0.08537247199413248,0.1444356161425874,-0.04151155874172224,0.45646297141896663,33.85603115007105
Maxe,-0.6881548963708026,0.7928476552960019,0.09587934073991682,0.7168379890176446,14.844381222641594
Maxe,-0.21699775027506255,0.18252885227473034,-0.2111745763513282,0.2877196525534723,50.722783228229986
Maxe,-0.5351377616676305,0.23335317361039606,0.04082964332437259,0.5953731819204702,36.58254316498016
Maxe,-0.6034786699935408,0.7516632910796617,0.07642435837425814,0.6629046157054416,17.224337733954442
Maxe,-0.55906991286913,0.4424301729844958,0.04678819006993684,0.61200657291705,68.55240152402243
Maxe,0.17466447656330006,0.16212406098343082,-0.07843323682578064,0.25329921446005094,39.20609066129308
Maxe,-0.1202133425963145,0.24084763090238187,-0.158473627914381,0.297261388655102,59.614258685294665
Maxe,-0.4119001800858987,0.004630944459879062,-0.24406110199682285,0.29235708505603875,37.06456740974625
Maxe,-0.4567124183512942,0.08032133188131872,-0.24142603383138642,0.33530720515934503,40.25028405824535
Maxe,0.3843351424012694,0.13914581076119667,-0.15013089350684933,1.208566587811418,85.62633907703307
Maxe,-0.3768174997158703,0.23349758969443019,0.1424016812077476,1.6232521123833301,43.20325638879892
Maxe,-0.17221844966903974,0.10268632760069489,-0.038272190921459254,0.38989306063099827,31.947705078254558
Maxe,-0.7546304023606457,0.1499039618836154,0.2844633606008313,0.5667138863771417,24.168247558212045
Maxe,-0.5980474833317831,0.5664778903922988,-0.1076400554185934,0.608121055093726,18.908394247849046
Maxe,0.2660132655058727,0.5700646831591407,7.847507659941293e-05,0.8214635354092826,17.682555012166283
Maxe,-0.578471149302854,0.12437974179966069,-0.16017951810927467,0.3484263739103975,40.63925624357726
Maxe,-0.2568502924293312,0.23089323249560922,-0.17600808778674198,0.48463115500162446,62.56509710208495
Maxe,-0.38124605792425836,0.27285877670888237,0.12217294516549851,0.48818063297264436,29.059738603355854
Maxe,-0.4993699680757715,0.8528771685907437,0.06912501173078536,0.5761239257980343,77.17858598081591
Maxe,-0.8054373187802856,0.8887488822771223,0.3187438671858478,0.731635564077588,18.287718256457513
Maxe,-0.3103628564070245,0.2644422933943036,0.1973979019531963,0.5990863718562616,27.26860341475932
Maxe,-0.17658963872457312,0.17428350162878187,-0.0769082799838247,0.4869676225249564,42.82256658537192
Maxe,-0.834106440229617,0.2931248846405704,0.2865836542631616,0.6247754268075633,17.90224235899396
Maxe,-0.5918002753251499,0.044713246197526674,-0.17315625301546683,0.4689782739023011,28.089429737875985
Maxe,0.23463553723984049,0.24034294435152645,0.05846227364716981,0.6525499187387451,59.20720556100683
Maxe,-0.1761829597738154,0.1937241924359437,-0.03174437624756466,1.2889993538830053,77.84424217746007
Maxe,-0.47403275121214017,0.14985256052610332,0.2253713705943103,0.5039794140136816,30.67807949933768
Maxe,-0.3558492706048784,0.11439373471721015,-0.05548437109945414,0.3661222517934805,30.335548465344853
Maxe,0.33518059252629834,0.1836997362309009,0.08079168758103719,1.4260388234613568,72.95772854361857
Maxe,0.4101728090537461,0.1511319446427407,-0.27261440713969914,0.3648089283835754,37.844615661602845
Maxe,-0.3094702859685624,0.09089228435595356,0.07221747372320832,0.3342597746064251,48.05682847190533
Maxe,0.23772573571504638,0.1073487961298398,-0.31077565615348457,0.3254864811188416,35.676490129852596
Maxe,-0.3444244472856858,0.1660306198841361,-0.044709816838311045,0.267979509944602,47.40533585128965
Maxe,-0.30977980486822465,0.1815453260877238,0.0020125484743960514,0.5072684247248602,38.75175480909753
Maxe,-0.29028907132268583,0.21634755032433595,-0.278729078193039,0.44092749862336944,48.872542444755055
Maxe,-0.3491057585811427,0.3839075524625539,0.10868826009571672,0.6532754313425944,27.73632446599286
Maxe,-0.5988498494469123,0.3251482916118058,0.18268380856767696,0.6011728150659859,33.14930927237813
Maxe,0.21303723063717356,0.19886958718061876,-0.02208567161817594,2.4625767128241796,28.77148681791657
Maxe,-0.8227251475145702,0.2727765732318107,-0.062273513521379636,0.5737494646087787,22.24230968846511
Maxe,0.5012856529069551,0.09791888622795847,-0.08799629800199818,1.966191138074401,44.518421129969774
Maxe,-0.46707989911262127,0.22038471170513135,0.18342619760204365,0.28070144855196366,42.87626082711731
Maxe,-0.09565136061304841,0.009598902408982113,0.027059310942750426,0.4031432738503455,33.00101566502252
Maxe,-0.1650107342911867,0.09190844607171318,-0.18558364677403036,0.31883424847744785,42.00265651760342
Maxe,0.17218201349341128,0.03495409830734364,0.026880817801459952,0.3993846537062359,28.919071780954248
Maxe,-0.5257037038722815,0.24934263299297293,0.009134503378012412,0.6317239248807639,35.12188191726325
Maxe,0.15257159268401993,0.10531033660987747,0.15247509098745535,0.4804809868398883,27.85155189748976
Maxe,-0.518582955730393,0.42185847586685804,-0.1277929643126444,1.8350941921495647,56.09207683742341
Maxe,-0.7721520219303782,0.48067437542599445,0.12425463414238096,0.702779292020238,35.096326458590795
Maxe,-0.5072299588088828,0.8372729321145289,0.07887427393640366,0.7034821372896453,42.37297013982759
Maxe,-0.5878863337984015,0.18726889146979975,0.05625098685101054,0.5892833020826932,29.855728334732113
Maxe,-0.27898652940664076,0.828260722846041,-0.06065837555167441,7.608860569849484,354.6136667373158
Maxe,-0.10765869987902786,0.23388507044119664,-0.2233143322939401,0.4500661980011106,25.34898979389292
Maxe,-0.1188481234506017,0.21537346886203865,-0.1076948391043898,0.45653659844192174,49.902614078926405
Maxe,0.3269244987856151,0.07701747012833159,-0.08625882403534092,0.32337523316266453,52.00407010541984
Maxe,-0.08684090217415713,0.0889150978198052,0.21343813644382906,0.5351864461092738,29.499127171300703
Maxe,-0.3542533371678135,0.059948883457472776,0.04902112323250912,0.35855184353837816,44.07249696810253
Maxe,0.40242653767394315,0.17893010542894167,-0.1376635170652875,25.052480940393806,150.28693702936425
Maxe,-0.4911749675467354,0.12817478268517907,-0.06783104717769366,0.4101045333730109,44.441470042697915
Maxe,-0.16968553220161903,0.4860722207789571,0.04794144271238726,1.237346355807421,57.84783634938048
Maxe,-0.3830253219073606,0.12262717661746592,-0.1535013632113541,0.47746280106704847,36.77589098208682
Maxe,-0.3543417579917287,0.07948503929024173,-0.13422570853786306,0.48974261095916655,33.70268160107025
Maxe,-0.6809785886956498,0.34691846241175306,0.231529755300526,0.6763354701050075,19.478539721031154
Maxe,0.12461506626607044,0.19504495707673258,-0.09870485926509708,0.40395286332796676,23.896356554891668
Maxe,-0.5968911561444191,0.1981661820470768,0.11888914454474021,0.49816696375096076,27.730981623860483
Maxe,-0.1416202860492621,0.030147461882703952,-0.25216705286219354,0.3925806396512331,34.36491630235238
Maxe,-0.8606218769683727,0.501838164013151,0.19670356994857247,0.7295407734449145,47.895052655968925
Maxe,-0.8263603717100243,0.24861470118585344,0.14949145377519596,0.6455787887724515,21.327253881662354
Maxe,-0.28210351598495953,0.23130585939701415,0.1756098104617666,1.1304445812910147,88.62967966410785
Maxe,-0.15272370492406884,0.235938311291726,-0.06118151155857294,0.4638875126533446,22.540541929218957
Maxe,0.2395599229132685,0.31427884825312924,-0.31041762482304197,0.41358159351219725,48.77510168729233
Maxe,0.10518155372957085,0.29237765550714623,-0.06478896872600395,0.3964501053809926,64.90378234844626
Maxe,-0.7584275654818579,0.18088274193196582,0.0028655750824954913,0.5508839987231519,19.522201958411422
Maxe,0.11668747636903043,0.13455305168058657,-0.18618536011742295,0.3144819577806328,38.509690995131514
Maxe,-0.7054592337042271,0.6727235627725736,0.20376487869389354,0.6949989445970086,19.395585981486704
Maxe,0.13855230742652275,0.07105386271398936,0.10559204034467058,0.4257724839435827,21.764460237437568
Maxe,-0.08073907319977994,0.09614888008363105,-0.11131432769361051,0.33031438907972027,36.53037499836772
Maxe,-0.6344720861609419,0.49875578745311583,0.01645681516300462,0.5006200159461753,63.14434877401571
Maxe,-0.6806541531518839,0.11665737230670334,0.011179814262919776,0.40860678044982207,33.43578502679894
Maxe,-0.288582323659133,0.334597670985424,-0.0979461197083265,0.5373411468012275,45.04791673627893
Maxe,0.3140257560651938,0.11468857275097702,0.07950890442238605,0.4570577766585063,25.933046951466242
Maxe,0.08674842735962367,0.11383101838533985,-0.29492793388367444,0.6379003955674236,64.80582953677232
Maxe,-0.7475672422382252,0.41716751388260376,0.20442823042539893,0.7056533359653613,19.06480941400354
Maxe,-0.6019937032737722,0.23855229013656093,0.12570374444643448,0.5364826893612011,56.976157809361496
Maxe,0.24442228678605388,0.4504640808492189,-0.02228153256585571,1.3141097246911744,84.85148096092178
Maxe,-0.3433581336552537,0.15489831039973867,-0.11916077850234216,0.4357144255932322,43.474715223901725
Maxe,-0.784700394499597,0.4813173747700733,0.1298702101134143,0.4121922215278682,66.07426705228423
Maxe,-0.27252309329112423,0.27725350185859304,-0.22106345097646085,1.2329439247909486,97.46517490585373
Maxe,-0.2995710118431423,0.25544709333570403,-0.09911797204770631,0.34897303606544244,59.50472519744697
Maxe,-0.6247236913093158,0.19887200804017685,0.13579475556766787,0.5727174899128765,30.898148657103555
Maxe,0.2224532575955594,0.03874411394773526,0.05372205778610307,0.18306734154104803,44.436650031127186
Maxe,-0.5521787916896347,0.0934840257132743,0.12077633785256672,0.33519318907440215,44.38026660545297
Maxe,-0.20836941157141897,0.2545473416595425,-0.18708695023527863,0.8773334646117192,30.234050750893886
Maxe,-0.5259382255839328,0.20586588482120344,0.03563751727080591,0.4873073426638655,34.23739378149373
Maxe,-0.1576097530071455,0.4062484300143151,0.11096448790630803,0.47758597950988363,26.133611133883093
Maxe,-0.2561316671047499,0.19040829783902075,-0.08440120756969952,1.2420515650951112,97.24125604395608
Maxe,-0.530808391279053,0.11096906296292694,-0.07658084080726352,0.48571808654089077,26.66235309675677
Maxe,-0.12236818204034686,0.31350287563615364,-0.04911078628812504,0.512749919607743,21.87990234054461
Maxe,-0.18441627726169368,0.0949173219156839,-0.02805749916680858,1.2982393201556783,94.69851164465139
Maxe,-0.4662039672819783,0.27957203416290416,-0.02782009363758296,0.39341494917518277,56.7202855611632
Maxe,0.15288236304114408,0.27932972418979896,0.024883608737766495,1.9977589748017397,45.236057127121214
Maxe,-0.6707352201537594,0.24447490414673415,0.012041261016830727,0.47951347793256016,26.822526043291102
Maxe,-0.4561220425368331,0.38624134437593416,0.08605112292591408,1.2586876871072756,100.70265474576773
Maxe,0.3831952196635844,0.2064652376429721,0.07464775723416729,1.2828483055834776,85.92358411826046
Maxe,-0.33960016679228616,0.2714473046858377,-0.23932249055964092,0.3610990051888704,37.46040086158851
Maxe,-0.5949691056058276,0.43069749363281706,0.06343272790819282,0.6540276968743816,14.73242932739752
Maxe,0.36182094695692,0.6693678176157456,-0.233021841546473,1.72242617410643,113.13152123091639
Maxe,0.3194503742733928,0.071849419590757,-0.11146196140870362,0.23965892660559707,54.871441759956035
Maxe,-0.31316094323131516,0.3558077368574877,-0.20598692420290252,0.626054465217781,40.56019380176131
Maxe,-0.32595979533461683,0.1855824905683941,0.06926261893739886,0.3607377452609426,45.71119404575471
Maxe,-0.8531698113968766,0.5197587393432666,0.39800710384237437,0.6618785631424223,35.474295188074684
Maxe,-0.20914885616738557,0.45023484099430283,-0.07208118727728038,0.5251363853599074,54.516560895355184
Maxe,-0.35254379088543264,0.08794747783841513,-0.17644461668952927,1.0372303501309057,79.22294435349261
Maxe,-0.6073050331022236,0.8001705910422576,0.2440794603155159,0.6164825378738448,56.50875901688732
Maxe,0.22399775380653528,0.24840222385943606,-0.014860775732107999,0.411517986887885,38.99278557521914
Maxe,0.34272540942740753,0.12455879258605602,-0.11053998301216297,0.7632977905185416,28.770135230633944
Maxe,-0.4026021057946223,0.19700208583090262,0.13461044866828956,0.5492707809798772,29.02711529030592
Maxe,-0.42266439477603923,0.679433852284023,-0.07015092559428901,1.4191139467843599,118.06855804829944
Maxe,0.20593885320884145,0.08271326108622132,0.013839682856256686,0.31964374940942014,48.109890421993605
Maxe,0.1829025184217733,0.28479993006116605,-0.023804179659002483,0.7730832967658198,39.15865379236298
Maxe,-0.3506648601173865,0.49536675578702355,-0.10378290591905762,1.6324605974308954,131.59836529696284
Maxe,-0.17286565208999813,0.11845760718770562,-0.06809925171164843,0.39722507683637215,46.90277672344993
Maxe,-0.6340653679713922,0.14174470153620125,0.03854971062087457,0.5029072181911223,36.23306137429836
Maxe,-0.9106679035472355,0.4619271535171234,0.2595393040278699,0.68246272099881,12.525468723351675
Maxe,0.05706759301752426,0.11247591148284457,-0.14677553338748378,0.49593258014447633,30.26891834091548
Maxe,-0.5567910671616763,0.4859115270645285,0.07316122670403394,1.3578703082009254,109.54455105024135
Maxe,-0.6177457327649318,0.19996881262780825,0.10528157181980961,0.4447442749233889,61.178729254786724
Maxe,-0.37207350099688286,0.18545815650603514,0.10294494691384752,0.5181332571178535,36.98542460208623
Maxe,-0.2251708852268844,0.19876915011498664,-0.009988172399858133,0.7321225553086799,39.62187603341637
Maxe,-0.48905959306119706,0.401217765320001,-0.014991215874023267,0.5469868335538179,73.56944100680005
Maxe,-0.4333132723444434,0.07654117069357276,-0.0527676238571867,0.48226516606775544,32.77050562267183
Maxe,-0.46448296777442966,0.6025965539282914,-0.01005657109033126,1.4511991117226721,111.02928726755285
Maxe,-0.14805450511223867,0.24938851824652897,0.1043834662164357,0.395132614944096,29.901178071931696
Maxe,-0.2861081206897853,0.8372401447255502,0.0015632889999347914,1.6743413885879204,114.34421366761644
Maxe,-0.2748700005920233,0.3544772086361526,0.06433992302970505,0.5304176605260129,33.40314320285779
Maxe,-0.6899987694538005,0.0890923749748844,-0.23524213905606553,0.3659325226185176,40.238313608249996
Maxe,-0.15793229811382556,0.1647098558628426,-0.40175786856271645,1.7367141842019225,50.80136788805058
Maxe,-0.5273805006608485,0.12216009195084807,-0.005111274197692505,0.411814549199619,42.96374394483459
Maxe,0.3162260766442098,0.2301747216086052,0.03197093798063686,1.2361686128291123,79.16816749511626
Maxe,-0.22254711551139678,0.13019161564336146,-0.12291330281927244,0.5159216027018604,25.250950939919637
Maxe,-0.37638064147847994,0.5657289917797379,0.028875425581554155,0.5749772543080439,51.11877463199968
Maxe,0.4008270126166297,0.09878160133796768,-0.1801464881069786,0.9948488079365921,69.32740564115525
Maxe,-0.5453527790226463,0.22517264056763459,-0.08554591154851426,0.3358731362105029,56.459156179870114
Maxe,0.16763176976695893,0.10458488305543523,0.006090846508561119,0.3403284863008233,30.306371062487493
Maxe,-0.2329923502256467,0.18731141157988265,-0.02805023731629492,1.1478429501028786,88.12847941696215
Maxe,-0.4684676883706882,0.20771995083566647,-0.21837229709275763,0.53908588500283,37.91672379745104
Maxe,-0.20442026818447817,0.11457427472342116,-0.03314301386938758,0.2849429777851078,39.51146951194978
Maxe,-0.8134540989302462,0.0678240712669762,0.11841715183120531,0.528485022956612,27.80616152870833
Maxe,-0.2248814414597468,0.19496353827707505,0.14464560055695289,0.523439547177549,37.74227983033603
Maxe,0.3277495535562364,0.07681684317085956,0.10582972434185293,0.45487473512871,22.444417935459168
Maxe,0.08757393867355508,0.288491452591438,-0.205141595955203,1.3270155241688197,89.68837454967544
Maxe,0.2586464463440968,0.10244381191346615,-0.1688677787693129,0.27568378737418653,37.64581411218881
Maxe,-0.7526597287056191,0.3008964116414875,0.2027429032142023,0.5906833794868265,34.438464724479736
Maxe,-0.5527211768069381,0.18577991281382428,0.09733193915245432,0.41685964052865704,38.52152349789715
Maxe,-0.5141944957202237,0.14622838035687608,-0.04753220409621297,0.3794644805906056,49.173533924272675
Maxe,0.3706824101590789,0.07146855909919166,-0.057178075006811775,1.2006336994626166,89.50471454939056
Maxe,-0.16232719061283674,0.0788136931454217,0.033401427180983746,0.36787226634740905,30.24823985491138
Maxe,-0.17483801347950206,0.1828759904412584,-0.23517640717427202,0.482851909866355,31.082993851655498
Maxe,-0.4548535628428134,0.08675274495446908,-0.24706038257284707,0.3160281551988052,42.585751399053116
Maxe,-0.2652583079660058,0.2531131330333555,0.040585939939182365,0.5933467388117637,62.93373192556371
Maxe,-0.45134875053734036,1.242245664443328,-0.03420249467323991,1.0462728795853584,114.00451869132193
Maxe,-0.49016069627144665,1.0826579444564,0.0442282438340918,0.6899279888977158,72.71896253636415
Maxe,-0.6153056088414663,0.25660595714665013,-0.08389323104463502,0.4611175482440322,23.8167009226757
Maxe,-0.39234884615229404,0.3461546629160674,-0.1671463657493154,0.29655401835231837,51.56052754511256
Maxe,0.20841576315143778,0.1830555084310784,-0.177379523721917,1.9930232410195583,33.18722200781351
Maxe,0.27376128965174684,0.23457868882465943,-0.00960294475243207,0.46935309600347896,26.79915089452718
Maxe,-0.42255871835853726,0.015438949270724084,-0.22088401014379916,0.39934285313478296,37.837706393236395
Maxe,0.16786688255844084,0.09516126754264553,0.11149172177392924,0.394887168491493,33.61091574349294
Maxe,-0.583802693329375,0.12368916550702944,0.13376398174972665,0.608621258589186,29.853744068171302
Maxe,-0.2629338617251783,0.38232482518062305,0.04376702226645269,1.4885591458460994,67.4192209891152
Maxe,-0.21457185789048153,0.37924513076427935,-0.18946403655836713,0.7856081507206503,85.975378481771
Maxe,-0.3732720458526865,0.4841895558903305,0.006197127280670445,0.6741568888991107,73.18934508052347
Maxe,-0.49910677721643126,0.30428718646098285,-0.23297649037201515,0.3223136587884685,60.03966192926763
Maxe,-0.5818101774865305,0.11025255801754263,0.03029104082020906,0.42177018219866674,40.19629486251833
Maxe,-0.8516292517878014,0.8086589042542593,0.20488154299161157,0.5488270699877689,77.72973570280917
Maxe,0.22697522796390995,0.12406868998381815,-0.07667962060501589,0.28524110307443673,49.998193175707556
Maxe,-0.28548101739094717,0.6150587366554364,0.13192642775459287,2.4181807433320364,38.415135203229745
Maxe,0.13310985535683617,0.47638938219670085,0.013399068340090815,0.7227246303639221,70.52163952612433
Maxe,-0.1053934937325445,0.04618296038543078,-0.0663541815043097,0.47304115486510045,39.916609622166
Maxe,-0.30443011850448776,0.1183179928992574,0.12047140599327294,0.48744731139865166,39.23516669417299
Maxe,-0.6318559677345006,0.6161100618061137,-0.08102145772447654,0.6404623306332737,14.06896187292409
Maxe,-0.6213775807517838,0.4869049556271031,0.09715947788603,0.6383717590594769,17.583285968761807
Maxe,0.2391581115794359,0.056839239349781315,0.03997334683872255,1.1055438222859961,81.57759303152162
Maxe,-0.31461861537204483,0.31876027286306147,0.23959588665620848,0.5927632831852716,21.451579774850952
Maxe,0.32851993613059727,0.4377043312860908,-0.14808694497925992,2.1922604083950823,49.43199487990958
Maxe,-0.533983809353902,0.5538322720823454,0.15851380658929715,0.5844454591654286,62.83532097882589
Maxe,-0.3134845864474325,0.275192787777214,-0.08348987467602405,1.1731442999904254,77.64615041643296
Maxe,-0.9130721604669951,0.3285757480810946,0.2129860064240405,0.5401781094574286,20.626096889458097
Maxe,0.2257008748129709,0.3095410799119357,-0.07603689807577388,1.3070331756922116,85.4232253413121
Maxe,-0.6029407477507588,0.4500523106854926,0.10626337602145795,0.6061611065251956,28.246462733763316
Maxe,-0.18789989837092907,0.15363955046539002,0.007867812226396717,0.5123489469891566,38.167642883500626
Maxe,-0.2229178232178869,0.4763384790599906,0.010084461917210597,0.40814894931683765,41.30938110218723
Maxe,-0.43166988897037245,0.07351535539683024,-0.18426919166270267,0.4617868259571487,30.6049858128448
Maxe,0.30519461881830323,0.5024397568258715,0.03551746173228127,1.1611933300008095,69.86612589161969
Maxe,0.09508639801551735,0.053422227535080614,-0.3048421971024831,0.29947727324025797,37.31677862032024
Maxe,-0.6133425503637806,0.41961827051559786,-0.05245313034532363,0.5818089152821162,19.657811635150367
Maxe,-0.5012733911352272,0.3459722360819416,0.21264195661962507,0.6723638046834753,36.72505868463273
Maxe,-0.1059892042591364,0.09606945276108089,-0.2564924384432771,0.328018476545994,37.157204594539714
Maxe,-0.2526111488638696,0.09250407202991273,-0.07969665768533216,0.4778191712322771,27.983161440305295
Maxe,0.1213810285253407,0.05632975560449442,-0.1156729701543535,0.2970673126747516,38.14799741673046
Maxe,-0.5147081920961699,0.030609612367030747,-0.05629787834547966,0.3396602922209546,43.365785803856646
Maxe,0.16911222120942226,0.03328309114778562,-0.15972850493022148,0.37563742930429933,33.86197025276289
Maxe,-0.6826919584550424,0.16582949608730052,0.017655989645219177,0.5589049698213469,37.37520354015776
Maxe,0.06821234706223929,0.22378914971917668,-0.2109494480587676,0.4186270152135085,48.33753490572734
Maxe,-0.6437198636966969,0.35538572805300245,-0.0948373518035529,0.4348794407057875,64.63835785375699
Maxe,-0.2994561953304987,0.027704827717202157,0.03232961011127863,0.49356830839776045,39.02820372631243
Maxe,-0.7061802710394279,0.6101227970687864,0.0476734603036059,0.613617749969386,17.029663535621932
Maxe,-0.5716687380973644,0.12583008289096198,0.014326392603081493,0.5043618330597602,24.342346791162264
Maxe,-0.24382396784626398,0.0957752738227523,0.24868285494131812,0.2776944532790148,54.665919357012065
Maxe,0.3022987607871698,0.3025013074733595,-0.007209054438437983,0.7817849874896936,31.229364268020618
Maxe,-0.42637751286433184,0.6050033494536873,-0.10149159930126664,0.5170858785680906,73.21510571227202
Maxe,-0.26197364588089245,0.25952053764228233,0.19926105494380283,0.5879998189624568,18.080707712644124
Maxe,-0.5208057024743226,0.6345908545554225,0.18977109859532965,0.6228716824310457,19.55428301207517
Maxe,-0.7496795262558533,0.26035286146697156,0.2312793958358546,0.49860070234369175,37.945293867184056
Maxe,0.1361678068948105,0.21149268960748965,-0.1403191315291511,0.36928282587279376,39.11517097054088
Maxe,-0.25634769791683387,0.41134765933031325,0.17610886694215838,0.6517388294013496,25.306880372433966
Maxe,-0.22548704165733113,0.11161263230546833,-0.2832920486989475,0.2205609434289824,47.28394981212978
Maxe,-0.7209826156883259,0.779383363041671,0.2086359957590167,0.8778363430756257,14.261945591679524
Maxe,-0.21491987772580107,0.27458803764640205,-0.12348471475363222,0.33450337097110183,51.24028017026427
Maxe,-0.8484208187158375,0.2561811226718614,0.1750059076981369,0.4985337056071035,24.642052580565725
Maxe,-0.8402638187497982,0.6925607941101817,0.11019714749964497,0.6743636485122062,46.215653589914496
Maxe,-0.20792151192447822,0.2218913111855758,-0.05776111830782618,0.6683329608852808,66.20181823568755
Maxe,-0.21061626065803568,0.24377933508359328,-0.07718023011694607,0.46683000415152454,23.891021188849354
Maxe,-0.8451472728937856,0.2871093767384793,0.17788674814407884,0.5099074555890238,31.515290656538387
Maxe,-0.4685616768263996,0.33967038665664256,0.076931325452465,1.1354706106652448,93.49472751576604
Maxe,-0.5621976420163217,0.11118624704483207,0.041152730315351035,0.45677644973566167,29.522379453542975
Maxe,-0.3641922701632693,0.25169571933404145,0.08338007244159923,0.49410132167968807,42.185147273237746
Maxe,0.10504269802596554,0.09495688579640023,-0.03809679923999073,0.4720785994588774,34.701334857036954
Maxe,0.1824558969150203,0.1994416891896259,0.018912533876960777,0.4623938068834807,29.682899548510893
Maxe,-0.2729403428804724,0.10811598320463552,-0.24491119823147037,0.2459130329646319,50.58851537920658
Maxe,-0.626428988094708,0.3040413846822572,0.008096497298900787,0.618869602779801,42.74881467396567
Maxe,-0.16100829694795318,0.13940911576956339,-0.07963064340696176,0.3539063114320275,30.65361462244457
Maxe,-0.6540137392166752,0.43299753981924294,-0.13054930949831575,0.39037659084266507,31.374537517821565
Maxe,-0.08230774866508798,0.1360465583472305,-0.28714953693623857,0.29209559621073683,44.25388601184071
Maxe,-0.6529029391442669,0.6035251661792437,0.02905871609632516,0.5316932878594356,18.865639037115987
Maxe,0.2342404924664298,0.5399568166122382,0.08943781800302936,1.3957074993870437,47.48254641609499
Maxe,-0.6532030101260753,0.5641139649256702,-0.08989194164536699,0.47895920646193474,33.15773212895993
Maxe,-0.06472655789679896,0.12343475087397797,-0.1142508686408484,0.41742124890512766,36.04552075868308
Maxe,-0.7324886085667097,0.06855647219075679,-0.07133756075817008,0.5359404311499552,39.02306066930993
Maxe,0.2935732433882597,0.042246244006183854,-0.02726792702092991,0.3379679700534967,27.710141440977676
Maxe,-0.4940119524921251,0.03303234966734513,-0.03467388809171865,0.42699803056454266,27.370387475758424
Maxe,-0.6867462595183295,0.06939972986425227,0.0702821828664143,0.43828926536523605,31.748942718707536
Maxe,-0.39515631394218437,0.0490715664012215,0.17700889512675494,0.4013094987636023,26.52958710158773
Maxe,-0.3917511256960862,0.09962750627821546,-0.1758942577074399,0.2932380415976389,42.954429947374486
Maxe,-0.37787546581338766,0.01935811504810055,-0.04891588538999327,0.46046828828271513,28.59091286056233
Maxe,-0.8165398217054102,0.4134678992297539,-0.060977660636128674,0.425035335653072,32.04344648149045
Maxe,0.19889624805491876,0.08915289209152674,-0.003951522860379949,0.2564793720387932,46.13855440361895
Maxe,-0.18018315065432458,0.05405867456608217,0.043087941952246626,0.44967302091694605,45.80649819040755
Maxe,-0.7015337225149616,0.04127798873431936,-0.05503686193722748,0.4227222437039968,32.5576309510702
Maxe,-0.7520554962482376,0.07849240710242048,0.1561284530136785,0.4562483992039412,30.06581085668133
Maxe,-0.37112662426282095,0.09973378594488407,-0.08390893068561829,0.4389785087806741,41.10720809416958
Maxe,-0.36782415140868274,0.1889584467679914,0.18528272652279626,0.48777398147662315,21.640295982649313
Maxe,-0.33302458432024307,0.3482228886971463,0.16237148434133905,0.6343506877535128,22.23722984198202
Maxe,0.3294821321854937,0.12285334929838025,-0.21284413719453962,0.3115200187637451,49.09812882190071
Maxe,-0.5981431070374335,0.08376675461620249,-0.20405299706696794,0.47058894661222467,29.364881565267563
Maxe,-0.46323969194059467,0.10229570637744204,-0.03779566456143209,0.3798753279673215,23.46437486500848
Maxe,-0.19415299190904006,0.19504552782411305,0.08891779236801864,0.570740376016057,36.951077871707895
Maxe,-0.7362663561931566,0.3118345006051326,0.14355502986307359,0.6816018979251147,24.350135889338915
Maxe,0.15032770947340707,0.3400835864192454,-0.037290773030462125,0.8589433982597056,27.643722458018445
Maxe,0.4331587852257184,0.6670191211844323,0.006960541478957921,2.1576555842706826,101.07415188878427
Maxe,-0.9426882635005724,0.2923553614706801,0.43087341846248567,0.6598389034042239,21.973122115631902
Maxe,-0.2937629927601275,0.08031602437483663,-0.23698958749290594,0.32065036978091704,31.77601606532375
Maxe,-0.42914019129896297,0.36783506193419346,0.0737772503467105,0.6331707581154298,23.583161142780117
Maxe,-0.11546944673689608,0.20920898508300426,-0.05520292146222618,0.5204434530778961,40.600002792127846
Maxe,-0.08201776403727387,0.12516320010901047,-0.28817114913817893,0.5153197136475565,67.29382947964456
Maxe,-0.41970743784454934,0.44467787564076466,0.3454381199548713,0.4867510592860048,34.683241078394154
Maxe,0.22049156115167723,0.14275111678179567,-0.26504689659224223,1.193629100836292,73.4135542889199
Maxe,0.29794478379670997,0.08619050458047782,-0.2127359549832918,0.3724962004043845,30.089747282363845
Maxe,0.1618255177445077,0.1874513022648237,0.11468956384497153,0.48826542188887084,30.654557105202485
Maxe,-0.1921386986726551,0.579998526615918,-0.06252132136901548,1.2120689531361555,109.5071908787047
Maxe,-0.5351881628538051,0.33943486727108485,0.06473812345215951,0.3383693119427152,63.29757494372583
Maxe,-0.567275914347292,0.08299521669578326,-0.17123274193333812,0.39407271856351045,36.437881165683876
Maxe,-0.7135597936938771,0.8097345622779006,0.01909929363658405,0.643633054353992,82.09881233275141
Maxe,-0.3188469790993048,0.07255500263789619,-0.29692190344695396,0.3598975519068041,36.78119295961346
Maxe,-0.1296429870457851,0.24112381975443883,-0.061203674401164435,25.040036205357,137.68052479293468
Maxe,0.32237539627337053,0.1640361866825922,0.020730514037785502,0.2999022618694646,31.481155682327667
Maxe,0.18644759790426535,0.2893850357048121,0.17255201272907245,1.1898465528885682,79.48477426683316
Maxe,0.5253108941342736,0.1805775706343441,-0.10942916404798483,6.809388131965322,248.71539229541702
Maxe,-0.22502752546887772,0.2676527941949686,0.037820010773055614,1.1512449356602403,91.72064036235726
Maxe,-0.6397669586441397,0.2965432736380622,-0.04275017686800533,0.459092634976819,55.76941534742976
Maxe,-0.2257063713516625,0.25640023094301106,0.029114942791583418,0.3081622531824988,58.89922464188085
Maxe,0.06408508544038372,0.11832462389669055,-0.17439392142646848,0.37093500100592564,28.106581742509793
Maxe,-0.6634236638008936,0.0555992559005206,-0.1667730515635895,0.4966931626127522,30.30997502271406
Maxe,-0.7958502771931268,0.32783064993615424,0.21131716109698734,0.49652052052392665,51.21375289334244
Maxe,-0.4512806636875598,0.10970789600116745,-0.2902583379786299,0.41412035008451215,27.675745258569012
Maxe,-0.15249141014620568,0.21411181557328202,-0.13004981845081928,0.6388506214746681,62.74890209566819
Maxe,-0.6939817183154302,0.16696451089928604,0.04205008760892939,0.5578330934750055,33.20712581559983
Maxe,-0.5777579674317108,0.29909227732946053,0.006147418108953637,0.556015255339579,65.76864404691901
Maxe,-0.5823065617724806,0.18702130728708216,0.2965847480754194,0.6406476506244909,23.031630337998678
Maxe,0.2484430482920556,0.5028362215578633,-0.11811144735229669,2.5393058480757182,17.72276839162511
Maxe,-0.7499924761041502,0.45233958906136557,0.13453047464519144,0.640550023912935,21.694703040701725
Maxe,-0.3443041676909295,0.03695761382199671,0.0433411079527207,0.18826084164658416,48.9182157725801
Maxe,-0.6729910970055275,0.5189123043657379,0.14156750207161278,0.6350330283994855,12.189849673234086
Maxe,-0.46766364827409934,0.256148872427066,-0.15208161348185525,0.3777646648305738,43.559229788780655
Maxe,-0.5313178744394201,0.2580806586153271,-0.20807589665903334,0.33005774276865907,46.681732905582464
Maxe,-0.2820640676502363,0.1765031945545767,-0.07288368037299466,0.5384447016836391,37.15505966075918
Maxe,-0.16854675705194289,0.24078465427036172,-0.06981291501859732,0.372518365025457,48.30404798155391
Maxe,0.30070325698166656,0.27952798121437233,-0.035641299775855326,1.1912780979393662,74.22608147313457
Maxe,-0.33981435683512395,0.4212151580561076,0.25017516081710517,1.941808915202696,35.71280027548913
Maxe,-0.47661109017931547,0.14976033639672562,0.1689816545057685,0.4779443968828428,25.832525184451406
Maxe,-0.5285484337770545,0.09460590326813638,0.06990233954371204,0.4423030297104661,54.1547196669149
Maxe,-0.24841303609036336,0.08916828805226029,-0.16409285403012103,0.4600268113206536,27.22191943239764
Maxe,-0.16522505865857046,0.17608674168178393,0.01126755794807737,0.3475087444390706,37.92498673375931
Maxe,-0.5663191156974321,0.4038383660938102,0.0993254395470405,0.5272184487508881,45.969375995794515
Maxe,0.4913148822270479,0.2021796967037012,-0.1883382063608715,0.6597595373185964,65.96847267586878
Maxe,-0.566538440604784,0.2686943753232946,0.16739707876541324,0.5604929672722982,31.50157468353367
Maxe,-0.779932162561831,0.3202071309835932,0.20799646976407485,0.5982748861031509,35.713145879812224
Maxe,-0.6967737355225005,0.3634572574402394,0.005474808039359399,0.5350286086092797,24.759593058152657
Maxe,-0.24732743835493082,0.1434374154053129,-0.062129361871254556,0.515940140618644,33.00919511573196
Maxe,-0.34256224075802966,0.4405009207880658,-0.13349612102658906,0.318659746427742,56.810872541374025
Maxe,0.11343957252059181,0.3198029045237509,-0.05758262279975586,0.29739212188548275,51.953014399166875
Maxe,-0.22504941369022352,0.11724969584035698,-0.11080792389651783,0.4950903035885896,25.563139009076394
Maxe,-0.3073251746168814,0.0902705406997648,-0.11245629827536457,0.38293420452610183,24.798760404425135
Maxe,0.20912157434212686,0.17537141547329066,-0.3124042429424648,0.339685246534526,52.91985136502036
Maxe,-0.3278273617791354,0.5858906624364517,-0.02108371317742605,0.5302993236872855,58.43559903180663
Maxe,-0.4471995364202896,0.49629382619694484,-0.01090579091803099,0.4482182124344582,40.18997130527038
Maxe,-0.38661747861450446,0.2545275088251904,0.0277537368119226,0.5335656274400605,14.71019792362646
Maxe,-0.36007353226952254,0.2085050658239676,0.08866849107549653,8.580107373646419,286.3020217714211
Maxe,0.3473173230703812,0.3107728671727532,-0.11980253764729386,1.3262721402392168,80.42707270270112
Maxe,-0.7621045361774568,0.41490748360113133,0.20881679405560846,0.5821684409155263,26.19985864266393
Maxe,-0.32632102186517753,0.32546048777881303,0.14906305038005935,0.35185618679722286,38.782784708058884
Maxe,0.26380177447342174,0.0745087136397501,-0.02042016958483316,0.36036458798704823,36.97650640133151
Maxe,0.24856147604620332,0.1903700008799108,-0.10606282205696972,0.3217740392861555,44.50436209712304
Maxe,-0.487815479493805,0.16627248384956156,-0.05972429783273393,0.41828447653189954,25.706810971442025
Maxe,-0.18894806653296686,0.08396619839042815,-0.16044726176246568,0.218972695953418,54.09174520571741
Maxe,-0.8470708850693325,0.21738400061188196,0.22340229952788768,0.5790955567480972,27.266699044982882
Maxe,-0.08869098211250412,0.015705433293319738,-0.08584944860469321,0.4104997645426352,34.98143825108764
Maxe,-0.40832012159817443,0.24023822313142085,-0.08353177679757373,0.5309809425938559,21.67404474140487
Maxe,-0.25465053106957974,0.1715456730866572,-0.019735162919746075,0.3853755827438932,32.395187147751656
Maxe,-0.8120436062025977,1.0056048377991966,0.12070913960658115,0.6922902971902273,13.368364096067621
Maxe,0.21943053626176084,0.44111825422032036,-0.028713305808062438,0.7683437557481327,74.88418592451487
Maxe,-0.5870212571865061,0.16252351113554928,0.09367149040131781,0.5508097378767816,31.146334962863037
Maxe,-0.32387459290117354,0.17159991294480975,0.07895385202838143,0.4591877855741521,27.47748142496635
Maxe,-0.19075048542445527,0.1680110243078534,0.09586988867582809,0.4571594984067728,40.83002976758043
Maxe,0.13300025246490763,0.0726466401925329,-0.1050637853143563,1.1146413228109502,68.86388650380555
Maxe,-0.2229223662072262,0.1565650027167202,-0.057050403848352194,0.5177408087404277,39.07132133903334
Maxe,-0.5996920499471732,0.03248016371471864,-0.049360506338872075,0.5050742138355488,31.13680280261709
Maxe,-0.7174243192179348,0.20675799745950782,0.013262850941492441,0.5590845603453504,25.949823442763297
Maxe,-0.27227545453365415,0.24674556362317226,-0.17735715977903502,0.7050354550011064,34.09956996255391
Maxe,0.3891240308795768,0.16291399222659556,0.005399439216854939,0.3045815222530065,33.339298589185326
Maxe,-0.43469650566276496,0.06347592676372361,-0.11754098025412708,0.4828494758932161,30.98870975118496
Maxe,-0.236642824962509,0.07672353685917642,-0.019041864324583106,0.5107790889754783,40.423391807209846
Maxe,-0.12037115641111915,0.04553039266793802,-0.08282317152491774,0.4220036528282123,28.141248047154843
Maxe,-0.11478000391660545,0.26649307624766183,-0.055097418495990265,0.5812065914659242,22.321421079994735
Maxe,-0.7112385196571782,0.3643816175959507,0.12184662469213296,0.5372515859095671,17.625455565736022
Maxe,0.1244591496049485,0.08229930593839123,-0.288409590039296,0.32514795255045303,31.5873752488487
Maxe,-0.5451194134357303,0.9921829245119588,-0.05187743049042922,1.7417446775295355,150.94410496854775
Maxe,-0.13822526588848555,0.24397576946365507,-0.20378973332805472,0.5279032499734883,72.25028827326577
Maxe,-0.21425662433654483,0.49270036835020337,0.18764024516118802,0.588573295356735,40.17505324194671
Maxe,-0.23893734022350577,0.12394480590072547,-0.19872342832224105,0.520092412452698,59.17258735310734
Maxe,-0.45298650079040637,0.09937920760201395,0.004639448203620237,0.4793278326289832,38.00695964577459
Maxe,-0.7134726240566523,0.885993319596111,0.040226508065570536,0.6847275973264542,9.895025142169288
Maxe,-0.4290392026102482,0.28313325737364775,-0.01920946858198293,0.5813438940014116,18.229472889158938
Maxe,-0.2793250182266157,0.037622787227326086,-0.06611044785171918,0.32198381523339614,34.4105065256715
Maxe,-0.45455284019791065,0.14004807460667912,-0.0671421244947372,0.4178853493558894,50.450122500879104
Maxe,0.1444231343097916,0.26745481500818663,-0.053846309067416484,0.49926214508109296,20.463769579911673
Maxe,-0.40088406368892315,0.44172742166226,-0.047378066170617975,0.592740377347676,16.375512056339723
Maxe,-0.23254212416505354,0.11642047085119582,-0.03723863044889845,0.3056563113282843,41.2699269251249
Maxe,-0.20320764295907567,0.9033426835828686,0.23015636982583176,0.6318857230132174,53.01834950172469
Maxe,-0.5985002486375064,0.8038987462409924,0.283077364343043,0.7436778983410085,37.37784780340303
Maxe,-0.25392835188671453,0.266195646274755,-0.05432933862429153,0.35117964299824567,38.46446750176216
Maxe,0.13992002609943252,0.25108360056649964,-0.21525703886245987,0.35211670692601665,34.16380103338365
Maxe,-0.5764712357089747,0.09436390615311321,-0.0004083147725225605,0.5747054424858393,36.60724075272606
Maxe,0.07927237406006123,0.40188879061804783,0.10375041937641187,0.5523556938939806,54.201391175030786
Maxe,-0.8589170572654314,0.28247032775083414,0.11627645947574468,0.44726601058372595,34.6872236863636
Maxe,-0.7352706759754121,0.11117807742537249,-0.0022348704281862876,0.5811598007144568,39.49078776656696
Maxe,-0.14390568467778403,0.1258908446997707,0.15245644612946596,0.5026743738038953,23.515928395503337
Maxe,-0.268277255704406,0.2806001091618914,0.04281963621584984,0.6194505434390664,67.27606631729385
Maxe,-0.44699724876610725,0.2760772280788193,-0.006003022583807588,0.6227398970562927,21.15608226669042
Maxe,-0.32674533357390056,0.11035704086974696,0.16035128207703958,0.8046866745970838,26.328237493153374
Maxe,-0.8746402943119221,0.420740571513608,0.1551515295958014,0.6138736067810481,22.77577590985419
Maxe,-0.32447008171772457,0.41126014439432373,-0.08576879613890467,0.3225783735854026,45.669525773729745
Maxe,-0.1977659888551978,0.26876478679474125,-0.22857649756622703,0.4588749042722814,28.582512111912372
Maxe,-0.6170476565335967,0.2821138617541821,-0.2086620483800577,0.34040502181094334,34.87653378654087
Maxe,-0.2552921466458213,0.1311648706447777,-0.2531598425444086,0.3774255199336213,30.270358579332132
Maxe,-0.5021213466554824,0.3403199178998665,0.02745829912093753,0.608053638899409,32.13977131315621
Maxe,-0.21956226365356435,0.3099569664447845,0.06126742545124578,0.44948134807921536,48.363520026578406
Maxe,-0.7376052525793386,0.23434097268389636,0.08317452274186338,0.36095396910496025,49.308922767255424
Maxe,-0.5183223883310971,0.2240792936333698,-0.13747358500870985,0.3956826937967129,31.99914631982448
Maxe,-0.4708307998021246,0.10597883834037218,0.06339416172925007,0.33034456208183577,34.28329323433587
Maxe,-0.555593174703907,0.6513995429285715,0.0963789220642719,0.5948929030611484,58.57145637846405
Maxe,-0.7640724234730445,0.1357320904618587,0.1356263004382937,0.45977404671104216,24.303543016802728
Maxe,-0.2168079111656716,0.23978951515155086,0.0075028860062860015,0.3289334428390208,52.24400991632881
Maxe,-0.41767142992887774,0.2826346073464206,-0.07434893768190312,0.3966533620334017,63.72972883791706
Maxe,-0.8626066838566467,0.3412005739250076,0.1729035425917723,0.6350481314966873,22.08387754392707
Maxe,-0.4015134899722418,0.12711074997959199,-0.17555311180289757,0.40898484250406203,27.157447671314443
Maxe,-0.5494429177822692,0.3329923356321197,-0.2557936976197182,0.44023293923756546,59.95872073357077
Maxe,0.10141898672651044,0.14285626123665676,-0.24335160141750103,0.3664458145899512,53.30128974614089
Maxe,-0.8225899794710642,0.7138040906363537,0.2719447508752839,0.7025745219835691,41.16744460800474
Maxe,-0.23453970144911898,0.09984163747953088,-0.12158629075567287,0.4753698037953217,39.51998664805908
Maxe,-0.6747680434346186,0.10187549400495592,-0.0353083252911089,0.48691721591292747,33.27275350412103
Maxe,-0.5815735838810345,0.6498941606338441,0.024895443590617607,1.050784537381781,20.290253197228708
Maxe,-0.3433351593529456,0.1746000559901886,-0.08365532428850588,0.2881711008914132,43.539679155445086
Maxe,-0.5280180141906249,0.4732190694381119,0.0983818916798487,0.5536561391805047,23.25735370840205
Maxe,-0.7480021028941932,0.19063334897833784,0.1653041912003328,0.5382458207790919,23.978947070795385
Maxe,-0.6442332437521305,0.1667417701468567,0.16032972955996336,0.4170835882352232,44.48183049292052
Maxe,-0.17578452649253873,0.17898625643287502,-0.22820589626715432,0.45292329156638317,49.20738925376236
Maxe,0.22502958665963924,0.026229189530521925,-0.34270246189882725,0.2832587966321421,39.91410478465921
Maxe,-0.4640685918598031,0.11652253209987044,-0.15815258394140885,0.4207092969043679,24.676158244060183
Maxe,0.11194242945693714,0.3743577777242454,-0.08691495665753901,0.3336393606102068,36.440540365380926
Maxe,0.40546614662803837,0.24012172572372803,-0.05322234538020312,0.5808537447818259,64.49451362367537
Maxe,-0.4534306665354925,0.6071864225702857,0.08230135367173899,0.5450097732079606,58.50551642902867
Maxe,-0.3543325252131271,0.28615405554236684,-0.04083592642806691,0.47398204419933426,18.515568989706836
Maxe,-0.6049738865436378,0.17013426270049906,-0.1256536759644871,0.4611277517593338,49.1272936487429
Maxe,-0.17775111552416645,0.04922425953855902,-0.31619826316672206,0.32235417263985544,39.67260124380832
Maxe,-0.6285359901009516,0.33394731293007546,-0.11901970603049922,0.41253742286015177,29.793214873101096
Maxe,-0.5730363522066622,0.833234467808672,0.32652025125662887,0.6610813463839852,49.991022867914964
Maxe,-0.21580981620502432,0.0320756813513542,-0.11000828902619694,0.44985442701894884,27.945488955878698
Maxe,-0.7691640771626593,0.11879159688498112,0.005112922364526396,0.44582850652274064,41.25098947895587
Maxe,-0.22829096652275793,0.2643404903703755,0.02410042283019865,0.4993803530092707,24.594791470665456
Maxe,-0.7497950230379584,0.2607967137206081,0.11625041461590445,0.6126875752581553,39.00258591309196
Maxe,-0.4752526967759887,0.46163258300390364,0.022865316617846423,0.5817204841799344,20.292999056384055
Maxe,-0.8657247044137224,0.13466548556263305,0.26384785927406973,0.5095161387404777,21.02488016430179
Maxe,-0.8528869822444893,0.26359722871714053,0.11150182119357678,0.6645467982180894,25.454535232278587
Maxe,0.20618418940431424,0.2007402605516413,-0.16164306041271648,0.32487390129740873,44.44222941225852
Maxe,-0.23112297233139772,0.44710682950914205,-0.07183049233978146,0.41403330706908564,53.92675429997507
Maxe,-0.25595645378042914,0.3465392250424416,-0.14212457366748962,0.3065856829543607,47.146541459160844
Maxe,-0.7000654479494305,0.07474160845360406,-0.030972447420990454,0.4942041996962493,32.50763287707364
Maxe,-0.6627838703945294,0.6808391669075878,0.1812974399415839,1.0583256741879448,17.451666220189086
Maxe,-0.22114439722014786,0.1724354964212584,0.08981198806911862,0.5290497473886615,25.84052603746032
Maxe,-0.11586776159260953,0.048551547542657496,-0.2541337549159905,0.26587076346254523,48.2789623872922
Maxe,-0.8465855226563639,0.11323578059607915,0.1803131712237856,0.527381607053632,47.47140899283291
Maxe,-0.45988846413712947,0.15517622350743182,0.11145771205485022,0.48383835287561583,21.25042220810749
Maxe,0.12742453638690185,0.018170552784881482,-0.09127914401152348,0.3428565182046562,38.907284521130755
Maxe,0.19869629820086743,0.3592360112234541,-0.07662776555361091,0.5392297591324883,52.03824866887198
Maxe,-0.8019208795878809,0.5538106123430575,0.022199071746263024,0.5682029520210791,21.313441835157334
Maxe,-0.062153285014636475,0.3206247633168942,0.006693914893138014,0.354133032563676,40.63158485534644
Maxe,-0.5038733760815028,0.4517927540430907,0.12559402255482055,0.47763440979266075,28.211627231932027
Maxe,-0.7374798191594651,0.16731655009486288,0.007668000485054786,0.6026972957264555,35.20491984915544
Maxe,-0.7525545189219335,0.1681622878333055,0.03328612698719149,0.4954698192470926,29.767475074859362
Maxe,-0.10105683829445716,0.17270792531306897,0.01882952904289933,0.34098399001105184,59.41949658231305
Maxe,-0.24079782433289693,0.09192411592765035,-0.0892111204559366,0.47145582623671345,29.12565513418707
Maxe,-0.10187878023963715,0.1503967686891352,-0.016715228866819226,0.42857506331267103,52.029881831642484
Maxe,-0.5273942695691552,0.10065979555501574,-0.08858881262381893,0.3796260301882136,34.306821213146435
Maxe,-0.5121870832277601,0.4313571632717993,-0.0986337539159134,0.49030363689502116,32.997329797520315
Maxe,-0.5552417958233384,0.2403185907521979,-0.1546944600591133,0.37836299337965185,58.80064966516418
Maxe,-0.1975278170102664,0.25107103482760573,-0.022653418602659528,0.42357517884012785,27.844375691483826
Maxe,-0.2842040512305176,0.3425785448708073,-0.1846544444833821,0.2989609336797792,45.739882433840584
Maxe,-0.6576043369723124,0.21949617091783744,-0.08186313942081996,0.3046915404243254,42.27926660160198
Maxe,-0.3508877063323844,0.14591549744899235,-0.021941535120625064,0.4745466162911178,28.980629227346306
Maxe,-0.6601687005237084,0.10152261122334871,0.26044613746251133,0.3589689925154171,42.260099176043056
Maxe,-0.6307192254970604,0.058027910589401675,-0.003966982458397355,0.485617660179911,36.580264816168516
Maxe,0.2205476234788501,0.539857127280986,-0.022828960069469786,1.296478704244266,94.59223837381022
Maxe,-0.5340123458725401,0.25281130247209466,0.10806796685756583,0.5416781701597547,21.06481776552272
Maxe,-0.26295462703350936,0.09466621040801063,-0.2943222756577332,0.2470469436134927,48.205512853661965
Maxe,-0.7314937419314438,0.5811697271665186,0.2199510900146582,0.6469680422786568,15.630953849452396
Maxe,-0.4284708875926234,0.07930588531042275,-0.06810903309513698,0.40943789448955054,61.4209700911641
Maxe,-0.3060081225189775,0.08233845487184192,-0.1818561276483655,0.49709228746417655,33.86017222084891
Maxe,-0.6348497947089082,0.20849265549562043,0.05063916203125365,0.5324738799645954,28.259961959968823
Maxe,-0.8634176038458481,0.3328788501574495,0.14802623388251798,0.5892458838553782,49.63446978193649
Maxe,-0.24470282767041818,0.11534761156051472,-0.21486159894329118,0.3446183361819013,45.30146443040277
Maxe,-0.3039265431780115,0.10678800521250076,-0.029246250927002754,0.5251102061681602,27.469734401953247
Maxe,-0.27382323601594616,0.11910580182677402,0.03374130048288467,0.41859569876578157,31.32108366060269
Maxe,-0.42474260967550526,0.1478896045392023,-0.0668193050798467,0.3135634583854485,42.67713532063483
Maxe,-0.8587522001437797,0.2256321580363471,0.2553972973638008,0.6274192683119503,30.265744991499393
Maxe,-0.27823996625934855,0.37353157322043995,-0.19144238891402668,0.7253685413700175,44.54066861053872
Maxe,0.11566130493900098,0.19048266183707063,-0.19431243433463471,0.419213980001306,60.46503188017012
Maxe,-0.48729358500744424,0.05748325277673012,-0.2593698826556297,0.4196354328365437,28.985968040466815
Maxe,-0.4741163849894753,0.3311836539389341,0.035982306651576194,0.4686470894745242,60.22643364788706
Maxe,0.3064386850062165,0.21221349810495668,-0.16244782400830232,0.4391665630357336,37.36246727368754
Maxe,-0.3181981128538065,0.11877625484278446,0.2524125879605591,1.1524510040380531,95.45140754782769
Maxe,-0.762590929248854,0.16772937889396242,0.085080439311948,0.6299402735522592,29.069495746105062
Maxe,-0.7806937535662712,0.3821586674484426,0.08915463838745519,0.4524456766495757,50.252296650930894
Maxe,0.06063775873474274,0.10289351184765456,0.04851289023386348,0.5153056934037967,28.092568250963502
Maxe,-0.29112428255237255,0.23340597570353178,-0.030173160873693938,1.3426423355280668,93.9248235440816
Maxe,0.28836425089126305,0.4702473927528662,0.1393718626036757,1.2954676426244536,95.55229966845185
Maxe,-0.8464966320322967,0.7462257992496539,0.056684398340382504,0.6837573442733307,55.02690271672024
Maxe,-0.32331466784840257,0.2196997097450854,-0.09403642195386794,0.5391807578076279,25.721600742331262
Maxe,0.35545539452641595,0.6704163529199633,-0.0053807628964899976,1.5186088828098978,80.62801572113904
Maxe,-0.41143809812008975,0.3494435741538264,-0.1347580603317832,0.5862885839942757,51.85515526163889
Maxe,-0.7058680896172062,0.023420499907858335,0.1246070598137349,0.42519320080540013,29.746488196933566
Maxe,-0.42907269434416295,0.4605622490368243,0.13277550391482232,0.5962943791315305,63.35171415547271
Maxe,-0.5727706575010212,0.19170004248407727,-0.2096035088227291,0.3700187584294602,37.17044503851757
Maxe,-0.3067736403329564,0.10960245728404874,-0.14267614235241083,0.38328202882418333,40.25016546049195
Maxe,-0.3938036219146874,0.09248455738637196,-0.018621845110122232,0.2854185580377181,39.6542621839112
Maxe,-0.21219858384423712,0.05272484177643154,-0.027186291542045878,0.35851462827688363,29.304601860591216
Maxe,-0.5047995894508674,0.08693215974015323,0.11044130629224673,0.4553799444975756,33.38664369622699
Maxe,-0.22525494514934508,0.11446695649784655,-0.176174585467953,0.2542823460125588,41.48107504051768
Maxe,-0.1592470286049043,0.38627125814794383,-0.28930521978120904,0.5531247497823688,66.76860243285637
Maxe,-0.7554997756172959,0.2547501880625508,-0.0416775248633151,0.5904806637317773,30.486388843344763
Maxe,-0.5149226024169146,0.13764006939048884,0.0624590472794485,0.4577460049950215,35.66683831634109
Maxe,-0.6332715950134455,0.05303805095034343,0.05853455594271718,0.5005361241640706,28.756018820221946
Maxe,0.1878003806566133,0.17481702326713106,-0.15049347374579777,6.29068034213254,266.79625581025255
Maxe,-0.3901663555453092,0.1513192908332308,0.08769290326242886,0.47274878757832195,21.214495487834256
Maxe,-0.6305220240357012,0.08827825308807645,-0.00707704369205316,0.4495708588463875,24.584317847136045
Maxe,-0.7124295367858076,0.4674882204301675,0.20201506529349575,0.6372957743525317,34.479302386037006
Maxe,-0.3933942945107059,0.6238386866972954,0.02594947049778761,1.2851235336903122,57.72645402890455
Maxe,-0.453379016411832,0.08590706265046956,0.011159146493064596,0.3172211519227533,40.087811884904774
Maxe,0.2203493641746332,0.25506188269780095,-0.02609863653987127,0.5073811500456602,44.33583644835234
Maxe,-0.2365242568081623,0.25772978059887547,-0.023764012623289647,1.259091609134874,85.96187368822375
Maxe,-0.34608994283415123,0.5745608965908342,-0.06728036315477079,0.6624131926032036,84.92617928496085
Maxe,-0.7403817320128383,0.19072742103561374,0.08718254428549833,0.5608226659602871,19.869431582909904
Maxe,-0.2894315299675837,0.24125190256818146,0.15719782253019854,0.5731292855476253,26.205539989303617
Maxe,-0.4620151648756903,0.30339329118205766,0.12589525163340917,0.4370308238410515,45.35904864833567
Maxe,-0.5935757222786888,0.6700185820597616,0.2186895350660903,0.6778301174858999,17.614674552066518
Maxe,-0.6628152988277073,0.5903033948020789,0.15339836813951893,0.6542738631121121,43.89028086011642
Maxe,-0.5539748886190825,0.6029387155549075,0.13641383693488163,1.271524430107119,109.8200867145849
Maxe,-0.7046608119498009,0.3009766814704855,0.19971734054044915,0.6500652438181765,26.35679771782908
Maxe,-0.5337010826094979,0.4128976623603749,-0.12551565175882107,0.5331536135622553,62.820602341316075
Maxe,-0.09609486817350524,0.09721325786291421,-0.08998297040337117,0.4517019509533022,26.874516507804532
Maxe,0.1502526697211999,0.07275439288241145,-0.0998746886005064,0.28384678174588457,40.58115317671284
Maxe,-0.06984029849413062,0.28238890436381636,-0.25227453028427965,0.42356291507174826,37.84234387947765
Maxe,0.47734991577942354,0.1850546885483415,-0.1630781256326947,0.5480775805538571,57.7939444969128
Maxe,-0.40186212518873826,0.013646851955442213,0.05310854018069439,0.3669564850158728,51.35454379293672
Maxe,-0.4664501070286618,0.3241161254404666,0.013005719091888447,0.48962344465981494,17.536977421807332
Maxe,-0.6942037918421632,0.09461250066920648,0.029190415502721386,0.5559585040821982,38.381012065586965
Maxe,-0.11450888910234214,0.19302333963010262,-0.033011408589479346,0.5675357354349047,30.909677425118545
Maxe,-0.08266748390821785,0.6266649801404356,0.37900684428287956,1.3423116133201223,120.20317302485778
Maxe,-0.146416870213266,0.1397506818067828,-0.16662379370726163,0.34524417070919394,42.83998520074992
Maxe,-0.14883628875248173,1.202277087411402,-0.13342398862087837,2.0107002229013,97.27835063277719
Maxe,-0.6665840790789618,0.1282708196733348,0.11756205992017621,0.5902858265696159,22.46425136318135
Maxe,-0.4822803322384969,0.1059156455976771,0.17134844974900731,0.3444463461051514,46.317464044334926
Maxe,-0.29158457979131,0.34294351257404143,-0.09160846277563076,0.444470186987628,51.60506482892109
Maxe,-0.37469563773595027,0.215548796696767,0.013583452093498273,0.39489661173568436,29.57227321493695
Maxe,0.2551017257355227,0.5368872992490024,0.04312889803828535,0.6913527802307659,76.90650574370444
Maxe,-0.6704804839749975,0.18511769981246348,0.11370591195329775,0.4683088078226941,31.46069861170472
Maxe,-0.30746848343521566,0.1380901147070713,-0.35922158107834395,0.28781857240653064,40.00101154442776
Maxe,-0.8642659309715339,0.43201843445311566,0.2919391407646903,0.6647053881194152,20.923522374360513
Maxe,-0.3677989731383362,0.11993207145922236,-0.22056161727772272,0.3271671050574101,52.54650413631819
Maxe,-0.6560428052738891,0.37521550547725013,0.018556528495739567,0.47384570611375837,24.98954537499269
Maxe,-0.6275216695224078,0.06867809671442666,0.06279497557755209,0.5081919788550641,33.211819694067486
Maxe,-0.23549091997653646,0.24248619062074592,0.0544258192829165,0.4543941886541229,26.605649647867416
Maxe,-0.051304203256578605,0.07237955045138175,-0.06557369393973725,0.4083764196470626,34.89110159762026
Maxe,-0.31215097979663653,0.10349906719239606,0.06842666359336073,0.5723701965410356,30.01455367006966
Maxe,0.22165646327307742,0.3239433908977282,-0.07457380273722382,0.821356356884492,45.784136682103416
Maxe,-0.7313438215009358,0.20861266028860767,0.05381198609531896,0.5698193098287457,43.21986827314372
Maxe,-0.6985493904296824,0.655055336622662,0.0730489669609561,0.6526551017459934,45.71887719463903
Maxe,-0.14756441802200568,0.1830312176614645,0.018468951012944414,0.5999708128783613,33.837601890553614
Maxe,-0.36693176809180983,0.17729167887647,0.1960264288325224,8.381415172331554,269.7219194790162
Maxe,0.32968723581938664,0.19049609702345457,0.1475860804458454,0.40730725714045785,36.306773107776
Maxe,-0.593437245684114,0.2746049558031496,-0.03580885489538386,0.5741865558852567,16.665141975162435
Maxe,0.3626607364079537,0.23624030239992896,0.12898989012821704,1.353421225796227,59.11750977224486
Maxe,-0.22048167130905527,0.2171254401571574,0.004199343358252848,0.4348435745393056,37.15338667590308
Maxe,-0.439307643224205,0.05965686967451382,-0.07986149621162121,0.3618805120468359,31.283189604825946
Maxe,-0.5692342767240056,0.15298699183145795,-0.03710386197528102,0.47586571867722366,25.967367037680834
Maxe,-0.48913769987010147,0.49229619942106567,0.2219989966900483,0.4200412121392416,55.607994791630574
Maxe,-0.5968987812367006,0.8570237640178329,0.1808947029665091,0.5130020558060175,71.28897865061192
Maxe,-0.6146031817975135,0.05801495782949227,0.1374972645323987,0.5848722247539808,37.664801413158635
Maxe,-0.6106988430046054,0.13443204110803755,0.04109197706941804,0.4138913786916458,44.95891717421263
Maxe,-0.2890167530759654,0.20783534122950828,0.03307645059097656,0.4719913037303367,53.613043016920976
Maxe,-0.6175948369861897,0.3664699273986988,0.10721669864002818,0.5638616651945371,34.37277607819844
Maxe,-0.26516213333555266,0.16538663745216553,-0.06324685063090354,0.2527955881020884,43.54212880945218
Rand,-0.3496975065241246,0.3696897784546553,0.010181825755750643,18.56124082294976,50.526315789473685
Rand,-0.5763710483590149,0.4379943992834908,-0.01902320932230134,0.7203389700203102,27.368421052631575
Rand,-0.3045335594268641,0.0671418473812668,-0.14513949875919394,0.471419876408468,42.10526315789473
Rand,-0.16086918535971317,1.183813494000125,-0.004872886568734167,16.51272190064919,18.94736842105263
Rand,-0.12873463306582106,0.5288232812388457,0.09706879626041344,7.6886949576767565,61.05263157894737
Rand,-0.25657972779855226,1.2521187964531626,-0.058185200376516734,1.691935435339115,56.84210526315789
Rand,0.07455388044157847,0.48152909055005005,-0.24239947579886834,0.6608825333965751,50.526315789473685
Rand,-0.16939378450154605,0.9430056567580773,-0.05292725550741602,506.90011742008744,23.157894736842106
Rand,0.44093993495764877,0.5685025525341947,-0.19066954416324883,2.0326599181509803,52.63157894736843
Rand,-0.522331830664714,0.08203440303118045,-0.02086797709643718,0.21870988262544244,46.31578947368421
Rand,-0.2261334779395816,0.6138842577994514,-0.17511673962558294,0.5405445639174311,31.57894736842105
Rand,0.2857863037071773,0.2911810343360759,-0.2746713661781344,25.09551527012298,50.526315789473685
Rand,-0.1921352222520785,0.3429825053697443,-0.18819045345836594,1.3512573919663329,48.421052631578945
Rand,0.4550850960974705,0.3414429980231172,-0.10895138984699329,2.470802921907837,54.736842105263165
Rand,-0.724835557706786,0.8710306541792289,-0.05666743292423697,0.5818203808787935,69.47368421052632
Rand,-0.19108791499683464,0.35626652051452534,0.028896893019054435,16.098015530803462,56.84210526315789
Rand,-0.5721690274216258,0.3853372396607728,-0.0790573309316168,0.6612926622843082,37.89473684210526
Rand,-0.5569698799241396,0.763251679545726,0.07076249938711206,25.19231649013459,16.84210526315789
Rand,0.18364979184193025,0.5631369757308409,-0.024074752190678644,0.8545886389049019,35.78947368421052
Rand,0.31930460043621717,0.5843809979680774,-0.03147365652449588,10.803668879320835,31.57894736842105
Rand,0.14313320125130505,0.6155452709546839,0.01860082335666203,2.0065492350816454,44.210526315789465
Rand,-0.4024728865855206,0.76996511169754,0.05207280159881315,2.3463063875045163,37.89473684210526
Rand,-0.40676735946985765,0.7004013526297002,-0.09527106361388445,2.987442520853898,46.31578947368421
Rand,-0.3545565407150608,0.06654591474217589,-0.05416342060698689,0.39963864465440974,40.0
Rand,-0.4727330255236424,0.31110548369464003,-0.0946541992822693,0.379000161305592,33.68421052631579
Rand,0.20659582352784667,0.49542979969551926,-0.14616940045898127,0.9260017973137104,44.210526315789465
Rand,0.33079321895221986,0.2764639198236504,-0.14860388839809296,2.2814236598000117,35.78947368421053
Rand,-0.3205517735222013,0.48048492312932345,0.06724449037546025,2.0621985740345057,35.78947368421052
Rand,-0.16159315374737035,0.05213690543139053,-0.27034984764693076,0.31962649889897576,54.73684210526315
Rand,0.2429945660099308,0.6247689877760559,-0.1621565342242118,1.3737857970602543,54.736842105263165
Rand,0.3451986912374582,0.11910482387518573,-0.1522095234614105,1.1471918591834331,48.421052631578945
Rand,-0.3566404198769436,0.6403389051172436,0.006427427805744882,18.611744777874524,42.10526315789473
Rand,0.1980990169888166,0.17037852009999938,-0.05387330718013284,0.3662608210841914,48.421052631578945
Rand,-0.34872076045027334,0.4762522508466769,-0.23175869253084638,2.7658682179264944,25.263157894736842
Rand,0.4021442600073537,0.154946142746118,-0.2298233527977118,6.3921335706167905,50.526315789473685
Rand,-0.42953178201061337,0.6782812524249661,-0.04643259986304863,1.3477289010907747,33.68421052631579
Rand,0.1807331813142099,0.1689385746032547,0.0671302939389149,16.084548251274228,39.99999999999999
Rand,-0.6363038907409984,0.5425602590988831,-0.02046062923617989,1.2071517597202337,31.57894736842105
Rand,-0.35038638683212664,1.2524381838215568,-0.004019243567752566,12.72187214107603,52.63157894736842
Rand,0.27699748898577214,0.27056528568553145,-0.036971798266198105,25.071339860071763,48.421052631578945
Rand,-0.4274904013973983,0.3009313257946432,-0.057900627493307585,0.6510913026250704,65.26315789473685
Rand,-0.623573816464864,0.7334021904105372,0.17186696058300535,10.498869728345918,50.526315789473685
Rand,0.2676971320921848,0.43388463462122856,-0.17760605307285196,2.5495684877283002,31.57894736842105
Rand,-0.5034487245411445,0.5770657538651254,-0.13436580661076622,506.8849531391011,33.68421052631579
Rand,0.3495074711608466,1.281170849687766,-0.0753972252524028,26.471090488968233,42.10526315789473
Rand,-0.19107015072566733,0.7410779425706984,-0.11136671117032855,1.42767233272734,31.57894736842105
Rand,0.3668890266121133,0.17883129743930298,0.08258126628068438,7.365458766584193,67.36842105263158
Rand,0.3939168263755861,0.06370620691834464,-0.039743854213924436,0.2518622441476908,37.89473684210526
Rand,-0.5396344538332671,1.1239249917860419,-0.052889502231652924,11.746859261754764,58.947368421052616
Rand,0.14802188484257697,0.22371601362493307,-0.21037237031556005,0.3872809766415198,33.68421052631578
Rand,0.6159102772159264,0.6267149888441383,-0.15058795052155957,6.526959049829292,58.94736842105262
Rand,0.33510453393345874,0.509961724480771,-0.12755241259074834,11.538017255426235,63.1578947368421
Rand,-0.20581851603623216,0.3714854491930415,-0.1385084742097027,6.380250776478788,37.89473684210526
Rand,0.33334270579073705,0.44025428845222814,-0.18345657410973035,25.23030563651078,35.78947368421052
Rand,-0.2034295062689277,0.05898581299129577,-0.2870293487746564,0.3456084734853294,56.84210526315789
Rand,-0.16569490326042186,0.08565568585586238,-0.16789868406988723,0.26908179003481114,56.84210526315789
Rand,-0.23171560474127487,0.44968690626945973,-0.13630543451419042,1.3962694024850641,54.73684210526315
Rand,-0.1771070055346942,0.24661096300208313,-0.13422382282337797,0.27164206298223315,31.57894736842105
Rand,0.12064130775076726,0.13056139555318164,-0.20414964311342165,0.35721137826682015,50.526315789473685
Rand,0.3214271160014448,0.9685067294862852,-0.12201188926589465,19.649714339953253,40.0
Rand,0.15570407241638898,0.12875224317873396,-0.013649784888537464,1.7636814978384385,50.526315789473685
Rand,0.20864148696108142,0.8938941540726656,-0.07665208249560006,7.223593082774442,54.736842105263165
Rand,-0.7859960934787149,1.0060861906199938,0.16178189391645956,10.7361419198167,37.89473684210526
Rand,-0.33053601377529906,0.5399952290232839,-0.03041437711605704,0.6973724747760013,37.89473684210526
Rand,-0.2136770064799854,0.27057679175192056,0.003532965585998764,0.5809634929885252,42.10526315789473
Rand,-0.41366536756525785,0.47317898423211363,-0.12180015061317764,10.520684282240607,48.421052631578945
Rand,0.26781178988180343,1.0801319853098654,-0.14266196314362625,17.67947369538236,48.42105263157895
Rand,-0.06334947897703376,0.2521002031385923,-0.03048270205314654,7.65873252567854,54.73684210526315
Rand,-0.3983538927897341,0.7159482986715673,0.04009535011547117,18.712053680690705,29.473684210526308
Rand,-0.3230019247901549,0.1420028597252248,-0.28004127873237133,0.48314097862740774,58.94736842105264
Rand,-0.42610065604056646,0.7799587924851039,0.07090175220141398,18.670838327646663,37.89473684210526
Rand,0.33901373115289685,0.6068685046086268,-0.10700843371482426,2.9498306751779704,42.10526315789473
Rand,-0.22081829917915208,0.6282797870491414,0.012905936694729213,7.093816917330617,54.73684210526315
Rand,0.3695296785220109,0.20187451578490326,-0.0677403482966762,7.451019763686772,50.526315789473685
Rand,0.3781617914261753,0.43541499159005453,-0.18287931199162907,26.014768653698283,48.421052631578945
Rand,-0.5257372312598436,0.9896288509342541,0.03207048374628102,25.282722079753793,42.10526315789473
Rand,-0.44057227526646797,1.4188399234861724,-0.09994493488660507,1.6404157547569873,54.73684210526315
Rand,0.3741673922700255,0.2260095089219935,-0.03731768537529209,7.448002370636436,54.73684210526315
Rand,-0.14925550611274077,0.3262905381583789,-0.2732304500440755,6.938916603452131,63.1578947368421
Rand,0.5069669753847288,0.2898395859988786,-0.17787466057651466,6.990039287974117,54.73684210526315
Rand,-0.490712759965159,0.440271424047703,-0.133934771371863,6.986949183136614,48.42105263157894
Rand,-0.1509245561085411,0.24501041294332632,-0.16035250185805414,0.6235198114046153,44.210526315789465
Rand,0.10159575933803822,0.994463322313929,0.06810051385508589,20.138036659357862,48.42105263157894
Rand,-0.28011561096098997,0.09765946343476632,0.03719061860189204,0.3399342287602552,46.315789473684205
Rand,-0.23773777545597213,0.48781621602849173,0.04185698723675022,16.32152757495167,40.0
Rand,0.34667798833286934,0.19698325992339596,-0.012875096487990392,1.819328966247848,54.73684210526315
Rand,-0.30965970374156576,0.8609831455215013,-0.03706737464964583,9.687227212461762,42.10526315789473
Rand,0.22490422912602262,0.3774255070471694,0.005419585737351125,6.967028491792944,58.94736842105264
Rand,-0.12452810964313474,0.48201602612477945,0.08338623153524626,506.8320722505841,29.47368421052631
Rand,0.4095942731950164,0.4729223473727583,0.03142620532832954,19.983485809286993,33.68421052631579
Rand,-0.25412786171002977,0.44857805641926685,-0.2311619840804234,0.6770801942100456,44.21052631578948
Rand,-0.4559155427274793,1.0360376743182589,-0.039682740439797685,1.533522556582689,75.78947368421052
Rand,-0.32424974207134094,0.21527933193278553,-0.1279581167934971,0.23160169918885176,40.0
Rand,-0.2749474992921228,0.8256784906220661,-0.09256515509358129,506.92688129747125,23.157894736842106
Rand,-0.12477410988606374,0.546293800398842,0.08133782339056433,507.0267559356919,58.94736842105264
Rand,0.17898700458527245,0.4627047021801146,-0.23742349261983076,1.5793167652312075,42.10526315789473
Rand,0.4578293572989594,0.4326004615414177,-0.17879012699314215,18.554706429380772,48.421052631578945
Rand,-0.358371673044938,0.275991845036322,-0.12139232991412292,0.8752901955602904,35.78947368421052
Rand,-0.07926033195598413,0.3792394567350618,-0.021899302270859827,0.4147951538448706,56.84210526315789
Rand,-0.3433553275171231,0.26851720371562493,-0.03737376397388722,0.516628406097103,48.42105263157894
Rand,-0.30726727779589585,0.9932006927165716,-0.1520491951958528,7.843606008188356,52.63157894736843
Rand,-0.3280554284607156,0.2868045328518145,-0.062246657974466255,8.507276106197969,40.0
Rand,0.2738976667008889,0.8146582807905409,-0.11880864018016152,10.71505987564007,63.1578947368421
Rand,-0.34098867170350705,0.33035875977033324,-0.219098627998117,0.36144335796417953,48.421052631578945
Rand,0.4745046134072969,0.42425819142494464,-0.0783648040673303,8.011570204444325,65.26315789473685
Rand,0.21868430747090373,0.6685570728336476,-0.0027434290063163198,1.7058948670752483,69.47368421052632
Rand,0.4949669116354931,0.1695141155316396,-0.03360090386759541,1.2573028219356073,50.526315789473685
Rand,0.18854680555936523,0.31531437172188465,-0.14185678695908752,1.2420929864538368,54.73684210526315
Rand,0.2779057224700425,0.8150145181860331,-0.15467287294493462,7.24449727510552,46.31578947368421
Rand,-0.4539902156743443,2.5877718003990497,0.13860143301242445,26.145581686020222,50.526315789473685
Rand,-0.35316171321495915,0.6930762165772582,0.06071201303091179,7.162002370406505,44.210526315789465
Rand,-0.16958159058450972,0.33833748545004044,-0.20406086547572516,0.27877025793034843,42.10526315789473
Rand,0.4250579676685705,0.6079812822867003,-0.1231024537515628,16.343944498864122,56.84210526315789
Rand,-0.5075564010245072,0.33916466976116083,-0.3387938846773401,0.3753735821504725,58.94736842105264
Rand,-0.286997786225336,0.8686359958509347,0.02917022822624849,25.3175019108561,33.68421052631579
Rand,-0.6199067261392197,0.7979737120082395,-0.019915606560026337,1.1104925664218666,27.368421052631582
Rand,-0.2500199028591667,0.19598401973065024,-0.28499096426150655,0.4790824264687808,58.94736842105262
Rand,-0.1495874971486609,0.4712081858008178,0.0035015369982932068,1.2220477932698857,42.10526315789473
Rand,0.26051679889091306,0.31636749638012424,-0.1295922772994577,16.338589580089803,42.10526315789473
Rand,-0.22516253403528305,0.8796451325504522,-0.06952237076861696,1.5882003299320198,63.1578947368421
Rand,-0.32338577109481637,0.2810120809247681,-0.18586124294592565,16.340750825025065,31.57894736842105
Rand,-0.4794978222656031,0.43184918615612194,-0.08327649990042478,0.449559871913541,29.47368421052631
Rand,-0.31418663482338577,0.7245906629712504,0.059725767082298147,10.601730199817691,61.05263157894737
Rand,-0.22268130284830587,0.934576900843556,0.0163130081393718,10.094397154625856,48.42105263157894
Rand,-0.17304359889324114,0.24940265092519573,-0.060747123840909384,0.6044095423889295,46.315789473684205
Rand,0.15898909466170935,0.4887106540632897,0.022436948239563034,1.4046157372073533,40.0
Rand,-0.6847532456114118,1.3202861392982435,-0.015369467411969094,9.134498331458532,46.315789473684205
Rand,-0.33637857956624007,0.40823802727218944,-0.09581994252124935,0.4569402910233884,31.578947368421044
Rand,-0.23994382398803346,2.144357252711428,-0.04339959552056229,7.768179055769508,44.210526315789465
Rand,-0.4881971715393362,0.6777289340269415,-0.16784597466349876,8.883328125147479,42.10526315789473
Rand,-0.363491133456608,0.7537438410518267,0.17126265026989476,506.9500409967493,27.368421052631575
Rand,-0.3633446226512929,0.23849863416556993,-0.11942695989059211,10.425956512723179,42.105263157894726
Rand,-0.25358259204061845,0.314803091575993,-0.09726288849929386,0.49060698882268255,48.421052631578945
Rand,0.24493428140055556,0.0995497041681814,0.015779219847450832,16.05791924196408,44.210526315789465
Rand,0.2369671335340457,0.8095241604020028,-0.0585371035055062,7.2484730568514735,65.26315789473685
Rand,0.1835260011406109,0.14415053443640838,-0.24424829332637482,1.2093555870125947,39.99999999999999
Rand,0.41535779198921474,0.24996575694776357,-0.28498518330800543,1.3876143976356619,42.10526315789473
Rand,-0.35421689534568074,0.809957291897919,0.008997170594619837,1.9190983203722785,23.157894736842103
Rand,0.16783457596690038,0.6663593400715474,-0.0009099751735509051,1.9528753546883406,65.26315789473685
Rand,0.21460353816077138,0.48085806937645525,-0.18983892808236463,0.8409529969301294,61.052631578947356
Rand,-0.2527347393580247,0.13932227851775442,0.027291793186588736,0.6626851248090408,54.73684210526315
Rand,0.2980504295914917,0.2925508886239725,-0.0069073652162803464,18.530700350961663,37.89473684210526
Rand,-0.24341574134436803,1.7419076883539204,0.0561028558557155,506.9705099577711,50.526315789473685
Rand,-0.42224917113879573,0.8591501713578701,-0.14086902065240292,2.2003286037416743,29.47368421052631
Rand,0.16580972659918092,0.1510740531075399,-0.046334100622685545,0.3273750237542869,54.736842105263165
Rand,-0.46200894304908435,0.4709451447728924,-0.0778460341313671,0.5758742016456748,42.10526315789473
Rand,-0.5573751533736918,0.03726795480829849,-0.05433726200757726,0.4955518050578889,40.0
Rand,-0.2269068323707777,0.2279251126875701,-0.20638510971870325,8.685704688081445,52.63157894736842
Rand,-0.18043449286743868,0.10357731462891491,-0.10557548484911945,1.0669513085792002,44.210526315789465
Rand,0.18538393339112136,0.5832429604858091,0.08043138343694003,1.329785605313655,33.68421052631579
Rand,-0.18899962912408952,0.5189009574392144,0.07394028769173178,6.958221648373221,40.0
Rand,-0.31301302183732066,0.9491035512540028,-0.01472800358475032,13.768224965231184,56.84210526315788
Rand,-0.42587513225446527,0.8256706136396914,-0.07183967923466161,3.2765889444613165,29.47368421052632
Rand,-0.4531348267145987,0.763356237252886,0.08518169653437174,16.42494058318607,21.052631578947366
Rand,-0.4827580194596152,0.6274477496002346,-0.11782373935464406,7.721098821585513,61.052631578947356
Rand,0.2209206993987347,0.3322304445224614,-0.18842355832347418,1.4224913428447203,67.36842105263159
Rand,0.10859186707658255,0.5373895380275646,-0.0918404206962324,1.7809868419789088,63.1578947368421
Rand,-0.42483725707832076,0.15086382064159956,-0.2307004109755535,0.5666534028299087,46.31578947368421
Rand,0.3040668963784959,0.18554100615945396,-0.036871599701016805,1.6419167685536484,37.89473684210526
Rand,-0.18246428803535802,0.21438163777575525,-0.1439683586213635,6.946779598169362,46.315789473684205
Rand,-0.2886315607138544,0.6382957100826169,-0.12124930057465423,1.4460130807215075,54.736842105263165
Rand,-0.8593030837716018,1.3417320473190997,0.13776283116483815,0.6658260430374449,29.473684210526308
Rand,-0.45389879747588313,0.25423809222174193,-0.03274227097268136,0.6333825710992808,35.78947368421052
Rand,-0.5049740697882903,0.6900962144124267,0.022972166789786155,1.6222885425918723,69.47368421052632
Rand,0.1898846239316569,0.6130461488662783,-0.029365735476362217,0.847703285860341,52.63157894736842
Rand,0.25660540314226854,0.3960913286604503,-0.20284159759207207,16.1939243463287,46.31578947368421
Rand,0.21745073928290923,1.125101122950642,-0.0009225073133250827,506.81634201351227,46.31578947368421
Rand,-0.364242674760542,0.6827839351824155,-0.06192602202834229,18.59318178354886,25.26315789473684
Rand,-0.6621474108946003,0.6443181902018674,-0.04457137475345058,0.8347766071062953,40.0
Rand,-0.25402615001807516,0.45077022273006817,-0.20765541831296297,25.364347908723307,33.68421052631578
Rand,-0.5658757525561087,0.5312611836079916,-0.09191386562765463,0.529688166560643,71.57894736842107
Rand,0.41030311550198006,0.35107680301578864,-0.1362203955293769,18.60462779270693,46.315789473684205
Rand,0.26353772846109413,0.8123115045398597,-0.07695482011968777,25.143313479877666,56.842105263157904
Rand,0.1485625739795203,0.3742781025147972,-0.19380847200338108,0.6350508565917097,58.94736842105264
Rand,0.17795054923661593,0.6826187670956412,-0.07200004466503714,1.6223540793854034,46.31578947368421
Rand,-0.2012579722608746,0.5000087869594723,-0.020848922217267984,1.3068753676341132,75.78947368421052
Rand,-0.1223479939715949,0.4382598832883162,0.022474738250002263,1.0296694630311343,27.368421052631575
Rand,-0.21472091657656175,0.20546616413976954,-0.18642216289428487,8.631102929149185,46.315789473684205
Rand,0.48590981878661355,0.8692911141446507,-0.12275189143591647,506.7968930918219,56.84210526315789
Rand,-0.25285763655053284,0.2648403198330439,-0.11524924019579645,1.1190897216096458,52.63157894736841
Rand,0.46851038573376425,0.3457403929583877,-0.22009455073239814,2.6509388281288486,42.10526315789473
Rand,-0.3389051563465931,0.6125262743891978,-0.11622295105778567,11.034973705599803,46.315789473684205
Rand,-0.2077137963506726,1.1090106798487003,0.058784533867385656,2.1477433683941793,56.84210526315789
Rand,-0.40785140738266645,0.38386165222826785,0.08521231552527231,2.117714208985921,42.10526315789473
Rand,-0.5469198672101798,0.5209030003176551,-0.27394973392765365,0.5349003961800428,37.89473684210526
Rand,-0.17029000630536478,0.04788904807546483,-0.13047217282415183,0.3857707352099938,52.63157894736842
Rand,0.24924478832010344,0.33982151308437913,-0.012271232716885771,1.6779251617580484,58.94736842105262
Rand,0.32944594452303305,0.43514862147500066,-0.09440770122983667,0.44289816332788373,58.94736842105264
Rand,0.2463021459492232,0.5994407741889702,-0.06648612910927688,10.48214964897996,67.36842105263158
Rand,0.15458277392045808,0.23866967514469958,-0.1033241280554825,1.3332250568795252,50.526315789473685
Rand,-0.3590439160700166,0.3762850407850887,-0.019818144957085185,2.572607568693058,31.57894736842105
Rand,0.28073760442298,0.46137214166499196,-0.22748842314335588,25.262791059970084,37.89473684210526
Rand,-0.4671743883766759,0.6522917453744227,-0.010738954174718115,506.92810159530706,31.57894736842105
Rand,-0.4370889275072256,0.7057382683488265,-0.012768422970420214,7.73070553044957,71.57894736842107
Rand,0.35065021437327715,1.3572455143078779,-0.14131602344935176,30.736872889201038,31.57894736842105
Rand,-0.47331410596345536,0.7870879001558196,0.06309541426061638,6.532429717495415,75.78947368421053
Rand,-0.1539928774748244,0.11609270507878795,-0.030517090422272044,0.7780661546993958,37.89473684210526
Rand,-0.45463683408998135,0.6733693057754988,0.11447937952693611,1.4845081284071182,84.21052631578947
Rand,-0.3129153210779839,0.2377673863380052,-0.026513333486538015,8.49680855171086,40.0
Rand,-0.13114483334942817,0.4676289127865102,-0.10356690404103752,1.4487895376806068,48.421052631578945
Rand,0.47427529219207976,0.46853129103394214,-0.20660850075426898,506.728382438114,48.42105263157894
Rand,-0.6164680890744337,1.2467434742487509,0.07684353908115983,16.487236036285633,29.473684210526308
Rand,-0.32674936176082736,0.6218295411408983,-0.28856965973612275,1.6685291494437933,56.84210526315789
Rand,-0.3987381750551335,1.3743270655626751,-0.0399936435862036,16.615048390634737,27.368421052631582
Rand,0.2734465997925664,0.576098291491029,-0.1828808741600316,7.090260419337853,50.526315789473685
Rand,0.2167673551145144,0.41760122652691845,0.08570973869852135,1.0983668257604344,23.157894736842103
Rand,-0.5741887071337446,0.6277303026080941,0.03518869999659806,16.392289567501518,46.31578947368421
Rand,-0.3133826477568451,0.9249285555812434,-0.0788145547215241,2.0475892860974176,52.63157894736843
Rand,0.31440820341304776,0.7362238875539839,-0.0853686910839781,16.24170914157565,35.78947368421052
Rand,-0.7228110432500794,0.7210738481103901,0.1133411048938538,0.6285004441051518,21.052631578947363
Rand,0.30711130459843294,0.5304936895915937,-0.26916405387806513,506.8597202460912,48.421052631578945
Rand,-0.20537571721056241,0.2083379369538693,-0.19825002069567033,10.45057402098679,48.42105263157894
Rand,-0.2593457622208093,0.6258919308930009,0.029174344126590465,0.9498614502194704,25.263157894736842
Rand,-0.7006991975875614,0.1463795485420581,-0.03746995335025531,0.3980393459287575,40.0
Rand,-0.2986985982092379,0.49464132508781145,-0.15223431705141713,0.9084298962402818,37.89473684210526
Rand,0.303213605953773,1.4630433351213692,-0.06782115311430886,1.718615386926846,54.736842105263165
Rand,-0.4459215310074223,0.39417125716208756,-0.11147194468823705,0.7502091362831255,40.0
Rand,-0.31227176954205166,0.532883374577311,-0.05107887355567926,506.86944231981556,39.99999999999999
Rand,-0.06832079610039091,0.19369250134587165,-0.13134854012357444,1.2549824108494165,44.21052631578946
Rand,0.46839837249445887,0.2615804619955448,-0.1878505686740173,2.554663109250422,44.210526315789465
Rand,-0.5366596209040667,0.3494388713835207,-0.12938301762829,0.6971314519736487,40.0
Rand,-0.20071052263456052,0.3406762964109551,-0.17039759571021576,6.919127559788883,46.31578947368419
Rand,0.1686708356745925,1.5677131908682143,-0.04627975728583737,27.79860571244288,52.63157894736842
Rand,-0.10687494156906883,0.8275875834413597,0.07151224940508932,2.6944186237878287,42.10526315789475
Rand,-0.46456522558518826,0.09964417915277915,-0.05810157359221058,0.4879647882926571,35.78947368421052
Rand,-0.7126598695213613,2.4279110251747373,0.11670795195169938,507.5987274447816,16.84210526315789
Rand,-0.5938689795709219,0.4038711074921516,0.0018458262263454327,0.35756629246693833,42.10526315789473
Rand,0.3878494134678918,1.0008810190248405,-0.014794674687150627,11.178222131242121,61.052631578947356
Rand,-0.33647492894185815,0.09158663218257888,-0.015820710967981686,0.613543491388054,35.78947368421052
Rand,-0.2187045368900212,0.2351712184750329,-0.1898192714215719,0.5024286943573263,63.1578947368421
Rand,-0.45334320267341643,1.2294281683483885,-0.15082831580283004,18.657235816318675,21.052631578947363
Rand,-0.3826907408979009,0.3880233001774932,-0.24390684061390427,0.5389217037825633,44.210526315789465
Rand,-0.461489669271966,0.40938014818212737,-0.052418975444150105,0.5933833773883579,71.57894736842107
Rand,-0.32866511891378575,0.48066068873101375,-0.042414794320137325,2.3442968135351894,37.89473684210526
Rand,0.3207483715284045,0.3326265962933489,-0.00619190825022923,0.8017104845646721,40.0
Rand,0.13510659789253643,0.255157795963428,-0.08238937090566088,1.274732277284932,58.94736842105262
Rand,0.2621417712229626,0.5180794607061735,-0.08683173219470687,18.60434573007676,44.210526315789465
Rand,-0.18129857186612008,0.16442300639765522,-0.13237741852907864,6.363528359291049,50.526315789473685
Rand,-0.416264341719304,0.5259076928649821,-0.14305737180728872,7.179130281892251,71.57894736842104
Rand,-0.41934637958388354,0.1259532921682525,-0.06675960031810219,0.4196402222046333,54.736842105263165
Rand,0.4184838548111093,0.39664038243200234,-0.12370938969980863,506.9701755139904,35.78947368421052
Rand,0.19063595799398458,0.3559209722643976,-0.22831767962175292,0.48996685740728374,63.1578947368421
Rand,-0.27988448129229704,0.23283724157673133,-0.11642685727215207,1.2713870786769077,46.31578947368421
Rand,-0.21967885124607214,0.21850888884834613,-0.01800351483697895,0.4702570389823619,65.26315789473685
Rand,0.1357758761613377,1.0851141056949578,-0.054974915007420626,7.692178455222936,58.94736842105262
Rand,-0.20743877241366265,0.33432144417784626,0.21651844296279812,1.417385323499484,40.0
Rand,-0.5472964198280573,0.567638278775165,0.006581763082998613,1.5772305493318506,35.78947368421052
Rand,-0.34959511574202096,0.24013392607658446,-0.17283832489333056,0.5053774521699856,65.26315789473685
Rand,0.3751866715521199,0.2211246509695747,-0.18392255770653795,506.71827564138925,44.21052631578948
Rand,-0.28059364047587776,0.5266663425445606,0.0696399833324579,18.351722211696593,27.368421052631575
Rand,-0.5800350984486567,0.66837939395371,-0.05372131186327128,2.0211887986804964,29.473684210526308
Rand,-0.3095795274149593,0.6432655179077978,0.014531334978496357,1.6628957685740169,65.26315789473684
Rand,0.3303752974797559,0.18734554470242962,-0.2306190926091558,8.534741971477596,42.10526315789473
Rand,0.43122348441031877,0.9020328809127627,-0.09528255753724248,20.016158198560387,33.68421052631579
Rand,-0.2290156825085955,0.3579327832608573,0.11840134300267571,0.610046464820225,61.05263157894737
Rand,-0.20689003350549473,0.2584441966868372,-0.2570230021339023,0.5310077158065981,54.736842105263165
Rand,0.37031934288562673,0.1842036685219489,-0.1846994216328237,0.4190257891798145,50.526315789473685
Rand,-0.24070087220259317,0.6635403075447004,-0.13121932962577898,2.579739171598644,46.31578947368421
Rand,-0.10692395145612846,1.4960587470336926,-0.07854085821051006,17.709132032982538,61.05263157894737
Rand,-0.19557967995170222,0.9085214087454057,-0.1447804909744362,507.22800604220066,23.157894736842103
Rand,0.24656214353369602,0.5072751790491378,-0.1892979358833982,506.8508987130358,42.10526315789473
Rand,0.4647932969022701,0.4733972977692324,-0.24976762520273774,7.64826843465801,52.63157894736843
Rand,-0.6806798395545666,0.5833154155843021,0.043711157176388064,0.6190366454887553,16.84210526315789
Rand,0.5204612707626639,0.3201243663740533,-0.17579059905253497,506.6919309183354,44.21052631578948
Rand,-0.18398639022070126,0.3932084559195849,-0.15909367420487053,1.3420380440184352,48.42105263157894
Rand,-0.5187979054556009,0.9298938239028898,0.05219979098123002,25.28691382315775,33.68421052631578
Rand,-0.27119780527428416,1.1219016136877118,-0.08297920355272717,18.510832625920752,18.94736842105263
Rand,-0.08068711105549607,0.3919176338680292,-0.2582344980100523,1.752571003096673,54.73684210526315
Rand,-0.6979267755265365,0.8058676328742431,0.1749008480670713,0.6663104623155864,75.78947368421053
Rand,0.1932008767801888,0.2703867106399752,-0.023053610249439214,0.5816057638384043,58.94736842105264
Rand,-0.4432860900218419,0.3055153121302019,-0.29795483540581225,0.432887881798684,37.89473684210526
Rand,0.19702408641303046,0.4989717831741901,0.014551624651853376,1.5417456200811859,48.421052631578945
Rand,-0.2399856815758301,0.22857665392417728,-0.16449172495414247,0.382898876041476,37.89473684210526
Rand,-0.5438755520849415,0.3420082664078907,-0.12944284833734843,0.3374573737990887,56.84210526315789
Rand,-0.5297373699580481,0.13982480447366397,0.027041984517819938,0.25298489340986524,48.42105263157894
Rand,-0.7341016135567813,0.850104230237181,0.18802197779771082,0.6459800478725974,77.89473684210527
Rand,-0.49405056547349946,1.0207230268142544,0.055198210421850795,25.268574244847436,25.263157894736842
Rand,0.18568569989788442,0.9561409302369288,-0.102042524586735,10.52860803486005,37.89473684210526
Rand,-0.5943869022902608,0.3567954504946037,0.09900408428287237,0.4061511035534237,33.68421052631579
Rand,0.3465161161824562,0.32106960866949574,-0.0286551810665804,2.075289001617905,46.31578947368421
Rand,0.24452912761186663,0.3131283789620631,-0.20444395862402556,506.81433756348133,29.473684210526308
Rand,-0.12256221559851432,0.7897017683899105,-0.16390836680126064,2.0390755766480555,48.42105263157894
Rand,-0.6266577587301625,1.2188335091745053,-0.003291917004449078,507.1233035955877,35.78947368421052
Rand,-0.33446991978852386,0.027398220765992486,0.05430266154878542,0.3609671395924509,46.31578947368421
Rand,-0.23811346076791245,0.9998219216807527,0.030131549844725953,2.5258579502030614,61.052631578947356
Rand,-0.5693790666925161,0.6542793922234512,-0.12867405377482355,8.907470088423254,44.210526315789465
Rand,-0.19871412500878233,0.054661358362518855,-0.39923613423721627,0.3837776954777354,56.84210526315789
Rand,0.08595221656979701,0.1899370434425658,-0.14150559458102047,0.7615072299194608,42.10526315789473
Rand,-0.2226886746154954,0.5284524284406247,-0.15835687871241813,16.46781941081507,35.78947368421052
Rand,0.5227732635108557,0.6586812949044302,-0.17496925975617514,506.7732025771573,56.84210526315789
Rand,-0.3879132874480259,0.08059104756966626,-0.13334213376671125,0.2059221332041017,48.421052631578945
Rand,0.1689784486143157,0.3071702873174761,-0.036840483631201716,1.287266468480774,65.26315789473685
Rand,-0.16942183820386147,0.9321355158820165,-0.1497491538602814,6.874674647768783,29.473684210526308
Rand,0.3076235596886788,0.8453363962639259,0.18189904897827722,7.547198644015195,73.6842105263158
Rand,-0.2569403078068737,0.8179852364915889,-0.15397764145535162,7.134085938391295,65.26315789473685
Rand,0.38890367902439316,0.43668802751671676,-0.18431603315074382,19.764876622104932,50.526315789473685
Rand,-0.26209270046748745,1.7425799418935974,-0.031761443340886944,9.210861244008836,54.73684210526315
Rand,-0.1752481999182166,0.4898721462703488,0.02266515748148927,7.569154878027863,48.421052631578945
Rand,-0.38793754990151075,1.3241716306739755,0.047083133997865234,25.36601247190968,52.63157894736842
Rand,-0.22942069927677636,0.4891740927185383,-0.14901661601323982,10.32240489407628,52.63157894736842
Rand,-0.6897144425889475,0.32225532682810965,-0.04730334878550341,0.4565931253515013,37.89473684210526
Rand,0.23390313419866926,0.6264374179090212,-0.11080371858082733,16.259782536178538,56.84210526315789
Rand,-0.4238405357323231,0.9076932524888267,0.01701120677474764,17.778000810957618,42.105263157894726
Rand,-0.44719316244757074,0.4262067910187989,-0.16755177395152332,1.5102720594623404,65.26315789473685
Rand,-0.2869138859335781,0.6500915484824215,0.1273188855666762,7.571806252073275,73.6842105263158
Rand,-0.34883174535258105,0.31224268478951334,0.025177797473457643,6.462283895772439,46.31578947368421
Rand,-0.4102169976478611,1.7173967886410626,-0.06933628203103549,9.815012064598017,44.210526315789465
Rand,-0.21880892851727993,0.1726603719359588,-0.016455265177727888,0.7119678750432215,42.10526315789473
Rand,-0.6485771587438242,0.6299961416552703,-0.04142054939275835,0.7253951041841552,35.78947368421052
Rand,-0.2794227815219531,0.618413812126131,0.20110983807684318,7.218509278883196,69.47368421052632
Rand,-0.6285794389524096,0.943835819321403,-0.10316218203943268,1.982937057888694,54.736842105263165
Rand,-0.2907710271694177,0.44036158333275355,-0.07564504659650038,1.0688873865025623,40.0
Rand,-0.3208071590910534,0.8369607389353393,0.06988266399933396,6.926900649845579,56.84210526315789
Rand,0.3462768785091013,0.2804780096578015,-0.055596855432820794,1.5753343394536252,44.210526315789465
Rand,-0.7085546042537588,0.4336789264052636,-0.10052401540810177,0.43041309933421085,48.42105263157894
Rand,-0.23858953737659966,1.0590766814917498,-0.030645942411263546,7.83740498847647,67.36842105263158
Rand,0.21660358787485737,0.3124797702659226,-0.1821355449250697,1.3716192140045904,40.0
Rand,-0.24366973280472246,0.07537904146592384,0.2296031612633782,0.39126681602968794,48.421052631578945
Rand,0.2995282717981718,0.9497737711000385,-0.1370236520192724,7.839223952993202,65.26315789473685
Rand,-0.1924273994809148,0.38159903651721233,-0.20258644294696046,1.2598742545888546,40.0
Rand,0.17775850835992307,0.7693944626022311,-0.005673131717650512,7.272830371001233,46.31578947368421
Rand,-0.6967809218577998,0.32064607986512245,0.031256483500246034,0.6041626539773921,31.57894736842105
Rand,0.2449480110720802,0.3515851305939346,-0.05443018318072429,6.418369225185099,46.31578947368421
Rand,-0.4413000464247322,0.770893435229194,-0.08318676443507038,8.762052716297115,46.31578947368421
Rand,0.20650454344614252,0.25926819586002364,-0.011270470807429924,0.36324500290574885,42.10526315789473
Rand,-0.38067171135405803,0.11785675173245265,-0.14522759257816406,0.657268552850157,35.78947368421052
Rand,-0.6322645440363015,0.40959573226222074,-0.06259798994290085,0.558800591380224,46.315789473684205
Rand,-0.12120829118310897,1.1824921756116755,0.08685725115551661,17.96457748535294,71.57894736842107
Rand,-0.5064774364928706,0.676652565934267,-0.09559997269751165,7.7365404197256735,69.47368421052632
Rand,-0.35172518926304197,0.8421059973113149,0.05032403638603944,10.614335046748709,61.05263157894737
Rand,-0.21019003616491,0.24667271821397224,-0.16615080721361938,10.455292405203487,42.10526315789473
Rand,-0.4475056186368741,0.1565228834352071,-0.05946455171583867,0.6350395541971052,37.89473684210526
Rand,0.33993484446348377,0.35770907205636576,-0.15126781370379672,6.801511843108069,50.526315789473685
Rand,-0.2241588618958127,0.5617329361009147,-0.09942029736759483,1.8800554693183098,42.10526315789473
Rand,-0.5953540681492104,0.6873247740629946,0.0696351180616726,0.7947982226137235,18.94736842105263
Rand,-0.4692536964516735,0.20020892643941793,-0.09232133598318214,1.5914776589291864,40.0
Rand,-0.4181009132782444,0.6250862810039475,0.040695500822316585,1.2493229220880309,33.68421052631579
Rand,0.40211267866341527,0.1957961983257406,-0.3004508330949842,7.506886900697496,52.63157894736843
Rand,-0.5945888897787144,1.0422565138362725,-0.009412668031454803,1.4362352569857608,75.78947368421053
Rand,0.10713792877482516,0.41764601215274116,0.062345597202935164,18.45767346079472,67.36842105263158
Rand,0.13933273134066337,0.34288523161094886,-0.14453135053294186,0.3831189354303225,58.947368421052616
Rand,0.47937855140026114,0.3719473822901979,-0.2702627732605164,6.95825793812313,52.63157894736842
Rand,0.16937891828312213,0.18725651660312204,-0.23183510818682448,0.4935619035605301,33.68421052631579
Rand,0.07102677760717775,0.9149486738795293,-0.025343608922093693,1.4153692145049905,40.0
Rand,0.3216939615458761,0.1693691454203652,-0.26994164615935967,1.7242474113258002,37.89473684210526
Rand,0.15069190521781334,0.5484515616066815,0.1007200517696789,8.962040831191743,31.57894736842105
Rand,0.5065635165269464,0.5198551032189446,0.05150781476183314,2.788069222948507,63.1578947368421
Rand,0.422281755625671,0.4404663891322006,-0.18290476110423937,7.032901341119348,54.73684210526315
Rand,-0.3791377868178471,0.22766868023565573,-0.05031756727002786,0.39376645003741656,56.842105263157904
Rand,0.21507051031070143,0.32879764414273216,-0.2897026192475144,1.2565216989003887,56.84210526315789
Rand,0.17065969181928878,1.3120795795454385,-0.08834688422660184,8.070096920755232,42.10526315789473
Rand,-0.5790733213957991,1.2172266032950891,0.11035883860656887,25.477016136805897,12.63157894736842
Rand,0.43036184389018717,0.3747355378390992,0.009908315796985603,2.0180457519336046,37.89473684210527
Rand,-0.16825828226555842,0.30319352907753966,-0.1722093078462808,18.574210012243707,33.68421052631578
Rand,-0.2148860124648426,0.20201745946430552,-0.18225821589659713,0.5608773148327548,50.526315789473685
Rand,0.3648715994510649,0.6396996659250818,-0.012859997140947516,6.468261064420012,61.052631578947356
Rand,-0.5047324903485418,0.6543548552634361,0.18215412491027544,506.8498466269507,18.94736842105263
Rand,-0.460377303160772,0.898960516223551,0.12661035463926362,25.009530963727865,18.947368421052627
Rand,0.19319843109730836,0.3176293669859215,0.005130875047573175,1.7087431525483017,54.73684210526315
Rand,0.24995600933933027,0.19611302927237714,-0.1543223549847144,25.157467414312,39.99999999999999
Rand,-0.5296241777730063,1.025176319842092,-0.1729061834484775,8.985886993775622,44.21052631578948
Rand,-0.43003609920034297,0.2635097163679222,0.021131595151564646,0.47526253487032616,63.1578947368421
Rand,-0.5229160861451145,0.41469259998192864,0.10412088669577038,0.9987168973332786,27.368421052631582
Rand,-0.5039203045277572,0.6928852966557972,-0.14092473483014337,2.005957913816209,35.78947368421052
Rand,-0.3321560987245658,0.7171444394095935,2.8097273969661657e-05,1.2975890478221124,35.78947368421052
Rand,-0.47492850570873774,0.16973182578406285,-0.15083668614449441,0.4330648698685547,40.0
Rand,0.15090830826338517,0.806013778080256,-0.03585982831233388,2.661399629656565,48.421052631578945
Rand,-0.07211551278337829,0.2756502761709669,0.04347986326944223,25.127536290036012,27.368421052631575
Rand,0.41002668777506307,0.8383037332638846,-0.1883991187846543,1.7963298942653432,50.526315789473685
Rand,-0.2297605885605563,0.8392289068989636,-0.07320168879656078,1.36481188495584,40.0
Rand,-0.20383310531455678,0.48539175361619014,-0.07195993983638037,6.9024427198908676,52.63157894736842
Rand,0.28090431988562686,0.5072900466646889,-0.09702303367033621,6.693897618289215,42.105263157894726
Rand,0.026769786987723837,0.7810708209048983,-0.050630946637043935,10.51363931639097,67.36842105263159
Rand,0.11811669498565053,0.16911913242747012,-0.1396179066374413,0.3631802625773315,58.94736842105262
Rand,-0.5373177217600624,0.37274862526803276,-0.07866229419904734,0.42880413877243045,31.57894736842105
Rand,-0.5420703733119872,0.8273941589446476,-0.11226794045994813,1.4158723301106386,73.68421052631578
Rand,-0.10072205274144816,0.4036247049800995,-0.0932096950835386,0.5738273785620763,23.157894736842103
Rand,-0.11451190850869486,0.3720763243785353,-0.043240427334648245,25.075420290722185,52.63157894736843
Rand,-0.0665847476935589,1.1322080483510137,0.10570503319114888,26.37769238263529,56.84210526315789
Rand,-0.09875890978088184,0.07809335158440092,-0.1282609058227678,0.3901440474128879,50.526315789473685
Rand,0.21546443345516575,0.4679037094037971,0.004072425768337807,6.728808565752978,65.26315789473685
Rand,-0.11665646892319187,0.36629514250344364,-0.22370658683129266,1.3588327855994706,40.0
Rand,0.515385739748744,0.4029223444893808,-0.13038956281134848,1.443991147863078,56.84210526315789
Rand,0.4498995187144065,0.5731620996679009,-0.16228463131919071,26.007862955745317,40.0
Rand,-0.39927376395356945,0.6005183475980596,-0.22884103091447455,1.0264431485952898,65.26315789473685
Rand,-0.26445774231928676,0.8955481363426709,-0.056935131423743436,8.891312295178128,25.26315789473684
Rand,0.11656563431890163,1.8461812580155113,-0.09553446155141623,3.020581615751585,56.84210526315789
Rand,0.22858542706774945,0.6357835740196585,0.13142496649256608,6.323582177855132,33.68421052631579
Rand,-0.6050954346702135,0.7412358179411492,-0.1179775304785253,1.0603231477884296,23.157894736842103
Rand,-0.7644240193939027,1.5652557614292264,0.20218792179647613,1.4047516575707661,61.052631578947356
Rand,-0.36506204540232107,0.4463227199443193,-0.004067436919835643,0.9294106795975408,69.47368421052632
Rand,-0.3223812925675599,0.4013833969121987,-0.1862926935825139,0.4522398145011839,65.26315789473685
Rand,-0.1160125152431746,0.16958281785271584,-0.32985292884779566,0.6589898662957828,48.421052631578945
Rand,-0.33813386740823687,0.43526743352576647,-0.22298568376969383,8.746735574046372,58.94736842105262
Rand,0.3493761471244004,0.6402548327271862,-0.18628980513768392,18.58581937410135,58.94736842105262
Rand,0.14349285181227756,0.7477088868559945,-0.07181613816709624,25.18760424358029,40.0
Rand,0.11292998720614214,0.39710568038351235,0.047837531196870633,11.463958669575497,61.052631578947356
Rand,0.1570745992717589,0.6390357610423973,-0.10948597167406543,1.6447332998107027,46.315789473684205
Rand,-0.2215560732526994,1.2917905436806663,-0.0024684894272329018,1.8284325110140378,58.94736842105262
Rand,0.2245684772156484,0.3344830380821807,-0.2514475096386689,0.8716545219572504,35.78947368421052
Rand,-0.27079041739242565,0.22878312970354076,0.039119791651712886,0.4405866994913203,58.94736842105262
Rand,-0.3674285915118658,0.33745423573182576,0.14450836477185128,0.3871558300579525,63.1578947368421
Rand,-0.12945293511398645,0.13103695474669402,0.01637392525835828,0.4154462450009847,50.526315789473685
Rand,0.2029073785830819,0.5366226957911736,-0.17284023878870397,506.73779982569806,54.736842105263165
Rand,-0.3289907780791598,0.19770973630538577,0.008114007829411966,0.33978065701391014,31.57894736842105
Rand,-0.21022832471074704,0.4222570125566801,-0.14553113090203917,0.7701282552823191,58.947368421052616
Rand,0.331851908403338,0.7030025505361189,-0.054522454855401185,507.1659334256443,56.84210526315789
Rand,-0.7116444582794629,0.35590727679798195,-0.09990977577745971,0.5823666712951943,67.36842105263158
Rand,0.11732329514848253,0.1568269013238458,-0.07084671101894743,1.2162796349133969,35.78947368421052
Rand,-0.5707776975441277,0.9924260903646684,-0.1423488882085365,2.4852475182059752,29.473684210526308
Rand,-0.07213849327609531,0.1380544984394907,-0.09716826569612276,0.4717249176120195,40.0
Rand,-0.1399259305600827,0.3319708536640843,-0.24043580183821409,1.7430762431729943,54.73684210526315
Rand,-0.1720505837473919,0.49401429667337354,-0.18757674742470676,1.2803296095800685,54.73684210526315
Rand,0.17175850774391876,0.5023684744035741,-0.16977223561587831,7.231111498272091,44.210526315789465
Rand,-0.32182091064829466,0.38061725790059403,-0.18400010092297,1.6908821799856089,33.68421052631579
Rand,0.5541427196594352,0.686764253629393,-0.08935454059544756,17.85404112506154,35.78947368421052
Rand,-0.17255330831509025,0.3933169249905747,-0.13475787610309622,0.4479751692273555,56.84210526315789
Rand,0.22880838531045858,0.18549554746701435,-0.011628298949222377,0.5072231193365676,54.736842105263165
Rand,0.1352758393647714,0.38889826217653034,-0.22405600897078767,6.884490396307685,42.10526315789473
Rand,-0.3922011951174005,0.7489747656469132,-0.1318810945770258,1.471497488051471,44.210526315789465
Rand,0.27959521765365386,0.8455267621499173,-0.09234740947670686,13.035733862610947,50.526315789473685
Rand,-0.23069955788616206,0.4342671320933443,0.13189013839576755,506.6969047031356,25.263157894736842
Rand,-0.5578260162590256,0.4905124943999316,-0.004198233260495477,0.7297657881360504,25.263157894736842
Rand,-0.10500632096691112,0.17599526835687912,-0.12366337685826342,0.22987940988359498,54.736842105263165
Rand,0.1652632078150284,0.3174178740095309,-0.24742633744628867,2.4856142864657613,54.73684210526315
Rand,-0.17212843034611494,0.23264680001852417,-0.03176769208159488,0.4571148067055923,35.78947368421052
Rand,0.25497469033778075,0.46596048641620574,-0.09929982930243723,1.8995487766482773,54.736842105263165
Rand,-0.20249051553241204,0.6492598104736962,0.019973096528815105,12.541062273527553,52.63157894736842
Rand,-0.23863732104110622,0.7604552734669379,-0.008611665843871632,6.868755760008586,25.263157894736842
Rand,0.36663610776881583,0.65789078608372,-0.02944484357486753,7.4949545691498445,37.89473684210527
Rand,-0.6434935652467455,0.5606367784396292,0.05363595146169728,1.3573693356694225,58.94736842105262
Rand,-0.3447371961732831,0.19799345842797655,0.05998458848378356,0.5240206705905052,58.94736842105262
Rand,0.09909018491579394,0.4691636628137153,0.013329445633896745,1.3396461036662946,75.78947368421052
Rand,0.4423886720209751,0.5010717184576932,-0.1359131625359626,26.00579361746942,40.0
Rand,0.24794910462586733,0.5600380978495147,-0.08135120535975349,1.8932921227419224,29.473684210526308
Rand,-0.442416575336531,0.4600567617279493,-0.10119102119857058,7.1857481168366295,58.94736842105264
Rand,-0.3479023158420844,0.3674008628740239,-0.2019938279779142,0.3990764853769858,42.10526315789473
Rand,-0.5271139930670622,2.1917971698961183,-0.010962093990123154,507.28516665459466,31.57894736842105
Rand,0.34519883872295665,0.1494342640750958,-0.0678330195300392,2.4747265912503944,42.10526315789473
Rand,0.14996181374444578,0.15057317271811738,-0.22529607600938814,0.24149084786947164,58.94736842105262
Rand,-0.49994176280864433,0.4304859737643996,-0.049007131948735475,0.9089827231627703,29.473684210526308
Rand,0.4557439274117867,0.6765934293612549,-0.06579808588785795,506.80073646089596,50.526315789473685
Rand,0.10146613010355585,0.21219214411158335,-0.17008774204581745,16.12174661853681,44.210526315789465
Rand,-0.5818543669344239,0.6257414779935201,0.055901975445942706,10.639776457790463,44.210526315789465
Rand,0.2567663061677913,0.41547337070016316,-0.19603859796274412,7.601511363911987,61.052631578947356
Rand,-0.5919900494682218,0.2783923183980127,-0.2247005606641443,0.30648500062208367,50.526315789473685
Rand,-0.6062021792309588,0.3902805324361439,-0.05060006656032519,0.42215408697701046,37.89473684210526
Rand,-0.2477637048609574,0.19131356081814016,-0.02365243551588036,1.3148429248497089,37.89473684210526
Rand,0.17019564843841753,0.31506789051047257,0.04289049777345301,1.3089953486319261,40.0
Rand,-0.17243451271120822,0.10921933032785706,-0.09665295701825015,0.28360827170218306,37.89473684210527
Rand,-0.2974754224774794,0.2780563975140929,0.010044498985457917,8.638033644904448,48.421052631578945
Rand,0.2858664674284112,0.47674815443920177,0.07199013698361746,18.5237360439889,29.473684210526308
Rand,-0.15649125326374544,0.5023065298888238,0.014284951351336424,10.629247346659307,58.94736842105262
Rand,0.2433725176978374,0.32996426368256115,-0.11599744950123662,0.5124330682765599,46.31578947368421
Rand,-0.3314080576331756,0.8101199719986074,-0.0009388350075455085,6.379042865165382,29.473684210526308
Rand,-0.3514486349417573,0.2828592646910136,0.18459590556670186,0.4771095014428635,48.421052631578945
Rand,-0.22508977231722915,0.8695122446301526,0.02175028442947104,1.543806047716184,50.526315789473685
Rand,-0.1686417134431842,0.40696054358545364,-0.09827895767955162,0.6542458308714204,54.736842105263165
Rand,-0.3158424907081261,0.40586662812554375,-0.27036878924069446,10.54731527039806,50.526315789473685
Rand,-0.29485565226819754,1.1341770744471649,-0.050144674778110895,10.154144383572916,56.84210526315789
Rand,0.09436468129572731,0.21663199734779814,-0.1386914717270276,0.43283717479395656,65.26315789473685
Rand,-0.20250708307339627,0.6425022857634375,-0.057573562490970176,10.567571496467012,61.052631578947356
Rand,-0.37274591167108795,0.3612953027439016,0.0034076491287932196,0.5225189795133344,23.157894736842103
Rand,-0.39020642491006,0.32411249876240295,-0.19525070652524085,1.3542348112685982,58.947368421052616
Rand,-0.5728077369940987,0.7390652745291012,0.029859048995836517,10.480848199013876,50.526315789473685
Rand,-0.27061967582662394,0.4767963359282776,-0.1985545029896953,1.5667933878182227,67.36842105263158
Rand,0.1315584370468091,0.9050083477270654,-0.032717865386600875,6.788853179847707,44.210526315789465
Rand,-0.4515034887790326,0.10485007049125254,-0.24620326364563358,0.48204696971442185,33.68421052631579
Rand,0.2293475967055788,0.19290180025030407,-0.24148790273027415,0.5131342801325078,50.526315789473685
Rand,-0.10647218695535489,0.598945846640345,-0.06133556336354612,2.2634824613521976,37.89473684210527
Rand,0.3081015834821828,0.42843794449428013,-0.0959527241635957,8.838843589555898,54.73684210526315
Rand,0.36956244659291426,0.5789307527813069,-0.07102026946373162,25.027684500094654,50.526315789473685
Rand,-0.30890042244337323,0.6190538671765967,-0.16869024870557636,20.580250237726045,48.42105263157894
Rand,-0.6477570562999592,1.1590003816221346,0.17737410142342094,6.431345972736988,73.68421052631578
Rand,-0.8280318315551386,0.8544018819736102,0.1676846314369244,0.6407096887682892,21.052631578947363
Rand,0.3552162454227841,0.24426234838165756,0.18411132879299993,506.63116633094023,54.73684210526315
Rand,0.21240529550344742,0.19893579510737197,-0.08868299573185304,0.3554177353474856,46.315789473684205
Rand,0.07038154252711598,0.5988781098653797,0.054906413771625084,0.518596471759783,31.57894736842105
Rand,0.24531813608227232,0.2940473605733099,-0.018496743925223078,506.7728224972165,37.89473684210527
Rand,-0.3496364716754211,0.3184699980300153,-0.13183905192959872,0.36125983403932127,63.1578947368421
Rand,-0.2904665549455504,0.628826294543513,-0.14510729364720457,0.6564275018539774,58.94736842105262
Rand,0.25406135578958816,0.779671348074032,-0.06074821489474566,7.731469223423416,63.1578947368421
Rand,-0.2727139254121131,0.5074515435825009,-0.15280195707104371,18.658007362037125,35.78947368421052
Rand,-0.16067470744040802,0.31542234526393237,-0.22548631121453042,1.3496397510967326,56.84210526315788
Rand,0.3162653223578885,0.2975884654365558,-0.06707190093223642,1.397488098365905,48.42105263157894
Rand,-0.6913168409070729,0.26819544544329793,0.14616815466853608,0.5584630016889782,25.263157894736842
Rand,0.1758268768058021,0.6344733482775511,-0.01257380627092053,18.592743785514028,48.42105263157894
Rand,0.31325506715263657,0.18358693298979836,-0.021936937935364977,2.398699749776949,56.84210526315789
Rand,-0.6433503282408788,0.6333508495799772,0.07382954935183494,1.8886906794673453,65.26315789473685
Rand,0.2788044884902375,0.5964279333135949,0.0321003400759124,7.055193305873433,37.89473684210527
Rand,-0.41469879030344603,0.2460244595545355,-0.11659941568785358,0.47838049500648744,67.36842105263159
Rand,0.26649492025560534,0.9964437361924421,-0.0817935092537199,19.923975104407546,52.63157894736843
Rand,-0.5014991152770908,1.1206112531858574,0.08810702593170185,8.845853659078022,63.1578947368421
Rand,0.24122346108511977,0.8350283477644418,-0.042204257109766295,9.144330861102112,61.052631578947356
Rand,-0.22748413150314817,0.6558316746331266,-0.03853362549636201,24.801258354117433,48.42105263157894
Rand,0.22043042040188976,0.3547312136803694,0.041061734691339745,6.32378980220181,42.10526315789473
Rand,0.33025682382908406,0.5283483790772584,0.11023256145612217,7.261434494610813,29.47368421052631
Rand,-0.05885672031186569,0.17952253827432954,-0.1301678221486466,0.33285148139639836,35.78947368421052
Rand,-0.3448984052045825,0.42580399528997903,-0.20711100588197848,0.6536752607912184,61.052631578947356
Rand,-0.6465736038292458,1.1208165136392367,0.08845403827782315,10.00690112476246,61.052631578947356
Rand,-0.4449705246966077,0.3227356118467925,0.044368777121425125,16.210167551801533,52.63157894736842
Rand,-0.10277466537400141,0.409420090104044,0.1094803434477363,7.613312768737184,61.052631578947356
Rand,-0.5109920644754783,0.775422308308909,0.03186585489181482,1.1135758284666377,33.68421052631578
Rand,0.33791870195466867,0.4422157258438316,0.008628846228344679,8.721858679596803,58.94736842105262
Rand,0.5348000279356504,0.33801805988150335,-0.08059811321906848,25.110442930905126,37.89473684210526
Rand,0.19113634095600623,0.5962434955774387,-0.08006673329065764,9.062450078588988,46.315789473684205
Rand,-0.764697959972439,0.6858795993610199,0.17541772015472062,0.578392565137757,75.78947368421052
Rand,0.20212798711333552,0.267231661847245,-0.1609654691139736,6.505038205849585,61.052631578947356
Rand,0.3657703882281219,0.24039133489603648,-0.07402994465962914,25.03623209573259,48.42105263157894
Rand,-0.5688749828262771,0.4942109441016057,-0.11333517142957776,1.449390312451447,73.68421052631578
Rand,0.2846506191462467,0.5413331486872266,0.03925783290800645,8.59613012028966,31.57894736842105
Rand,0.3116262140163246,0.3068736966129097,-0.13637363170023506,16.294540982269556,40.0
Rand,0.4726816498805783,0.5313428709305479,-0.1313747963311293,6.549029814360615,50.526315789473685
Rand,0.10727915357987572,0.6117631737126549,-0.1746773294454459,10.489325976087954,31.578947368421044
Rand,0.15778274965455616,0.17466377065005362,-0.05849436009822428,0.411205584753079,61.052631578947356
Rand,0.16567463218340678,0.4479596234883571,0.10398892156492343,1.178011959617942,52.63157894736842
Rand,-0.23913950491457153,0.5476590464941256,-0.1933943041914637,2.576908761580816,44.210526315789465
Rand,0.2979738798758193,0.29043820245673657,-0.15526767294695676,10.539254509450796,37.89473684210526
Rand,0.1462754606040904,0.29307225432862405,-0.1290776047489901,7.593461195569057,61.052631578947356
Rand,-0.4141074576941003,1.267912770748717,0.040792802897436094,10.745737735978665,31.57894736842105
Rand,0.41661676340020454,0.2849311455578899,-0.08404642093876459,6.731476110632334,54.73684210526315
Rand,0.14933972288817293,0.48857345936899554,-0.18380783859280622,1.8879773448307022,58.947368421052616
Rand,-0.28844470111771253,0.2548327875824111,-0.1046862145061736,0.45105370225948843,40.0
Rand,0.5181426369395004,0.33748028329865387,0.03254774213844128,2.767939625872942,52.63157894736843
Rand,-0.25270997669935247,0.5810400037228239,-0.08167650557489592,2.5793758991601115,40.0
Rand,0.1476284121833995,0.145882961230274,0.12394274917530558,0.24039912649604664,35.78947368421052
Rand,0.23869797189032532,0.20313212716621054,0.027258149251341342,1.3140408369095122,54.736842105263165
Rand,-0.3545184010612008,0.21287520534782556,-0.05461490265982776,0.4152495873159765,39.99999999999999
Rand,-0.5162324756279584,0.9234582267182709,0.07673779333970655,6.706664017602583,61.052631578947356
Rand,-0.28106938624836497,0.04527729766179594,-0.3243690348276276,0.2845193772897866,54.73684210526317
Rand,-0.2201416300954102,0.11094335717677131,-0.14122001228252576,0.2433717562192705,58.94736842105262
Rand,-0.13512605905995884,0.35407749981352654,0.09676622128797133,1.2342537628791155,65.26315789473685
Rand,0.12798910947548348,0.5646348610153061,-0.03299113041355154,8.670427019457629,50.526315789473685
Rand,0.14094888010103712,0.3498741331012222,-0.04454509659506676,506.79102979479484,37.89473684210526
Rand,0.41829949524905796,0.3366712308760257,-0.19621424860239203,0.5951159702069799,54.736842105263165
Rand,0.2587249412196762,0.7153547761408248,-0.25356961435866976,10.095992779534837,56.84210526315789
Rand,-0.28328486923343466,0.18912403703552272,-0.26778699024196617,1.3747057606063855,52.63157894736842
Rand,-0.3244020957101545,0.6620789565160106,0.030821543097644895,8.835671787165213,61.052631578947356
Rand,-0.3556437531345981,0.5224459489406109,-0.023117420916251557,1.3248465710824398,67.36842105263158
Rand,0.28234119892201576,0.5787854210730062,-0.0840914606728276,19.75883273096504,35.78947368421051
Rand,0.32283603227747676,0.3599736597666806,-0.21488251659020224,1.422599525087232,67.36842105263158
Rand,0.33976877557391816,0.514429814190115,-0.24942250377499037,6.650398691402704,46.315789473684205
Rand,-0.22744583246150515,0.5597788563207775,-0.1153965764188517,0.696644122500641,46.315789473684205
Rand,-0.5314690134949642,0.5124227258867243,0.07394812387428853,1.3103835137293278,58.94736842105262
Rand,-0.35708061471785635,0.8231236069655589,-0.158785107342728,8.853756435406671,63.1578947368421
Rand,-0.29256088662862567,1.2470974407734192,0.018111629060756168,506.9283537861645,52.63157894736843
Rand,-0.15911374170537418,0.5029747129737856,-0.07528139639421501,1.6095131527906477,63.1578947368421
Rand,-0.5410682869642709,0.3790192831496312,-0.2069723633222408,1.5809422908082975,42.10526315789473
Rand,-0.30381770901344496,0.7512328233502792,-0.15465908912760118,0.9425768129828886,56.84210526315789
Rand,-0.054916962811516576,0.43774680164798624,0.09212413245277883,1.4683392254355314,23.157894736842096
Rand,0.46811947003048615,0.5264803704394654,-0.11417974960138343,7.624182927158033,63.1578947368421
Rand,-0.10914065883925894,0.3393887074948023,0.01352405457511578,6.964665991353966,63.1578947368421
Rand,0.23047720230952878,0.8795309156280691,0.03538543353236622,25.097397741707276,18.94736842105263
Rand,0.25533633862154,0.3420502480885507,-0.05281574357132455,506.6397959339896,29.47368421052631
Rand,0.3754423277303462,0.6566422136591756,-0.19768648447072515,7.380933866809579,33.68421052631579
Rand,-0.6364005899452729,0.2996959407229514,-0.047431190666267636,0.34329696902548756,50.526315789473685
Rand,-0.6721017762996488,0.20394881967275597,0.10946893846503507,0.30405306489746003,46.315789473684205
Rand,0.44237830365426584,0.5050764554853875,-0.18081475035578518,7.720945494579114,54.736842105263165
Rand,-0.6040165221499076,0.6694954283045326,-0.04936998965284707,1.44803917543202,56.84210526315788
Rand,-0.46156627629729235,0.2597570679382515,-0.1358605188026056,0.2438140092030223,46.315789473684205
Rand,0.20045228209886362,0.8805619725929003,-0.03568764087721993,2.98935213123116,54.736842105263165
Rand,0.14872318146834995,0.10428204113695164,-0.3620879634074133,0.43403922234891723,40.0
Rand,-0.24871518109036753,0.42951610907155846,-0.17964169944676592,0.823158061428013,35.78947368421052
Rand,-0.2620490098457459,0.21710805784292825,-0.3075977255281759,0.5209865305236594,42.10526315789473
Rand,0.3573929550623363,0.21147064121972853,-0.3160346488570057,0.7815733549804672,42.10526315789473
Rand,0.3330763330468414,0.5420456283644992,-0.2305692067936372,1.5406554276771218,54.736842105263165
Rand,-0.5448850878690055,0.38941341193535195,0.07237560983864709,0.6340692481005175,67.36842105263158
Rand,-0.5403710820085366,0.5354656875073174,-0.16697363147003969,0.8187868410831005,25.263157894736842
Rand,0.1843285090549282,2.054293702480944,-0.05751235291967194,7.5373611353130965,56.84210526315788
Rand,0.13231651148733997,0.19553329467289499,-0.24448484656748687,0.6085735237838281,46.315789473684205
Rand,-0.31111404688598787,0.26517201210274355,-0.14009194266697864,0.24267653075263007,44.210526315789465
Rand,-0.6772084450701428,1.048657742685199,0.1542419433932672,6.566057199329594,56.84210526315788
Rand,-0.17642744477233638,0.312342272948232,-0.17933988269414844,16.27498813280913,44.210526315789465
Rand,0.2369681572934117,0.5851917751315638,-0.12485311398127114,6.897759246655077,50.526315789473685
Rand,-0.2665788870323884,0.24307547998548854,0.03076453845870669,1.2487664692468778,63.1578947368421
Rand,-0.09629915042876047,0.5558074703518943,-0.0017936556056212286,0.9314182062745877,42.10526315789473
Rand,-0.19628536098945265,0.36844187978727067,-0.16882504756424296,0.473217986867236,54.73684210526315
Rand,-0.33349220794833834,0.7563104360302232,-0.09193169131080779,1.8732951887869953,71.57894736842104
Rand,-0.28978117214633703,0.9763270087545619,0.15067244713132422,18.43060504057691,16.84210526315789
Rand,-0.7245897404783415,0.061722790032482544,-0.14982840978820847,0.46549254957423214,50.526315789473685
Rand,-0.44823439132316567,1.3747437793883457,-0.09211460696710858,16.466968954734643,37.89473684210526
Rand,0.10676159278550418,0.45143536051193117,-0.336118506531322,1.4212784105438059,58.94736842105264
Rand,0.20689887701793372,0.45878736061874054,0.11536362425921366,8.471501637255251,31.578947368421044
Rand,0.338366150854864,0.2101978808482854,0.18302910115372995,10.301585431041797,48.421052631578945
Rand,-0.5087888696526405,0.13328595551199932,-0.033877242711987554,0.33736450143156094,65.26315789473685
Rand,0.2644743185932468,1.1269134574168849,-0.028128815189353316,3.710741641631619,31.57894736842105
Rand,0.39584631687771776,0.6346975657494431,-0.07463631811976368,6.995532488568561,67.36842105263158
Rand,-0.7460807349123892,0.20310778179633968,-0.12749764105760736,0.38268690406129624,50.526315789473685
Rand,0.16418511991481052,1.0475792217909683,-0.04946350829016082,506.7629319740078,56.84210526315789
Rand,-0.23045704109268206,0.29039331513598976,-0.0093945487867135,6.915806538958054,58.94736842105264
Rand,-0.07594698143152841,0.244640284632304,-0.09674208096765027,1.209457879936255,44.210526315789465
Rand,0.24960220519534082,0.4594397430343055,0.1351336181017734,1.1306634790816203,65.26315789473684
Rand,0.36295030854029553,1.6643012912255408,-0.008479782760947296,506.9703066770385,27.368421052631575
Rand,0.3366879545209144,0.2105539015347861,-0.2309372812345651,0.38749788971979854,46.31578947368421
Rand,0.29028817039713173,0.6621814490334151,-0.19491750285595502,1.0511564985063049,46.31578947368421
Rand,-0.33587628492908506,0.1790016273105479,-0.22657306981962477,0.30103473151056204,40.0
Rand,0.14622690662163576,0.2246673436808054,-0.03047411347944057,6.810927999236983,33.68421052631579
Rand,-0.3377760508446418,1.2700539643470106,-0.0721761397947359,3.929148425081299,40.0
Rand,0.25052376024071277,0.379352875221455,-0.11556837534663725,18.50625229436931,31.57894736842105
Rand,0.13403782512591905,0.17580024873068312,0.005050117255559791,1.5878465493911598,46.31578947368421
Rand,0.2772851473748389,0.7888310662978163,-0.11842469448085378,2.455534230678015,27.368421052631575
Rand,0.7181399698709634,0.3460859290405491,-0.12393081010450196,7.929848749512321,52.63157894736843
Rand,-0.5855487948696564,0.3061271677241407,-0.13352461702664686,0.41771878440648896,37.89473684210526
Rand,0.07353895952443185,1.0147248018833896,-0.04028933332679349,3.0123139118524382,56.84210526315789
Rand,-0.29467299585017226,0.1817876424656443,-0.01804546088480001,0.4170377008196959,40.0
Rand,-0.8507527151432568,0.9931589796804101,0.19177630029374546,0.9990774793648255,10.52631578947368
Rand,-0.17594162865150936,0.5036504211104669,-0.19108256189136397,18.576996708429537,35.78947368421051
Rand,-0.33432520630954954,0.36399597277075585,-0.17348983572771384,0.5468345689523667,42.105263157894726
Rand,-0.6108145704874881,0.2967591192984295,-0.18918751363351138,0.47487552152680507,33.68421052631579
Rand,-0.6773285198696295,1.8233695545683304,-0.0650889467843771,2.167314300605587,61.052631578947356
Rand,-0.8345100741853522,1.5623831809610569,0.1995881949333861,4.008703370260917,23.157894736842096
Rand,0.154059064589292,0.2067439936586791,-0.19232828488604162,0.37313895494318944,52.63157894736843
Rand,-0.7447684115822272,0.7699798631322172,0.12481177997023465,1.4210550538969622,80.0
Rand,0.3748895085813442,0.6556686309496245,-0.31241013756894986,2.5873602932659128,48.421052631578945
Rand,-0.25284078700950413,0.8354385630400213,-0.18842025138178325,7.399029991379292,46.315789473684205
Rand,0.5047257520584674,0.10544295393929712,-0.1169237825105248,16.12101432046053,48.42105263157895
Rand,0.4947877645981932,0.5863919056450649,-0.051495368013004424,17.84784038498465,44.210526315789465
Rand,-0.31542610435934076,0.6794010948638622,-0.06911959295405691,2.12656653620022,63.1578947368421
Rand,-0.2390822972725924,0.44519831919650593,-0.053325088582641504,1.3106453575124803,48.421052631578945
Rand,-0.16927494031530074,0.09331833355833058,-0.16165585791632592,0.404577270103052,58.947368421052616
Rand,0.16533882242995915,0.29988055287470294,-0.050550208730800406,1.3282887035763271,63.1578947368421
Rand,0.3420746979629985,0.34452691273806596,-0.09616207530863068,10.475936427353348,52.63157894736842
Rand,0.169265883825302,0.5743111800270551,-0.22619620141740568,506.8695669439957,31.57894736842105
Rand,0.4004435368232149,0.20792656319477273,-0.2424190085295457,0.378844451724416,50.526315789473685
Rand,-0.3901098797954054,0.3512917553156898,0.1355903573410773,0.5876186392508809,69.47368421052632
Rand,-0.16637614622978406,0.9178437169133182,0.05497066305641554,1.0185331670370714,52.63157894736842
Rand,-0.21067732905263342,0.09633474335279885,-0.13788073550968497,0.34765886824246567,58.947368421052616
Rand,-0.1842604259388058,0.6178504720299831,-0.1379693481548783,10.527489282425565,35.78947368421052
Rand,0.23126042701850008,0.2685534291752785,0.1323058635071989,6.786920240818753,69.47368421052633
Rand,-0.4268644875275132,0.49115576806708444,-0.1323561183793172,1.3634166974355997,48.421052631578945
Rand,-0.523387710903124,1.6277194344918804,0.025519696106359315,2.8663835501742296,21.052631578947363
Rand,0.2001292434995258,0.45019867311678735,-0.09622107096100459,2.47896905202668,48.421052631578945
Rand,-0.48659572532020245,0.4295442696573574,-0.14384753421243948,0.3215200085247222,58.94736842105262
Rand,-0.2663532841920758,0.1803349430865356,-0.06896230288103282,0.3455488161962295,54.73684210526317
Rand,0.15332214953569556,0.6784040469161529,-0.16675331190418857,2.389196637264302,44.210526315789465
Rand,-0.2287840924409181,0.778538357051048,-0.07111286706061552,2.707615602852121,33.68421052631579
Rand,-0.24527932746947723,0.3090168303766929,-0.26528635199943645,0.40958857471862203,33.68421052631579
Rand,-0.14072672891749358,0.5188029734688985,-0.017219110926838657,10.805046634271548,27.368421052631575
Rand,-0.7718697519729001,2.563336103783297,0.21654801674373003,11.142448702207828,31.57894736842105
Rand,0.09853365417077506,0.4182388292242843,0.11108181306371687,506.7729114048874,42.10526315789473
Rand,-0.17672144185264857,0.38234139843875903,-0.04000636505089165,1.6555396515619836,50.526315789473685
Rand,-0.321369141236524,0.23468641524975845,-0.12810019172477183,0.4492643905266774,42.105263157894726
Rand,0.2233547268814984,0.05404056636604223,-0.02597705404877921,0.2652548178091884,46.315789473684205
Rand,-0.43618812201113055,0.9841058579248841,0.03135734149180562,8.968803321724854,44.210526315789465
Rand,0.23674193996444204,0.48318810096970743,-0.2631074468888586,18.589697121295472,37.89473684210527
Rand,0.09250838605300153,0.16038802200393593,-0.06740094844564463,0.402958105575225,37.89473684210526
Rand,-0.2825956129900721,0.620881347047336,0.056514270920603606,18.663157812166816,48.42105263157894
Rand,-0.1058021646566007,0.70598615341978,-0.10660627733694301,2.3382093165631836,44.210526315789465
Rand,0.4074499157862631,0.21131167658030567,-0.16114695794921124,7.537512018783528,61.052631578947356
Rand,-0.460848792425701,0.42627764384392125,-0.0439800110871523,0.8302843960675617,33.68421052631579
Rand,-0.373178479526328,0.6957568724915764,-0.06321042501255598,0.6689118291244991,54.73684210526315
Rand,0.14796073433099557,1.140874994023998,-0.017662869700922797,11.664944620716891,46.31578947368421
Rand,-0.4289755784867716,0.8215545050782296,-0.008898741180138682,1.6252572373032543,23.157894736842103
Rand,-0.48069902467370335,0.20085264562133043,-0.11673538805613987,0.2861475371133106,40.0
Rand,0.15272395058989313,0.7672797016140038,-0.05942050065767409,2.9379010331916526,25.263157894736842
Rand,-0.38042555006971956,0.30791537010657016,-0.12513011242276587,0.47288409546277554,63.1578947368421
Rand,-0.5330212366354704,0.8044613590116996,-0.10155599141214289,25.31387172684235,25.26315789473684
Rand,-0.14207092110745329,0.3481210746003275,0.06733365787776024,506.7247258792905,48.421052631578945
Rand,0.3150919186410622,0.5094382318405851,-0.05361855282243389,25.108130533768808,46.31578947368421
Rand,-0.34095746836775265,1.3826631369116835,0.07342634828652686,30.219290139823915,39.99999999999999
Rand,-0.3471293502176786,0.5887202560948612,-0.1446971102707308,2.7225987452909166,40.0
Rand,-0.5820818271359405,1.0454767376310117,0.12253672651239209,6.612325405343886,67.36842105263158
Rand,-0.3212646124297412,0.6411445331655611,0.18138024961434232,1.1224765252936812,18.94736842105263
Rand,-0.17748899612070762,0.4699774229234911,-0.18988705878355241,10.647097532603508,33.68421052631578
Rand,-0.9023337060455683,2.516757606568258,0.2711968309203677,7.667777695880827,67.36842105263158
Rand,0.2243973376915911,0.6484737081529297,-0.17641653171671778,2.998090909216184,37.89473684210526
Rand,-0.20859640667865173,0.214084515247544,-0.1921316659243186,18.499061476387734,37.89473684210526
Rand,-0.18213237874581623,0.4928034002767774,-0.21764510214560343,20.50171035822833,40.0
Rand,-0.4509289100981029,0.3961697838150745,-0.11353832389784853,0.7496758999548717,44.210526315789465
Rand,-0.29217476621321137,0.05188480708063915,-0.20079827536650274,0.25852721086872665,48.421052631578945
Rand,-0.09596550363464078,0.19145027159730538,-0.009621729716904512,0.7833054164212423,42.105263157894726
Rand,-0.40668147248533576,0.5041951377787103,-0.2300148243489375,10.68623281328888,40.0
Rand,-0.5311134392870452,0.8140007107378195,0.07274965665307008,2.5992631867190297,27.368421052631568
Rand,-0.5110484951471879,0.8820258704311467,-0.05677954012773359,2.5387685735970527,29.473684210526308
Rand,-0.8985199875840734,0.19450921566766805,0.24443634076540888,0.4897258847089524,42.10526315789473
Rand,0.4717713137501294,0.5864659520559702,-0.1642942707942895,2.0910640417586377,54.736842105263165
Rand,-0.31711199088992365,0.3625420917272682,-0.12546391070055696,2.260823790822615,37.89473684210526
Rand,-0.7458959209901102,1.0513200500234707,0.11997993558014755,0.705361916111081,80.0
Rand,0.2489642238491887,0.15000191075349528,-0.306623895434811,8.547160711502352,54.73684210526315
Rand,-0.5209164383229873,1.514474670279176,0.0929970126735528,10.68160315618602,42.10526315789473
Rand,-0.6857593806912128,0.15145263888401436,-0.2776719637794854,0.3787411044268509,42.10526315789473
Rand,-0.26129853765567324,0.266700073796856,-0.21749243171212365,10.38117224334857,54.73684210526315
Rand,0.3428870459242057,0.1933362276954008,-0.19866540448502223,1.7214612611751965,52.63157894736842
Rand,0.10343031795465993,0.29455612944502224,-0.18558178545567516,0.3108707625414761,67.36842105263159
Rand,0.1686010009193548,0.814082803356111,-0.03781414398973252,8.942157238038533,63.1578947368421
Rand,-0.2310741052566439,0.7472223693021232,-0.12178621937102493,18.67844574666536,35.78947368421051
Rand,0.1827692773264133,0.12009724138287856,-0.25527283542801305,0.2773001493093035,42.10526315789473
Rand,-0.3341416076771248,0.5599632049198349,-0.16944776451744142,16.40732100270824,33.68421052631579
Rand,0.3207911078418475,0.14188022830240368,-0.14194138926381844,1.3921393711656846,54.736842105263165
Rand,-0.11959061650037861,0.2802054485478011,-0.02021572210674952,25.085185259701213,35.78947368421052
Rand,-0.29239194771074684,0.381262102088687,-0.14949578828132415,0.5284246125963349,61.05263157894737
Rand,-0.32762788331825643,0.7104811359782267,0.1896262411476679,16.018582401382364,12.63157894736842
Rand,0.34543832305414335,0.47220811479048574,-0.2236998711096225,26.62783190000316,35.78947368421052
Rand,0.19034147126774278,0.8027345946229569,0.054723955070494976,7.562589131989463,48.42105263157894
Rand,0.33575889402462145,0.5025876546325287,0.04944791136248501,7.705645697068761,54.736842105263165
Rand,-0.6497996572491856,0.2683101638014332,0.034462791691798375,1.2588396836800462,52.63157894736842
Rand,-0.18876916173695826,0.03845547106720529,-0.350055708885676,0.23447699026544563,48.421052631578945
Rand,0.2727180651264071,0.21072043883567115,0.07452069267073816,0.5907407433817311,58.94736842105262
Rand,-0.30259219829215556,0.31453170876968095,-0.024493730620397794,0.4762777353241201,31.57894736842105
Rand,0.0856063711281297,0.6601665265540854,-0.20244619267284825,506.8320636179375,33.68421052631579
Rand,0.4832688379182871,0.35376445547355395,-0.17535564724043623,506.8694068581937,42.10526315789473
Rand,0.1737946510848314,0.33763353809099683,0.0006601523369881845,7.749799131294269,69.47368421052632
Rand,0.254211792789944,0.5437607686602,-0.10743287154767595,10.342406397894544,27.368421052631575
Rand,-0.21718704109777145,0.7782367994282291,0.03807940449018353,506.91750543670327,14.736842105263154
Rand,-0.36661052017629325,0.4244531096437506,-0.06835828304273901,1.8284884749956267,40.0
Rand,-0.9282576563721787,0.5633484508041648,0.23540743043494924,0.5544913864440029,63.1578947368421
Rand,-0.3613005683058166,0.2450313778914215,-0.08050409420366111,0.37105903204666385,40.0
Rand,0.382807421415315,0.22363469067896932,-0.05916721210649541,1.429122960894709,58.94736842105262
Rand,-0.42435990606999324,0.7150774778172755,-0.1756240251694027,18.57892164864192,27.368421052631575
Rand,-0.19787922643431055,0.8638976786184381,0.054616447300769415,10.800391261462215,69.47368421052632
Rand,-0.4511256174043508,0.07713390214287161,-0.3499807020541234,0.36511575684795855,44.210526315789465
Rand,0.234924310834388,0.2740046170552456,0.05458932040926329,1.1132033816321152,29.47368421052631
Rand,0.36452246803100097,0.283522495452668,-0.14794737353685083,7.506831198809588,58.94736842105264
Rand,-0.32964978249727117,0.5435341241869474,-0.13927476943916806,13.67023341365322,39.99999999999999
Rand,-0.5073528375368068,0.1568862835061263,-0.2002565825605566,0.4165247878476099,33.68421052631579
Rand,-0.15278823787336457,0.4169084164857023,-0.1713788969543414,506.88922874080066,35.78947368421052
Rand,-0.3684456545926472,1.983288068741556,0.2074134311585132,507.6692520220612,14.736842105263156
Rand,-0.18814708407683262,0.3287190790146307,-2.6239013067414412e-06,0.3771983410402403,67.36842105263158
Rand,0.2903516961988275,0.31413358813998304,-0.008295663334274795,7.650019695890678,63.1578947368421
Rand,-0.346723658063813,0.6295803139071452,-0.006854056170166894,6.511059445030247,67.36842105263158
Rand,-0.42249747155270645,0.43605400249622867,0.1364536922464379,0.6800146081273448,54.73684210526315
Rand,0.2584714618681409,0.5270194220460328,-0.023126954045325037,8.984703477859297,52.63157894736842
Rand,-0.2796037965349345,0.3288593116025301,0.09415204663557554,18.692718917860443,46.315789473684205
Rand,0.289067994250013,0.16596988215344807,-0.028246391528583305,0.2586143725515058,61.052631578947356
Rand,-0.4630762057820655,0.7693112892341627,-0.06617284877204593,0.656362544691969,67.36842105263159
Rand,-0.1287679115181923,0.11482853303282856,-0.19869373997903228,0.41163690911526213,37.89473684210526
Rand,0.4451144878827929,0.6933648065617307,-0.13624970620634225,2.0300067146721354,61.052631578947356
Rand,0.3421962332857356,0.38919351237127114,-0.014580666371081,506.77185471244525,29.47368421052632
Rand,-0.701600891382359,1.1349997660307733,0.06617762508965076,2.466248811481224,67.36842105263158
Rand,-0.22728969710217461,0.9970352624553375,-0.05754618678459525,1.7026912668604015,46.31578947368421
Rand,-0.206760770456342,0.4121817348234563,-0.08589865039270853,18.507009460703934,52.63157894736842
Rand,0.2933148871916381,0.2854357667384786,-0.22092821449097694,1.554232742801036,44.210526315789465
Rand,-0.3647211125655071,0.8200524372651147,0.12722148143456263,1.270688315277067,33.68421052631578
Rand,0.36807821015997133,0.6091068066106391,-0.12784359619508007,18.55539502944589,61.052631578947356
Rand,0.22169806618699292,0.35624738356856606,-0.22802764753376567,0.4374760579594809,56.84210526315789
Rand,0.052656779683247994,0.6938783631682988,-0.18280320045635146,2.5143799178437014,48.421052631578945
Rand,0.33725928556469376,0.19078527012395805,-0.006488896080284783,16.09400078493978,58.94736842105262
Rand,0.43567680616264987,0.33863101449040833,-0.016587424046946405,1.6040173995091769,50.526315789473685
Rand,-0.13078110795191633,0.27516774751892775,-0.18701625100396954,1.2477385097173794,52.63157894736842
Rand,-0.249314250362152,0.10780308579853644,-0.13791119925039946,0.4423751988124848,44.210526315789465
Rand,0.4023918139425714,0.3573985829251464,-0.09882318226761894,0.7929506360442808,54.73684210526315
Rand,-0.09592530378078593,0.13880932620603806,-0.2932801145990107,0.24185761714059711,35.78947368421052
Rand,0.46178341205839074,0.3069816309175827,-0.009160551684815712,1.3208079637198247,56.84210526315789
Rand,0.12462757519916963,0.09854652246274906,0.06802876933616495,0.22663908682734762,61.052631578947356
Rand,0.08685412837602371,0.31366951164280377,0.01625458471259452,1.3893427136148186,61.052631578947356
Rand,0.5022141507988913,0.5004481945555581,-0.09204309216705131,17.575775104902224,44.210526315789465
Rand,-0.5337008378777608,0.36977097033878864,-0.2019271346390953,1.2622934428908175,48.421052631578945
Rand,0.24506992807575395,0.9521889479637673,-0.05704657574169186,7.838828248183,56.84210526315789
Rand,-0.509947757207039,0.6384283159423306,0.21148532473494475,0.45765737944696694,73.68421052631578
Rand,0.23058565239561296,0.7315594301207675,-0.12360195331230887,8.708557502024322,50.526315789473685
Rand,-0.49907691522913833,0.21181096162344729,0.21849412022478462,0.9919139192431277,42.10526315789473
Rand,-0.585410838932613,0.24906833229581285,0.04479857929358988,0.5925576905294538,58.94736842105262
Rand,-0.5153803632174019,0.6516219030098439,0.04277666241598175,8.645300721454802,63.1578947368421
Rand,-0.5293069434689931,0.7416721998952331,-0.049455584706356734,8.918150723800784,65.26315789473685
Rand,0.36714688645815674,0.5419550118189091,-0.24526551584246614,6.9092329783288635,52.63157894736843
Rand,0.14710572576765557,0.9642448808525469,-0.033451568728186866,507.1043076679232,44.210526315789465
Rand,0.2397177080324734,0.8064231834468394,-0.01526525093361781,1.5486611768298264,71.57894736842104
Rand,0.505040320204635,0.4844021915336863,-0.2367526820593371,506.7554985195395,48.42105263157894
Rand,-0.43189127161033414,0.603941715544079,-0.12984357628877993,25.256366399436335,29.473684210526308
Rand,0.15010858090874926,0.15733532410098858,-0.23258589646711436,0.7845672021712546,42.105263157894726
Rand,-0.3387343653431355,0.6851044490510156,-0.23746929911141107,8.839108309607607,44.210526315789465
Rand,-0.254796575158709,0.15813307895400194,0.04486273008990276,0.44900847108057707,35.78947368421052
Rand,-0.2609896719710785,0.5795129579262241,-0.07994296745142293,0.43264313436300356,48.421052631578945
Rand,-0.18788361754165916,0.011225070294322055,-0.2498284383356399,0.43914708212304604,46.31578947368421
Rand,0.2312426340419778,0.5751356926528907,-0.059084204940975785,7.116061125786564,61.052631578947356
Rand,0.05370489723803598,0.19646600130443534,-0.15634126057522757,0.5712522052647699,65.26315789473685
Rand,0.12981685801815607,0.5892794325676857,-0.133535415150918,10.394108930684165,27.368421052631575
Rand,0.3280985435320776,0.04498885694751449,-0.28197618442209393,0.25876505475740064,52.63157894736843
Rand,0.11884900388115022,0.273074994278234,-0.0851249792753388,1.4235120213393053,54.736842105263165
Rand,0.3927730856784218,0.6601955805338158,-0.17440731092591766,507.08702075808833,48.421052631578945
Rand,-0.09224131613380075,0.7060374584145555,-0.1209170998650575,10.019192859595526,48.421052631578945
Rand,-0.4066835404186931,0.47741028782827855,-0.22275444875364728,0.3259809407646928,44.210526315789465
Rand,-0.5925236706761798,1.35718572687472,0.07127202586238307,16.694766761736055,37.89473684210526
Rand,-0.6760641011316294,1.3545803182913247,-0.005480097692561383,2.231679474490461,40.0
Rand,-0.6684160168498543,1.3360684367469287,0.014228233982536089,6.8348235657873255,65.26315789473685
Rand,0.32444224742194894,0.20188969358996767,-0.23332826593701794,0.3268937788988068,48.421052631578945
Rand,0.13976500409435613,0.3362688091745143,-0.12396655733642607,25.142812650316866,52.63157894736843
Rand,0.3231616423284566,1.244068209605469,-0.0621605273397351,507.0263762819979,35.78947368421052
Rand,-0.2140282400993773,0.2730499545111586,0.07618113289584659,0.30101852384606176,33.68421052631579
Rand,-0.5392963864191845,0.1607773823479949,-0.019913679674616915,0.46127015193928256,58.94736842105264
Rand,0.20809975437836448,0.3549801616234681,-0.03891888081837242,0.8107449057142824,37.89473684210526
Rand,0.4720567084680435,0.3111243714127122,0.09042224460016417,0.8621696951044836,48.421052631578945
Rand,-0.30330109792273224,0.3656408579536713,0.07063659963054864,0.4004496475067172,46.31578947368421
Rand,0.31059837898565656,1.1976343784970687,-0.0850056467172373,26.354885515168263,31.57894736842105
Rand,0.18672497152202397,0.3647358105310106,-0.021019234466769683,7.545105434430436,63.1578947368421
Rand,0.24270592263629423,0.25435745008541,0.04077921706778777,7.478306586977794,44.210526315789465
Rand,-0.2952219058650344,0.3504953189841472,-0.13868124962725345,0.39303003098432904,46.31578947368421
Rand,0.46829814605196196,0.768955991675698,0.04651374736879912,17.566346217897934,40.0
Rand,-0.5600411989938927,0.06819878942607098,0.07446313336075724,0.3888388144504273,58.947368421052616
Rand,-0.3627652345954687,0.5544213324304705,-0.14706937833349068,10.862608664783286,61.052631578947356
Rand,-0.38761952964276813,0.44969800232245805,-0.01880807096376037,0.4599488915404446,75.78947368421053
Rand,-0.09419947439601588,0.45143082497721637,-0.23529090296126484,2.6877138027511664,31.57894736842105
Rand,-0.24652482437111511,0.15184266291915513,-0.07090561961123705,0.5154794246311537,61.052631578947356
Rand,0.24115284657276934,0.1650025238211133,-0.16698642522544038,2.0560645581555343,44.210526315789465
Rand,0.2038151933372724,0.14673887276512554,0.00814750225537201,18.40772291330447,40.0
Rand,0.19239125212636315,0.37518898895970587,-0.015497417322200282,2.5100553436012905,48.421052631578945
Rand,-0.14930293324202878,0.14786274805761454,-0.15458504834948006,0.37229875226636244,54.736842105263165
Rand,-0.30889859672881914,0.5063243390309065,-0.10431208708861905,1.5062887099011324,61.05263157894737
Rand,-0.6436674271482418,0.10013330739120174,-0.04459106908633502,0.508593702508045,42.10526315789473
Rand,-0.2557269663206032,1.032934967406816,-0.04730564572103825,3.2776849859198047,25.263157894736842
Rand,-0.3848598287926892,0.5724425409401743,0.025553873640317883,1.2747521841624354,33.68421052631579
Rand,0.4359585041119998,0.3664708923555532,-0.15440655180792756,2.7890508252330086,54.73684210526315
Rand,-0.5897800293491784,0.2111756149329933,-0.05988521040924077,0.34930724127652313,50.526315789473685
Rand,-0.2972245666683071,1.1146215035413516,-0.08786076036260707,9.187476709253946,50.526315789473685
Rand,-0.5844545309749828,0.8000861345498151,0.00874844516825482,7.206440713804779,56.84210526315789
Rand,0.3856556760709463,0.31196194980898095,0.05667305413464484,2.715908360650776,56.84210526315789
Rand,-0.2652432824192802,0.14225999633576558,-0.1848368439017291,0.36013627011307936,37.89473684210526
Rand,-0.3146571226720293,0.5672472841325511,-0.013352974355054493,25.128475397125833,29.473684210526308
Rand,-0.1881222042275209,0.7254692324041642,-0.05682601892920276,0.6088683941327974,44.210526315789465
Rand,-0.32549663246119453,0.4995354979215273,0.027957798302968982,1.9529167982056885,71.57894736842107
Rand,-0.5082656170270348,0.7461207657601582,-0.1713483529812558,10.623477895766076,54.73684210526315
Rand,0.2564918602338004,0.3068624276489652,-0.22328002175898926,6.940202948901466,48.421052631578945
Rand,-0.12458306451021822,0.2940497932932549,-0.13666888794860113,6.826959981495095,40.0
Rand,0.3230037774277024,0.50513758157206,-0.11795210365842557,1.2242325452690748,29.473684210526308
Rand,0.15524900904557434,0.4851358477491681,-0.1376616161484644,1.4600969885273853,58.94736842105262
Rand,-0.4504549990145644,0.23626632846650014,-0.05044849649961041,0.3551397016917378,52.63157894736842
Rand,0.22614618972548262,0.2414418344256919,-0.11729603869755846,1.400562798038371,54.73684210526315
Rand,-0.27763279119625084,1.9009762020412786,0.006490638364540352,25.139148513648767,61.052631578947356
Rand,0.17457269456938757,0.6178915658713805,-0.18591804982459836,7.638899827856583,69.47368421052632
Rand,-0.15500631457100342,0.7247152731069456,-0.011482368523987848,18.580378603421696,42.10526315789473
Rand,-0.19516850040205985,0.6589159467142178,-0.05615608964648264,9.603794720519488,37.89473684210526
Rand,-0.5566358572574556,0.9685403518916779,-0.11542766324707639,506.92509032493274,25.263157894736842
Rand,-0.5265155274809774,0.9370346925074635,0.03518076892230235,7.171066510070192,35.78947368421052
Rand,-0.509784524623467,0.5471110007531592,-0.1561043638541564,6.524048358369515,52.63157894736841
Rand,-0.6190752713383012,0.6699329215805362,0.16663419629996307,0.6366304466772775,16.84210526315789
Rand,-0.16818076552001035,0.6174914925713402,-0.16643791134571925,1.3373813877831588,52.63157894736842
Rand,-0.7468961049814026,0.2695003539281059,0.014551006023957118,0.42807781044804294,31.57894736842105
Rand,-0.21854747965948096,1.500266255553543,0.05390667497172588,6.571694105161157,82.10526315789475
Rand,-0.1986920936691851,0.41342014404487876,0.0560407353764361,1.8878245598881134,71.57894736842104
Rand,-0.2441935327653842,0.4471406805184784,0.051511400041654186,3.3976869542006787,35.78947368421052
Rand,-0.24749906610804995,0.6705408286762753,-0.08602455645735607,7.635130293005314,50.526315789473685
Rand,-0.6439443831899366,0.11329865982156584,-0.10336133910785769,0.33360791311162963,42.10526315789473
Rand,0.10713286493512644,0.3675668697564163,-0.137368397789353,6.9607806391012055,48.421052631578945
Rand,0.6472254522153268,0.6249457084190291,0.039309859573415346,7.116403848668891,35.78947368421052
Rand,-0.15720661728228044,0.1284917799595584,0.13933733044239743,7.477144135955945,48.421052631578945
Rand,0.4240472595110227,0.3818116199872241,0.057539065774455854,10.687580699888509,31.57894736842105
Rand,0.25668636231543457,0.43400250230468673,0.02142460805369651,7.618584165845501,65.26315789473685
Rand,0.19670386192316205,0.3609174012967725,-0.2691753949483,25.118937804195323,44.210526315789465
Rand,-0.5474597979406275,0.36068231812813256,-0.013731187162733883,0.6457871214721986,52.63157894736842
Rand,-0.690353272205596,0.5352965082264332,0.08225610264047353,0.5782036493822771,67.36842105263158
Rand,0.303473261234382,0.12504357204352295,0.04526866949205838,0.34786284577770105,52.63157894736842
Rand,-0.3565665317824477,0.3657961635942334,0.030837616204270713,0.6091691015331226,50.526315789473685
Rand,-0.5514836508689374,0.8838996782821662,0.004288247734791969,10.701756304005857,61.052631578947356
Rand,0.4563538665906647,1.0024987977588002,0.04470957152593709,506.78341484471895,29.473684210526308
Rand,-0.09221727958172359,0.20968176932797786,-0.20368909515194691,6.8795740529235925,48.421052631578945
Rand,0.36827494599492705,0.2279438513527332,-0.13964114101600392,2.042956674914488,50.526315789473685
Rand,-0.18815743341382996,0.7385281043756875,-0.13202130506043153,13.710418743721114,58.94736842105262
Rand,0.19188148053254167,0.16834950639731722,-0.16360898017079673,0.2947088319576517,63.1578947368421
Rand,-0.48101466013530747,0.8892793626739838,-0.19116947893737318,24.86978269994893,33.68421052631578
Rand,0.2837436412442401,0.9474984407952736,-0.10526071509782073,7.653411688408526,48.421052631578945
Rand,-0.6079466051570204,0.08386241492636193,-0.179565363954724,0.40521282327152647,42.10526315789473
Rand,-0.5634572883354402,0.8467080639711819,-0.1401695899930961,0.9047027249343006,75.78947368421053
Rand,0.43714179203426173,0.9695824979316047,-0.1600253736215108,18.778900259053703,52.63157894736843
Rand,-0.22760874643142856,0.6993435947108493,0.0930658301966245,6.985391095539891,44.210526315789465
Rand,0.59481197764559,0.2789776011775119,-0.15819141638135847,1.4895258615156857,54.73684210526317
Rand,0.2928457520310077,0.25075701884965246,-0.1816153952063161,18.49573275504534,48.42105263157894
Rand,0.24155033873604964,0.3431894382806731,0.06719326893679244,1.849626042222387,33.68421052631579
Rand,-0.6308947478273654,1.4623542967277143,0.05654026252999057,10.453181189403553,77.89473684210527
Rand,0.32277516702979403,0.4797120040524751,-0.17861361931118197,1.6538810991064055,37.89473684210526
Rand,0.18991222776310018,0.36414825441354304,0.020658045380637098,7.616176391805911,61.052631578947384
Rand,-0.34855586908341113,0.7191729047336675,-0.06974611469591804,2.5733266281770657,35.78947368421053
Rand,0.31641652853346114,0.8112380135468878,-0.15029265759350852,7.566447005708442,42.10526315789473
Rand,0.46826702110802076,0.24346791754597832,-0.0013134332077012396,2.775047967348163,48.421052631578945
Rand,-0.18245513281098177,0.8470801967282094,-0.02187454681486665,10.394599496720394,63.15789473684211
Rand,-0.3569538780870467,0.3788600089002685,-0.24324497909506285,1.9775735159596313,42.10526315789473
Rand,0.30777367916507875,0.61506084861181,-0.11955873433852171,7.614318203250295,48.42105263157895
Rand,-0.14324063681486812,0.6710782379166635,0.017939620537846205,10.459587387826717,27.368421052631568
Rand,-0.7010755323178164,1.333279108878441,0.032981968579288846,7.272722954235115,69.47368421052632
Rand,-0.25410310450698687,2.2589134379106772,0.040131185970942576,9.88821715988361,40.0
Rand,-0.3945051522752916,0.6685074536415072,-0.07059704458244712,2.09278184867175,56.84210526315789
Rand,-0.1897411298950784,1.1414692355493004,-0.00634336929861897,1.1019746523017908,61.052631578947356
Rand,0.07859061631543907,0.35617712851528743,-0.1436186385275219,6.483074329877802,50.526315789473685
Rand,-0.4332533137270812,0.40827441842422924,0.10233448746815796,18.455631502931627,58.947368421052616
Rand,0.10963792238701253,0.49222069878177405,-0.028033573039528588,6.4871533383409155,54.73684210526315
Rand,0.8075701669056581,0.6098779335505241,-0.14895954861096633,506.78156957415933,44.210526315789465
Rand,0.42162685141517076,0.6118618389121935,-0.016811835757022074,2.4158809152406695,58.947368421052616
Rand,-0.40285037356774167,0.6454927793029063,0.027098676216654686,7.263974584217536,37.89473684210526
Rand,0.16618679892599286,0.42137211369828764,-0.047435862208563724,506.78741424873886,31.57894736842105
Rand,-0.370160004251544,1.4142656574090324,0.11576828177209612,7.022515862461626,82.10526315789475
Rand,0.38227010365945774,0.10153516810716319,0.0180042402180391,1.219804041382935,48.421052631578945
Rand,-0.4069892210300967,0.8962161652640607,0.06028272941755412,2.628168089110037,48.421052631578945
Rand,-0.2113400065177854,0.9258783566724919,0.008093290077676623,507.3343691898426,33.68421052631579
Rand,-0.3210277939570975,0.42008397885536153,-0.20368191604756744,0.5271153565150601,23.157894736842103
Rand,0.3671495066987662,0.8670573776775378,-0.1461783201942565,2.493132853755311,65.26315789473685
Rand,-0.27684738965706546,0.058276002024081286,-0.07049887325657338,0.3164647066313611,44.210526315789465
Rand,-0.56782853080519,0.7236017173788715,-0.09835744484391662,0.49201457385619524,52.63157894736842
Rand,0.22370669763140288,0.2837940994052331,-0.11626016846768336,0.42170651130142234,50.526315789473685
Rand,-0.6222288282086714,0.46363863828291907,-0.07300121796080648,2.048842646034618,31.578947368421044
Rand,0.6325172184237844,0.09064716171028672,0.03208388572278817,1.2773758744384507,50.526315789473685
Rand,-0.4970930412833393,1.1886185272506167,-0.02056794282005848,7.976709086729846,58.94736842105264
Rand,-0.7307451521176569,1.428393243746572,0.021122898830772226,7.44728504282477,63.1578947368421
Rand,0.3366624818606455,0.3560005028515811,0.0051798058138445,19.549967690471473,54.73684210526315
Rand,-0.3761005121882356,0.026190612383204238,-0.1347041094335802,0.42640023433156266,50.526315789473685
Rand,-0.3896074653004835,1.6795557306662339,0.14593749064391834,18.673849972629213,48.42105263157894
Rand,-0.24927086130310216,0.19502205363419153,0.08226464698109322,0.4192207263667798,35.78947368421052
Rand,0.23024191876039424,0.42585557970389365,-0.13430872906630917,10.32056291355318,58.947368421052616
Rand,0.3422242429740462,0.8213560264956573,-0.01892365902193424,3.0542590597377237,40.0
Rand,-0.2448694778156134,0.5316319669967211,-0.05053669632486518,1.4650971041013303,50.526315789473685
Rand,-0.3661342481306529,0.9576491161110325,-0.03731134921555585,18.57761872205846,46.31578947368421
Rand,-0.34312043304721274,0.6406711363908619,-0.027451730998936205,1.417020095483991,52.63157894736843
Rand,-0.36429411552020374,0.17305260632386774,0.1276193042846353,0.5446489298829719,35.78947368421053
Rand,-0.20598460237166744,0.2618951801250899,0.03851434799166413,0.4841296303452198,35.78947368421053
Rand,-0.6701957294525687,0.771119355266121,-0.025967736167519663,0.6114487363543596,25.263157894736842
Rand,-0.17734307121421786,0.821308072910672,0.015596751076137175,18.583565438892062,67.36842105263158
Rand,-0.38187770522744147,0.6734999768385721,-0.14523942722569572,25.385138172140902,25.26315789473684
Rand,0.22751290038959482,0.18680195488101575,-0.016354777340668075,1.2373675977387573,46.315789473684205
Rand,-0.12886475684379375,0.349631295882867,-0.061682606379729,0.35202838670927766,63.1578947368421
Rand,-0.4082997521867316,0.4639669248668916,-0.17546874059129908,0.48784419743948493,33.68421052631579
Rand,-0.5598101187817202,0.19444247697903178,-0.13115243633151794,0.32715659763320276,40.0
Rand,-0.5895936929859384,0.5520167912683005,-0.028013700371144395,10.550225378435478,37.89473684210526
Rand,0.3408242148687707,0.45270261484337915,0.15513608153880853,2.536301887432743,21.052631578947366
Rand,-0.28632288298713454,0.9332282179705604,-0.009325467296703688,16.459414414164275,27.368421052631575
Rand,-0.23073794963317767,1.2664609991717073,0.10661358766109676,7.5367704683888705,29.473684210526308
Rand,0.15433712022162094,0.31702630514551056,-0.1716998936878841,16.196757018554205,33.68421052631579
Rand,-0.19481276517545829,0.652307072334664,-0.02081031930306355,507.1731794022428,52.63157894736842
Rand,0.25251107600738454,0.3908728575428505,0.01118636239553142,2.11555412396242,27.368421052631575
Rand,-0.5017733778577895,0.3392885699342875,-0.16077016246711087,0.41064615303006463,48.42105263157894
Rand,-0.19529808929838183,0.06764264879947393,-0.06081271623472296,0.2623138270124881,50.526315789473685
Rand,-0.1626766498518338,0.29538204903111903,-0.12263403480360582,0.8814813361115138,33.68421052631578
Rand,0.36341830265602004,0.15048310280742486,-0.1294601548831535,0.6129923035312397,61.05263157894737
Rand,-0.172432214340378,0.44707245728067296,-0.16640545641145993,2.634175460851383,46.31578947368421
Rand,-0.38995664323877366,0.6334992718415691,-0.197185907406277,0.7636166658888036,65.26315789473685
Rand,0.3408164536340792,0.32648478710145246,-0.23172716843852825,10.610701015379743,44.210526315789465
Rand,-0.5681927277144088,0.45650348184512224,0.20951311807141607,0.6879534855580716,25.26315789473684
Rand,-0.6874082625925196,0.5531196402901826,-0.022823468124425213,0.63065932700706,69.47368421052632
Rand,0.3325564935299483,0.6609166552313873,-0.12786368654068495,16.699296128098794,37.89473684210527
Rand,-0.6663704712474483,1.9060723504482027,0.1207110876935175,6.983604995110018,75.78947368421052
Rand,0.22169645292906126,0.6961551827186749,-0.01897587969318727,10.375435240880705,29.47368421052631
Rand,-0.4939741908715801,0.719612401599784,-0.03795821968345058,6.943181423203011,65.26315789473685
Rand,-0.10158649876960882,0.8967240005438493,-0.001196681172111819,18.63193299043198,39.99999999999999
Rand,-0.8234477165701628,0.39217593588723276,0.07198968684276118,0.47150685343419774,63.1578947368421
Rand,-0.5368093156671476,1.0273895521977472,-0.042224673666661196,16.34955385313807,50.526315789473685
Rand,0.3363486384311508,0.45205009836292537,-0.16653359097136416,7.043056070081904,65.26315789473685
Rand,-0.32177251044212174,0.8332416947197239,-0.01164853803900654,1.6224330068856299,77.89473684210526
Rand,0.22745820001266442,0.3878095784352054,0.06385836150325154,19.666435670873625,54.73684210526315
Rand,0.1578010557427328,0.4858280948521697,-0.10863392663378348,1.4057216529883578,52.63157894736842
Rand,-0.0901142895168267,0.45901275421834187,-0.1647251595111344,0.4624348360137107,56.84210526315788
Rand,0.1421501783350771,0.2190447107563461,-0.18160411046365885,1.344807700504546,54.73684210526315
Rand,-0.21466795781381115,0.4023431055055074,-0.1686975955470287,0.629931965631948,37.89473684210526
Rand,-0.5299930244383673,1.1464899702195273,-0.04763668849231754,1.3699417552904931,25.263157894736842
Rand,0.4430853798399369,0.4542324829800304,0.10735304434896256,0.7214513159625263,35.78947368421052
Rand,0.4147356541343634,0.1909321062051465,0.03206308254940869,7.51798374399019,56.84210526315789
Rand,-0.44721860575445604,0.3981223067312093,-0.007757011558474649,1.959505846730815,25.26315789473684
Rand,-0.5602022507521058,0.42655715895722973,-0.10443291108579367,2.6812726698200007,27.368421052631575
Rand,0.6188660645170179,0.3702792561218863,-0.13948995831776587,19.972238042755976,46.315789473684205
Rand,-0.5834787261489863,0.6983068808728664,0.02428711318037214,2.0775851310248497,46.315789473684205
Rand,0.20840314595673212,0.05830443971019332,-0.14206354184799536,0.20986998412086466,46.315789473684205
Rand,-0.3909128503478171,0.9785497212368097,0.007329336145687799,7.045821206137202,61.052631578947356
Rand,0.12017987397019284,0.3717508736730209,0.22034424505922048,8.888580669714761,14.736842105263154
Rand,-0.33438896909533344,0.716720673500752,-0.012715004312909948,18.56727728014524,54.73684210526315
Rand,0.23822322236309668,0.6550932776963793,-0.2415773546151879,1.6643739611164625,46.31578947368421
Rand,-0.47394950548471615,0.23419008517706658,-0.21186572405184637,0.2989573647254048,54.73684210526315
Rand,0.37432143436936927,0.386026431020616,-0.20476901003383763,25.374136856958643,37.89473684210526
Rand,-0.34991922633414896,1.5328853551713637,0.007385709127188192,9.10555911169158,63.1578947368421
Rand,0.17550405026008503,0.7973042256189152,-0.13832039729017037,18.002451219415043,46.31578947368421
Rand,-0.4744469403560435,0.4544280935691691,0.07031319005995634,1.1551464213772022,67.36842105263158
Rand,0.03986810639957991,0.4986137032943069,0.007283371716866351,1.5569130110094396,63.1578947368421
Rand,-0.6259319791067576,2.4726571608845473,0.20586469267131785,11.41515515739357,52.63157894736842
Rand,0.197491455864131,0.701000952614393,-0.006758458602138128,7.0973551034613775,31.57894736842105
Rand,-0.13286935475186573,0.8102350198234888,-0.024157890287391202,7.128740605824907,48.42105263157894
Rand,-0.26657056714097094,2.050806962982376,0.15354956622808055,28.391003039650652,56.84210526315789
Rand,-0.7086864349874081,0.7596279075211296,-0.10912760656074721,1.9770637905863808,33.68421052631578
Rand,-0.7832436979219635,0.39343725661962464,-0.0686277494373913,0.4741816271286886,44.210526315789465
Rand,-0.4584587586155986,0.45809540675166327,-0.15727241790196786,1.599170412825955,50.526315789473685
Rand,-0.2695327544534831,0.29551705951605706,0.03002723294472533,1.6495008861662521,48.421052631578945
Rand,0.21357114636767216,0.9946266898397289,-0.041067397520984435,20.23154633674846,63.1578947368421
Rand,0.32324052066636566,0.37408430969472917,-0.15180009506666284,506.7729097431233,42.10526315789473
Rand,0.6311659259799274,0.37699470541890945,-0.1872751625599023,506.7684966733587,52.63157894736843
Rand,-0.37815721669001584,0.5628536085027951,-0.07929887840182498,1.4724912854888967,58.94736842105262
Rand,0.08652474077214833,0.17872284584441173,-0.2068592769007032,6.850553890526619,50.526315789473685
Rand,-0.3668390032422249,0.8215428383634655,0.026100186891376366,25.29063573013847,52.63157894736842
Rand,-0.7116531756697665,1.6406674348386776,0.1860295805577545,11.048893329937135,29.473684210526308
Rand,-0.21960155523341693,0.6819074846009132,0.11503509859734348,7.890908488649779,40.0
Rand,0.21951051976721048,0.7740804841729172,-0.15239146566934722,2.933692457287362,46.31578947368421
Rand,-0.6450698698439064,0.2413038413470455,0.07770941378497226,0.36698066584900346,65.26315789473684
Rand,-0.3148871883802185,1.1478077721216688,-0.0123400677592437,26.694090640864786,35.78947368421052
Rand,0.44290679914996467,0.3353151026024809,-0.12673488071510491,7.657055893607332,46.31578947368421
Rand,0.13248913379571403,1.1596696645710265,0.03407702087838448,7.835092435278222,40.0
Rand,0.2613215083958744,0.3944572144288535,0.12837614656047108,24.95105941600165,29.473684210526308
Rand,-0.3110709434885385,0.03411768550523497,-0.2497669115183443,0.2617904761336392,46.31578947368421
Rand,-0.35596349453472387,0.04327245094533818,-0.12108384315154684,0.3338321992398885,48.421052631578945
Rand,0.34825052119087563,0.6160115529077701,-0.11203721992264298,26.7203370808097,35.78947368421052
Rand,-0.5709552960854232,0.6338670542563292,0.13521070110852276,1.7117976506215684,54.73684210526315
Rand,-0.6191368243089019,1.3185314651846407,0.06466477589152464,7.386632322956275,75.78947368421052
Rand,0.18438019700490518,0.25716495350827473,-0.19335463232309053,7.598887690778209,67.36842105263159
Rand,-0.4003011239578652,0.8511815074708139,0.12323098267409206,3.608620083158696,12.63157894736842
Rand,-0.21159246101534773,0.5822307361207747,0.017275829794622426,2.2761466391870067,54.73684210526315
Rand,0.40647023869661436,0.6012610858094292,-0.16704945750456426,7.380365316049123,56.84210526315789
Rand,-0.1614011503908189,0.16934242210830397,-0.0016434561745223518,0.42367285850613845,48.421052631578945
Rand,-0.13932510836921264,0.5629027272933982,-0.044013922142764304,0.5791043521421845,40.0
Rand,-0.4963317568062836,0.5479721276549787,-0.021142177228231297,1.3373909430959512,63.1578947368421
Rand,-0.15528930071034003,0.16649237007178072,-0.24141336948629996,0.35471186918861786,33.68421052631579
Rand,0.1975994039731997,0.6172576167955378,-0.15088323657999456,18.612931498724684,44.210526315789465
Rand,-0.15213740660583408,0.8260268224232636,0.3337395994809764,18.578115894806235,18.947368421052623
Rand,-0.550060186422855,0.5618222688927685,-0.06613824560932087,2.1570131122960867,35.78947368421052
Rand,-0.27195471279570027,0.7569873584986766,-0.05195053492957239,10.673860058823466,56.84210526315789
Rand,-0.1835721481808767,0.03792170884335026,-0.36237078562036257,0.23983586131302106,44.21052631578948
Rand,-0.13403155219720386,0.1574622767069575,-0.29802164803711684,0.4328280642911426,56.84210526315789
Rand,-0.23088473385973532,1.1188523888956452,0.04566828780907778,2.196292025952081,63.1578947368421
Rand,0.45976478906553475,0.21328345523933118,-0.21642023352171388,0.7728110505682652,46.31578947368421
